subject_external_id	subject_name	subject_external_db	relation	object	pub
720575941592140940	BANC_888:720575941592140940	BANC888	is_a	lamina monopolar neuron L1	
720575941592142334	BANC_888:720575941592142334	BANC888	is_a	adult IN16B075 neuron	
720575941592144126	BANC_888:720575941592144126	BANC888	is_a	adult IN09A012 neuron	
720575941592147307	BANC_888:720575941592147307	BANC888	is_a	T5d neuron	
720575941592147454	BANC_888:720575941592147454	BANC888	is_a	T2 neuron	
720575941592148075	BANC_888:720575941592148075	BANC888	is_a	adult SNxx26 neuron	
720575941592149718	BANC_888:720575941592149718	BANC888	is_a	adult IN06A070 neuron	
720575941592149758	BANC_888:720575941592149758	BANC888	is_a	adult lobula visual centrifugal neuron LoVC27	FlyBase:FBrf0262545
720575941592150824	BANC_888:720575941592150824	BANC888	is_a	adult CB1424 neuron	
720575941592151294	BANC_888:720575941592151294	BANC888	is_a	T2 neuron	
720575941592151806	BANC_888:720575941592151806	BANC888	is_a	transmedullary neuron Tm3	
720575941592154582	BANC_888:720575941592154582	BANC888	is_a	adult IN03B061 neuron	
720575941592155350	BANC_888:720575941592155350	BANC888	is_a	adult INXXX468 neuron	
720575941592156044	BANC_888:720575941592156044	BANC888	is_a	lamina monopolar neuron L5	
720575941592156414	BANC_888:720575941592156414	BANC888	is_a	distal medullary amacrine neuron Dm9	
720575941592158827	BANC_888:720575941592158827	BANC888	is_a	medulla tangential intrinsic neuron 2	FlyBase:FBrf0262545
720575941592159528	BANC_888:720575941592159528	BANC888	is_a	columnar neuron T1	
720575941592159958	BANC_888:720575941592159958	BANC888	is_a	adult AN07B071 neuron	
720575941592160254	BANC_888:720575941592160254	BANC888	is_a	adult central brain intrinsic neuron	
720575941592162046	BANC_888:720575941592162046	BANC888	is_a	adult optic lobe intrinsic neuron	
720575941592164566	BANC_888:720575941592164566	BANC888	is_a	T4c neuron	
720575941592166540	BANC_888:720575941592166540	BANC888	is_a	lamina monopolar neuron L5	
720575941592166614	BANC_888:720575941592166614	BANC888	is_a	adult IN03A039 neuron	
720575941592170091	BANC_888:720575941592170091	BANC888	is_a	centrifugal neuron C2	
720575941592177003	BANC_888:720575941592177003	BANC888	is_a	centrifugal neuron C3	
720575941592179240	BANC_888:720575941592179240	BANC888	is_a	adult optic lobe intrinsic neuron	
720575941592180478	BANC_888:720575941592180478	BANC888	is_a	adult optic lobe intrinsic neuron	
720575941592180843	BANC_888:720575941592180843	BANC888	is_a	medulla intrinsic neuron Mi1	
720575941592182635	BANC_888:720575941592182635	BANC888	is_a	centrifugal neuron C2	
720575941592183038	BANC_888:720575941592183038	BANC888	is_a	adult optic lobe intrinsic neuron	
720575941592183403	BANC_888:720575941592183403	BANC888	is_a	T2 neuron	
720575941592185814	BANC_888:720575941592185814	BANC888	is_a	adult IN06A096 neuron	
720575941592188926	BANC_888:720575941592188926	BANC888	is_a	adult optic lobe intrinsic neuron	
720575941592190860	BANC_888:720575941592190860	BANC888	is_a	lamina monopolar neuron L5	
720575941592195582	BANC_888:720575941592195582	BANC888	is_a	adult optic lobe intrinsic neuron	
720575941592196054	BANC_888:720575941592196054	BANC888	is_a	adult IN09A054 neuron	
720575941592196350	BANC_888:720575941592196350	BANC888	is_a	medulla columnar neuron MC64	
720575941592196862	BANC_888:720575941592196862	BANC888	is_a	T3 neuron	
720575941592198398	BANC_888:720575941592198398	BANC888	is_a	T5b neuron	
720575941592201000	BANC_888:720575941592201000	BANC888	is_a	adult fan-shaped body 1 column-crepine neuron	FlyBase:FBrf0246888
720575941592202198	BANC_888:720575941592202198	BANC888	is_a	adult IN11B018 neuron	
720575941592212587	BANC_888:720575941592212587	BANC888	is_a	adult wedge neuron 033	
720575941592213900	BANC_888:720575941592213900	BANC888	is_a	adult optic lobe intrinsic neuron	
720575941592214824	BANC_888:720575941592214824	BANC888	is_a	T5a neuron	
720575941592214891	BANC_888:720575941592214891	BANC888	is_a	T5c neuron	
720575941592215038	BANC_888:720575941592215038	BANC888	is_a	adult optic lobe intrinsic neuron	
720575941592216062	BANC_888:720575941592216062	BANC888	is_a	transmedullary neuron Tm2	
720575941592217963	BANC_888:720575941592217963	BANC888	is_a	T3 neuron	
720575941592219688	BANC_888:720575941592219688	BANC888	is_a	adult superior medial protocerebrum neuron 217	
720575941592219944	BANC_888:720575941592219944	BANC888	is_a	adult IN20A.22A055 neuron	
720575941592222059	BANC_888:720575941592222059	BANC888	is_a	distal medullary amacrine neuron Dm3b	FlyBase:FBrf0262545
720575941592223742	BANC_888:720575941592223742	BANC888	is_a	adult optic lobe intrinsic neuron	
720575941592224254	BANC_888:720575941592224254	BANC888	is_a	lobula columnar neuron LC12	
720575941592224619	BANC_888:720575941592224619	BANC888	is_a	adult anterior optic tubercle neuron 008	
720575941592225831	BANC_888:720575941592225831	BANC888	is_a	prothoracic leg muscle motor neuron	
720575941592226344	BANC_888:720575941592226344	BANC888	is_a	distal medullary amacrine neuron Dm2	
720575941592227112	BANC_888:720575941592227112	BANC888	is_a	medulla intrinsic neuron Mi13	
720575941592227980	BANC_888:720575941592227980	BANC888	is_a	adult anterior ventrolateral protocerebrum neuron 266	
720575941592229772	BANC_888:720575941592229772	BANC888	is_a	lobula plate columnar neuron LPC1	
720575941592231166	BANC_888:720575941592231166	BANC888	is_a	adult optic lobe intrinsic neuron	
720575941592232332	BANC_888:720575941592232332	BANC888	is_a	adult anterior ventrolateral protocerebrum neuron 443	
720575941592233612	BANC_888:720575941592233612	BANC888	is_a	adult lateral accessory lobe neuron 173	
720575941592234124	BANC_888:720575941592234124	BANC888	is_a	adult CB2971 neuron	
720575941592234636	BANC_888:720575941592234636	BANC888	is_a	adult antennal lobe projection neuron DP1l vPN	
720575941592236684	BANC_888:720575941592236684	BANC888	is_a	adult superior medial protocerebrum neuron 568	
720575941592236798	BANC_888:720575941592236798	BANC888	is_a	adult optic lobe intrinsic neuron	
720575941592237608	BANC_888:720575941592237608	BANC888	is_a	adult optic lobe intrinsic neuron	
720575941592238988	BANC_888:720575941592238988	BANC888	is_a	adult posterior slope neuron 023	
720575941592240012	BANC_888:720575941592240012	BANC888	is_a	adult CB1387 neuron	
720575941592240747	BANC_888:720575941592240747	BANC888	is_a	Y neuron Y3	
720575941592241292	BANC_888:720575941592241292	BANC888	is_a	zone B Johnston organ neuron	
720575941592242472	BANC_888:720575941592242472	BANC888	is_a	adult medulla-tubercle neuron 1	
720575941592242646	BANC_888:720575941592242646	BANC888	is_a	adult IN19A088 neuron	
720575941592242902	BANC_888:720575941592242902	BANC888	is_a	adult IN13B044 neuron	
720575941592244364	BANC_888:720575941592244364	BANC888	is_a	adult lateral horn AV6a3 neuron	
720575941592245246	BANC_888:720575941592245246	BANC888	is_a	adult optic lobe intrinsic neuron	
720575941592249707	BANC_888:720575941592249707	BANC888	is_a	T4a neuron	
720575941592251134	BANC_888:720575941592251134	BANC888	is_a	Y neuron Y3	
720575941592251688	BANC_888:720575941592251688	BANC888	is_a	adult CB3865 neuron	
720575941592253950	BANC_888:720575941592253950	BANC888	is_a	adult optic lobe intrinsic neuron	
720575941592255486	BANC_888:720575941592255486	BANC888	is_a	adult optic lobe intrinsic neuron	
720575941592255884	BANC_888:720575941592255884	BANC888	is_a	adult CB2885 neuron	
720575941592256140	BANC_888:720575941592256140	BANC888	is_a	adult superior medial protocerebrum neuron 427	
720575941592257387	BANC_888:720575941592257387	BANC888	is_a	alpha/beta Kenyon cell	
720575941592258558	BANC_888:720575941592258558	BANC888	is_a	adult optic lobe intrinsic neuron	
720575941592259468	BANC_888:720575941592259468	BANC888	is_a	adult CB3305 neuron	
720575941592259724	BANC_888:720575941592259724	BANC888	is_a	adult CB0738 neuron	
720575941592261118	BANC_888:720575941592261118	BANC888	is_a	lamina monopolar neuron L2	
720575941592261630	BANC_888:720575941592261630	BANC888	is_a	adult olfactory receptor neuron Or67a	
720575941592264844	BANC_888:720575941592264844	BANC888	is_a	dopaminergic PAM neuron 8	
720575941592265256	BANC_888:720575941592265256	BANC888	is_a	adult olfactory receptor neuron Or59c	
720575941592265579	BANC_888:720575941592265579	BANC888	is_a	T5d neuron	
720575941592266124	BANC_888:720575941592266124	BANC888	is_a	adult CB2685 neuron	
720575941592266380	BANC_888:720575941592266380	BANC888	is_a	adult lobula visual projection neuron LoVP12	FlyBase:FBrf0262545
720575941592266892	BANC_888:720575941592266892	BANC888	is_a	lobula plate columnar neuron LPC1	
720575941592267478	BANC_888:720575941592267478	BANC888	is_a	adult IN20A.22A038 neuron	
720575941592268172	BANC_888:720575941592268172	BANC888	is_a	adult CB1738 neuron	
720575941592269931	BANC_888:720575941592269931	BANC888	is_a	mechanosensory neuron of interommatidial bristle	
720575941592271756	BANC_888:720575941592271756	BANC888	is_a	adult IN13A044 neuron	
720575941592272235	BANC_888:720575941592272235	BANC888	is_a	lobula columnar neuron LC10a	
720575941592273003	BANC_888:720575941592273003	BANC888	is_a	adult optic lobe intrinsic neuron	
720575941592276520	BANC_888:720575941592276520	BANC888	is_a	adult CB1881 neuron	
720575941592282110	BANC_888:720575941592282110	BANC888	is_a	adult optic lobe intrinsic neuron	
720575941592282582	BANC_888:720575941592282582	BANC888	is_a	adult INXXX303 neuron	
720575941592283646	BANC_888:720575941592283646	BANC888	is_a	lamina monopolar neuron L5	
720575941592285035	BANC_888:720575941592285035	BANC888	is_a	Y neuron Y12	
720575941592286348	BANC_888:720575941592286348	BANC888	is_a	T2 neuron	
720575941592286604	BANC_888:720575941592286604	BANC888	is_a	medulla intrinsic neuron Mi4	
720575941592286760	BANC_888:720575941592286760	BANC888	is_a	transmedullary neuron Tm4	
720575941592288396	BANC_888:720575941592288396	BANC888	is_a	adult optic lobe intrinsic neuron	
720575941592289932	BANC_888:720575941592289932	BANC888	is_a	transmedullary neuron Tm20	
720575941592290302	BANC_888:720575941592290302	BANC888	is_a	medulla intrinsic neuron Mi4	
720575941592290558	BANC_888:720575941592290558	BANC888	is_a	distal medullary amacrine neuron Dm8a	
720575941592292203	BANC_888:720575941592292203	BANC888	is_a	T2 neuron	
720575941592292236	BANC_888:720575941592292236	BANC888	is_a	T4c neuron	
720575941592300172	BANC_888:720575941592300172	BANC888	is_a	transmedullary Y neuron TmY14	
720575941592303400	BANC_888:720575941592303400	BANC888	is_a	adult optic lobe intrinsic neuron	
720575941592303467	BANC_888:720575941592303467	BANC888	is_a	T2a neuron	
720575941592310526	BANC_888:720575941592310526	BANC888	is_a	adult optic lobe intrinsic neuron	
720575941592310635	BANC_888:720575941592310635	BANC888	is_a	T2a neuron	
720575941592313086	BANC_888:720575941592313086	BANC888	is_a	T3 neuron	
720575941592313854	BANC_888:720575941592313854	BANC888	is_a	adult optic lobe intrinsic neuron	
720575941592314110	BANC_888:720575941592314110	BANC888	is_a	adult lobula intrinsic neuron Li22	FlyBase:FBrf0262545
720575941592315390	BANC_888:720575941592315390	BANC888	is_a	lamina monopolar neuron L1	
720575941592321534	BANC_888:720575941592321534	BANC888	is_a	adult optic lobe intrinsic neuron	
720575941592324904	BANC_888:720575941592324904	BANC888	is_a	adult optic lobe intrinsic neuron	
720575941592325374	BANC_888:720575941592325374	BANC888	is_a	adult olfactory receptor neuron Or82a	
720575941592327820	BANC_888:720575941592327820	BANC888	is_a	zone E Johnston organ neuron	
720575941592328741	BANC_888:720575941592328741	BANC888	is_a	sensory neuron of wing campaniform sensillum	
720575941592331148	BANC_888:720575941592331148	BANC888	is_a	adult optic lobe intrinsic neuron	
720575941592333782	BANC_888:720575941592333782	BANC888	is_a	adult IN01B079 neuron	
720575941592336168	BANC_888:720575941592336168	BANC888	is_a	adult optic lobe intrinsic neuron	
720575941592337918	BANC_888:720575941592337918	BANC888	is_a	adult optic lobe intrinsic neuron	
720575941592341206	BANC_888:720575941592341206	BANC888	is_a	protocerebral bridge 1 glomerulus-fan-shaped body-nodulus 2 dorsal domain neuron	
720575941592342635	BANC_888:720575941592342635	BANC888	is_a	medulla intrinsic neuron Mi9	
720575941592344360	BANC_888:720575941592344360	BANC888	is_a	lobula plate-lobula columnar neuron LPLC1	
720575941592349182	BANC_888:720575941592349182	BANC888	is_a	accessory medulla neuron aMe5	
720575941592350248	BANC_888:720575941592350248	BANC888	is_a	adult olfactory receptor neuron Or67b	
720575941592352766	BANC_888:720575941592352766	BANC888	is_a	adult optic lobe intrinsic neuron	
720575941592353387	BANC_888:720575941592353387	BANC888	is_a	adult Kenyon cell	
720575941592355179	BANC_888:720575941592355179	BANC888	is_a	transmedullary neuron Tm3	
720575941592355286	BANC_888:720575941592355286	BANC888	is_a	adult SNta25 neuron	
720575941592357260	BANC_888:720575941592357260	BANC888	is_a	columnar neuron T1	
720575941592358910	BANC_888:720575941592358910	BANC888	is_a	adult optic lobe intrinsic neuron	
720575941592361470	BANC_888:720575941592361470	BANC888	is_a	adult lobula intrinsic neuron Li19	FlyBase:FBrf0262545
720575941592364798	BANC_888:720575941592364798	BANC888	is_a	adult optic lobe intrinsic neuron	
720575941592369192	BANC_888:720575941592369192	BANC888	is_a	transmedullary Y neuron TmY18	FlyBase:FBrf0262545
720575941592372587	BANC_888:720575941592372587	BANC888	is_a	medulla intrinsic neuron Mi4	
720575941592373099	BANC_888:720575941592373099	BANC888	is_a	T5a neuron	
720575941592374379	BANC_888:720575941592374379	BANC888	is_a	transmedullary neuron Tm9	
720575941592376022	BANC_888:720575941592376022	BANC888	is_a	adult multiglomerular antennal lobe projection neuron type 63 vPN	
720575941592376460	BANC_888:720575941592376460	BANC888	is_a	T2 neuron	
720575941592380199	BANC_888:720575941592380199	BANC888	is_a	adult IN06B071 neuron	
720575941592382860	BANC_888:720575941592382860	BANC888	is_a	adult optic lobe intrinsic neuron	
720575941592386088	BANC_888:720575941592386088	BANC888	is_a	adult CB2054 neuron	
720575941592387980	BANC_888:720575941592387980	BANC888	is_a	adult optic lobe intrinsic neuron	
720575941592388971	BANC_888:720575941592388971	BANC888	is_a	adult IN13B074 neuron	
720575941592389334	BANC_888:720575941592389334	BANC888	is_a	adult fan-shaped body 1 column-crepine neuron	FlyBase:FBrf0246888
720575941592392918	BANC_888:720575941592392918	BANC888	is_a	femoral chordotonal club neuron	
720575941592401150	BANC_888:720575941592401150	BANC888	is_a	adult optic lobe intrinsic neuron	
720575941592402174	BANC_888:720575941592402174	BANC888	is_a	transmedullary neuron Tm7	
720575941592404587	BANC_888:720575941592404587	BANC888	is_a	alpha/beta Kenyon cell	
720575941592407038	BANC_888:720575941592407038	BANC888	is_a	adult clamp neuron 089	
720575941592408460	BANC_888:720575941592408460	BANC888	is_a	adult medulla tangential neuron e01b	
720575941592408615	BANC_888:720575941592408615	BANC888	is_a	adult IN08B068 neuron	
720575941592409228	BANC_888:720575941592409228	BANC888	is_a	lamina monopolar neuron L2	
720575941592409707	BANC_888:720575941592409707	BANC888	is_a	alpha/beta Kenyon cell	
720575941592411173	BANC_888:720575941592411173	BANC888	is_a	adult IN19A088 neuron	
720575941592412044	BANC_888:720575941592412044	BANC888	is_a	adult optic lobe intrinsic neuron	
720575941592414974	BANC_888:720575941592414974	BANC888	is_a	adult central brain intrinsic neuron	
720575941592417576	BANC_888:720575941592417576	BANC888	is_a	protocerebral bridge 1 glomerulus-fan-shaped body layer 2-lateral accessory lobe-crepine neuron	
720575941592418599	BANC_888:720575941592418599	BANC888	is_a	adult SNta43 neuron	
720575941592419326	BANC_888:720575941592419326	BANC888	is_a	adult optic lobe intrinsic neuron	
720575941592419980	BANC_888:720575941592419980	BANC888	is_a	medulla intrinsic neuron Mi4	
720575941592420094	BANC_888:720575941592420094	BANC888	is_a	adult optic lobe intrinsic neuron	
720575941592421416	BANC_888:720575941592421416	BANC888	is_a	adult optic lobe intrinsic neuron	
720575941592428907	BANC_888:720575941592428907	BANC888	is_a	adult IN19B105 neuron	
720575941592429196	BANC_888:720575941592429196	BANC888	is_a	medulla intrinsic neuron Mi4	
720575941592429352	BANC_888:720575941592429352	BANC888	is_a	transmedullary Y neuron TmY14	
720575941592430443	BANC_888:720575941592430443	BANC888	is_a	adult IN04B055 neuron	
720575941592434316	BANC_888:720575941592434316	BANC888	is_a	adult CB2666 neuron	
720575941592434686	BANC_888:720575941592434686	BANC888	is_a	adult optic lobe intrinsic neuron	
720575941592434728	BANC_888:720575941592434728	BANC888	is_a	distal medullary amacrine neuron Dm3b	FlyBase:FBrf0262545
720575941592436776	BANC_888:720575941592436776	BANC888	is_a	mechanosensory neuron of interommatidial bristle	
720575941592439403	BANC_888:720575941592439403	BANC888	is_a	adult CB1469 neuron	
720575941592439550	BANC_888:720575941592439550	BANC888	is_a	adult optic lobe intrinsic neuron	
720575941592440574	BANC_888:720575941592440574	BANC888	is_a	adult optic lobe intrinsic neuron	
720575941592443432	BANC_888:720575941592443432	BANC888	is_a	transmedullary neuron Tm3	
720575941592445291	BANC_888:720575941592445291	BANC888	is_a	adult AN08B099 neuron	
720575941592446974	BANC_888:720575941592446974	BANC888	is_a	adult CB2648 neuron	
720575941592447628	BANC_888:720575941592447628	BANC888	is_a	adult CB0631 neuron	
720575941592448808	BANC_888:720575941592448808	BANC888	is_a	adult fan-shaped body vertical delta neuron	
720575941592449790	BANC_888:720575941592449790	BANC888	is_a	adult optic lobe intrinsic neuron	
720575941592450856	BANC_888:720575941592450856	BANC888	is_a	alpha/beta Kenyon cell	
720575941592451070	BANC_888:720575941592451070	BANC888	is_a	adult optic lobe intrinsic neuron	
720575941592451980	BANC_888:720575941592451980	BANC888	is_a	adult optic lobe intrinsic neuron	
720575941592452392	BANC_888:720575941592452392	BANC888	is_a	alpha/beta Kenyon cell	
720575941592452901	BANC_888:720575941592452901	BANC888	is_a	adult IN01A050 neuron	
720575941592453160	BANC_888:720575941592453160	BANC888	is_a	transmedullary neuron Tm3	
720575941592453995	BANC_888:720575941592453995	BANC888	is_a	adult fan-shaped body layer 2 neuron of LALv1 lineage	
720575941592454540	BANC_888:720575941592454540	BANC888	is_a	transmedullary neuron Tm1	
720575941592456588	BANC_888:720575941592456588	BANC888	is_a	T4a neuron	
720575941592458789	BANC_888:720575941592458789	BANC888	is_a	adult IN21A015 neuron	
720575941592459148	BANC_888:720575941592459148	BANC888	is_a	T3 neuron	
720575941592461093	BANC_888:720575941592461093	BANC888	is_a	adult IN08A043 neuron	
720575941592463144	BANC_888:720575941592463144	BANC888	is_a	adult CB2357 neuron	
720575941592464235	BANC_888:720575941592464235	BANC888	is_a	adult SNta45 neuron	
720575941592466430	BANC_888:720575941592466430	BANC888	is_a	adult optic lobe intrinsic neuron	
720575941592466472	BANC_888:720575941592466472	BANC888	is_a	adult optic lobe intrinsic neuron	
720575941592467749	BANC_888:720575941592467749	BANC888	is_a	adult IN01A053 neuron	
720575941592469132	BANC_888:720575941592469132	BANC888	is_a	adult CB2259 neuron	
720575941592469544	BANC_888:720575941592469544	BANC888	is_a	labellar taste bristle mechanosensory neuron	
720575941592469611	BANC_888:720575941592469611	BANC888	is_a	sensory neuron of wing campaniform sensillum	
720575941592469867	BANC_888:720575941592469867	BANC888	is_a	wing margin mechanosensory bristle	
720575941592471038	BANC_888:720575941592471038	BANC888	is_a	adult lobula intrinsic neuron Li23	FlyBase:FBrf0262545
720575941592471550	BANC_888:720575941592471550	BANC888	is_a	lamina monopolar neuron L2	
720575941592472171	BANC_888:720575941592472171	BANC888	is_a	adult IN12B040 neuron	
720575941592472204	BANC_888:720575941592472204	BANC888	is_a	adult optic lobe intrinsic neuron	
720575941592475020	BANC_888:720575941592475020	BANC888	is_a	adult lateral horn AV4a1 neuron	
720575941592475390	BANC_888:720575941592475390	BANC888	is_a	adult optic lobe intrinsic neuron	
720575941592475532	BANC_888:720575941592475532	BANC888	is_a	adult CB1419 neuron	
720575941592475685	BANC_888:720575941592475685	BANC888	is_a	adult IN19A114 neuron	
720575941592476812	BANC_888:720575941592476812	BANC888	is_a	transmedullary neuron Tm1	
720575941592477580	BANC_888:720575941592477580	BANC888	is_a	adult optic lobe intrinsic neuron	
720575941592477733	BANC_888:720575941592477733	BANC888	is_a	adult IN08A026 neuron	
720575941592477836	BANC_888:720575941592477836	BANC888	is_a	lobula columnar neuron LC21	
720575941592477950	BANC_888:720575941592477950	BANC888	is_a	adult optic lobe intrinsic neuron	
720575941592478860	BANC_888:720575941592478860	BANC888	is_a	adult CB3820 neuron	
720575941592480254	BANC_888:720575941592480254	BANC888	is_a	adult optic lobe intrinsic neuron	
720575941592480363	BANC_888:720575941592480363	BANC888	is_a	adult IN17A007 neuron	
720575941592480808	BANC_888:720575941592480808	BANC888	is_a	gamma main Kenyon cell	
720575941592482188	BANC_888:720575941592482188	BANC888	is_a	adult optic lobe intrinsic neuron	
720575941592484648	BANC_888:720575941592484648	BANC888	is_a	adult optic lobe intrinsic neuron	
720575941592485118	BANC_888:720575941592485118	BANC888	is_a	adult medulla visual projection neuron MeVPLo2	FlyBase:FBrf0262545
720575941592485995	BANC_888:720575941592485995	BANC888	is_a	wing margin taste bristle	
720575941592488446	BANC_888:720575941592488446	BANC888	is_a	adult lobula tangential neuron LT66	
720575941592489214	BANC_888:720575941592489214	BANC888	is_a	T5a neuron	
720575941592491560	BANC_888:720575941592491560	BANC888	is_a	alpha/beta Kenyon cell	
720575941592493196	BANC_888:720575941592493196	BANC888	is_a	adult optic lobe intrinsic neuron	
720575941592493352	BANC_888:720575941592493352	BANC888	is_a	gamma main Kenyon cell	
720575941592493566	BANC_888:720575941592493566	BANC888	is_a	adult optic lobe intrinsic neuron	
720575941592493863	BANC_888:720575941592493863	BANC888	is_a	adult IN07B073 neuron	
720575941592494732	BANC_888:720575941592494732	BANC888	is_a	adult optic lobe intrinsic neuron	
720575941592495397	BANC_888:720575941592495397	BANC888	is_a	adult IN06A113 neuron	
720575941592495656	BANC_888:720575941592495656	BANC888	is_a	gamma dorsal Kenyon cell	
720575941592497703	BANC_888:720575941592497703	BANC888	is_a	adult IN14A056 neuron	
720575941592498942	BANC_888:720575941592498942	BANC888	is_a	translobula plate neuron Tlp14	
720575941592500620	BANC_888:720575941592500620	BANC888	is_a	adult optic lobe intrinsic neuron	
720575941592503147	BANC_888:720575941592503147	BANC888	is_a	gustatory receptor neuron of the wing	
720575941592503333	BANC_888:720575941592503333	BANC888	is_a	adult IN20A.22A084 neuron	
720575941592503436	BANC_888:720575941592503436	BANC888	is_a	adult optic lobe intrinsic neuron	
720575941592504427	BANC_888:720575941592504427	BANC888	is_a	gustatory receptor neuron of the wing	
720575941592505384	BANC_888:720575941592505384	BANC888	is_a	transmedullary neuron Tm7	
720575941592505639	BANC_888:720575941592505639	BANC888	is_a	adult IN00A057 neuron	
720575941592506508	BANC_888:720575941592506508	BANC888	is_a	lamina monopolar neuron L1	
720575941592506764	BANC_888:720575941592506764	BANC888	is_a	adult CB2847 neuron	
720575941592508453	BANC_888:720575941592508453	BANC888	is_a	adult AN07B060 neuron	
720575941592508523	BANC_888:720575941592508523	BANC888	is_a	adult IN01A078 neuron	
720575941592510571	BANC_888:720575941592510571	BANC888	is_a	adult SNta41 neuron	
720575941592510759	BANC_888:720575941592510759	BANC888	is_a	adult IN13A047 neuron	
720575941592510760	BANC_888:720575941592510760	BANC888	is_a	transmedullary Y neuron TmY3	
720575941592511116	BANC_888:720575941592511116	BANC888	is_a	adult optic lobe intrinsic neuron	
720575941592511527	BANC_888:720575941592511527	BANC888	is_a	adult IN09A052 neuron	
720575941592511528	BANC_888:720575941592511528	BANC888	is_a	medulla intrinsic neuron Mi1	
720575941592511783	BANC_888:720575941592511783	BANC888	is_a	adult IN00A047 neuron	
720575941592511884	BANC_888:720575941592511884	BANC888	is_a	adult CB2399 neuron	
720575941592512808	BANC_888:720575941592512808	BANC888	is_a	T3 neuron	
720575941592513420	BANC_888:720575941592513420	BANC888	is_a	adult fan-shaped body layer 2 neuron of LALv1 lineage	
720575941592514341	BANC_888:720575941592514341	BANC888	is_a	sensory neuron of haltere campaniform sensillum	
720575941592515582	BANC_888:720575941592515582	BANC888	is_a	adult clamp neuron 211	
720575941592515980	BANC_888:720575941592515980	BANC888	is_a	adult optic lobe intrinsic neuron	
720575941592516236	BANC_888:720575941592516236	BANC888	is_a	adult optic lobe intrinsic neuron	
720575941592517925	BANC_888:720575941592517925	BANC888	is_a	adult IN14A042 neuron	
720575941592522750	BANC_888:720575941592522750	BANC888	is_a	adult optic lobe intrinsic neuron	
720575941592525863	BANC_888:720575941592525863	BANC888	is_a	adult IN13B096 neuron	
720575941592527143	BANC_888:720575941592527143	BANC888	is_a	adult IN07B066 neuron	
720575941592528382	BANC_888:720575941592528382	BANC888	is_a	adult optic lobe intrinsic neuron	
720575941592530471	BANC_888:720575941592530471	BANC888	is_a	adult IN10B057 neuron	
720575941592532364	BANC_888:720575941592532364	BANC888	is_a	adult optic lobe intrinsic neuron	
720575941592533246	BANC_888:720575941592533246	BANC888	is_a	centrifugal neuron C3	
720575941592533800	BANC_888:720575941592533800	BANC888	is_a	adult olfactory receptor neuron Or56a	
720575941592535592	BANC_888:720575941592535592	BANC888	is_a	centrifugal neuron C3	
720575941592536939	BANC_888:720575941592536939	BANC888	is_a	adult ANXXX074 neuron	
720575941592537228	BANC_888:720575941592537228	BANC888	is_a	T5c neuron	
720575941592537342	BANC_888:720575941592537342	BANC888	is_a	Y neuron Y3	
720575941592541223	BANC_888:720575941592541223	BANC888	is_a	adult IN13A040 neuron	
720575941592542604	BANC_888:720575941592542604	BANC888	is_a	descending neuron of the posterior brain DNp29	
720575941592543958	BANC_888:720575941592543958	BANC888	is_a	adult lobula intrinsic neuron Li25	FlyBase:FBrf0262545
720575941592544140	BANC_888:720575941592544140	BANC888	is_a	adult olfactory receptor neuron Or85b	
720575941592546558	BANC_888:720575941592546558	BANC888	is_a	transmedullary neuron Tm2	
720575941592547879	BANC_888:720575941592547879	BANC888	is_a	adult IN11B021 neuron	
720575941592548236	BANC_888:720575941592548236	BANC888	is_a	adult olfactory receptor neuron Or82a	
720575941592549416	BANC_888:720575941592549416	BANC888	is_a	adult optic lobe intrinsic neuron	
720575941592549516	BANC_888:720575941592549516	BANC888	is_a	adult olfactory receptor neuron Ir31a	
720575941592549886	BANC_888:720575941592549886	BANC888	is_a	adult optic lobe intrinsic neuron	
720575941592551564	BANC_888:720575941592551564	BANC888	is_a	adult optic lobe intrinsic neuron	
720575941592553868	BANC_888:720575941592553868	BANC888	is_a	adult central brain intrinsic neuron	
720575941592555045	BANC_888:720575941592555045	BANC888	is_a	adult IN19A117 neuron	
720575941592556286	BANC_888:720575941592556286	BANC888	is_a	adult optic lobe intrinsic neuron	
720575941592556428	BANC_888:720575941592556428	BANC888	is_a	adult medulla-lobula neuron MeLo2	FlyBase:FBrf0262545
720575941592557196	BANC_888:720575941592557196	BANC888	is_a	distal medullary amacrine neuron Dm10	
720575941592557861	BANC_888:720575941592557861	BANC888	is_a	adult IN20A.22A016 neuron	
720575941592558334	BANC_888:720575941592558334	BANC888	is_a	adult medulla tangential neuron e01b	
720575941592559244	BANC_888:720575941592559244	BANC888	is_a	adult CB3610 neuron	
720575941592559397	BANC_888:720575941592559397	BANC888	is_a	adult IN23B008 neuron	
720575941592560491	BANC_888:720575941592560491	BANC888	is_a	alpha/beta Kenyon cell	
720575941592561036	BANC_888:720575941592561036	BANC888	is_a	adult optic lobe intrinsic neuron	
720575941592561804	BANC_888:720575941592561804	BANC888	is_a	distal medullary amacrine neuron Dm14	
720575941592562727	BANC_888:720575941592562727	BANC888	is_a	adult INXXX321 neuron	
720575941592566924	BANC_888:720575941592566924	BANC888	is_a	T3 neuron	
720575941592568357	BANC_888:720575941592568357	BANC888	is_a	adult IN16B037 neuron	
720575941592568869	BANC_888:720575941592568869	BANC888	is_a	adult IN09A079 neuron	
720575941592569996	BANC_888:720575941592569996	BANC888	is_a	transmedullary Y neuron TmY20	
720575941592570408	BANC_888:720575941592570408	BANC888	is_a	lobula columnar neuron LC11	
720575941592570878	BANC_888:720575941592570878	BANC888	is_a	lamina wide-field 2 neuron	
720575941592573221	BANC_888:720575941592573221	BANC888	is_a	adult IN14A050 neuron	
720575941592573223	BANC_888:720575941592573223	BANC888	is_a	adult IN10B042 neuron	
720575941592576396	BANC_888:720575941592576396	BANC888	is_a	lamina monopolar neuron L2	
720575941592576908	BANC_888:720575941592576908	BANC888	is_a	lamina monopolar neuron L2	
720575941592579880	BANC_888:720575941592579880	BANC888	is_a	adult optic lobe intrinsic neuron	
720575941592580136	BANC_888:720575941592580136	BANC888	is_a	lobula plate columnar neuron LPC2	
720575941592580647	BANC_888:720575941592580647	BANC888	is_a	adult IN16B060 neuron	
720575941592581671	BANC_888:720575941592581671	BANC888	is_a	pretarsal depressor muscle motor neuron	
720575941592582184	BANC_888:720575941592582184	BANC888	is_a	transmedullary Y neuron TmY3	
720575941592582251	BANC_888:720575941592582251	BANC888	is_a	adult SNta43 neuron	
720575941592586279	BANC_888:720575941592586279	BANC888	is_a	adult IN01B086 neuron	
720575941592587660	BANC_888:720575941592587660	BANC888	is_a	adult optic lobe intrinsic neuron	
720575941592588325	BANC_888:720575941592588325	BANC888	is_a	adult IN21A087 neuron	
720575941592589349	BANC_888:720575941592589349	BANC888	is_a	adult IN19B071 neuron	
720575941592589964	BANC_888:720575941592589964	BANC888	is_a	adult optic lobe intrinsic neuron	
720575941592590988	BANC_888:720575941592590988	BANC888	is_a	adult optic lobe intrinsic neuron	
720575941592591911	BANC_888:720575941592591911	BANC888	is_a	adult VNC neuron	
720575941592593191	BANC_888:720575941592593191	BANC888	is_a	adult IN09A052 neuron	
720575941592595670	BANC_888:720575941592595670	BANC888	is_a	lobula columnar neuron LC13	
720575941592597800	BANC_888:720575941592597800	BANC888	is_a	adult optic lobe intrinsic neuron	
720575941592598309	BANC_888:720575941592598309	BANC888	is_a	adult IN07B054 neuron	
720575941592598379	BANC_888:720575941592598379	BANC888	is_a	adult olfactory receptor neuron Or42b	
720575941592599436	BANC_888:720575941592599436	BANC888	is_a	adult IN09A017 neuron	
720575941592600171	BANC_888:720575941592600171	BANC888	is_a	sensory neuron	
720575941592600204	BANC_888:720575941592600204	BANC888	is_a	adult IN03A007 neuron	
720575941592600534	BANC_888:720575941592600534	BANC888	is_a	lobula columnar neuron LC16	
720575941592600616	BANC_888:720575941592600616	BANC888	is_a	distal medullary amacrine neuron Dm3a	FlyBase:FBrf0262545
720575941592602149	BANC_888:720575941592602149	BANC888	is_a	adult IN07B081 neuron	
720575941592605324	BANC_888:720575941592605324	BANC888	is_a	adult CB0943 neuron	
720575941592606348	BANC_888:720575941592606348	BANC888	is_a	adult CB0306 neuron	
720575941592611724	BANC_888:720575941592611724	BANC888	is_a	adult lateral horn centrifugal neuron 9	
720575941592612903	BANC_888:720575941592612903	BANC888	is_a	adult ascending neuron	
720575941592612903	BANC_888:720575941592612903	BANC888	is_a	prothoracic leg taste bristle chemosensory neuron	
720575941592615820	BANC_888:720575941592615820	BANC888	is_a	T2a neuron	
720575941592616076	BANC_888:720575941592616076	BANC888	is_a	adult CB3290 neuron	
720575941592616487	BANC_888:720575941592616487	BANC888	is_a	adult INXXX315 neuron	
720575941592616588	BANC_888:720575941592616588	BANC888	is_a	adult posterior lateral protocerebrum neuron 046	
720575941592616743	BANC_888:720575941592616743	BANC888	is_a	adult IN09A057 neuron	
720575941592617253	BANC_888:720575941592617253	BANC888	is_a	adult IN01B084 neuron	
720575941592617686	BANC_888:720575941592617686	BANC888	is_a	adult CB2209 neuron	
720575941592618603	BANC_888:720575941592618603	BANC888	is_a	mechanosensory neuron of interommatidial bristle	
720575941592620072	BANC_888:720575941592620072	BANC888	is_a	adult optic lobe intrinsic neuron	
720575941592620172	BANC_888:720575941592620172	BANC888	is_a	transmedullary neuron Tm1	
720575941592621861	BANC_888:720575941592621861	BANC888	is_a	adult IN02A003 neuron	
720575941592622476	BANC_888:720575941592622476	BANC888	is_a	adult CB1165 neuron	
720575941592622632	BANC_888:720575941592622632	BANC888	is_a	lobula columnar neuron LC10a	
720575941592623400	BANC_888:720575941592623400	BANC888	is_a	medulla intrinsic neuron Mi1	
720575941592623911	BANC_888:720575941592623911	BANC888	is_a	adult INXXX287 neuron	
720575941592626060	BANC_888:720575941592626060	BANC888	is_a	adult optic lobe intrinsic neuron	
720575941592626469	BANC_888:720575941592626469	BANC888	is_a	adult IN10B057 neuron	
720575941592627493	BANC_888:720575941592627493	BANC888	is_a	adult IN01B093 neuron	
720575941592628075	BANC_888:720575941592628075	BANC888	is_a	mechanosensory neuron of interommatidial bristle	
720575941592628950	BANC_888:720575941592628950	BANC888	is_a	descending neuron of the gnathal ganglion DNge071	
720575941592629132	BANC_888:720575941592629132	BANC888	is_a	adult DNfl036 neuron	
720575941592630412	BANC_888:720575941592630412	BANC888	is_a	adult gut-innervating neuron	
720575941592631079	BANC_888:720575941592631079	BANC888	is_a	protocerebral bridge 1 glomerulus-fan-shaped body-nodulus 3 anterior domain neuron	
720575941592631659	BANC_888:720575941592631659	BANC888	is_a	adult SNta23 neuron	
720575941592632204	BANC_888:720575941592632204	BANC888	is_a	adult CB3261 neuron	
720575941592634219	BANC_888:720575941592634219	BANC888	is_a	adult SNta32 neuron	
720575941592636199	BANC_888:720575941592636199	BANC888	is_a	adult IN14A095 neuron	
720575941592636300	BANC_888:720575941592636300	BANC888	is_a	adult superior medial protocerebrum neuron 016	
720575941592637547	BANC_888:720575941592637547	BANC888	is_a	adult SNta30 neuron	
720575941592638245	BANC_888:720575941592638245	BANC888	is_a	adult INXXX363 neuron	
720575941592639595	BANC_888:720575941592639595	BANC888	is_a	adult SNta43 neuron	
720575941592643212	BANC_888:720575941592643212	BANC888	is_a	adult anterior ventrolateral protocerebrum neuron 563	
720575941592644054	BANC_888:720575941592644054	BANC888	is_a	descending neuron of the gnathal ganglion DNge091	
720575941592644136	BANC_888:720575941592644136	BANC888	is_a	adult optic lobe intrinsic neuron	
720575941592645415	BANC_888:720575941592645415	BANC888	is_a	adult SNta29 neuron	
720575941592647973	BANC_888:720575941592647973	BANC888	is_a	adult SNta09 neuron	
720575941592648232	BANC_888:720575941592648232	BANC888	is_a	adult optic lobe intrinsic neuron	
720575941592649430	BANC_888:720575941592649430	BANC888	is_a	adult antennal lobe projection neuron DP1m vPN	
720575941592649835	BANC_888:720575941592649835	BANC888	is_a	adult olfactory receptor neuron Or43b	
720575941592652328	BANC_888:720575941592652328	BANC888	is_a	transmedullary Y neuron TmY3	
720575941592653163	BANC_888:720575941592653163	BANC888	is_a	femoral chordotonal club neuron	
720575941592657771	BANC_888:720575941592657771	BANC888	is_a	adult SNpp23 neuron	
720575941592658060	BANC_888:720575941592658060	BANC888	is_a	proximal medullary amacrine neuron Pm2	FlyBase:FBrf0262545
720575941592659051	BANC_888:720575941592659051	BANC888	is_a	femoral chordotonal club neuron	
720575941592659414	BANC_888:720575941592659414	BANC888	is_a	alpha/beta Kenyon cell	
720575941592664716	BANC_888:720575941592664716	BANC888	is_a	adult CNS neuron	
720575941592667432	BANC_888:720575941592667432	BANC888	is_a	zone F Johnston organ neuron	
720575941592668011	BANC_888:720575941592668011	BANC888	is_a	femoral chordotonal club neuron	
720575941592668556	BANC_888:720575941592668556	BANC888	is_a	T3 neuron	
720575941592670860	BANC_888:720575941592670860	BANC888	is_a	transmedullary Y neuron TmY5a	
720575941592671628	BANC_888:720575941592671628	BANC888	is_a	distal medullary amacrine neuron Dm3c	FlyBase:FBrf0262545
720575941592674923	BANC_888:720575941592674923	BANC888	is_a	adult olfactory receptor neuron Amt/Rh50 VM6v	
720575941592677160	BANC_888:720575941592677160	BANC888	is_a	T4b neuron	
720575941592683560	BANC_888:720575941592683560	BANC888	is_a	T2 neuron	
720575941592683916	BANC_888:720575941592683916	BANC888	is_a	adult olfactory receptor neuron Or98a	
720575941592684940	BANC_888:720575941592684940	BANC888	is_a	adult olfactory receptor neuron Ir31a	
720575941592685196	BANC_888:720575941592685196	BANC888	is_a	adult olfactory receptor neuron Ir64a DC4	
720575941592686187	BANC_888:720575941592686187	BANC888	is_a	alpha/beta Kenyon cell	
720575941592688268	BANC_888:720575941592688268	BANC888	is_a	adult optic lobe intrinsic neuron	
720575941592692876	BANC_888:720575941592692876	BANC888	is_a	medulla intrinsic neuron Mi15	
720575941592694635	BANC_888:720575941592694635	BANC888	is_a	mechanosensory neuron of frontal bristle	
720575941592694668	BANC_888:720575941592694668	BANC888	is_a	transmedullary neuron Tm1	
720575941592695948	BANC_888:720575941592695948	BANC888	is_a	lobula plate intrinsic neuron LPi34-12	FlyBase:FBrf0262545
720575941592697639	BANC_888:720575941592697639	BANC888	is_a	wing margin mechanosensory bristle	
720575941592699350	BANC_888:720575941592699350	BANC888	is_a	distal medullary amacrine neuron Dm13	
720575941592701068	BANC_888:720575941592701068	BANC888	is_a	T4c neuron	
720575941592702092	BANC_888:720575941592702092	BANC888	is_a	T5c neuron	
720575941592702315	BANC_888:720575941592702315	BANC888	is_a	adult CB1665 neuron	
720575941592702604	BANC_888:720575941592702604	BANC888	is_a	adult optic lobe intrinsic neuron	
720575941592704875	BANC_888:720575941592704875	BANC888	is_a	adult anterior ventrolateral protocerebrum neuron 344	
720575941592708203	BANC_888:720575941592708203	BANC888	is_a	adult CB2205 neuron	
720575941592710284	BANC_888:720575941592710284	BANC888	is_a	adult optic lobe intrinsic neuron	
720575941592715371	BANC_888:720575941592715371	BANC888	is_a	adult saddle neuron 075	
720575941592715916	BANC_888:720575941592715916	BANC888	is_a	adult optic lobe intrinsic neuron	
720575941592718220	BANC_888:720575941592718220	BANC888	is_a	centrifugal neuron C3	
720575941592718732	BANC_888:720575941592718732	BANC888	is_a	adult optic lobe intrinsic neuron	
720575941592722572	BANC_888:720575941592722572	BANC888	is_a	adult optic lobe intrinsic neuron	
720575941592728872	BANC_888:720575941592728872	BANC888	is_a	visual projection neuron	
720575941592733068	BANC_888:720575941592733068	BANC888	is_a	adult anterior optic tubercle neuron 045	
720575941592733142	BANC_888:720575941592733142	BANC888	is_a	adult CB0492 neuron	
720575941592733324	BANC_888:720575941592733324	BANC888	is_a	adult lobula visual projection neuron LoVP96	FlyBase:FBrf0262545
720575941592736552	BANC_888:720575941592736552	BANC888	is_a	adult optic lobe intrinsic neuron	
720575941592736652	BANC_888:720575941592736652	BANC888	is_a	adult medulla-lobula neuron MeLo10	FlyBase:FBrf0262545
720575941592736875	BANC_888:720575941592736875	BANC888	is_a	adult CB1055 neuron	
720575941592741160	BANC_888:720575941592741160	BANC888	is_a	medulla intrinsic neuron Mi9	
720575941592742540	BANC_888:720575941592742540	BANC888	is_a	adult optic lobe intrinsic neuron	
720575941592747916	BANC_888:720575941592747916	BANC888	is_a	adult SNta02 neuron	
720575941592748072	BANC_888:720575941592748072	BANC888	is_a	distal medullary amacrine neuron Dm3a	FlyBase:FBrf0262545
720575941592751979	BANC_888:720575941592751979	BANC888	is_a	adult CB1452 neuron	
720575941592753292	BANC_888:720575941592753292	BANC888	is_a	adult clamp neuron 317	
720575941592754027	BANC_888:720575941592754027	BANC888	is_a	adult multiglomerular antennal lobe projection neuron type 44 lvPN	
720575941592757388	BANC_888:720575941592757388	BANC888	is_a	adult optic lobe intrinsic neuron	
720575941592757900	BANC_888:720575941592757900	BANC888	is_a	adult optic lobe intrinsic neuron	
720575941592758891	BANC_888:720575941592758891	BANC888	is_a	adult IN06A132 neuron	
720575941592764200	BANC_888:720575941592764200	BANC888	is_a	adult clamp neuron 099	
720575941592764267	BANC_888:720575941592764267	BANC888	is_a	adult CB2644 neuron	
720575941592764300	BANC_888:720575941592764300	BANC888	is_a	adult optic lobe intrinsic neuron	
720575941592765736	BANC_888:720575941592765736	BANC888	is_a	lamina monopolar neuron L4	
720575941592766348	BANC_888:720575941592766348	BANC888	is_a	distal medullary amacrine neuron Dm2	
720575941592767595	BANC_888:720575941592767595	BANC888	is_a	adult CB1424 neuron	
720575941592768652	BANC_888:720575941592768652	BANC888	is_a	adult optic lobe intrinsic neuron	
720575941592771947	BANC_888:720575941592771947	BANC888	is_a	dopaminergic PAM neuron 6	
720575941592774284	BANC_888:720575941592774284	BANC888	is_a	adult optic lobe intrinsic neuron	
720575941592775820	BANC_888:720575941592775820	BANC888	is_a	adult optic lobe intrinsic neuron	
720575941592777868	BANC_888:720575941592777868	BANC888	is_a	T2a neuron	
720575941592779045	BANC_888:720575941592779045	BANC888	is_a	adult fan-shaped body horizontal delta neuron C	
720575941592779115	BANC_888:720575941592779115	BANC888	is_a	gamma main Kenyon cell	
720575941592779304	BANC_888:720575941592779304	BANC888	is_a	transmedullary Y neuron TmY3	
720575941592781675	BANC_888:720575941592781675	BANC888	is_a	adult protocerebral bridge 1 glomerulus-fan-shaped body-round body type a neuron	
720575941592783211	BANC_888:720575941592783211	BANC888	is_a	alpha/beta posterior Kenyon cell	
720575941592783500	BANC_888:720575941592783500	BANC888	is_a	adult olfactory receptor neuron Or92a	
720575941592784268	BANC_888:720575941592784268	BANC888	is_a	adult optic lobe intrinsic neuron	
720575941592787596	BANC_888:720575941592787596	BANC888	is_a	lobula columnar neuron LC10d	
720575941592790924	BANC_888:720575941592790924	BANC888	is_a	lamina wide-field 1 neuron	
720575941592796300	BANC_888:720575941592796300	BANC888	is_a	adult optic lobe intrinsic neuron	
720575941592797324	BANC_888:720575941592797324	BANC888	is_a	multiple zone Johnston organ neuron	
720575941592800296	BANC_888:720575941592800296	BANC888	is_a	gamma main Kenyon cell	
720575941592805928	BANC_888:720575941592805928	BANC888	is_a	adult IN19A060 neuron	
720575941592809000	BANC_888:720575941592809000	BANC888	is_a	gamma main Kenyon cell	
720575941592809612	BANC_888:720575941592809612	BANC888	is_a	adult CB0248 neuron	
720575941592810454	BANC_888:720575941592810454	BANC888	is_a	adult IN01B083 neuron	
720575941592811045	BANC_888:720575941592811045	BANC888	is_a	adult SNta43 neuron	
720575941592811404	BANC_888:720575941592811404	BANC888	is_a	descending neuron of the posterior brain DNp27	
720575941592814187	BANC_888:720575941592814187	BANC888	is_a	adult vest neuron 024	
720575941592815400	BANC_888:720575941592815400	BANC888	is_a	adult optic lobe intrinsic neuron	
720575941592816086	BANC_888:720575941592816086	BANC888	is_a	adult IN04B068 neuron	
720575941592816854	BANC_888:720575941592816854	BANC888	is_a	adult IN01A065 neuron	
720575941592818060	BANC_888:720575941592818060	BANC888	is_a	adult fan-shaped body layer 6 neuron of DALcl2 lineage	
720575941592820008	BANC_888:720575941592820008	BANC888	is_a	adult optic lobe intrinsic neuron	
720575941592820519	BANC_888:720575941592820519	BANC888	is_a	bristle sensory neuron	
720575941592822412	BANC_888:720575941592822412	BANC888	is_a	adult CB2470 neuron	
720575941592823510	BANC_888:720575941592823510	BANC888	is_a	adult SNta44 neuron	
720575941592823948	BANC_888:720575941592823948	BANC888	is_a	adult CB1420 neuron	
720575941592825558	BANC_888:720575941592825558	BANC888	is_a	adult ellipsoid body-protocerebral bridge 1 glomerulus-dorsal/ventral gall neuron	
720575941592826987	BANC_888:720575941592826987	BANC888	is_a	adult inferior bridge-superior posterior slope-protocerebral bridge neuron	
720575941592828456	BANC_888:720575941592828456	BANC888	is_a	adult SNpp55 neuron	
720575941592831372	BANC_888:720575941592831372	BANC888	is_a	adult lateral horn AV4a1 neuron	
720575941592835179	BANC_888:720575941592835179	BANC888	is_a	alpha/beta Kenyon cell	
720575941592836236	BANC_888:720575941592836236	BANC888	is_a	adult optic lobe intrinsic neuron	
720575941592838184	BANC_888:720575941592838184	BANC888	is_a	adult IN13B026 neuron	
720575941592840997	BANC_888:720575941592840997	BANC888	is_a	adult CB1227 neuron	
720575941592841356	BANC_888:720575941592841356	BANC888	is_a	adult optic lobe intrinsic neuron	
720575941592842380	BANC_888:720575941592842380	BANC888	is_a	adult optic lobe intrinsic neuron	
720575941592845931	BANC_888:720575941592845931	BANC888	is_a	medulla intrinsic neuron Mi4	
720575941592847830	BANC_888:720575941592847830	BANC888	is_a	adult IN03A063 neuron	
720575941592848168	BANC_888:720575941592848168	BANC888	is_a	adult INXXX390 neuron	
720575941592849036	BANC_888:720575941592849036	BANC888	is_a	adult optic lobe intrinsic neuron	
720575941592850472	BANC_888:720575941592850472	BANC888	is_a	adult SNta37 neuron	
720575941592855080	BANC_888:720575941592855080	BANC888	is_a	adult IN03A055 neuron	
720575941592864619	BANC_888:720575941592864619	BANC888	is_a	adult CB1713 neuron	
720575941592865576	BANC_888:720575941592865576	BANC888	is_a	adult IN20A.22A052 neuron	
720575941592866444	BANC_888:720575941592866444	BANC888	is_a	medulla intrinsic neuron Mi1	
720575941592867286	BANC_888:720575941592867286	BANC888	is_a	adult central brain intrinsic neuron	
720575941592867880	BANC_888:720575941592867880	BANC888	is_a	adult IN19B035 neuron	
720575941592868133	BANC_888:720575941592868133	BANC888	is_a	adult fan-shaped body vertical delta neuron	
720575941592868748	BANC_888:720575941592868748	BANC888	is_a	T5c neuron	
720575941592869928	BANC_888:720575941592869928	BANC888	is_a	adult IN09A002 neuron	
720575941592873000	BANC_888:720575941592873000	BANC888	is_a	adult IN20A.22A006 neuron	
720575941592873868	BANC_888:720575941592873868	BANC888	is_a	mechanosensory neuron of interommatidial bristle	
720575941592875916	BANC_888:720575941592875916	BANC888	is_a	adult optic lobe intrinsic neuron	
720575941592876327	BANC_888:720575941592876327	BANC888	is_a	gamma main Kenyon cell	
720575941592880167	BANC_888:720575941592880167	BANC888	is_a	adult lateral accessory lobe neuron 113	
720575941592882060	BANC_888:720575941592882060	BANC888	is_a	adult optic lobe intrinsic neuron	
720575941592883496	BANC_888:720575941592883496	BANC888	is_a	adult INXXX258 neuron	
720575941592887403	BANC_888:720575941592887403	BANC888	is_a	adult central medulla intrinsic neuron Cm2	FlyBase:FBrf0262545
720575941592889128	BANC_888:720575941592889128	BANC888	is_a	adult INXXX224 neuron	
720575941592893992	BANC_888:720575941592893992	BANC888	is_a	descending neuron of the posterior brain DNp49	
720575941592895272	BANC_888:720575941592895272	BANC888	is_a	adult IN23B007 neuron	
720575941592895784	BANC_888:720575941592895784	BANC888	is_a	adult IN02A010 neuron	
720575941592896363	BANC_888:720575941592896363	BANC888	is_a	labellar taste peg chemosensory neuron	
720575941592896875	BANC_888:720575941592896875	BANC888	is_a	adult posterior lateral protocerebrum neuron 254	
720575941592897420	BANC_888:720575941592897420	BANC888	is_a	femoral chordotonal hook neuron	
720575941592898341	BANC_888:720575941592898341	BANC888	is_a	adult SAch02 neuron	
720575941592898667	BANC_888:720575941592898667	BANC888	is_a	adult olfactory receptor neuron Or42b	
720575941592901416	BANC_888:720575941592901416	BANC888	is_a	adult IN07B061 neuron	
720575941592903052	BANC_888:720575941592903052	BANC888	is_a	medulla intrinsic neuron Mi15	
720575941592907560	BANC_888:720575941592907560	BANC888	is_a	adult IN03A067 neuron	
720575941592910376	BANC_888:720575941592910376	BANC888	is_a	adult IN05B090 neuron	
720575941592910550	BANC_888:720575941592910550	BANC888	is_a	medulla intrinsic neuron Mi1	
720575941592911144	BANC_888:720575941592911144	BANC888	is_a	adult IN11B021 neuron	
720575941592913191	BANC_888:720575941592913191	BANC888	is_a	femoral chordotonal club neuron	
720575941592913192	BANC_888:720575941592913192	BANC888	is_a	adult IN23B067 neuron	
720575941592917388	BANC_888:720575941592917388	BANC888	is_a	adult CB3485 neuron	
720575941592919080	BANC_888:720575941592919080	BANC888	is_a	adult IN17A007 neuron	
720575941592920616	BANC_888:720575941592920616	BANC888	is_a	alpha'/beta' middle Kenyon cell	
720575941592921740	BANC_888:720575941592921740	BANC888	is_a	adult lobula intrinsic neuron Li23	FlyBase:FBrf0262545
720575941592922219	BANC_888:720575941592922219	BANC888	is_a	adult superior medial protocerebrum neuron 323	
720575941592925580	BANC_888:720575941592925580	BANC888	is_a	alpha/beta Kenyon cell	
720575941592925736	BANC_888:720575941592925736	BANC888	is_a	gamma main Kenyon cell	
720575941592925992	BANC_888:720575941592925992	BANC888	is_a	descending neuron of the gnathal ganglion DNg69	
720575941592926248	BANC_888:720575941592926248	BANC888	is_a	prothoracic leg taste bristle chemosensory neuron	
720575941592927446	BANC_888:720575941592927446	BANC888	is_a	medulla intrinsic neuron Mi1	
720575941592927528	BANC_888:720575941592927528	BANC888	is_a	adult IN11A007 neuron	
720575941592927628	BANC_888:720575941592927628	BANC888	is_a	adult optic lobe intrinsic neuron	
720575941592928363	BANC_888:720575941592928363	BANC888	is_a	adult optic lobe intrinsic neuron	
720575941592929064	BANC_888:720575941592929064	BANC888	is_a	columnar neuron T1	
720575941592931112	BANC_888:720575941592931112	BANC888	is_a	adult IN18B011 neuron	
720575941592931368	BANC_888:720575941592931368	BANC888	is_a	adult IN03B011 neuron	
720575941592934284	BANC_888:720575941592934284	BANC888	is_a	adult optic lobe intrinsic neuron	
720575941592943062	BANC_888:720575941592943062	BANC888	is_a	T4a neuron	
720575941592943656	BANC_888:720575941592943656	BANC888	is_a	adult antennal lobe local neuron v2LN3A	
720575941592944342	BANC_888:720575941592944342	BANC888	is_a	adult ellipsoid body ring neuron R3d	
720575941592946060	BANC_888:720575941592946060	BANC888	is_a	adult optic lobe intrinsic neuron	
720575941592947084	BANC_888:720575941592947084	BANC888	is_a	adult optic lobe intrinsic neuron	
720575941592949132	BANC_888:720575941592949132	BANC888	is_a	adult IN16B124 neuron	
720575941592949974	BANC_888:720575941592949974	BANC888	is_a	adult optic lobe intrinsic neuron	
720575941592950568	BANC_888:720575941592950568	BANC888	is_a	mechanosensory neuron of interommatidial bristle	
720575941592953302	BANC_888:720575941592953302	BANC888	is_a	adult optic lobe intrinsic neuron	
720575941592953384	BANC_888:720575941592953384	BANC888	is_a	adult CNS neuron	
720575941592955176	BANC_888:720575941592955176	BANC888	is_a	lamina monopolar neuron L4	
720575941592959884	BANC_888:720575941592959884	BANC888	is_a	adult optic lobe intrinsic neuron	
720575941592960652	BANC_888:720575941592960652	BANC888	is_a	adult optic lobe intrinsic neuron	
720575941592961494	BANC_888:720575941592961494	BANC888	is_a	transmedullary neuron Tm2	
720575941592962155	BANC_888:720575941592962155	BANC888	is_a	adult CB1044 neuron	
720575941592965078	BANC_888:720575941592965078	BANC888	is_a	adult transmedullary Y neuron TmY17	FlyBase:FBrf0262545
720575941592965772	BANC_888:720575941592965772	BANC888	is_a	adult optic lobe intrinsic neuron	
720575941592966102	BANC_888:720575941592966102	BANC888	is_a	T5a neuron	
720575941592967052	BANC_888:720575941592967052	BANC888	is_a	adult optic lobe intrinsic neuron	
720575941592967381	BANC_888:720575941592967381	BANC888	is_a	centrifugal neuron C2	
720575941592968332	BANC_888:720575941592968332	BANC888	is_a	adult optic lobe intrinsic neuron	
720575941592972840	BANC_888:720575941592972840	BANC888	is_a	adult antennal lobe projection neuron VA1d adPN	
720575941592974988	BANC_888:720575941592974988	BANC888	is_a	adult optic lobe intrinsic neuron	
720575941592976680	BANC_888:720575941592976680	BANC888	is_a	T3 neuron	
720575941592977366	BANC_888:720575941592977366	BANC888	is_a	Y neuron Y12	
720575941592978828	BANC_888:720575941592978828	BANC888	is_a	adult optic lobe intrinsic neuron	
720575941592979158	BANC_888:720575941592979158	BANC888	is_a	centrifugal neuron C2	
720575941592980876	BANC_888:720575941592980876	BANC888	is_a	adult optic lobe intrinsic neuron	
720575941592982486	BANC_888:720575941592982486	BANC888	is_a	T4d neuron	
720575941592983665	BANC_888:720575941592983665	BANC888	is_a	adult ANXXX098 neuron	
720575941592984939	BANC_888:720575941592984939	BANC888	is_a	adult optic lobe intrinsic neuron	
720575941592986070	BANC_888:720575941592986070	BANC888	is_a	T4b neuron	
720575941592986481	BANC_888:720575941592986481	BANC888	is_a	sensory neuron of haltere campaniform sensillum	
720575941592987862	BANC_888:720575941592987862	BANC888	is_a	T4a neuron	
720575941592991016	BANC_888:720575941592991016	BANC888	is_a	adult CB1681 neuron	
720575941592991190	BANC_888:720575941592991190	BANC888	is_a	T4b neuron	
720575941592991272	BANC_888:720575941592991272	BANC888	is_a	adult lateral horn AV7a5 neuron	
720575941592993899	BANC_888:720575941592993899	BANC888	is_a	adult posterior ventrolateral protocerebrum neuron 008	
720575941592998769	BANC_888:720575941592998769	BANC888	is_a	adult AN06B015 neuron	
720575941592999976	BANC_888:720575941592999976	BANC888	is_a	adult CB3056 neuron	
720575941593001612	BANC_888:720575941593001612	BANC888	is_a	adult optic lobe intrinsic neuron	
720575941593002636	BANC_888:720575941593002636	BANC888	is_a	adult optic lobe intrinsic neuron	
720575941593004584	BANC_888:720575941593004584	BANC888	is_a	adult CB1849 neuron	
720575941593008012	BANC_888:720575941593008012	BANC888	is_a	adult optic lobe intrinsic neuron	
720575941593008168	BANC_888:720575941593008168	BANC888	is_a	adult CB2350 neuron	
720575941593008598	BANC_888:720575941593008598	BANC888	is_a	transmedullary neuron Tm1	
720575941593010725	BANC_888:720575941593010725	BANC888	is_a	adult optic lobe intrinsic neuron	
720575941593011158	BANC_888:720575941593011158	BANC888	is_a	transmedullary neuron Tm2	
720575941593013132	BANC_888:720575941593013132	BANC888	is_a	T2a neuron	
720575941593014668	BANC_888:720575941593014668	BANC888	is_a	transmedullary neuron Tm20	
720575941593015436	BANC_888:720575941593015436	BANC888	is_a	Y neuron Y3	
720575941593018252	BANC_888:720575941593018252	BANC888	is_a	lamina monopolar neuron L3	
720575941593019020	BANC_888:720575941593019020	BANC888	is_a	transmedullary neuron Tm3	
720575941593019755	BANC_888:720575941593019755	BANC888	is_a	distal medullary amacrine neuron Dm2	
720575941593019788	BANC_888:720575941593019788	BANC888	is_a	distal medullary amacrine neuron Dm11	
720575941593020556	BANC_888:720575941593020556	BANC888	is_a	adult optic lobe intrinsic neuron	
720575941593023372	BANC_888:720575941593023372	BANC888	is_a	Y neuron Y12	
720575941593027947	BANC_888:720575941593027947	BANC888	is_a	adult clamp neuron 118	
720575941593029004	BANC_888:720575941593029004	BANC888	is_a	proximal medullary amacrine neuron Pm1	FlyBase:FBrf0262545
720575941593030284	BANC_888:720575941593030284	BANC888	is_a	transmedullary Y neuron TmY20	
720575941593031052	BANC_888:720575941593031052	BANC888	is_a	distal medullary amacrine neuron Dm2	
720575941593031308	BANC_888:720575941593031308	BANC888	is_a	medulla intrinsic neuron Mi1	
720575941593031820	BANC_888:720575941593031820	BANC888	is_a	centrifugal neuron C3	
720575941593032588	BANC_888:720575941593032588	BANC888	is_a	adult transmedullary Y neuron TmY21	FlyBase:FBrf0262545
720575941593035148	BANC_888:720575941593035148	BANC888	is_a	transmedullary neuron Tm3	
720575941593036684	BANC_888:720575941593036684	BANC888	is_a	medulla intrinsic neuron Mi10	
720575941593041192	BANC_888:720575941593041192	BANC888	is_a	adult AN09B015 neuron	
720575941593041704	BANC_888:720575941593041704	BANC888	is_a	protocerebral bridge 1 glomerulus-fan-shaped body-nodulus 2 ventral domain neuron	
720575941593043596	BANC_888:720575941593043596	BANC888	is_a	lobula columnar neuron LC20	
720575941593044520	BANC_888:720575941593044520	BANC888	is_a	adult CB0619 neuron	
720575941593045132	BANC_888:720575941593045132	BANC888	is_a	adult lobula intrinsic neuron Li25	FlyBase:FBrf0262545
720575941593046924	BANC_888:720575941593046924	BANC888	is_a	adult superior medial protocerebrum neuron 284	
720575941593049228	BANC_888:720575941593049228	BANC888	is_a	adult optic lobe intrinsic neuron	
720575941593049484	BANC_888:720575941593049484	BANC888	is_a	T2 neuron	
720575941593049740	BANC_888:720575941593049740	BANC888	is_a	medulla intrinsic neuron Mi10	
720575941593050252	BANC_888:720575941593050252	BANC888	is_a	adult optic lobe intrinsic neuron	
720575941593050475	BANC_888:720575941593050475	BANC888	is_a	adult lateral horn AD1f4 neuron	
720575941593052200	BANC_888:720575941593052200	BANC888	is_a	adult lateral accessory lobe neuron 012	
720575941593052812	BANC_888:720575941593052812	BANC888	is_a	adult lobula visual centrifugal neuron LoVC9	FlyBase:FBrf0262545
720575941593053803	BANC_888:720575941593053803	BANC888	is_a	adult olfactory receptor neuron Ir31a	
720575941593053836	BANC_888:720575941593053836	BANC888	is_a	lobula columnar neuron LC14	
720575941593057064	BANC_888:720575941593057064	BANC888	is_a	adult AN07B082 neuron	
720575941593059624	BANC_888:720575941593059624	BANC888	is_a	adult posterior lateral protocerebrum neuron 181	
720575941593063894	BANC_888:720575941593063894	BANC888	is_a	lobula columnar neuron LC17	
720575941593068584	BANC_888:720575941593068584	BANC888	is_a	adult protocerebral bridge 1 glomerulus-fan-shaped body-round body neuron	
720575941593073771	BANC_888:720575941593073771	BANC888	is_a	distal medullary amacrine neuron Dm2	
720575941593076438	BANC_888:720575941593076438	BANC888	is_a	distal medullary amacrine neuron Dm3b	FlyBase:FBrf0262545
720575941593076950	BANC_888:720575941593076950	BANC888	is_a	distal medullary amacrine neuron Dm3b	FlyBase:FBrf0262545
720575941593082919	BANC_888:720575941593082919	BANC888	is_a	adult lobula intrinsic neuron Li21	FlyBase:FBrf0262545
720575941593083176	BANC_888:720575941593083176	BANC888	is_a	adult anterior optic tubercle neuron 041	
720575941593084200	BANC_888:720575941593084200	BANC888	is_a	adult CB2808 neuron	
720575941593085142	BANC_888:720575941593085142	BANC888	is_a	T4d neuron	
720575941593089061	BANC_888:720575941593089061	BANC888	is_a	adult antennal lobe projection neuron VA1v vPN	
720575941593090088	BANC_888:720575941593090088	BANC888	is_a	adult CB1185 neuron	
720575941593093157	BANC_888:720575941593093157	BANC888	is_a	adult CB2043 neuron	
720575941593094614	BANC_888:720575941593094614	BANC888	is_a	adult lobula visual projection neuron LoVP13	FlyBase:FBrf0262545
720575941593094952	BANC_888:720575941593094952	BANC888	is_a	adult CB0449 neuron	
720575941593097329	BANC_888:720575941593097329	BANC888	is_a	adult IN01A070 neuron	
720575941593102888	BANC_888:720575941593102888	BANC888	is_a	adult clamp neuron 268	
720575941593103399	BANC_888:720575941593103399	BANC888	is_a	lobula columnar neuron LC17	
720575941593106727	BANC_888:720575941593106727	BANC888	is_a	adult ellipsoid body ring neuron R4d	
720575941593107051	BANC_888:720575941593107051	BANC888	is_a	distal medullary amacrine neuron Dm3b	FlyBase:FBrf0262545
720575941593109800	BANC_888:720575941593109800	BANC888	is_a	adult CB2928 neuron	
720575941593110385	BANC_888:720575941593110385	BANC888	is_a	adult IN04B085 neuron	
720575941593112872	BANC_888:720575941593112872	BANC888	is_a	adult superior medial protocerebrum neuron 482	
720575941593119190	BANC_888:720575941593119190	BANC888	is_a	transmedullary neuron Tm9	
720575941593119525	BANC_888:720575941593119525	BANC888	is_a	adult CB2002 neuron	
720575941593123365	BANC_888:720575941593123365	BANC888	is_a	adult posterior lateral protocerebrum neuron 230	
720575941593123691	BANC_888:720575941593123691	BANC888	is_a	adult medulla-tubercle neuron 1	
720575941593128811	BANC_888:720575941593128811	BANC888	is_a	lamina monopolar neuron L1	
720575941593129174	BANC_888:720575941593129174	BANC888	is_a	distal medullary amacrine neuron Dm2	
720575941593133608	BANC_888:720575941593133608	BANC888	is_a	adult CB2376 neuron	
720575941593135656	BANC_888:720575941593135656	BANC888	is_a	adult CB2750 neuron	
720575941593137110	BANC_888:720575941593137110	BANC888	is_a	Y neuron Y3	
720575941593137704	BANC_888:720575941593137704	BANC888	is_a	adult CB2430 neuron	
720575941593138134	BANC_888:720575941593138134	BANC888	is_a	distal medullary amacrine neuron Dm3c	FlyBase:FBrf0262545
720575941593139926	BANC_888:720575941593139926	BANC888	is_a	distal medullary amacrine neuron Dm3b	FlyBase:FBrf0262545
720575941593143592	BANC_888:720575941593143592	BANC888	is_a	adult anterior ventrolateral protocerebrum neuron 570	
720575941593144360	BANC_888:720575941593144360	BANC888	is_a	adult anterior ventrolateral protocerebrum neuron 465	
720575941593145384	BANC_888:720575941593145384	BANC888	is_a	lobula columnar neuron LC6	
720575941593148011	BANC_888:720575941593148011	BANC888	is_a	adult motor neuron	
720575941593148712	BANC_888:720575941593148712	BANC888	is_a	adult olfactory receptor neuron Or67c	
720575941593157227	BANC_888:720575941593157227	BANC888	is_a	gamma main Kenyon cell	
720575941593158870	BANC_888:720575941593158870	BANC888	is_a	T5a neuron	
720575941593160043	BANC_888:720575941593160043	BANC888	is_a	adult IN16B087 neuron	
720575941593160744	BANC_888:720575941593160744	BANC888	is_a	protocerebral bridge 1 glomerulus-fan-shaped body-nodulus 2 ventral domain neuron	
720575941593160999	BANC_888:720575941593160999	BANC888	is_a	adult lobula intrinsic neuron Li27	FlyBase:FBrf0262545
720575941593161174	BANC_888:720575941593161174	BANC888	is_a	T5a neuron	
720575941593161256	BANC_888:720575941593161256	BANC888	is_a	lobula columnar neuron LC13	
720575941593164395	BANC_888:720575941593164395	BANC888	is_a	mechanosensory neuron of maxillary palp bristle	
720575941593164584	BANC_888:720575941593164584	BANC888	is_a	adult crepine neuron 102	
720575941593168342	BANC_888:720575941593168342	BANC888	is_a	adult optic lobe intrinsic neuron	
720575941593168680	BANC_888:720575941593168680	BANC888	is_a	adult CB2369 neuron	
720575941593172008	BANC_888:720575941593172008	BANC888	is_a	adult fluff subesophageal neuron	
720575941593172331	BANC_888:720575941593172331	BANC888	is_a	gamma main Kenyon cell	
720575941593176433	BANC_888:720575941593176433	BANC888	is_a	adult IN05B064 neuron	
720575941593177814	BANC_888:720575941593177814	BANC888	is_a	T5a neuron	
720575941593178326	BANC_888:720575941593178326	BANC888	is_a	T4a neuron	
720575941593182422	BANC_888:720575941593182422	BANC888	is_a	T4b neuron	
720575941593188465	BANC_888:720575941593188465	BANC888	is_a	adult IN03B053 neuron	
720575941593189160	BANC_888:720575941593189160	BANC888	is_a	adult lobula columnar neuron LC34	
720575941593189489	BANC_888:720575941593189489	BANC888	is_a	adult IN03B070 neuron	
720575941593192305	BANC_888:720575941593192305	BANC888	is_a	femoral chordotonal club neuron	
720575941593193768	BANC_888:720575941593193768	BANC888	is_a	adult CB1932 neuron	
720575941593194347	BANC_888:720575941593194347	BANC888	is_a	metathoracic leg taste bristle chemosensory neuron	
720575941593196072	BANC_888:720575941593196072	BANC888	is_a	adult CB2580 neuron	
720575941593199399	BANC_888:720575941593199399	BANC888	is_a	T5b neuron	
720575941593200747	BANC_888:720575941593200747	BANC888	is_a	transmedullary neuron Tm9	
720575941593200935	BANC_888:720575941593200935	BANC888	is_a	adult IN09A038 neuron	
720575941593201515	BANC_888:720575941593201515	BANC888	is_a	transmedullary neuron Tm2	
720575941593206897	BANC_888:720575941593206897	BANC888	is_a	adult IN11A027 neuron	
720575941593206998	BANC_888:720575941593206998	BANC888	is_a	transmedullary neuron Tm37	FlyBase:FBrf0262545
720575941593209893	BANC_888:720575941593209893	BANC888	is_a	adult CB3077 neuron	
720575941593210408	BANC_888:720575941593210408	BANC888	is_a	adult posterior lateral protocerebrum neuron 057	
720575941593210919	BANC_888:720575941593210919	BANC888	is_a	adult protocerebral bridge 1 glomerulus-fan-shaped body-round body neuron	
720575941593214504	BANC_888:720575941593214504	BANC888	is_a	adult Drosulfakinin MP3 neuron	
720575941593215601	BANC_888:720575941593215601	BANC888	is_a	adult IN12B035 neuron	
720575941593217899	BANC_888:720575941593217899	BANC888	is_a	adult CB1761 neuron	
720575941593219880	BANC_888:720575941593219880	BANC888	is_a	adult CB3321 neuron	
720575941593221416	BANC_888:720575941593221416	BANC888	is_a	adult optic lobe intrinsic neuron	
720575941593222696	BANC_888:720575941593222696	BANC888	is_a	adult posterior lateral protocerebrum neuron 181	
720575941593224555	BANC_888:720575941593224555	BANC888	is_a	Y neuron Y3	
720575941593224744	BANC_888:720575941593224744	BANC888	is_a	adult posterior slope neuron 010	
720575941593226859	BANC_888:720575941593226859	BANC888	is_a	adult optic lobe intrinsic neuron	
720575941593228395	BANC_888:720575941593228395	BANC888	is_a	transmedullary neuron Tm6	FlyBase:FBrf0262545
720575941593229425	BANC_888:720575941593229425	BANC888	is_a	adult INXXX400 neuron	
720575941593229608	BANC_888:720575941593229608	BANC888	is_a	adult CB1483 neuron	
720575941593230187	BANC_888:720575941593230187	BANC888	is_a	columnar neuron T1	
720575941593236519	BANC_888:720575941593236519	BANC888	is_a	adult antennal lobe projection neuron VP3+ smPN	
720575941593236520	BANC_888:720575941593236520	BANC888	is_a	adult CB2084 neuron	
720575941593237797	BANC_888:720575941593237797	BANC888	is_a	adult fan-shaped body horizontal delta neuron K	
720575941593239147	BANC_888:720575941593239147	BANC888	is_a	columnar neuron T1	
720575941593240533	BANC_888:720575941593240533	BANC888	is_a	centrifugal neuron C2	
720575941593241128	BANC_888:720575941593241128	BANC888	is_a	adult CB3581 neuron	
720575941593245297	BANC_888:720575941593245297	BANC888	is_a	adult IN00A039 neuron	
720575941593245910	BANC_888:720575941593245910	BANC888	is_a	adult central medulla neuron Cm11	FlyBase:FBrf0262545
720575941593248296	BANC_888:720575941593248296	BANC888	is_a	adult CB0598 neuron	
720575941593250161	BANC_888:720575941593250161	BANC888	is_a	adult IN13A038 neuron	
720575941593251435	BANC_888:720575941593251435	BANC888	is_a	medulla intrinsic neuron Mi9	
720575941593252459	BANC_888:720575941593252459	BANC888	is_a	centrifugal neuron C3	
720575941593254440	BANC_888:720575941593254440	BANC888	is_a	adult posterior ventrolateral protocerebrum neuron 148	
720575941593256488	BANC_888:720575941593256488	BANC888	is_a	adult anterior ventrolateral protocerebrum neuron 496	
720575941593257942	BANC_888:720575941593257942	BANC888	is_a	medulla intrinsic neuron Mi4	
720575941593258536	BANC_888:720575941593258536	BANC888	is_a	adult CB2553 neuron	
720575941593259816	BANC_888:720575941593259816	BANC888	is_a	adult lateral horn AD1a1 neuron	
720575941593270486	BANC_888:720575941593270486	BANC888	is_a	adult optic lobe intrinsic neuron	
720575941593271254	BANC_888:720575941593271254	BANC888	is_a	lobula-lobula plate columnar neuron LLPC1	
720575941593272939	BANC_888:720575941593272939	BANC888	is_a	photoreceptor cell R7	
720575941593275249	BANC_888:720575941593275249	BANC888	is_a	adult IN02A032 neuron	
720575941593275941	BANC_888:720575941593275941	BANC888	is_a	adult lobula intrinsic neuron Li18a	FlyBase:FBrf0262545
720575941593279528	BANC_888:720575941593279528	BANC888	is_a	adult anterior ventrolateral protocerebrum neuron 251	
720575941593288049	BANC_888:720575941593288049	BANC888	is_a	adult IN07B075 neuron	
720575941593289174	BANC_888:720575941593289174	BANC888	is_a	adult CB2800 neuron	
720575941593291222	BANC_888:720575941593291222	BANC888	is_a	T4c neuron	
720575941593291377	BANC_888:720575941593291377	BANC888	is_a	adult INXXX395 neuron	
720575941593292401	BANC_888:720575941593292401	BANC888	is_a	adult VNC ventral unpaired median neuron	doi:10.7554/eLife.96084.1
720575941593296168	BANC_888:720575941593296168	BANC888	is_a	adult olfactory receptor neuron Or67d	
720575941593296679	BANC_888:720575941593296679	BANC888	is_a	adult fan-shaped body 1 column-superior medial protocerebrum neuron	FlyBase:FBrf0246888
720575941593297515	BANC_888:720575941593297515	BANC888	is_a	adult optic lobe intrinsic neuron	
720575941593297704	BANC_888:720575941593297704	BANC888	is_a	adult anterior ventrolateral protocerebrum neuron 400	
720575941593299496	BANC_888:720575941593299496	BANC888	is_a	adult superior medial protocerebrum neuron 248	
720575941593301285	BANC_888:720575941593301285	BANC888	is_a	T4d neuron	
720575941593301355	BANC_888:720575941593301355	BANC888	is_a	adult SNta32 neuron	
720575941593303591	BANC_888:720575941593303591	BANC888	is_a	Y neuron Y3	
720575941593309479	BANC_888:720575941593309479	BANC888	is_a	T4a neuron	
720575941593310248	BANC_888:720575941593310248	BANC888	is_a	adult optic lobe intrinsic neuron	
720575941593313320	BANC_888:720575941593313320	BANC888	is_a	dopaminergic PAM neuron 8	
720575941593313576	BANC_888:720575941593313576	BANC888	is_a	adult superior lateral protocerebrum neuron 381	
720575941593317590	BANC_888:720575941593317590	BANC888	is_a	medulla intrinsic neuron Mi1	
720575941593320487	BANC_888:720575941593320487	BANC888	is_a	T5b neuron	
720575941593323115	BANC_888:720575941593323115	BANC888	is_a	adult optic lobe intrinsic neuron	
720575941593323813	BANC_888:720575941593323813	BANC888	is_a	lobula columnar neuron LC17	
720575941593325096	BANC_888:720575941593325096	BANC888	is_a	T2a neuron	
720575941593327211	BANC_888:720575941593327211	BANC888	is_a	lamina monopolar neuron L1	
720575941593332773	BANC_888:720575941593332773	BANC888	is_a	T5c neuron	
720575941593333285	BANC_888:720575941593333285	BANC888	is_a	adult optic lobe intrinsic neuron	
720575941593333287	BANC_888:720575941593333287	BANC888	is_a	medulla intrinsic neuron Mi9	
720575941593333541	BANC_888:720575941593333541	BANC888	is_a	T5a neuron	
720575941593335589	BANC_888:720575941593335589	BANC888	is_a	T5c neuron	
720575941593336939	BANC_888:720575941593336939	BANC888	is_a	lobula plate columnar neuron LPC1	
720575941593339688	BANC_888:720575941593339688	BANC888	is_a	adult anterior ventrolateral protocerebrum neuron 089	
720575941593340709	BANC_888:720575941593340709	BANC888	is_a	T5a neuron	
720575941593340711	BANC_888:720575941593340711	BANC888	is_a	Y neuron Y3	
720575941593341398	BANC_888:720575941593341398	BANC888	is_a	adult SNch06 neuron	
720575941593349415	BANC_888:720575941593349415	BANC888	is_a	T3 neuron	
720575941593353430	BANC_888:720575941593353430	BANC888	is_a	adult CB2357 neuron	
720575941593354535	BANC_888:720575941593354535	BANC888	is_a	T4b neuron	
720575941593354789	BANC_888:720575941593354789	BANC888	is_a	T5b neuron	
720575941593354791	BANC_888:720575941593354791	BANC888	is_a	adult IN13B022 neuron	
720575941593356325	BANC_888:720575941593356325	BANC888	is_a	T4b neuron	
720575941593359467	BANC_888:720575941593359467	BANC888	is_a	adult optic lobe intrinsic neuron	
720575941593361445	BANC_888:720575941593361445	BANC888	is_a	T4d neuron	
720575941593364261	BANC_888:720575941593364261	BANC888	is_a	T4a neuron	
720575941593365031	BANC_888:720575941593365031	BANC888	is_a	T5a neuron	
720575941593373221	BANC_888:720575941593373221	BANC888	is_a	transmedullary neuron Tm4	
720575941593377393	BANC_888:720575941593377393	BANC888	is_a	adult SNta37 neuron	
720575941593383463	BANC_888:720575941593383463	BANC888	is_a	T4a neuron	
720575941593385253	BANC_888:720575941593385253	BANC888	is_a	Y neuron Y12	
720575941593388145	BANC_888:720575941593388145	BANC888	is_a	adult SNpp20 neuron	
720575941593389095	BANC_888:720575941593389095	BANC888	is_a	lobula columnar neuron LC12	
720575941593391397	BANC_888:720575941593391397	BANC888	is_a	T4b neuron	
720575941593392235	BANC_888:720575941593392235	BANC888	is_a	photoreceptor cell R7	
720575941593392421	BANC_888:720575941593392421	BANC888	is_a	T5c neuron	
720575941593392679	BANC_888:720575941593392679	BANC888	is_a	T4a neuron	
720575941593395239	BANC_888:720575941593395239	BANC888	is_a	T4c neuron	
720575941593396261	BANC_888:720575941593396261	BANC888	is_a	T5d neuron	
720575941593396775	BANC_888:720575941593396775	BANC888	is_a	T5d neuron	
720575941593396849	BANC_888:720575941593396849	BANC888	is_a	adult SNta20 neuron	
720575941593398055	BANC_888:720575941593398055	BANC888	is_a	T3 neuron	
720575941593398311	BANC_888:720575941593398311	BANC888	is_a	T5c neuron	
720575941593406571	BANC_888:720575941593406571	BANC888	is_a	adult optic lobe intrinsic neuron	
720575941593409064	BANC_888:720575941593409064	BANC888	is_a	descending neuron of the posterior brain DNpe054	
720575941593409829	BANC_888:720575941593409829	BANC888	is_a	T3 neuron	
720575941593410344	BANC_888:720575941593410344	BANC888	is_a	mechanosensory neuron of interommatidial bristle	
720575941593410855	BANC_888:720575941593410855	BANC888	is_a	T5a neuron	
720575941593411365	BANC_888:720575941593411365	BANC888	is_a	T4a neuron	
720575941593412310	BANC_888:720575941593412310	BANC888	is_a	transmedullary neuron Tm1	
720575941593415019	BANC_888:720575941593415019	BANC888	is_a	sensory neuron	
720575941593415464	BANC_888:720575941593415464	BANC888	is_a	T3 neuron	
720575941593418198	BANC_888:720575941593418198	BANC888	is_a	distal medullary amacrine neuron Dm3a	FlyBase:FBrf0262545
720575941593419813	BANC_888:720575941593419813	BANC888	is_a	proximal medullary amacrine neuron Pm1	FlyBase:FBrf0262545
720575941593421425	BANC_888:720575941593421425	BANC888	is_a	gustatory receptor neuron of the wing	
720575941593422955	BANC_888:720575941593422955	BANC888	is_a	transmedullary neuron Tm20	
720575941593423723	BANC_888:720575941593423723	BANC888	is_a	lamina monopolar neuron L5	
720575941593424424	BANC_888:720575941593424424	BANC888	is_a	mechanosensory neuron of hair plate	
720575941593425259	BANC_888:720575941593425259	BANC888	is_a	transmedullary Y neuron TmY18	FlyBase:FBrf0262545
720575941593425959	BANC_888:720575941593425959	BANC888	is_a	adult optic lobe intrinsic neuron	
720575941593426472	BANC_888:720575941593426472	BANC888	is_a	labellar taste peg mechanosensory neuron	
720575941593426725	BANC_888:720575941593426725	BANC888	is_a	adult superior medial protocerebrum neuron 171	
720575941593428005	BANC_888:720575941593428005	BANC888	is_a	adult optic lobe intrinsic neuron	
720575941593428694	BANC_888:720575941593428694	BANC888	is_a	T4b neuron	
720575941593430486	BANC_888:720575941593430486	BANC888	is_a	adult fan-shaped body 1 column-rubus neuron 2	
720575941593432360	BANC_888:720575941593432360	BANC888	is_a	transmedullary Y neuron TmY5a	
720575941593433046	BANC_888:720575941593433046	BANC888	is_a	adult IN19A084 neuron	
720575941593435176	BANC_888:720575941593435176	BANC888	is_a	adult optic lobe intrinsic neuron	
720575941593436453	BANC_888:720575941593436453	BANC888	is_a	medulla intrinsic neuron Mi4	
720575941593436968	BANC_888:720575941593436968	BANC888	is_a	centrifugal neuron C3	
720575941593437992	BANC_888:720575941593437992	BANC888	is_a	proximal medullary amacrine neuron Pm2	FlyBase:FBrf0262545
720575941593438321	BANC_888:720575941593438321	BANC888	is_a	adult IN13A061 neuron	
720575941593438503	BANC_888:720575941593438503	BANC888	is_a	T5d neuron	
720575941593440808	BANC_888:720575941593440808	BANC888	is_a	adult optic lobe intrinsic neuron	
720575941593442855	BANC_888:720575941593442855	BANC888	is_a	adult optic lobe intrinsic neuron	
720575941593443286	BANC_888:720575941593443286	BANC888	is_a	medulla intrinsic neuron Mi4	
720575941593445590	BANC_888:720575941593445590	BANC888	is_a	adult optic lobe intrinsic neuron	
720575941593445846	BANC_888:720575941593445846	BANC888	is_a	lobula plate intrinsic neuron LPi3-4	FlyBase:FBrf0262545
720575941593447275	BANC_888:720575941593447275	BANC888	is_a	sensory neuron	
720575941593450603	BANC_888:720575941593450603	BANC888	is_a	adult wedge neuron 034	
720575941593451047	BANC_888:720575941593451047	BANC888	is_a	lobula-lobula plate columnar neuron LLPC2	
720575941593452327	BANC_888:720575941593452327	BANC888	is_a	T5a neuron	
720575941593454038	BANC_888:720575941593454038	BANC888	is_a	transmedullary neuron Tm30	FlyBase:FBrf0262545
720575941593454806	BANC_888:720575941593454806	BANC888	is_a	centrifugal neuron C3	
720575941593455211	BANC_888:720575941593455211	BANC888	is_a	adult olfactory receptor neuron Or85b	
720575941593459926	BANC_888:720575941593459926	BANC888	is_a	distal medullary amacrine neuron Dm15	
720575941593461029	BANC_888:720575941593461029	BANC888	is_a	centrifugal neuron C2	
720575941593461361	BANC_888:720575941593461361	BANC888	is_a	adult fan-shaped body horizontal delta neuron K	
720575941593462312	BANC_888:720575941593462312	BANC888	is_a	adult optic lobe intrinsic neuron	
720575941593466475	BANC_888:720575941593466475	BANC888	is_a	gamma dorsal Kenyon cell	
720575941593466920	BANC_888:720575941593466920	BANC888	is_a	transmedullary Y neuron TmY9	
720575941593467350	BANC_888:720575941593467350	BANC888	is_a	adult SNpp55 neuron	
720575941593469803	BANC_888:720575941593469803	BANC888	is_a	adult IN09A082 neuron	
720575941593470315	BANC_888:720575941593470315	BANC888	is_a	adult ellipsoid body-dorsal gall surround neuron	
720575941593472982	BANC_888:720575941593472982	BANC888	is_a	transmedullary neuron Tm2	
720575941593473750	BANC_888:720575941593473750	BANC888	is_a	transmedullary Y neuron TmY18	FlyBase:FBrf0262545
720575941593475947	BANC_888:720575941593475947	BANC888	is_a	lamina monopolar neuron L1	
720575941593477925	BANC_888:720575941593477925	BANC888	is_a	T4d neuron	
720575941593478696	BANC_888:720575941593478696	BANC888	is_a	adult optic lobe intrinsic neuron	
720575941593479281	BANC_888:720575941593479281	BANC888	is_a	protocerebral bridge 1 glomerulus-fan-shaped body-nodulus 3 anterior domain neuron	
720575941593481173	BANC_888:720575941593481173	BANC888	is_a	transmedullary neuron Tm6	FlyBase:FBrf0262545
720575941593482023	BANC_888:720575941593482023	BANC888	is_a	transmedullary neuron Tm4	
720575941593485937	BANC_888:720575941593485937	BANC888	is_a	sensory neuron	
720575941593486806	BANC_888:720575941593486806	BANC888	is_a	adult AN07B070 neuron	
720575941593488677	BANC_888:720575941593488677	BANC888	is_a	medulla intrinsic neuron Mi9	
720575941593489366	BANC_888:720575941593489366	BANC888	is_a	sensory neuron of haltere capitellum trichoid sensillum	
720575941593489957	BANC_888:720575941593489957	BANC888	is_a	T4b neuron	
720575941593491563	BANC_888:720575941593491563	BANC888	is_a	adult IN02A033 neuron	
720575941593492264	BANC_888:720575941593492264	BANC888	is_a	dopaminergic PAM neuron 4	
720575941593493099	BANC_888:720575941593493099	BANC888	is_a	adult AN06B044 neuron	
720575941593495335	BANC_888:720575941593495335	BANC888	is_a	centrifugal neuron C2	
720575941593498405	BANC_888:720575941593498405	BANC888	is_a	transmedullary neuron Tm16	
720575941593498582	BANC_888:720575941593498582	BANC888	is_a	lamina wide-field 1 neuron	
720575941593498920	BANC_888:720575941593498920	BANC888	is_a	lobula columnar neuron LC33	
720575941593499243	BANC_888:720575941593499243	BANC888	is_a	adult optic lobe intrinsic neuron	
720575941593499249	BANC_888:720575941593499249	BANC888	is_a	adult posterior slope neuron 252	
720575941593500968	BANC_888:720575941593500968	BANC888	is_a	transmedullary neuron Tm2	
720575941593502166	BANC_888:720575941593502166	BANC888	is_a	adult optic lobe intrinsic neuron	
720575941593502315	BANC_888:720575941593502315	BANC888	is_a	lamina monopolar neuron L2	
720575941593502571	BANC_888:720575941593502571	BANC888	is_a	lamina monopolar neuron L1	
720575941593505387	BANC_888:720575941593505387	BANC888	is_a	adult DNnt017 neuron	
720575941593505575	BANC_888:720575941593505575	BANC888	is_a	transmedullary neuron Tm2	
720575941593507179	BANC_888:720575941593507179	BANC888	is_a	adult INXXX258 neuron	
720575941593509157	BANC_888:720575941593509157	BANC888	is_a	medulla intrinsic neuron Mi15	
720575941593511975	BANC_888:720575941593511975	BANC888	is_a	adult tubercle-bulb neuron 03	
720575941593513323	BANC_888:720575941593513323	BANC888	is_a	lamina monopolar neuron L2	
720575941593514277	BANC_888:720575941593514277	BANC888	is_a	medulla intrinsic neuron Mi10	
720575941593515990	BANC_888:720575941593515990	BANC888	is_a	transmedullary neuron Tm24	FlyBase:FBrf0262545
720575941593516651	BANC_888:720575941593516651	BANC888	is_a	adult INXXX294 neuron	
720575941593516907	BANC_888:720575941593516907	BANC888	is_a	adult INXXX258 neuron	
720575941593517270	BANC_888:720575941593517270	BANC888	is_a	distal medullary amacrine neuron Dm15	
720575941593517419	BANC_888:720575941593517419	BANC888	is_a	adult IN06A088 neuron	
720575941593518550	BANC_888:720575941593518550	BANC888	is_a	transmedullary neuron Tm3	
720575941593520235	BANC_888:720575941593520235	BANC888	is_a	adult IN21A047 neuron	
720575941593520747	BANC_888:720575941593520747	BANC888	is_a	adult ascending neuron	
720575941593521366	BANC_888:720575941593521366	BANC888	is_a	medulla intrinsic neuron Mi4	
720575941593522216	BANC_888:720575941593522216	BANC888	is_a	T2 neuron	
720575941593522283	BANC_888:720575941593522283	BANC888	is_a	adult AN18B001 neuron	
720575941593522390	BANC_888:720575941593522390	BANC888	is_a	T5b neuron	
720575941593526998	BANC_888:720575941593526998	BANC888	is_a	adult optic lobe intrinsic neuron	
720575941593531584	BANC_888:720575941593531584	BANC888	is_a	gustatory receptor neuron	
720575941593532523	BANC_888:720575941593532523	BANC888	is_a	T3 neuron	
720575941593533803	BANC_888:720575941593533803	BANC888	is_a	sensory neuron of haltere campaniform sensillum	
720575941593533989	BANC_888:720575941593533989	BANC888	is_a	T4a neuron	
720575941593534571	BANC_888:720575941593534571	BANC888	is_a	T3 neuron	
720575941593536470	BANC_888:720575941593536470	BANC888	is_a	T2 neuron	
720575941593536704	BANC_888:720575941593536704	BANC888	is_a	gustatory receptor neuron	
720575941593540904	BANC_888:720575941593540904	BANC888	is_a	T5a neuron	
720575941593546021	BANC_888:720575941593546021	BANC888	is_a	transmedullary neuron Tm3	
720575941593546603	BANC_888:720575941593546603	BANC888	is_a	adult CB1518 neuron	
720575941593548840	BANC_888:720575941593548840	BANC888	is_a	T5a neuron	
720575941593549864	BANC_888:720575941593549864	BANC888	is_a	adult optic lobe intrinsic neuron	
720575941593551399	BANC_888:720575941593551399	BANC888	is_a	adult optic lobe intrinsic neuron	
720575941593552933	BANC_888:720575941593552933	BANC888	is_a	transmedullary neuron Tm2	
720575941593555749	BANC_888:720575941593555749	BANC888	is_a	T5c neuron	
720575941593556331	BANC_888:720575941593556331	BANC888	is_a	adult CB1008 neuron	
720575941593559147	BANC_888:720575941593559147	BANC888	is_a	adult CB3527 neuron	
720575941593559403	BANC_888:720575941593559403	BANC888	is_a	adult wedge neuron 040	
720575941593560104	BANC_888:720575941593560104	BANC888	is_a	T4a neuron	
720575941593563350	BANC_888:720575941593563350	BANC888	is_a	T5a neuron	
720575941593564197	BANC_888:720575941593564197	BANC888	is_a	T3 neuron	
720575941593564968	BANC_888:720575941593564968	BANC888	is_a	T3 neuron	
720575941593567083	BANC_888:720575941593567083	BANC888	is_a	Y neuron Y3	
720575941593569061	BANC_888:720575941593569061	BANC888	is_a	medulla intrinsic neuron Mi4	
720575941593569750	BANC_888:720575941593569750	BANC888	is_a	lobula columnar neuron LC17	
720575941593570597	BANC_888:720575941593570597	BANC888	is_a	T4a neuron	
720575941593570923	BANC_888:720575941593570923	BANC888	is_a	adult CB3525 neuron	
720575941593571542	BANC_888:720575941593571542	BANC888	is_a	Y neuron Y3	
720575941593571877	BANC_888:720575941593571877	BANC888	is_a	T5a neuron	
720575941593576232	BANC_888:720575941593576232	BANC888	is_a	adult optic lobe intrinsic neuron	
720575941593576999	BANC_888:720575941593576999	BANC888	is_a	distal medullary amacrine neuron Dm10	
720575941593578023	BANC_888:720575941593578023	BANC888	is_a	adult optic lobe intrinsic neuron	
720575941593578280	BANC_888:720575941593578280	BANC888	is_a	lobula plate columnar neuron LPC1	
720575941593579048	BANC_888:720575941593579048	BANC888	is_a	adult optic lobe intrinsic neuron	
720575941593582443	BANC_888:720575941593582443	BANC888	is_a	adult superior medial protocerebrum neuron 186	
720575941593583655	BANC_888:720575941593583655	BANC888	is_a	distal medullary amacrine neuron Dm3a	FlyBase:FBrf0262545
720575941593584167	BANC_888:720575941593584167	BANC888	is_a	transmedullary neuron Tm9	
720575941593585448	BANC_888:720575941593585448	BANC888	is_a	T4d neuron	
720575941593587237	BANC_888:720575941593587237	BANC888	is_a	T4d neuron	
720575941593588263	BANC_888:720575941593588263	BANC888	is_a	adult optic lobe intrinsic neuron	
720575941593590385	BANC_888:720575941593590385	BANC888	is_a	adult SNta39 neuron	
720575941593595176	BANC_888:720575941593595176	BANC888	is_a	adult olfactory receptor neuron Or83c	
720575941593596967	BANC_888:720575941593596967	BANC888	is_a	transmedullary neuron Tm5Y	FlyBase:FBrf0262545
720575941593601575	BANC_888:720575941593601575	BANC888	is_a	T5a neuron	
720575941593601832	BANC_888:720575941593601832	BANC888	is_a	adult optic lobe intrinsic neuron	
720575941593604054	BANC_888:720575941593604054	BANC888	is_a	sensory neuron of wing campaniform sensillum	
720575941593605483	BANC_888:720575941593605483	BANC888	is_a	adult lobula visual projection neuron LoVP41	FlyBase:FBrf0262545
720575941593605669	BANC_888:720575941593605669	BANC888	is_a	transmedullary neuron Tm2	
720575941593607126	BANC_888:720575941593607126	BANC888	is_a	adult ANXXX019 neuron	
720575941593608743	BANC_888:720575941593608743	BANC888	is_a	T4c neuron	
720575941593609767	BANC_888:720575941593609767	BANC888	is_a	T5c neuron	
720575941593611047	BANC_888:720575941593611047	BANC888	is_a	T5d neuron	
720575941593611557	BANC_888:720575941593611557	BANC888	is_a	T4b neuron	
720575941593612907	BANC_888:720575941593612907	BANC888	is_a	adult superior medial protocerebrum neuron 600	
720575941593613096	BANC_888:720575941593613096	BANC888	is_a	adult olfactory receptor neuron Or85b	
720575941593613169	BANC_888:720575941593613169	BANC888	is_a	distal medullary amacrine neuron Dm14	
720575941593615211	BANC_888:720575941593615211	BANC888	is_a	adult IN14B007 neuron	
720575941593615574	BANC_888:720575941593615574	BANC888	is_a	T4a neuron	
720575941593620261	BANC_888:720575941593620261	BANC888	is_a	transmedullary neuron Tm16	
720575941593620773	BANC_888:720575941593620773	BANC888	is_a	distal medullary amacrine neuron Dm3a	FlyBase:FBrf0262545
720575941593622823	BANC_888:720575941593622823	BANC888	is_a	T4c neuron	
720575941593624278	BANC_888:720575941593624278	BANC888	is_a	adult superior medial protocerebrum neuron 261	
720575941593625195	BANC_888:720575941593625195	BANC888	is_a	adult superior medial protocerebrum neuron 025	
720575941593626663	BANC_888:720575941593626663	BANC888	is_a	T5b neuron	
720575941593627687	BANC_888:720575941593627687	BANC888	is_a	T4b neuron	
720575941593628456	BANC_888:720575941593628456	BANC888	is_a	adult optic lobe intrinsic neuron	
720575941593629221	BANC_888:720575941593629221	BANC888	is_a	photoreceptor cell R8	
720575941593631013	BANC_888:720575941593631013	BANC888	is_a	adult neurosecretory neuron	
720575941593633905	BANC_888:720575941593633905	BANC888	is_a	sensory neuron	
720575941593635623	BANC_888:720575941593635623	BANC888	is_a	distal medullary amacrine neuron Dm2	
720575941593637927	BANC_888:720575941593637927	BANC888	is_a	T5d neuron	
720575941593638949	BANC_888:720575941593638949	BANC888	is_a	Y neuron Y4	
720575941593639976	BANC_888:720575941593639976	BANC888	is_a	T2a neuron	
720575941593640485	BANC_888:720575941593640485	BANC888	is_a	T4b neuron	
720575941593646632	BANC_888:720575941593646632	BANC888	is_a	T2a neuron	
720575941593647653	BANC_888:720575941593647653	BANC888	is_a	T4b neuron	
720575941593647656	BANC_888:720575941593647656	BANC888	is_a	adult optic lobe intrinsic neuron	
720575941593654824	BANC_888:720575941593654824	BANC888	is_a	transmedullary Y neuron TmY14	
720575941593654917	BANC_888:720575941593654917	BANC888	is_a	sensory neuron of wing campaniform sensillum	
720575941593656939	BANC_888:720575941593656939	BANC888	is_a	gamma main Kenyon cell	
720575941593657127	BANC_888:720575941593657127	BANC888	is_a	T5a neuron	
720575941593660267	BANC_888:720575941593660267	BANC888	is_a	adult lateral accessory lobe neuron 094	
720575941593660712	BANC_888:720575941593660712	BANC888	is_a	adult optic lobe intrinsic neuron	
720575941593663190	BANC_888:720575941593663190	BANC888	is_a	adult CB2097 neuron	
720575941593666667	BANC_888:720575941593666667	BANC888	is_a	dopaminergic PAM neuron 10	
720575941593669415	BANC_888:720575941593669415	BANC888	is_a	transmedullary neuron Tm1	
720575941593671537	BANC_888:720575941593671537	BANC888	is_a	sensory neuron	
720575941593678119	BANC_888:720575941593678119	BANC888	is_a	transmedullary neuron Tm1	
720575941593683051	BANC_888:720575941593683051	BANC888	is_a	descending neuron of the posterior brain DNp10	
720575941593685355	BANC_888:720575941593685355	BANC888	is_a	adult CB2343 neuron	
720575941593688939	BANC_888:720575941593688939	BANC888	is_a	adult saddle neuron 052	
720575941593693291	BANC_888:720575941593693291	BANC888	is_a	adult olfactory receptor neuron Ir75d	
720575941593698774	BANC_888:720575941593698774	BANC888	is_a	mechanosensory neuron of interommatidial bristle	
720575941593699624	BANC_888:720575941593699624	BANC888	is_a	adult SNch05 neuron	
720575941593700459	BANC_888:720575941593700459	BANC888	is_a	adult olfactory receptor neuron Or22	
720575941593704488	BANC_888:720575941593704488	BANC888	is_a	adult SNta20 neuron	
720575941593711830	BANC_888:720575941593711830	BANC888	is_a	adult optic lobe intrinsic neuron	
720575941593712165	BANC_888:720575941593712165	BANC888	is_a	medulla intrinsic neuron Mi4	
720575941593713009	BANC_888:720575941593713009	BANC888	is_a	adult INXXX223 neuron	
720575941593715569	BANC_888:720575941593715569	BANC888	is_a	prothoracic pleural remotor and abductor muscle motor neuron	
720575941593716008	BANC_888:720575941593716008	BANC888	is_a	adult CB2153 neuron	
720575941593720871	BANC_888:720575941593720871	BANC888	is_a	T2a neuron	
720575941593732971	BANC_888:720575941593732971	BANC888	is_a	adult CNS neuron	
720575941593734437	BANC_888:720575941593734437	BANC888	is_a	medulla intrinsic neuron Mi4	
720575941593736488	BANC_888:720575941593736488	BANC888	is_a	adult optic lobe intrinsic neuron	
720575941593736555	BANC_888:720575941593736555	BANC888	is_a	adult CB3323 neuron	
720575941593736997	BANC_888:720575941593736997	BANC888	is_a	transmedullary Y neuron TmY20	
720575941593737585	BANC_888:720575941593737585	BANC888	is_a	adult IN21A081 neuron	
720575941593738859	BANC_888:720575941593738859	BANC888	is_a	adult olfactory receptor neuron Or47b	
720575941593739889	BANC_888:720575941593739889	BANC888	is_a	adult IN19A109 neuron	
720575941593742449	BANC_888:720575941593742449	BANC888	is_a	adult IN23B055 neuron	
720575941593743467	BANC_888:720575941593743467	BANC888	is_a	adult optic lobe intrinsic neuron	
720575941593743574	BANC_888:720575941593743574	BANC888	is_a	protocerebral bridge 1 glomerulus-fan-shaped body-nodulus 3 posterior domain neuron	
720575941593745003	BANC_888:720575941593745003	BANC888	is_a	zone B Johnston organ neuron	
720575941593745448	BANC_888:720575941593745448	BANC888	is_a	photoreceptor cell R8	
720575941593745704	BANC_888:720575941593745704	BANC888	is_a	lamina monopolar neuron L4	
720575941593746283	BANC_888:720575941593746283	BANC888	is_a	adult CB3269 neuron	
720575941593747051	BANC_888:720575941593747051	BANC888	is_a	adult CB0972 neuron	
720575941593748519	BANC_888:720575941593748519	BANC888	is_a	adult CB0583 neuron	
720575941593749361	BANC_888:720575941593749361	BANC888	is_a	alpha/beta Kenyon cell	
720575941593749541	BANC_888:720575941593749541	BANC888	is_a	adult AN19B036 neuron	
720575941593751336	BANC_888:720575941593751336	BANC888	is_a	lamina monopolar neuron L1	
720575941593757654	BANC_888:720575941593757654	BANC888	is_a	gamma main Kenyon cell	
720575941593758577	BANC_888:720575941593758577	BANC888	is_a	adult CB0960 neuron	
720575941593759781	BANC_888:720575941593759781	BANC888	is_a	sensory neuron of haltere campaniform sensillum	
720575941593761131	BANC_888:720575941593761131	BANC888	is_a	adult CB2750 neuron	
720575941593762341	BANC_888:720575941593762341	BANC888	is_a	adult CB2308 neuron	
720575941593763798	BANC_888:720575941593763798	BANC888	is_a	adult fan-shaped body horizontal delta neuron I	
720575941593764136	BANC_888:720575941593764136	BANC888	is_a	lamina monopolar neuron L4	
720575941593765672	BANC_888:720575941593765672	BANC888	is_a	adult ANXXX027 neuron	
720575941593768744	BANC_888:720575941593768744	BANC888	is_a	lamina monopolar neuron L1	
720575941593777366	BANC_888:720575941593777366	BANC888	is_a	adult protocerebral bridge 1 glomerulus-fan-shaped body-round body neuron	
720575941593777515	BANC_888:720575941593777515	BANC888	is_a	adult CB1138 neuron	
720575941593777771	BANC_888:720575941593777771	BANC888	is_a	adult CB3001 neuron	
720575941593780007	BANC_888:720575941593780007	BANC888	is_a	labellar taste bristle mechanosensory neuron	
720575941593782123	BANC_888:720575941593782123	BANC888	is_a	adult posterior ventrolateral protocerebrum neuron 099	
720575941593782891	BANC_888:720575941593782891	BANC888	is_a	adult antennal lobe projection neuron VL1 ilPN	
720575941593783232	BANC_888:720575941593783232	BANC888	is_a	mechanosensory neuron of maxillary palp bristle	
720575941593784360	BANC_888:720575941593784360	BANC888	is_a	lamina monopolar neuron L3	
720575941593785195	BANC_888:720575941593785195	BANC888	is_a	adult CB1976 neuron	
720575941593785640	BANC_888:720575941593785640	BANC888	is_a	lamina monopolar neuron L2	
720575941593787687	BANC_888:720575941593787687	BANC888	is_a	adult superior medial protocerebrum neuron 393	
720575941593789480	BANC_888:720575941593789480	BANC888	is_a	photoreceptor cell R7	
720575941593790065	BANC_888:720575941593790065	BANC888	is_a	medulla intrinsic neuron Mi1	
720575941593793238	BANC_888:720575941593793238	BANC888	is_a	adult IN23B040 neuron	
720575941593793387	BANC_888:720575941593793387	BANC888	is_a	lobula-lobula plate columnar neuron LLPC1	
720575941593794667	BANC_888:720575941593794667	BANC888	is_a	adult CB0580 neuron	
720575941593794856	BANC_888:720575941593794856	BANC888	is_a	photoreceptor cell R8	
720575941593795179	BANC_888:720575941593795179	BANC888	is_a	adult inferior bridge neuron 012	
720575941593797739	BANC_888:720575941593797739	BANC888	is_a	adult CB3152 neuron	
720575941593798870	BANC_888:720575941593798870	BANC888	is_a	adult IN21A013 neuron	
720575941593799976	BANC_888:720575941593799976	BANC888	is_a	centrifugal neuron C3	
720575941593800299	BANC_888:720575941593800299	BANC888	is_a	octopaminergic VUMa2 neuron	
720575941593801323	BANC_888:720575941593801323	BANC888	is_a	adult anterior ventrolateral protocerebrum neuron 297	
720575941593802091	BANC_888:720575941593802091	BANC888	is_a	adult CNS neuron	
720575941593802373	BANC_888:720575941593802373	BANC888	is_a	prothoracic tergotrochanter extensor muscle motor neuron	
720575941593806955	BANC_888:720575941593806955	BANC888	is_a	lobula columnar neuron LC10c	
720575941593807729	BANC_888:720575941593807729	BANC888	is_a	adult CB3320 neuron	
720575941593808854	BANC_888:720575941593808854	BANC888	is_a	adult IN09A050 neuron	
720575941593813867	BANC_888:720575941593813867	BANC888	is_a	adult optic lobe intrinsic neuron	
720575941593816534	BANC_888:720575941593816534	BANC888	is_a	adult IN19A034 neuron	
720575941593817302	BANC_888:720575941593817302	BANC888	is_a	adult IN13A015 neuron	
720575941593818152	BANC_888:720575941593818152	BANC888	is_a	lamina monopolar neuron L4	
720575941593821803	BANC_888:720575941593821803	BANC888	is_a	gamma main Kenyon cell	
720575941593823851	BANC_888:720575941593823851	BANC888	is_a	medulla intrinsic neuron Mi1	
720575941593827030	BANC_888:720575941593827030	BANC888	is_a	adult gamma Kenyon cell	
720575941593830952	BANC_888:720575941593830952	BANC888	is_a	lamina monopolar neuron L2	
720575941593836933	BANC_888:720575941593836933	BANC888	is_a	adult IN06B047 neuron	
720575941593839400	BANC_888:720575941593839400	BANC888	is_a	transmedullary neuron Tm1	
720575941593841541	BANC_888:720575941593841541	BANC888	is_a	adult IN03A088 neuron	
720575941593842646	BANC_888:720575941593842646	BANC888	is_a	adult CB1712 neuron	
720575941593843589	BANC_888:720575941593843589	BANC888	is_a	prothoracic sternotrochanter extensor muscle motor neuron	
720575941593845125	BANC_888:720575941593845125	BANC888	is_a	adult IN20A.22A042 neuron	
720575941593847766	BANC_888:720575941593847766	BANC888	is_a	adult IN02A020 neuron	
720575941593847921	BANC_888:720575941593847921	BANC888	is_a	adult VNC neuron	
720575941593852200	BANC_888:720575941593852200	BANC888	is_a	adult optic lobe intrinsic neuron	
720575941593853221	BANC_888:720575941593853221	BANC888	is_a	adult optic lobe intrinsic neuron	
720575941593853736	BANC_888:720575941593853736	BANC888	is_a	distal medullary amacrine neuron Dm15	
720575941593856039	BANC_888:720575941593856039	BANC888	is_a	adult fan-shaped body layer 7 neuron of CP2 lineage	
720575941593856552	BANC_888:720575941593856552	BANC888	is_a	transmedullary Y neuron TmY9	
720575941593857829	BANC_888:720575941593857829	BANC888	is_a	T2 neuron	
720575941593860566	BANC_888:720575941593860566	BANC888	is_a	adult fan-shaped body 1 column-crepine neuron	FlyBase:FBrf0246888
720575941593860715	BANC_888:720575941593860715	BANC888	is_a	lobula plate intrinsic neuron LPi3-4	FlyBase:FBrf0262545
720575941593862763	BANC_888:720575941593862763	BANC888	is_a	adult optic lobe intrinsic neuron	
720575941593868327	BANC_888:720575941593868327	BANC888	is_a	adult superior medial protocerebrum neuron 345	
720575941593869349	BANC_888:720575941593869349	BANC888	is_a	adult optic lobe intrinsic neuron	
720575941593872933	BANC_888:720575941593872933	BANC888	is_a	distal medullary amacrine neuron Dm3b	FlyBase:FBrf0262545
720575941593874216	BANC_888:720575941593874216	BANC888	is_a	adult optic lobe intrinsic neuron	
720575941593875589	BANC_888:720575941593875589	BANC888	is_a	adult IN00A057 neuron	
720575941593877543	BANC_888:720575941593877543	BANC888	is_a	adult IN02A011 neuron	
720575941593877637	BANC_888:720575941593877637	BANC888	is_a	medulla intrinsic neuron Mi15	
720575941593881963	BANC_888:720575941593881963	BANC888	is_a	T3 neuron	
720575941593882757	BANC_888:720575941593882757	BANC888	is_a	transmedullary neuron Tm2	
720575941593883685	BANC_888:720575941593883685	BANC888	is_a	distal medullary amacrine neuron Dm2	
720575941593884273	BANC_888:720575941593884273	BANC888	is_a	T5a neuron	
720575941593884965	BANC_888:720575941593884965	BANC888	is_a	distal medullary amacrine neuron Dm3b	FlyBase:FBrf0262545
720575941593885223	BANC_888:720575941593885223	BANC888	is_a	distal medullary amacrine neuron Dm18	
720575941593886501	BANC_888:720575941593886501	BANC888	is_a	T4c neuron	
720575941593886504	BANC_888:720575941593886504	BANC888	is_a	T2a neuron	
720575941593888625	BANC_888:720575941593888625	BANC888	is_a	medulla intrinsic neuron Mi2	
720575941593890774	BANC_888:720575941593890774	BANC888	is_a	adult IN16B075 neuron	
720575941593891624	BANC_888:720575941593891624	BANC888	is_a	lamina monopolar neuron L1	
720575941593891691	BANC_888:720575941593891691	BANC888	is_a	adult optic lobe intrinsic neuron	
720575941593891879	BANC_888:720575941593891879	BANC888	is_a	transmedullary neuron Tm2	
720575941593892721	BANC_888:720575941593892721	BANC888	is_a	T5b neuron	
720575941593893413	BANC_888:720575941593893413	BANC888	is_a	distal medullary amacrine neuron Dm3b	FlyBase:FBrf0262545
720575941593894102	BANC_888:720575941593894102	BANC888	is_a	femoral chordotonal hook neuron	
720575941593894769	BANC_888:720575941593894769	BANC888	is_a	T4c neuron	
720575941593895382	BANC_888:720575941593895382	BANC888	is_a	adult CB1794 neuron	
720575941593895793	BANC_888:720575941593895793	BANC888	is_a	adult optic lobe intrinsic neuron	
720575941593897509	BANC_888:720575941593897509	BANC888	is_a	Y neuron Y1	
720575941593897579	BANC_888:720575941593897579	BANC888	is_a	centrifugal neuron C3	
720575941593897942	BANC_888:720575941593897942	BANC888	is_a	femoral chordotonal claw neuron	
720575941593900677	BANC_888:720575941593900677	BANC888	is_a	adult IN23B031 neuron	
720575941593901681	BANC_888:720575941593901681	BANC888	is_a	T4b neuron	
720575941593904342	BANC_888:720575941593904342	BANC888	is_a	adult IN09A067 neuron	
720575941593904517	BANC_888:720575941593904517	BANC888	is_a	adult SNta31 neuron	
720575941593905366	BANC_888:720575941593905366	BANC888	is_a	adult SNta44 neuron	
720575941593905957	BANC_888:720575941593905957	BANC888	is_a	adult optic lobe intrinsic neuron	
720575941593905959	BANC_888:720575941593905959	BANC888	is_a	distal medullary amacrine neuron Dm1	
720575941593906981	BANC_888:720575941593906981	BANC888	is_a	transmedullary neuron Tm1	
720575941593908519	BANC_888:720575941593908519	BANC888	is_a	adult optic lobe intrinsic neuron	
720575941593909462	BANC_888:720575941593909462	BANC888	is_a	adult SNta41 neuron	
720575941593910821	BANC_888:720575941593910821	BANC888	is_a	distal medullary amacrine neuron Dm10	
720575941593912790	BANC_888:720575941593912790	BANC888	is_a	adult IN14A058 neuron	
720575941593914152	BANC_888:720575941593914152	BANC888	is_a	lamina monopolar neuron L2	
720575941593915505	BANC_888:720575941593915505	BANC888	is_a	T5b neuron	
720575941593917547	BANC_888:720575941593917547	BANC888	is_a	lobula columnar neuron LC12	
720575941593917803	BANC_888:720575941593917803	BANC888	is_a	distal medullary amacrine neuron Dm17	
720575941593918827	BANC_888:720575941593918827	BANC888	is_a	adult lobula tangential neuron LT47	
720575941593918934	BANC_888:720575941593918934	BANC888	is_a	adult SNta45 neuron	
720575941593919365	BANC_888:720575941593919365	BANC888	is_a	adult IN11A012 neuron	
720575941593921061	BANC_888:720575941593921061	BANC888	is_a	mechanosensory neuron of hair plate	
720575941593921576	BANC_888:720575941593921576	BANC888	is_a	adult EN27X010 neuron	
720575941593923461	BANC_888:720575941593923461	BANC888	is_a	adult IN03A062 neuron	
720575941593923947	BANC_888:720575941593923947	BANC888	is_a	lobula columnar neuron LC12	
720575941593924310	BANC_888:720575941593924310	BANC888	is_a	adult SNta37 neuron	
720575941593924904	BANC_888:720575941593924904	BANC888	is_a	adult optic lobe intrinsic neuron	
720575941593925483	BANC_888:720575941593925483	BANC888	is_a	visual projection neuron	
720575941593927281	BANC_888:720575941593927281	BANC888	is_a	Y neuron Y3	
720575941593928485	BANC_888:720575941593928485	BANC888	is_a	T5a neuron	
720575941593928744	BANC_888:720575941593928744	BANC888	is_a	lamina monopolar neuron L4	
720575941593929000	BANC_888:720575941593929000	BANC888	is_a	lamina monopolar neuron L4	
720575941593929174	BANC_888:720575941593929174	BANC888	is_a	adult IN03A094 neuron	
720575941593932246	BANC_888:720575941593932246	BANC888	is_a	adult SNta29 neuron	
720575941593933349	BANC_888:720575941593933349	BANC888	is_a	centrifugal neuron C3	
720575941593936747	BANC_888:720575941593936747	BANC888	is_a	adult olfactory receptor neuron Or59c	
720575941593937192	BANC_888:720575941593937192	BANC888	is_a	adult CB1126 neuron	
720575941593942312	BANC_888:720575941593942312	BANC888	is_a	adult medulla visual projection neuron MeVP10	FlyBase:FBrf0262545
720575941593944177	BANC_888:720575941593944177	BANC888	is_a	adult CB0945 neuron	
720575941593944613	BANC_888:720575941593944613	BANC888	is_a	T4d neuron	
720575941593945713	BANC_888:720575941593945713	BANC888	is_a	adult optic lobe intrinsic neuron	
720575941593947175	BANC_888:720575941593947175	BANC888	is_a	transmedullary neuron Tm20	
720575941593947249	BANC_888:720575941593947249	BANC888	is_a	T5a neuron	
720575941593947432	BANC_888:720575941593947432	BANC888	is_a	adult superior lateral protocerebrum neuron 047	
720575941593948037	BANC_888:720575941593948037	BANC888	is_a	adult IN21A026 neuron	
720575941593948200	BANC_888:720575941593948200	BANC888	is_a	lobula columnar neuron LC12	
720575941593948712	BANC_888:720575941593948712	BANC888	is_a	adult CB1861 neuron	
720575941593948805	BANC_888:720575941593948805	BANC888	is_a	adult IN06A116 neuron	
720575941593951339	BANC_888:720575941593951339	BANC888	is_a	T3 neuron	
720575941593952296	BANC_888:720575941593952296	BANC888	is_a	adult saddle neuron 013	
720575941593953137	BANC_888:720575941593953137	BANC888	is_a	columnar neuron T1	
720575941593953829	BANC_888:720575941593953829	BANC888	is_a	T5d neuron	
720575941593954344	BANC_888:720575941593954344	BANC888	is_a	adult superior lateral protocerebrum neuron 059	
720575941593954600	BANC_888:720575941593954600	BANC888	is_a	adult clamp neuron 083	
720575941593956904	BANC_888:720575941593956904	BANC888	is_a	adult superior lateral protocerebrum neuron 102	
720575941593957672	BANC_888:720575941593957672	BANC888	is_a	lobula columnar neuron LC10c	
720575941593957745	BANC_888:720575941593957745	BANC888	is_a	T5d neuron	
720575941593958184	BANC_888:720575941593958184	BANC888	is_a	adult lobula visual projection neuron LoVP105	
720575941593958440	BANC_888:720575941593958440	BANC888	is_a	adult CB2898 neuron	
720575941593959531	BANC_888:720575941593959531	BANC888	is_a	lobula columnar neuron LC12	
720575941593960232	BANC_888:720575941593960232	BANC888	is_a	adult SNta33 neuron	
720575941593960487	BANC_888:720575941593960487	BANC888	is_a	medulla intrinsic neuron Mi13	
720575941593961255	BANC_888:720575941593961255	BANC888	is_a	wing margin mechanosensory bristle	
720575941593961585	BANC_888:720575941593961585	BANC888	is_a	T4d neuron	
720575941593961686	BANC_888:720575941593961686	BANC888	is_a	adult IN13B013 neuron	
720575941593961768	BANC_888:720575941593961768	BANC888	is_a	adult CB2739 neuron	
720575941593962536	BANC_888:720575941593962536	BANC888	is_a	protocerebral bridge 1 glomerulus-fan-shaped body-nodulus 3 posterior domain neuron	
720575941593963734	BANC_888:720575941593963734	BANC888	is_a	adult fruitless vPR7 neuron	
720575941593964327	BANC_888:720575941593964327	BANC888	is_a	transmedullary Y neuron TmY20	
720575941593964584	BANC_888:720575941593964584	BANC888	is_a	adult IN01A070 neuron	
720575941593965957	BANC_888:720575941593965957	BANC888	is_a	adult IN06A036 neuron	
720575941593968235	BANC_888:720575941593968235	BANC888	is_a	adult posterior lateral protocerebrum neuron 064	
720575941593968241	BANC_888:720575941593968241	BANC888	is_a	T5a neuron	
720575941593968423	BANC_888:720575941593968423	BANC888	is_a	transmedullary neuron Tm4	
720575941593968424	BANC_888:720575941593968424	BANC888	is_a	adult CNS neuron	
720575941593968773	BANC_888:720575941593968773	BANC888	is_a	adult IN06A129 neuron	
720575941593968935	BANC_888:720575941593968935	BANC888	is_a	distal medullary amacrine neuron Dm8a	
720575941593976103	BANC_888:720575941593976103	BANC888	is_a	medulla intrinsic neuron Mi4	
720575941593976945	BANC_888:720575941593976945	BANC888	is_a	T5d neuron	
720575941593977128	BANC_888:720575941593977128	BANC888	is_a	adult CB1443 neuron	
720575941593978663	BANC_888:720575941593978663	BANC888	is_a	T5b neuron	
720575941593978731	BANC_888:720575941593978731	BANC888	is_a	T5b neuron	
720575941593979173	BANC_888:720575941593979173	BANC888	is_a	adult superior medial protocerebrum neuron 372	
720575941593980293	BANC_888:720575941593980293	BANC888	is_a	adult IN20A.22A017 neuron	
720575941593982321	BANC_888:720575941593982321	BANC888	is_a	translobula plate neuron Tlp4	
720575941593982503	BANC_888:720575941593982503	BANC888	is_a	transmedullary neuron Tm6	FlyBase:FBrf0262545
720575941593982504	BANC_888:720575941593982504	BANC888	is_a	adult CB3113 neuron	
720575941593984645	BANC_888:720575941593984645	BANC888	is_a	adult motor neuron	
720575941593987953	BANC_888:720575941593987953	BANC888	is_a	adult optic lobe intrinsic neuron	
720575941593991464	BANC_888:720575941593991464	BANC888	is_a	adult central brain intrinsic neuron	
720575941593991894	BANC_888:720575941593991894	BANC888	is_a	gamma main Kenyon cell	
720575941593992232	BANC_888:720575941593992232	BANC888	is_a	adult CB1696 neuron	
720575941593992488	BANC_888:720575941593992488	BANC888	is_a	adult central brain intrinsic neuron	
720575941593993256	BANC_888:720575941593993256	BANC888	is_a	adult CB2665 neuron	
720575941593993512	BANC_888:720575941593993512	BANC888	is_a	adult CB1093 neuron	
720575941593994024	BANC_888:720575941593994024	BANC888	is_a	adult olfactory receptor neuron Or82a	
720575941593995371	BANC_888:720575941593995371	BANC888	is_a	adult optic lobe intrinsic neuron	
720575941593996327	BANC_888:720575941593996327	BANC888	is_a	T5d neuron	
720575941593997095	BANC_888:720575941593997095	BANC888	is_a	T4a neuron	
720575941594001541	BANC_888:720575941594001541	BANC888	is_a	adult SNxx14 neuron	
720575941594005800	BANC_888:720575941594005800	BANC888	is_a	adult CB1583 neuron	
720575941594006311	BANC_888:720575941594006311	BANC888	is_a	T4b neuron	
720575941594007592	BANC_888:720575941594007592	BANC888	is_a	adult IN20A.22A087 neuron	
720575941594008104	BANC_888:720575941594008104	BANC888	is_a	lamina monopolar neuron L5	
720575941594012711	BANC_888:720575941594012711	BANC888	is_a	distal medullary amacrine neuron Dm15	
720575941594012886	BANC_888:720575941594012886	BANC888	is_a	mechanosensory neuron of interommatidial bristle	
720575941594013654	BANC_888:720575941594013654	BANC888	is_a	adult SNta29 neuron	
720575941594014833	BANC_888:720575941594014833	BANC888	is_a	adult CB2936 neuron	
720575941594018853	BANC_888:720575941594018853	BANC888	is_a	mechanosensory neuron of interommatidial bristle	
720575941594021415	BANC_888:720575941594021415	BANC888	is_a	adult CB3004 neuron	
720575941594022183	BANC_888:720575941594022183	BANC888	is_a	T5d neuron	
720575941594023205	BANC_888:720575941594023205	BANC888	is_a	T5c neuron	
720575941594024305	BANC_888:720575941594024305	BANC888	is_a	adult medulla-lobula neuron MeLo2	FlyBase:FBrf0262545
720575941594030550	BANC_888:720575941594030550	BANC888	is_a	bristle sensory neuron	
720575941594031656	BANC_888:720575941594031656	BANC888	is_a	medulla intrinsic neuron Mi1	
720575941594031723	BANC_888:720575941594031723	BANC888	is_a	adult CNS neuron	
720575941594035414	BANC_888:720575941594035414	BANC888	is_a	adult SNta37 neuron	
720575941594035670	BANC_888:720575941594035670	BANC888	is_a	adult SNta35 neuron	
720575941594037105	BANC_888:720575941594037105	BANC888	is_a	adult saddle neuron 011	
720575941594037462	BANC_888:720575941594037462	BANC888	is_a	wing margin mechanosensory bristle	
720575941594040357	BANC_888:720575941594040357	BANC888	is_a	T4d neuron	
720575941594042664	BANC_888:720575941594042664	BANC888	is_a	adult superior medial protocerebrum neuron 143	
720575941594044017	BANC_888:720575941594044017	BANC888	is_a	transmedullary neuron Tm4	
720575941594044630	BANC_888:720575941594044630	BANC888	is_a	gustatory receptor neuron	
720575941594045142	BANC_888:720575941594045142	BANC888	is_a	zone E Johnston organ neuron	
720575941594046248	BANC_888:720575941594046248	BANC888	is_a	distal medullary amacrine neuron Dm3a	FlyBase:FBrf0262545
720575941594046759	BANC_888:720575941594046759	BANC888	is_a	adult optic lobe intrinsic neuron	
720575941594047190	BANC_888:720575941594047190	BANC888	is_a	mechanosensory neuron of hair plate	
720575941594047272	BANC_888:720575941594047272	BANC888	is_a	adult optic lobe intrinsic neuron	
720575941594050518	BANC_888:720575941594050518	BANC888	is_a	adult SNch10 neuron	
720575941594051368	BANC_888:720575941594051368	BANC888	is_a	T5d neuron	
720575941594055281	BANC_888:720575941594055281	BANC888	is_a	lobula columnar neuron LC17	
720575941594056231	BANC_888:720575941594056231	BANC888	is_a	adult hygrosensory neuron Ir40a VP4	
720575941594057686	BANC_888:720575941594057686	BANC888	is_a	mechanosensory neuron of hair plate	
720575941594058353	BANC_888:720575941594058353	BANC888	is_a	lobula columnar neuron LC24	
720575941594059557	BANC_888:720575941594059557	BANC888	is_a	adult optic lobe intrinsic neuron	
720575941594060139	BANC_888:720575941594060139	BANC888	is_a	adult optic lobe intrinsic neuron	
720575941594061349	BANC_888:720575941594061349	BANC888	is_a	transmedullary neuron Tm9	
720575941594061352	BANC_888:720575941594061352	BANC888	is_a	T4a neuron	
720575941594062120	BANC_888:720575941594062120	BANC888	is_a	transmedullary neuron Tm5Y	FlyBase:FBrf0262545
720575941594063979	BANC_888:720575941594063979	BANC888	is_a	adult optic lobe intrinsic neuron	
720575941594064165	BANC_888:720575941594064165	BANC888	is_a	medulla intrinsic neuron Mi15	
720575941594064235	BANC_888:720575941594064235	BANC888	is_a	centrifugal neuron C2	
720575941594068331	BANC_888:720575941594068331	BANC888	is_a	adult optic lobe intrinsic neuron	
720575941594068843	BANC_888:720575941594068843	BANC888	is_a	T5b neuron	
720575941594071080	BANC_888:720575941594071080	BANC888	is_a	adult SNta20 neuron	
720575941594071147	BANC_888:720575941594071147	BANC888	is_a	adult optic lobe intrinsic neuron	
720575941594071665	BANC_888:720575941594071665	BANC888	is_a	lamina monopolar neuron L4	
720575941594072689	BANC_888:720575941594072689	BANC888	is_a	distal medullary amacrine neuron Dm2	
720575941594072790	BANC_888:720575941594072790	BANC888	is_a	distal medullary amacrine neuron Dm2	
720575941594074225	BANC_888:720575941594074225	BANC888	is_a	transmedullary neuron Tm1	
720575941594074987	BANC_888:720575941594074987	BANC888	is_a	mechanosensory neuron of interommatidial bristle	
720575941594076456	BANC_888:720575941594076456	BANC888	is_a	T3 neuron	
720575941594078059	BANC_888:720575941594078059	BANC888	is_a	lobula plate intrinsic neuron LPi34-12	FlyBase:FBrf0262545
720575941594079595	BANC_888:720575941594079595	BANC888	is_a	adult optic lobe intrinsic neuron	
720575941594080881	BANC_888:720575941594080881	BANC888	is_a	adult optic lobe intrinsic neuron	
720575941594081899	BANC_888:720575941594081899	BANC888	is_a	lobula plate intrinsic neuron LPi2d	FlyBase:FBrf0262545
720575941594083691	BANC_888:720575941594083691	BANC888	is_a	T5a neuron	
720575941594083880	BANC_888:720575941594083880	BANC888	is_a	adult optic lobe intrinsic neuron	
720575941594084136	BANC_888:720575941594084136	BANC888	is_a	adult optic lobe intrinsic neuron	
720575941594086440	BANC_888:720575941594086440	BANC888	is_a	adult optic lobe intrinsic neuron	
720575941594088229	BANC_888:720575941594088229	BANC888	is_a	T5d neuron	
720575941594090021	BANC_888:720575941594090021	BANC888	is_a	T2 neuron	
720575941594090023	BANC_888:720575941594090023	BANC888	is_a	lobula columnar neuron LC18	
720575941594091397	BANC_888:720575941594091397	BANC888	is_a	mesothoracic intracoxal trochanter levator muscle motor neuron	
720575941594093937	BANC_888:720575941594093937	BANC888	is_a	transmedullary neuron Tm4	
720575941594094119	BANC_888:720575941594094119	BANC888	is_a	T4a neuron	
720575941594097704	BANC_888:720575941594097704	BANC888	is_a	T3 neuron	
720575941594101029	BANC_888:720575941594101029	BANC888	is_a	T5a neuron	
720575941594102823	BANC_888:720575941594102823	BANC888	is_a	T3 neuron	
720575941594103766	BANC_888:720575941594103766	BANC888	is_a	adult CNS neuron	
720575941594103915	BANC_888:720575941594103915	BANC888	is_a	adult optic lobe intrinsic neuron	
720575941594106407	BANC_888:720575941594106407	BANC888	is_a	T4b neuron	
720575941594109736	BANC_888:720575941594109736	BANC888	is_a	transmedullary Y neuron TmY3	
720575941594110422	BANC_888:720575941594110422	BANC888	is_a	adult CB1728 neuron	
720575941594113238	BANC_888:720575941594113238	BANC888	is_a	adult antler neuron 042	
720575941594114673	BANC_888:720575941594114673	BANC888	is_a	T5a neuron	
720575941594116203	BANC_888:720575941594116203	BANC888	is_a	adult optic lobe intrinsic neuron	
720575941594116465	BANC_888:720575941594116465	BANC888	is_a	distal medullary amacrine neuron Dm3a	FlyBase:FBrf0262545
720575941594117227	BANC_888:720575941594117227	BANC888	is_a	adult optic lobe intrinsic neuron	
720575941594120305	BANC_888:720575941594120305	BANC888	is_a	T4d neuron	
720575941594122280	BANC_888:720575941594122280	BANC888	is_a	lamina monopolar neuron L5	
720575941594122353	BANC_888:720575941594122353	BANC888	is_a	T5c neuron	
720575941594125526	BANC_888:720575941594125526	BANC888	is_a	gamma main Kenyon cell	
720575941594126632	BANC_888:720575941594126632	BANC888	is_a	adult optic lobe intrinsic neuron	
720575941594129521	BANC_888:720575941594129521	BANC888	is_a	transmedullary neuron Tm3	
720575941594130902	BANC_888:720575941594130902	BANC888	is_a	adult CB1439 neuron	
720575941594131051	BANC_888:720575941594131051	BANC888	is_a	adult olfactory receptor neuron Or67c	
720575941594131313	BANC_888:720575941594131313	BANC888	is_a	T5c neuron	
720575941594132849	BANC_888:720575941594132849	BANC888	is_a	transmedullary neuron Tm3	
720575941594134897	BANC_888:720575941594134897	BANC888	is_a	transmedullary neuron Tm4	
720575941594135941	BANC_888:720575941594135941	BANC888	is_a	adult SNta35 neuron	
720575941594136616	BANC_888:720575941594136616	BANC888	is_a	adult lobula tangential neuron LT52	
720575941594140374	BANC_888:720575941594140374	BANC888	is_a	alpha/beta Kenyon cell	
720575941594141477	BANC_888:720575941594141477	BANC888	is_a	adult medulla-lobula neuron MeLo4	FlyBase:FBrf0262545
720575941594142827	BANC_888:720575941594142827	BANC888	is_a	adult optic lobe intrinsic neuron	
720575941594148133	BANC_888:720575941594148133	BANC888	is_a	transmedullary neuron Tm9	
720575941594148310	BANC_888:720575941594148310	BANC888	is_a	adult CB0806 neuron	
720575941594148648	BANC_888:720575941594148648	BANC888	is_a	adult central medulla intrinsic neuron Cm17	FlyBase:FBrf0262545
720575941594149416	BANC_888:720575941594149416	BANC888	is_a	adult optic lobe intrinsic neuron	
720575941594151976	BANC_888:720575941594151976	BANC888	is_a	adult optic lobe intrinsic neuron	
720575941594152744	BANC_888:720575941594152744	BANC888	is_a	distal medullary amacrine neuron Dm15	
720575941594153509	BANC_888:720575941594153509	BANC888	is_a	adult IN12B024 neuron	
720575941594153512	BANC_888:720575941594153512	BANC888	is_a	adult optic lobe intrinsic neuron	
720575941594153579	BANC_888:720575941594153579	BANC888	is_a	distal medullary amacrine neuron Dm3c	FlyBase:FBrf0262545
720575941594155304	BANC_888:720575941594155304	BANC888	is_a	adult optic lobe intrinsic neuron	
720575941594157863	BANC_888:720575941594157863	BANC888	is_a	adult optic lobe intrinsic neuron	
720575941594159473	BANC_888:720575941594159473	BANC888	is_a	T4c neuron	
720575941594159574	BANC_888:720575941594159574	BANC888	is_a	adult CB3794 neuron	
720575941594160421	BANC_888:720575941594160421	BANC888	is_a	adult IN19B043 neuron	
720575941594161192	BANC_888:720575941594161192	BANC888	is_a	adult central brain intrinsic neuron	
720575941594162795	BANC_888:720575941594162795	BANC888	is_a	protocerebral bridge 1 glomerulus-fan-shaped body-nodulus 3 posterior domain neuron	
720575941594164261	BANC_888:720575941594164261	BANC888	is_a	T2 neuron	
720575941594164593	BANC_888:720575941594164593	BANC888	is_a	T3 neuron	
720575941594165287	BANC_888:720575941594165287	BANC888	is_a	transmedullary Y neuron TmY14	
720575941594165617	BANC_888:720575941594165617	BANC888	is_a	transmedullary neuron Tm2	
720575941594168104	BANC_888:720575941594168104	BANC888	is_a	transmedullary Y neuron TmY16	
720575941594172712	BANC_888:720575941594172712	BANC888	is_a	adult optic lobe intrinsic neuron	
720575941594174571	BANC_888:720575941594174571	BANC888	is_a	adult lobula plate tangential neuron LPT31	
720575941594175089	BANC_888:720575941594175089	BANC888	is_a	T4d neuron	
720575941594177064	BANC_888:720575941594177064	BANC888	is_a	transmedullary neuron Tm3	
720575941594178344	BANC_888:720575941594178344	BANC888	is_a	adult optic lobe intrinsic neuron	
720575941594179112	BANC_888:720575941594179112	BANC888	is_a	adult optic lobe intrinsic neuron	
720575941594180203	BANC_888:720575941594180203	BANC888	is_a	transmedullary neuron Tm9	
720575941594182769	BANC_888:720575941594182769	BANC888	is_a	transmedullary Y neuron TmY3	
720575941594183207	BANC_888:720575941594183207	BANC888	is_a	alpha/beta Kenyon cell	
720575941594183382	BANC_888:720575941594183382	BANC888	is_a	adult CB2358 neuron	
720575941594185511	BANC_888:720575941594185511	BANC888	is_a	Y neuron Y12	
720575941594185942	BANC_888:720575941594185942	BANC888	is_a	adult anterior ventrolateral protocerebrum neuron 189	
720575941594186789	BANC_888:720575941594186789	BANC888	is_a	adult IN23B057 neuron	
720575941594187048	BANC_888:720575941594187048	BANC888	is_a	T4b neuron	
720575941594188325	BANC_888:720575941594188325	BANC888	is_a	adult AN08B101 neuron	
720575941594189352	BANC_888:720575941594189352	BANC888	is_a	adult IN03B053 neuron	
720575941594189605	BANC_888:720575941594189605	BANC888	is_a	adult IN19A052 neuron	
720575941594189675	BANC_888:720575941594189675	BANC888	is_a	octopaminergic VUMa5 neuron	
720575941594189864	BANC_888:720575941594189864	BANC888	is_a	adult olfactory receptor neuron Or92a	
720575941594191144	BANC_888:720575941594191144	BANC888	is_a	adult contralateral medulla LC14 neuron	
720575941594193003	BANC_888:720575941594193003	BANC888	is_a	distal medullary amacrine neuron Dm11	
720575941594193265	BANC_888:720575941594193265	BANC888	is_a	T5a neuron	
720575941594193622	BANC_888:720575941594193622	BANC888	is_a	adult anterior ventrolateral protocerebrum neuron 026	
720575941594194728	BANC_888:720575941594194728	BANC888	is_a	adult optic lobe intrinsic neuron	
720575941594194801	BANC_888:720575941594194801	BANC888	is_a	adult CB1124 neuron	
720575941594200177	BANC_888:720575941594200177	BANC888	is_a	T5c neuron	
720575941594200360	BANC_888:720575941594200360	BANC888	is_a	adult optic lobe intrinsic neuron	
720575941594200433	BANC_888:720575941594200433	BANC888	is_a	T5c neuron	
720575941594200613	BANC_888:720575941594200613	BANC888	is_a	adult IN21A064 neuron	
720575941594202475	BANC_888:720575941594202475	BANC888	is_a	bristle sensory neuron	
720575941594204968	BANC_888:720575941594204968	BANC888	is_a	lamina monopolar neuron L2	
720575941594205224	BANC_888:720575941594205224	BANC888	is_a	adult central medulla intrinsic neuron Cm6	FlyBase:FBrf0262545
720575941594205297	BANC_888:720575941594205297	BANC888	is_a	T4a neuron	
720575941594206065	BANC_888:720575941594206065	BANC888	is_a	transmedullary neuron Tm20	
720575941594207528	BANC_888:720575941594207528	BANC888	is_a	adult anterior ventrolateral protocerebrum neuron 441	
720575941594207851	BANC_888:720575941594207851	BANC888	is_a	adult olfactory receptor neuron Ir31a	
720575941594209061	BANC_888:720575941594209061	BANC888	is_a	adult IN09A085 neuron	
720575941594209905	BANC_888:720575941594209905	BANC888	is_a	T4a neuron	
720575941594210344	BANC_888:720575941594210344	BANC888	is_a	adult optic lobe intrinsic neuron	
720575941594212229	BANC_888:720575941594212229	BANC888	is_a	adult CB3189 neuron	
720575941594213927	BANC_888:720575941594213927	BANC888	is_a	adult IN11B016 neuron	
720575941594213995	BANC_888:720575941594213995	BANC888	is_a	columnar neuron T1	
720575941594214358	BANC_888:720575941594214358	BANC888	is_a	distal medullary amacrine neuron Dm10	
720575941594214870	BANC_888:720575941594214870	BANC888	is_a	adult lateral horn PV5a1 neuron	
720575941594215207	BANC_888:720575941594215207	BANC888	is_a	adult IN20A.22A024 neuron	
720575941594215463	BANC_888:720575941594215463	BANC888	is_a	adult IN07B080 neuron	
720575941594216744	BANC_888:720575941594216744	BANC888	is_a	transmedullary Y neuron TmY14	
720575941594220907	BANC_888:720575941594220907	BANC888	is_a	lamina monopolar neuron L4	
720575941594223723	BANC_888:720575941594223723	BANC888	is_a	lamina monopolar neuron L1	
720575941594224680	BANC_888:720575941594224680	BANC888	is_a	medulla intrinsic neuron Mi9	
720575941594225191	BANC_888:720575941594225191	BANC888	is_a	adult IN03A094 neuron	
720575941594226727	BANC_888:720575941594226727	BANC888	is_a	medulla intrinsic neuron Mi4	
720575941594226795	BANC_888:720575941594226795	BANC888	is_a	lamina monopolar neuron L3	
720575941594228075	BANC_888:720575941594228075	BANC888	is_a	lamina monopolar neuron L2	
720575941594228950	BANC_888:720575941594228950	BANC888	is_a	lobula columnar neuron LC10c	
720575941594229867	BANC_888:720575941594229867	BANC888	is_a	lamina monopolar neuron L4	
720575941594230056	BANC_888:720575941594230056	BANC888	is_a	visual projection neuron	
720575941594230123	BANC_888:720575941594230123	BANC888	is_a	lamina monopolar neuron L1	
720575941594231403	BANC_888:720575941594231403	BANC888	is_a	lamina monopolar neuron L4	
720575941594231915	BANC_888:720575941594231915	BANC888	is_a	lamina monopolar neuron L2	
720575941594232359	BANC_888:720575941594232359	BANC888	is_a	adult IN19A041 neuron	
720575941594233457	BANC_888:720575941594233457	BANC888	is_a	transmedullary neuron Tm9	
720575941594234737	BANC_888:720575941594234737	BANC888	is_a	medulla intrinsic neuron Mi1	
720575941594239272	BANC_888:720575941594239272	BANC888	is_a	adult anterior ventrolateral protocerebrum neuron 286	
720575941594240295	BANC_888:720575941594240295	BANC888	is_a	adult tubercle-bulb neuron 02	
720575941594240551	BANC_888:720575941594240551	BANC888	is_a	adult tubercle-bulb neuron 03	
720575941594242344	BANC_888:720575941594242344	BANC888	is_a	adult lobula intrinsic neuron Li27	FlyBase:FBrf0262545
720575941594243947	BANC_888:720575941594243947	BANC888	is_a	lamina monopolar neuron L4	
720575941594245416	BANC_888:720575941594245416	BANC888	is_a	T2a neuron	
720575941594245509	BANC_888:720575941594245509	BANC888	is_a	adult ellipsoid body ring neuron R5	
720575941594245928	BANC_888:720575941594245928	BANC888	is_a	columnar neuron T1	
720575941594246439	BANC_888:720575941594246439	BANC888	is_a	alpha/beta Kenyon cell	
720575941594246440	BANC_888:720575941594246440	BANC888	is_a	adult medulla-tubercle neuron 3	
720575941594248488	BANC_888:720575941594248488	BANC888	is_a	lamina monopolar neuron L2	
720575941594250280	BANC_888:720575941594250280	BANC888	is_a	adult optic lobe intrinsic neuron	
720575941594250710	BANC_888:720575941594250710	BANC888	is_a	visual projection neuron	
720575941594251454	BANC_888:720575941594251454	BANC888	is_a	adult gustatory receptor neuron	
720575941594253351	BANC_888:720575941594253351	BANC888	is_a	adult gamma Kenyon cell	
720575941594253863	BANC_888:720575941594253863	BANC888	is_a	alpha/beta Kenyon cell	
720575941594255656	BANC_888:720575941594255656	BANC888	is_a	wing margin mechanosensory bristle	
720575941594257777	BANC_888:720575941594257777	BANC888	is_a	medulla intrinsic neuron Mi13	
720575941594258216	BANC_888:720575941594258216	BANC888	is_a	mesothoracic leg taste bristle chemosensory neuron	
720575941594258545	BANC_888:720575941594258545	BANC888	is_a	transmedullary Y neuron TmY14	
720575941594260950	BANC_888:720575941594260950	BANC888	is_a	adult ellipsoid body ring neuron R5	
720575941594262056	BANC_888:720575941594262056	BANC888	is_a	adult SNch05 neuron	
720575941594263766	BANC_888:720575941594263766	BANC888	is_a	lamina monopolar neuron L5	
720575941594263915	BANC_888:720575941594263915	BANC888	is_a	lamina monopolar neuron L5	
720575941594264869	BANC_888:720575941594264869	BANC888	is_a	adult INXXX316 neuron	
720575941594264939	BANC_888:720575941594264939	BANC888	is_a	lamina monopolar neuron L5	
720575941594266838	BANC_888:720575941594266838	BANC888	is_a	transmedullary neuron Tm2	
720575941594268011	BANC_888:720575941594268011	BANC888	is_a	photoreceptor cell R8	
720575941594268455	BANC_888:720575941594268455	BANC888	is_a	adult INXXX290 neuron	
720575941594268968	BANC_888:720575941594268968	BANC888	is_a	adult optic lobe intrinsic neuron	
720575941594270059	BANC_888:720575941594270059	BANC888	is_a	columnar neuron T1	
720575941594271851	BANC_888:720575941594271851	BANC888	is_a	lamina monopolar neuron L4	
720575941594271958	BANC_888:720575941594271958	BANC888	is_a	adult optic lobe intrinsic neuron	
720575941594272552	BANC_888:720575941594272552	BANC888	is_a	lobula columnar neuron LC10c	
720575941594272808	BANC_888:720575941594272808	BANC888	is_a	T2a neuron	
720575941594274341	BANC_888:720575941594274341	BANC888	is_a	gustatory receptor neuron of the wing	
720575941594279976	BANC_888:720575941594279976	BANC888	is_a	proximal medullary amacrine neuron Pm1	FlyBase:FBrf0262545
720575941594284328	BANC_888:720575941594284328	BANC888	is_a	lobula columnar neuron LC6	
720575941594285419	BANC_888:720575941594285419	BANC888	is_a	photoreceptor cell R8	
720575941594285681	BANC_888:720575941594285681	BANC888	is_a	adult SNta29 neuron	
720575941594287143	BANC_888:720575941594287143	BANC888	is_a	alpha/beta core Kenyon cell	
720575941594288261	BANC_888:720575941594288261	BANC888	is_a	adult CB2397 neuron	
720575941594292331	BANC_888:720575941594292331	BANC888	is_a	lamina monopolar neuron L4	
720575941594292775	BANC_888:720575941594292775	BANC888	is_a	adult INXXX101 neuron	
720575941594292776	BANC_888:720575941594292776	BANC888	is_a	transmedullary neuron Tm3	
720575941594293031	BANC_888:720575941594293031	BANC888	is_a	adult SNta29 neuron	
720575941594293032	BANC_888:720575941594293032	BANC888	is_a	adult AN09B029 neuron	
720575941594294312	BANC_888:720575941594294312	BANC888	is_a	adult IN09B014 neuron	
720575941594295665	BANC_888:720575941594295665	BANC888	is_a	adult CB2294 neuron	
720575941594295848	BANC_888:720575941594295848	BANC888	is_a	medulla intrinsic neuron Mi4	
720575941594296171	BANC_888:720575941594296171	BANC888	is_a	adult anterior ventrolateral protocerebrum neuron 292	
720575941594296360	BANC_888:720575941594296360	BANC888	is_a	gustatory receptor neuron of the wing	
720575941594296872	BANC_888:720575941594296872	BANC888	is_a	adult optic lobe intrinsic neuron	
720575941594297384	BANC_888:720575941594297384	BANC888	is_a	Y neuron Y12	
720575941594299499	BANC_888:720575941594299499	BANC888	is_a	photoreceptor cell R7	
720575941594299755	BANC_888:720575941594299755	BANC888	is_a	photoreceptor cell R8	
720575941594301224	BANC_888:720575941594301224	BANC888	is_a	adult optic lobe intrinsic neuron	
720575941594301809	BANC_888:720575941594301809	BANC888	is_a	adult central brain intrinsic neuron	
720575941594302760	BANC_888:720575941594302760	BANC888	is_a	lamina monopolar neuron L2	
720575941594303527	BANC_888:720575941594303527	BANC888	is_a	sensory neuron of haltere campaniform sensillum	
720575941594303528	BANC_888:720575941594303528	BANC888	is_a	transmedullary neuron Tm32	FlyBase:FBrf0262545
720575941594303857	BANC_888:720575941594303857	BANC888	is_a	adult SNch14 neuron	
720575941594305494	BANC_888:720575941594305494	BANC888	is_a	adult CB1699 neuron	
720575941594306855	BANC_888:720575941594306855	BANC888	is_a	adult SNxx14 neuron	
720575941594306856	BANC_888:720575941594306856	BANC888	is_a	adult optic lobe intrinsic neuron	
720575941594307624	BANC_888:720575941594307624	BANC888	is_a	adult IN23B037 neuron	
720575941594308721	BANC_888:720575941594308721	BANC888	is_a	adult IN01A071 neuron	
720575941594309227	BANC_888:720575941594309227	BANC888	is_a	adult optic lobe intrinsic neuron	
720575941594310184	BANC_888:720575941594310184	BANC888	is_a	adult INXXX149 neuron	
720575941594311025	BANC_888:720575941594311025	BANC888	is_a	adult IN13B072 neuron	
720575941594311463	BANC_888:720575941594311463	BANC888	is_a	adult SNta43 neuron	
720575941594312999	BANC_888:720575941594312999	BANC888	is_a	adult SNta19 neuron	
720575941594316840	BANC_888:720575941594316840	BANC888	is_a	adult olfactory receptor neuron Or67a	
720575941594317095	BANC_888:720575941594317095	BANC888	is_a	adult IN03A054 neuron	
720575941594319912	BANC_888:720575941594319912	BANC888	is_a	adult olfactory receptor neuron Or43b	
720575941594321110	BANC_888:720575941594321110	BANC888	is_a	adult optic lobe intrinsic neuron	
720575941594322216	BANC_888:720575941594322216	BANC888	is_a	distal medullary amacrine neuron Dm2	
720575941594322984	BANC_888:720575941594322984	BANC888	is_a	adult optic lobe intrinsic neuron	
720575941594331941	BANC_888:720575941594331941	BANC888	is_a	adult SNch14 neuron	
720575941594331944	BANC_888:720575941594331944	BANC888	is_a	lobula columnar neuron LC4	
720575941594332712	BANC_888:720575941594332712	BANC888	is_a	adult optic lobe intrinsic neuron	
720575941594333733	BANC_888:720575941594333733	BANC888	is_a	femoral chordotonal club neuron	
720575941594333991	BANC_888:720575941594333991	BANC888	is_a	adult IN02A056 neuron	
720575941594334321	BANC_888:720575941594334321	BANC888	is_a	adult optic lobe intrinsic neuron	
720575941594336113	BANC_888:720575941594336113	BANC888	is_a	adult optic lobe intrinsic neuron	
720575941594338088	BANC_888:720575941594338088	BANC888	is_a	lobula columnar neuron LC10a	
720575941594338856	BANC_888:720575941594338856	BANC888	is_a	adult optic lobe intrinsic neuron	
720575941594340136	BANC_888:720575941594340136	BANC888	is_a	adult olfactory receptor neuron Or98a	
720575941594344043	BANC_888:720575941594344043	BANC888	is_a	adult optic lobe intrinsic neuron	
720575941594344811	BANC_888:720575941594344811	BANC888	is_a	columnar neuron T1	
720575941594346277	BANC_888:720575941594346277	BANC888	is_a	adult SNta39 neuron	
720575941594346792	BANC_888:720575941594346792	BANC888	is_a	adult optic lobe intrinsic neuron	
720575941594347304	BANC_888:720575941594347304	BANC888	is_a	medulla intrinsic neuron Mi9	
720575941594351909	BANC_888:720575941594351909	BANC888	is_a	adult SNta34 neuron	
720575941594352517	BANC_888:720575941594352517	BANC888	is_a	adult ellipsoid body ring neuron R5	
720575941594352936	BANC_888:720575941594352936	BANC888	is_a	adult optic lobe intrinsic neuron	
720575941594354981	BANC_888:720575941594354981	BANC888	is_a	adult SNta28 neuron	
720575941594355307	BANC_888:720575941594355307	BANC888	is_a	lamina monopolar neuron L3	
720575941594355313	BANC_888:720575941594355313	BANC888	is_a	centrifugal neuron C2	
720575941594356007	BANC_888:720575941594356007	BANC888	is_a	adult Kenyon cell	
720575941594356263	BANC_888:720575941594356263	BANC888	is_a	alpha/beta Kenyon cell	
720575941594356517	BANC_888:720575941594356517	BANC888	is_a	femoral chordotonal club neuron	
720575941594356694	BANC_888:720575941594356694	BANC888	is_a	distal medullary amacrine neuron Dm3a	FlyBase:FBrf0262545
720575941594357032	BANC_888:720575941594357032	BANC888	is_a	adult optic lobe intrinsic neuron	
720575941594359592	BANC_888:720575941594359592	BANC888	is_a	lobula intrinsic neuron Li14	FlyBase:FBrf0262545
720575941594359847	BANC_888:720575941594359847	BANC888	is_a	alpha/beta Kenyon cell	
720575941594363094	BANC_888:720575941594363094	BANC888	is_a	transmedullary Y neuron TmY5a	
720575941594365654	BANC_888:720575941594365654	BANC888	is_a	adult CB1341 neuron	
720575941594366678	BANC_888:720575941594366678	BANC888	is_a	adult anterior ventrolateral protocerebrum neuron 420	
720575941594369899	BANC_888:720575941594369899	BANC888	is_a	adult olfactory receptor neuron Or46aA	
720575941594370344	BANC_888:720575941594370344	BANC888	is_a	adult IN04B050 neuron	
720575941594370417	BANC_888:720575941594370417	BANC888	is_a	transmedullary neuron Tm6	FlyBase:FBrf0262545
720575941594370597	BANC_888:720575941594370597	BANC888	is_a	proprioceptive sensory neuron	
720575941594371953	BANC_888:720575941594371953	BANC888	is_a	adult optic lobe intrinsic neuron	
720575941594372310	BANC_888:720575941594372310	BANC888	is_a	adult optic lobe intrinsic neuron	
720575941594375464	BANC_888:720575941594375464	BANC888	is_a	adult optic lobe intrinsic neuron	
720575941594377512	BANC_888:720575941594377512	BANC888	is_a	transmedullary Y neuron TmY18	FlyBase:FBrf0262545
720575941594381608	BANC_888:720575941594381608	BANC888	is_a	adult optic lobe intrinsic neuron	
720575941594383143	BANC_888:720575941594383143	BANC888	is_a	sensory neuron	
720575941594386539	BANC_888:720575941594386539	BANC888	is_a	adult optic lobe intrinsic neuron	
720575941594388264	BANC_888:720575941594388264	BANC888	is_a	distal medullary amacrine neuron Dm3c	FlyBase:FBrf0262545
720575941594390824	BANC_888:720575941594390824	BANC888	is_a	lobula columnar neuron LC23	FlyBase:FBrf0262545
720575941594393896	BANC_888:720575941594393896	BANC888	is_a	adult CB2532 neuron	
720575941594394737	BANC_888:720575941594394737	BANC888	is_a	medulla intrinsic neuron Mi4	
720575941594395505	BANC_888:720575941594395505	BANC888	is_a	medulla intrinsic neuron Mi13	
720575941594395687	BANC_888:720575941594395687	BANC888	is_a	bristle sensory neuron	
720575941594396267	BANC_888:720575941594396267	BANC888	is_a	adult neurosecretory neuron	
720575941594396967	BANC_888:720575941594396967	BANC888	is_a	mechanosensory neuron of interommatidial bristle	
720575941594397736	BANC_888:720575941594397736	BANC888	is_a	adult optic lobe intrinsic neuron	
720575941594398503	BANC_888:720575941594398503	BANC888	is_a	adult SNta26 neuron	
720575941594399271	BANC_888:720575941594399271	BANC888	is_a	adult SNta32 neuron	
720575941594400881	BANC_888:720575941594400881	BANC888	is_a	distal medullary amacrine neuron Dm3b	FlyBase:FBrf0262545
720575941594403286	BANC_888:720575941594403286	BANC888	is_a	sensory neuron	
720575941594405413	BANC_888:720575941594405413	BANC888	is_a	alpha/beta Kenyon cell	
720575941594410198	BANC_888:720575941594410198	BANC888	is_a	adult SNxx05 neuron	
720575941594410865	BANC_888:720575941594410865	BANC888	is_a	adult SNch01 neuron	
720575941594412069	BANC_888:720575941594412069	BANC888	is_a	adult CB1334 neuron	
720575941594412583	BANC_888:720575941594412583	BANC888	is_a	adult olfactory receptor neuron Ir75d	
720575941594412839	BANC_888:720575941594412839	BANC888	is_a	adult olfactory receptor neuron Or43a	
720575941594413425	BANC_888:720575941594413425	BANC888	is_a	medulla intrinsic neuron Mi9	
720575941594413861	BANC_888:720575941594413861	BANC888	is_a	gamma main Kenyon cell	
720575941594415217	BANC_888:720575941594415217	BANC888	is_a	adult IN03A042 neuron	
720575941594416491	BANC_888:720575941594416491	BANC888	is_a	wing margin mechanosensory bristle	
720575941594417777	BANC_888:720575941594417777	BANC888	is_a	adult IN02A054 neuron	
720575941594419414	BANC_888:720575941594419414	BANC888	is_a	adult CB1341 neuron	
720575941594419752	BANC_888:720575941594419752	BANC888	is_a	lobula columnar neuron LC11	
720575941594420081	BANC_888:720575941594420081	BANC888	is_a	adult SNta27 neuron	
720575941594427094	BANC_888:720575941594427094	BANC888	is_a	adult inferior bridge neuron 024	
720575941594430757	BANC_888:720575941594430757	BANC888	is_a	adult CB3037 neuron	
720575941594432470	BANC_888:720575941594432470	BANC888	is_a	adult olfactory receptor neuron Or9a	
720575941594433832	BANC_888:720575941594433832	BANC888	is_a	adult clamp neuron 085	
720575941594434085	BANC_888:720575941594434085	BANC888	is_a	adult CB1140 neuron	
720575941594435368	BANC_888:720575941594435368	BANC888	is_a	adult optic lobe intrinsic neuron	
720575941594436133	BANC_888:720575941594436133	BANC888	is_a	alpha/beta Kenyon cell	
720575941594437846	BANC_888:720575941594437846	BANC888	is_a	adult medulla-tubercle neuron 1	
720575941594438952	BANC_888:720575941594438952	BANC888	is_a	medulla intrinsic neuron Mi15	
720575941594439464	BANC_888:720575941594439464	BANC888	is_a	adult optic lobe intrinsic neuron	
720575941594442097	BANC_888:720575941594442097	BANC888	is_a	transmedullary neuron Tm3	
720575941594444139	BANC_888:720575941594444139	BANC888	is_a	lobula columnar neuron LC30	FlyBase:FBrf0262545
720575941594445782	BANC_888:720575941594445782	BANC888	is_a	mechanosensory neuron of interommatidial bristle	
720575941594445937	BANC_888:720575941594445937	BANC888	is_a	transmedullary Y neuron TmY3	
720575941594446629	BANC_888:720575941594446629	BANC888	is_a	adult CB2519 neuron	
720575941594448235	BANC_888:720575941594448235	BANC888	is_a	adult multiglomerular antennal lobe projection neuron type 52 vPN	
720575941594448491	BANC_888:720575941594448491	BANC888	is_a	adult posterior ventrolateral protocerebrum neuron 098	
720575941594450390	BANC_888:720575941594450390	BANC888	is_a	distal medullary amacrine neuron Dm3a	FlyBase:FBrf0262545
720575941594453361	BANC_888:720575941594453361	BANC888	is_a	T2a neuron	
720575941594453611	BANC_888:720575941594453611	BANC888	is_a	adult CB1459 neuron	
720575941594455147	BANC_888:720575941594455147	BANC888	is_a	adult optic lobe intrinsic neuron	
720575941594455403	BANC_888:720575941594455403	BANC888	is_a	adult superior medial protocerebrum neuron 173	
720575941594457201	BANC_888:720575941594457201	BANC888	is_a	T5b neuron	
720575941594457707	BANC_888:720575941594457707	BANC888	is_a	adult CB0920 neuron	
720575941594458219	BANC_888:720575941594458219	BANC888	is_a	adult superior medial protocerebrum neuron 085	
720575941594458481	BANC_888:720575941594458481	BANC888	is_a	medulla intrinsic neuron Mi9	
720575941594458987	BANC_888:720575941594458987	BANC888	is_a	adult clamp neuron 021	
720575941594459755	BANC_888:720575941594459755	BANC888	is_a	adult lateral accessory lobe neuron 120	
720575941594462678	BANC_888:720575941594462678	BANC888	is_a	adult posterior slope neuron 269	
720575941594463013	BANC_888:720575941594463013	BANC888	is_a	adult ANXXX041 neuron	
720575941594463015	BANC_888:720575941594463015	BANC888	is_a	adult saddle neuron 021	
720575941594463851	BANC_888:720575941594463851	BANC888	is_a	adult olfactory receptor neuron Or88a	
720575941594464369	BANC_888:720575941594464369	BANC888	is_a	T2a neuron	
720575941594464807	BANC_888:720575941594464807	BANC888	is_a	adult anterior ventrolateral protocerebrum neuron 182	
720575941594465061	BANC_888:720575941594465061	BANC888	is_a	adult CB1065 neuron	
720575941594465320	BANC_888:720575941594465320	BANC888	is_a	adult CB0496 neuron	
720575941594467953	BANC_888:720575941594467953	BANC888	is_a	adult optic lobe intrinsic neuron	
720575941594469160	BANC_888:720575941594469160	BANC888	is_a	adult clamp neuron 332	
720575941594469995	BANC_888:720575941594469995	BANC888	is_a	adult posterior ventrolateral protocerebrum neuron 139	
720575941594470181	BANC_888:720575941594470181	BANC888	is_a	adult CB3202 neuron	
720575941594471126	BANC_888:720575941594471126	BANC888	is_a	T5a neuron	
720575941594472299	BANC_888:720575941594472299	BANC888	is_a	adult CB2251 neuron	
720575941594473585	BANC_888:720575941594473585	BANC888	is_a	T2a neuron	
720575941594473835	BANC_888:720575941594473835	BANC888	is_a	adult fan-shaped body vertical delta neuron	
720575941594475303	BANC_888:720575941594475303	BANC888	is_a	distal medullary amacrine neuron Dm10	
720575941594475371	BANC_888:720575941594475371	BANC888	is_a	adult fan-shaped body 1 column-superior medial protocerebrum neuron	FlyBase:FBrf0246888
720575941594476072	BANC_888:720575941594476072	BANC888	is_a	adult optic lobe intrinsic neuron	
720575941594477681	BANC_888:720575941594477681	BANC888	is_a	T2 neuron	
720575941594478443	BANC_888:720575941594478443	BANC888	is_a	adult superior lateral protocerebrum neuron 128	
720575941594479467	BANC_888:720575941594479467	BANC888	is_a	mechanosensory neuron of leg campaniform sensillum	
720575941594480747	BANC_888:720575941594480747	BANC888	is_a	lobula columnar neuron LC9	
720575941594481704	BANC_888:720575941594481704	BANC888	is_a	centrifugal neuron C2	
720575941594481960	BANC_888:720575941594481960	BANC888	is_a	adult CB0910 neuron	
720575941594484008	BANC_888:720575941594484008	BANC888	is_a	adult clamp neuron 071	
720575941594484694	BANC_888:720575941594484694	BANC888	is_a	bristle sensory neuron	
720575941594485031	BANC_888:720575941594485031	BANC888	is_a	adult Kenyon cell	
720575941594487589	BANC_888:720575941594487589	BANC888	is_a	lobula-lobula plate columnar neuron LLPC1	
720575941594488683	BANC_888:720575941594488683	BANC888	is_a	adult anterior ventrolateral protocerebrum neuron 227	
720575941594489125	BANC_888:720575941594489125	BANC888	is_a	adult CB3200 neuron	
720575941594490987	BANC_888:720575941594490987	BANC888	is_a	adult fan-shaped body 1 column-superior medial protocerebrum neuron	FlyBase:FBrf0246888
720575941594494757	BANC_888:720575941594494757	BANC888	is_a	adult posterior slope neuron 038	
720575941594495851	BANC_888:720575941594495851	BANC888	is_a	adult lateral accessory lobe neuron 151	
720575941594496552	BANC_888:720575941594496552	BANC888	is_a	zone B Johnston organ neuron	
720575941594499112	BANC_888:720575941594499112	BANC888	is_a	adult optic lobe intrinsic neuron	
720575941594499879	BANC_888:720575941594499879	BANC888	is_a	adult CB1578 neuron	
720575941594502183	BANC_888:720575941594502183	BANC888	is_a	alpha/beta Kenyon cell	
720575941594505686	BANC_888:720575941594505686	BANC888	is_a	alpha/beta Kenyon cell	
720575941594506198	BANC_888:720575941594506198	BANC888	is_a	T3 neuron	
720575941594506859	BANC_888:720575941594506859	BANC888	is_a	adult CB3793 neuron	
720575941594507883	BANC_888:720575941594507883	BANC888	is_a	dopaminergic PAM neuron 1	
720575941594510705	BANC_888:720575941594510705	BANC888	is_a	adult antennal lobe local neuron v2LN38	
720575941594511211	BANC_888:720575941594511211	BANC888	is_a	adult central brain intrinsic neuron	
720575941594512491	BANC_888:720575941594512491	BANC888	is_a	adult CB1031 neuron	
720575941594512680	BANC_888:720575941594512680	BANC888	is_a	adult optic lobe intrinsic neuron	
720575941594513771	BANC_888:720575941594513771	BANC888	is_a	lobula columnar neuron LC24	
720575941594514801	BANC_888:720575941594514801	BANC888	is_a	adult wedge neuron 097	
720575941594515158	BANC_888:720575941594515158	BANC888	is_a	adult IN06A061 neuron	
720575941594517032	BANC_888:720575941594517032	BANC888	is_a	adult DNxn124 neuron	
720575941594519403	BANC_888:720575941594519403	BANC888	is_a	lamina monopolar neuron L5	
720575941594521125	BANC_888:720575941594521125	BANC888	is_a	gamma main Kenyon cell	
720575941594521640	BANC_888:720575941594521640	BANC888	is_a	adult optic lobe intrinsic neuron	
720575941594522219	BANC_888:720575941594522219	BANC888	is_a	transmedullary neuron Tm3	
720575941594525142	BANC_888:720575941594525142	BANC888	is_a	adult optic lobe intrinsic neuron	
720575941594526341	BANC_888:720575941594526341	BANC888	is_a	adult optic lobe intrinsic neuron	
720575941594528107	BANC_888:720575941594528107	BANC888	is_a	adult accessory medulla neuron aMe2	
720575941594528549	BANC_888:720575941594528549	BANC888	is_a	columnar neuron T1	
720575941594528619	BANC_888:720575941594528619	BANC888	is_a	columnar neuron T1	
720575941594529899	BANC_888:720575941594529899	BANC888	is_a	adult optic lobe intrinsic neuron	
720575941594531435	BANC_888:720575941594531435	BANC888	is_a	transmedullary Y neuron TmY14	
720575941594533227	BANC_888:720575941594533227	BANC888	is_a	lamina monopolar neuron L2	
720575941594534763	BANC_888:720575941594534763	BANC888	is_a	adult optic lobe intrinsic neuron	
720575941594536406	BANC_888:720575941594536406	BANC888	is_a	alpha/beta Kenyon cell	
720575941594538609	BANC_888:720575941594538609	BANC888	is_a	adult central medulla intrinsic neuron Cm9	FlyBase:FBrf0262545
720575941594538792	BANC_888:720575941594538792	BANC888	is_a	adult optic lobe intrinsic neuron	
720575941594540657	BANC_888:720575941594540657	BANC888	is_a	medulla tangential neuron Mt4	FlyBase:FBrf0262545
720575941594543473	BANC_888:720575941594543473	BANC888	is_a	distal medullary amacrine neuron Dm2	
720575941594544423	BANC_888:720575941594544423	BANC888	is_a	adult inferior bridge neuron 091	
720575941594545029	BANC_888:720575941594545029	BANC888	is_a	adult saddle neuron 008	
720575941594546727	BANC_888:720575941594546727	BANC888	is_a	adult CB3417 neuron	
720575941594548438	BANC_888:720575941594548438	BANC888	is_a	adult posterior ventrolateral protocerebrum neuron 006	
720575941594548519	BANC_888:720575941594548519	BANC888	is_a	adult clamp neuron 016	
720575941594550053	BANC_888:720575941594550053	BANC888	is_a	gamma main Kenyon cell	
720575941594551079	BANC_888:720575941594551079	BANC888	is_a	gamma main Kenyon cell	
720575941594551847	BANC_888:720575941594551847	BANC888	is_a	adult posterior ventrolateral protocerebrum neuron 021	
720575941594552872	BANC_888:720575941594552872	BANC888	is_a	adult optic lobe intrinsic neuron	
720575941594553896	BANC_888:720575941594553896	BANC888	is_a	adult optic lobe intrinsic neuron	
720575941594554152	BANC_888:720575941594554152	BANC888	is_a	adult lobula visual projection neuron LoVP13	FlyBase:FBrf0262545
720575941594554219	BANC_888:720575941594554219	BANC888	is_a	adult optic lobe intrinsic neuron	
720575941594555175	BANC_888:720575941594555175	BANC888	is_a	adult CNS neuron	
720575941594556711	BANC_888:720575941594556711	BANC888	is_a	adult CB0962 neuron	
720575941594557398	BANC_888:720575941594557398	BANC888	is_a	adult CB1510 neuron	
720575941594559015	BANC_888:720575941594559015	BANC888	is_a	alpha/beta posterior Kenyon cell	
720575941594561832	BANC_888:720575941594561832	BANC888	is_a	adult optic lobe intrinsic neuron	
720575941594563691	BANC_888:720575941594563691	BANC888	is_a	adult visual centrifugal neuron	
720575941594564392	BANC_888:720575941594564392	BANC888	is_a	lobula columnar neuron LC11	
720575941594564721	BANC_888:720575941594564721	BANC888	is_a	adult optic lobe intrinsic neuron	
720575941594565671	BANC_888:720575941594565671	BANC888	is_a	adult CB0450 neuron	
720575941594566513	BANC_888:720575941594566513	BANC888	is_a	T4d neuron	
720575941594567207	BANC_888:720575941594567207	BANC888	is_a	alpha/beta Kenyon cell	
720575941594567894	BANC_888:720575941594567894	BANC888	is_a	adult lateral accessory lobe neuron 049	
720575941594568743	BANC_888:720575941594568743	BANC888	is_a	alpha/beta posterior Kenyon cell	
720575941594568997	BANC_888:720575941594568997	BANC888	is_a	adult CB2293 neuron	
720575941594570117	BANC_888:720575941594570117	BANC888	is_a	lobula columnar neuron LC12	
720575941594571883	BANC_888:720575941594571883	BANC888	is_a	T5b neuron	
720575941594575318	BANC_888:720575941594575318	BANC888	is_a	T4b neuron	
720575941594575979	BANC_888:720575941594575979	BANC888	is_a	zone B Johnston organ neuron	
720575941594576491	BANC_888:720575941594576491	BANC888	is_a	zone E Johnston organ neuron	
720575941594578902	BANC_888:720575941594578902	BANC888	is_a	adult optic lobe intrinsic neuron	
720575941594580182	BANC_888:720575941594580182	BANC888	is_a	adult optic lobe intrinsic neuron	
720575941594580593	BANC_888:720575941594580593	BANC888	is_a	lobula columnar neuron LC10d	
720575941594582056	BANC_888:720575941594582056	BANC888	is_a	lamina monopolar neuron L1	
720575941594582568	BANC_888:720575941594582568	BANC888	is_a	lobula columnar neuron LC24	
720575941594583333	BANC_888:720575941594583333	BANC888	is_a	adult CB1786 neuron	
720575941594584790	BANC_888:720575941594584790	BANC888	is_a	distal medullary amacrine neuron Dm3c	FlyBase:FBrf0262545
720575941594589224	BANC_888:720575941594589224	BANC888	is_a	lobula plate-lobula columnar neuron LPLC4	
720575941594589809	BANC_888:720575941594589809	BANC888	is_a	adult ellipsoid body ring neuron R4d	
720575941594591781	BANC_888:720575941594591781	BANC888	is_a	adult CB2922 neuron	
720575941594592808	BANC_888:720575941594592808	BANC888	is_a	adult optic lobe intrinsic neuron	
720575941594595441	BANC_888:720575941594595441	BANC888	is_a	centrifugal neuron C3	
720575941594595621	BANC_888:720575941594595621	BANC888	is_a	adult multiglomerular antennal lobe projection neuron type 5 adPN	
720575941594596822	BANC_888:720575941594596822	BANC888	is_a	T4c neuron	
720575941594597846	BANC_888:720575941594597846	BANC888	is_a	medulla intrinsic neuron Mi4	
720575941594599464	BANC_888:720575941594599464	BANC888	is_a	adult optic lobe intrinsic neuron	
720575941594600049	BANC_888:720575941594600049	BANC888	is_a	adult optic lobe intrinsic neuron	
720575941594600488	BANC_888:720575941594600488	BANC888	is_a	adult optic lobe intrinsic neuron	
720575941594601323	BANC_888:720575941594601323	BANC888	is_a	lamina monopolar neuron L2	
720575941594603815	BANC_888:720575941594603815	BANC888	is_a	adult CB1267 neuron	
720575941594609192	BANC_888:720575941594609192	BANC888	is_a	transmedullary neuron Tm3	
720575941594609515	BANC_888:720575941594609515	BANC888	is_a	adult optic lobe intrinsic neuron	
720575941594610984	BANC_888:720575941594610984	BANC888	is_a	distal medullary amacrine neuron Dm10	
720575941594612331	BANC_888:720575941594612331	BANC888	is_a	adult optic lobe intrinsic neuron	
720575941594612775	BANC_888:720575941594612775	BANC888	is_a	transmedullary neuron Tm6	FlyBase:FBrf0262545
720575941594616171	BANC_888:720575941594616171	BANC888	is_a	adult optic lobe intrinsic neuron	
720575941594616872	BANC_888:720575941594616872	BANC888	is_a	lamina wide-field 1 neuron	
720575941594617221	BANC_888:720575941594617221	BANC888	is_a	adult tubercle-bulb neuron 08	
720575941594617381	BANC_888:720575941594617381	BANC888	is_a	T2 neuron	
720575941594617637	BANC_888:720575941594617637	BANC888	is_a	adult optic lobe intrinsic neuron	
720575941594617639	BANC_888:720575941594617639	BANC888	is_a	adult CB0739 neuron	
720575941594617895	BANC_888:720575941594617895	BANC888	is_a	adult CB2653 neuron	
720575941594620267	BANC_888:720575941594620267	BANC888	is_a	transmedullary Y neuron TmY3	
720575941594620968	BANC_888:720575941594620968	BANC888	is_a	adult optic lobe intrinsic neuron	
720575941594621480	BANC_888:720575941594621480	BANC888	is_a	adult optic lobe intrinsic neuron	
720575941594622315	BANC_888:720575941594622315	BANC888	is_a	adult optic lobe intrinsic neuron	
720575941594623702	BANC_888:720575941594623702	BANC888	is_a	mechanosensory neuron of interommatidial bristle	
720575941594623784	BANC_888:720575941594623784	BANC888	is_a	lobula plate intrinsic neuron LPi34-12	FlyBase:FBrf0262545
720575941594625393	BANC_888:720575941594625393	BANC888	is_a	T4b neuron	
720575941594626929	BANC_888:720575941594626929	BANC888	is_a	adult IN09A004 neuron	
720575941594627624	BANC_888:720575941594627624	BANC888	is_a	T4a neuron	
720575941594627880	BANC_888:720575941594627880	BANC888	is_a	distal medullary amacrine neuron Dm2	
720575941594630001	BANC_888:720575941594630001	BANC888	is_a	adult AN08B095 neuron	
720575941594630696	BANC_888:720575941594630696	BANC888	is_a	transmedullary Y neuron TmY10	
720575941594632743	BANC_888:720575941594632743	BANC888	is_a	distal medullary amacrine neuron Dm15	
720575941594632999	BANC_888:720575941594632999	BANC888	is_a	adult CB2370 neuron	
720575941594634277	BANC_888:720575941594634277	BANC888	is_a	medulla intrinsic neuron Mi13	
720575941594635813	BANC_888:720575941594635813	BANC888	is_a	lobula columnar neuron LC26	
720575941594636401	BANC_888:720575941594636401	BANC888	is_a	T3 neuron	
720575941594637419	BANC_888:720575941594637419	BANC888	is_a	adult posterior lateral protocerebrum neuron 028	
720575941594642289	BANC_888:720575941594642289	BANC888	is_a	T3 neuron	
720575941594644519	BANC_888:720575941594644519	BANC888	is_a	adult olfactory receptor neuron Or42a	
720575941594652967	BANC_888:720575941594652967	BANC888	is_a	T2a neuron	
720575941594657899	BANC_888:720575941594657899	BANC888	is_a	adult optic lobe intrinsic neuron	
720575941594660971	BANC_888:720575941594660971	BANC888	is_a	adult lobula intrinsic neuron Li26	FlyBase:FBrf0262545
720575941594661078	BANC_888:720575941594661078	BANC888	is_a	transmedullary Y neuron TmY4	
720575941594661671	BANC_888:720575941594661671	BANC888	is_a	dopaminergic PAM neuron 7	
720575941594662439	BANC_888:720575941594662439	BANC888	is_a	adult optic lobe intrinsic neuron	
720575941594668246	BANC_888:720575941594668246	BANC888	is_a	adult optic lobe intrinsic neuron	
720575941594669095	BANC_888:720575941594669095	BANC888	is_a	transmedullary Y neuron TmY4	
720575941594670375	BANC_888:720575941594670375	BANC888	is_a	lobula-lobula plate columnar neuron LLPC1	
720575941594671062	BANC_888:720575941594671062	BANC888	is_a	T2a neuron	
720575941594671143	BANC_888:720575941594671143	BANC888	is_a	adult posterior slope neuron 047	
720575941594671467	BANC_888:720575941594671467	BANC888	is_a	adult optic lobe intrinsic neuron	
720575941594673189	BANC_888:720575941594673189	BANC888	is_a	alpha/beta Kenyon cell	
720575941594678641	BANC_888:720575941594678641	BANC888	is_a	adult gamma Kenyon cell	
720575941594682070	BANC_888:720575941594682070	BANC888	is_a	zone A Johnston organ neuron	
720575941594682219	BANC_888:720575941594682219	BANC888	is_a	adult CB1733 neuron	
720575941594683013	BANC_888:720575941594683013	BANC888	is_a	transmedullary Y neuron TmY3	
720575941594691877	BANC_888:720575941594691877	BANC888	is_a	adult lobula intrinsic neuron Li23	FlyBase:FBrf0262545
720575941594693765	BANC_888:720575941594693765	BANC888	is_a	adult posterior slope neuron 030	
720575941594695207	BANC_888:720575941594695207	BANC888	is_a	adult optic lobe intrinsic neuron	
720575941594696555	BANC_888:720575941594696555	BANC888	is_a	adult optic lobe intrinsic neuron	
720575941594696741	BANC_888:720575941594696741	BANC888	is_a	medulla intrinsic neuron Mi9	
720575941594700325	BANC_888:720575941594700325	BANC888	is_a	adult optic lobe intrinsic neuron	
720575941594700395	BANC_888:720575941594700395	BANC888	is_a	T2a neuron	
720575941594700837	BANC_888:720575941594700837	BANC888	is_a	transmedullary neuron Tm9	
720575941594701014	BANC_888:720575941594701014	BANC888	is_a	adult optic lobe intrinsic neuron	
720575941594702955	BANC_888:720575941594702955	BANC888	is_a	T5c neuron	
720575941594703318	BANC_888:720575941594703318	BANC888	is_a	adult optic lobe intrinsic neuron	
720575941594704086	BANC_888:720575941594704086	BANC888	is_a	adult optic lobe intrinsic neuron	
720575941594705259	BANC_888:720575941594705259	BANC888	is_a	adult optic lobe intrinsic neuron	
720575941594705703	BANC_888:720575941594705703	BANC888	is_a	adult olfactory receptor neuron Or47a	
720575941594706134	BANC_888:720575941594706134	BANC888	is_a	lamina monopolar neuron L1	
720575941594708775	BANC_888:720575941594708775	BANC888	is_a	medulla intrinsic neuron Mi13	
720575941594711077	BANC_888:720575941594711077	BANC888	is_a	adult olfactory receptor neuron Ir75a	
720575941594711915	BANC_888:720575941594711915	BANC888	is_a	adult optic lobe intrinsic neuron	
720575941594716523	BANC_888:720575941594716523	BANC888	is_a	descending neuron of the anterior ventral brain DNb06	
720575941594716779	BANC_888:720575941594716779	BANC888	is_a	adult optic lobe intrinsic neuron	
720575941594717803	BANC_888:720575941594717803	BANC888	is_a	lamina monopolar neuron L2	
720575941594719190	BANC_888:720575941594719190	BANC888	is_a	transmedullary neuron Tm20	
720575941594719974	BANC_888:720575941594719974	BANC888	is_a	sensory neuron	
720575941594721063	BANC_888:720575941594721063	BANC888	is_a	adult wedge neuron 015	
720575941594722085	BANC_888:720575941594722085	BANC888	is_a	distal medullary amacrine neuron Dm16	
720575941594724971	BANC_888:720575941594724971	BANC888	is_a	lobula columnar neuron LC10c	
720575941594725413	BANC_888:720575941594725413	BANC888	is_a	adult optic lobe intrinsic neuron	
720575941594726021	BANC_888:720575941594726021	BANC888	is_a	T4b neuron	
720575941594726102	BANC_888:720575941594726102	BANC888	is_a	T3 neuron	
720575941594726513	BANC_888:720575941594726513	BANC888	is_a	adult IN14A052 neuron	
720575941594726695	BANC_888:720575941594726695	BANC888	is_a	T5d neuron	
720575941594727207	BANC_888:720575941594727207	BANC888	is_a	transmedullary neuron Tm4	
720575941594728150	BANC_888:720575941594728150	BANC888	is_a	visual projection neuron	
720575941594729323	BANC_888:720575941594729323	BANC888	is_a	adult optic lobe intrinsic neuron	
720575941594729835	BANC_888:720575941594729835	BANC888	is_a	adult optic lobe intrinsic neuron	
720575941594731478	BANC_888:720575941594731478	BANC888	is_a	adult olfactory receptor neuron Ir84a	
720575941594731734	BANC_888:720575941594731734	BANC888	is_a	labellar taste peg chemosensory neuron	
720575941594732907	BANC_888:720575941594732907	BANC888	is_a	adult optic lobe intrinsic neuron	
720575941594733163	BANC_888:720575941594733163	BANC888	is_a	adult optic lobe intrinsic neuron	
720575941594735467	BANC_888:720575941594735467	BANC888	is_a	adult optic lobe intrinsic neuron	
720575941594737003	BANC_888:720575941594737003	BANC888	is_a	adult optic lobe intrinsic neuron	
720575941594742379	BANC_888:720575941594742379	BANC888	is_a	T5d neuron	
720575941594742742	BANC_888:720575941594742742	BANC888	is_a	transmedullary neuron Tm3	
720575941594743921	BANC_888:720575941594743921	BANC888	is_a	adult MNxm01 neuron	
720575941594745451	BANC_888:720575941594745451	BANC888	is_a	adult optic lobe intrinsic neuron	
720575941594745707	BANC_888:720575941594745707	BANC888	is_a	medulla intrinsic neuron Mi15	
720575941594747094	BANC_888:720575941594747094	BANC888	is_a	lamina monopolar neuron L4	
720575941594749221	BANC_888:720575941594749221	BANC888	is_a	adult clamp neuron 091	
720575941594749803	BANC_888:720575941594749803	BANC888	is_a	Y neuron Y3	
720575941594750678	BANC_888:720575941594750678	BANC888	is_a	mechanosensory neuron of interommatidial bristle	
720575941594750759	BANC_888:720575941594750759	BANC888	is_a	transmedullary Y neuron TmY3	
720575941594750934	BANC_888:720575941594750934	BANC888	is_a	mechanosensory neuron of interommatidial bristle	
720575941594752037	BANC_888:720575941594752037	BANC888	is_a	adult lobula visual projection neuron LoVP26	FlyBase:FBrf0262545
720575941594754262	BANC_888:720575941594754262	BANC888	is_a	adult optic lobe intrinsic neuron	
720575941594754599	BANC_888:720575941594754599	BANC888	is_a	adult INXXX401 neuron	
720575941594756741	BANC_888:720575941594756741	BANC888	is_a	adult optic lobe intrinsic neuron	
720575941594756997	BANC_888:720575941594756997	BANC888	is_a	adult optic lobe intrinsic neuron	
720575941594757765	BANC_888:720575941594757765	BANC888	is_a	distal medullary amacrine neuron Dm2	
720575941594758181	BANC_888:720575941594758181	BANC888	is_a	adult optic lobe intrinsic neuron	
720575941594758277	BANC_888:720575941594758277	BANC888	is_a	lobula-lobula plate columnar neuron LLPC1	
720575941594760325	BANC_888:720575941594760325	BANC888	is_a	T5c neuron	
720575941594760999	BANC_888:720575941594760999	BANC888	is_a	lobula plate columnar neuron LPC1	
720575941594762603	BANC_888:720575941594762603	BANC888	is_a	adult transmedullary Y neuron TmY21	FlyBase:FBrf0262545
720575941594763478	BANC_888:720575941594763478	BANC888	is_a	labellar taste bristle mechanosensory neuron	
720575941594763734	BANC_888:720575941594763734	BANC888	is_a	adult CB3820 neuron	
720575941594764395	BANC_888:720575941594764395	BANC888	is_a	lamina monopolar neuron L5	
720575941594764913	BANC_888:720575941594764913	BANC888	is_a	adult IN03A019 neuron	
720575941594764933	BANC_888:720575941594764933	BANC888	is_a	adult transmedullary Y neuron TmY19a	FlyBase:FBrf0262545
720575941594767397	BANC_888:720575941594767397	BANC888	is_a	distal medullary amacrine neuron Dm3a	FlyBase:FBrf0262545
720575941594767723	BANC_888:720575941594767723	BANC888	is_a	transmedullary neuron Tm20	
720575941594768747	BANC_888:720575941594768747	BANC888	is_a	adult optic lobe intrinsic neuron	
720575941594770134	BANC_888:720575941594770134	BANC888	is_a	transmedullary Y neuron TmY5a	
720575941594773125	BANC_888:720575941594773125	BANC888	is_a	adult optic lobe intrinsic neuron	
720575941594775941	BANC_888:720575941594775941	BANC888	is_a	T5b neuron	
720575941594776939	BANC_888:720575941594776939	BANC888	is_a	adult IN14A009 neuron	
720575941594777302	BANC_888:720575941594777302	BANC888	is_a	lamina monopolar neuron L5	
720575941594777383	BANC_888:720575941594777383	BANC888	is_a	adult superior medial protocerebrum neuron 106	
720575941594777707	BANC_888:720575941594777707	BANC888	is_a	adult optic lobe intrinsic neuron	
720575941594778501	BANC_888:720575941594778501	BANC888	is_a	T4d neuron	
720575941594779685	BANC_888:720575941594779685	BANC888	is_a	adult olfactory receptor neuron Or59b	
720575941594779687	BANC_888:720575941594779687	BANC888	is_a	transmedullary neuron Tm2	
720575941594780199	BANC_888:720575941594780199	BANC888	is_a	transmedullary neuron Tm6	FlyBase:FBrf0262545
720575941594783339	BANC_888:720575941594783339	BANC888	is_a	adult optic lobe intrinsic neuron	
720575941594787697	BANC_888:720575941594787697	BANC888	is_a	alpha/beta Kenyon cell	
720575941594788566	BANC_888:720575941594788566	BANC888	is_a	adult optic lobe intrinsic neuron	
720575941594788715	BANC_888:720575941594788715	BANC888	is_a	adult medulla-lobula neuron MeLo2	FlyBase:FBrf0262545
720575941594789227	BANC_888:720575941594789227	BANC888	is_a	transmedullary neuron Tm9	
720575941594791126	BANC_888:720575941594791126	BANC888	is_a	mechanosensory neuron of interommatidial bristle	
720575941594795633	BANC_888:720575941594795633	BANC888	is_a	adult IN08A024 neuron	
720575941594796139	BANC_888:720575941594796139	BANC888	is_a	lamina monopolar neuron L1	
720575941594797419	BANC_888:720575941594797419	BANC888	is_a	adult olfactory receptor neuron Ir75c	
720575941594799749	BANC_888:720575941594799749	BANC888	is_a	distal medullary amacrine neuron Dm3b	FlyBase:FBrf0262545
720575941594799979	BANC_888:720575941594799979	BANC888	is_a	adult olfactory receptor neuron Ir75c	
720575941594801515	BANC_888:720575941594801515	BANC888	is_a	adult posterior ventrolateral protocerebrum neuron 108	
720575941594801777	BANC_888:720575941594801777	BANC888	is_a	adult IN10B030 neuron	
720575941594802027	BANC_888:720575941594802027	BANC888	is_a	T5b neuron	
720575941594803563	BANC_888:720575941594803563	BANC888	is_a	adult CB1678 neuron	
720575941594805031	BANC_888:720575941594805031	BANC888	is_a	adult optic lobe intrinsic neuron	
720575941594806123	BANC_888:720575941594806123	BANC888	is_a	adult optic lobe intrinsic neuron	
720575941594806821	BANC_888:720575941594806821	BANC888	is_a	mechanosensory neuron of interommatidial bristle	
720575941594807766	BANC_888:720575941594807766	BANC888	is_a	adult IN19A052 neuron	
720575941594807847	BANC_888:720575941594807847	BANC888	is_a	medulla intrinsic neuron Mi13	
720575941594807921	BANC_888:720575941594807921	BANC888	is_a	adult ascending neuron	
720575941594807921	BANC_888:720575941594807921	BANC888	is_a	chemosensory neuron	
720575941594810987	BANC_888:720575941594810987	BANC888	is_a	T5b neuron	
720575941594812273	BANC_888:720575941594812273	BANC888	is_a	adult fan-shaped body vertical delta neuron	
720575941594814501	BANC_888:720575941594814501	BANC888	is_a	transmedullary Y neuron TmY3	
720575941594818437	BANC_888:720575941594818437	BANC888	is_a	T5b neuron	
720575941594819947	BANC_888:720575941594819947	BANC888	is_a	T3 neuron	
720575941594821334	BANC_888:720575941594821334	BANC888	is_a	adult IN06B061 neuron	
720575941594823638	BANC_888:720575941594823638	BANC888	is_a	adult medulla visual centrifugal neuron MeVC27	FlyBase:FBrf0262545
720575941594826091	BANC_888:720575941594826091	BANC888	is_a	adult optic lobe intrinsic neuron	
720575941594828071	BANC_888:720575941594828071	BANC888	is_a	lobula plate columnar neuron LPC1	
720575941594828327	BANC_888:720575941594828327	BANC888	is_a	adult optic lobe intrinsic neuron	
720575941594828583	BANC_888:720575941594828583	BANC888	is_a	transmedullary neuron Tm2	
720575941594829014	BANC_888:720575941594829014	BANC888	is_a	femoral chordotonal club neuron	
720575941594829163	BANC_888:720575941594829163	BANC888	is_a	adult clamp neuron 099	
720575941594832261	BANC_888:720575941594832261	BANC888	is_a	distal medullary amacrine neuron Dm3b	FlyBase:FBrf0262545
720575941594835751	BANC_888:720575941594835751	BANC888	is_a	transmedullary neuron Tm24	FlyBase:FBrf0262545
720575941594836005	BANC_888:720575941594836005	BANC888	is_a	T5a neuron	
720575941594837611	BANC_888:720575941594837611	BANC888	is_a	centrifugal neuron C2	
720575941594839659	BANC_888:720575941594839659	BANC888	is_a	transmedullary neuron Tm3	
720575941594840939	BANC_888:720575941594840939	BANC888	is_a	transmedullary neuron Tm20	
720575941594841383	BANC_888:720575941594841383	BANC888	is_a	adult posterior ventrolateral protocerebrum neuron 082	
720575941594841733	BANC_888:720575941594841733	BANC888	is_a	T2 neuron	
720575941594842987	BANC_888:720575941594842987	BANC888	is_a	proximal medullary amacrine neuron Pm2	FlyBase:FBrf0262545
720575941594843781	BANC_888:720575941594843781	BANC888	is_a	adult optic lobe intrinsic neuron	
720575941594844374	BANC_888:720575941594844374	BANC888	is_a	mechanosensory neuron of interommatidial bristle	
720575941594844709	BANC_888:720575941594844709	BANC888	is_a	T5a neuron	
720575941594847595	BANC_888:720575941594847595	BANC888	is_a	T5a neuron	
720575941594848805	BANC_888:720575941594848805	BANC888	is_a	T5d neuron	
720575941594849413	BANC_888:720575941594849413	BANC888	is_a	distal medullary amacrine neuron Dm12	
720575941594849575	BANC_888:720575941594849575	BANC888	is_a	distal medullary amacrine neuron Dm8b	
720575941594849899	BANC_888:720575941594849899	BANC888	is_a	lobula plate intrinsic neuron LPi2e	FlyBase:FBrf0262545
720575941594851367	BANC_888:720575941594851367	BANC888	is_a	adult CB3438 neuron	
720575941594853590	BANC_888:720575941594853590	BANC888	is_a	adult IN00A010 neuron	
720575941594854181	BANC_888:720575941594854181	BANC888	is_a	adult optic lobe intrinsic neuron	
720575941594854251	BANC_888:720575941594854251	BANC888	is_a	adult IN19A003 neuron	
720575941594855019	BANC_888:720575941594855019	BANC888	is_a	transmedullary Y neuron TmY10	
720575941594855281	BANC_888:720575941594855281	BANC888	is_a	adult IN20A.22A051 neuron	
720575941594855793	BANC_888:720575941594855793	BANC888	is_a	adult SNta25 neuron	
720575941594856662	BANC_888:720575941594856662	BANC888	is_a	adult IN16B058 neuron	
720575941594857323	BANC_888:720575941594857323	BANC888	is_a	zone E Johnston organ neuron	
720575941594858097	BANC_888:720575941594858097	BANC888	is_a	adult SNta38 neuron	
720575941594859627	BANC_888:720575941594859627	BANC888	is_a	adult optic lobe intrinsic neuron	
720575941594859633	BANC_888:720575941594859633	BANC888	is_a	adult SNta29 neuron	
720575941594860139	BANC_888:720575941594860139	BANC888	is_a	T2 neuron	
720575941594861349	BANC_888:720575941594861349	BANC888	is_a	alpha/beta Kenyon cell	
720575941594862375	BANC_888:720575941594862375	BANC888	is_a	gamma main Kenyon cell	
720575941594865777	BANC_888:720575941594865777	BANC888	is_a	adult IN16B050 neuron	
720575941594865878	BANC_888:720575941594865878	BANC888	is_a	lamina monopolar neuron L1	
720575941594866471	BANC_888:720575941594866471	BANC888	is_a	adult CB2903 neuron	
720575941594867563	BANC_888:720575941594867563	BANC888	is_a	adult optic lobe intrinsic neuron	
720575941594868438	BANC_888:720575941594868438	BANC888	is_a	adult IN14A020 neuron	
720575941594868613	BANC_888:720575941594868613	BANC888	is_a	transmedullary neuron Tm3	
720575941594869029	BANC_888:720575941594869029	BANC888	is_a	adult CB1896 neuron	
720575941594869099	BANC_888:720575941594869099	BANC888	is_a	adult optic lobe intrinsic neuron	
720575941594869462	BANC_888:720575941594869462	BANC888	is_a	adult SNta29 neuron	
720575941594870567	BANC_888:720575941594870567	BANC888	is_a	distal medullary amacrine neuron Dm3a	FlyBase:FBrf0262545
720575941594873814	BANC_888:720575941594873814	BANC888	is_a	adult IN21A022 neuron	
720575941594875013	BANC_888:720575941594875013	BANC888	is_a	distal medullary amacrine neuron Dm2	
720575941594876037	BANC_888:720575941594876037	BANC888	is_a	T4b neuron	
720575941594877547	BANC_888:720575941594877547	BANC888	is_a	adult optic lobe intrinsic neuron	
720575941594878827	BANC_888:720575941594878827	BANC888	is_a	T3 neuron	
720575941594879781	BANC_888:720575941594879781	BANC888	is_a	adult optic lobe intrinsic neuron	
720575941594881317	BANC_888:720575941594881317	BANC888	is_a	adult optic lobe intrinsic neuron	
720575941594881750	BANC_888:720575941594881750	BANC888	is_a	adult optic lobe intrinsic neuron	
720575941594883111	BANC_888:720575941594883111	BANC888	is_a	adult optic lobe intrinsic neuron	
720575941594883365	BANC_888:720575941594883365	BANC888	is_a	alpha/beta Kenyon cell	
720575941594886507	BANC_888:720575941594886507	BANC888	is_a	adult olfactory receptor neuron Ir92a	
720575941594887275	BANC_888:720575941594887275	BANC888	is_a	adult olfactory receptor neuron Ir92a	
720575941594888150	BANC_888:720575941594888150	BANC888	is_a	adult optic lobe intrinsic neuron	
720575941594888581	BANC_888:720575941594888581	BANC888	is_a	adult optic lobe intrinsic neuron	
720575941594893270	BANC_888:720575941594893270	BANC888	is_a	wing margin taste bristle	
720575941594893701	BANC_888:720575941594893701	BANC888	is_a	adult optic lobe intrinsic neuron	
720575941594893957	BANC_888:720575941594893957	BANC888	is_a	centrifugal neuron C2	
720575941594896235	BANC_888:720575941594896235	BANC888	is_a	adult optic lobe intrinsic neuron	
720575941594897622	BANC_888:720575941594897622	BANC888	is_a	adult IN21A099 neuron	
720575941594897957	BANC_888:720575941594897957	BANC888	is_a	alpha/beta Kenyon cell	
720575941594898283	BANC_888:720575941594898283	BANC888	is_a	adult optic lobe intrinsic neuron	
720575941594901462	BANC_888:720575941594901462	BANC888	is_a	adult lateral accessory lobe neuron 150	
720575941594902123	BANC_888:720575941594902123	BANC888	is_a	adult optic lobe intrinsic neuron	
720575941594902230	BANC_888:720575941594902230	BANC888	is_a	adult fan-shaped body vertical delta neuron	
720575941594903403	BANC_888:720575941594903403	BANC888	is_a	adult optic lobe intrinsic neuron	
720575941594903685	BANC_888:720575941594903685	BANC888	is_a	transmedullary neuron Tm1	
720575941594905451	BANC_888:720575941594905451	BANC888	is_a	adult optic lobe intrinsic neuron	
720575941594908967	BANC_888:720575941594908967	BANC888	is_a	alpha/beta Kenyon cell	
720575941594909223	BANC_888:720575941594909223	BANC888	is_a	lobula columnar neuron LC22	
720575941594912037	BANC_888:720575941594912037	BANC888	is_a	lobula-lobula plate columnar neuron LLPC1	
720575941594913829	BANC_888:720575941594913829	BANC888	is_a	adult optic lobe intrinsic neuron	
720575941594914855	BANC_888:720575941594914855	BANC888	is_a	alpha/beta Kenyon cell	
720575941594915367	BANC_888:720575941594915367	BANC888	is_a	medulla intrinsic neuron Mi1	
720575941594916645	BANC_888:720575941594916645	BANC888	is_a	medulla columnar neuron MC64	
720575941594916721	BANC_888:720575941594916721	BANC888	is_a	adult gamma Kenyon cell	
720575941594916901	BANC_888:720575941594916901	BANC888	is_a	adult optic lobe intrinsic neuron	
720575941594918513	BANC_888:720575941594918513	BANC888	is_a	adult gamma Kenyon cell	
720575941594918533	BANC_888:720575941594918533	BANC888	is_a	adult optic lobe intrinsic neuron	
720575941594920581	BANC_888:720575941594920581	BANC888	is_a	adult optic lobe intrinsic neuron	
720575941594923397	BANC_888:720575941594923397	BANC888	is_a	adult optic lobe intrinsic neuron	
720575941594924581	BANC_888:720575941594924581	BANC888	is_a	centrifugal neuron C3	
720575941594926119	BANC_888:720575941594926119	BANC888	is_a	Y neuron Y3	
720575941594926885	BANC_888:720575941594926885	BANC888	is_a	mechanosensory neuron of interommatidial bristle	
720575941594927141	BANC_888:720575941594927141	BANC888	is_a	transmedullary Y neuron TmY10	
720575941594927723	BANC_888:720575941594927723	BANC888	is_a	columnar neuron T1	
720575941594928423	BANC_888:720575941594928423	BANC888	is_a	alpha/beta Kenyon cell	
720575941594928935	BANC_888:720575941594928935	BANC888	is_a	T2a neuron	
720575941594929771	BANC_888:720575941594929771	BANC888	is_a	columnar neuron T1	
720575941594931057	BANC_888:720575941594931057	BANC888	is_a	sensory neuron	
720575941594933799	BANC_888:720575941594933799	BANC888	is_a	alpha/beta Kenyon cell	
720575941594938987	BANC_888:720575941594938987	BANC888	is_a	adult optic lobe intrinsic neuron	
720575941594939173	BANC_888:720575941594939173	BANC888	is_a	T2a neuron	
720575941594940374	BANC_888:720575941594940374	BANC888	is_a	adult lateral accessory lobe neuron 185	
720575941594941477	BANC_888:720575941594941477	BANC888	is_a	T2 neuron	
720575941594943781	BANC_888:720575941594943781	BANC888	is_a	adult optic lobe intrinsic neuron	
720575941594944113	BANC_888:720575941594944113	BANC888	is_a	adult SNta44 neuron	
720575941594945238	BANC_888:720575941594945238	BANC888	is_a	adult antennal lobe projection neuron VM7v adPN	
720575941594947691	BANC_888:720575941594947691	BANC888	is_a	lamina monopolar neuron L5	
720575941594951638	BANC_888:720575941594951638	BANC888	is_a	adult olfactory receptor neuron Or9a	
720575941594952299	BANC_888:720575941594952299	BANC888	is_a	adult optic lobe intrinsic neuron	
720575941594952487	BANC_888:720575941594952487	BANC888	is_a	medulla columnar neuron MC61	
720575941594954454	BANC_888:720575941594954454	BANC888	is_a	lobula-lobula plate columnar neuron LLPC1	
720575941594957351	BANC_888:720575941594957351	BANC888	is_a	alpha/beta Kenyon cell	
720575941594961003	BANC_888:720575941594961003	BANC888	is_a	adult olfactory receptor neuron Ir84a	
720575941594965974	BANC_888:720575941594965974	BANC888	is_a	adult CB2781 neuron	
720575941594967147	BANC_888:720575941594967147	BANC888	is_a	adult optic lobe intrinsic neuron	
720575941594967847	BANC_888:720575941594967847	BANC888	is_a	adult IN23B023 neuron	
720575941594975783	BANC_888:720575941594975783	BANC888	is_a	adult IN05B079 neuron	
720575941594975851	BANC_888:720575941594975851	BANC888	is_a	medulla intrinsic neuron Mi2	
720575941594976726	BANC_888:720575941594976726	BANC888	is_a	adult IN01A058 neuron	
720575941594979435	BANC_888:720575941594979435	BANC888	is_a	lamina monopolar neuron L2	
720575941594979691	BANC_888:720575941594979691	BANC888	is_a	adult lobula intrinsic neuron Li25	FlyBase:FBrf0262545
720575941594980715	BANC_888:720575941594980715	BANC888	is_a	adult optic lobe intrinsic neuron	
720575941594983019	BANC_888:720575941594983019	BANC888	is_a	adult central brain intrinsic neuron	
720575941594988583	BANC_888:720575941594988583	BANC888	is_a	medulla intrinsic neuron Mi15	
720575941594989270	BANC_888:720575941594989270	BANC888	is_a	adult antennal lobe projection neuron DM4 vPN	
720575941594991211	BANC_888:720575941594991211	BANC888	is_a	adult lobula intrinsic neuron Li22	FlyBase:FBrf0262545
720575941594995563	BANC_888:720575941594995563	BANC888	is_a	lobula columnar neuron LC17	
720575941594995751	BANC_888:720575941594995751	BANC888	is_a	T2a neuron	
720575941594996263	BANC_888:720575941594996263	BANC888	is_a	centrifugal neuron C2	
720575941594997867	BANC_888:720575941594997867	BANC888	is_a	adult optic lobe intrinsic neuron	
720575941594998379	BANC_888:720575941594998379	BANC888	is_a	centrifugal neuron C3	
720575941594998823	BANC_888:720575941594998823	BANC888	is_a	transmedullary neuron Tm5b	
720575941594999079	BANC_888:720575941594999079	BANC888	is_a	distal medullary amacrine neuron Dm2	
720575941594999147	BANC_888:720575941594999147	BANC888	is_a	adult optic lobe intrinsic neuron	
720575941594999766	BANC_888:720575941594999766	BANC888	is_a	adult wedge neuron 015	
720575941595000871	BANC_888:720575941595000871	BANC888	is_a	transmedullary neuron Tm5c	
720575941595003243	BANC_888:720575941595003243	BANC888	is_a	lobula plate-lobula columnar neuron LPLC4	
720575941595005223	BANC_888:720575941595005223	BANC888	is_a	T2 neuron	
720575941595005547	BANC_888:720575941595005547	BANC888	is_a	adult optic lobe intrinsic neuron	
720575941595008363	BANC_888:720575941595008363	BANC888	is_a	adult superior medial protocerebrum neuron 579	
720575941595008625	BANC_888:720575941595008625	BANC888	is_a	adult CB1291 neuron	
720575941595013415	BANC_888:720575941595013415	BANC888	is_a	T2 neuron	
720575941595015537	BANC_888:720575941595015537	BANC888	is_a	gamma dorsal Kenyon cell	
720575941595015719	BANC_888:720575941595015719	BANC888	is_a	adult optic lobe intrinsic neuron	
720575941595016487	BANC_888:720575941595016487	BANC888	is_a	transmedullary neuron Tm1	
720575941595016811	BANC_888:720575941595016811	BANC888	is_a	adult optic lobe intrinsic neuron	
720575941595019627	BANC_888:720575941595019627	BANC888	is_a	T4c neuron	
720575941595020907	BANC_888:720575941595020907	BANC888	is_a	adult optic lobe intrinsic neuron	
720575941595021270	BANC_888:720575941595021270	BANC888	is_a	lamina monopolar neuron L1	
720575941595021425	BANC_888:720575941595021425	BANC888	is_a	alpha/beta Kenyon cell	
720575941595021681	BANC_888:720575941595021681	BANC888	is_a	adult IN08B051 neuron	
720575941595021957	BANC_888:720575941595021957	BANC888	is_a	adult medulla visual projection neuron MeVP63	FlyBase:FBrf0262545
720575941595022449	BANC_888:720575941595022449	BANC888	is_a	adult wedge neuron 031	
720575941595025366	BANC_888:720575941595025366	BANC888	is_a	adult CB3579 neuron	
720575941595025771	BANC_888:720575941595025771	BANC888	is_a	adult optic lobe intrinsic neuron	
720575941595025777	BANC_888:720575941595025777	BANC888	is_a	alpha/beta Kenyon cell	
720575941595026283	BANC_888:720575941595026283	BANC888	is_a	adult optic lobe intrinsic neuron	
720575941595027495	BANC_888:720575941595027495	BANC888	is_a	T2a neuron	
720575941595028182	BANC_888:720575941595028182	BANC888	is_a	adult olfactory receptor neuron Or67d	
720575941595028438	BANC_888:720575941595028438	BANC888	is_a	adult lateral accessory lobe neuron 031	
720575941595029099	BANC_888:720575941595029099	BANC888	is_a	lobula tangential neuron LT51	
720575941595030123	BANC_888:720575941595030123	BANC888	is_a	adult optic lobe intrinsic neuron	
720575941595030891	BANC_888:720575941595030891	BANC888	is_a	transmedullary Y neuron TmY14	
720575941595030897	BANC_888:720575941595030897	BANC888	is_a	adult CNS neuron	
720575941595031766	BANC_888:720575941595031766	BANC888	is_a	adult CB2384 neuron	
720575941595037553	BANC_888:720575941595037553	BANC888	is_a	adult CB1810 neuron	
720575941595038085	BANC_888:720575941595038085	BANC888	is_a	adult optic lobe intrinsic neuron	
720575941595039783	BANC_888:720575941595039783	BANC888	is_a	transmedullary neuron Tm29	FlyBase:FBrf0262545
720575941595040881	BANC_888:720575941595040881	BANC888	is_a	adult CB3522 neuron	
720575941595042437	BANC_888:720575941595042437	BANC888	is_a	adult wedge neuron 053	
720575941595044135	BANC_888:720575941595044135	BANC888	is_a	distal medullary amacrine neuron Dm3c	FlyBase:FBrf0262545
720575941595044715	BANC_888:720575941595044715	BANC888	is_a	adult optic lobe intrinsic neuron	
720575941595047025	BANC_888:720575941595047025	BANC888	is_a	adult anterior ventrolateral protocerebrum neuron 546	
720575941595047382	BANC_888:720575941595047382	BANC888	is_a	adult CB1589 neuron	
720575941595048150	BANC_888:720575941595048150	BANC888	is_a	adult anterior optic tubercle neuron 018	
720575941595048299	BANC_888:720575941595048299	BANC888	is_a	adult optic lobe intrinsic neuron	
720575941595048555	BANC_888:720575941595048555	BANC888	is_a	adult optic lobe intrinsic neuron	
720575941595049174	BANC_888:720575941595049174	BANC888	is_a	gamma main Kenyon cell	
720575941595049430	BANC_888:720575941595049430	BANC888	is_a	adult lateral horn AV3p1 neuron	
720575941595051478	BANC_888:720575941595051478	BANC888	is_a	adult inferior bridge neuron 051	
720575941595054294	BANC_888:720575941595054294	BANC888	is_a	adult CB3541 neuron	
720575941595058134	BANC_888:720575941595058134	BANC888	is_a	adult lateral horn AV2g2 neuron	
720575941595058469	BANC_888:720575941595058469	BANC888	is_a	lobula columnar neuron LC16	
720575941595060950	BANC_888:720575941595060950	BANC888	is_a	adult lobula visual projection neuron LoVP13	FlyBase:FBrf0262545
720575941595062379	BANC_888:720575941595062379	BANC888	is_a	adult CB1546 neuron	
720575941595062635	BANC_888:720575941595062635	BANC888	is_a	T5a neuron	
720575941595062897	BANC_888:720575941595062897	BANC888	is_a	gamma dorsal Kenyon cell	
720575941595063147	BANC_888:720575941595063147	BANC888	is_a	descending neuron of the posterior brain DNp72	
720575941595063766	BANC_888:720575941595063766	BANC888	is_a	adult CB2170 neuron	
720575941595065195	BANC_888:720575941595065195	BANC888	is_a	adult optic lobe intrinsic neuron	
720575941595067755	BANC_888:720575941595067755	BANC888	is_a	lobula columnar neuron LC10d	
720575941595068197	BANC_888:720575941595068197	BANC888	is_a	T4d neuron	
720575941595070166	BANC_888:720575941595070166	BANC888	is_a	adult CB1731 neuron	
720575941595071083	BANC_888:720575941595071083	BANC888	is_a	adult optic lobe intrinsic neuron	
720575941595071958	BANC_888:720575941595071958	BANC888	is_a	adult CB3546 neuron	
720575941595072625	BANC_888:720575941595072625	BANC888	is_a	adult accessory medulla neuron aMe2	
720575941595074087	BANC_888:720575941595074087	BANC888	is_a	mechanosensory neuron of interommatidial bristle	
720575941595074161	BANC_888:720575941595074161	BANC888	is_a	adult CB3385 neuron	
720575941595076715	BANC_888:720575941595076715	BANC888	is_a	mechanosensory neuron of maxillary palp bristle	
720575941595076822	BANC_888:720575941595076822	BANC888	is_a	adult multiglomerular antennal lobe projection neuron type 33 lvPN	
720575941595081067	BANC_888:720575941595081067	BANC888	is_a	adult gustatory receptor neuron	
720575941595081430	BANC_888:720575941595081430	BANC888	is_a	adult CNS neuron	
720575941595082966	BANC_888:720575941595082966	BANC888	is_a	adult lateral accessory lobe neuron 103	
720575941595083222	BANC_888:720575941595083222	BANC888	is_a	adult superior medial protocerebrum neuron 504	
720575941595083734	BANC_888:720575941595083734	BANC888	is_a	adult AN01B014 neuron	
720575941595083883	BANC_888:720575941595083883	BANC888	is_a	adult optic lobe intrinsic neuron	
720575941595084071	BANC_888:720575941595084071	BANC888	is_a	adult IN19A076 neuron	
720575941595084502	BANC_888:720575941595084502	BANC888	is_a	adult CB0690 neuron	
720575941595085270	BANC_888:720575941595085270	BANC888	is_a	adult CB3111 neuron	
720575941595087574	BANC_888:720575941595087574	BANC888	is_a	adult superior medial protocerebrum neuron 470	
720575941595090283	BANC_888:720575941595090283	BANC888	is_a	adult optic lobe intrinsic neuron	
720575941595090646	BANC_888:720575941595090646	BANC888	is_a	distal medullary amacrine neuron Dm3c	FlyBase:FBrf0262545
720575941595092005	BANC_888:720575941595092005	BANC888	is_a	distal medullary amacrine neuron Dm4	
720575941595092081	BANC_888:720575941595092081	BANC888	is_a	adult CB2431 neuron	
720575941595093105	BANC_888:720575941595093105	BANC888	is_a	adult CB0462 neuron	
720575941595094635	BANC_888:720575941595094635	BANC888	is_a	adult optic lobe intrinsic neuron	
720575941595095153	BANC_888:720575941595095153	BANC888	is_a	gamma main Kenyon cell	
720575941595095766	BANC_888:720575941595095766	BANC888	is_a	adult posterior slope neuron 232	
720575941595098070	BANC_888:720575941595098070	BANC888	is_a	adult antennal lobe projection neuron DM6 adPN	
720575941595098838	BANC_888:720575941595098838	BANC888	is_a	adult antennal lobe projection neuron VM3 adPN	
720575941595098919	BANC_888:720575941595098919	BANC888	is_a	lamina monopolar neuron L1	
720575941595099499	BANC_888:720575941595099499	BANC888	is_a	adult optic lobe intrinsic neuron	
720575941595101809	BANC_888:720575941595101809	BANC888	is_a	adult AN08B097 neuron	
720575941595104551	BANC_888:720575941595104551	BANC888	is_a	lamina monopolar neuron L3	
720575941595105131	BANC_888:720575941595105131	BANC888	is_a	T2 neuron	
720575941595106417	BANC_888:720575941595106417	BANC888	is_a	alpha/beta Kenyon cell	
720575941595107542	BANC_888:720575941595107542	BANC888	is_a	dopaminergic PAM neuron 10	
720575941595107947	BANC_888:720575941595107947	BANC888	is_a	adult optic lobe intrinsic neuron	
720575941595112997	BANC_888:720575941595112997	BANC888	is_a	adult fan-shaped body 1 column-superior medial protocerebrum neuron	FlyBase:FBrf0246888
720575941595113430	BANC_888:720575941595113430	BANC888	is_a	adult central brain intrinsic neuron	
720575941595113579	BANC_888:720575941595113579	BANC888	is_a	adult optic lobe intrinsic neuron	
720575941595114021	BANC_888:720575941595114021	BANC888	is_a	adult CB3372 neuron	
720575941595114023	BANC_888:720575941595114023	BANC888	is_a	lobula-lobula plate columnar neuron LLPC2	
720575941595114454	BANC_888:720575941595114454	BANC888	is_a	adult anterior ventrolateral protocerebrum neuron 574	
720575941595114791	BANC_888:720575941595114791	BANC888	is_a	T2 neuron	
720575941595115559	BANC_888:720575941595115559	BANC888	is_a	T5d neuron	
720575941595116246	BANC_888:720575941595116246	BANC888	is_a	adult CB1306 neuron	
720575941595117526	BANC_888:720575941595117526	BANC888	is_a	adult olfactory receptor neuron Ir76a ac4	
720575941595118449	BANC_888:720575941595118449	BANC888	is_a	adult wedge neuron 080	
720575941595118887	BANC_888:720575941595118887	BANC888	is_a	transmedullary neuron Tm6	FlyBase:FBrf0262545
720575941595119723	BANC_888:720575941595119723	BANC888	is_a	adult optic lobe intrinsic neuron	
720575941595121701	BANC_888:720575941595121701	BANC888	is_a	alpha/beta posterior Kenyon cell	
720575941595121959	BANC_888:720575941595121959	BANC888	is_a	adult optic lobe intrinsic neuron	
720575941595122469	BANC_888:720575941595122469	BANC888	is_a	sensory neuron	
720575941595122725	BANC_888:720575941595122725	BANC888	is_a	adult SNpp35 neuron	
720575941595122981	BANC_888:720575941595122981	BANC888	is_a	gamma main Kenyon cell	
720575941595123077	BANC_888:720575941595123077	BANC888	is_a	lobula columnar neuron LC15	
720575941595123819	BANC_888:720575941595123819	BANC888	is_a	adult optic lobe intrinsic neuron	
720575941595125029	BANC_888:720575941595125029	BANC888	is_a	photoreceptor cell R8	
720575941595125031	BANC_888:720575941595125031	BANC888	is_a	T5b neuron	
720575941595126379	BANC_888:720575941595126379	BANC888	is_a	adult optic lobe intrinsic neuron	
720575941595126567	BANC_888:720575941595126567	BANC888	is_a	adult optic lobe intrinsic neuron	
720575941595127921	BANC_888:720575941595127921	BANC888	is_a	adult CB1978 neuron	
720575941595129451	BANC_888:720575941595129451	BANC888	is_a	adult optic lobe intrinsic neuron	
720575941595130757	BANC_888:720575941595130757	BANC888	is_a	adult optic lobe intrinsic neuron	
720575941595131175	BANC_888:720575941595131175	BANC888	is_a	adult IN02A007 neuron	
720575941595131687	BANC_888:720575941595131687	BANC888	is_a	adult optic lobe intrinsic neuron	
720575941595131941	BANC_888:720575941595131941	BANC888	is_a	T4a neuron	
720575941595134247	BANC_888:720575941595134247	BANC888	is_a	photoreceptor cell R8	
720575941595134503	BANC_888:720575941595134503	BANC888	is_a	distal medullary amacrine neuron Dm3c	FlyBase:FBrf0262545
720575941595136881	BANC_888:720575941595136881	BANC888	is_a	alpha/beta Kenyon cell	
720575941595137319	BANC_888:720575941595137319	BANC888	is_a	centrifugal neuron C2	
720575941595137829	BANC_888:720575941595137829	BANC888	is_a	gamma main Kenyon cell	
720575941595139542	BANC_888:720575941595139542	BANC888	is_a	adult optic lobe intrinsic neuron	
720575941595142102	BANC_888:720575941595142102	BANC888	is_a	adult IN20A.22A052 neuron	
720575941595142251	BANC_888:720575941595142251	BANC888	is_a	adult lobula intrinsic neuron Li22	FlyBase:FBrf0262545
720575941595143717	BANC_888:720575941595143717	BANC888	is_a	zone B Johnston organ neuron	
720575941595147377	BANC_888:720575941595147377	BANC888	is_a	dopaminergic PAM neuron 1	
720575941595149425	BANC_888:720575941595149425	BANC888	is_a	adult olfactory receptor neuron Ir75c	
720575941595150885	BANC_888:720575941595150885	BANC888	is_a	adult IN02A054 neuron	
720575941595151237	BANC_888:720575941595151237	BANC888	is_a	mesothoracic sternotrochanter extensor muscle motor neuron	
720575941595152677	BANC_888:720575941595152677	BANC888	is_a	adult IN14A030 neuron	
720575941595154289	BANC_888:720575941595154289	BANC888	is_a	adult central brain intrinsic neuron	
720575941595154981	BANC_888:720575941595154981	BANC888	is_a	adult IN02A045 neuron	
720575941595156613	BANC_888:720575941595156613	BANC888	is_a	distal medullary amacrine neuron Dm15	
720575941595157541	BANC_888:720575941595157541	BANC888	is_a	adult IN06A072 neuron	
720575941595157543	BANC_888:720575941595157543	BANC888	is_a	T2 neuron	
720575941595158891	BANC_888:720575941595158891	BANC888	is_a	adult optic lobe intrinsic neuron	
720575941595160534	BANC_888:720575941595160534	BANC888	is_a	adult optic lobe intrinsic neuron	
720575941595161639	BANC_888:720575941595161639	BANC888	is_a	mechanosensory neuron of interommatidial bristle	
720575941595161963	BANC_888:720575941595161963	BANC888	is_a	adult optic lobe intrinsic neuron	
720575941595162731	BANC_888:720575941595162731	BANC888	is_a	adult optic lobe intrinsic neuron	
720575941595167013	BANC_888:720575941595167013	BANC888	is_a	adult IN01B037 neuron	
720575941595167595	BANC_888:720575941595167595	BANC888	is_a	adult optic lobe intrinsic neuron	
720575941595167958	BANC_888:720575941595167958	BANC888	is_a	adult optic lobe intrinsic neuron	
720575941595170341	BANC_888:720575941595170341	BANC888	is_a	adult AN07B085 neuron	
720575941595170949	BANC_888:720575941595170949	BANC888	is_a	adult optic lobe intrinsic neuron	
720575941595171542	BANC_888:720575941595171542	BANC888	is_a	adult optic lobe intrinsic neuron	
720575941595173739	BANC_888:720575941595173739	BANC888	is_a	lamina monopolar neuron L2	
720575941595175205	BANC_888:720575941595175205	BANC888	is_a	adult IN09B038 neuron	
720575941595175463	BANC_888:720575941595175463	BANC888	is_a	adult optic lobe intrinsic neuron	
720575941595175813	BANC_888:720575941595175813	BANC888	is_a	medulla intrinsic neuron Mi4	
720575941595176837	BANC_888:720575941595176837	BANC888	is_a	adult optic lobe intrinsic neuron	
720575941595180421	BANC_888:720575941595180421	BANC888	is_a	transmedullary neuron Tm4	
720575941595180913	BANC_888:720575941595180913	BANC888	is_a	medulla intrinsic neuron Mi13	
720575941595180933	BANC_888:720575941595180933	BANC888	is_a	centrifugal neuron C3	
720575941595181095	BANC_888:720575941595181095	BANC888	is_a	T5d neuron	
720575941595182629	BANC_888:720575941595182629	BANC888	is_a	adult motor neuron	
720575941595184423	BANC_888:720575941595184423	BANC888	is_a	medulla intrinsic neuron Mi9	
720575941595186213	BANC_888:720575941595186213	BANC888	is_a	bristle sensory neuron	
720575941595186795	BANC_888:720575941595186795	BANC888	is_a	adult optic lobe intrinsic neuron	
720575941595187563	BANC_888:720575941595187563	BANC888	is_a	adult optic lobe intrinsic neuron	
720575941595187926	BANC_888:720575941595187926	BANC888	is_a	adult lobula intrinsic neuron Li21	FlyBase:FBrf0262545
720575941595188007	BANC_888:720575941595188007	BANC888	is_a	T3 neuron	
720575941595188261	BANC_888:720575941595188261	BANC888	is_a	adult AN06B045 neuron	
720575941595189029	BANC_888:720575941595189029	BANC888	is_a	descending neuron of the posterior brain DNp18	
720575941595189541	BANC_888:720575941595189541	BANC888	is_a	adult prosternal sense organ neuron	
720575941595189797	BANC_888:720575941595189797	BANC888	is_a	adult IN00A032 neuron	
720575941595191659	BANC_888:720575941595191659	BANC888	is_a	adult lobula visual centrifugal neuron LoVC22	FlyBase:FBrf0262545
720575941595193558	BANC_888:720575941595193558	BANC888	is_a	descending neuron of the posterior brain DNp35	
720575941595194149	BANC_888:720575941595194149	BANC888	is_a	adult IN19A006 neuron	
720575941595196805	BANC_888:720575941595196805	BANC888	is_a	T4d neuron	
720575941595197061	BANC_888:720575941595197061	BANC888	is_a	T4d neuron	
720575941595197733	BANC_888:720575941595197733	BANC888	is_a	adult IN01B091 neuron	
720575941595197803	BANC_888:720575941595197803	BANC888	is_a	T5d neuron	
720575941595198501	BANC_888:720575941595198501	BANC888	is_a	adult IN03A014 neuron	
720575941595198571	BANC_888:720575941595198571	BANC888	is_a	adult optic lobe intrinsic neuron	
720575941595198757	BANC_888:720575941595198757	BANC888	is_a	adult IN14A078 neuron	
720575941595199525	BANC_888:720575941595199525	BANC888	is_a	proprioceptive sensory neuron	
720575941595202006	BANC_888:720575941595202006	BANC888	is_a	adult optic lobe intrinsic neuron	
720575941595202085	BANC_888:720575941595202085	BANC888	is_a	adult IN07B067 neuron	
720575941595202855	BANC_888:720575941595202855	BANC888	is_a	T4b neuron	
720575941595203435	BANC_888:720575941595203435	BANC888	is_a	T2 neuron	
720575941595203621	BANC_888:720575941595203621	BANC888	is_a	lamina monopolar neuron L3	
720575941595204229	BANC_888:720575941595204229	BANC888	is_a	adult SAch01 neuron	
720575941595204465	BANC_888:720575941595204465	BANC888	is_a	adult CB1987 neuron	
720575941595205253	BANC_888:720575941595205253	BANC888	is_a	adult SNta44 neuron	
720575941595205413	BANC_888:720575941595205413	BANC888	is_a	adult IN03A055 neuron	
720575941595207019	BANC_888:720575941595207019	BANC888	is_a	T4b neuron	
720575941595209579	BANC_888:720575941595209579	BANC888	is_a	medulla intrinsic neuron Mi1	
720575941595211115	BANC_888:720575941595211115	BANC888	is_a	T4c neuron	
720575941595213445	BANC_888:720575941595213445	BANC888	is_a	transmedullary neuron Tm3	
720575941595215723	BANC_888:720575941595215723	BANC888	is_a	proximal medullary amacrine neuron Pm1	FlyBase:FBrf0262545
720575941595215729	BANC_888:720575941595215729	BANC888	is_a	adult CB0824 neuron	
720575941595215979	BANC_888:720575941595215979	BANC888	is_a	adult optic lobe intrinsic neuron	
720575941595216747	BANC_888:720575941595216747	BANC888	is_a	adult optic lobe intrinsic neuron	
720575941595217259	BANC_888:720575941595217259	BANC888	is_a	T2a neuron	
720575941595217541	BANC_888:720575941595217541	BANC888	is_a	photoreceptor cell R8	
720575941595217777	BANC_888:720575941595217777	BANC888	is_a	adult CB1620 neuron	
720575941595219051	BANC_888:720575941595219051	BANC888	is_a	adult lobula visual centrifugal neuron LoVC1	FlyBase:FBrf0262545
720575941595221125	BANC_888:720575941595221125	BANC888	is_a	transmedullary Y neuron TmY20	
720575941595221206	BANC_888:720575941595221206	BANC888	is_a	centrifugal neuron C3	
720575941595223685	BANC_888:720575941595223685	BANC888	is_a	distal medullary amacrine neuron Dm3b	FlyBase:FBrf0262545
720575941595224683	BANC_888:720575941595224683	BANC888	is_a	adult optic lobe intrinsic neuron	
720575941595225814	BANC_888:720575941595225814	BANC888	is_a	adult optic lobe intrinsic neuron	
720575941595226757	BANC_888:720575941595226757	BANC888	is_a	distal medullary amacrine neuron Dm3b	FlyBase:FBrf0262545
720575941595226917	BANC_888:720575941595226917	BANC888	is_a	lamina monopolar neuron L1	
720575941595229477	BANC_888:720575941595229477	BANC888	is_a	medulla intrinsic neuron Mi9	
720575941595230678	BANC_888:720575941595230678	BANC888	is_a	adult anterior ventrolateral protocerebrum neuron 102	
720575941595231601	BANC_888:720575941595231601	BANC888	is_a	adult anterior ventrolateral protocerebrum neuron 586	
720575941595231877	BANC_888:720575941595231877	BANC888	is_a	T3 neuron	
720575941595233925	BANC_888:720575941595233925	BANC888	is_a	medulla intrinsic neuron Mi1	
720575941595237157	BANC_888:720575941595237157	BANC888	is_a	adult ascending neuron	
720575941595237846	BANC_888:720575941595237846	BANC888	is_a	lobula columnar neuron LC9	
720575941595240229	BANC_888:720575941595240229	BANC888	is_a	adult antennal lobe projection neuron VM2 adPN	
720575941595240662	BANC_888:720575941595240662	BANC888	is_a	centrifugal neuron C2	
720575941595243557	BANC_888:720575941595243557	BANC888	is_a	adult optic lobe intrinsic neuron	
720575941595244583	BANC_888:720575941595244583	BANC888	is_a	adult CB0963 neuron	
720575941595245861	BANC_888:720575941595245861	BANC888	is_a	photoreceptor cell R7	
720575941595249189	BANC_888:720575941595249189	BANC888	is_a	adult olfactory receptor neuron Or35a	
720575941595250215	BANC_888:720575941595250215	BANC888	is_a	adult fan-shaped body vertical delta neuron	
720575941595254897	BANC_888:720575941595254897	BANC888	is_a	transmedullary neuron Tm6	FlyBase:FBrf0262545
720575941595255766	BANC_888:720575941595255766	BANC888	is_a	adult central brain intrinsic neuron	
720575941595256101	BANC_888:720575941595256101	BANC888	is_a	adult CB0071 neuron	
720575941595260709	BANC_888:720575941595260709	BANC888	is_a	adult olfactory receptor neuron Or59b	
720575941595266343	BANC_888:720575941595266343	BANC888	is_a	giant fiber coupled neuron 2	
720575941595267877	BANC_888:720575941595267877	BANC888	is_a	adult CB2847 neuron	
720575941595268133	BANC_888:720575941595268133	BANC888	is_a	adult CB3759 neuron	
720575941595268389	BANC_888:720575941595268389	BANC888	is_a	adult corazonin neuron	
720575941595269669	BANC_888:720575941595269669	BANC888	is_a	adult superior intermediate protocerebrum neuron 027	
720575941595277607	BANC_888:720575941595277607	BANC888	is_a	adult SNta45 neuron	
720575941595278373	BANC_888:720575941595278373	BANC888	is_a	T4d neuron	
720575941595282309	BANC_888:720575941595282309	BANC888	is_a	transmedullary neuron Tm1	
720575941595285799	BANC_888:720575941595285799	BANC888	is_a	adult IN12A048 neuron	
720575941595287079	BANC_888:720575941595287079	BANC888	is_a	medulla intrinsic neuron Mi1	
720575941595287173	BANC_888:720575941595287173	BANC888	is_a	T5d neuron	
720575941595288177	BANC_888:720575941595288177	BANC888	is_a	adult CB2190 neuron	
720575941595288357	BANC_888:720575941595288357	BANC888	is_a	adult olfactory receptor neuron Ir41a	
720575941595288871	BANC_888:720575941595288871	BANC888	is_a	adult IN12B053 neuron	
720575941595289381	BANC_888:720575941595289381	BANC888	is_a	adult antennal olfactory receptor neuron	
720575941595290149	BANC_888:720575941595290149	BANC888	is_a	adult AN10B049 neuron	
720575941595290151	BANC_888:720575941595290151	BANC888	is_a	adult AN14A003 neuron	
720575941595291687	BANC_888:720575941595291687	BANC888	is_a	femoral chordotonal claw neuron	
720575941595295525	BANC_888:720575941595295525	BANC888	is_a	adult antennal lobe projection neuron VP2 adPN	
720575941595295783	BANC_888:720575941595295783	BANC888	is_a	adult AN01B005 neuron	
720575941595296881	BANC_888:720575941595296881	BANC888	is_a	lobula plate columnar neuron LPC1	
720575941595298161	BANC_888:720575941595298161	BANC888	is_a	adult olfactory receptor neuron Ir31a	
720575941595299111	BANC_888:720575941595299111	BANC888	is_a	metathoracic femoral reductor muscle motor neuron	
720575941595299367	BANC_888:720575941595299367	BANC888	is_a	adult IN03B028 neuron	
720575941595299461	BANC_888:720575941595299461	BANC888	is_a	transmedullary neuron Tm6	FlyBase:FBrf0262545
720575941595302439	BANC_888:720575941595302439	BANC888	is_a	adult SNta22 neuron	
720575941595303463	BANC_888:720575941595303463	BANC888	is_a	transmedullary neuron Tm6	FlyBase:FBrf0262545
720575941595303717	BANC_888:720575941595303717	BANC888	is_a	adult AN07B045 neuron	
720575941595304485	BANC_888:720575941595304485	BANC888	is_a	adult CB1366 neuron	
720575941595305329	BANC_888:720575941595305329	BANC888	is_a	transmedullary Y neuron TmY3	
720575941595306023	BANC_888:720575941595306023	BANC888	is_a	adult IN19B050 neuron	
720575941595307559	BANC_888:720575941595307559	BANC888	is_a	adult IN00A045 neuron	
720575941595308071	BANC_888:720575941595308071	BANC888	is_a	adult AN07B021 neuron	
720575941595308145	BANC_888:720575941595308145	BANC888	is_a	adult CB3696 neuron	
720575941595308327	BANC_888:720575941595308327	BANC888	is_a	adult IN03A030 neuron	
720575941595309607	BANC_888:720575941595309607	BANC888	is_a	adult IN03A059 neuron	
720575941595310887	BANC_888:720575941595310887	BANC888	is_a	adult IN01A003 neuron	
720575941595311143	BANC_888:720575941595311143	BANC888	is_a	adult IN13A003 neuron	
720575941595311237	BANC_888:720575941595311237	BANC888	is_a	T5a neuron	
720575941595312517	BANC_888:720575941595312517	BANC888	is_a	femoral chordotonal club neuron	
720575941595315749	BANC_888:720575941595315749	BANC888	is_a	adult lobula visual projection neuron LoVP26	FlyBase:FBrf0262545
720575941595321895	BANC_888:720575941595321895	BANC888	is_a	adult SNta29 neuron	
720575941595322919	BANC_888:720575941595322919	BANC888	is_a	T4a neuron	
720575941595323350	BANC_888:720575941595323350	BANC888	is_a	T5c neuron	
720575941595324967	BANC_888:720575941595324967	BANC888	is_a	T2a neuron	
720575941595327446	BANC_888:720575941595327446	BANC888	is_a	adult optic lobe intrinsic neuron	
720575941595328625	BANC_888:720575941595328625	BANC888	is_a	adult saddle neuron 034	
720575941595334183	BANC_888:720575941595334183	BANC888	is_a	adult CB2769 neuron	
720575941595335301	BANC_888:720575941595335301	BANC888	is_a	sensory neuron of haltere campaniform sensillum	
720575941595335382	BANC_888:720575941595335382	BANC888	is_a	T5c neuron	
720575941595335719	BANC_888:720575941595335719	BANC888	is_a	adult fan-shaped body layer 2 neuron of LALv1 lineage	
720575941595337942	BANC_888:720575941595337942	BANC888	is_a	T4b neuron	
720575941595339633	BANC_888:720575941595339633	BANC888	is_a	adult olfactory receptor neuron Or98a	
720575941595339889	BANC_888:720575941595339889	BANC888	is_a	transmedullary Y neuron TmY3	
720575941595342294	BANC_888:720575941595342294	BANC888	is_a	transmedullary neuron Tm37	FlyBase:FBrf0262545
720575941595343237	BANC_888:720575941595343237	BANC888	is_a	T4c neuron	
720575941595343317	BANC_888:720575941595343317	BANC888	is_a	centrifugal neuron C2	
720575941595346469	BANC_888:720575941595346469	BANC888	is_a	adult olfactory receptor neuron Ir75d	
720575941595346821	BANC_888:720575941595346821	BANC888	is_a	T5c neuron	
720575941595348517	BANC_888:720575941595348517	BANC888	is_a	adult clamp neuron 248	
720575941595352101	BANC_888:720575941595352101	BANC888	is_a	adult lobula visual projection neuron LoVP12	FlyBase:FBrf0262545
720575941595352689	BANC_888:720575941595352689	BANC888	is_a	medulla intrinsic neuron Mi13	
720575941595353989	BANC_888:720575941595353989	BANC888	is_a	T3 neuron	
720575941595355862	BANC_888:720575941595355862	BANC888	is_a	adult olfactory receptor neuron Or56a	
720575941595357654	BANC_888:720575941595357654	BANC888	is_a	adult olfactory receptor neuron Or82a	
720575941595358341	BANC_888:720575941595358341	BANC888	is_a	mechanosensory neuron of interommatidial bristle	
720575941595362343	BANC_888:720575941595362343	BANC888	is_a	adult optic lobe intrinsic neuron	
720575941595365159	BANC_888:720575941595365159	BANC888	is_a	adult olfactory receptor neuron Or67d	
720575941595366693	BANC_888:720575941595366693	BANC888	is_a	adult posterior slope neuron 300	
720575941595368662	BANC_888:720575941595368662	BANC888	is_a	adult IN20A.22A051 neuron	
720575941595369765	BANC_888:720575941595369765	BANC888	is_a	adult CB1399 neuron	
720575941595370021	BANC_888:720575941595370021	BANC888	is_a	alpha/beta Kenyon cell	
720575941595370023	BANC_888:720575941595370023	BANC888	is_a	gamma main Kenyon cell	
720575941595371889	BANC_888:720575941595371889	BANC888	is_a	transmedullary neuron Tm9	
720575941595376677	BANC_888:720575941595376677	BANC888	is_a	adult DNxn143 neuron	
720575941595378646	BANC_888:720575941595378646	BANC888	is_a	distal medullary amacrine neuron Dm15	
720575941595380005	BANC_888:720575941595380005	BANC888	is_a	adult CB3735 neuron	
720575941595381031	BANC_888:720575941595381031	BANC888	is_a	adult olfactory receptor neuron Or22	
720575941595382055	BANC_888:720575941595382055	BANC888	is_a	adult crepine neuron 018	
720575941595384453	BANC_888:720575941595384453	BANC888	is_a	gamma main Kenyon cell	
720575941595388711	BANC_888:720575941595388711	BANC888	is_a	adult CB0441 neuron	
720575941595393238	BANC_888:720575941595393238	BANC888	is_a	adult optic lobe intrinsic neuron	
720575941595393317	BANC_888:720575941595393317	BANC888	is_a	lobula columnar neuron LC21	
720575941595394161	BANC_888:720575941595394161	BANC888	is_a	adult AN06B046 neuron	
720575941595397415	BANC_888:720575941595397415	BANC888	is_a	adult CB3579 neuron	
720575941595399281	BANC_888:720575941595399281	BANC888	is_a	adult CB1630 neuron	
720575941595399382	BANC_888:720575941595399382	BANC888	is_a	adult olfactory receptor neuron Or9a	
720575941595402353	BANC_888:720575941595402353	BANC888	is_a	dopaminergic PPL1 fan-shaped body layer 7 neuron	
720575941595402454	BANC_888:720575941595402454	BANC888	is_a	mechanosensory neuron of interommatidial bristle	
720575941595405937	BANC_888:720575941595405937	BANC888	is_a	transmedullary Y neuron TmY14	
720575941595408497	BANC_888:720575941595408497	BANC888	is_a	mechanosensory neuron of interommatidial bristle	
720575941595408854	BANC_888:720575941595408854	BANC888	is_a	distal medullary amacrine neuron Dm10	
720575941595412519	BANC_888:720575941595412519	BANC888	is_a	adult anterior ventrolateral protocerebrum neuron 573	
720575941595413361	BANC_888:720575941595413361	BANC888	is_a	sensory neuron of haltere capitellum trichoid sensillum	
720575941595417125	BANC_888:720575941595417125	BANC888	is_a	adult posterior ventrolateral protocerebrum neuron 150	
720575941595417639	BANC_888:720575941595417639	BANC888	is_a	adult lobula columnar neuron e01	
720575941595419173	BANC_888:720575941595419173	BANC888	is_a	adult anterior ventrolateral protocerebrum neuron 394	
720575941595419687	BANC_888:720575941595419687	BANC888	is_a	adult broom subesophageal neuron	
720575941595422247	BANC_888:720575941595422247	BANC888	is_a	adult clamp neuron 335	
720575941595422422	BANC_888:720575941595422422	BANC888	is_a	adult optic lobe intrinsic neuron	
720575941595423365	BANC_888:720575941595423365	BANC888	is_a	medulla intrinsic neuron Mi9	
720575941595424369	BANC_888:720575941595424369	BANC888	is_a	adult protocerebral bridge 1 glomerulus-ellipsoid body tile-gall neuron	
720575941595426085	BANC_888:720575941595426085	BANC888	is_a	alpha/beta Kenyon cell	
720575941595426087	BANC_888:720575941595426087	BANC888	is_a	adult posterior lateral protocerebrum neuron 059	
720575941595426437	BANC_888:720575941595426437	BANC888	is_a	adult IN20A.22A065 neuron	
720575941595427621	BANC_888:720575941595427621	BANC888	is_a	adult antennal lobe projection neuron VM7d adPN	
720575941595428721	BANC_888:720575941595428721	BANC888	is_a	adult optic lobe intrinsic neuron	
720575941595430769	BANC_888:720575941595430769	BANC888	is_a	medulla intrinsic neuron Mi9	
720575941595432150	BANC_888:720575941595432150	BANC888	is_a	transmedullary Y neuron TmY14	
720575941595434023	BANC_888:720575941595434023	BANC888	is_a	adult CB2265 neuron	
720575941595437701	BANC_888:720575941595437701	BANC888	is_a	adult IN09A044 neuron	
720575941595440598	BANC_888:720575941595440598	BANC888	is_a	adult optic lobe intrinsic neuron	
720575941595441285	BANC_888:720575941595441285	BANC888	is_a	adult IN11A003 neuron	
720575941595444081	BANC_888:720575941595444081	BANC888	is_a	adult lateral horn PV4m1 neuron	
720575941595444337	BANC_888:720575941595444337	BANC888	is_a	T4b neuron	
720575941595446309	BANC_888:720575941595446309	BANC888	is_a	adult CB1542 neuron	
720575941595447153	BANC_888:720575941595447153	BANC888	is_a	distal medullary amacrine neuron Dm3a	FlyBase:FBrf0262545
720575941595448022	BANC_888:720575941595448022	BANC888	is_a	adult fan-shaped body 1 column-crepine neuron	FlyBase:FBrf0246888
720575941595449125	BANC_888:720575941595449125	BANC888	is_a	adult CSD interneuron	
720575941595449302	BANC_888:720575941595449302	BANC888	is_a	femoral chordotonal hook neuron	
720575941595449383	BANC_888:720575941595449383	BANC888	is_a	adult lateral accessory lobe neuron 022	
720575941595449969	BANC_888:720575941595449969	BANC888	is_a	adult IN08A032 neuron	
720575941595451941	BANC_888:720575941595451941	BANC888	is_a	adult CB1300 neuron	
720575941595452197	BANC_888:720575941595452197	BANC888	is_a	adult superior medial protocerebrum neuron 103	
720575941595453317	BANC_888:720575941595453317	BANC888	is_a	adult IN07B098 neuron	
720575941595453829	BANC_888:720575941595453829	BANC888	is_a	transmedullary neuron Tm3	
720575941595455702	BANC_888:720575941595455702	BANC888	is_a	distal medullary amacrine neuron Dm11	
720575941595456389	BANC_888:720575941595456389	BANC888	is_a	adult IN03A062 neuron	
720575941595456551	BANC_888:720575941595456551	BANC888	is_a	lobula columnar neuron LC13	
720575941595462769	BANC_888:720575941595462769	BANC888	is_a	medulla intrinsic neuron Mi2	
720575941595463281	BANC_888:720575941595463281	BANC888	is_a	transmedullary Y neuron TmY5a	
720575941595464741	BANC_888:720575941595464741	BANC888	is_a	adult CB2798 neuron	
720575941595475845	BANC_888:720575941595475845	BANC888	is_a	adult IN13A001 neuron	
720575941595475926	BANC_888:720575941595475926	BANC888	is_a	lamina monopolar neuron L2	
720575941595477206	BANC_888:720575941595477206	BANC888	is_a	photoreceptor cell R7	
720575941595479333	BANC_888:720575941595479333	BANC888	is_a	adult anterior ventrolateral protocerebrum neuron 290	
720575941595480689	BANC_888:720575941595480689	BANC888	is_a	adult SNxx03 neuron	
720575941595485479	BANC_888:720575941595485479	BANC888	is_a	medulla intrinsic neuron Mi4	
720575941595486321	BANC_888:720575941595486321	BANC888	is_a	adult superior intermediate protocerebrum neuron 003	
720575941595487781	BANC_888:720575941595487781	BANC888	is_a	adult CB1346 neuron	
720575941595487857	BANC_888:720575941595487857	BANC888	is_a	gamma main Kenyon cell	
720575941595488293	BANC_888:720575941595488293	BANC888	is_a	adult CB0653 neuron	
720575941595489649	BANC_888:720575941595489649	BANC888	is_a	gamma main Kenyon cell	
720575941595491623	BANC_888:720575941595491623	BANC888	is_a	lamina monopolar neuron L2	
720575941595493233	BANC_888:720575941595493233	BANC888	is_a	adult lateral accessory lobe neuron 096	
720575941595493745	BANC_888:720575941595493745	BANC888	is_a	gamma main Kenyon cell	
720575941595494949	BANC_888:720575941595494949	BANC888	is_a	adult inferior bridge neuron 093	
720575941595495975	BANC_888:720575941595495975	BANC888	is_a	lobula columnar neuron LC13	
720575941595496997	BANC_888:720575941595496997	BANC888	is_a	adult lateral horn AV3a1 neuron	
720575941595497509	BANC_888:720575941595497509	BANC888	is_a	adult CNS neuron	
720575941595498277	BANC_888:720575941595498277	BANC888	is_a	adult CB3202 neuron	
720575941595499557	BANC_888:720575941595499557	BANC888	is_a	adult superior medial protocerebrum neuron 538	
720575941595506213	BANC_888:720575941595506213	BANC888	is_a	adult anterior ventrolateral protocerebrum neuron 323	
720575941595507237	BANC_888:720575941595507237	BANC888	is_a	adult CB1951 neuron	
720575941595510821	BANC_888:720575941595510821	BANC888	is_a	adult olfactory receptor neuron Or10a	
720575941595511589	BANC_888:720575941595511589	BANC888	is_a	adult CB1205 neuron	
720575941595512689	BANC_888:720575941595512689	BANC888	is_a	distal medullary amacrine neuron Dm2	
720575941595512965	BANC_888:720575941595512965	BANC888	is_a	adult IN21A073 neuron	
720575941595514149	BANC_888:720575941595514149	BANC888	is_a	adult CB2053 neuron	
720575941595515941	BANC_888:720575941595515941	BANC888	is_a	adult ANXXX296 neuron	
720575941595517735	BANC_888:720575941595517735	BANC888	is_a	descending neuron of the gnathal ganglion DNg75	
720575941595517989	BANC_888:720575941595517989	BANC888	is_a	adult olfactory receptor neuron Or47a	
720575941595518065	BANC_888:720575941595518065	BANC888	is_a	distal medullary amacrine neuron Dm15	
720575941595518321	BANC_888:720575941595518321	BANC888	is_a	transmedullary Y neuron TmY3	
720575941595519857	BANC_888:720575941595519857	BANC888	is_a	distal medullary amacrine neuron Dm12	
720575941595520039	BANC_888:720575941595520039	BANC888	is_a	adult descending neuron of the posterior brain DNpe041	
720575941595521137	BANC_888:720575941595521137	BANC888	is_a	gamma main Kenyon cell	
720575941595523697	BANC_888:720575941595523697	BANC888	is_a	adult optic lobe intrinsic neuron	
720575941595523798	BANC_888:720575941595523798	BANC888	is_a	photoreceptor cell R8	
720575941595527025	BANC_888:720575941595527025	BANC888	is_a	mechanosensory neuron of interommatidial bristle	
720575941595528229	BANC_888:720575941595528229	BANC888	is_a	adult olfactory receptor neuron Or47b	
720575941595529861	BANC_888:720575941595529861	BANC888	is_a	adult interneuron	
720575941595530198	BANC_888:720575941595530198	BANC888	is_a	photoreceptor cell R8	
720575941595530454	BANC_888:720575941595530454	BANC888	is_a	lamina monopolar neuron L5	
720575941595530609	BANC_888:720575941595530609	BANC888	is_a	adult optic lobe intrinsic neuron	
720575941595530865	BANC_888:720575941595530865	BANC888	is_a	medulla intrinsic neuron Mi9	
720575941595531303	BANC_888:720575941595531303	BANC888	is_a	adult fruitless aSP-f (female) neuron	
720575941595532145	BANC_888:720575941595532145	BANC888	is_a	medulla intrinsic neuron Mi13	
720575941595532325	BANC_888:720575941595532325	BANC888	is_a	lamina monopolar neuron L2	
720575941595534981	BANC_888:720575941595534981	BANC888	is_a	adult DNfl019 neuron	
720575941595535749	BANC_888:720575941595535749	BANC888	is_a	adult IN08A039 neuron	
720575941595535830	BANC_888:720575941595535830	BANC888	is_a	photoreceptor cell R7	
720575941595536005	BANC_888:720575941595536005	BANC888	is_a	adult motor neuron	
720575941595537447	BANC_888:720575941595537447	BANC888	is_a	adult CB1225 neuron	
720575941595537703	BANC_888:720575941595537703	BANC888	is_a	adult CB3695 neuron	
720575941595541873	BANC_888:720575941595541873	BANC888	is_a	adult SNta27 neuron	
720575941595543173	BANC_888:720575941595543173	BANC888	is_a	adult SNta43 neuron	
720575941595544197	BANC_888:720575941595544197	BANC888	is_a	adult IN21A083 neuron	
720575941595547269	BANC_888:720575941595547269	BANC888	is_a	adult IN18B048 neuron	
720575941595547761	BANC_888:720575941595547761	BANC888	is_a	adult optic lobe intrinsic neuron	
720575941595549479	BANC_888:720575941595549479	BANC888	is_a	adult posterior lateral protocerebrum neuron 178	
720575941595550321	BANC_888:720575941595550321	BANC888	is_a	medulla intrinsic neuron Mi4	
720575941595550759	BANC_888:720575941595550759	BANC888	is_a	adult lateral horn PD4c1 neuron	
720575941595553669	BANC_888:720575941595553669	BANC888	is_a	mechanosensory neuron of hair plate	
720575941595554673	BANC_888:720575941595554673	BANC888	is_a	adult optic lobe intrinsic neuron	
720575941595556229	BANC_888:720575941595556229	BANC888	is_a	adult SNxx14 neuron	
720575941595556389	BANC_888:720575941595556389	BANC888	is_a	medulla intrinsic neuron Mi2	
720575941595558693	BANC_888:720575941595558693	BANC888	is_a	adult optic lobe intrinsic neuron	
720575941595560561	BANC_888:720575941595560561	BANC888	is_a	transmedullary neuron Tm4	
720575941595561093	BANC_888:720575941595561093	BANC888	is_a	prothoracic leg taste bristle chemosensory neuron	
720575941595562470	BANC_888:720575941595562470	BANC888	is_a	mechanosensory neuron of interommatidial bristle	
720575941595562535	BANC_888:720575941595562535	BANC888	is_a	adult CB3199 neuron	
720575941595562885	BANC_888:720575941595562885	BANC888	is_a	adult IN14A079 neuron	
720575941595563909	BANC_888:720575941595563909	BANC888	is_a	femoral chordotonal claw neuron	
720575941595565095	BANC_888:720575941595565095	BANC888	is_a	adult CB2155 neuron	
720575941595565526	BANC_888:720575941595565526	BANC888	is_a	T5d neuron	
720575941595576689	BANC_888:720575941595576689	BANC888	is_a	transmedullary neuron Tm20	
720575941595578757	BANC_888:720575941595578757	BANC888	is_a	adult CB2378 neuron	
720575941595579013	BANC_888:720575941595579013	BANC888	is_a	gamma main Kenyon cell	
720575941595579781	BANC_888:720575941595579781	BANC888	is_a	adult gamma Kenyon cell	
720575941595581989	BANC_888:720575941595581989	BANC888	is_a	adult gut-innervating neuron	
720575941595582247	BANC_888:720575941595582247	BANC888	is_a	adult posterior slope neuron 099	
720575941595584039	BANC_888:720575941595584039	BANC888	is_a	adult crepine neuron 080	
720575941595585575	BANC_888:720575941595585575	BANC888	is_a	adult CB2531 neuron	
720575941595585649	BANC_888:720575941595585649	BANC888	is_a	centrifugal neuron C2	
720575941595587697	BANC_888:720575941595587697	BANC888	is_a	lamina monopolar neuron L2	
720575941595589233	BANC_888:720575941595589233	BANC888	is_a	medulla intrinsic neuron Mi9	
720575941595590951	BANC_888:720575941595590951	BANC888	is_a	adult vest neuron 009	
720575941595591382	BANC_888:720575941595591382	BANC888	is_a	lamina monopolar neuron L4	
720575941595591557	BANC_888:720575941595591557	BANC888	is_a	alpha/beta Kenyon cell	
720575941595592325	BANC_888:720575941595592325	BANC888	is_a	gamma main Kenyon cell	
720575941595593767	BANC_888:720575941595593767	BANC888	is_a	lobula columnar neuron LC18	
720575941595596581	BANC_888:720575941595596581	BANC888	is_a	sensory neuron of wing campaniform sensillum	
720575941595596758	BANC_888:720575941595596758	BANC888	is_a	photoreceptor cell R7	
720575941595597526	BANC_888:720575941595597526	BANC888	is_a	mechanosensory neuron of hair plate	
720575941595605029	BANC_888:720575941595605029	BANC888	is_a	descending neuron of the gnathal ganglion DNge071	
720575941595608615	BANC_888:720575941595608615	BANC888	is_a	adult medulla visual projection neuron MeVP10	FlyBase:FBrf0262545
720575941595608869	BANC_888:720575941595608869	BANC888	is_a	mechanosensory neuron of interommatidial bristle	
720575941595611431	BANC_888:720575941595611431	BANC888	is_a	adult posterior lateral protocerebrum neuron 015	
720575941595612529	BANC_888:720575941595612529	BANC888	is_a	lamina monopolar neuron L2	
720575941595613317	BANC_888:720575941595613317	BANC888	is_a	adult SNta35 neuron	
720575941595613553	BANC_888:720575941595613553	BANC888	is_a	adult CB1225 neuron	
720575941595614503	BANC_888:720575941595614503	BANC888	is_a	lobula columnar neuron LC15	
720575941595615013	BANC_888:720575941595615013	BANC888	is_a	adult optic lobe intrinsic neuron	
720575941595615621	BANC_888:720575941595615621	BANC888	is_a	mechanosensory neuron of interommatidial bristle	
720575941595615783	BANC_888:720575941595615783	BANC888	is_a	descending neuron of the gnathal ganglion DNg106	
720575941595616039	BANC_888:720575941595616039	BANC888	is_a	adult lateral horn AD1b1 neuron	
720575941595617413	BANC_888:720575941595617413	BANC888	is_a	mechanosensory neuron of interommatidial bristle	
720575941595617573	BANC_888:720575941595617573	BANC888	is_a	adult optic lobe intrinsic neuron	
720575941595617925	BANC_888:720575941595617925	BANC888	is_a	gustatory receptor neuron	
720575941595622439	BANC_888:720575941595622439	BANC888	is_a	adult vest neuron 007	
720575941595622533	BANC_888:720575941595622533	BANC888	is_a	sensory neuron	
720575941595626535	BANC_888:720575941595626535	BANC888	is_a	adult vest neuron 063	
720575941595626791	BANC_888:720575941595626791	BANC888	is_a	adult clamp neuron 273	
720575941595628581	BANC_888:720575941595628581	BANC888	is_a	T5c neuron	
720575941595631141	BANC_888:720575941595631141	BANC888	is_a	adult optic lobe intrinsic neuron	
720575941595633189	BANC_888:720575941595633189	BANC888	is_a	lobula-lobula plate columnar neuron LLPC1	
720575941595636101	BANC_888:720575941595636101	BANC888	is_a	adult olfactory receptor neuron Or47a	
720575941595636263	BANC_888:720575941595636263	BANC888	is_a	adult CB0212 neuron	
720575941595636519	BANC_888:720575941595636519	BANC888	is_a	adult wedge neuron 163	
720575941595637893	BANC_888:720575941595637893	BANC888	is_a	sensory neuron	
720575941595638055	BANC_888:720575941595638055	BANC888	is_a	adult posterior ventrolateral protocerebrum neuron 004	
720575941595638897	BANC_888:720575941595638897	BANC888	is_a	T3 neuron	
720575941595641477	BANC_888:720575941595641477	BANC888	is_a	sensory neuron	
720575941595643269	BANC_888:720575941595643269	BANC888	is_a	adult SNta30 neuron	
720575941595650087	BANC_888:720575941595650087	BANC888	is_a	medulla intrinsic neuron Mi1	
720575941595653020	BANC_888:720575941595653020	BANC888	is_a	adult IN06A090 neuron	
720575941595654870	BANC_888:720575941595654870	BANC888	is_a	lamina monopolar neuron L4	
720575941595656069	BANC_888:720575941595656069	BANC888	is_a	adult sensory neuron	
720575941595658097	BANC_888:720575941595658097	BANC888	is_a	medulla intrinsic neuron Mi9	
720575941595658373	BANC_888:720575941595658373	BANC888	is_a	gustatory receptor neuron	
720575941595658533	BANC_888:720575941595658533	BANC888	is_a	lobula columnar neuron LC11	
720575941595659045	BANC_888:720575941595659045	BANC888	is_a	T2a neuron	
720575941595659653	BANC_888:720575941595659653	BANC888	is_a	mechanosensory neuron of adult head bristle	
720575941595662375	BANC_888:720575941595662375	BANC888	is_a	distal medullary amacrine neuron Dm3a	FlyBase:FBrf0262545
720575941595664165	BANC_888:720575941595664165	BANC888	is_a	adult IN19B094 neuron	
720575941595664261	BANC_888:720575941595664261	BANC888	is_a	femoral chordotonal club neuron	
720575941595665110	BANC_888:720575941595665110	BANC888	is_a	photoreceptor cell R7	
720575941595665447	BANC_888:720575941595665447	BANC888	is_a	adult optic lobe intrinsic neuron	
720575941595665777	BANC_888:720575941595665777	BANC888	is_a	adult superior lateral protocerebrum neuron 307	
720575941595669125	BANC_888:720575941595669125	BANC888	is_a	mechanosensory neuron of interommatidial bristle	
720575941595672433	BANC_888:720575941595672433	BANC888	is_a	lamina monopolar neuron L1	
720575941595673477	BANC_888:720575941595673477	BANC888	is_a	mechanosensory neuron of interommatidial bristle	
720575941595674407	BANC_888:720575941595674407	BANC888	is_a	adult optic lobe intrinsic neuron	
720575941595674757	BANC_888:720575941595674757	BANC888	is_a	zone F Johnston organ neuron	
720575941595674917	BANC_888:720575941595674917	BANC888	is_a	adult optic lobe intrinsic neuron	
720575941595675013	BANC_888:720575941595675013	BANC888	is_a	adult olfactory receptor neuron Or59c	
720575941595675292	BANC_888:720575941595675292	BANC888	is_a	T4b neuron	
720575941595675505	BANC_888:720575941595675505	BANC888	is_a	T2 neuron	
720575941595677477	BANC_888:720575941595677477	BANC888	is_a	adult optic lobe intrinsic neuron	
720575941595679877	BANC_888:720575941595679877	BANC888	is_a	adult SNxx33 neuron	
720575941595681573	BANC_888:720575941595681573	BANC888	is_a	adult optic lobe intrinsic neuron	
720575941595682262	BANC_888:720575941595682262	BANC888	is_a	lamina monopolar neuron L5	
720575941595683109	BANC_888:720575941595683109	BANC888	is_a	adult optic lobe intrinsic neuron	
720575941595685312	BANC_888:720575941595685312	BANC888	is_a	T4a neuron	
720575941595686183	BANC_888:720575941595686183	BANC888	is_a	T4a neuron	
720575941595686556	BANC_888:720575941595686556	BANC888	is_a	T4d neuron	
720575941595689765	BANC_888:720575941595689765	BANC888	is_a	adult olfactory receptor neuron Or43a	
720575941595691653	BANC_888:720575941595691653	BANC888	is_a	adult SNta36 neuron	
720575941595695911	BANC_888:720575941595695911	BANC888	is_a	adult optic lobe intrinsic neuron	
720575941595696165	BANC_888:720575941595696165	BANC888	is_a	transmedullary neuron Tm2	
720575941595697285	BANC_888:720575941595697285	BANC888	is_a	sensory neuron of haltere campaniform sensillum	
720575941595697447	BANC_888:720575941595697447	BANC888	is_a	adult optic lobe intrinsic neuron	
720575941595697541	BANC_888:720575941595697541	BANC888	is_a	adult CB3749 neuron	
720575941595701125	BANC_888:720575941595701125	BANC888	is_a	gamma main Kenyon cell	
720575941595701206	BANC_888:720575941595701206	BANC888	is_a	adult optic lobe intrinsic neuron	
720575941595703335	BANC_888:720575941595703335	BANC888	is_a	columnar neuron T1	
720575941595705457	BANC_888:720575941595705457	BANC888	is_a	T3 neuron	
720575941595707943	BANC_888:720575941595707943	BANC888	is_a	centrifugal neuron C2	
720575941595708455	BANC_888:720575941595708455	BANC888	is_a	lobula columnar neuron LC10a	
720575941595709041	BANC_888:720575941595709041	BANC888	is_a	transmedullary neuron Tm2	
720575941595710247	BANC_888:720575941595710247	BANC888	is_a	adult optic lobe intrinsic neuron	
720575941595712448	BANC_888:720575941595712448	BANC888	is_a	prothoracic sternal posterior rotator muscle motor neuron	
720575941595712805	BANC_888:720575941595712805	BANC888	is_a	T4b neuron	
720575941595714673	BANC_888:720575941595714673	BANC888	is_a	adult optic lobe intrinsic neuron	
720575941595714760	BANC_888:720575941595714760	BANC888	is_a	transmedullary neuron Tm9	
720575941595715365	BANC_888:720575941595715365	BANC888	is_a	adult optic lobe intrinsic neuron	
720575941595717925	BANC_888:720575941595717925	BANC888	is_a	adult optic lobe intrinsic neuron	
720575941595723301	BANC_888:720575941595723301	BANC888	is_a	adult optic lobe intrinsic neuron	
720575941595723456	BANC_888:720575941595723456	BANC888	is_a	adult IN02A048 neuron	
720575941595723478	BANC_888:720575941595723478	BANC888	is_a	adult lateral horn PV5g1 neuron	
720575941595725095	BANC_888:720575941595725095	BANC888	is_a	adult optic lobe intrinsic neuron	
720575941595726631	BANC_888:720575941595726631	BANC888	is_a	adult optic lobe intrinsic neuron	
720575941595727653	BANC_888:720575941595727653	BANC888	is_a	adult optic lobe intrinsic neuron	
720575941595728854	BANC_888:720575941595728854	BANC888	is_a	lobula columnar neuron LC16	
720575941595730545	BANC_888:720575941595730545	BANC888	is_a	transmedullary neuron Tm16	
720575941595730821	BANC_888:720575941595730821	BANC888	is_a	adult CB1496 neuron	
720575941595732694	BANC_888:720575941595732694	BANC888	is_a	adult saddle neuron 044	
720575941595734055	BANC_888:720575941595734055	BANC888	is_a	adult optic lobe intrinsic neuron	
720575941595735941	BANC_888:720575941595735941	BANC888	is_a	adult CB1607 neuron	
720575941595736790	BANC_888:720575941595736790	BANC888	is_a	adult antennal lobe projection neuron VP5+VP3 l2PN	
720575941595737814	BANC_888:720575941595737814	BANC888	is_a	interoceptive SEZ neuron	
720575941595740711	BANC_888:720575941595740711	BANC888	is_a	T5b neuron	
720575941595744668	BANC_888:720575941595744668	BANC888	is_a	adult IN03A065 neuron	
720575941595745472	BANC_888:720575941595745472	BANC888	is_a	adult IN06B074 neuron	
720575941595747798	BANC_888:720575941595747798	BANC888	is_a	adult CB1700 neuron	
720575941595748465	BANC_888:720575941595748465	BANC888	is_a	adult optic lobe intrinsic neuron	
720575941595749056	BANC_888:720575941595749056	BANC888	is_a	adult IN20A.22A070 neuron	
720575941595749415	BANC_888:720575941595749415	BANC888	is_a	translobula plate neuron Tlp5	
720575941595750533	BANC_888:720575941595750533	BANC888	is_a	adult CB2018 neuron	
720575941595751126	BANC_888:720575941595751126	BANC888	is_a	adult CB1939 neuron	
720575941595753765	BANC_888:720575941595753765	BANC888	is_a	adult optic lobe intrinsic neuron	
720575941595753942	BANC_888:720575941595753942	BANC888	is_a	adult CNS neuron	
720575941595756758	BANC_888:720575941595756758	BANC888	is_a	adult optic lobe intrinsic neuron	
720575941595757724	BANC_888:720575941595757724	BANC888	is_a	adult IN12A052 neuron	
720575941595758213	BANC_888:720575941595758213	BANC888	is_a	adult posterior lateral protocerebrum neuron 115	
720575941595760241	BANC_888:720575941595760241	BANC888	is_a	medulla intrinsic neuron Mi4	
720575941595761445	BANC_888:720575941595761445	BANC888	is_a	adult MNad21 neuron	
720575941595763414	BANC_888:720575941595763414	BANC888	is_a	adult CB1850 neuron	
720575941595763926	BANC_888:720575941595763926	BANC888	is_a	adult clamp neuron 081	
720575941595764337	BANC_888:720575941595764337	BANC888	is_a	medulla intrinsic neuron Mi13	
720575941595764636	BANC_888:720575941595764636	BANC888	is_a	adult IN08A026 neuron	
720575941595764775	BANC_888:720575941595764775	BANC888	is_a	adult clamp neuron 254	
720575941595766311	BANC_888:720575941595766311	BANC888	is_a	adult optic lobe intrinsic neuron	
720575941595766428	BANC_888:720575941595766428	BANC888	is_a	adult IN11B014 neuron	
720575941595767077	BANC_888:720575941595767077	BANC888	is_a	adult posterior lateral protocerebrum neuron 174	
720575941595767665	BANC_888:720575941595767665	BANC888	is_a	transmedullary neuron Tm2	
720575941595767921	BANC_888:720575941595767921	BANC888	is_a	adult optic lobe intrinsic neuron	
720575941595768476	BANC_888:720575941595768476	BANC888	is_a	adult IN06A103 neuron	
720575941595769046	BANC_888:720575941595769046	BANC888	is_a	adult lateral horn AV2b2 neuron	
720575941595769381	BANC_888:720575941595769381	BANC888	is_a	adult MNad13 neuron	
720575941595769895	BANC_888:720575941595769895	BANC888	is_a	adult lobula plate visual centrifugal neuron 01	
720575941595771548	BANC_888:720575941595771548	BANC888	is_a	adult IN23B061 neuron	
720575941595774341	BANC_888:720575941595774341	BANC888	is_a	alpha'/beta' anterior-posterior type 1 Kenyon cell	
720575941595775089	BANC_888:720575941595775089	BANC888	is_a	distal medullary amacrine neuron Dm3b	FlyBase:FBrf0262545
720575941595775190	BANC_888:720575941595775190	BANC888	is_a	adult posterior ventrolateral protocerebrum neuron 100	
720575941595776726	BANC_888:720575941595776726	BANC888	is_a	adult CB2100 neuron	
720575941595779264	BANC_888:720575941595779264	BANC888	is_a	adult IN11A027 neuron	
720575941595779484	BANC_888:720575941595779484	BANC888	is_a	adult IN13A061 neuron	
720575941595780508	BANC_888:720575941595780508	BANC888	is_a	adult IN01A084 neuron	
720575941595782556	BANC_888:720575941595782556	BANC888	is_a	adult IN11B017 neuron	
720575941595783580	BANC_888:720575941595783580	BANC888	is_a	adult IN19A073 neuron	
720575941595785116	BANC_888:720575941595785116	BANC888	is_a	adult SNta43 neuron	
720575941595785174	BANC_888:720575941595785174	BANC888	is_a	adult CB2092 neuron	
720575941595786279	BANC_888:720575941595786279	BANC888	is_a	adult CB1467 neuron	
720575941595786966	BANC_888:720575941595786966	BANC888	is_a	adult superior medial protocerebrum neuron 370	
720575941595787478	BANC_888:720575941595787478	BANC888	is_a	adult posterior ventrolateral protocerebrum neuron 106	
720575941595788421	BANC_888:720575941595788421	BANC888	is_a	adult CB1439 neuron	
720575941595788581	BANC_888:720575941595788581	BANC888	is_a	lamina monopolar neuron L1	
720575941595790806	BANC_888:720575941595790806	BANC888	is_a	adult CB2108 neuron	
720575941595793110	BANC_888:720575941595793110	BANC888	is_a	adult central brain intrinsic neuron	
720575941595793191	BANC_888:720575941595793191	BANC888	is_a	adult optic lobe intrinsic neuron	
720575941595793308	BANC_888:720575941595793308	BANC888	is_a	adult IN12B063 neuron	
720575941595795158	BANC_888:720575941595795158	BANC888	is_a	femoral chordotonal claw neuron	
720575941595795612	BANC_888:720575941595795612	BANC888	is_a	adult IN01B042 neuron	
720575941595798917	BANC_888:720575941595798917	BANC888	is_a	adult CB3464 neuron	
720575941595802012	BANC_888:720575941595802012	BANC888	is_a	adult IN12B063 neuron	
720575941595802151	BANC_888:720575941595802151	BANC888	is_a	adult optic lobe intrinsic neuron	
720575941595802405	BANC_888:720575941595802405	BANC888	is_a	photoreceptor cell R8	
720575941595803429	BANC_888:720575941595803429	BANC888	is_a	columnar neuron T1	
720575941595803685	BANC_888:720575941595803685	BANC888	is_a	photoreceptor cell R7	
720575941595804197	BANC_888:720575941595804197	BANC888	is_a	lamina monopolar neuron L2	
720575941595804572	BANC_888:720575941595804572	BANC888	is_a	adult IN09A065 neuron	
720575941595804828	BANC_888:720575941595804828	BANC888	is_a	adult IN03B066 neuron	
720575941595805084	BANC_888:720575941595805084	BANC888	is_a	adult IN13B078 neuron	
720575941595805477	BANC_888:720575941595805477	BANC888	is_a	photoreceptor cell R7	
720575941595806085	BANC_888:720575941595806085	BANC888	is_a	adult CB2431 neuron	
720575941595808039	BANC_888:720575941595808039	BANC888	is_a	adult AN08B097 neuron	
720575941595808214	BANC_888:720575941595808214	BANC888	is_a	T2 neuron	
720575941595809317	BANC_888:720575941595809317	BANC888	is_a	lamina monopolar neuron L3	
720575941595809319	BANC_888:720575941595809319	BANC888	is_a	T5c neuron	
720575941595809948	BANC_888:720575941595809948	BANC888	is_a	adult IN16B045 neuron	
720575941595810437	BANC_888:720575941595810437	BANC888	is_a	adult CB1022 neuron	
720575941595810693	BANC_888:720575941595810693	BANC888	is_a	adult clamp neuron 311	
720575941595811973	BANC_888:720575941595811973	BANC888	is_a	adult CB3555 neuron	
720575941595812485	BANC_888:720575941595812485	BANC888	is_a	adult CB2152 neuron	
720575941595814336	BANC_888:720575941595814336	BANC888	is_a	adult IN04B043 neuron	
720575941595814592	BANC_888:720575941595814592	BANC888	is_a	adult IN09A092 neuron	
720575941595815463	BANC_888:720575941595815463	BANC888	is_a	T2a neuron	
720575941595815973	BANC_888:720575941595815973	BANC888	is_a	photoreceptor cell R7	
720575941595816487	BANC_888:720575941595816487	BANC888	is_a	transmedullary Y neuron TmY3	
720575941595817605	BANC_888:720575941595817605	BANC888	is_a	adult superior medial protocerebrum neuron 059	
720575941595817841	BANC_888:720575941595817841	BANC888	is_a	adult optic lobe intrinsic neuron	
720575941595818791	BANC_888:720575941595818791	BANC888	is_a	adult optic lobe intrinsic neuron	
720575941595819045	BANC_888:720575941595819045	BANC888	is_a	transmedullary neuron Tm4	
720575941595820933	BANC_888:720575941595820933	BANC888	is_a	gamma dorsal Kenyon cell	
720575941595822449	BANC_888:720575941595822449	BANC888	is_a	adult optic lobe intrinsic neuron	
720575941595822887	BANC_888:720575941595822887	BANC888	is_a	adult optic lobe intrinsic neuron	
720575941595823260	BANC_888:720575941595823260	BANC888	is_a	adult IN09A093 neuron	
720575941595825052	BANC_888:720575941595825052	BANC888	is_a	adult IN01B080 neuron	
720575941595827158	BANC_888:720575941595827158	BANC888	is_a	descending neuron of the gnathal ganglion DNg75	
720575941595828694	BANC_888:720575941595828694	BANC888	is_a	lamina monopolar neuron L1	
720575941595829381	BANC_888:720575941595829381	BANC888	is_a	adult CB1708 neuron	
720575941595829916	BANC_888:720575941595829916	BANC888	is_a	adult IN09A095 neuron	
720575941595832177	BANC_888:720575941595832177	BANC888	is_a	transmedullary Y neuron TmY5a	
720575941595832613	BANC_888:720575941595832613	BANC888	is_a	transmedullary neuron Tm2	
720575941595832732	BANC_888:720575941595832732	BANC888	is_a	adult IN11A020 neuron	
720575941595833302	BANC_888:720575941595833302	BANC888	is_a	adult optic lobe intrinsic neuron	
720575941595833529	BANC_888:720575941595833529	BANC888	is_a	adult SNta30 neuron	
720575941595834070	BANC_888:720575941595834070	BANC888	is_a	T2a neuron	
720575941595837910	BANC_888:720575941595837910	BANC888	is_a	T5c neuron	
720575941595840113	BANC_888:720575941595840113	BANC888	is_a	photoreceptor cell R7	
720575941595840668	BANC_888:720575941595840668	BANC888	is_a	adult IN13B094 neuron	
720575941595842087	BANC_888:720575941595842087	BANC888	is_a	transmedullary neuron Tm3	
720575941595844391	BANC_888:720575941595844391	BANC888	is_a	adult olfactory receptor neuron Or67a	
720575941595847461	BANC_888:720575941595847461	BANC888	is_a	lamina monopolar neuron L1	
720575941595848561	BANC_888:720575941595848561	BANC888	is_a	adult optic lobe intrinsic neuron	
720575941595849116	BANC_888:720575941595849116	BANC888	is_a	adult IN04B111 neuron	
720575941595850688	BANC_888:720575941595850688	BANC888	is_a	adult IN21A034 neuron	
720575941595853425	BANC_888:720575941595853425	BANC888	is_a	adult SNta42 neuron	
720575941595853445	BANC_888:720575941595853445	BANC888	is_a	distal medullary amacrine neuron Dm3b	FlyBase:FBrf0262545
720575941595855237	BANC_888:720575941595855237	BANC888	is_a	adult lateral accessory lobe neuron 132	
720575941595856540	BANC_888:720575941595856540	BANC888	is_a	prothoracic accessory tibial flexor motor neuron	
720575941595857957	BANC_888:720575941595857957	BANC888	is_a	transmedullary neuron Tm9	
720575941595860517	BANC_888:720575941595860517	BANC888	is_a	adult SNta21 neuron	
720575941595860613	BANC_888:720575941595860613	BANC888	is_a	medulla intrinsic neuron Mi4	
720575941595860694	BANC_888:720575941595860694	BANC888	is_a	adult optic lobe intrinsic neuron	
720575941595862230	BANC_888:720575941595862230	BANC888	is_a	adult optic lobe intrinsic neuron	
720575941595863941	BANC_888:720575941595863941	BANC888	is_a	transmedullary neuron Tm3	
720575941595864871	BANC_888:720575941595864871	BANC888	is_a	adult olfactory receptor neuron Or47a	
720575941595865280	BANC_888:720575941595865280	BANC888	is_a	adult SNxx02 neuron	
720575941595865895	BANC_888:720575941595865895	BANC888	is_a	adult olfactory receptor neuron Or35a	
720575941595866048	BANC_888:720575941595866048	BANC888	is_a	adult INXXX460 neuron	
720575941595866326	BANC_888:720575941595866326	BANC888	is_a	adult optic lobe intrinsic neuron	
720575941595872037	BANC_888:720575941595872037	BANC888	is_a	lamina monopolar neuron L4	
720575941595873984	BANC_888:720575941595873984	BANC888	is_a	adult IN13A020 neuron	
720575941595875953	BANC_888:720575941595875953	BANC888	is_a	adult olfactory receptor neuron Or33c/85e	
720575941595876800	BANC_888:720575941595876800	BANC888	is_a	adult IN00A026 neuron	
720575941595877590	BANC_888:720575941595877590	BANC888	is_a	transmedullary neuron Tm2	
720575941595878001	BANC_888:720575941595878001	BANC888	is_a	adult CB3248 neuron	
720575941595878848	BANC_888:720575941595878848	BANC888	is_a	adult IN06B043 neuron	
720575941595879894	BANC_888:720575941595879894	BANC888	is_a	lobula columnar neuron LC30	FlyBase:FBrf0262545
720575941595880640	BANC_888:720575941595880640	BANC888	is_a	adult IN13A036 neuron	
720575941595882609	BANC_888:720575941595882609	BANC888	is_a	adult ANXXX120 neuron	
720575941595884145	BANC_888:720575941595884145	BANC888	is_a	gamma main Kenyon cell	
720575941595884421	BANC_888:720575941595884421	BANC888	is_a	adult olfactory receptor neuron Or42b	
720575941595885701	BANC_888:720575941595885701	BANC888	is_a	distal medullary amacrine neuron Dm3b	FlyBase:FBrf0262545
720575941595887143	BANC_888:720575941595887143	BANC888	is_a	adult olfactory receptor neuron Or67d	
720575941595887772	BANC_888:720575941595887772	BANC888	is_a	adult IN06A106 neuron	
720575941595888517	BANC_888:720575941595888517	BANC888	is_a	Johnston organ neuron EDP	
720575941595889189	BANC_888:720575941595889189	BANC888	is_a	lamina monopolar neuron L5	
720575941595889445	BANC_888:720575941595889445	BANC888	is_a	adult IN20A.22A056 neuron	
720575941595889541	BANC_888:720575941595889541	BANC888	is_a	adult wedge neuron 026	
720575941595890469	BANC_888:720575941595890469	BANC888	is_a	adult IN14A069 neuron	
720575941595891569	BANC_888:720575941595891569	BANC888	is_a	T5c neuron	
720575941595892081	BANC_888:720575941595892081	BANC888	is_a	T3 neuron	
720575941595894486	BANC_888:720575941595894486	BANC888	is_a	zone E Johnston organ neuron	
720575941595897024	BANC_888:720575941595897024	BANC888	is_a	adult IN08A026 neuron	
720575941595897302	BANC_888:720575941595897302	BANC888	is_a	T3 neuron	
720575941595897792	BANC_888:720575941595897792	BANC888	is_a	adult IN01B061 neuron	
720575941595898048	BANC_888:720575941595898048	BANC888	is_a	adult IN01B061 neuron	
720575941595898407	BANC_888:720575941595898407	BANC888	is_a	adult optic lobe intrinsic neuron	
720575941595902577	BANC_888:720575941595902577	BANC888	is_a	adult IN11A008 neuron	
720575941595902678	BANC_888:720575941595902678	BANC888	is_a	lamina monopolar neuron L5	
720575941595905494	BANC_888:720575941595905494	BANC888	is_a	adult IN08A019 neuron	
720575941595905669	BANC_888:720575941595905669	BANC888	is_a	T3 neuron	
720575941595907030	BANC_888:720575941595907030	BANC888	is_a	medulla intrinsic neuron Mi9	
720575941595908032	BANC_888:720575941595908032	BANC888	is_a	adult IN06A093 neuron	
720575941595908508	BANC_888:720575941595908508	BANC888	is_a	adult VNC neuron	
720575941595908544	BANC_888:720575941595908544	BANC888	is_a	adult IN02A052 neuron	
720575941595908822	BANC_888:720575941595908822	BANC888	is_a	T5b neuron	
720575941595910257	BANC_888:720575941595910257	BANC888	is_a	adult AN09B032 neuron	
720575941595910358	BANC_888:720575941595910358	BANC888	is_a	transmedullary Y neuron TmY16	
720575941595910513	BANC_888:720575941595910513	BANC888	is_a	adult IN13A029 neuron	
720575941595911894	BANC_888:720575941595911894	BANC888	is_a	adult IN11A025 neuron	
720575941595912229	BANC_888:720575941595912229	BANC888	is_a	adult optic lobe intrinsic neuron	
720575941595912999	BANC_888:720575941595912999	BANC888	is_a	distal medullary amacrine neuron Dm12	
720575941595913511	BANC_888:720575941595913511	BANC888	is_a	distal medullary amacrine neuron Dm12	
720575941595913920	BANC_888:720575941595913920	BANC888	is_a	adult IN20A.22A039 neuron	
720575941595916933	BANC_888:720575941595916933	BANC888	is_a	adult CB0956 neuron	
720575941595917957	BANC_888:720575941595917957	BANC888	is_a	T5a neuron	
720575941595918119	BANC_888:720575941595918119	BANC888	is_a	lobula-lobula plate columnar neuron LLPC1	
720575941595919217	BANC_888:720575941595919217	BANC888	is_a	adult IN16B016 neuron	
720575941595919749	BANC_888:720575941595919749	BANC888	is_a	medulla intrinsic neuron Mi15	
720575941595921622	BANC_888:720575941595921622	BANC888	is_a	transmedullary neuron Tm1	
720575941595922801	BANC_888:720575941595922801	BANC888	is_a	femoral chordotonal hook neuron	
720575941595923333	BANC_888:720575941595923333	BANC888	is_a	labellar taste peg chemosensory neuron	
720575941595926684	BANC_888:720575941595926684	BANC888	is_a	adult CB1794 neuron	
720575941595927665	BANC_888:720575941595927665	BANC888	is_a	sensory neuron	
720575941595930070	BANC_888:720575941595930070	BANC888	is_a	zone E Johnston organ neuron	
720575941595933221	BANC_888:720575941595933221	BANC888	is_a	transmedullary Y neuron TmY4	
720575941595934577	BANC_888:720575941595934577	BANC888	is_a	adult IN05B013 neuron	
720575941595935015	BANC_888:720575941595935015	BANC888	is_a	adult optic lobe intrinsic neuron	
720575941595935446	BANC_888:720575941595935446	BANC888	is_a	transmedullary neuron Tm4	
720575941595936133	BANC_888:720575941595936133	BANC888	is_a	adult olfactory receptor neuron Or47b	
720575941595938161	BANC_888:720575941595938161	BANC888	is_a	adult INXXX325 neuron	
720575941595938597	BANC_888:720575941595938597	BANC888	is_a	adult optic lobe intrinsic neuron	
720575941595940032	BANC_888:720575941595940032	BANC888	is_a	adult AN07B056 neuron	
720575941595940288	BANC_888:720575941595940288	BANC888	is_a	adult IN21A102 neuron	
720575941595940391	BANC_888:720575941595940391	BANC888	is_a	adult posterior ventrolateral protocerebrum neuron 122	
720575941595940465	BANC_888:720575941595940465	BANC888	is_a	adult IN08B056 neuron	
720575941595940741	BANC_888:720575941595940741	BANC888	is_a	adult optic lobe intrinsic neuron	
720575941595940822	BANC_888:720575941595940822	BANC888	is_a	transmedullary Y neuron TmY4	
720575941595942358	BANC_888:720575941595942358	BANC888	is_a	adult optic lobe intrinsic neuron	
720575941595942769	BANC_888:720575941595942769	BANC888	is_a	adult IN14A039 neuron	
720575941595944305	BANC_888:720575941595944305	BANC888	is_a	adult IN12B058 neuron	
720575941595944581	BANC_888:720575941595944581	BANC888	is_a	lobula columnar neuron LC10c	
720575941595946117	BANC_888:720575941595946117	BANC888	is_a	adult optic lobe intrinsic neuron	
720575941595946710	BANC_888:720575941595946710	BANC888	is_a	medulla intrinsic neuron Mi15	
720575941595947456	BANC_888:720575941595947456	BANC888	is_a	adult AN05B063 neuron	
720575941595949014	BANC_888:720575941595949014	BANC888	is_a	dopaminergic PAM neuron 8	
720575941595949937	BANC_888:720575941595949937	BANC888	is_a	adult AN06A026 neuron	
720575941595952241	BANC_888:720575941595952241	BANC888	is_a	adult IN13A061 neuron	
720575941595952342	BANC_888:720575941595952342	BANC888	is_a	adult superior intermediate protocerebrum neuron 020	
720575941595954646	BANC_888:720575941595954646	BANC888	is_a	transmedullary neuron Tm9	
720575941595955495	BANC_888:720575941595955495	BANC888	is_a	adult optic lobe intrinsic neuron	
720575941595955751	BANC_888:720575941595955751	BANC888	is_a	columnar neuron T1	
720575941595956337	BANC_888:720575941595956337	BANC888	is_a	adult IN08A019 neuron	
720575941595958385	BANC_888:720575941595958385	BANC888	is_a	adult IN06A034 neuron	
720575941595960278	BANC_888:720575941595960278	BANC888	is_a	adult wedge neuron 033	
720575941595960689	BANC_888:720575941595960689	BANC888	is_a	adult IN12A004 neuron	
720575941595960790	BANC_888:720575941595960790	BANC888	is_a	adult CB2008 neuron	
720575941595961221	BANC_888:720575941595961221	BANC888	is_a	adult central brain intrinsic neuron	
720575941595962582	BANC_888:720575941595962582	BANC888	is_a	adult optic lobe intrinsic neuron	
720575941595962737	BANC_888:720575941595962737	BANC888	is_a	adult prosternal sense organ neuron	
720575941595963606	BANC_888:720575941595963606	BANC888	is_a	adult SNta20 neuron	
720575941595964118	BANC_888:720575941595964118	BANC888	is_a	adult lateral horn PV5b2 neuron	
720575941595964273	BANC_888:720575941595964273	BANC888	is_a	adult IN07B020 neuron	
720575941595965809	BANC_888:720575941595965809	BANC888	is_a	adult IN23B040 neuron	
720575941595966321	BANC_888:720575941595966321	BANC888	is_a	adult IN07B012 neuron	
720575941595966422	BANC_888:720575941595966422	BANC888	is_a	lobula columnar neuron LC17	
720575941595966678	BANC_888:720575941595966678	BANC888	is_a	transmedullary neuron Tm4	
720575941595969393	BANC_888:720575941595969393	BANC888	is_a	adult IN01A008 neuron	
720575941595969728	BANC_888:720575941595969728	BANC888	is_a	femoral chordotonal club neuron	
720575941595969984	BANC_888:720575941595969984	BANC888	is_a	adult IN07B083 neuron	
720575941595970161	BANC_888:720575941595970161	BANC888	is_a	adult INXXX269 neuron	
720575941595971441	BANC_888:720575941595971441	BANC888	is_a	lobula-lobula plate columnar neuron LLPC2	
720575941595972465	BANC_888:720575941595972465	BANC888	is_a	adult IN03B074 neuron	
720575941595972566	BANC_888:720575941595972566	BANC888	is_a	adult optic lobe intrinsic neuron	
720575941595973590	BANC_888:720575941595973590	BANC888	is_a	adult optic lobe intrinsic neuron	
720575941595973671	BANC_888:720575941595973671	BANC888	is_a	lamina monopolar neuron L3	
720575941595975793	BANC_888:720575941595975793	BANC888	is_a	adult INXXX431 neuron	
720575941595977942	BANC_888:720575941595977942	BANC888	is_a	T2 neuron	
720575941595978021	BANC_888:720575941595978021	BANC888	is_a	photoreceptor cell R7	
720575941595979712	BANC_888:720575941595979712	BANC888	is_a	adult SNta09 neuron	
720575941595986725	BANC_888:720575941595986725	BANC888	is_a	zone E Johnston organ neuron	
720575941595987158	BANC_888:720575941595987158	BANC888	is_a	adult antennal lobe projection neuron VA1d adPN	
720575941595989617	BANC_888:720575941595989617	BANC888	is_a	adult SNta38 neuron	
720575941595989718	BANC_888:720575941595989718	BANC888	is_a	adult anterior ventrolateral protocerebrum neuron 530	
720575941595991510	BANC_888:720575941595991510	BANC888	is_a	adult posterior lateral protocerebrum neuron 032	
720575941595993221	BANC_888:720575941595993221	BANC888	is_a	lobula columnar neuron LC17	
720575941595993302	BANC_888:720575941595993302	BANC888	is_a	T5d neuron	
720575941595993558	BANC_888:720575941595993558	BANC888	is_a	columnar neuron T1	
720575941595995173	BANC_888:720575941595995173	BANC888	is_a	lamina monopolar neuron L4	
720575941595995862	BANC_888:720575941595995862	BANC888	is_a	adult optic lobe intrinsic neuron	
720575941595996828	BANC_888:720575941595996828	BANC888	is_a	adult antennal lobe local neuron v2LN38	
720575941595997061	BANC_888:720575941595997061	BANC888	is_a	adult optic lobe intrinsic neuron	
720575941595999857	BANC_888:720575941595999857	BANC888	is_a	adult IN14A090 neuron	
720575941595999877	BANC_888:720575941595999877	BANC888	is_a	adult optic lobe intrinsic neuron	
720575941596000549	BANC_888:720575941596000549	BANC888	is_a	lamina monopolar neuron L4	
720575941596008406	BANC_888:720575941596008406	BANC888	is_a	transmedullary neuron Tm4	
720575941596009430	BANC_888:720575941596009430	BANC888	is_a	adult optic lobe intrinsic neuron	
720575941596009686	BANC_888:720575941596009686	BANC888	is_a	adult optic lobe intrinsic neuron	
720575941596010710	BANC_888:720575941596010710	BANC888	is_a	adult optic lobe intrinsic neuron	
720575941596011734	BANC_888:720575941596011734	BANC888	is_a	adult optic lobe intrinsic neuron	
720575941596017285	BANC_888:720575941596017285	BANC888	is_a	columnar neuron T1	
720575941596020101	BANC_888:720575941596020101	BANC888	is_a	adult fan-shaped body horizontal delta neuron M	
720575941596020517	BANC_888:720575941596020517	BANC888	is_a	adult optic lobe intrinsic neuron	
720575941596021660	BANC_888:720575941596021660	BANC888	is_a	protocerebral bridge 1 glomerulus-fan-shaped body layer 2-lateral accessory lobe-crepine neuron	
720575941596023847	BANC_888:720575941596023847	BANC888	is_a	photoreceptor cell R8	
720575941596024789	BANC_888:720575941596024789	BANC888	is_a	lamina monopolar neuron L5	
720575941596026070	BANC_888:720575941596026070	BANC888	is_a	adult optic lobe intrinsic neuron	
720575941596030934	BANC_888:720575941596030934	BANC888	is_a	adult medulla-lobula neuron MeLo3a	FlyBase:FBrf0262545
720575941596032214	BANC_888:720575941596032214	BANC888	is_a	transmedullary neuron Tm1	
720575941596032295	BANC_888:720575941596032295	BANC888	is_a	adult INXXX317 neuron	
720575941596033750	BANC_888:720575941596033750	BANC888	is_a	transmedullary neuron Tm20	
720575941596034599	BANC_888:720575941596034599	BANC888	is_a	lamina monopolar neuron L4	
720575941596035367	BANC_888:720575941596035367	BANC888	is_a	lamina monopolar neuron L2	
720575941596039207	BANC_888:720575941596039207	BANC888	is_a	adult SNta21 neuron	
720575941596043141	BANC_888:720575941596043141	BANC888	is_a	adult CB3694 neuron	
720575941596044246	BANC_888:720575941596044246	BANC888	is_a	prothoracic leg taste bristle chemosensory neuron	
720575941596044839	BANC_888:720575941596044839	BANC888	is_a	adult CB1168 neuron	
720575941596046293	BANC_888:720575941596046293	BANC888	is_a	centrifugal neuron C2	
720575941596046806	BANC_888:720575941596046806	BANC888	is_a	adult optic lobe intrinsic neuron	
720575941596047237	BANC_888:720575941596047237	BANC888	is_a	adult CB0917 neuron	
720575941596048423	BANC_888:720575941596048423	BANC888	is_a	adult abdominal multidendritic neuron	
720575941596049797	BANC_888:720575941596049797	BANC888	is_a	adult lateral horn AD1c2 neuron	
720575941596050112	BANC_888:720575941596050112	BANC888	is_a	indirect flight muscle motor neuron DLMN5	
720575941596050309	BANC_888:720575941596050309	BANC888	is_a	transmedullary Y neuron TmY10	
720575941596050565	BANC_888:720575941596050565	BANC888	is_a	adult optic lobe intrinsic neuron	
720575941596051333	BANC_888:720575941596051333	BANC888	is_a	adult olfactory receptor neuron Or7a	
720575941596053462	BANC_888:720575941596053462	BANC888	is_a	adult optic lobe intrinsic neuron	
720575941596055591	BANC_888:720575941596055591	BANC888	is_a	adult INXXX100 neuron	
720575941596056022	BANC_888:720575941596056022	BANC888	is_a	Y neuron Y3	
720575941596056101	BANC_888:720575941596056101	BANC888	is_a	adult optic lobe intrinsic neuron	
720575941596056615	BANC_888:720575941596056615	BANC888	is_a	photoreceptor cell R8	
720575941596057639	BANC_888:720575941596057639	BANC888	is_a	photoreceptor cell R7	
720575941596058149	BANC_888:720575941596058149	BANC888	is_a	adult optic lobe intrinsic neuron	
720575941596060453	BANC_888:720575941596060453	BANC888	is_a	transmedullary neuron Tm9	
720575941596062166	BANC_888:720575941596062166	BANC888	is_a	adult optic lobe intrinsic neuron	
720575941596064982	BANC_888:720575941596064982	BANC888	is_a	adult optic lobe intrinsic neuron	
720575941596068647	BANC_888:720575941596068647	BANC888	is_a	lamina monopolar neuron L5	
720575941596069489	BANC_888:720575941596069489	BANC888	is_a	adult AN08B024 neuron	
720575941596071207	BANC_888:720575941596071207	BANC888	is_a	adult optic lobe intrinsic neuron	
720575941596074454	BANC_888:720575941596074454	BANC888	is_a	adult lateral horn PV4a8 neuron	
720575941596075121	BANC_888:720575941596075121	BANC888	is_a	adult CB3229 neuron	
720575941596076165	BANC_888:720575941596076165	BANC888	is_a	adult optic lobe intrinsic neuron	
720575941596077861	BANC_888:720575941596077861	BANC888	is_a	adult mAL-PN lateral horn input neuron	
720575941596078961	BANC_888:720575941596078961	BANC888	is_a	adult IN06B047 neuron	
720575941596079399	BANC_888:720575941596079399	BANC888	is_a	adult optic lobe intrinsic neuron	
720575941596080005	BANC_888:720575941596080005	BANC888	is_a	transmedullary neuron Tm9	
720575941596080517	BANC_888:720575941596080517	BANC888	is_a	adult optic lobe intrinsic neuron	
720575941596082801	BANC_888:720575941596082801	BANC888	is_a	adult AN09B009 neuron	
720575941596082981	BANC_888:720575941596082981	BANC888	is_a	adult lobula visual projection neuron LoVP97	
720575941596084182	BANC_888:720575941596084182	BANC888	is_a	adult optic lobe intrinsic neuron	
720575941596084773	BANC_888:720575941596084773	BANC888	is_a	adult posterior slope neuron 208	
720575941596085105	BANC_888:720575941596085105	BANC888	is_a	adult ANXXX005 neuron	
720575941596085125	BANC_888:720575941596085125	BANC888	is_a	T5b neuron	
720575941596086309	BANC_888:720575941596086309	BANC888	is_a	adult superior intermediate protocerebrum neuron 041	
720575941596086821	BANC_888:720575941596086821	BANC888	is_a	adult superior medial protocerebrum neuron 512	
720575941596087333	BANC_888:720575941596087333	BANC888	is_a	adult CB1160 neuron	
720575941596089046	BANC_888:720575941596089046	BANC888	is_a	transmedullary neuron Tm3	
720575941596090268	BANC_888:720575941596090268	BANC888	is_a	mechanosensory neuron of Wheeler's organ	
720575941596090917	BANC_888:720575941596090917	BANC888	is_a	zone B Johnston organ neuron	
720575941596091429	BANC_888:720575941596091429	BANC888	is_a	adult superior medial protocerebrum neuron 158	
720575941596092630	BANC_888:720575941596092630	BANC888	is_a	adult clamp neuron 128	
720575941596092965	BANC_888:720575941596092965	BANC888	is_a	adult CB0955 neuron	
720575941596093733	BANC_888:720575941596093733	BANC888	is_a	adult superior medial protocerebrum neuron 568	
720575941596094757	BANC_888:720575941596094757	BANC888	is_a	adult fudog subesophageal neuron	
720575941596095877	BANC_888:720575941596095877	BANC888	is_a	mesothoracic accessory tibial flexor motor neuron	
720575941596097413	BANC_888:720575941596097413	BANC888	is_a	adult optic lobe intrinsic neuron	
720575941596098085	BANC_888:720575941596098085	BANC888	is_a	accessory medulla neuron aMe22	
720575941596098853	BANC_888:720575941596098853	BANC888	is_a	adult ANXXX094 neuron	
720575941596102513	BANC_888:720575941596102513	BANC888	is_a	adult clamp neuron 024	
720575941596102533	BANC_888:720575941596102533	BANC888	is_a	distal medullary amacrine neuron Dm3c	FlyBase:FBrf0262545
720575941596104999	BANC_888:720575941596104999	BANC888	is_a	photoreceptor cell R7	
720575941596106710	BANC_888:720575941596106710	BANC888	is_a	adult optic lobe intrinsic neuron	
720575941596112677	BANC_888:720575941596112677	BANC888	is_a	adult superior medial protocerebrum neuron 079	
720575941596112935	BANC_888:720575941596112935	BANC888	is_a	photoreceptor cell R8	
720575941596113701	BANC_888:720575941596113701	BANC888	is_a	adult lateral horn AV6b4 neuron	
720575941596114646	BANC_888:720575941596114646	BANC888	is_a	adult optic lobe intrinsic neuron	
720575941596114981	BANC_888:720575941596114981	BANC888	is_a	adult CB3174 neuron	
720575941596115077	BANC_888:720575941596115077	BANC888	is_a	adult CB2785 neuron	
720575941596115589	BANC_888:720575941596115589	BANC888	is_a	lamina wide-field 2 neuron	
720575941596116357	BANC_888:720575941596116357	BANC888	is_a	adult sensory neuron	
720575941596116775	BANC_888:720575941596116775	BANC888	is_a	lamina monopolar neuron L4	
720575941596117974	BANC_888:720575941596117974	BANC888	is_a	T5a neuron	
720575941596118230	BANC_888:720575941596118230	BANC888	is_a	adult IN21A004 neuron	
720575941596118311	BANC_888:720575941596118311	BANC888	is_a	adult IN13A061 neuron	
720575941596119591	BANC_888:720575941596119591	BANC888	is_a	photoreceptor cell R8	
720575941596120871	BANC_888:720575941596120871	BANC888	is_a	lamina monopolar neuron L1	
720575941596121127	BANC_888:720575941596121127	BANC888	is_a	femoral chordotonal club neuron	
720575941596121302	BANC_888:720575941596121302	BANC888	is_a	distal medullary amacrine neuron Dm3c	FlyBase:FBrf0262545
720575941596121381	BANC_888:720575941596121381	BANC888	is_a	adult CB1102 neuron	
720575941596121989	BANC_888:720575941596121989	BANC888	is_a	adult Kenyon cell	
720575941596126166	BANC_888:720575941596126166	BANC888	is_a	adult IN19A005 neuron	
720575941596128470	BANC_888:720575941596128470	BANC888	is_a	lobula columnar neuron LC10c	
720575941596129063	BANC_888:720575941596129063	BANC888	is_a	adult optic lobe intrinsic neuron	
720575941596131953	BANC_888:720575941596131953	BANC888	is_a	adult CB1799 neuron	
720575941596132901	BANC_888:720575941596132901	BANC888	is_a	adult lateral accessory lobe neuron 087	
720575941596133824	BANC_888:720575941596133824	BANC888	is_a	adult lobula columnar neuron LC31a	
720575941596134437	BANC_888:720575941596134437	BANC888	is_a	adult CB0956 neuron	
720575941596136406	BANC_888:720575941596136406	BANC888	is_a	femoral chordotonal claw neuron	
720575941596139045	BANC_888:720575941596139045	BANC888	is_a	adult CB1125 neuron	
720575941596139164	BANC_888:720575941596139164	BANC888	is_a	adult SNta34 neuron	
720575941596141349	BANC_888:720575941596141349	BANC888	is_a	adult posterior lateral protocerebrum neuron 103	
720575941596141445	BANC_888:720575941596141445	BANC888	is_a	adult SNta40 neuron	
720575941596141605	BANC_888:720575941596141605	BANC888	is_a	adult CB1508 neuron	
720575941596141782	BANC_888:720575941596141782	BANC888	is_a	adult optic lobe intrinsic neuron	
720575941596144086	BANC_888:720575941596144086	BANC888	is_a	distal medullary amacrine neuron Dm3a	FlyBase:FBrf0262545
720575941596144677	BANC_888:720575941596144677	BANC888	is_a	adult IN01A054 neuron	
720575941596146624	BANC_888:720575941596146624	BANC888	is_a	adult anterior optic tubercle neuron 008	
720575941596147158	BANC_888:720575941596147158	BANC888	is_a	adult optic lobe intrinsic neuron	
720575941596147237	BANC_888:720575941596147237	BANC888	is_a	adult fan-shaped body 1 column-superior medial protocerebrum neuron	FlyBase:FBrf0246888
720575941596147670	BANC_888:720575941596147670	BANC888	is_a	adult optic lobe intrinsic neuron	
720575941596147825	BANC_888:720575941596147825	BANC888	is_a	adult lateral horn PV5b3 neuron	
720575941596147904	BANC_888:720575941596147904	BANC888	is_a	gamma dorsal Kenyon cell	
720575941596148636	BANC_888:720575941596148636	BANC888	is_a	adult CNS neuron	
720575941596150055	BANC_888:720575941596150055	BANC888	is_a	T3 neuron	
720575941596151845	BANC_888:720575941596151845	BANC888	is_a	dopaminergic PAM neuron 12	
720575941596152022	BANC_888:720575941596152022	BANC888	is_a	adult SNta34 neuron	
720575941596153201	BANC_888:720575941596153201	BANC888	is_a	adult CB1759 neuron	
720575941596154149	BANC_888:720575941596154149	BANC888	is_a	adult CB1729 neuron	
720575941596154993	BANC_888:720575941596154993	BANC888	is_a	lamina monopolar neuron L5	
720575941596155013	BANC_888:720575941596155013	BANC888	is_a	medulla intrinsic neuron Mi4	
720575941596155525	BANC_888:720575941596155525	BANC888	is_a	adult optic lobe intrinsic neuron	
720575941596156965	BANC_888:720575941596156965	BANC888	is_a	dopaminergic PPL1 neuron	
720575941596157888	BANC_888:720575941596157888	BANC888	is_a	adult medulla-lobula neuron MeLo9	FlyBase:FBrf0262545
720575941596158166	BANC_888:720575941596158166	BANC888	is_a	adult olfactory receptor neuron Or67d	
720575941596158678	BANC_888:720575941596158678	BANC888	is_a	adult optic lobe intrinsic neuron	
720575941596159446	BANC_888:720575941596159446	BANC888	is_a	lamina monopolar neuron L2	
720575941596159781	BANC_888:720575941596159781	BANC888	is_a	adult CB0951 neuron	
720575941596160214	BANC_888:720575941596160214	BANC888	is_a	adult optic lobe intrinsic neuron	
720575941596161063	BANC_888:720575941596161063	BANC888	is_a	photoreceptor cell R8	
720575941596161137	BANC_888:720575941596161137	BANC888	is_a	sensory neuron of haltere campaniform sensillum	
720575941596162262	BANC_888:720575941596162262	BANC888	is_a	adult optic lobe intrinsic neuron	
720575941596162853	BANC_888:720575941596162853	BANC888	is_a	medulla columnar neuron MC64	
720575941596163441	BANC_888:720575941596163441	BANC888	is_a	adult anterior ventrolateral protocerebrum neuron 218	
720575941596163973	BANC_888:720575941596163973	BANC888	is_a	lamina wide-field 2 neuron	
720575941596164135	BANC_888:720575941596164135	BANC888	is_a	lamina monopolar neuron L2	
720575941596165253	BANC_888:720575941596165253	BANC888	is_a	medulla intrinsic neuron Mi4	
720575941596165489	BANC_888:720575941596165489	BANC888	is_a	adult anterior ventrolateral protocerebrum neuron 380	
720575941596167205	BANC_888:720575941596167205	BANC888	is_a	adult lateral horn AV2a3 neuron	
720575941596167973	BANC_888:720575941596167973	BANC888	is_a	lobula columnar neuron LC18	
720575941596168128	BANC_888:720575941596168128	BANC888	is_a	sensory neuron	
720575941596168406	BANC_888:720575941596168406	BANC888	is_a	adult optic lobe intrinsic neuron	
720575941596168662	BANC_888:720575941596168662	BANC888	is_a	adult olfactory receptor neuron Ir84a	
720575941596168741	BANC_888:720575941596168741	BANC888	is_a	adult dopaminergic PAM neuron	
720575941596171968	BANC_888:720575941596171968	BANC888	is_a	sensory neuron of wing campaniform sensillum	
720575941596172165	BANC_888:720575941596172165	BANC888	is_a	adult optic lobe intrinsic neuron	
720575941596174119	BANC_888:720575941596174119	BANC888	is_a	lamina monopolar neuron L1	
720575941596174887	BANC_888:720575941596174887	BANC888	is_a	lamina monopolar neuron L4	
720575941596175318	BANC_888:720575941596175318	BANC888	is_a	adult optic lobe intrinsic neuron	
720575941596179313	BANC_888:720575941596179313	BANC888	is_a	adult lateral horn AD2c3 neuron	
720575941596180517	BANC_888:720575941596180517	BANC888	is_a	adult SNta21 neuron	
720575941596181361	BANC_888:720575941596181361	BANC888	is_a	adult anterior ventrolateral protocerebrum neuron 018	
720575941596181617	BANC_888:720575941596181617	BANC888	is_a	adult lateral accessory lobe neuron 199	
720575941596182405	BANC_888:720575941596182405	BANC888	is_a	adult optic lobe intrinsic neuron	
720575941596182641	BANC_888:720575941596182641	BANC888	is_a	adult superior medial protocerebrum neuron 105	
720575941596183921	BANC_888:720575941596183921	BANC888	is_a	lobula columnar neuron LC10a	
720575941596185989	BANC_888:720575941596185989	BANC888	is_a	centrifugal neuron C3	
720575941596186501	BANC_888:720575941596186501	BANC888	is_a	T3 neuron	
720575941596187094	BANC_888:720575941596187094	BANC888	is_a	T4a neuron	
720575941596189142	BANC_888:720575941596189142	BANC888	is_a	adult optic lobe intrinsic neuron	
720575941596189297	BANC_888:720575941596189297	BANC888	is_a	adult CB2701 neuron	
720575941596189910	BANC_888:720575941596189910	BANC888	is_a	adult olfactory receptor neuron Or47b	
720575941596190757	BANC_888:720575941596190757	BANC888	is_a	lamina monopolar neuron L5	
720575941596194181	BANC_888:720575941596194181	BANC888	is_a	adult optic lobe intrinsic neuron	
720575941596195286	BANC_888:720575941596195286	BANC888	is_a	adult hygrosensory neuron Ir40a VP4	
720575941596196054	BANC_888:720575941596196054	BANC888	is_a	adult olfactory receptor neuron Ir75c	
720575941596197745	BANC_888:720575941596197745	BANC888	is_a	adult CB1739 neuron	
720575941596199719	BANC_888:720575941596199719	BANC888	is_a	medulla intrinsic neuron Mi1	
720575941596199836	BANC_888:720575941596199836	BANC888	is_a	adult CB3385 neuron	
720575941596200817	BANC_888:720575941596200817	BANC888	is_a	adult CB2771 neuron	
720575941596201509	BANC_888:720575941596201509	BANC888	is_a	adult optic lobe intrinsic neuron	
720575941596201942	BANC_888:720575941596201942	BANC888	is_a	adult optic lobe intrinsic neuron	
720575941596202789	BANC_888:720575941596202789	BANC888	is_a	adult optic lobe intrinsic neuron	
720575941596204583	BANC_888:720575941596204583	BANC888	is_a	adult optic lobe intrinsic neuron	
720575941596205425	BANC_888:720575941596205425	BANC888	is_a	descending neuron of the gnathal ganglion DNg106	
720575941596206236	BANC_888:720575941596206236	BANC888	is_a	adult ellipsoid body ring neuron R3d	
720575941596208753	BANC_888:720575941596208753	BANC888	is_a	adult LHPV4a7b neuron	
720575941596211057	BANC_888:720575941596211057	BANC888	is_a	adult CB2290 neuron	
720575941596211158	BANC_888:720575941596211158	BANC888	is_a	columnar neuron T1	
720575941596217477	BANC_888:720575941596217477	BANC888	is_a	medulla intrinsic neuron Mi10	
720575941596217558	BANC_888:720575941596217558	BANC888	is_a	adult lobula plate tangential neuron LPT111	FlyBase:FBrf0262545
720575941596218070	BANC_888:720575941596218070	BANC888	is_a	proximal medullary amacrine neuron Pm1	FlyBase:FBrf0262545
720575941596218225	BANC_888:720575941596218225	BANC888	is_a	descending neuron of the gnathal ganglion DNg09	
720575941596222085	BANC_888:720575941596222085	BANC888	is_a	adult optic lobe intrinsic neuron	
720575941596225393	BANC_888:720575941596225393	BANC888	is_a	adult lateral horn centrifugal neuron 14	
720575941596225905	BANC_888:720575941596225905	BANC888	is_a	mechanosensory neuron of interommatidial bristle	
720575941596226597	BANC_888:720575941596226597	BANC888	is_a	adult lobula intrinsic neuron Li25	FlyBase:FBrf0262545
720575941596226774	BANC_888:720575941596226774	BANC888	is_a	centrifugal neuron C3	
720575941596227798	BANC_888:720575941596227798	BANC888	is_a	adult optic lobe intrinsic neuron	
720575941596228977	BANC_888:720575941596228977	BANC888	is_a	adult CB1978 neuron	
720575941596229253	BANC_888:720575941596229253	BANC888	is_a	adult IN03B091 neuron	
720575941596230769	BANC_888:720575941596230769	BANC888	is_a	adult clamp neuron 171	
720575941596231281	BANC_888:720575941596231281	BANC888	is_a	adult CB2114 neuron	
720575941596231461	BANC_888:720575941596231461	BANC888	is_a	adult optic lobe intrinsic neuron	
720575941596234097	BANC_888:720575941596234097	BANC888	is_a	adult posterior slope neuron 237	
720575941596234353	BANC_888:720575941596234353	BANC888	is_a	adult CB3018 neuron	
720575941596234865	BANC_888:720575941596234865	BANC888	is_a	adult antennal lobe projection neuron DL3 lPN	
720575941596234966	BANC_888:720575941596234966	BANC888	is_a	proximal medullary amacrine neuron Pm1	FlyBase:FBrf0262545
720575941596235121	BANC_888:720575941596235121	BANC888	is_a	adult superior medial protocerebrum neuron 362	
720575941596238629	BANC_888:720575941596238629	BANC888	is_a	distal medullary amacrine neuron Dm1	
720575941596239473	BANC_888:720575941596239473	BANC888	is_a	adult fan-shaped body layer 8 neuron of CP2 lineage	
720575941596240241	BANC_888:720575941596240241	BANC888	is_a	adult AN18B019 neuron	
720575941596242289	BANC_888:720575941596242289	BANC888	is_a	distal medullary amacrine neuron Dm15	
720575941596247254	BANC_888:720575941596247254	BANC888	is_a	adult optic lobe intrinsic neuron	
720575941596248103	BANC_888:720575941596248103	BANC888	is_a	columnar neuron T1	
720575941596248177	BANC_888:720575941596248177	BANC888	is_a	adult wedge neuron 007	
720575941596248615	BANC_888:720575941596248615	BANC888	is_a	adult optic lobe intrinsic neuron	
720575941596249989	BANC_888:720575941596249989	BANC888	is_a	adult olfactory receptor neuron Or42a	
720575941596250070	BANC_888:720575941596250070	BANC888	is_a	adult posterior slope neuron 240	
720575941596250149	BANC_888:720575941596250149	BANC888	is_a	lamina monopolar neuron L2	
720575941596251350	BANC_888:720575941596251350	BANC888	is_a	adult optic lobe intrinsic neuron	
720575941596253297	BANC_888:720575941596253297	BANC888	is_a	DN1a neuron	
720575941596256156	BANC_888:720575941596256156	BANC888	is_a	gamma main Kenyon cell	
720575941596256369	BANC_888:720575941596256369	BANC888	is_a	adult olfactory receptor neuron Or47b	
720575941596258673	BANC_888:720575941596258673	BANC888	is_a	T3 neuron	
720575941596259717	BANC_888:720575941596259717	BANC888	is_a	photoreceptor cell R8	
720575941596262513	BANC_888:720575941596262513	BANC888	is_a	adult optic lobe intrinsic neuron	
720575941596266966	BANC_888:720575941596266966	BANC888	is_a	transmedullary Y neuron TmY3	
720575941596267121	BANC_888:720575941596267121	BANC888	is_a	adult MNad18 neuron	
720575941596267303	BANC_888:720575941596267303	BANC888	is_a	lamina monopolar neuron L1	
720575941596268581	BANC_888:720575941596268581	BANC888	is_a	adult optic lobe intrinsic neuron	
720575941596270449	BANC_888:720575941596270449	BANC888	is_a	adult optic lobe intrinsic neuron	
720575941596271141	BANC_888:720575941596271141	BANC888	is_a	lamina monopolar neuron L2	
720575941596274471	BANC_888:720575941596274471	BANC888	is_a	lamina monopolar neuron L2	
720575941596277462	BANC_888:720575941596277462	BANC888	is_a	adult optic lobe intrinsic neuron	
720575941596279153	BANC_888:720575941596279153	BANC888	is_a	medulla intrinsic neuron Mi1	
720575941596280101	BANC_888:720575941596280101	BANC888	is_a	lobula plate intrinsic neuron LPi3-4	FlyBase:FBrf0262545
720575941596280871	BANC_888:720575941596280871	BANC888	is_a	adult optic lobe intrinsic neuron	
720575941596281733	BANC_888:720575941596281733	BANC888	is_a	adult optic lobe intrinsic neuron	
720575941596282326	BANC_888:720575941596282326	BANC888	is_a	adult optic lobe intrinsic neuron	
720575941596282481	BANC_888:720575941596282481	BANC888	is_a	adult optic lobe intrinsic neuron	
720575941596282838	BANC_888:720575941596282838	BANC888	is_a	lamina tangential neuron	
720575941596283525	BANC_888:720575941596283525	BANC888	is_a	transmedullary neuron Tm1	
720575941596284374	BANC_888:720575941596284374	BANC888	is_a	adult lobula visual projection neuron LoVP79	
720575941596284709	BANC_888:720575941596284709	BANC888	is_a	transmedullary neuron Tm4	
720575941596285041	BANC_888:720575941596285041	BANC888	is_a	adult optic lobe intrinsic neuron	
720575941596290460	BANC_888:720575941596290460	BANC888	is_a	T5a neuron	
720575941596291367	BANC_888:720575941596291367	BANC888	is_a	lamina monopolar neuron L5	
720575941596291621	BANC_888:720575941596291621	BANC888	is_a	lamina monopolar neuron L2	
720575941596291623	BANC_888:720575941596291623	BANC888	is_a	adult optic lobe intrinsic neuron	
720575941596292903	BANC_888:720575941596292903	BANC888	is_a	columnar neuron T1	
720575941596293846	BANC_888:720575941596293846	BANC888	is_a	adult optic lobe intrinsic neuron	
720575941596293927	BANC_888:720575941596293927	BANC888	is_a	adult CB2932 neuron	
720575941596294437	BANC_888:720575941596294437	BANC888	is_a	photoreceptor cell R7	
720575941596294769	BANC_888:720575941596294769	BANC888	is_a	adult optic lobe intrinsic neuron	
720575941596296485	BANC_888:720575941596296485	BANC888	is_a	adult optic lobe intrinsic neuron	
720575941596296997	BANC_888:720575941596296997	BANC888	is_a	adult optic lobe intrinsic neuron	
720575941596298277	BANC_888:720575941596298277	BANC888	is_a	adult fan-shaped body layer 5 neuron of CP2 lineage	
720575941596300071	BANC_888:720575941596300071	BANC888	is_a	lobula columnar neuron LC18	
720575941596301607	BANC_888:720575941596301607	BANC888	is_a	adult AN10B005 neuron	
720575941596302631	BANC_888:720575941596302631	BANC888	is_a	centrifugal neuron C3	
720575941596303237	BANC_888:720575941596303237	BANC888	is_a	adult SNta30 neuron	
720575941596303909	BANC_888:720575941596303909	BANC888	is_a	adult IN08A007 neuron	
720575941596304935	BANC_888:720575941596304935	BANC888	is_a	adult CB2047 neuron	
720575941596306565	BANC_888:720575941596306565	BANC888	is_a	adult optic lobe intrinsic neuron	
720575941596306725	BANC_888:720575941596306725	BANC888	is_a	lamina monopolar neuron L4	
720575941596307158	BANC_888:720575941596307158	BANC888	is_a	adult optic lobe intrinsic neuron	
720575941596307845	BANC_888:720575941596307845	BANC888	is_a	transmedullary neuron Tm2	
720575941596308263	BANC_888:720575941596308263	BANC888	is_a	adult CB1078 neuron	
720575941596308517	BANC_888:720575941596308517	BANC888	is_a	lobula columnar neuron LC12	
720575941596308519	BANC_888:720575941596308519	BANC888	is_a	photoreceptor cell R8	
720575941596309617	BANC_888:720575941596309617	BANC888	is_a	lamina monopolar neuron L1	
720575941596309799	BANC_888:720575941596309799	BANC888	is_a	adult anterior ventrolateral protocerebrum neuron 189	
720575941596311589	BANC_888:720575941596311589	BANC888	is_a	adult optic lobe intrinsic neuron	
720575941596314407	BANC_888:720575941596314407	BANC888	is_a	adult CB1776 neuron	
720575941596315269	BANC_888:720575941596315269	BANC888	is_a	distal medullary amacrine neuron Dm3c	FlyBase:FBrf0262545
720575941596315687	BANC_888:720575941596315687	BANC888	is_a	lobula columnar neuron LC12	
720575941596315943	BANC_888:720575941596315943	BANC888	is_a	adult lateral accessory lobe neuron 021	
720575941596316316	BANC_888:720575941596316316	BANC888	is_a	T5d neuron	
720575941596316455	BANC_888:720575941596316455	BANC888	is_a	adult lateral accessory lobe neuron 034	
720575941596320039	BANC_888:720575941596320039	BANC888	is_a	adult CNS neuron	
720575941596322343	BANC_888:720575941596322343	BANC888	is_a	adult CB1679 neuron	
720575941596323441	BANC_888:720575941596323441	BANC888	is_a	adult optic lobe intrinsic neuron	
720575941596324133	BANC_888:720575941596324133	BANC888	is_a	adult optic lobe intrinsic neuron	
720575941596324901	BANC_888:720575941596324901	BANC888	is_a	T2 neuron	
720575941596325157	BANC_888:720575941596325157	BANC888	is_a	adult optic lobe intrinsic neuron	
720575941596325233	BANC_888:720575941596325233	BANC888	is_a	adult medulla visual projection neuron MeVP17	FlyBase:FBrf0262545
720575941596328837	BANC_888:720575941596328837	BANC888	is_a	adult olfactory receptor neuron Ir84a	
720575941596330021	BANC_888:720575941596330021	BANC888	is_a	adult optic lobe intrinsic neuron	
720575941596331712	BANC_888:720575941596331712	BANC888	is_a	adult CB1712 neuron	
720575941596333270	BANC_888:720575941596333270	BANC888	is_a	adult CB0779 neuron	
720575941596334119	BANC_888:720575941596334119	BANC888	is_a	adult CB2604 neuron	
720575941596334631	BANC_888:720575941596334631	BANC888	is_a	adult CB1380 neuron	
720575941596334887	BANC_888:720575941596334887	BANC888	is_a	adult fan-shaped body vertical delta neuron	
720575941596335749	BANC_888:720575941596335749	BANC888	is_a	transmedullary Y neuron TmY4	
720575941596335909	BANC_888:720575941596335909	BANC888	is_a	T3 neuron	
720575941596337110	BANC_888:720575941596337110	BANC888	is_a	T5c neuron	
720575941596341799	BANC_888:720575941596341799	BANC888	is_a	adult anterior ventrolateral protocerebrum neuron 322	
720575941596342309	BANC_888:720575941596342309	BANC888	is_a	transmedullary neuron Tm3	
720575941596342897	BANC_888:720575941596342897	BANC888	is_a	lobula columnar neuron LC9	
720575941596343079	BANC_888:720575941596343079	BANC888	is_a	adult CB3317 neuron	
720575941596343333	BANC_888:720575941596343333	BANC888	is_a	adult optic lobe intrinsic neuron	
720575941596344197	BANC_888:720575941596344197	BANC888	is_a	adult SNta37 neuron	
720575941596345814	BANC_888:720575941596345814	BANC888	is_a	labellar taste bristle mechanosensory neuron	
720575941596346582	BANC_888:720575941596346582	BANC888	is_a	adult optic lobe intrinsic neuron	
720575941596347943	BANC_888:720575941596347943	BANC888	is_a	dopaminergic PAM neuron 8	
720575941596348199	BANC_888:720575941596348199	BANC888	is_a	adult CB2639 neuron	
720575941596348965	BANC_888:720575941596348965	BANC888	is_a	lamina monopolar neuron L1	
720575941596349061	BANC_888:720575941596349061	BANC888	is_a	adult optic lobe intrinsic neuron	
720575941596350341	BANC_888:720575941596350341	BANC888	is_a	lamina monopolar neuron L1	
720575941596350853	BANC_888:720575941596350853	BANC888	is_a	visual projection neuron	
720575941596351929	BANC_888:720575941596351929	BANC888	is_a	adult SNta32 neuron	
720575941596352369	BANC_888:720575941596352369	BANC888	is_a	transmedullary Y neuron TmY5a	
720575941596353317	BANC_888:720575941596353317	BANC888	is_a	medulla tangential intrinsic neuron 1	FlyBase:FBrf0262545
720575941596357669	BANC_888:720575941596357669	BANC888	is_a	adult CB1679 neuron	
720575941596358021	BANC_888:720575941596358021	BANC888	is_a	adult crepine neuron 095	
720575941596358437	BANC_888:720575941596358437	BANC888	is_a	adult CB2246 neuron	
720575941596360128	BANC_888:720575941596360128	BANC888	is_a	adult lobula intrinsic neuron Li21	FlyBase:FBrf0262545
720575941596363047	BANC_888:720575941596363047	BANC888	is_a	adult optic lobe intrinsic neuron	
720575941596364325	BANC_888:720575941596364325	BANC888	is_a	adult optic lobe intrinsic neuron	
720575941596367141	BANC_888:720575941596367141	BANC888	is_a	adult SNta20 neuron	
720575941596370033	BANC_888:720575941596370033	BANC888	is_a	Y neuron Y11	
720575941596377814	BANC_888:720575941596377814	BANC888	is_a	adult optic lobe intrinsic neuron	
720575941596379804	BANC_888:720575941596379804	BANC888	is_a	adult optic lobe intrinsic neuron	
720575941596380455	BANC_888:720575941596380455	BANC888	is_a	adult optic lobe intrinsic neuron	
720575941596381477	BANC_888:720575941596381477	BANC888	is_a	adult optic lobe intrinsic neuron	
720575941596382501	BANC_888:720575941596382501	BANC888	is_a	adult optic lobe intrinsic neuron	
720575941596382503	BANC_888:720575941596382503	BANC888	is_a	transmedullary Y neuron TmY18	FlyBase:FBrf0262545
720575941596382833	BANC_888:720575941596382833	BANC888	is_a	adult optic lobe intrinsic neuron	
720575941596383877	BANC_888:720575941596383877	BANC888	is_a	adult protocerebral bridge 1 glomerulus-fan-shaped body-round body type a neuron	
720575941596384625	BANC_888:720575941596384625	BANC888	is_a	T5d neuron	
720575941596384807	BANC_888:720575941596384807	BANC888	is_a	lamina monopolar neuron L1	
720575941596385061	BANC_888:720575941596385061	BANC888	is_a	proximal medullary amacrine neuron Pm4	FlyBase:FBrf0262545
720575941596385575	BANC_888:720575941596385575	BANC888	is_a	T3 neuron	
720575941596386855	BANC_888:720575941596386855	BANC888	is_a	adult optic lobe intrinsic neuron	
720575941596387185	BANC_888:720575941596387185	BANC888	is_a	adult optic lobe intrinsic neuron	
720575941596388054	BANC_888:720575941596388054	BANC888	is_a	adult optic lobe intrinsic neuron	
720575941596388721	BANC_888:720575941596388721	BANC888	is_a	adult optic lobe intrinsic neuron	
720575941596390513	BANC_888:720575941596390513	BANC888	is_a	T5c neuron	
720575941596391836	BANC_888:720575941596391836	BANC888	is_a	adult IN21A047 neuron	
720575941596392229	BANC_888:720575941596392229	BANC888	is_a	adult optic lobe intrinsic neuron	
720575941596394432	BANC_888:720575941596394432	BANC888	is_a	adult optic lobe intrinsic neuron	
720575941596396758	BANC_888:720575941596396758	BANC888	is_a	adult optic lobe intrinsic neuron	
720575941596399217	BANC_888:720575941596399217	BANC888	is_a	adult optic lobe intrinsic neuron	
720575941596399318	BANC_888:720575941596399318	BANC888	is_a	adult optic lobe intrinsic neuron	
720575941596400028	BANC_888:720575941596400028	BANC888	is_a	adult IN14A028 neuron	
720575941596401957	BANC_888:720575941596401957	BANC888	is_a	adult optic lobe intrinsic neuron	
720575941596402821	BANC_888:720575941596402821	BANC888	is_a	adult SNta37 neuron	
720575941596404101	BANC_888:720575941596404101	BANC888	is_a	adult IN17A084 neuron	
720575941596405541	BANC_888:720575941596405541	BANC888	is_a	distal medullary amacrine neuron Dm2	
720575941596406055	BANC_888:720575941596406055	BANC888	is_a	adult optic lobe intrinsic neuron	
720575941596407744	BANC_888:720575941596407744	BANC888	is_a	adult lateral accessory lobe neuron 139	
720575941596408197	BANC_888:720575941596408197	BANC888	is_a	adult INXXX243 neuron	
720575941596410151	BANC_888:720575941596410151	BANC888	is_a	T4d neuron	
720575941596411094	BANC_888:720575941596411094	BANC888	is_a	adult optic lobe intrinsic neuron	
720575941596414853	BANC_888:720575941596414853	BANC888	is_a	adult CB2145 neuron	
720575941596416037	BANC_888:720575941596416037	BANC888	is_a	centrifugal neuron C2	
720575941596417829	BANC_888:720575941596417829	BANC888	is_a	adult optic lobe intrinsic neuron	
720575941596418518	BANC_888:720575941596418518	BANC888	is_a	lamina monopolar neuron L2	
720575941596419621	BANC_888:720575941596419621	BANC888	is_a	adult olfactory receptor neuron Amt/Rh50	
720575941596422277	BANC_888:720575941596422277	BANC888	is_a	sensory neuron of female reproductive system	
720575941596424581	BANC_888:720575941596424581	BANC888	is_a	adult fruitless pMP1 (male) neuron	doi:10.1101/2024.06.04.596633
720575941596424741	BANC_888:720575941596424741	BANC888	is_a	adult antennal lobe projection neuron VA7m lPN	
720575941596425841	BANC_888:720575941596425841	BANC888	is_a	adult CB2036 neuron	
720575941596426021	BANC_888:720575941596426021	BANC888	is_a	adult posterior lateral protocerebrum neuron 092	
720575941596426140	BANC_888:720575941596426140	BANC888	is_a	adult protocerebral bridge 1 glomerulus-fan-shaped body-round body type a neuron	
720575941596427121	BANC_888:720575941596427121	BANC888	is_a	adult optic lobe intrinsic neuron	
720575941596429093	BANC_888:720575941596429093	BANC888	is_a	adult CB3190 neuron	
720575941596429782	BANC_888:720575941596429782	BANC888	is_a	lobula columnar neuron LC6	
720575941596430213	BANC_888:720575941596430213	BANC888	is_a	adult IN18B016 neuron	
720575941596431141	BANC_888:720575941596431141	BANC888	is_a	T4c neuron	
720575941596431749	BANC_888:720575941596431749	BANC888	is_a	adult DNut042 neuron	
720575941596432933	BANC_888:720575941596432933	BANC888	is_a	adult central brain intrinsic neuron	
720575941596436261	BANC_888:720575941596436261	BANC888	is_a	lamina monopolar neuron L5	
720575941596438940	BANC_888:720575941596438940	BANC888	is_a	adult CB1008 neuron	
720575941596439744	BANC_888:720575941596439744	BANC888	is_a	adult optic lobe intrinsic neuron	
720575941596440022	BANC_888:720575941596440022	BANC888	is_a	adult optic lobe intrinsic neuron	
720575941596440357	BANC_888:720575941596440357	BANC888	is_a	transmedullary neuron Tm29	FlyBase:FBrf0262545
720575941596441125	BANC_888:720575941596441125	BANC888	is_a	adult optic lobe intrinsic neuron	
720575941596441457	BANC_888:720575941596441457	BANC888	is_a	adult optic lobe intrinsic neuron	
720575941596441814	BANC_888:720575941596441814	BANC888	is_a	adult lobula intrinsic neuron Li19	FlyBase:FBrf0262545
720575941596442149	BANC_888:720575941596442149	BANC888	is_a	lamina monopolar neuron L2	
720575941596442151	BANC_888:720575941596442151	BANC888	is_a	lamina monopolar neuron L5	
720575941596442663	BANC_888:720575941596442663	BANC888	is_a	medulla intrinsic neuron Mi4	
720575941596446245	BANC_888:720575941596446245	BANC888	is_a	adult CB2896 neuron	
720575941596446678	BANC_888:720575941596446678	BANC888	is_a	lamina monopolar neuron L1	
720575941596448295	BANC_888:720575941596448295	BANC888	is_a	adult optic lobe intrinsic neuron	
720575941596448807	BANC_888:720575941596448807	BANC888	is_a	adult optic lobe intrinsic neuron	
720575941596451030	BANC_888:720575941596451030	BANC888	is_a	adult lobula visual projection neuron LoVP33	FlyBase:FBrf0262545
720575941596453253	BANC_888:720575941596453253	BANC888	is_a	adult optic lobe intrinsic neuron	
720575941596454789	BANC_888:720575941596454789	BANC888	is_a	medulla intrinsic neuron Mi4	
720575941596461526	BANC_888:720575941596461526	BANC888	is_a	adult optic lobe intrinsic neuron	
720575941596463729	BANC_888:720575941596463729	BANC888	is_a	adult olfactory receptor neuron Or88a	
720575941596464679	BANC_888:720575941596464679	BANC888	is_a	adult optic lobe intrinsic neuron	
720575941596465285	BANC_888:720575941596465285	BANC888	is_a	adult optic lobe intrinsic neuron	
720575941596465447	BANC_888:720575941596465447	BANC888	is_a	adult optic lobe intrinsic neuron	
720575941596467926	BANC_888:720575941596467926	BANC888	is_a	adult optic lobe intrinsic neuron	
720575941596468438	BANC_888:720575941596468438	BANC888	is_a	adult lobula intrinsic neuron Li25	FlyBase:FBrf0262545
720575941596469462	BANC_888:720575941596469462	BANC888	is_a	adult central medulla intrinsic neuron Cm19	FlyBase:FBrf0262545
720575941596470821	BANC_888:720575941596470821	BANC888	is_a	adult optic lobe intrinsic neuron	
720575941596471591	BANC_888:720575941596471591	BANC888	is_a	T4a neuron	
720575941596472613	BANC_888:720575941596472613	BANC888	is_a	centrifugal neuron C3	
720575941596472869	BANC_888:720575941596472869	BANC888	is_a	lobula columnar neuron LC10c	
720575941596473046	BANC_888:720575941596473046	BANC888	is_a	adult lobula-lobula plate neuron LOLP1	FlyBase:FBrf0262545
720575941596473637	BANC_888:720575941596473637	BANC888	is_a	adult optic lobe intrinsic neuron	
720575941596473814	BANC_888:720575941596473814	BANC888	is_a	adult optic lobe intrinsic neuron	
720575941596473893	BANC_888:720575941596473893	BANC888	is_a	lamina monopolar neuron L5	
720575941596474582	BANC_888:720575941596474582	BANC888	is_a	adult optic lobe intrinsic neuron	
720575941596475173	BANC_888:720575941596475173	BANC888	is_a	columnar neuron T1	
720575941596475687	BANC_888:720575941596475687	BANC888	is_a	medulla intrinsic neuron Mi13	
720575941596476118	BANC_888:720575941596476118	BANC888	is_a	adult optic lobe intrinsic neuron	
720575941596476455	BANC_888:720575941596476455	BANC888	is_a	bristle sensory neuron	
720575941596478247	BANC_888:720575941596478247	BANC888	is_a	lamina monopolar neuron L5	
720575941596478678	BANC_888:720575941596478678	BANC888	is_a	adult optic lobe intrinsic neuron	
720575941596479132	BANC_888:720575941596479132	BANC888	is_a	T4d neuron	
720575941596479958	BANC_888:720575941596479958	BANC888	is_a	adult optic lobe intrinsic neuron	
720575941596480156	BANC_888:720575941596480156	BANC888	is_a	lobula plate intrinsic neuron LPi3-4	FlyBase:FBrf0262545
720575941596481393	BANC_888:720575941596481393	BANC888	is_a	adult optic lobe intrinsic neuron	
720575941596481905	BANC_888:720575941596481905	BANC888	is_a	T5d neuron	
720575941596483542	BANC_888:720575941596483542	BANC888	is_a	adult optic lobe intrinsic neuron	
720575941596483740	BANC_888:720575941596483740	BANC888	is_a	T4b neuron	
720575941596483798	BANC_888:720575941596483798	BANC888	is_a	lobula-lobula plate columnar neuron LLPC3	
720575941596484135	BANC_888:720575941596484135	BANC888	is_a	adult optic lobe intrinsic neuron	
720575941596484209	BANC_888:720575941596484209	BANC888	is_a	T5c neuron	
720575941596484389	BANC_888:720575941596484389	BANC888	is_a	columnar neuron T1	
720575941596484997	BANC_888:720575941596484997	BANC888	is_a	adult lateral accessory lobe neuron 102	
720575941596485788	BANC_888:720575941596485788	BANC888	is_a	T3 neuron	
720575941596485846	BANC_888:720575941596485846	BANC888	is_a	adult optic lobe intrinsic neuron	
720575941596486080	BANC_888:720575941596486080	BANC888	is_a	adult optic lobe intrinsic neuron	
720575941596486300	BANC_888:720575941596486300	BANC888	is_a	adult Kenyon cell	
720575941596489942	BANC_888:720575941596489942	BANC888	is_a	visual projection neuron	
720575941596490021	BANC_888:720575941596490021	BANC888	is_a	proximal medullary amacrine neuron Pm2	FlyBase:FBrf0262545
720575941596490454	BANC_888:720575941596490454	BANC888	is_a	adult optic lobe intrinsic neuron	
720575941596490533	BANC_888:720575941596490533	BANC888	is_a	lamina monopolar neuron L2	
720575941596492480	BANC_888:720575941596492480	BANC888	is_a	adult IN03A036 neuron	
720575941596492502	BANC_888:720575941596492502	BANC888	is_a	adult optic lobe intrinsic neuron	
720575941596492657	BANC_888:720575941596492657	BANC888	is_a	T4b neuron	
720575941596492913	BANC_888:720575941596492913	BANC888	is_a	adult optic lobe intrinsic neuron	
720575941596493861	BANC_888:720575941596493861	BANC888	is_a	lamina monopolar neuron L1	
720575941596494236	BANC_888:720575941596494236	BANC888	is_a	adult wedge neuron 033	
720575941596495260	BANC_888:720575941596495260	BANC888	is_a	T4a neuron	
720575941596495516	BANC_888:720575941596495516	BANC888	is_a	adult optic lobe intrinsic neuron	
720575941596495655	BANC_888:720575941596495655	BANC888	is_a	adult central medulla neuron Cm12	FlyBase:FBrf0262545
720575941596497009	BANC_888:720575941596497009	BANC888	is_a	T5c neuron	
720575941596499239	BANC_888:720575941596499239	BANC888	is_a	adult central brain intrinsic neuron	
720575941596499612	BANC_888:720575941596499612	BANC888	is_a	T4a neuron	
720575941596501718	BANC_888:720575941596501718	BANC888	is_a	adult optic lobe intrinsic neuron	
720575941596502311	BANC_888:720575941596502311	BANC888	is_a	adult medulla-lobula neuron MeLo7	FlyBase:FBrf0262545
720575941596503921	BANC_888:720575941596503921	BANC888	is_a	adult optic lobe intrinsic neuron	
720575941596505302	BANC_888:720575941596505302	BANC888	is_a	adult optic lobe intrinsic neuron	
720575941596506757	BANC_888:720575941596506757	BANC888	is_a	lamina monopolar neuron L5	
720575941596506919	BANC_888:720575941596506919	BANC888	is_a	adult ENXXX226 neuron	
720575941596507429	BANC_888:720575941596507429	BANC888	is_a	adult lobula-lobula plate neuron LOLP1	FlyBase:FBrf0262545
720575941596507941	BANC_888:720575941596507941	BANC888	is_a	T5d neuron	
720575941596508118	BANC_888:720575941596508118	BANC888	is_a	adult optic lobe intrinsic neuron	
720575941596508967	BANC_888:720575941596508967	BANC888	is_a	adult optic lobe intrinsic neuron	
720575941596509142	BANC_888:720575941596509142	BANC888	is_a	transmedullary neuron Tm9	
720575941596510678	BANC_888:720575941596510678	BANC888	is_a	adult optic lobe intrinsic neuron	
720575941596511525	BANC_888:720575941596511525	BANC888	is_a	lobula plate intrinsic neuron LPi2d	FlyBase:FBrf0262545
720575941596513948	BANC_888:720575941596513948	BANC888	is_a	adult optic lobe intrinsic neuron	
720575941596514343	BANC_888:720575941596514343	BANC888	is_a	adult optic lobe intrinsic neuron	
720575941596514855	BANC_888:720575941596514855	BANC888	is_a	adult optic lobe intrinsic neuron	
720575941596515228	BANC_888:720575941596515228	BANC888	is_a	T5d neuron	
720575941596516901	BANC_888:720575941596516901	BANC888	is_a	lamina monopolar neuron L2	
720575941596516997	BANC_888:720575941596516997	BANC888	is_a	zone E Johnston organ neuron	
720575941596517671	BANC_888:720575941596517671	BANC888	is_a	adult optic lobe intrinsic neuron	
720575941596517788	BANC_888:720575941596517788	BANC888	is_a	distal medullary amacrine neuron Dm3b	FlyBase:FBrf0262545
720575941596518437	BANC_888:720575941596518437	BANC888	is_a	adult optic lobe intrinsic neuron	
720575941596520817	BANC_888:720575941596520817	BANC888	is_a	columnar neuron T1	
720575941596521349	BANC_888:720575941596521349	BANC888	is_a	adult crepine neuron 068	
720575941596521920	BANC_888:720575941596521920	BANC888	is_a	adult CB2539 neuron	
720575941596522533	BANC_888:720575941596522533	BANC888	is_a	medulla intrinsic neuron Mi1	
720575941596522791	BANC_888:720575941596522791	BANC888	is_a	T5d neuron	
720575941596523478	BANC_888:720575941596523478	BANC888	is_a	transmedullary neuron Tm31	FlyBase:FBrf0262545
720575941596523557	BANC_888:720575941596523557	BANC888	is_a	zone B Johnston organ neuron	
720575941596524956	BANC_888:720575941596524956	BANC888	is_a	adult optic lobe intrinsic neuron	
720575941596525349	BANC_888:720575941596525349	BANC888	is_a	T5d neuron	
720575941596525445	BANC_888:720575941596525445	BANC888	is_a	lobula columnar neuron LC16	
720575941596526373	BANC_888:720575941596526373	BANC888	is_a	lamina monopolar neuron L2	
720575941596526887	BANC_888:720575941596526887	BANC888	is_a	adult CB1523 neuron	
720575941596528028	BANC_888:720575941596528028	BANC888	is_a	medulla intrinsic neuron Mi4	
720575941596528677	BANC_888:720575941596528677	BANC888	is_a	transmedullary neuron Tm1	
720575941596530469	BANC_888:720575941596530469	BANC888	is_a	adult SNpp62 neuron	
720575941596531158	BANC_888:720575941596531158	BANC888	is_a	adult lobula-lobula plate neuron LOLP1	FlyBase:FBrf0262545
720575941596531670	BANC_888:720575941596531670	BANC888	is_a	adult lobula tangential neuron LT79	
720575941596534567	BANC_888:720575941596534567	BANC888	is_a	adult lateral accessory lobe neuron 034	
720575941596534940	BANC_888:720575941596534940	BANC888	is_a	adult optic lobe intrinsic neuron	
720575941596535333	BANC_888:720575941596535333	BANC888	is_a	interoceptive SEZ neuron	
720575941596536357	BANC_888:720575941596536357	BANC888	is_a	adult IN05B028 neuron	
720575941596537500	BANC_888:720575941596537500	BANC888	is_a	T4a neuron	
720575941596538661	BANC_888:720575941596538661	BANC888	is_a	adult lateral horn PV5b6 neuron	
720575941596538663	BANC_888:720575941596538663	BANC888	is_a	translobula plate neuron Tlp5	
720575941596539173	BANC_888:720575941596539173	BANC888	is_a	adult CB3820 neuron	
720575941596540453	BANC_888:720575941596540453	BANC888	is_a	adult optic lobe intrinsic neuron	
720575941596540967	BANC_888:720575941596540967	BANC888	is_a	visual projection neuron	
720575941596541477	BANC_888:720575941596541477	BANC888	is_a	adult optic lobe intrinsic neuron	
720575941596541852	BANC_888:720575941596541852	BANC888	is_a	T4b neuron	
720575941596542620	BANC_888:720575941596542620	BANC888	is_a	T5b neuron	
720575941596542757	BANC_888:720575941596542757	BANC888	is_a	transmedullary neuron Tm1	
720575941596546204	BANC_888:720575941596546204	BANC888	is_a	T4c neuron	
720575941596547877	BANC_888:720575941596547877	BANC888	is_a	adult SNta24 neuron	
720575941596548389	BANC_888:720575941596548389	BANC888	is_a	adult SNta32 neuron	
720575941596548741	BANC_888:720575941596548741	BANC888	is_a	adult CB3550 neuron	
720575941596548764	BANC_888:720575941596548764	BANC888	is_a	T3 neuron	
720575941596551461	BANC_888:720575941596551461	BANC888	is_a	adult lobula intrinsic neuron Li19	FlyBase:FBrf0262545
720575941596552325	BANC_888:720575941596552325	BANC888	is_a	adult lateral horn PV2a5 neuron	
720575941596552561	BANC_888:720575941596552561	BANC888	is_a	centrifugal neuron C3	
720575941596552743	BANC_888:720575941596552743	BANC888	is_a	medulla tangential intrinsic neuron of dorsal rim area 2	FlyBase:FBrf0262545
720575941596552997	BANC_888:720575941596552997	BANC888	is_a	adult IN04B100 neuron	
720575941596552999	BANC_888:720575941596552999	BANC888	is_a	transmedullary neuron Tm9	
720575941596553509	BANC_888:720575941596553509	BANC888	is_a	adult SNta23 neuron	
720575941596553511	BANC_888:720575941596553511	BANC888	is_a	adult IN17A017 neuron	
720575941596554885	BANC_888:720575941596554885	BANC888	is_a	adult multiglomerular antennal lobe projection neuron type 65 vPN	
720575941596555164	BANC_888:720575941596555164	BANC888	is_a	T4c neuron	
720575941596555559	BANC_888:720575941596555559	BANC888	is_a	adult optic lobe intrinsic neuron	
720575941596555676	BANC_888:720575941596555676	BANC888	is_a	T4d neuron	
720575941596556327	BANC_888:720575941596556327	BANC888	is_a	adult optic lobe intrinsic neuron	
720575941596556700	BANC_888:720575941596556700	BANC888	is_a	T4b neuron	
720575941596558375	BANC_888:720575941596558375	BANC888	is_a	lobula columnar neuron LC9	
720575941596558492	BANC_888:720575941596558492	BANC888	is_a	T5b neuron	
720575941596559399	BANC_888:720575941596559399	BANC888	is_a	adult optic lobe intrinsic neuron	
720575941596561797	BANC_888:720575941596561797	BANC888	is_a	adult CB0488 neuron	
720575941596564005	BANC_888:720575941596564005	BANC888	is_a	lobula columnar neuron LC20	
720575941596564007	BANC_888:720575941596564007	BANC888	is_a	visual projection neuron	
720575941596564519	BANC_888:720575941596564519	BANC888	is_a	adult central medulla intrinsic neuron Cm9	FlyBase:FBrf0262545
720575941596565031	BANC_888:720575941596565031	BANC888	is_a	adult CB1287 neuron	
720575941596572199	BANC_888:720575941596572199	BANC888	is_a	adult clamp neuron 085	
720575941596573596	BANC_888:720575941596573596	BANC888	is_a	T5d neuron	
720575941596573735	BANC_888:720575941596573735	BANC888	is_a	adult CNS neuron	
720575941596573829	BANC_888:720575941596573829	BANC888	is_a	adult CB2835 neuron	
720575941596575271	BANC_888:720575941596575271	BANC888	is_a	adult optic lobe intrinsic neuron	
720575941596577319	BANC_888:720575941596577319	BANC888	is_a	transmedullary neuron Tm1	
720575941596579109	BANC_888:720575941596579109	BANC888	is_a	transmedullary neuron	
720575941596580485	BANC_888:720575941596580485	BANC888	is_a	adult CB1148 neuron	
720575941596581020	BANC_888:720575941596581020	BANC888	is_a	T4a neuron	
720575941596583207	BANC_888:720575941596583207	BANC888	is_a	adult lobula intrinsic neuron Li23	FlyBase:FBrf0262545
720575941596584743	BANC_888:720575941596584743	BANC888	is_a	distal medullary amacrine neuron Dm18	
720575941596585093	BANC_888:720575941596585093	BANC888	is_a	adult fan-shaped body horizontal delta neuron D	
720575941596586023	BANC_888:720575941596586023	BANC888	is_a	adult central medulla intrinsic neuron Cm2	FlyBase:FBrf0262545
720575941596589863	BANC_888:720575941596589863	BANC888	is_a	adult optic lobe intrinsic neuron	
720575941596590213	BANC_888:720575941596590213	BANC888	is_a	sensory neuron of haltere campaniform sensillum	
720575941596592320	BANC_888:720575941596592320	BANC888	is_a	adult Kenyon cell	
720575941596594215	BANC_888:720575941596594215	BANC888	is_a	lobula columnar neuron LC10c	
720575941596595237	BANC_888:720575941596595237	BANC888	is_a	lobula plate intrinsic neuron LPi3-4	FlyBase:FBrf0262545
720575941596596357	BANC_888:720575941596596357	BANC888	is_a	adult DNit004 neuron	
720575941596597543	BANC_888:720575941596597543	BANC888	is_a	medulla tangential intrinsic neuron of dorsal rim area 2	FlyBase:FBrf0262545
720575941596598567	BANC_888:720575941596598567	BANC888	is_a	T4a neuron	
720575941596600101	BANC_888:720575941596600101	BANC888	is_a	adult optic lobe intrinsic neuron	
720575941596600689	BANC_888:720575941596600689	BANC888	is_a	lamina monopolar neuron L2	
720575941596600709	BANC_888:720575941596600709	BANC888	is_a	descending neuron of the gnathal ganglion DNge116	
720575941596601383	BANC_888:720575941596601383	BANC888	is_a	lobula columnar neuron LC10a	
720575941596601457	BANC_888:720575941596601457	BANC888	is_a	lamina monopolar neuron L3	
720575941596601733	BANC_888:720575941596601733	BANC888	is_a	adult CB1328 neuron	
720575941596601893	BANC_888:720575941596601893	BANC888	is_a	lobula-lobula plate columnar neuron LLPC1	
720575941596601989	BANC_888:720575941596601989	BANC888	is_a	adult CB2220 neuron	
720575941596604828	BANC_888:720575941596604828	BANC888	is_a	T5a neuron	
720575941596606065	BANC_888:720575941596606065	BANC888	is_a	lamina monopolar neuron L1	
720575941596606501	BANC_888:720575941596606501	BANC888	is_a	adult optic lobe intrinsic neuron	
720575941596608412	BANC_888:720575941596608412	BANC888	is_a	T5c neuron	
720575941596609319	BANC_888:720575941596609319	BANC888	is_a	adult optic lobe intrinsic neuron	
720575941596620839	BANC_888:720575941596620839	BANC888	is_a	transmedullary neuron Tm5c	
720575941596622375	BANC_888:720575941596622375	BANC888	is_a	adult optic lobe intrinsic neuron	
720575941596625191	BANC_888:720575941596625191	BANC888	is_a	adult optic lobe intrinsic neuron	
720575941596625856	BANC_888:720575941596625856	BANC888	is_a	transmedullary neuron Tm2	
720575941596627077	BANC_888:720575941596627077	BANC888	is_a	adult CB1073 neuron	
720575941596627136	BANC_888:720575941596627136	BANC888	is_a	adult central medulla intrinsic neuron Cm2	FlyBase:FBrf0262545
720575941596627569	BANC_888:720575941596627569	BANC888	is_a	adult AN07B018 neuron	
720575941596627845	BANC_888:720575941596627845	BANC888	is_a	alpha/beta Kenyon cell	
720575941596628613	BANC_888:720575941596628613	BANC888	is_a	adult posterior lateral protocerebrum neuron 103	
720575941596630821	BANC_888:720575941596630821	BANC888	is_a	lamina monopolar neuron L5	
720575941596630823	BANC_888:720575941596630823	BANC888	is_a	adult CB1407 neuron	
720575941596632768	BANC_888:720575941596632768	BANC888	is_a	adult posterior slope neuron 022	
720575941596635072	BANC_888:720575941596635072	BANC888	is_a	adult optic lobe intrinsic neuron	
720575941596635505	BANC_888:720575941596635505	BANC888	is_a	zone B Johnston organ neuron	
720575941596636455	BANC_888:720575941596636455	BANC888	is_a	adult optic lobe intrinsic neuron	
720575941596636864	BANC_888:720575941596636864	BANC888	is_a	T5a neuron	
720575941596637733	BANC_888:720575941596637733	BANC888	is_a	adult optic lobe intrinsic neuron	
720575941596637989	BANC_888:720575941596637989	BANC888	is_a	adult CB3739 neuron	
720575941596639015	BANC_888:720575941596639015	BANC888	is_a	T3 neuron	
720575941596641413	BANC_888:720575941596641413	BANC888	is_a	adult antennal lobe projection neuron VM5d adPN	
720575941596641669	BANC_888:720575941596641669	BANC888	is_a	gamma main Kenyon cell	
720575941596642240	BANC_888:720575941596642240	BANC888	is_a	T4a neuron	
720575941596642929	BANC_888:720575941596642929	BANC888	is_a	zone E Johnston organ neuron	
720575941596644764	BANC_888:720575941596644764	BANC888	is_a	adult optic lobe intrinsic neuron	
720575941596647207	BANC_888:720575941596647207	BANC888	is_a	lamina monopolar neuron L2	
720575941596648305	BANC_888:720575941596648305	BANC888	is_a	lamina monopolar neuron L4	
720575941596649664	BANC_888:720575941596649664	BANC888	is_a	transmedullary neuron Tm9	
720575941596649841	BANC_888:720575941596649841	BANC888	is_a	lamina monopolar neuron L3	
720575941596651909	BANC_888:720575941596651909	BANC888	is_a	adult mAL-PN lateral horn input neuron	
720575941596652069	BANC_888:720575941596652069	BANC888	is_a	lobula columnar neuron LC10d	
720575941596653351	BANC_888:720575941596653351	BANC888	is_a	adult antennal lobe projection neuron VP1m+VP2 lvPN 1	
720575941596654213	BANC_888:720575941596654213	BANC888	is_a	adult fruitless aSP-f (female) neuron	
720575941596654492	BANC_888:720575941596654492	BANC888	is_a	T4b neuron	
720575941596656028	BANC_888:720575941596656028	BANC888	is_a	T3 neuron	
720575941596656064	BANC_888:720575941596656064	BANC888	is_a	T3 neuron	
720575941596657600	BANC_888:720575941596657600	BANC888	is_a	adult ellipsoid body ring neuron R3d	
720575941596658309	BANC_888:720575941596658309	BANC888	is_a	adult olfactory receptor neuron Or35a	
720575941596658725	BANC_888:720575941596658725	BANC888	is_a	adult optic lobe intrinsic neuron	
720575941596660869	BANC_888:720575941596660869	BANC888	is_a	adult CB1394 neuron	
720575941596661029	BANC_888:720575941596661029	BANC888	is_a	lobula columnar neuron LC10c	
720575941596664613	BANC_888:720575941596664613	BANC888	is_a	adult optic lobe intrinsic neuron	
720575941596664945	BANC_888:720575941596664945	BANC888	is_a	medulla intrinsic neuron Mi1	
720575941596666816	BANC_888:720575941596666816	BANC888	is_a	T5d neuron	
720575941596667249	BANC_888:720575941596667249	BANC888	is_a	columnar neuron T1	
720575941596668455	BANC_888:720575941596668455	BANC888	is_a	lobula columnar neuron LC10d	
720575941596668608	BANC_888:720575941596668608	BANC888	is_a	transmedullary neuron Tm1	
720575941596670085	BANC_888:720575941596670085	BANC888	is_a	adult CNS neuron	
720575941596670364	BANC_888:720575941596670364	BANC888	is_a	adult SNta42 neuron	
720575941596670912	BANC_888:720575941596670912	BANC888	is_a	adult ellipsoid body ring neuron R5	
720575941596674204	BANC_888:720575941596674204	BANC888	is_a	distal medullary amacrine neuron Dm10	
720575941596674343	BANC_888:720575941596674343	BANC888	is_a	lamina monopolar neuron L1	
720575941596675228	BANC_888:720575941596675228	BANC888	is_a	lobula columnar neuron LC16	
720575941596676389	BANC_888:720575941596676389	BANC888	is_a	adult optic lobe intrinsic neuron	
720575941596676721	BANC_888:720575941596676721	BANC888	is_a	photoreceptor cell R7	
720575941596677927	BANC_888:720575941596677927	BANC888	is_a	adult posterior slope neuron 018	
720575941596678183	BANC_888:720575941596678183	BANC888	is_a	medulla intrinsic neuron Mi4	
720575941596678439	BANC_888:720575941596678439	BANC888	is_a	adult olfactory receptor neuron Or67d	
720575941596679719	BANC_888:720575941596679719	BANC888	is_a	adult SNta02 neuron	
720575941596680487	BANC_888:720575941596680487	BANC888	is_a	adult optic lobe intrinsic neuron	
720575941596681511	BANC_888:720575941596681511	BANC888	is_a	proximal medullary amacrine neuron Pm1	FlyBase:FBrf0262545
720575941596681628	BANC_888:720575941596681628	BANC888	is_a	transmedullary neuron Tm1	
720575941596682353	BANC_888:720575941596682353	BANC888	is_a	adult optic lobe intrinsic neuron	
720575941596682865	BANC_888:720575941596682865	BANC888	is_a	adult clamp neuron 068	
720575941596683712	BANC_888:720575941596683712	BANC888	is_a	T5c neuron	
720575941596686375	BANC_888:720575941596686375	BANC888	is_a	transmedullary neuron Tm9	
720575941596689191	BANC_888:720575941596689191	BANC888	is_a	adult IN13B005 neuron	
720575941596689308	BANC_888:720575941596689308	BANC888	is_a	lobula columnar neuron LC30	FlyBase:FBrf0262545
720575941596690624	BANC_888:720575941596690624	BANC888	is_a	lobula plate-lobula columnar neuron LPLC2	
720575941596691751	BANC_888:720575941596691751	BANC888	is_a	Y neuron Y1	
720575941596692773	BANC_888:720575941596692773	BANC888	is_a	adult optic lobe intrinsic neuron	
720575941596694172	BANC_888:720575941596694172	BANC888	is_a	T5a neuron	
720575941596694823	BANC_888:720575941596694823	BANC888	is_a	adult antennal lobe local neuron lLN2F	
720575941596695591	BANC_888:720575941596695591	BANC888	is_a	adult AN04B001 neuron	
720575941596695921	BANC_888:720575941596695921	BANC888	is_a	adult CB2636 neuron	
720575941596696453	BANC_888:720575941596696453	BANC888	is_a	adult anterior optic tubercle neuron 063	
720575941596697383	BANC_888:720575941596697383	BANC888	is_a	lobula columnar neuron LC9	
720575941596697536	BANC_888:720575941596697536	BANC888	is_a	transmedullary neuron Tm9	
720575941596700965	BANC_888:720575941596700965	BANC888	is_a	adult optic lobe intrinsic neuron	
720575941596701479	BANC_888:720575941596701479	BANC888	is_a	adult SNta26 neuron	
720575941596703109	BANC_888:720575941596703109	BANC888	is_a	adult anterior ventrolateral protocerebrum neuron 558	
720575941596703783	BANC_888:720575941596703783	BANC888	is_a	adult IN13B036 neuron	
720575941596703877	BANC_888:720575941596703877	BANC888	is_a	adult fan-shaped body horizontal delta neuron H	
720575941596704668	BANC_888:720575941596704668	BANC888	is_a	adult optic lobe intrinsic neuron	
720575941596706855	BANC_888:720575941596706855	BANC888	is_a	medulla intrinsic neuron Mi4	
720575941596707623	BANC_888:720575941596707623	BANC888	is_a	lobula columnar neuron LC10d	
720575941596707877	BANC_888:720575941596707877	BANC888	is_a	adult optic lobe intrinsic neuron	
720575941596708903	BANC_888:720575941596708903	BANC888	is_a	adult CB3820 neuron	
720575941596708997	BANC_888:720575941596708997	BANC888	is_a	adult crepine neuron 008	
720575941596710044	BANC_888:720575941596710044	BANC888	is_a	transmedullary Y neuron TmY3	
720575941596710336	BANC_888:720575941596710336	BANC888	is_a	T4d neuron	
720575941596711207	BANC_888:720575941596711207	BANC888	is_a	T4b neuron	
720575941596711717	BANC_888:720575941596711717	BANC888	is_a	adult optic lobe intrinsic neuron	
720575941596711975	BANC_888:720575941596711975	BANC888	is_a	transmedullary neuron Tm2	
720575941596712231	BANC_888:720575941596712231	BANC888	is_a	adult optic lobe intrinsic neuron	
720575941596714908	BANC_888:720575941596714908	BANC888	is_a	transmedullary neuron Tm2	
720575941596715045	BANC_888:720575941596715045	BANC888	is_a	lobula columnar neuron LC24	
720575941596715141	BANC_888:720575941596715141	BANC888	is_a	adult superior medial protocerebrum neuron 526	
720575941596715889	BANC_888:720575941596715889	BANC888	is_a	adult optic lobe intrinsic neuron	
720575941596717349	BANC_888:720575941596717349	BANC888	is_a	adult optic lobe intrinsic neuron	
720575941596718469	BANC_888:720575941596718469	BANC888	is_a	protocerebral bridge 1 glomerulus-fan-shaped body-nodulus 3 posterior domain neuron	
720575941596718725	BANC_888:720575941596718725	BANC888	is_a	adult superior lateral protocerebrum neuron 158	
720575941596718885	BANC_888:720575941596718885	BANC888	is_a	adult optic lobe intrinsic neuron	
720575941596719143	BANC_888:720575941596719143	BANC888	is_a	adult optic lobe intrinsic neuron	
720575941596720773	BANC_888:720575941596720773	BANC888	is_a	adult posterior ventrolateral protocerebrum neuron 030	
720575941596722033	BANC_888:720575941596722033	BANC888	is_a	proximal medullary amacrine neuron Pm4	FlyBase:FBrf0262545
720575941596722844	BANC_888:720575941596722844	BANC888	is_a	distal medullary amacrine neuron Dm3c	FlyBase:FBrf0262545
720575941596723057	BANC_888:720575941596723057	BANC888	is_a	lamina monopolar neuron L4	
720575941596723589	BANC_888:720575941596723589	BANC888	is_a	adult CB0561 neuron	
720575941596725916	BANC_888:720575941596725916	BANC888	is_a	adult optic lobe intrinsic neuron	
720575941596726565	BANC_888:720575941596726565	BANC888	is_a	lobula columnar neuron LC10d	
720575941596727591	BANC_888:720575941596727591	BANC888	is_a	adult medulla-tubercle neuron 1	
720575941596727941	BANC_888:720575941596727941	BANC888	is_a	adult CNS neuron	
720575941596729381	BANC_888:720575941596729381	BANC888	is_a	adult optic lobe intrinsic neuron	
720575941596729477	BANC_888:720575941596729477	BANC888	is_a	adult AN17A014 neuron	
720575941596730149	BANC_888:720575941596730149	BANC888	is_a	lobula plate-lobula columnar neuron LPLC4	
720575941596730501	BANC_888:720575941596730501	BANC888	is_a	adult ellipsoid body extrinsic ring neuron ExR8	
720575941596730663	BANC_888:720575941596730663	BANC888	is_a	adult optic lobe intrinsic neuron	
720575941596731036	BANC_888:720575941596731036	BANC888	is_a	T4a neuron	
720575941596732572	BANC_888:720575941596732572	BANC888	is_a	lobula-lobula plate columnar neuron LLPC3	
720575941596732965	BANC_888:720575941596732965	BANC888	is_a	lamina monopolar neuron L1	
720575941596734912	BANC_888:720575941596734912	BANC888	is_a	lobula plate columnar neuron LPC1	
720575941596735015	BANC_888:720575941596735015	BANC888	is_a	adult optic lobe intrinsic neuron	
720575941596735109	BANC_888:720575941596735109	BANC888	is_a	adult anterior ventrolateral protocerebrum neuron 596	
720575941596735525	BANC_888:720575941596735525	BANC888	is_a	DN1a neuron	
720575941596735621	BANC_888:720575941596735621	BANC888	is_a	adult superior medial protocerebrum neuron 469	
720575941596736039	BANC_888:720575941596736039	BANC888	is_a	adult optic lobe intrinsic neuron	
720575941596736293	BANC_888:720575941596736293	BANC888	is_a	adult optic lobe intrinsic neuron	
720575941596736881	BANC_888:720575941596736881	BANC888	is_a	columnar neuron T1	
720575941596736901	BANC_888:720575941596736901	BANC888	is_a	adult CNS neuron	
720575941596737137	BANC_888:720575941596737137	BANC888	is_a	lamina monopolar neuron L4	
720575941596737649	BANC_888:720575941596737649	BANC888	is_a	medulla intrinsic neuron Mi1	
720575941596737925	BANC_888:720575941596737925	BANC888	is_a	adult posterior ventrolateral protocerebrum neuron 102	
720575941596738085	BANC_888:720575941596738085	BANC888	is_a	adult lobula columnar neuron e01	
720575941596740053	BANC_888:720575941596740053	BANC888	is_a	adult optic lobe intrinsic neuron	
720575941596740645	BANC_888:720575941596740645	BANC888	is_a	adult optic lobe intrinsic neuron	
720575941596741509	BANC_888:720575941596741509	BANC888	is_a	distal medullary amacrine neuron Dm3c	FlyBase:FBrf0262545
720575941596744581	BANC_888:720575941596744581	BANC888	is_a	adult superior lateral protocerebrum neuron 141	
720575941596746629	BANC_888:720575941596746629	BANC888	is_a	adult clamp neuron 101	
720575941596747047	BANC_888:720575941596747047	BANC888	is_a	adult optic lobe intrinsic neuron	
720575941596747932	BANC_888:720575941596747932	BANC888	is_a	centrifugal neuron C3	
720575941596748421	BANC_888:720575941596748421	BANC888	is_a	adult CB2556 neuron	
720575941596748837	BANC_888:720575941596748837	BANC888	is_a	adult Li34 neuron	FlyBase:FBrf0262545
720575941596748933	BANC_888:720575941596748933	BANC888	is_a	descending neuron of the anterior ventral brain DNbe002	
720575941596750213	BANC_888:720575941596750213	BANC888	is_a	adult anterior ventrolateral protocerebrum neuron 370	
720575941596751260	BANC_888:720575941596751260	BANC888	is_a	adult optic lobe intrinsic neuron	
720575941596752284	BANC_888:720575941596752284	BANC888	is_a	T4d neuron	
720575941596754332	BANC_888:720575941596754332	BANC888	is_a	distal medullary amacrine neuron Dm20	
720575941596754981	BANC_888:720575941596754981	BANC888	is_a	adult optic lobe intrinsic neuron	
720575941596755392	BANC_888:720575941596755392	BANC888	is_a	proximal medullary amacrine neuron Pm1	FlyBase:FBrf0262545
720575941596755495	BANC_888:720575941596755495	BANC888	is_a	medulla intrinsic neuron Mi4	
720575941596756160	BANC_888:720575941596756160	BANC888	is_a	T4b neuron	
720575941596756892	BANC_888:720575941596756892	BANC888	is_a	transmedullary neuron Tm6	FlyBase:FBrf0262545
720575941596757031	BANC_888:720575941596757031	BANC888	is_a	adult optic lobe intrinsic neuron	
720575941596758149	BANC_888:720575941596758149	BANC888	is_a	medulla intrinsic neuron Mi1	
720575941596760615	BANC_888:720575941596760615	BANC888	is_a	adult olfactory receptor neuron Or82a	
720575941596760871	BANC_888:720575941596760871	BANC888	is_a	distal medullary amacrine neuron Dm3c	FlyBase:FBrf0262545
720575941596762151	BANC_888:720575941596762151	BANC888	is_a	visual projection neuron	
720575941596764967	BANC_888:720575941596764967	BANC888	is_a	zone E Johnston organ neuron	
720575941596765317	BANC_888:720575941596765317	BANC888	is_a	adult optic lobe intrinsic neuron	
720575941596768551	BANC_888:720575941596768551	BANC888	is_a	adult optic lobe intrinsic neuron	
720575941596768704	BANC_888:720575941596768704	BANC888	is_a	T4d neuron	
720575941596769157	BANC_888:720575941596769157	BANC888	is_a	adult optic lobe intrinsic neuron	
720575941596769573	BANC_888:720575941596769573	BANC888	is_a	lamina wide-field 2 neuron	
720575941596770949	BANC_888:720575941596770949	BANC888	is_a	lobula columnar neuron LC26	
720575941596772544	BANC_888:720575941596772544	BANC888	is_a	medulla intrinsic neuron Mi4	
720575941596772647	BANC_888:720575941596772647	BANC888	is_a	adult SNta33 neuron	
720575941596777511	BANC_888:720575941596777511	BANC888	is_a	femoral chordotonal hook neuron	
720575941596778535	BANC_888:720575941596778535	BANC888	is_a	adult optic lobe intrinsic neuron	
720575941596778688	BANC_888:720575941596778688	BANC888	is_a	T5b neuron	
720575941596781605	BANC_888:720575941596781605	BANC888	is_a	columnar neuron T1	
720575941596790311	BANC_888:720575941596790311	BANC888	is_a	visual projection neuron	
720575941596793383	BANC_888:720575941596793383	BANC888	is_a	visual projection neuron	
720575941596793457	BANC_888:720575941596793457	BANC888	is_a	medulla intrinsic neuron Mi4	
720575941596794501	BANC_888:720575941596794501	BANC888	is_a	adult optic lobe intrinsic neuron	
720575941596798245	BANC_888:720575941596798245	BANC888	is_a	adult optic lobe intrinsic neuron	
720575941596800037	BANC_888:720575941596800037	BANC888	is_a	adult optic lobe intrinsic neuron	
720575941596800156	BANC_888:720575941596800156	BANC888	is_a	T5b neuron	
720575941596800192	BANC_888:720575941596800192	BANC888	is_a	T5a neuron	
720575941596801063	BANC_888:720575941596801063	BANC888	is_a	adult optic lobe intrinsic neuron	
720575941596801413	BANC_888:720575941596801413	BANC888	is_a	distal medullary amacrine neuron Dm10	
720575941596802437	BANC_888:720575941596802437	BANC888	is_a	adult optic lobe intrinsic neuron	
720575941596802949	BANC_888:720575941596802949	BANC888	is_a	adult optic lobe intrinsic neuron	
720575941596805233	BANC_888:720575941596805233	BANC888	is_a	adult SNta21 neuron	
720575941596811303	BANC_888:720575941596811303	BANC888	is_a	adult optic lobe intrinsic neuron	
720575941596812839	BANC_888:720575941596812839	BANC888	is_a	adult transmedullary Y neuron TmY19a	FlyBase:FBrf0262545
720575941596815655	BANC_888:720575941596815655	BANC888	is_a	adult optic lobe intrinsic neuron	
720575941596816167	BANC_888:720575941596816167	BANC888	is_a	adult optic lobe intrinsic neuron	
720575941596816423	BANC_888:720575941596816423	BANC888	is_a	transmedullary neuron Tm4	
720575941596819077	BANC_888:720575941596819077	BANC888	is_a	dopaminergic PAM neuron 12	
720575941596827840	BANC_888:720575941596827840	BANC888	is_a	lobula columnar neuron LC15	
720575941596828967	BANC_888:720575941596828967	BANC888	is_a	adult optic lobe intrinsic neuron	
720575941596829221	BANC_888:720575941596829221	BANC888	is_a	adult optic lobe intrinsic neuron	
720575941596830912	BANC_888:720575941596830912	BANC888	is_a	centrifugal neuron C2	
720575941596831015	BANC_888:720575941596831015	BANC888	is_a	adult optic lobe intrinsic neuron	
720575941596831781	BANC_888:720575941596831781	BANC888	is_a	adult optic lobe intrinsic neuron	
720575941596838949	BANC_888:720575941596838949	BANC888	is_a	lobula columnar neuron LC10c	
720575941596842789	BANC_888:720575941596842789	BANC888	is_a	adult CB3792 neuron	
720575941596843121	BANC_888:720575941596843121	BANC888	is_a	lamina monopolar neuron L2	
720575941596844657	BANC_888:720575941596844657	BANC888	is_a	adult medulla visual projection neuron MeVP1	FlyBase:FBrf0262545
720575941596848005	BANC_888:720575941596848005	BANC888	is_a	medulla intrinsic neuron Mi1	
720575941596848167	BANC_888:720575941596848167	BANC888	is_a	zone F Johnston organ neuron	
720575941596848320	BANC_888:720575941596848320	BANC888	is_a	T5c neuron	
720575941596848576	BANC_888:720575941596848576	BANC888	is_a	adult optic lobe intrinsic neuron	
720575941596849265	BANC_888:720575941596849265	BANC888	is_a	lamina monopolar neuron L2	
720575941596849797	BANC_888:720575941596849797	BANC888	is_a	medulla intrinsic neuron Mi9	
720575941596850880	BANC_888:720575941596850880	BANC888	is_a	T4c neuron	
720575941596851237	BANC_888:720575941596851237	BANC888	is_a	adult optic lobe intrinsic neuron	
720575941596851648	BANC_888:720575941596851648	BANC888	is_a	T4c neuron	
720575941596851904	BANC_888:720575941596851904	BANC888	is_a	T5c neuron	
720575941596854565	BANC_888:720575941596854565	BANC888	is_a	adult optic lobe intrinsic neuron	
720575941596855077	BANC_888:720575941596855077	BANC888	is_a	adult lobula intrinsic neuron Li20	FlyBase:FBrf0262545
720575941596856453	BANC_888:720575941596856453	BANC888	is_a	lobula columnar neuron LC10a	
720575941596857500	BANC_888:720575941596857500	BANC888	is_a	adult medulla visual projection neuron MeVP1	FlyBase:FBrf0262545
720575941596858407	BANC_888:720575941596858407	BANC888	is_a	adult optic lobe intrinsic neuron	
720575941596859505	BANC_888:720575941596859505	BANC888	is_a	adult optic lobe intrinsic neuron	
720575941596859687	BANC_888:720575941596859687	BANC888	is_a	adult optic lobe intrinsic neuron	
720575941596859941	BANC_888:720575941596859941	BANC888	is_a	adult optic lobe intrinsic neuron	
720575941596860199	BANC_888:720575941596860199	BANC888	is_a	adult optic lobe intrinsic neuron	
720575941596860549	BANC_888:720575941596860549	BANC888	is_a	centrifugal neuron C2	
720575941596861573	BANC_888:720575941596861573	BANC888	is_a	adult optic lobe intrinsic neuron	
720575941596862144	BANC_888:720575941596862144	BANC888	is_a	medulla intrinsic neuron Mi4	
720575941596862577	BANC_888:720575941596862577	BANC888	is_a	Y neuron Y12	
720575941596862597	BANC_888:720575941596862597	BANC888	is_a	lobula columnar neuron LC10d	
720575941596862833	BANC_888:720575941596862833	BANC888	is_a	adult optic lobe intrinsic neuron	
720575941596863857	BANC_888:720575941596863857	BANC888	is_a	medulla intrinsic neuron Mi4	
720575941596864805	BANC_888:720575941596864805	BANC888	is_a	T4c neuron	
720575941596864924	BANC_888:720575941596864924	BANC888	is_a	adult anterior optic tubercle neuron 044	
720575941596865137	BANC_888:720575941596865137	BANC888	is_a	adult medulla-tubercle neuron 1	
720575941596865575	BANC_888:720575941596865575	BANC888	is_a	lamina monopolar neuron L2	
720575941596866161	BANC_888:720575941596866161	BANC888	is_a	lamina monopolar neuron L1	
720575941596867623	BANC_888:720575941596867623	BANC888	is_a	adult superior medial protocerebrum neuron 246	
720575941596869233	BANC_888:720575941596869233	BANC888	is_a	adult superior medial protocerebrum neuron 003	
720575941596869824	BANC_888:720575941596869824	BANC888	is_a	adult optic lobe intrinsic neuron	
720575941596871975	BANC_888:720575941596871975	BANC888	is_a	adult CB0016 neuron	
720575941596872325	BANC_888:720575941596872325	BANC888	is_a	adult antler neuron 037	
720575941596873152	BANC_888:720575941596873152	BANC888	is_a	T5a neuron	
720575941596875889	BANC_888:720575941596875889	BANC888	is_a	adult anterior ventrolateral protocerebrum neuron 024	
720575941596876837	BANC_888:720575941596876837	BANC888	is_a	adult optic lobe intrinsic neuron	
720575941596877093	BANC_888:720575941596877093	BANC888	is_a	adult optic lobe intrinsic neuron	
720575941596878885	BANC_888:720575941596878885	BANC888	is_a	adult lobula columnar neuron LC34	
720575941596879729	BANC_888:720575941596879729	BANC888	is_a	adult olfactory receptor neuron Or2a	
720575941596879909	BANC_888:720575941596879909	BANC888	is_a	medulla intrinsic neuron Mi4	
720575941596880773	BANC_888:720575941596880773	BANC888	is_a	columnar neuron T1	
720575941596881009	BANC_888:720575941596881009	BANC888	is_a	adult posterior slope neuron 106	
720575941596881703	BANC_888:720575941596881703	BANC888	is_a	descending neuron of the gnathal ganglion DNg06	
720575941596882981	BANC_888:720575941596882981	BANC888	is_a	adult lobula visual centrifugal neuron LoVCLo2	
720575941596883825	BANC_888:720575941596883825	BANC888	is_a	adult multiglomerular antennal lobe projection neuron type 25 lvPN	
720575941596885873	BANC_888:720575941596885873	BANC888	is_a	adult posterior lateral protocerebrum neuron 231	
720575941596886053	BANC_888:720575941596886053	BANC888	is_a	adult optic lobe intrinsic neuron	
720575941596886464	BANC_888:720575941596886464	BANC888	is_a	transmedullary neuron Tm2	
720575941596887591	BANC_888:720575941596887591	BANC888	is_a	medulla intrinsic neuron Mi10	
720575941596887847	BANC_888:720575941596887847	BANC888	is_a	adult optic lobe intrinsic neuron	
720575941596888101	BANC_888:720575941596888101	BANC888	is_a	adult optic lobe intrinsic neuron	
720575941596891249	BANC_888:720575941596891249	BANC888	is_a	adult CB2131 neuron	
720575941596892709	BANC_888:720575941596892709	BANC888	is_a	adult optic lobe intrinsic neuron	
720575941596893809	BANC_888:720575941596893809	BANC888	is_a	adult wedge neuron 038	
720575941596894503	BANC_888:720575941596894503	BANC888	is_a	adult optic lobe intrinsic neuron	
720575941596895857	BANC_888:720575941596895857	BANC888	is_a	adult posterior ventrolateral protocerebrum neuron 004	
720575941596898181	BANC_888:720575941596898181	BANC888	is_a	adult optic lobe intrinsic neuron	
720575941596898341	BANC_888:720575941596898341	BANC888	is_a	adult optic lobe intrinsic neuron	
720575941596898673	BANC_888:720575941596898673	BANC888	is_a	adult clamp neuron 081	
720575941596900465	BANC_888:720575941596900465	BANC888	is_a	adult fan-shaped body layer 6 neuron of CP2 lineage	
720575941596900901	BANC_888:720575941596900901	BANC888	is_a	adult optic lobe intrinsic neuron	
720575941596901157	BANC_888:720575941596901157	BANC888	is_a	adult Li34 neuron	FlyBase:FBrf0262545
720575941596901509	BANC_888:720575941596901509	BANC888	is_a	adult optic lobe intrinsic neuron	
720575941596902044	BANC_888:720575941596902044	BANC888	is_a	adult lateral accessory lobe neuron 096	
720575941596902592	BANC_888:720575941596902592	BANC888	is_a	T5c neuron	
720575941596904305	BANC_888:720575941596904305	BANC888	is_a	adult CB2250 neuron	
720575941596904561	BANC_888:720575941596904561	BANC888	is_a	adult posterior slope neuron 005	
720575941596904741	BANC_888:720575941596904741	BANC888	is_a	adult optic lobe intrinsic neuron	
720575941596904997	BANC_888:720575941596904997	BANC888	is_a	adult optic lobe intrinsic neuron	
720575941596905093	BANC_888:720575941596905093	BANC888	is_a	adult posterior lateral protocerebrum neuron 042	
720575941596905255	BANC_888:720575941596905255	BANC888	is_a	adult CB3252 neuron	
720575941596905329	BANC_888:720575941596905329	BANC888	is_a	dopaminergic PAM neuron 6	
720575941596906353	BANC_888:720575941596906353	BANC888	is_a	adult CB1588 neuron	
720575941596906789	BANC_888:720575941596906789	BANC888	is_a	adult optic lobe intrinsic neuron	
720575941596908069	BANC_888:720575941596908069	BANC888	is_a	distal medullary amacrine neuron Dm2	
720575941596908992	BANC_888:720575941596908992	BANC888	is_a	transmedullary neuron Tm9	
720575941596910705	BANC_888:720575941596910705	BANC888	is_a	adult CB1617 neuron	
720575941596911749	BANC_888:720575941596911749	BANC888	is_a	adult optic lobe intrinsic neuron	
720575941596911772	BANC_888:720575941596911772	BANC888	is_a	adult optic lobe intrinsic neuron	
720575941596912241	BANC_888:720575941596912241	BANC888	is_a	dopaminergic PAM neuron 1	
720575941596912497	BANC_888:720575941596912497	BANC888	is_a	adult fan-shaped body 1 column-superior medial protocerebrum neuron	FlyBase:FBrf0246888
720575941596916337	BANC_888:720575941596916337	BANC888	is_a	adult CB1934 neuron	
720575941596916672	BANC_888:720575941596916672	BANC888	is_a	T3 neuron	
720575941596917541	BANC_888:720575941596917541	BANC888	is_a	lamina monopolar neuron L5	
720575941596917873	BANC_888:720575941596917873	BANC888	is_a	adult anterior ventrolateral protocerebrum neuron 502	
720575941596917952	BANC_888:720575941596917952	BANC888	is_a	T2 neuron	
720575941596919488	BANC_888:720575941596919488	BANC888	is_a	T4d neuron	
720575941596922663	BANC_888:720575941596922663	BANC888	is_a	transmedullary Y neuron TmY5a	
720575941596922737	BANC_888:720575941596922737	BANC888	is_a	adult lateral horn AV5a2 neuron	
720575941596925991	BANC_888:720575941596925991	BANC888	is_a	adult optic lobe intrinsic neuron	
720575941596926853	BANC_888:720575941596926853	BANC888	is_a	lobula-lobula plate columnar neuron LLPC3	
720575941596927132	BANC_888:720575941596927132	BANC888	is_a	adult optic lobe intrinsic neuron	
720575941596928389	BANC_888:720575941596928389	BANC888	is_a	adult optic lobe intrinsic neuron	
720575941596930599	BANC_888:720575941596930599	BANC888	is_a	adult optic lobe intrinsic neuron	
720575941596931879	BANC_888:720575941596931879	BANC888	is_a	adult anterior optic tubercle neuron 041	
720575941596932485	BANC_888:720575941596932485	BANC888	is_a	adult olfactory receptor neuron Or56a	
720575941596933159	BANC_888:720575941596933159	BANC888	is_a	adult optic lobe intrinsic neuron	
720575941596933312	BANC_888:720575941596933312	BANC888	is_a	T3 neuron	
720575941596939303	BANC_888:720575941596939303	BANC888	is_a	adult optic lobe intrinsic neuron	
720575941596939815	BANC_888:720575941596939815	BANC888	is_a	adult optic lobe intrinsic neuron	
720575941596942725	BANC_888:720575941596942725	BANC888	is_a	adult optic lobe intrinsic neuron	
720575941596944517	BANC_888:720575941596944517	BANC888	is_a	adult medulla-tubercle neuron 1	
720575941596944935	BANC_888:720575941596944935	BANC888	is_a	accessory medulla neuron aMe12	
720575941596947845	BANC_888:720575941596947845	BANC888	is_a	transmedullary neuron Tm2	
720575941596949361	BANC_888:720575941596949361	BANC888	is_a	transmedullary Y neuron TmY9	
720575941596955292	BANC_888:720575941596955292	BANC888	is_a	medulla intrinsic neuron Mi1	
720575941596955761	BANC_888:720575941596955761	BANC888	is_a	medulla intrinsic neuron Mi9	
720575941596956529	BANC_888:720575941596956529	BANC888	is_a	T5d neuron	
720575941596957809	BANC_888:720575941596957809	BANC888	is_a	adult optic lobe intrinsic neuron	
720575941596958085	BANC_888:720575941596958085	BANC888	is_a	adult optic lobe intrinsic neuron	
720575941596959857	BANC_888:720575941596959857	BANC888	is_a	adult optic lobe intrinsic neuron	
720575941596960133	BANC_888:720575941596960133	BANC888	is_a	adult optic lobe intrinsic neuron	
720575941596965927	BANC_888:720575941596965927	BANC888	is_a	adult optic lobe intrinsic neuron	
720575941596966848	BANC_888:720575941596966848	BANC888	is_a	lobula columnar neuron LC12	
720575941596968348	BANC_888:720575941596968348	BANC888	is_a	medulla intrinsic neuron Mi15	
720575941596974375	BANC_888:720575941596974375	BANC888	is_a	adult optic lobe intrinsic neuron	
720575941596975004	BANC_888:720575941596975004	BANC888	is_a	adult optic lobe intrinsic neuron	
720575941596976028	BANC_888:720575941596976028	BANC888	is_a	distal medullary amacrine neuron Dm8b	
720575941596976517	BANC_888:720575941596976517	BANC888	is_a	columnar neuron T1	
720575941596977308	BANC_888:720575941596977308	BANC888	is_a	distal medullary amacrine neuron Dm3b	FlyBase:FBrf0262545
720575941596977447	BANC_888:720575941596977447	BANC888	is_a	adult optic lobe intrinsic neuron	
720575941596978076	BANC_888:720575941596978076	BANC888	is_a	adult medulla-lobula neuron MeLo14	FlyBase:FBrf0262545
720575941596979057	BANC_888:720575941596979057	BANC888	is_a	adult optic lobe intrinsic neuron	
720575941596979239	BANC_888:720575941596979239	BANC888	is_a	descending neuron of the posterior brain DNpe054	
720575941596980081	BANC_888:720575941596980081	BANC888	is_a	adult optic lobe intrinsic neuron	
720575941596981873	BANC_888:720575941596981873	BANC888	is_a	T4c neuron	
720575941596982464	BANC_888:720575941596982464	BANC888	is_a	transmedullary neuron Tm6	FlyBase:FBrf0262545
720575941596983232	BANC_888:720575941596983232	BANC888	is_a	lobula columnar neuron LC12	
720575941596984359	BANC_888:720575941596984359	BANC888	is_a	adult optic lobe intrinsic neuron	
720575941596985244	BANC_888:720575941596985244	BANC888	is_a	distal medullary amacrine neuron Dm3c	FlyBase:FBrf0262545
720575941596986268	BANC_888:720575941596986268	BANC888	is_a	adult optic lobe intrinsic neuron	
720575941596992625	BANC_888:720575941596992625	BANC888	is_a	adult optic lobe intrinsic neuron	
720575941596993905	BANC_888:720575941596993905	BANC888	is_a	T2a neuron	
720575941596994460	BANC_888:720575941596994460	BANC888	is_a	medulla intrinsic neuron Mi13	
720575941596997927	BANC_888:720575941596997927	BANC888	is_a	adult optic lobe intrinsic neuron	
720575941596999207	BANC_888:720575941596999207	BANC888	is_a	adult optic lobe intrinsic neuron	
720575941596999463	BANC_888:720575941596999463	BANC888	is_a	adult optic lobe intrinsic neuron	
720575941597006449	BANC_888:720575941597006449	BANC888	is_a	adult SNch05 neuron	
720575941597007985	BANC_888:720575941597007985	BANC888	is_a	lamina monopolar neuron L2	
720575941597013287	BANC_888:720575941597013287	BANC888	is_a	adult optic lobe intrinsic neuron	
720575941597017201	BANC_888:720575941597017201	BANC888	is_a	lamina monopolar neuron L5	
720575941597017244	BANC_888:720575941597017244	BANC888	is_a	T4b neuron	
720575941597018151	BANC_888:720575941597018151	BANC888	is_a	adult central medulla neuron Cm11	FlyBase:FBrf0262545
720575941597019431	BANC_888:720575941597019431	BANC888	is_a	adult medulla-lobula neuron MeLo14	FlyBase:FBrf0262545
720575941597019761	BANC_888:720575941597019761	BANC888	is_a	adult optic lobe intrinsic neuron	
720575941597020017	BANC_888:720575941597020017	BANC888	is_a	adult optic lobe intrinsic neuron	
720575941597023345	BANC_888:720575941597023345	BANC888	is_a	transmedullary Y neuron TmY20	
720575941597023783	BANC_888:720575941597023783	BANC888	is_a	adult optic lobe intrinsic neuron	
720575941597025063	BANC_888:720575941597025063	BANC888	is_a	adult optic lobe intrinsic neuron	
720575941597026460	BANC_888:720575941597026460	BANC888	is_a	adult optic lobe intrinsic neuron	
720575941597026599	BANC_888:720575941597026599	BANC888	is_a	translobula plate neuron Tlp5	
720575941597027264	BANC_888:720575941597027264	BANC888	is_a	T4d neuron	
720575941597027996	BANC_888:720575941597027996	BANC888	is_a	T4b neuron	
720575941597030513	BANC_888:720575941597030513	BANC888	is_a	T2 neuron	
720575941597031025	BANC_888:720575941597031025	BANC888	is_a	transmedullary neuron Tm3	
720575941597033116	BANC_888:720575941597033116	BANC888	is_a	adult SNta37 neuron	
720575941597033255	BANC_888:720575941597033255	BANC888	is_a	adult optic lobe intrinsic neuron	
720575941597033511	BANC_888:720575941597033511	BANC888	is_a	adult optic lobe intrinsic neuron	
720575941597033767	BANC_888:720575941597033767	BANC888	is_a	adult optic lobe intrinsic neuron	
720575941597034353	BANC_888:720575941597034353	BANC888	is_a	transmedullary neuron Tm16	
720575941597035559	BANC_888:720575941597035559	BANC888	is_a	adult lobula tangential neuron LT39	
720575941597036145	BANC_888:720575941597036145	BANC888	is_a	transmedullary neuron Tm4	
720575941597038961	BANC_888:720575941597038961	BANC888	is_a	transmedullary neuron Tm4	
720575941597039040	BANC_888:720575941597039040	BANC888	is_a	T5d neuron	
720575941597039399	BANC_888:720575941597039399	BANC888	is_a	lamina monopolar neuron L3	
720575941597039729	BANC_888:720575941597039729	BANC888	is_a	T2 neuron	
720575941597041308	BANC_888:720575941597041308	BANC888	is_a	distal medullary amacrine neuron Dm3b	FlyBase:FBrf0262545
720575941597041600	BANC_888:720575941597041600	BANC888	is_a	distal medullary amacrine neuron Dm8b	
720575941597042309	BANC_888:720575941597042309	BANC888	is_a	zone B Johnston organ neuron	
720575941597042565	BANC_888:720575941597042565	BANC888	is_a	zone B Johnston organ neuron	
720575941597043100	BANC_888:720575941597043100	BANC888	is_a	transmedullary neuron Tm20	
720575941597046149	BANC_888:720575941597046149	BANC888	is_a	lamina monopolar neuron L1	
720575941597049127	BANC_888:720575941597049127	BANC888	is_a	medulla intrinsic neuron Mi1	
720575941597050481	BANC_888:720575941597050481	BANC888	is_a	lobula columnar neuron LC17	
720575941597050663	BANC_888:720575941597050663	BANC888	is_a	T5a neuron	
720575941597051761	BANC_888:720575941597051761	BANC888	is_a	adult DNxn177 neuron	
720575941597052572	BANC_888:720575941597052572	BANC888	is_a	transmedullary neuron Tm6	FlyBase:FBrf0262545
720575941597053596	BANC_888:720575941597053596	BANC888	is_a	transmedullary Y neuron TmY5a	
720575941597054577	BANC_888:720575941597054577	BANC888	is_a	lamina monopolar neuron L1	
720575941597055089	BANC_888:720575941597055089	BANC888	is_a	adult optic lobe intrinsic neuron	
720575941597055132	BANC_888:720575941597055132	BANC888	is_a	columnar neuron T1	
720575941597055168	BANC_888:720575941597055168	BANC888	is_a	adult tubercle-bulb neuron 08	
720575941597055783	BANC_888:720575941597055783	BANC888	is_a	transmedullary neuron Tm3	
720575941597055900	BANC_888:720575941597055900	BANC888	is_a	medulla intrinsic neuron Mi9	
720575941597056625	BANC_888:720575941597056625	BANC888	is_a	adult optic lobe intrinsic neuron	
720575941597056881	BANC_888:720575941597056881	BANC888	is_a	transmedullary neuron Tm2	
720575941597057393	BANC_888:720575941597057393	BANC888	is_a	lamina monopolar neuron L1	
720575941597057436	BANC_888:720575941597057436	BANC888	is_a	T2 neuron	
720575941597057728	BANC_888:720575941597057728	BANC888	is_a	centrifugal neuron C2	
720575941597058417	BANC_888:720575941597058417	BANC888	is_a	adult optic lobe intrinsic neuron	
720575941597058972	BANC_888:720575941597058972	BANC888	is_a	T5a neuron	
720575941597059697	BANC_888:720575941597059697	BANC888	is_a	adult optic lobe intrinsic neuron	
720575941597059996	BANC_888:720575941597059996	BANC888	is_a	photoreceptor cell R7	
720575941597060209	BANC_888:720575941597060209	BANC888	is_a	medulla intrinsic neuron Mi9	
720575941597060391	BANC_888:720575941597060391	BANC888	is_a	distal medullary amacrine neuron Dm2	
720575941597063207	BANC_888:720575941597063207	BANC888	is_a	adult CB1601 neuron	
720575941597065329	BANC_888:720575941597065329	BANC888	is_a	adult optic lobe intrinsic neuron	
720575941597065511	BANC_888:720575941597065511	BANC888	is_a	adult medulla-lobula neuron MeLo9	FlyBase:FBrf0262545
720575941597066279	BANC_888:720575941597066279	BANC888	is_a	transmedullary Y neuron TmY9	
720575941597069169	BANC_888:720575941597069169	BANC888	is_a	adult optic lobe intrinsic neuron	
720575941597070119	BANC_888:720575941597070119	BANC888	is_a	medulla intrinsic neuron Mi1	
720575941597071808	BANC_888:720575941597071808	BANC888	is_a	adult lobula visual projection neuron LoVP33	FlyBase:FBrf0262545
720575941597071911	BANC_888:720575941597071911	BANC888	is_a	medulla intrinsic neuron Mi1	
720575941597072167	BANC_888:720575941597072167	BANC888	is_a	adult optic lobe intrinsic neuron	
720575941597076869	BANC_888:720575941597076869	BANC888	is_a	lamina monopolar neuron L2	
720575941597077893	BANC_888:720575941597077893	BANC888	is_a	lamina monopolar neuron L2	
720575941597079409	BANC_888:720575941597079409	BANC888	is_a	distal medullary amacrine neuron Dm3c	FlyBase:FBrf0262545
720575941597080197	BANC_888:720575941597080197	BANC888	is_a	lamina monopolar neuron L1	
720575941597081969	BANC_888:720575941597081969	BANC888	is_a	adult optic lobe intrinsic neuron	
720575941597082151	BANC_888:720575941597082151	BANC888	is_a	adult visual centrifugal neuron OLVC1	
720575941597083431	BANC_888:720575941597083431	BANC888	is_a	transmedullary neuron Tm8	
720575941597086759	BANC_888:720575941597086759	BANC888	is_a	adult optic lobe intrinsic neuron	
720575941597087621	BANC_888:720575941597087621	BANC888	is_a	lamina monopolar neuron L1	
720575941597088551	BANC_888:720575941597088551	BANC888	is_a	lamina monopolar neuron L3	
720575941597088807	BANC_888:720575941597088807	BANC888	is_a	distal medullary amacrine neuron Dm19	
720575941597088881	BANC_888:720575941597088881	BANC888	is_a	adult CB1207 neuron	
720575941597089137	BANC_888:720575941597089137	BANC888	is_a	descending neuron of the gnathal ganglion DNg01	
720575941597089575	BANC_888:720575941597089575	BANC888	is_a	adult optic lobe intrinsic neuron	
720575941597091441	BANC_888:720575941597091441	BANC888	is_a	adult SNta20 neuron	
720575941597091879	BANC_888:720575941597091879	BANC888	is_a	transmedullary neuron Tm3	
720575941597092135	BANC_888:720575941597092135	BANC888	is_a	adult optic lobe intrinsic neuron	
720575941597093415	BANC_888:720575941597093415	BANC888	is_a	adult optic lobe intrinsic neuron	
720575941597094257	BANC_888:720575941597094257	BANC888	is_a	transmedullary neuron Tm2	
720575941597094300	BANC_888:720575941597094300	BANC888	is_a	T4d neuron	
720575941597094695	BANC_888:720575941597094695	BANC888	is_a	adult optic lobe intrinsic neuron	
720575941597095281	BANC_888:720575941597095281	BANC888	is_a	adult optic lobe intrinsic neuron	
720575941597095463	BANC_888:720575941597095463	BANC888	is_a	medulla intrinsic neuron Mi1	
720575941597096231	BANC_888:720575941597096231	BANC888	is_a	adult optic lobe intrinsic neuron	
720575941597097605	BANC_888:720575941597097605	BANC888	is_a	lamina monopolar neuron L4	
720575941597097861	BANC_888:720575941597097861	BANC888	is_a	lamina monopolar neuron L4	
720575941597098885	BANC_888:720575941597098885	BANC888	is_a	columnar neuron T1	
720575941597099676	BANC_888:720575941597099676	BANC888	is_a	adult optic lobe intrinsic neuron	
720575941597101189	BANC_888:720575941597101189	BANC888	is_a	distal medullary amacrine neuron Dm11	
720575941597101701	BANC_888:720575941597101701	BANC888	is_a	mechanosensory neuron of hair plate	
720575941597102961	BANC_888:720575941597102961	BANC888	is_a	adult central brain intrinsic neuron	
720575941597103493	BANC_888:720575941597103493	BANC888	is_a	photoreceptor cell R8	
720575941597106588	BANC_888:720575941597106588	BANC888	is_a	transmedullary neuron Tm2	
720575941597111921	BANC_888:720575941597111921	BANC888	is_a	transmedullary neuron Tm2	
720575941597113457	BANC_888:720575941597113457	BANC888	is_a	adult optic lobe intrinsic neuron	
720575941597113969	BANC_888:720575941597113969	BANC888	is_a	adult optic lobe intrinsic neuron	
720575941597115761	BANC_888:720575941597115761	BANC888	is_a	adult optic lobe intrinsic neuron	
720575941597121905	BANC_888:720575941597121905	BANC888	is_a	adult optic lobe intrinsic neuron	
720575941597123264	BANC_888:720575941597123264	BANC888	is_a	gamma main Kenyon cell	
720575941597123697	BANC_888:720575941597123697	BANC888	is_a	adult optic lobe intrinsic neuron	
720575941597128069	BANC_888:720575941597128069	BANC888	is_a	lamina monopolar neuron L2	
720575941597131909	BANC_888:720575941597131909	BANC888	is_a	photoreceptor cell R7	
720575941597132657	BANC_888:720575941597132657	BANC888	is_a	adult optic lobe intrinsic neuron	
720575941597136753	BANC_888:720575941597136753	BANC888	is_a	medulla intrinsic neuron Mi1	
720575941597137265	BANC_888:720575941597137265	BANC888	is_a	adult optic lobe intrinsic neuron	
720575941597140849	BANC_888:720575941597140849	BANC888	is_a	adult Li34 neuron	FlyBase:FBrf0262545
720575941597142385	BANC_888:720575941597142385	BANC888	is_a	metathoracic leg taste bristle chemosensory neuron	
720575941597143452	BANC_888:720575941597143452	BANC888	is_a	zone F Johnston organ neuron	
720575941597144965	BANC_888:720575941597144965	BANC888	is_a	lamina monopolar neuron L4	
720575941597145457	BANC_888:720575941597145457	BANC888	is_a	adult optic lobe intrinsic neuron	
720575941597147761	BANC_888:720575941597147761	BANC888	is_a	adult optic lobe intrinsic neuron	
720575941597148529	BANC_888:720575941597148529	BANC888	is_a	adult optic lobe intrinsic neuron	
720575941597148864	BANC_888:720575941597148864	BANC888	is_a	T5b neuron	
720575941597149376	BANC_888:720575941597149376	BANC888	is_a	adult IN06B040 neuron	
720575941597150364	BANC_888:720575941597150364	BANC888	is_a	sensory neuron of haltere campaniform sensillum	
720575941597154752	BANC_888:720575941597154752	BANC888	is_a	distal medullary amacrine neuron Dm3b	FlyBase:FBrf0262545
720575941597155520	BANC_888:720575941597155520	BANC888	is_a	transmedullary neuron Tm6	FlyBase:FBrf0262545
720575941597158001	BANC_888:720575941597158001	BANC888	is_a	lamina monopolar neuron L5	
720575941597162944	BANC_888:720575941597162944	BANC888	is_a	proximal medullary amacrine neuron Pm2	FlyBase:FBrf0262545
720575941597164480	BANC_888:720575941597164480	BANC888	is_a	transmedullary neuron Tm9	
720575941597167217	BANC_888:720575941597167217	BANC888	is_a	adult optic lobe intrinsic neuron	
720575941597169541	BANC_888:720575941597169541	BANC888	is_a	adult SNta21 neuron	
720575941597171569	BANC_888:720575941597171569	BANC888	is_a	adult posterior lateral protocerebrum neuron 150	
720575941597172124	BANC_888:720575941597172124	BANC888	is_a	centrifugal neuron C3	
720575941597172160	BANC_888:720575941597172160	BANC888	is_a	distal medullary amacrine neuron Dm3a	FlyBase:FBrf0262545
720575941597172593	BANC_888:720575941597172593	BANC888	is_a	lamina monopolar neuron L2	
720575941597172928	BANC_888:720575941597172928	BANC888	is_a	distal medullary amacrine neuron Dm3c	FlyBase:FBrf0262545
720575941597173105	BANC_888:720575941597173105	BANC888	is_a	adult wedge neuron 024	
720575941597173440	BANC_888:720575941597173440	BANC888	is_a	adult optic lobe intrinsic neuron	
720575941597174129	BANC_888:720575941597174129	BANC888	is_a	adult optic lobe intrinsic neuron	
720575941597176988	BANC_888:720575941597176988	BANC888	is_a	T4d neuron	
720575941597177733	BANC_888:720575941597177733	BANC888	is_a	lamina monopolar neuron L1	
720575941597182321	BANC_888:720575941597182321	BANC888	is_a	lamina monopolar neuron L2	
720575941597184881	BANC_888:720575941597184881	BANC888	is_a	adult CB3728 neuron	
720575941597185905	BANC_888:720575941597185905	BANC888	is_a	adult posterior lateral protocerebrum neuron 020	
720575941597186716	BANC_888:720575941597186716	BANC888	is_a	centrifugal neuron C2	
720575941597190336	BANC_888:720575941597190336	BANC888	is_a	adult optic lobe intrinsic neuron	
720575941597191281	BANC_888:720575941597191281	BANC888	is_a	adult optic lobe intrinsic neuron	
720575941597192049	BANC_888:720575941597192049	BANC888	is_a	photoreceptor cell R7	
720575941597193408	BANC_888:720575941597193408	BANC888	is_a	transmedullary neuron Tm16	
720575941597194097	BANC_888:720575941597194097	BANC888	is_a	adult CB3204 neuron	
720575941597194353	BANC_888:720575941597194353	BANC888	is_a	adult optic lobe intrinsic neuron	
720575941597197681	BANC_888:720575941597197681	BANC888	is_a	lamina monopolar neuron L5	
720575941597198449	BANC_888:720575941597198449	BANC888	is_a	transmedullary neuron Tm20	
720575941597198705	BANC_888:720575941597198705	BANC888	is_a	columnar neuron T1	
720575941597202309	BANC_888:720575941597202309	BANC888	is_a	adult optic lobe intrinsic neuron	
720575941597203057	BANC_888:720575941597203057	BANC888	is_a	adult superior intermediate protocerebrum neuron 014	
720575941597204593	BANC_888:720575941597204593	BANC888	is_a	adult contralateral medulla LC14 neuron	
720575941597207665	BANC_888:720575941597207665	BANC888	is_a	adult optic lobe intrinsic neuron	
720575941597208945	BANC_888:720575941597208945	BANC888	is_a	adult SNta21 neuron	
720575941597209733	BANC_888:720575941597209733	BANC888	is_a	adult fan-shaped body vertical delta neuron	
720575941597212017	BANC_888:720575941597212017	BANC888	is_a	adult CB0345 neuron	
720575941597212293	BANC_888:720575941597212293	BANC888	is_a	lamina monopolar neuron L4	
720575941597212529	BANC_888:720575941597212529	BANC888	is_a	adult lobula columnar neuron LC29	
720575941597212549	BANC_888:720575941597212549	BANC888	is_a	lamina monopolar neuron L1	
720575941597212785	BANC_888:720575941597212785	BANC888	is_a	lamina monopolar neuron L2	
720575941597214577	BANC_888:720575941597214577	BANC888	is_a	adult CB0942 neuron	
720575941597215424	BANC_888:720575941597215424	BANC888	is_a	transmedullary neuron Tm9	
720575941597215877	BANC_888:720575941597215877	BANC888	is_a	adult optic lobe intrinsic neuron	
720575941597215900	BANC_888:720575941597215900	BANC888	is_a	adult Kenyon cell	
720575941597216881	BANC_888:720575941597216881	BANC888	is_a	adult IN01A048 neuron	
720575941597218496	BANC_888:720575941597218496	BANC888	is_a	T3 neuron	
720575941597220288	BANC_888:720575941597220288	BANC888	is_a	adult optic lobe intrinsic neuron	
720575941597220465	BANC_888:720575941597220465	BANC888	is_a	adult CB3425 neuron	
720575941597222001	BANC_888:720575941597222001	BANC888	is_a	adult superior intermediate protocerebrum neuron 088	
720575941597223025	BANC_888:720575941597223025	BANC888	is_a	adult antennal lobe local neuron lLN2T	
720575941597223537	BANC_888:720575941597223537	BANC888	is_a	transmedullary neuron Tm3	
720575941597227889	BANC_888:720575941597227889	BANC888	is_a	adult optic lobe intrinsic neuron	
720575941597238129	BANC_888:720575941597238129	BANC888	is_a	T2a neuron	
720575941597239173	BANC_888:720575941597239173	BANC888	is_a	transmedullary Y neuron TmY5a	
720575941597239964	BANC_888:720575941597239964	BANC888	is_a	adult tubercle-bulb neuron 08	
720575941597241792	BANC_888:720575941597241792	BANC888	is_a	medulla intrinsic neuron Mi4	
720575941597242481	BANC_888:720575941597242481	BANC888	is_a	transmedullary neuron Tm31	FlyBase:FBrf0262545
720575941597244864	BANC_888:720575941597244864	BANC888	is_a	adult optic lobe intrinsic neuron	
720575941597245041	BANC_888:720575941597245041	BANC888	is_a	adult IN04B064 neuron	
720575941597251520	BANC_888:720575941597251520	BANC888	is_a	adult optic lobe intrinsic neuron	
720575941597252721	BANC_888:720575941597252721	BANC888	is_a	adult superior medial protocerebrum neuron 342	
720575941597253020	BANC_888:720575941597253020	BANC888	is_a	transmedullary neuron Tm1	
720575941597257841	BANC_888:720575941597257841	BANC888	is_a	adult olfactory receptor neuron Or83c	
720575941597265600	BANC_888:720575941597265600	BANC888	is_a	adult optic lobe intrinsic neuron	
720575941597267057	BANC_888:720575941597267057	BANC888	is_a	lamina monopolar neuron L5	
720575941597267356	BANC_888:720575941597267356	BANC888	is_a	tpn motor neuron	
720575941597268124	BANC_888:720575941597268124	BANC888	is_a	adult IN20A.22A061 neuron	
720575941597268849	BANC_888:720575941597268849	BANC888	is_a	adult optic lobe intrinsic neuron	
720575941597270720	BANC_888:720575941597270720	BANC888	is_a	adult abdominal multidendritic neuron	
720575941597271196	BANC_888:720575941597271196	BANC888	is_a	adult IN01A058 neuron	
720575941597275505	BANC_888:720575941597275505	BANC888	is_a	adult olfactory receptor neuron Or67d	
720575941597278144	BANC_888:720575941597278144	BANC888	is_a	medulla intrinsic neuron Mi1	
720575941597279168	BANC_888:720575941597279168	BANC888	is_a	adult SNta45 neuron	
720575941597279345	BANC_888:720575941597279345	BANC888	is_a	adult optic lobe intrinsic neuron	
720575941597280625	BANC_888:720575941597280625	BANC888	is_a	adult optic lobe intrinsic neuron	
720575941597283973	BANC_888:720575941597283973	BANC888	is_a	adult accessory medulla neuron aMe2	
720575941597285788	BANC_888:720575941597285788	BANC888	is_a	adult IN21A047 neuron	
720575941597285824	BANC_888:720575941597285824	BANC888	is_a	adult optic lobe intrinsic neuron	
720575941597286080	BANC_888:720575941597286080	BANC888	is_a	adult optic lobe intrinsic neuron	
720575941597293724	BANC_888:720575941597293724	BANC888	is_a	adult AN07B042 neuron	
720575941597294272	BANC_888:720575941597294272	BANC888	is_a	distal medullary amacrine neuron Dm15	
720575941597298880	BANC_888:720575941597298880	BANC888	is_a	transmedullary neuron Tm9	
720575941597300357	BANC_888:720575941597300357	BANC888	is_a	adult CB2108 neuron	
720575941597302129	BANC_888:720575941597302129	BANC888	is_a	adult optic lobe intrinsic neuron	
720575941597303685	BANC_888:720575941597303685	BANC888	is_a	adult CB2237 neuron	
720575941597304512	BANC_888:720575941597304512	BANC888	is_a	transmedullary neuron Tm6	FlyBase:FBrf0262545
720575941597304768	BANC_888:720575941597304768	BANC888	is_a	adult medulla visual projection neuron MeVP2	FlyBase:FBrf0262545
720575941597306245	BANC_888:720575941597306245	BANC888	is_a	adult interneuron	
720575941597309829	BANC_888:720575941597309829	BANC888	is_a	adult CB2339 neuron	
720575941597312369	BANC_888:720575941597312369	BANC888	is_a	adult optic lobe intrinsic neuron	
720575941597312389	BANC_888:720575941597312389	BANC888	is_a	adult IN23B031 neuron	
720575941597314716	BANC_888:720575941597314716	BANC888	is_a	adult IN12B037 neuron	
720575941597314949	BANC_888:720575941597314949	BANC888	is_a	adult CB2584 neuron	
720575941597315441	BANC_888:720575941597315441	BANC888	is_a	adult optic lobe intrinsic neuron	
720575941597315461	BANC_888:720575941597315461	BANC888	is_a	adult CB1508 neuron	
720575941597315717	BANC_888:720575941597315717	BANC888	is_a	adult anterior ventrolateral protocerebrum neuron 584	
720575941597317745	BANC_888:720575941597317745	BANC888	is_a	adult optic lobe intrinsic neuron	
720575941597320325	BANC_888:720575941597320325	BANC888	is_a	lamina wide-field 2 neuron	
720575941597320837	BANC_888:720575941597320837	BANC888	is_a	adult CB2782 neuron	
720575941597324736	BANC_888:720575941597324736	BANC888	is_a	adult prosternal chordotonal organ neuron	
720575941597328753	BANC_888:720575941597328753	BANC888	is_a	adult optic lobe intrinsic neuron	
720575941597328773	BANC_888:720575941597328773	BANC888	is_a	adult lateral horn PV4c3 neuron	
720575941597333381	BANC_888:720575941597333381	BANC888	is_a	adult anterior ventrolateral protocerebrum neuron 347	
720575941597337536	BANC_888:720575941597337536	BANC888	is_a	T5c neuron	
720575941597339804	BANC_888:720575941597339804	BANC888	is_a	femoral chordotonal club neuron	
720575941597340316	BANC_888:720575941597340316	BANC888	is_a	adult CB1080 neuron	
720575941597343601	BANC_888:720575941597343601	BANC888	is_a	adult optic lobe intrinsic neuron	
720575941597344881	BANC_888:720575941597344881	BANC888	is_a	adult optic lobe intrinsic neuron	
720575941597345393	BANC_888:720575941597345393	BANC888	is_a	adult olfactory receptor neuron Or85a	
720575941597345692	BANC_888:720575941597345692	BANC888	is_a	adult DNfl017 neuron	
720575941597346161	BANC_888:720575941597346161	BANC888	is_a	visual projection neuron	
720575941597346693	BANC_888:720575941597346693	BANC888	is_a	adult CB1393 neuron	
720575941597352049	BANC_888:720575941597352049	BANC888	is_a	adult optic lobe intrinsic neuron	
720575941597362309	BANC_888:720575941597362309	BANC888	is_a	T2a neuron	
720575941597364357	BANC_888:720575941597364357	BANC888	is_a	lamina monopolar neuron L5	
720575941597364869	BANC_888:720575941597364869	BANC888	is_a	adult optic lobe intrinsic neuron	
720575941597366405	BANC_888:720575941597366405	BANC888	is_a	lamina monopolar neuron L5	
720575941597367409	BANC_888:720575941597367409	BANC888	is_a	adult optic lobe intrinsic neuron	
720575941597368433	BANC_888:720575941597368433	BANC888	is_a	adult lobula columnar neuron LC31b	
720575941597368732	BANC_888:720575941597368732	BANC888	is_a	mechanosensory neuron of hair plate	
720575941597370737	BANC_888:720575941597370737	BANC888	is_a	T5c neuron	
720575941597373573	BANC_888:720575941597373573	BANC888	is_a	adult optic lobe intrinsic neuron	
720575941597381745	BANC_888:720575941597381745	BANC888	is_a	octopaminergic VPM4 neuron	
720575941597382769	BANC_888:720575941597382769	BANC888	is_a	adult optic lobe intrinsic neuron	
720575941597389248	BANC_888:720575941597389248	BANC888	is_a	transmedullary neuron Tm9	
720575941597390469	BANC_888:720575941597390469	BANC888	is_a	transmedullary Y neuron TmY14	
720575941597391296	BANC_888:720575941597391296	BANC888	is_a	T5a neuron	
720575941597392320	BANC_888:720575941597392320	BANC888	is_a	centrifugal neuron C2	
720575941597393344	BANC_888:720575941597393344	BANC888	is_a	medulla intrinsic neuron Mi1	
720575941597393521	BANC_888:720575941597393521	BANC888	is_a	lamina monopolar neuron L2	
720575941597395648	BANC_888:720575941597395648	BANC888	is_a	T5c neuron	
720575941597396672	BANC_888:720575941597396672	BANC888	is_a	centrifugal neuron C2	
720575941597400453	BANC_888:720575941597400453	BANC888	is_a	adult optic lobe intrinsic neuron	
720575941597401457	BANC_888:720575941597401457	BANC888	is_a	adult optic lobe intrinsic neuron	
720575941597402737	BANC_888:720575941597402737	BANC888	is_a	adult optic lobe intrinsic neuron	
720575941597403505	BANC_888:720575941597403505	BANC888	is_a	distal medullary amacrine neuron Dm8b	
720575941597404273	BANC_888:720575941597404273	BANC888	is_a	adult optic lobe intrinsic neuron	
720575941597406065	BANC_888:720575941597406065	BANC888	is_a	lamina monopolar neuron L5	
720575941597410181	BANC_888:720575941597410181	BANC888	is_a	lamina monopolar neuron L2	
720575941597415025	BANC_888:720575941597415025	BANC888	is_a	lamina monopolar neuron L5	
720575941597415301	BANC_888:720575941597415301	BANC888	is_a	lamina monopolar neuron L4	
720575941597416049	BANC_888:720575941597416049	BANC888	is_a	adult optic lobe intrinsic neuron	
720575941597418629	BANC_888:720575941597418629	BANC888	is_a	transmedullary neuron Tm2	
720575941597421169	BANC_888:720575941597421169	BANC888	is_a	adult optic lobe intrinsic neuron	
720575941597421980	BANC_888:720575941597421980	BANC888	is_a	adult IN03A006 neuron	
720575941597425564	BANC_888:720575941597425564	BANC888	is_a	femoral chordotonal claw neuron	
720575941597428869	BANC_888:720575941597428869	BANC888	is_a	lobula columnar neuron LC12	
720575941597429125	BANC_888:720575941597429125	BANC888	is_a	medulla intrinsic neuron Mi9	
720575941597431685	BANC_888:720575941597431685	BANC888	is_a	lobula columnar neuron LC6	
720575941597431921	BANC_888:720575941597431921	BANC888	is_a	adult optic lobe intrinsic neuron	
720575941597437041	BANC_888:720575941597437041	BANC888	is_a	adult CB3151 neuron	
720575941597440113	BANC_888:720575941597440113	BANC888	is_a	adult optic lobe intrinsic neuron	
720575941597444209	BANC_888:720575941597444209	BANC888	is_a	adult optic lobe intrinsic neuron	
720575941597444544	BANC_888:720575941597444544	BANC888	is_a	adult optic lobe intrinsic neuron	
720575941597444977	BANC_888:720575941597444977	BANC888	is_a	adult optic lobe intrinsic neuron	
720575941597445253	BANC_888:720575941597445253	BANC888	is_a	adult optic lobe intrinsic neuron	
720575941597446001	BANC_888:720575941597446001	BANC888	is_a	adult posterior slope neuron 076	
720575941597446021	BANC_888:720575941597446021	BANC888	is_a	proximal medullary amacrine neuron Pm1	FlyBase:FBrf0262545
720575941597446769	BANC_888:720575941597446769	BANC888	is_a	adult optic lobe intrinsic neuron	
720575941597447537	BANC_888:720575941597447537	BANC888	is_a	lobula intrinsic neuron Li2	FlyBase:FBrf0262545
720575941597451377	BANC_888:720575941597451377	BANC888	is_a	adult superior medial protocerebrum neuron 021	
720575941597452421	BANC_888:720575941597452421	BANC888	is_a	adult optic lobe intrinsic neuron	
720575941597454449	BANC_888:720575941597454449	BANC888	is_a	adult optic lobe intrinsic neuron	
720575941597454961	BANC_888:720575941597454961	BANC888	is_a	distal medullary amacrine neuron Dm3a	FlyBase:FBrf0262545
720575941597456241	BANC_888:720575941597456241	BANC888	is_a	visual projection neuron	
720575941597456773	BANC_888:720575941597456773	BANC888	is_a	lamina monopolar neuron L2	
720575941597457564	BANC_888:720575941597457564	BANC888	is_a	adult cervical nerve neck motor neuron 4	
720575941597458801	BANC_888:720575941597458801	BANC888	is_a	adult optic lobe intrinsic neuron	
720575941597459569	BANC_888:720575941597459569	BANC888	is_a	medulla intrinsic neuron Mi1	
720575941597463409	BANC_888:720575941597463409	BANC888	is_a	T2 neuron	
720575941597463429	BANC_888:720575941597463429	BANC888	is_a	columnar neuron T1	
720575941597466737	BANC_888:720575941597466737	BANC888	is_a	adult optic lobe intrinsic neuron	
720575941597468572	BANC_888:720575941597468572	BANC888	is_a	gamma main Kenyon cell	
720575941597469317	BANC_888:720575941597469317	BANC888	is_a	visual projection neuron	
720575941597474417	BANC_888:720575941597474417	BANC888	is_a	photoreceptor cell R8	
720575941597475008	BANC_888:720575941597475008	BANC888	is_a	distal medullary amacrine neuron Dm3a	FlyBase:FBrf0262545
720575941597475973	BANC_888:720575941597475973	BANC888	is_a	lamina monopolar neuron L1	
720575941597477509	BANC_888:720575941597477509	BANC888	is_a	adult optic lobe intrinsic neuron	
720575941597478513	BANC_888:720575941597478513	BANC888	is_a	T4c neuron	
720575941597480581	BANC_888:720575941597480581	BANC888	is_a	lamina monopolar neuron L5	
720575941597481349	BANC_888:720575941597481349	BANC888	is_a	adult optic lobe intrinsic neuron	
720575941597484224	BANC_888:720575941597484224	BANC888	is_a	transmedullary neuron Tm6	FlyBase:FBrf0262545
720575941597487985	BANC_888:720575941597487985	BANC888	is_a	adult optic lobe intrinsic neuron	
720575941597488517	BANC_888:720575941597488517	BANC888	is_a	adult medulla visual projection neuron MeVP25	FlyBase:FBrf0262545
720575941597489344	BANC_888:720575941597489344	BANC888	is_a	dorsal ventral indirect flight muscle motor neuron 1	
720575941597490545	BANC_888:720575941597490545	BANC888	is_a	adult optic lobe intrinsic neuron	
720575941597491904	BANC_888:720575941597491904	BANC888	is_a	adult SNta25 neuron	
720575941597493125	BANC_888:720575941597493125	BANC888	is_a	adult optic lobe intrinsic neuron	
720575941597495409	BANC_888:720575941597495409	BANC888	is_a	adult optic lobe intrinsic neuron	
720575941597499781	BANC_888:720575941597499781	BANC888	is_a	adult optic lobe intrinsic neuron	
720575941597500017	BANC_888:720575941597500017	BANC888	is_a	lobula columnar neuron LC18	
720575941597500060	BANC_888:720575941597500060	BANC888	is_a	zone F Johnston organ neuron	
720575941597503089	BANC_888:720575941597503089	BANC888	is_a	adult optic lobe intrinsic neuron	
720575941597504924	BANC_888:720575941597504924	BANC888	is_a	adult IN01B069 neuron	
720575941597505216	BANC_888:720575941597505216	BANC888	is_a	adult IN09A018 neuron	
720575941597505948	BANC_888:720575941597505948	BANC888	is_a	metathoracic leg taste bristle chemosensory neuron	
720575941597507697	BANC_888:720575941597507697	BANC888	is_a	adult superior lateral protocerebrum neuron 275	
720575941597508209	BANC_888:720575941597508209	BANC888	is_a	adult optic lobe intrinsic neuron	
720575941597510277	BANC_888:720575941597510277	BANC888	is_a	adult optic lobe intrinsic neuron	
720575941597510300	BANC_888:720575941597510300	BANC888	is_a	adult lobula plate tangential neuron LPT111	FlyBase:FBrf0262545
720575941597512640	BANC_888:720575941597512640	BANC888	is_a	adult IN03B090 neuron	
720575941597517248	BANC_888:720575941597517248	BANC888	is_a	adult IN13A062 neuron	
720575941597517701	BANC_888:720575941597517701	BANC888	is_a	adult optic lobe intrinsic neuron	
720575941597518449	BANC_888:720575941597518449	BANC888	is_a	adult optic lobe intrinsic neuron	
720575941597520064	BANC_888:720575941597520064	BANC888	is_a	adult IN01B023 neuron	
720575941597521521	BANC_888:720575941597521521	BANC888	is_a	lobula columnar neuron LC10a	
720575941597521600	BANC_888:720575941597521600	BANC888	is_a	adult IN10B041 neuron	
720575941597524593	BANC_888:720575941597524593	BANC888	is_a	columnar neuron T1	
720575941597526405	BANC_888:720575941597526405	BANC888	is_a	adult optic lobe intrinsic neuron	
720575941597528512	BANC_888:720575941597528512	BANC888	is_a	femoral chordotonal claw neuron	
720575941597528945	BANC_888:720575941597528945	BANC888	is_a	adult optic lobe intrinsic neuron	
720575941597531072	BANC_888:720575941597531072	BANC888	is_a	femoral chordotonal claw neuron	
720575941597532805	BANC_888:720575941597532805	BANC888	is_a	T4c neuron	
720575941597533993	BANC_888:720575941597533993	BANC888	is_a	adult ANXXX191 neuron	
720575941597535388	BANC_888:720575941597535388	BANC888	is_a	alpha/beta Kenyon cell	
720575941597535877	BANC_888:720575941597535877	BANC888	is_a	adult optic lobe intrinsic neuron	
720575941597538437	BANC_888:720575941597538437	BANC888	is_a	adult optic lobe intrinsic neuron	
720575941597539717	BANC_888:720575941597539717	BANC888	is_a	medulla intrinsic neuron Mi4	
720575941597539953	BANC_888:720575941597539953	BANC888	is_a	adult optic lobe intrinsic neuron	
720575941597539973	BANC_888:720575941597539973	BANC888	is_a	adult superior lateral protocerebrum neuron 001	
720575941597544128	BANC_888:720575941597544128	BANC888	is_a	adult IN07B066 neuron	
720575941597545585	BANC_888:720575941597545585	BANC888	is_a	adult optic lobe intrinsic neuron	
720575941597545605	BANC_888:720575941597545605	BANC888	is_a	adult lateral horn AV4b2 neuron	
720575941597545664	BANC_888:720575941597545664	BANC888	is_a	adult IN07B020 neuron	
720575941597547676	BANC_888:720575941597547676	BANC888	is_a	protocerebral bridge 1 glomerulus-fan-shaped body layer 2-lateral accessory lobe-crepine neuron	
720575941597551552	BANC_888:720575941597551552	BANC888	is_a	alpha/beta Kenyon cell	
720575941597555333	BANC_888:720575941597555333	BANC888	is_a	gamma main Kenyon cell	
720575941597557125	BANC_888:720575941597557125	BANC888	is_a	dopaminergic PAM neuron 8	
720575941597557893	BANC_888:720575941597557893	BANC888	is_a	T5d neuron	
720575941597558149	BANC_888:720575941597558149	BANC888	is_a	medulla intrinsic neuron Mi9	
720575941597558428	BANC_888:720575941597558428	BANC888	is_a	adult IN19A057 neuron	
720575941597558940	BANC_888:720575941597558940	BANC888	is_a	photoreceptor cell R7	
720575941597562245	BANC_888:720575941597562245	BANC888	is_a	zone B Johnston organ neuron	
720575941597565573	BANC_888:720575941597565573	BANC888	is_a	adult optic lobe intrinsic neuron	
720575941597571461	BANC_888:720575941597571461	BANC888	is_a	adult CB0584 neuron	
720575941597573509	BANC_888:720575941597573509	BANC888	is_a	adult optic lobe intrinsic neuron	
720575941597573745	BANC_888:720575941597573745	BANC888	is_a	adult optic lobe intrinsic neuron	
720575941597574257	BANC_888:720575941597574257	BANC888	is_a	adult optic lobe intrinsic neuron	
720575941597579141	BANC_888:720575941597579141	BANC888	is_a	adult optic lobe intrinsic neuron	
720575941597581724	BANC_888:720575941597581724	BANC888	is_a	protocerebral bridge 1 glomerulus-fan-shaped body-ventral gall surround neuron	
720575941597582784	BANC_888:720575941597582784	BANC888	is_a	adult SNxx27 neuron	
720575941597583493	BANC_888:720575941597583493	BANC888	is_a	adult optic lobe intrinsic neuron	
720575941597584261	BANC_888:720575941597584261	BANC888	is_a	adult optic lobe intrinsic neuron	
720575941597587077	BANC_888:720575941597587077	BANC888	is_a	lamina monopolar neuron L5	
720575941597587589	BANC_888:720575941597587589	BANC888	is_a	adult INXXX213 neuron	
720575941597589361	BANC_888:720575941597589361	BANC888	is_a	adult optic lobe intrinsic neuron	
720575941597589617	BANC_888:720575941597589617	BANC888	is_a	adult optic lobe intrinsic neuron	
720575941597591409	BANC_888:720575941597591409	BANC888	is_a	adult optic lobe intrinsic neuron	
720575941597592453	BANC_888:720575941597592453	BANC888	is_a	adult CB1089 neuron	
720575941597595505	BANC_888:720575941597595505	BANC888	is_a	adult optic lobe intrinsic neuron	
720575941597595781	BANC_888:720575941597595781	BANC888	is_a	adult anterior optic tubercle neuron 014	
720575941597597297	BANC_888:720575941597597297	BANC888	is_a	adult optic lobe intrinsic neuron	
720575941597599089	BANC_888:720575941597599089	BANC888	is_a	adult CB2795 neuron	
720575941597599132	BANC_888:720575941597599132	BANC888	is_a	alpha'/beta' middle Kenyon cell	
720575941597600645	BANC_888:720575941597600645	BANC888	is_a	lobula columnar neuron LC17	
720575941597601669	BANC_888:720575941597601669	BANC888	is_a	adult antennal lobe projection neuron DC1 adPN	
720575941597603185	BANC_888:720575941597603185	BANC888	is_a	lamina monopolar neuron L2	
720575941597604741	BANC_888:720575941597604741	BANC888	is_a	adult CB2485 neuron	
720575941597604997	BANC_888:720575941597604997	BANC888	is_a	adult fan-shaped body layer 6 neuron of DPMpl2 lineage	
720575941597605788	BANC_888:720575941597605788	BANC888	is_a	adult CB1542 neuron	
720575941597606044	BANC_888:720575941597606044	BANC888	is_a	alpha/beta Kenyon cell	
720575941597607813	BANC_888:720575941597607813	BANC888	is_a	transmedullary Y neuron TmY14	
720575941597608069	BANC_888:720575941597608069	BANC888	is_a	lamina monopolar neuron L1	
720575941597608581	BANC_888:720575941597608581	BANC888	is_a	proximal medullary amacrine neuron Pm1	FlyBase:FBrf0262545
720575941597608837	BANC_888:720575941597608837	BANC888	is_a	adult CB1184 neuron	
720575941597611653	BANC_888:720575941597611653	BANC888	is_a	transmedullary neuron Tm20	
720575941597611909	BANC_888:720575941597611909	BANC888	is_a	adult CB1420 neuron	
720575941597611968	BANC_888:720575941597611968	BANC888	is_a	adult IN09A014 neuron	
720575941597613169	BANC_888:720575941597613169	BANC888	is_a	adult optic lobe intrinsic neuron	
720575941597613445	BANC_888:720575941597613445	BANC888	is_a	adult optic lobe intrinsic neuron	
720575941597615237	BANC_888:720575941597615237	BANC888	is_a	centrifugal neuron C3	
720575941597617029	BANC_888:720575941597617029	BANC888	is_a	T5c neuron	
720575941597617820	BANC_888:720575941597617820	BANC888	is_a	adult CB3204 neuron	
720575941597621637	BANC_888:720575941597621637	BANC888	is_a	adult optic lobe intrinsic neuron	
720575941597629297	BANC_888:720575941597629297	BANC888	is_a	adult lobula intrinsic neuron Li21	FlyBase:FBrf0262545
720575941597630597	BANC_888:720575941597630597	BANC888	is_a	adult optic lobe intrinsic neuron	
720575941597631345	BANC_888:720575941597631345	BANC888	is_a	adult lobula intrinsic neuron Li25	FlyBase:FBrf0262545
720575941597632041	BANC_888:720575941597632041	BANC888	is_a	adult AN10B034 neuron	
720575941597636508	BANC_888:720575941597636508	BANC888	is_a	transmedullary neuron Tm6	FlyBase:FBrf0262545
720575941597639301	BANC_888:720575941597639301	BANC888	is_a	transmedullary neuron Tm9	
720575941597640348	BANC_888:720575941597640348	BANC888	is_a	transmedullary neuron Tm6	FlyBase:FBrf0262545
720575941597641884	BANC_888:720575941597641884	BANC888	is_a	distal medullary amacrine neuron Dm2	
720575941597643712	BANC_888:720575941597643712	BANC888	is_a	adult SNta42 neuron	
720575941597644913	BANC_888:720575941597644913	BANC888	is_a	transmedullary Y neuron TmY10	
720575941597645097	BANC_888:720575941597645097	BANC888	is_a	sensory neuron of haltere campaniform sensillum	
720575941597645248	BANC_888:720575941597645248	BANC888	is_a	adult IN13B078 neuron	
720575941597645701	BANC_888:720575941597645701	BANC888	is_a	adult optic lobe intrinsic neuron	
720575941597646492	BANC_888:720575941597646492	BANC888	is_a	adult central brain intrinsic neuron	
720575941597646725	BANC_888:720575941597646725	BANC888	is_a	adult optic lobe intrinsic neuron	
720575941597649265	BANC_888:720575941597649265	BANC888	is_a	transmedullary neuron Tm20	
720575941597650053	BANC_888:720575941597650053	BANC888	is_a	adult lobula-lobula plate neuron LOLP1	FlyBase:FBrf0262545
720575941597651313	BANC_888:720575941597651313	BANC888	is_a	lamina monopolar neuron L3	
720575941597652160	BANC_888:720575941597652160	BANC888	is_a	mechanosensory neuron of hair plate	
720575941597652416	BANC_888:720575941597652416	BANC888	is_a	adult IN12B029 neuron	
720575941597654149	BANC_888:720575941597654149	BANC888	is_a	transmedullary neuron Tm20	
720575941597654641	BANC_888:720575941597654641	BANC888	is_a	adult medulla-contralateral lobula neuron MeVPLo1	FlyBase:FBrf0262545
720575941597655488	BANC_888:720575941597655488	BANC888	is_a	adult SNch10 neuron	
720575941597655708	BANC_888:720575941597655708	BANC888	is_a	T5c neuron	
720575941597655921	BANC_888:720575941597655921	BANC888	is_a	medulla intrinsic neuron Mi4	
720575941597656453	BANC_888:720575941597656453	BANC888	is_a	transmedullary Y neuron TmY20	
720575941597659505	BANC_888:720575941597659505	BANC888	is_a	adult optic lobe intrinsic neuron	
720575941597661297	BANC_888:720575941597661297	BANC888	is_a	adult central medulla intrinsic neuron Cm1	FlyBase:FBrf0262545
720575941597661376	BANC_888:720575941597661376	BANC888	is_a	adult INXXX399 neuron	
720575941597662833	BANC_888:720575941597662833	BANC888	is_a	adult optic lobe intrinsic neuron	
720575941597663365	BANC_888:720575941597663365	BANC888	is_a	adult optic lobe intrinsic neuron	
720575941597663877	BANC_888:720575941597663877	BANC888	is_a	T4c neuron	
720575941597664133	BANC_888:720575941597664133	BANC888	is_a	adult optic lobe intrinsic neuron	
720575941597665393	BANC_888:720575941597665393	BANC888	is_a	transmedullary Y neuron TmY9	
720575941597665472	BANC_888:720575941597665472	BANC888	is_a	adult IN03A007 neuron	
720575941597665649	BANC_888:720575941597665649	BANC888	is_a	adult optic lobe intrinsic neuron	
720575941597666181	BANC_888:720575941597666181	BANC888	is_a	adult CB2050 neuron	
720575941597667185	BANC_888:720575941597667185	BANC888	is_a	proximal medullary amacrine neuron Pm3	FlyBase:FBrf0262545
720575941597667264	BANC_888:720575941597667264	BANC888	is_a	adult IN13B097 neuron	
720575941597667973	BANC_888:720575941597667973	BANC888	is_a	adult olfactory receptor neuron Ir75b	
720575941597672489	BANC_888:720575941597672489	BANC888	is_a	adult IN06A082 neuron	
720575941597672837	BANC_888:720575941597672837	BANC888	is_a	adult lateral horn AV2 neuron	
720575941597675377	BANC_888:720575941597675377	BANC888	is_a	adult optic lobe intrinsic neuron	
720575941597677445	BANC_888:720575941597677445	BANC888	is_a	lobula intrinsic neuron Li2	FlyBase:FBrf0262545
720575941597677957	BANC_888:720575941597677957	BANC888	is_a	adult superior medial protocerebrum neuron 237	
720575941597678889	BANC_888:720575941597678889	BANC888	is_a	adult IN03A058 neuron	
720575941597680241	BANC_888:720575941597680241	BANC888	is_a	adult optic lobe intrinsic neuron	
720575941597680320	BANC_888:720575941597680320	BANC888	is_a	adult Kenyon cell	
720575941597680517	BANC_888:720575941597680517	BANC888	is_a	adult optic lobe intrinsic neuron	
720575941597683057	BANC_888:720575941597683057	BANC888	is_a	adult central medulla neuron Cm11	FlyBase:FBrf0262545
720575941597683077	BANC_888:720575941597683077	BANC888	is_a	adult anterior ventrolateral protocerebrum neuron 069	
720575941597684357	BANC_888:720575941597684357	BANC888	is_a	medulla intrinsic neuron Mi1	
720575941597686385	BANC_888:720575941597686385	BANC888	is_a	lamina monopolar neuron L4	
720575941597688220	BANC_888:720575941597688220	BANC888	is_a	distal medullary amacrine neuron Dm3a	FlyBase:FBrf0262545
720575941597689733	BANC_888:720575941597689733	BANC888	is_a	adult anterior ventrolateral protocerebrum neuron 433	
720575941597690225	BANC_888:720575941597690225	BANC888	is_a	adult lobula columnar neuron LC36	
720575941597690245	BANC_888:720575941597690245	BANC888	is_a	adult antennal lobe projection neuron DA2++ ilPN	FlyBase:FBrf0249560
720575941597691761	BANC_888:720575941597691761	BANC888	is_a	lamina monopolar neuron L2	
720575941597694761	BANC_888:720575941597694761	BANC888	is_a	femoral chordotonal club neuron	
720575941597696645	BANC_888:720575941597696645	BANC888	is_a	adult SNta26 neuron	
720575941597697649	BANC_888:720575941597697649	BANC888	is_a	adult central medulla intrinsic neuron Cm32	
720575941597698460	BANC_888:720575941597698460	BANC888	is_a	transmedullary neuron Tm20	
720575941597699776	BANC_888:720575941597699776	BANC888	is_a	adult CB2254 neuron	
720575941597702556	BANC_888:720575941597702556	BANC888	is_a	transmedullary neuron Tm20	
720575941597703721	BANC_888:720575941597703721	BANC888	is_a	adult IN13B082 neuron	
720575941597703813	BANC_888:720575941597703813	BANC888	is_a	adult olfactory receptor neuron Ir92a	
720575941597704837	BANC_888:720575941597704837	BANC888	is_a	lobula columnar neuron LC12	
720575941597712517	BANC_888:720575941597712517	BANC888	is_a	adult olfactory receptor neuron Or9a	
720575941597715077	BANC_888:720575941597715077	BANC888	is_a	adult optic lobe intrinsic neuron	
720575941597721477	BANC_888:720575941597721477	BANC888	is_a	adult optic lobe intrinsic neuron	
720575941597724293	BANC_888:720575941597724293	BANC888	is_a	transmedullary neuron Tm20	
720575941597726876	BANC_888:720575941597726876	BANC888	is_a	adult olfactory receptor neuron Or67b	
720575941597728133	BANC_888:720575941597728133	BANC888	is_a	medulla intrinsic neuron Mi1	
720575941597732741	BANC_888:720575941597732741	BANC888	is_a	T5c neuron	
720575941597732997	BANC_888:720575941597732997	BANC888	is_a	adult optic lobe intrinsic neuron	
720575941597733312	BANC_888:720575941597733312	BANC888	is_a	sensory neuron	
720575941597734592	BANC_888:720575941597734592	BANC888	is_a	adult SNta24 neuron	
720575941597735360	BANC_888:720575941597735360	BANC888	is_a	adult SNta39 neuron	
720575941597739420	BANC_888:720575941597739420	BANC888	is_a	transmedullary Y neuron TmY18	FlyBase:FBrf0262545
720575941597740188	BANC_888:720575941597740188	BANC888	is_a	distal medullary amacrine neuron Dm6	
720575941597740480	BANC_888:720575941597740480	BANC888	is_a	femoral chordotonal claw neuron	
720575941597742784	BANC_888:720575941597742784	BANC888	is_a	adult IN09A027 neuron	
720575941597743296	BANC_888:720575941597743296	BANC888	is_a	adult SNta43 neuron	
720575941597750172	BANC_888:720575941597750172	BANC888	is_a	adult CB1423 neuron	
720575941597750917	BANC_888:720575941597750917	BANC888	is_a	lamina monopolar neuron L2	
720575941597756572	BANC_888:720575941597756572	BANC888	is_a	adult optic lobe intrinsic neuron	
720575941597764229	BANC_888:720575941597764229	BANC888	is_a	adult optic lobe intrinsic neuron	
720575941597766336	BANC_888:720575941597766336	BANC888	is_a	adult CB0979 neuron	
720575941597767813	BANC_888:720575941597767813	BANC888	is_a	adult optic lobe intrinsic neuron	
720575941597770140	BANC_888:720575941597770140	BANC888	is_a	T5d neuron	
720575941597772677	BANC_888:720575941597772677	BANC888	is_a	adult optic lobe intrinsic neuron	
720575941597772992	BANC_888:720575941597772992	BANC888	is_a	adult CB0986 neuron	
720575941597777344	BANC_888:720575941597777344	BANC888	is_a	adult lobula visual projection neuron LoVP9	FlyBase:FBrf0262545
720575941597789829	BANC_888:720575941597789829	BANC888	is_a	adult optic lobe intrinsic neuron	
720575941597792924	BANC_888:720575941597792924	BANC888	is_a	adult olfactory receptor neuron Or83c	
720575941597804736	BANC_888:720575941597804736	BANC888	is_a	alpha/beta Kenyon cell	
720575941597807493	BANC_888:720575941597807493	BANC888	is_a	adult wedge neuron 099	
720575941597810565	BANC_888:720575941597810565	BANC888	is_a	adult optic lobe intrinsic neuron	
720575941597810729	BANC_888:720575941597810729	BANC888	is_a	adult optic lobe intrinsic neuron	
720575941597812869	BANC_888:720575941597812869	BANC888	is_a	adult optic lobe intrinsic neuron	
720575941597814172	BANC_888:720575941597814172	BANC888	is_a	distal medullary amacrine neuron Dm2	
720575941597814313	BANC_888:720575941597814313	BANC888	is_a	adult IN13A045 neuron	
720575941597816197	BANC_888:720575941597816197	BANC888	is_a	centrifugal neuron C3	
720575941597821596	BANC_888:720575941597821596	BANC888	is_a	adult posterior slope neuron 052	
720575941597823785	BANC_888:720575941597823785	BANC888	is_a	adult SNta37 neuron	
720575941597825436	BANC_888:720575941597825436	BANC888	is_a	columnar neuron T1	
720575941597827973	BANC_888:720575941597827973	BANC888	is_a	medulla intrinsic neuron Mi1	
720575941597834117	BANC_888:720575941597834117	BANC888	is_a	T5d neuron	
720575941597835817	BANC_888:720575941597835817	BANC888	is_a	adult IN02A042 neuron	
720575941597836165	BANC_888:720575941597836165	BANC888	is_a	T3 neuron	
720575941597836444	BANC_888:720575941597836444	BANC888	is_a	lobula columnar neuron LC13	
720575941597842309	BANC_888:720575941597842309	BANC888	is_a	proximal medullary amacrine neuron Pm4	FlyBase:FBrf0262545
720575941597845916	BANC_888:720575941597845916	BANC888	is_a	adult CB3140 neuron	
720575941597846057	BANC_888:720575941597846057	BANC888	is_a	adult IN20A.22A080 neuron	
720575941597847941	BANC_888:720575941597847941	BANC888	is_a	adult optic lobe intrinsic neuron	
720575941597851525	BANC_888:720575941597851525	BANC888	is_a	adult optic lobe intrinsic neuron	
720575941597855273	BANC_888:720575941597855273	BANC888	is_a	adult IN03A065 neuron	
720575941597855388	BANC_888:720575941597855388	BANC888	is_a	adult optic lobe intrinsic neuron	
720575941597856901	BANC_888:720575941597856901	BANC888	is_a	adult lobula intrinsic neuron Li22	FlyBase:FBrf0262545
720575941597857216	BANC_888:720575941597857216	BANC888	is_a	adult CB0860 neuron	
720575941597860800	BANC_888:720575941597860800	BANC888	is_a	Y neuron Y12	
720575941597866885	BANC_888:720575941597866885	BANC888	is_a	adult anterior ventrolateral protocerebrum neuron 087	
720575941597867420	BANC_888:720575941597867420	BANC888	is_a	distal medullary amacrine neuron Dm10	
720575941597870272	BANC_888:720575941597870272	BANC888	is_a	adult superior medial protocerebrum neuron 409	
720575941597871808	BANC_888:720575941597871808	BANC888	is_a	adult CB2655 neuron	
720575941597873308	BANC_888:720575941597873308	BANC888	is_a	adult clamp neuron 071	
720575941597885737	BANC_888:720575941597885737	BANC888	is_a	adult IN23B006 neuron	
720575941597897093	BANC_888:720575941597897093	BANC888	is_a	adult superior intermediate protocerebrum neuron 062	
720575941597897513	BANC_888:720575941597897513	BANC888	is_a	adult IN23B043 neuron	
720575941597899049	BANC_888:720575941597899049	BANC888	is_a	adult IN08A036 neuron	
720575941597905193	BANC_888:720575941597905193	BANC888	is_a	adult IN08A027 neuron	
720575941597911849	BANC_888:720575941597911849	BANC888	is_a	adult IN13A041 neuron	
720575941597912000	BANC_888:720575941597912000	BANC888	is_a	adult olfactory receptor neuron Or42a	
720575941597912617	BANC_888:720575941597912617	BANC888	is_a	adult IN13B044 neuron	
720575941597914268	BANC_888:720575941597914268	BANC888	is_a	adult CB2225 neuron	
720575941597916293	BANC_888:720575941597916293	BANC888	is_a	adult optic lobe intrinsic neuron	
720575941597916864	BANC_888:720575941597916864	BANC888	is_a	adult CB2421 neuron	
720575941597919273	BANC_888:720575941597919273	BANC888	is_a	adult IN09A019 neuron	
720575941597928069	BANC_888:720575941597928069	BANC888	is_a	adult optic lobe intrinsic neuron	
720575941597928384	BANC_888:720575941597928384	BANC888	is_a	labellar taste peg mechanosensory neuron	
720575941597928581	BANC_888:720575941597928581	BANC888	is_a	adult optic lobe intrinsic neuron	
720575941597928837	BANC_888:720575941597928837	BANC888	is_a	T4c neuron	
720575941597928860	BANC_888:720575941597928860	BANC888	is_a	T5a neuron	
720575941597936832	BANC_888:720575941597936832	BANC888	is_a	adult superior lateral protocerebrum neuron 134	
720575941597943452	BANC_888:720575941597943452	BANC888	is_a	gamma main Kenyon cell	
720575941597951621	BANC_888:720575941597951621	BANC888	is_a	adult multiglomerular antennal lobe projection neuron type 84 vPN	
720575941597953436	BANC_888:720575941597953436	BANC888	is_a	adult anterior optic tubercle neuron 060	
720575941597954460	BANC_888:720575941597954460	BANC888	is_a	transmedullary neuron Tm3	
720575941597954972	BANC_888:720575941597954972	BANC888	is_a	lobula columnar neuron LC4	
720575941597957788	BANC_888:720575941597957788	BANC888	is_a	adult fan-shaped body 1 column-superior medial protocerebrum neuron	FlyBase:FBrf0246888
720575941597958300	BANC_888:720575941597958300	BANC888	is_a	adult Kenyon cell	
720575941597962652	BANC_888:720575941597962652	BANC888	is_a	adult SNxx06 neuron	
720575941597963049	BANC_888:720575941597963049	BANC888	is_a	femoral chordotonal club neuron	
720575941597966377	BANC_888:720575941597966377	BANC888	is_a	adult optic lobe intrinsic neuron	
720575941597967493	BANC_888:720575941597967493	BANC888	is_a	adult optic lobe intrinsic neuron	
720575941597967516	BANC_888:720575941597967516	BANC888	is_a	gamma main Kenyon cell	
720575941597970368	BANC_888:720575941597970368	BANC888	is_a	adult fan-shaped body layer 8 neuron of DALcl2 lineage	
720575941597970880	BANC_888:720575941597970880	BANC888	is_a	zone E Johnston organ neuron	
720575941597973125	BANC_888:720575941597973125	BANC888	is_a	adult optic lobe intrinsic neuron	
720575941597981340	BANC_888:720575941597981340	BANC888	is_a	adult CNS neuron	
720575941597981888	BANC_888:720575941597981888	BANC888	is_a	adult CB2335 neuron	
720575941597982085	BANC_888:720575941597982085	BANC888	is_a	medulla intrinsic neuron Mi9	
720575941597983388	BANC_888:720575941597983388	BANC888	is_a	adult fan-shaped body layer 7 neuron of DPMpl2 lineage	
720575941597984901	BANC_888:720575941597984901	BANC888	is_a	adult optic lobe intrinsic neuron	
720575941597988032	BANC_888:720575941597988032	BANC888	is_a	adult antennal lobe projection neuron VP1m++ l2PN	
720575941597988800	BANC_888:720575941597988800	BANC888	is_a	medulla intrinsic neuron Mi15	
720575941597989276	BANC_888:720575941597989276	BANC888	is_a	bristle sensory neuron	
720575941597989509	BANC_888:720575941597989509	BANC888	is_a	adult lobula visual centrifugal neuron LoVC17	FlyBase:FBrf0262545
720575941597990044	BANC_888:720575941597990044	BANC888	is_a	adult SNch10 neuron	
720575941597990300	BANC_888:720575941597990300	BANC888	is_a	adult SNta43 neuron	
720575941597992069	BANC_888:720575941597992069	BANC888	is_a	adult optic lobe intrinsic neuron	
720575941597992581	BANC_888:720575941597992581	BANC888	is_a	adult optic lobe intrinsic neuron	
720575941597993513	BANC_888:720575941597993513	BANC888	is_a	adult CB1048 neuron	
720575941597995305	BANC_888:720575941597995305	BANC888	is_a	adult motor neuron	
720575941597997097	BANC_888:720575941597997097	BANC888	is_a	adult SNta37 neuron	
720575941598003648	BANC_888:720575941598003648	BANC888	is_a	adult CB0788 neuron	
720575941598003753	BANC_888:720575941598003753	BANC888	is_a	adult SNta33 neuron	
720575941598004357	BANC_888:720575941598004357	BANC888	is_a	columnar neuron T1	
720575941598004636	BANC_888:720575941598004636	BANC888	is_a	medulla intrinsic neuron Mi15	
720575941598005148	BANC_888:720575941598005148	BANC888	is_a	transmedullary neuron Tm5Y	FlyBase:FBrf0262545
720575941598006684	BANC_888:720575941598006684	BANC888	is_a	adult mAL-PN lateral horn input neuron	
720575941598008220	BANC_888:720575941598008220	BANC888	is_a	transmedullary Y neuron TmY3	
720575941598012096	BANC_888:720575941598012096	BANC888	is_a	transmedullary neuron Tm2	
720575941598013084	BANC_888:720575941598013084	BANC888	is_a	medulla intrinsic neuron Mi9	
720575941598013340	BANC_888:720575941598013340	BANC888	is_a	T4b neuron	
720575941598016156	BANC_888:720575941598016156	BANC888	is_a	centrifugal neuron C2	
720575941598020508	BANC_888:720575941598020508	BANC888	is_a	adult optic lobe intrinsic neuron	
720575941598022300	BANC_888:720575941598022300	BANC888	is_a	columnar neuron T1	
720575941598022812	BANC_888:720575941598022812	BANC888	is_a	transmedullary neuron Tm20	
720575941598023068	BANC_888:720575941598023068	BANC888	is_a	medulla intrinsic neuron Mi15	
720575941598025093	BANC_888:720575941598025093	BANC888	is_a	adult optic lobe intrinsic neuron	
720575941598025349	BANC_888:720575941598025349	BANC888	is_a	adult IN08A016 neuron	
720575941598026908	BANC_888:720575941598026908	BANC888	is_a	centrifugal neuron C2	
720575941598026944	BANC_888:720575941598026944	BANC888	is_a	lobula columnar neuron LC18	
720575941598027676	BANC_888:720575941598027676	BANC888	is_a	T3 neuron	
720575941598029248	BANC_888:720575941598029248	BANC888	is_a	adult CB1170 neuron	
720575941598029468	BANC_888:720575941598029468	BANC888	is_a	centrifugal neuron C2	
720575941598030725	BANC_888:720575941598030725	BANC888	is_a	columnar neuron T1	
720575941598032284	BANC_888:720575941598032284	BANC888	is_a	transmedullary Y neuron TmY14	
720575941598037404	BANC_888:720575941598037404	BANC888	is_a	adult optic lobe intrinsic neuron	
720575941598038405	BANC_888:720575941598038405	BANC888	is_a	adult optic lobe intrinsic neuron	
720575941598039429	BANC_888:720575941598039429	BANC888	is_a	columnar neuron T1	
720575941598044828	BANC_888:720575941598044828	BANC888	is_a	mechanosensory neuron of interommatidial bristle	
720575941598046505	BANC_888:720575941598046505	BANC888	is_a	adult IN09A083 neuron	
720575941598047680	BANC_888:720575941598047680	BANC888	is_a	transmedullary neuron Tm6	FlyBase:FBrf0262545
720575941598049180	BANC_888:720575941598049180	BANC888	is_a	adult optic lobe intrinsic neuron	
720575941598055301	BANC_888:720575941598055301	BANC888	is_a	medulla intrinsic neuron Mi13	
720575941598059561	BANC_888:720575941598059561	BANC888	is_a	sensory neuron of wing campaniform sensillum	
720575941598070208	BANC_888:720575941598070208	BANC888	is_a	distal medullary amacrine neuron Dm2	
720575941598070720	BANC_888:720575941598070720	BANC888	is_a	adult superior lateral protocerebrum neuron 405	
720575941598070976	BANC_888:720575941598070976	BANC888	is_a	columnar neuron T1	
720575941598072709	BANC_888:720575941598072709	BANC888	is_a	adult optic lobe intrinsic neuron	
720575941598078144	BANC_888:720575941598078144	BANC888	is_a	adult wedge neuron 007	
720575941598085532	BANC_888:720575941598085532	BANC888	is_a	lamina monopolar neuron L5	
720575941598090117	BANC_888:720575941598090117	BANC888	is_a	adult optic lobe intrinsic neuron	
720575941598090944	BANC_888:720575941598090944	BANC888	is_a	mechanosensory neuron of antennal bristle	
720575941598091141	BANC_888:720575941598091141	BANC888	is_a	adult optic lobe intrinsic neuron	
720575941598093701	BANC_888:720575941598093701	BANC888	is_a	adult optic lobe intrinsic neuron	
720575941598099612	BANC_888:720575941598099612	BANC888	is_a	adult optic lobe intrinsic neuron	
720575941598108352	BANC_888:720575941598108352	BANC888	is_a	distal medullary amacrine neuron Dm3b	FlyBase:FBrf0262545
720575941598108549	BANC_888:720575941598108549	BANC888	is_a	adult optic lobe intrinsic neuron	
720575941598109317	BANC_888:720575941598109317	BANC888	is_a	adult optic lobe intrinsic neuron	
720575941598113216	BANC_888:720575941598113216	BANC888	is_a	T5b neuron	
720575941598116544	BANC_888:720575941598116544	BANC888	is_a	adult optic lobe intrinsic neuron	
720575941598116741	BANC_888:720575941598116741	BANC888	is_a	adult optic lobe intrinsic neuron	
720575941598120325	BANC_888:720575941598120325	BANC888	is_a	adult optic lobe intrinsic neuron	
720575941598122885	BANC_888:720575941598122885	BANC888	is_a	adult optic lobe intrinsic neuron	
720575941598123653	BANC_888:720575941598123653	BANC888	is_a	adult optic lobe intrinsic neuron	
720575941598126469	BANC_888:720575941598126469	BANC888	is_a	adult optic lobe intrinsic neuron	
720575941598130368	BANC_888:720575941598130368	BANC888	is_a	adult superior lateral protocerebrum neuron 228	
720575941598133125	BANC_888:720575941598133125	BANC888	is_a	adult optic lobe intrinsic neuron	
720575941598135488	BANC_888:720575941598135488	BANC888	is_a	translobula plate neuron Tlp1	
720575941598137536	BANC_888:720575941598137536	BANC888	is_a	adult posterior slope neuron 037	
720575941598138048	BANC_888:720575941598138048	BANC888	is_a	adult CB2132 neuron	
720575941598138409	BANC_888:720575941598138409	BANC888	is_a	adult CB2626 neuron	
720575941598140037	BANC_888:720575941598140037	BANC888	is_a	adult optic lobe intrinsic neuron	
720575941598146437	BANC_888:720575941598146437	BANC888	is_a	adult optic lobe intrinsic neuron	
720575941598148032	BANC_888:720575941598148032	BANC888	is_a	adult clamp neuron 269	
720575941598148229	BANC_888:720575941598148229	BANC888	is_a	adult octopaminergic AL2b2 neuron	
720575941598148485	BANC_888:720575941598148485	BANC888	is_a	T2a neuron	
720575941598150533	BANC_888:720575941598150533	BANC888	is_a	adult optic lobe intrinsic neuron	
720575941598150848	BANC_888:720575941598150848	BANC888	is_a	adult optic lobe intrinsic neuron	
720575941598151301	BANC_888:720575941598151301	BANC888	is_a	transmedullary neuron Tm1	
720575941598155456	BANC_888:720575941598155456	BANC888	is_a	adult olfactory receptor neuron Or46aB	
720575941598155909	BANC_888:720575941598155909	BANC888	is_a	distal medullary amacrine neuron Dm20	
720575941598158469	BANC_888:720575941598158469	BANC888	is_a	descending neuron of the pars intercerebralis DNc02	
720575941598159493	BANC_888:720575941598159493	BANC888	is_a	adult optic lobe intrinsic neuron	
720575941598160261	BANC_888:720575941598160261	BANC888	is_a	adult optic lobe intrinsic neuron	
720575941598163136	BANC_888:720575941598163136	BANC888	is_a	adult optic lobe intrinsic neuron	
720575941598163845	BANC_888:720575941598163845	BANC888	is_a	adult optic lobe intrinsic neuron	
720575941598166661	BANC_888:720575941598166661	BANC888	is_a	T4d neuron	
720575941598166976	BANC_888:720575941598166976	BANC888	is_a	adult CB2507 neuron	
720575941598168709	BANC_888:720575941598168709	BANC888	is_a	T5a neuron	
720575941598170757	BANC_888:720575941598170757	BANC888	is_a	adult optic lobe intrinsic neuron	
720575941598171269	BANC_888:720575941598171269	BANC888	is_a	lamina monopolar neuron L2	
720575941598171525	BANC_888:720575941598171525	BANC888	is_a	medulla intrinsic neuron Mi1	
720575941598171584	BANC_888:720575941598171584	BANC888	is_a	medulla intrinsic neuron Mi4	
720575941598171781	BANC_888:720575941598171781	BANC888	is_a	transmedullary neuron Tm3	
720575941598172608	BANC_888:720575941598172608	BANC888	is_a	adult optic lobe intrinsic neuron	
720575941598173573	BANC_888:720575941598173573	BANC888	is_a	transmedullary neuron Tm16	
720575941598174597	BANC_888:720575941598174597	BANC888	is_a	lobula columnar neuron LC15	
720575941598177065	BANC_888:720575941598177065	BANC888	is_a	adult fan-shaped body 1 column-rubus neuron 2	
720575941598177728	BANC_888:720575941598177728	BANC888	is_a	transmedullary neuron Tm4	
720575941598177984	BANC_888:720575941598177984	BANC888	is_a	adult optic lobe intrinsic neuron	
720575941598178693	BANC_888:720575941598178693	BANC888	is_a	lobula columnar neuron LC20	
720575941598179264	BANC_888:720575941598179264	BANC888	is_a	adult CB3858 neuron	
720575941598181253	BANC_888:720575941598181253	BANC888	is_a	adult posterior slope neuron 098	
720575941598183616	BANC_888:720575941598183616	BANC888	is_a	medulla intrinsic neuron Mi15	
720575941598184604	BANC_888:720575941598184604	BANC888	is_a	adult CB2862 neuron	
720575941598185861	BANC_888:720575941598185861	BANC888	is_a	adult optic lobe intrinsic neuron	
720575941598191808	BANC_888:720575941598191808	BANC888	is_a	adult AN19B074 neuron	
720575941598204060	BANC_888:720575941598204060	BANC888	is_a	adult optic lobe intrinsic neuron	
720575941598205481	BANC_888:720575941598205481	BANC888	is_a	adult fan-shaped body 1 column-crepine neuron	FlyBase:FBrf0246888
720575941598210752	BANC_888:720575941598210752	BANC888	is_a	transmedullary Y neuron TmY5a	
720575941598210972	BANC_888:720575941598210972	BANC888	is_a	adult optic lobe intrinsic neuron	
720575941598211264	BANC_888:720575941598211264	BANC888	is_a	adult optic lobe intrinsic neuron	
720575941598213056	BANC_888:720575941598213056	BANC888	is_a	adult optic lobe intrinsic neuron	
720575941598218652	BANC_888:720575941598218652	BANC888	is_a	adult optic lobe intrinsic neuron	
720575941598219200	BANC_888:720575941598219200	BANC888	is_a	T5c neuron	
720575941598228380	BANC_888:720575941598228380	BANC888	is_a	T2 neuron	
720575941598232476	BANC_888:720575941598232476	BANC888	is_a	adult optic lobe intrinsic neuron	
720575941598234012	BANC_888:720575941598234012	BANC888	is_a	transmedullary Y neuron TmY4	
720575941598243008	BANC_888:720575941598243008	BANC888	is_a	transmedullary neuron Tm1	
720575941598243776	BANC_888:720575941598243776	BANC888	is_a	adult fan-shaped body vertical delta neuron	
720575941598249152	BANC_888:720575941598249152	BANC888	is_a	adult gamma Kenyon cell	
720575941598249408	BANC_888:720575941598249408	BANC888	is_a	adult CB3077 neuron	
720575941598252224	BANC_888:720575941598252224	BANC888	is_a	adult CB1636 neuron	
720575941598252329	BANC_888:720575941598252329	BANC888	is_a	adult ellipsoid body ring neuron R3d	
720575941598254016	BANC_888:720575941598254016	BANC888	is_a	Y neuron Y3	
720575941598254748	BANC_888:720575941598254748	BANC888	is_a	gamma main Kenyon cell	
720575941598257564	BANC_888:720575941598257564	BANC888	is_a	adult olfactory receptor neuron Or42b	
720575941598267433	BANC_888:720575941598267433	BANC888	is_a	adult CB1369 neuron	
720575941598268713	BANC_888:720575941598268713	BANC888	is_a	adult ellipsoid body ring neuron R3w	
720575941598270876	BANC_888:720575941598270876	BANC888	is_a	transmedullary neuron Tm1	
720575941598278848	BANC_888:720575941598278848	BANC888	is_a	adult optic lobe intrinsic neuron	
720575941598282176	BANC_888:720575941598282176	BANC888	is_a	adult SNxx10 neuron	
720575941598285212	BANC_888:720575941598285212	BANC888	is_a	lamina monopolar neuron L5	
720575941598291904	BANC_888:720575941598291904	BANC888	is_a	adult SNxx06 neuron	
720575941598295744	BANC_888:720575941598295744	BANC888	is_a	T3 neuron	
720575941598296768	BANC_888:720575941598296768	BANC888	is_a	adult optic lobe intrinsic neuron	
720575941598298560	BANC_888:720575941598298560	BANC888	is_a	transmedullary neuron Tm9	
720575941598299804	BANC_888:720575941598299804	BANC888	is_a	adult IN11A032 neuron	
720575941598302108	BANC_888:720575941598302108	BANC888	is_a	adult IN00A026 neuron	
720575941598302364	BANC_888:720575941598302364	BANC888	is_a	mechanosensory neuron of hair plate	
720575941598304192	BANC_888:720575941598304192	BANC888	is_a	proximal medullary amacrine neuron Pm8	FlyBase:FBrf0262545
720575941598304704	BANC_888:720575941598304704	BANC888	is_a	lobula columnar neuron LC9	
720575941598306601	BANC_888:720575941598306601	BANC888	is_a	alpha'/beta' anterior-posterior type 1 Kenyon cell	
720575941598307776	BANC_888:720575941598307776	BANC888	is_a	distal medullary amacrine neuron Dm2	
720575941598310336	BANC_888:720575941598310336	BANC888	is_a	T3 neuron	
720575941598311360	BANC_888:720575941598311360	BANC888	is_a	adult optic lobe intrinsic neuron	
720575941598314025	BANC_888:720575941598314025	BANC888	is_a	adult superior medial protocerebrum neuron 429	
720575941598316188	BANC_888:720575941598316188	BANC888	is_a	femoral chordotonal hook neuron	
720575941598316329	BANC_888:720575941598316329	BANC888	is_a	adult SNta28 neuron	
720575941598321308	BANC_888:720575941598321308	BANC888	is_a	adult IN20A.22A055 neuron	
720575941598321449	BANC_888:720575941598321449	BANC888	is_a	adult optic lobe intrinsic neuron	
720575941598321564	BANC_888:720575941598321564	BANC888	is_a	adult IN23B024 neuron	
720575941598321820	BANC_888:720575941598321820	BANC888	is_a	adult IN09B008 neuron	
720575941598325184	BANC_888:720575941598325184	BANC888	is_a	medulla intrinsic neuron Mi9	
720575941598329536	BANC_888:720575941598329536	BANC888	is_a	transmedullary neuron Tm3	
720575941598330581	BANC_888:720575941598330581	BANC888	is_a	lamina monopolar neuron L5	
720575941598334912	BANC_888:720575941598334912	BANC888	is_a	adult optic lobe intrinsic neuron	
720575941598336668	BANC_888:720575941598336668	BANC888	is_a	sensory neuron of wing campaniform sensillum	
720575941598342848	BANC_888:720575941598342848	BANC888	is_a	transmedullary neuron Tm3	
720575941598344896	BANC_888:720575941598344896	BANC888	is_a	distal medullary amacrine neuron Dm10	
720575941598357404	BANC_888:720575941598357404	BANC888	is_a	adult INXXX211 neuron	
720575941598380480	BANC_888:720575941598380480	BANC888	is_a	adult optic lobe intrinsic neuron	
720575941598386076	BANC_888:720575941598386076	BANC888	is_a	adult IN03A026 neuron	
720575941598386368	BANC_888:720575941598386368	BANC888	is_a	transmedullary neuron Tm1	
720575941598396060	BANC_888:720575941598396060	BANC888	is_a	adult superior medial protocerebrum neuron 393	
720575941598399168	BANC_888:720575941598399168	BANC888	is_a	adult optic lobe intrinsic neuron	
720575941598406300	BANC_888:720575941598406300	BANC888	is_a	adult clamp neuron 089	
720575941598412444	BANC_888:720575941598412444	BANC888	is_a	adult CB2388 neuron	
720575941598424476	BANC_888:720575941598424476	BANC888	is_a	T5b neuron	
720575941598431132	BANC_888:720575941598431132	BANC888	is_a	adult CNS neuron	
720575941598431388	BANC_888:720575941598431388	BANC888	is_a	adult central brain intrinsic neuron	
720575941598434460	BANC_888:720575941598434460	BANC888	is_a	adult CB2660 neuron	
720575941598435008	BANC_888:720575941598435008	BANC888	is_a	adult ascending neuron	
720575941598443676	BANC_888:720575941598443676	BANC888	is_a	adult posterior lateral protocerebrum neuron 166	
720575941598460316	BANC_888:720575941598460316	BANC888	is_a	adult interneuron	
720575941598460572	BANC_888:720575941598460572	BANC888	is_a	adult CB3780 neuron	
720575941598460828	BANC_888:720575941598460828	BANC888	is_a	adult superior lateral protocerebrum neuron 076	
720575941598460864	BANC_888:720575941598460864	BANC888	is_a	adult CB0528 neuron	
720575941598461376	BANC_888:720575941598461376	BANC888	is_a	photoreceptor cell R8	
720575941598465948	BANC_888:720575941598465948	BANC888	is_a	adult anterior ventrolateral protocerebrum neuron 313	
720575941598467996	BANC_888:720575941598467996	BANC888	is_a	adult posterior slope neuron 146	
720575941598468137	BANC_888:720575941598468137	BANC888	is_a	adult saddle neuron 036	
720575941598469276	BANC_888:720575941598469276	BANC888	is_a	descending neuron of the gnathal ganglion DNg68	
720575941598472128	BANC_888:720575941598472128	BANC888	is_a	adult optic lobe intrinsic neuron	
720575941598475049	BANC_888:720575941598475049	BANC888	is_a	adult CB2872 neuron	
720575941598475676	BANC_888:720575941598475676	BANC888	is_a	adult posterior slope neuron 164	
720575941598479004	BANC_888:720575941598479004	BANC888	is_a	adult CB1274 neuron	
720575941598486428	BANC_888:720575941598486428	BANC888	is_a	transmedullary neuron Tm3	
720575941598491072	BANC_888:720575941598491072	BANC888	is_a	medulla intrinsic neuron Mi4	
720575941598492457	BANC_888:720575941598492457	BANC888	is_a	descending neuron of the gnathal ganglion DNg05	
720575941598492969	BANC_888:720575941598492969	BANC888	is_a	adult Kenyon cell	
720575941598496448	BANC_888:720575941598496448	BANC888	is_a	adult SNta37 neuron	
720575941598496960	BANC_888:720575941598496960	BANC888	is_a	T3 neuron	
720575941598499996	BANC_888:720575941598499996	BANC888	is_a	adult superior medial protocerebrum neuron 424	
720575941598500800	BANC_888:720575941598500800	BANC888	is_a	T5d neuron	
720575941598504860	BANC_888:720575941598504860	BANC888	is_a	adult posterior ventrolateral protocerebrum neuron 082	
720575941598505884	BANC_888:720575941598505884	BANC888	is_a	adult CB2756 neuron	
720575941598510784	BANC_888:720575941598510784	BANC888	is_a	adult PNS neuron	
720575941598516380	BANC_888:720575941598516380	BANC888	is_a	adult lateral accessory lobe neuron 025	
720575941598522816	BANC_888:720575941598522816	BANC888	is_a	lamina wide-field 1 neuron	
720575941598523804	BANC_888:720575941598523804	BANC888	is_a	adult mAL-PN lateral horn input neuron	
720575941598526364	BANC_888:720575941598526364	BANC888	is_a	adult anterior ventrolateral protocerebrum neuron 559	
720575941598526620	BANC_888:720575941598526620	BANC888	is_a	adult CB3550 neuron	
720575941598528668	BANC_888:720575941598528668	BANC888	is_a	adult lateral accessory lobe neuron 042	
720575941598530716	BANC_888:720575941598530716	BANC888	is_a	adult CB3294 neuron	
720575941598531264	BANC_888:720575941598531264	BANC888	is_a	adult lobula intrinsic neuron Li21	FlyBase:FBrf0262545
720575941598531520	BANC_888:720575941598531520	BANC888	is_a	lamina monopolar neuron L3	
720575941598539420	BANC_888:720575941598539420	BANC888	is_a	adult medulla visual projection neuron MeVP15	FlyBase:FBrf0262545
720575941598541760	BANC_888:720575941598541760	BANC888	is_a	sensory neuron	
720575941598542236	BANC_888:720575941598542236	BANC888	is_a	adult superior medial protocerebrum neuron 006	
720575941598542633	BANC_888:720575941598542633	BANC888	is_a	adult CB1311 neuron	
720575941598545449	BANC_888:720575941598545449	BANC888	is_a	adult antennal lobe projection neuron VP1d++ lPN 1	
720575941598547392	BANC_888:720575941598547392	BANC888	is_a	adult olfactory receptor neuron Ir84a	
720575941598547648	BANC_888:720575941598547648	BANC888	is_a	lobula-lobula plate columnar neuron LLPC2	
720575941598548124	BANC_888:720575941598548124	BANC888	is_a	adult CB3598 neuron	
720575941598548636	BANC_888:720575941598548636	BANC888	is_a	adult olfactory receptor neuron Or67d	
720575941598549952	BANC_888:720575941598549952	BANC888	is_a	adult SNta34 neuron	
720575941598556060	BANC_888:720575941598556060	BANC888	is_a	adult CB0218 neuron	
720575941598557596	BANC_888:720575941598557596	BANC888	is_a	adult CB2795 neuron	
720575941598558364	BANC_888:720575941598558364	BANC888	is_a	adult anterior ventrolateral protocerebrum neuron 298	
720575941598561948	BANC_888:720575941598561948	BANC888	is_a	adult CB0318 neuron	
720575941598563996	BANC_888:720575941598563996	BANC888	is_a	adult CB2588 neuron	
720575941598565824	BANC_888:720575941598565824	BANC888	is_a	T4b neuron	
720575941598566812	BANC_888:720575941598566812	BANC888	is_a	adult AN09B006 neuron	
720575941598569513	BANC_888:720575941598569513	BANC888	is_a	alpha/beta Kenyon cell	
720575941598570537	BANC_888:720575941598570537	BANC888	is_a	adult saddle neuron 021	
720575941598570908	BANC_888:720575941598570908	BANC888	is_a	adult central brain intrinsic neuron	
720575941598584768	BANC_888:720575941598584768	BANC888	is_a	adult cervical nerve neck motor neuron	
720575941598588060	BANC_888:720575941598588060	BANC888	is_a	adult antennal lobe projection neuron VA1v vPN	
720575941598590400	BANC_888:720575941598590400	BANC888	is_a	transmedullary Y neuron TmY9	
720575941598591388	BANC_888:720575941598591388	BANC888	is_a	adult CB1786 neuron	
720575941598592156	BANC_888:720575941598592156	BANC888	is_a	adult CB0930 neuron	
720575941598593948	BANC_888:720575941598593948	BANC888	is_a	adult CB2320 neuron	
720575941598594496	BANC_888:720575941598594496	BANC888	is_a	lobula plate intrinsic neuron LPi34-12	FlyBase:FBrf0262545
720575941598597020	BANC_888:720575941598597020	BANC888	is_a	adult CB0144 neuron	
720575941598597532	BANC_888:720575941598597532	BANC888	is_a	adult anterior ventrolateral protocerebrum neuron 489	
720575941598597788	BANC_888:720575941598597788	BANC888	is_a	adult superior lateral protocerebrum neuron 216	
720575941598598336	BANC_888:720575941598598336	BANC888	is_a	adult SNta43 neuron	
720575941598598812	BANC_888:720575941598598812	BANC888	is_a	adult CB1078 neuron	
720575941598601628	BANC_888:720575941598601628	BANC888	is_a	adult superior medial protocerebrum neuron 469	
720575941598602396	BANC_888:720575941598602396	BANC888	is_a	adult antennal lobe projection neuron VM6+ lvPN 2	
720575941598614172	BANC_888:720575941598614172	BANC888	is_a	adult CB1151 neuron	
720575941598621481	BANC_888:720575941598621481	BANC888	is_a	adult IN14A105 neuron	
720575941598627776	BANC_888:720575941598627776	BANC888	is_a	adult olfactory receptor neuron Or59b	
720575941598630556	BANC_888:720575941598630556	BANC888	is_a	lamina monopolar neuron L5	
720575941598633628	BANC_888:720575941598633628	BANC888	is_a	adult asymmetrical body-fan-shaped body layer 8 neuron	
720575941598633769	BANC_888:720575941598633769	BANC888	is_a	adult IN12B059 neuron	
720575941598634537	BANC_888:720575941598634537	BANC888	is_a	adult IN06A071 neuron	
720575941598634793	BANC_888:720575941598634793	BANC888	is_a	alpha/beta Kenyon cell	
720575941598639296	BANC_888:720575941598639296	BANC888	is_a	adult SNta19 neuron	
720575941598641193	BANC_888:720575941598641193	BANC888	is_a	adult IN04B107 neuron	
720575941598642112	BANC_888:720575941598642112	BANC888	is_a	adult optic lobe intrinsic neuron	
720575941598642729	BANC_888:720575941598642729	BANC888	is_a	adult MNad02 neuron	
720575941598643136	BANC_888:720575941598643136	BANC888	is_a	transmedullary Y neuron TmY5a	
720575941598651804	BANC_888:720575941598651804	BANC888	is_a	adult optic lobe intrinsic neuron	
720575941598660288	BANC_888:720575941598660288	BANC888	is_a	adult AN12B060 neuron	
720575941598660764	BANC_888:720575941598660764	BANC888	is_a	adult optic lobe intrinsic neuron	
720575941598661276	BANC_888:720575941598661276	BANC888	is_a	adult Kenyon cell	
720575941598662848	BANC_888:720575941598662848	BANC888	is_a	proximal medullary amacrine neuron Pm2	FlyBase:FBrf0262545
720575941598665001	BANC_888:720575941598665001	BANC888	is_a	adult optic lobe intrinsic neuron	
720575941598665664	BANC_888:720575941598665664	BANC888	is_a	adult IN19A031 neuron	
720575941598666176	BANC_888:720575941598666176	BANC888	is_a	wing margin mechanosensory bristle	
720575941598670236	BANC_888:720575941598670236	BANC888	is_a	T2a neuron	
720575941598676416	BANC_888:720575941598676416	BANC888	is_a	adult neurosecretory neuron	
720575941598678976	BANC_888:720575941598678976	BANC888	is_a	transmedullary neuron Tm3	
720575941598689728	BANC_888:720575941598689728	BANC888	is_a	adult INXXX297 neuron	
720575941598693276	BANC_888:720575941598693276	BANC888	is_a	medulla intrinsic neuron Mi4	
720575941598693824	BANC_888:720575941598693824	BANC888	is_a	descending neuron of the posterior brain DNp17	
720575941598703040	BANC_888:720575941598703040	BANC888	is_a	adult optic lobe intrinsic neuron	
720575941598703772	BANC_888:720575941598703772	BANC888	is_a	adult gamma Kenyon cell	
720575941598707612	BANC_888:720575941598707612	BANC888	is_a	adult clamp neuron 319	
720575941598712768	BANC_888:720575941598712768	BANC888	is_a	T3 neuron	
720575941598714048	BANC_888:720575941598714048	BANC888	is_a	T4b neuron	
720575941598718505	BANC_888:720575941598718505	BANC888	is_a	adult lobula intrinsic neuron Li22	FlyBase:FBrf0262545
720575941598723484	BANC_888:720575941598723484	BANC888	is_a	adult optic lobe intrinsic neuron	
720575941598726336	BANC_888:720575941598726336	BANC888	is_a	transmedullary neuron Tm6	FlyBase:FBrf0262545
720575941598726556	BANC_888:720575941598726556	BANC888	is_a	adult CB1471 neuron	
720575941598728896	BANC_888:720575941598728896	BANC888	is_a	lobula columnar neuron LC15	
720575941598731305	BANC_888:720575941598731305	BANC888	is_a	T4b neuron	
720575941598732480	BANC_888:720575941598732480	BANC888	is_a	adult lobula plate visual centrifugal neuron 03	
720575941598734492	BANC_888:720575941598734492	BANC888	is_a	labellar taste peg mechanosensory neuron	
720575941598734748	BANC_888:720575941598734748	BANC888	is_a	adult olfactory receptor neuron Or85d	
720575941598738332	BANC_888:720575941598738332	BANC888	is_a	adult optic lobe intrinsic neuron	
720575941598739100	BANC_888:720575941598739100	BANC888	is_a	T5b neuron	
720575941598744000	BANC_888:720575941598744000	BANC888	is_a	adult fan-shaped body layer 4 tangential neuron	FlyBase:FBrf0246888
720575941598748060	BANC_888:720575941598748060	BANC888	is_a	adult optic lobe intrinsic neuron	
720575941598752668	BANC_888:720575941598752668	BANC888	is_a	adult optic lobe intrinsic neuron	
720575941598752809	BANC_888:720575941598752809	BANC888	is_a	medulla intrinsic neuron Mi4	
720575941598755996	BANC_888:720575941598755996	BANC888	is_a	adult optic lobe intrinsic neuron	
720575941598756649	BANC_888:720575941598756649	BANC888	is_a	lobula plate intrinsic neuron LPi4a	FlyBase:FBrf0262545
720575941598765212	BANC_888:720575941598765212	BANC888	is_a	adult clamp neuron 062	
720575941598766121	BANC_888:720575941598766121	BANC888	is_a	adult optic lobe intrinsic neuron	
720575941598767260	BANC_888:720575941598767260	BANC888	is_a	medulla intrinsic neuron Mi9	
720575941598769820	BANC_888:720575941598769820	BANC888	is_a	adult optic lobe intrinsic neuron	
720575941598769961	BANC_888:720575941598769961	BANC888	is_a	T4b neuron	
720575941598781888	BANC_888:720575941598781888	BANC888	is_a	adult olfactory receptor neuron Or85d	
720575941598784668	BANC_888:720575941598784668	BANC888	is_a	adult optic lobe intrinsic neuron	
720575941598789929	BANC_888:720575941598789929	BANC888	is_a	alpha'/beta' middle Kenyon cell	
720575941598792604	BANC_888:720575941598792604	BANC888	is_a	adult olfactory receptor neuron Or88a	
720575941598794176	BANC_888:720575941598794176	BANC888	is_a	adult CB1063 neuron	
720575941598800576	BANC_888:720575941598800576	BANC888	is_a	adult superior intermediate protocerebrum neuron 086	
720575941598803241	BANC_888:720575941598803241	BANC888	is_a	T5d neuron	
720575941598807081	BANC_888:720575941598807081	BANC888	is_a	T5a neuron	
720575941598810012	BANC_888:720575941598810012	BANC888	is_a	T5d neuron	
720575941598813340	BANC_888:720575941598813340	BANC888	is_a	adult optic lobe intrinsic neuron	
720575941598827200	BANC_888:720575941598827200	BANC888	is_a	adult CB1741 neuron	
720575941598828841	BANC_888:720575941598828841	BANC888	is_a	lobula plate columnar neuron LPC1	
720575941598830236	BANC_888:720575941598830236	BANC888	is_a	transmedullary neuron Tm24	FlyBase:FBrf0262545
720575941598831260	BANC_888:720575941598831260	BANC888	is_a	mechanosensory neuron of haustellum bristle	
720575941598832425	BANC_888:720575941598832425	BANC888	is_a	transmedullary neuron Tm2	
720575941598849472	BANC_888:720575941598849472	BANC888	is_a	adult posterior ventrolateral protocerebrum neuron 133	
720575941598852905	BANC_888:720575941598852905	BANC888	is_a	T5b neuron	
720575941598853056	BANC_888:720575941598853056	BANC888	is_a	adult antennal lobe local neuron lLN1	FlyBase:FBrf0249560
720575941598857513	BANC_888:720575941598857513	BANC888	is_a	adult optic lobe intrinsic neuron	
720575941598860736	BANC_888:720575941598860736	BANC888	is_a	adult CB1068 neuron	
720575941598868009	BANC_888:720575941598868009	BANC888	is_a	lobula columnar neuron LC26	
720575941598871593	BANC_888:720575941598871593	BANC888	is_a	transmedullary neuron Tm3	
720575941598871744	BANC_888:720575941598871744	BANC888	is_a	adult CB0250 neuron	
720575941598873244	BANC_888:720575941598873244	BANC888	is_a	adult optic lobe intrinsic neuron	
720575941598877120	BANC_888:720575941598877120	BANC888	is_a	adult posterior lateral protocerebrum neuron 188	
720575941598879529	BANC_888:720575941598879529	BANC888	is_a	transmedullary neuron Tm4	
720575941598882496	BANC_888:720575941598882496	BANC888	is_a	T5d neuron	
720575941598884252	BANC_888:720575941598884252	BANC888	is_a	adult optic lobe intrinsic neuron	
720575941598887324	BANC_888:720575941598887324	BANC888	is_a	adult optic lobe intrinsic neuron	
720575941598897449	BANC_888:720575941598897449	BANC888	is_a	Y neuron Y3	
720575941598899392	BANC_888:720575941598899392	BANC888	is_a	adult CB0367 neuron	
720575941598905385	BANC_888:720575941598905385	BANC888	is_a	transmedullary neuron Tm3	
720575941598907072	BANC_888:720575941598907072	BANC888	is_a	descending neuron of the anterior dorsal brain DNa13	
720575941598908096	BANC_888:720575941598908096	BANC888	is_a	adult CB0405 neuron	
720575941598909632	BANC_888:720575941598909632	BANC888	is_a	adult clamp neuron 118	
720575941598910364	BANC_888:720575941598910364	BANC888	is_a	adult optic lobe intrinsic neuron	
720575941598913577	BANC_888:720575941598913577	BANC888	is_a	lobula columnar neuron LC9	
720575941598915264	BANC_888:720575941598915264	BANC888	is_a	adult CB2313 neuron	
720575941598916764	BANC_888:720575941598916764	BANC888	is_a	adult SNpp55 neuron	
720575941598917020	BANC_888:720575941598917020	BANC888	is_a	adult optic lobe intrinsic neuron	
720575941598918080	BANC_888:720575941598918080	BANC888	is_a	adult CB2744 neuron	
720575941598920640	BANC_888:720575941598920640	BANC888	is_a	adult posterior ventrolateral protocerebrum neuron 102	
720575941598922176	BANC_888:720575941598922176	BANC888	is_a	adult uniglomerular antennal lobe projection neuron vPN	
720575941598922537	BANC_888:720575941598922537	BANC888	is_a	T4a neuron	
720575941598922908	BANC_888:720575941598922908	BANC888	is_a	medulla intrinsic neuron Mi1	
720575941598924444	BANC_888:720575941598924444	BANC888	is_a	mechanosensory neuron of hair plate	
720575941598929856	BANC_888:720575941598929856	BANC888	is_a	gamma main Kenyon cell	
720575941598932265	BANC_888:720575941598932265	BANC888	is_a	adult optic lobe intrinsic neuron	
720575941598932416	BANC_888:720575941598932416	BANC888	is_a	adult superior medial protocerebrum neuron 341	
720575941598933289	BANC_888:720575941598933289	BANC888	is_a	T4b neuron	
720575941598939072	BANC_888:720575941598939072	BANC888	is_a	photoreceptor cell R7	
720575941598941340	BANC_888:720575941598941340	BANC888	is_a	lamina monopolar neuron L4	
720575941598943680	BANC_888:720575941598943680	BANC888	is_a	transmedullary Y neuron TmY14	
720575941598950556	BANC_888:720575941598950556	BANC888	is_a	descending neuron of the gnathal ganglion DNg27	
720575941598952604	BANC_888:720575941598952604	BANC888	is_a	adult ANXXX214 neuron	
720575941598954908	BANC_888:720575941598954908	BANC888	is_a	mechanosensory neuron of hair plate	
720575941598955200	BANC_888:720575941598955200	BANC888	is_a	adult posterior lateral protocerebrum neuron 057	
720575941598957609	BANC_888:720575941598957609	BANC888	is_a	T5b neuron	
720575941598960028	BANC_888:720575941598960028	BANC888	is_a	adult IN02A060 neuron	
720575941598961600	BANC_888:720575941598961600	BANC888	is_a	lobula columnar neuron LC11	
720575941598962332	BANC_888:720575941598962332	BANC888	is_a	lamina monopolar neuron L4	
720575941598965289	BANC_888:720575941598965289	BANC888	is_a	proximal medullary amacrine neuron Pm2	FlyBase:FBrf0262545
720575941598966208	BANC_888:720575941598966208	BANC888	is_a	alpha'/beta' middle Kenyon cell	
720575941598970048	BANC_888:720575941598970048	BANC888	is_a	adult CB3623 neuron	
720575941598970268	BANC_888:720575941598970268	BANC888	is_a	lamina monopolar neuron L1	
720575941598975424	BANC_888:720575941598975424	BANC888	is_a	adult vest neuron 071	
720575941598975701	BANC_888:720575941598975701	BANC888	is_a	lamina monopolar neuron L5	
720575941598976704	BANC_888:720575941598976704	BANC888	is_a	adult CB2443 neuron	
720575941598977472	BANC_888:720575941598977472	BANC888	is_a	adult mAL-PN lateral horn input neuron	
720575941598977577	BANC_888:720575941598977577	BANC888	is_a	lobula intrinsic neuron Li14	FlyBase:FBrf0262545
720575941598979008	BANC_888:720575941598979008	BANC888	is_a	adult olfactory receptor neuron Ir31a	
720575941598979625	BANC_888:720575941598979625	BANC888	is_a	distal medullary amacrine neuron Dm3c	FlyBase:FBrf0262545
720575941598981824	BANC_888:720575941598981824	BANC888	is_a	adult central brain intrinsic neuron	
720575941598982185	BANC_888:720575941598982185	BANC888	is_a	lobula plate columnar neuron LPC1	
720575941598987049	BANC_888:720575941598987049	BANC888	is_a	T4d neuron	
720575941598988188	BANC_888:720575941598988188	BANC888	is_a	zone E Johnston organ neuron	
720575941598995100	BANC_888:720575941598995100	BANC888	is_a	lamina monopolar neuron L5	
720575941598999708	BANC_888:720575941598999708	BANC888	is_a	photoreceptor cell R7	
720575941599001280	BANC_888:720575941599001280	BANC888	is_a	adult CB1442 neuron	
720575941599003036	BANC_888:720575941599003036	BANC888	is_a	T2a neuron	
720575941599005340	BANC_888:720575941599005340	BANC888	is_a	wing margin mechanosensory bristle	
720575941599007388	BANC_888:720575941599007388	BANC888	is_a	bristle sensory neuron	
720575941599008809	BANC_888:720575941599008809	BANC888	is_a	T4a neuron	
720575941599010716	BANC_888:720575941599010716	BANC888	is_a	lamina monopolar neuron L2	
720575941599011264	BANC_888:720575941599011264	BANC888	is_a	adult superior lateral protocerebrum neuron 376	
720575941599011625	BANC_888:720575941599011625	BANC888	is_a	transmedullary Y neuron TmY4	
720575941599012288	BANC_888:720575941599012288	BANC888	is_a	adult crepine neuron 075	
720575941599012905	BANC_888:720575941599012905	BANC888	is_a	distal medullary amacrine neuron Dm3a	FlyBase:FBrf0262545
720575941599013161	BANC_888:720575941599013161	BANC888	is_a	T2a neuron	
720575941599013312	BANC_888:720575941599013312	BANC888	is_a	adult anterior ventrolateral protocerebrum neuron 454	
720575941599015068	BANC_888:720575941599015068	BANC888	is_a	distal medullary amacrine neuron Dm11	
720575941599015836	BANC_888:720575941599015836	BANC888	is_a	lamina monopolar neuron L3	
720575941599016233	BANC_888:720575941599016233	BANC888	is_a	distal medullary amacrine neuron Dm3b	FlyBase:FBrf0262545
720575941599018537	BANC_888:720575941599018537	BANC888	is_a	T4b neuron	
720575941599022784	BANC_888:720575941599022784	BANC888	is_a	adult lateral accessory lobe neuron 019	
720575941599023296	BANC_888:720575941599023296	BANC888	is_a	adult CB3482 neuron	
720575941599023913	BANC_888:720575941599023913	BANC888	is_a	T4d neuron	
720575941599025449	BANC_888:720575941599025449	BANC888	is_a	T5c neuron	
720575941599025820	BANC_888:720575941599025820	BANC888	is_a	adult fan-shaped body vertical delta neuron	FlyBase:FBrf0246888
720575941599027904	BANC_888:720575941599027904	BANC888	is_a	adult superior intermediate protocerebrum neuron 055	
720575941599029184	BANC_888:720575941599029184	BANC888	is_a	adult anterior ventrolateral protocerebrum neuron 557	
720575941599031232	BANC_888:720575941599031232	BANC888	is_a	adult CB0051 neuron	
720575941599033536	BANC_888:720575941599033536	BANC888	is_a	adult superior lateral protocerebrum neuron 025	
720575941599033792	BANC_888:720575941599033792	BANC888	is_a	adult anterior ventrolateral protocerebrum neuron 100	
720575941599034560	BANC_888:720575941599034560	BANC888	is_a	adult descending neuron of the outside anterior cluster DNde005	
720575941599034780	BANC_888:720575941599034780	BANC888	is_a	lamina monopolar neuron L2	
720575941599035548	BANC_888:720575941599035548	BANC888	is_a	photoreceptor cell R8	
720575941599036352	BANC_888:720575941599036352	BANC888	is_a	adult fan-shaped body 1 column-crepine neuron	FlyBase:FBrf0246888
720575941599036828	BANC_888:720575941599036828	BANC888	is_a	photoreceptor cell R7	
720575941599037376	BANC_888:720575941599037376	BANC888	is_a	adult CB3587 neuron	
720575941599042089	BANC_888:720575941599042089	BANC888	is_a	lobula-lobula plate columnar neuron LLPC1	
720575941599043484	BANC_888:720575941599043484	BANC888	is_a	lamina monopolar neuron L4	
720575941599045532	BANC_888:720575941599045532	BANC888	is_a	lamina monopolar neuron L4	
720575941599045788	BANC_888:720575941599045788	BANC888	is_a	transmedullary neuron Tm4	
720575941599048384	BANC_888:720575941599048384	BANC888	is_a	adult CB1280 neuron	
720575941599049152	BANC_888:720575941599049152	BANC888	is_a	adult DNut042 neuron	
720575941599049664	BANC_888:720575941599049664	BANC888	is_a	adult antler neuron 024	
720575941599049920	BANC_888:720575941599049920	BANC888	is_a	adult olfactory receptor neuron Or67a	
720575941599050652	BANC_888:720575941599050652	BANC888	is_a	lamina monopolar neuron L4	
720575941599051420	BANC_888:720575941599051420	BANC888	is_a	lamina monopolar neuron L1	
720575941599051968	BANC_888:720575941599051968	BANC888	is_a	adult CB0316 neuron	
720575941599054272	BANC_888:720575941599054272	BANC888	is_a	lobula columnar neuron LC18	
720575941599060672	BANC_888:720575941599060672	BANC888	is_a	adult CB0987 neuron	
720575941599061952	BANC_888:720575941599061952	BANC888	is_a	adult CB2107 neuron	
720575941599063232	BANC_888:720575941599063232	BANC888	is_a	adult AN18B022 neuron	
720575941599064256	BANC_888:720575941599064256	BANC888	is_a	adult lateral accessory lobe neuron 019	
720575941599065280	BANC_888:720575941599065280	BANC888	is_a	adult CB0897 neuron	
720575941599066048	BANC_888:720575941599066048	BANC888	is_a	adult olfactory receptor neuron Or83c	
720575941599070144	BANC_888:720575941599070144	BANC888	is_a	adult superior lateral protocerebrum neuron 368	
720575941599073216	BANC_888:720575941599073216	BANC888	is_a	adult CB2510 neuron	
720575941599076905	BANC_888:720575941599076905	BANC888	is_a	lobula-lobula plate columnar neuron LLPC2	
720575941599077020	BANC_888:720575941599077020	BANC888	is_a	lamina monopolar neuron L2	
720575941599078848	BANC_888:720575941599078848	BANC888	is_a	adult CB0118 neuron	
720575941599081664	BANC_888:720575941599081664	BANC888	is_a	adult lobula visual projection neuron LoVP98	
720575941599083456	BANC_888:720575941599083456	BANC888	is_a	lobula columnar neuron LC12	
720575941599086784	BANC_888:720575941599086784	BANC888	is_a	AC thermosensory neuron	
720575941599092160	BANC_888:720575941599092160	BANC888	is_a	adult optic lobe intrinsic neuron	
720575941599092672	BANC_888:720575941599092672	BANC888	is_a	adult optic lobe intrinsic neuron	
720575941599094428	BANC_888:720575941599094428	BANC888	is_a	lobula columnar neuron LC4	
720575941599098560	BANC_888:720575941599098560	BANC888	is_a	adult optic lobe intrinsic neuron	
720575941599100316	BANC_888:720575941599100316	BANC888	is_a	lamina monopolar neuron L1	
720575941599102400	BANC_888:720575941599102400	BANC888	is_a	adult medulla-tubercle neuron 3	
720575941599106857	BANC_888:720575941599106857	BANC888	is_a	lobula columnar neuron LC12	
720575941599107520	BANC_888:720575941599107520	BANC888	is_a	adult optic lobe intrinsic neuron	
720575941599114688	BANC_888:720575941599114688	BANC888	is_a	adult PNS neuron	
720575941599126208	BANC_888:720575941599126208	BANC888	is_a	adult optic lobe intrinsic neuron	
720575941599130268	BANC_888:720575941599130268	BANC888	is_a	zone E Johnston organ neuron	
720575941599130560	BANC_888:720575941599130560	BANC888	is_a	adult optic lobe intrinsic neuron	
720575941599130780	BANC_888:720575941599130780	BANC888	is_a	adult SNxx05 neuron	
720575941599132352	BANC_888:720575941599132352	BANC888	is_a	T3 neuron	
720575941599132864	BANC_888:720575941599132864	BANC888	is_a	T2 neuron	
720575941599133481	BANC_888:720575941599133481	BANC888	is_a	adult optic lobe intrinsic neuron	
720575941599134249	BANC_888:720575941599134249	BANC888	is_a	adult optic lobe intrinsic neuron	
720575941599136668	BANC_888:720575941599136668	BANC888	is_a	adult optic lobe intrinsic neuron	
720575941599137577	BANC_888:720575941599137577	BANC888	is_a	distal medullary amacrine neuron Dm3b	FlyBase:FBrf0262545
720575941599145884	BANC_888:720575941599145884	BANC888	is_a	lamina monopolar neuron L5	
720575941599148736	BANC_888:720575941599148736	BANC888	is_a	lobula columnar neuron LC6	
720575941599154112	BANC_888:720575941599154112	BANC888	is_a	Y neuron Y11	
720575941599154588	BANC_888:720575941599154588	BANC888	is_a	T2a neuron	
720575941599156160	BANC_888:720575941599156160	BANC888	is_a	Y neuron Y11	
720575941599158464	BANC_888:720575941599158464	BANC888	is_a	visual projection neuron	
720575941599164352	BANC_888:720575941599164352	BANC888	is_a	lamina monopolar neuron L2	
720575941599165340	BANC_888:720575941599165340	BANC888	is_a	lamina monopolar neuron L2	
720575941599182784	BANC_888:720575941599182784	BANC888	is_a	visual projection neuron	
720575941599183040	BANC_888:720575941599183040	BANC888	is_a	adult central medulla intrinsic neuron Cm2	FlyBase:FBrf0262545
720575941599194048	BANC_888:720575941599194048	BANC888	is_a	transmedullary neuron Tm16	
720575941599195036	BANC_888:720575941599195036	BANC888	is_a	adult optic lobe intrinsic neuron	
720575941599197993	BANC_888:720575941599197993	BANC888	is_a	T5c neuron	
720575941599210908	BANC_888:720575941599210908	BANC888	is_a	adult optic lobe intrinsic neuron	
720575941599211817	BANC_888:720575941599211817	BANC888	is_a	lobula intrinsic neuron Li14	FlyBase:FBrf0262545
720575941599217449	BANC_888:720575941599217449	BANC888	is_a	transmedullary neuron Tm1	
720575941599217705	BANC_888:720575941599217705	BANC888	is_a	medulla intrinsic neuron Mi4	
720575941599219497	BANC_888:720575941599219497	BANC888	is_a	T4a neuron	
720575941599223744	BANC_888:720575941599223744	BANC888	is_a	distal medullary amacrine neuron Dm20	
720575941599226048	BANC_888:720575941599226048	BANC888	is_a	adult IN23B065 neuron	
720575941599232192	BANC_888:720575941599232192	BANC888	is_a	T4b neuron	
720575941599236137	BANC_888:720575941599236137	BANC888	is_a	T5d neuron	
720575941599240489	BANC_888:720575941599240489	BANC888	is_a	adult SNta45 neuron	
720575941599248796	BANC_888:720575941599248796	BANC888	is_a	adult optic lobe intrinsic neuron	
720575941599249088	BANC_888:720575941599249088	BANC888	is_a	adult optic lobe intrinsic neuron	
720575941599251392	BANC_888:720575941599251392	BANC888	is_a	adult medulla-tubercle neuron 1	
720575941599253033	BANC_888:720575941599253033	BANC888	is_a	Y neuron Y3	
720575941599256361	BANC_888:720575941599256361	BANC888	is_a	T3 neuron	
720575941599259036	BANC_888:720575941599259036	BANC888	is_a	adult CB1377 neuron	
720575941599260316	BANC_888:720575941599260316	BANC888	is_a	adult posterior lateral protocerebrum neuron 211	
720575941599261340	BANC_888:720575941599261340	BANC888	is_a	adult antennal lobe local neuron lLN2T	
720575941599261852	BANC_888:720575941599261852	BANC888	is_a	adult AN09B003 neuron	
720575941599262364	BANC_888:720575941599262364	BANC888	is_a	adult CB2178 neuron	
720575941599266460	BANC_888:720575941599266460	BANC888	is_a	adult CB2968 neuron	
720575941599269020	BANC_888:720575941599269020	BANC888	is_a	lamina monopolar neuron L4	
720575941599275164	BANC_888:720575941599275164	BANC888	is_a	adult superior medial protocerebrum neuron 278	
720575941599275676	BANC_888:720575941599275676	BANC888	is_a	adult superior medial protocerebrum neuron 533	
720575941599276188	BANC_888:720575941599276188	BANC888	is_a	adult mAL-PN lateral horn input neuron	
720575941599276585	BANC_888:720575941599276585	BANC888	is_a	T4c neuron	
720575941599277212	BANC_888:720575941599277212	BANC888	is_a	descending neuron of the gnathal ganglion DNg87	
720575941599277980	BANC_888:720575941599277980	BANC888	is_a	adult CB0678 neuron	
720575941599279913	BANC_888:720575941599279913	BANC888	is_a	T5d neuron	
720575941599280169	BANC_888:720575941599280169	BANC888	is_a	T5d neuron	
720575941599282112	BANC_888:720575941599282112	BANC888	is_a	transmedullary neuron Tm2	
720575941599282588	BANC_888:720575941599282588	BANC888	is_a	lobula columnar neuron LC10d	
720575941599284636	BANC_888:720575941599284636	BANC888	is_a	adult CB3593 neuron	
720575941599286940	BANC_888:720575941599286940	BANC888	is_a	adult lateral horn centrifugal neuron 2	
720575941599287196	BANC_888:720575941599287196	BANC888	is_a	adult medulla visual projection neuron MeVP1	FlyBase:FBrf0262545
720575941599288220	BANC_888:720575941599288220	BANC888	is_a	alpha'/beta' middle Kenyon cell	
720575941599288476	BANC_888:720575941599288476	BANC888	is_a	adult CB1268 neuron	
720575941599289244	BANC_888:720575941599289244	BANC888	is_a	femoral chordotonal hook neuron	
720575941599290409	BANC_888:720575941599290409	BANC888	is_a	medulla intrinsic neuron Mi13	
720575941599291177	BANC_888:720575941599291177	BANC888	is_a	distal medullary amacrine neuron Dm8a	
720575941599291548	BANC_888:720575941599291548	BANC888	is_a	adult CB1495 neuron	
720575941599293481	BANC_888:720575941599293481	BANC888	is_a	T4d neuron	
720575941599293737	BANC_888:720575941599293737	BANC888	is_a	T2a neuron	
720575941599295132	BANC_888:720575941599295132	BANC888	is_a	adult CB2766 neuron	
720575941599295424	BANC_888:720575941599295424	BANC888	is_a	medulla intrinsic neuron Mi1	
720575941599296192	BANC_888:720575941599296192	BANC888	is_a	adult optic lobe intrinsic neuron	
720575941599301532	BANC_888:720575941599301532	BANC888	is_a	adult CB1148 neuron	
720575941599302953	BANC_888:720575941599302953	BANC888	is_a	alpha/beta Kenyon cell	
720575941599304604	BANC_888:720575941599304604	BANC888	is_a	adult CB3169 neuron	
720575941599304860	BANC_888:720575941599304860	BANC888	is_a	MB-alpha neuron of the dopaminergic PPL1 cluster	
720575941599306176	BANC_888:720575941599306176	BANC888	is_a	adult olfactory receptor neuron Or47b	
720575941599306432	BANC_888:720575941599306432	BANC888	is_a	medulla intrinsic neuron Mi4	
720575941599308841	BANC_888:720575941599308841	BANC888	is_a	adult olfactory receptor neuron Ir41a	
720575941599311004	BANC_888:720575941599311004	BANC888	is_a	adult CB2009 neuron	
720575941599312796	BANC_888:720575941599312796	BANC888	is_a	adult CB0785 neuron	
720575941599315100	BANC_888:720575941599315100	BANC888	is_a	adult lateral horn PV6r1 neuron	
720575941599317916	BANC_888:720575941599317916	BANC888	is_a	adult CB1420 neuron	
720575941599318208	BANC_888:720575941599318208	BANC888	is_a	adult optic lobe intrinsic neuron	
720575941599318464	BANC_888:720575941599318464	BANC888	is_a	adult optic lobe intrinsic neuron	
720575941599318720	BANC_888:720575941599318720	BANC888	is_a	T5c neuron	
720575941599318976	BANC_888:720575941599318976	BANC888	is_a	adult optic lobe intrinsic neuron	
720575941599319744	BANC_888:720575941599319744	BANC888	is_a	T5d neuron	
720575941599320000	BANC_888:720575941599320000	BANC888	is_a	T4d neuron	
720575941599324864	BANC_888:720575941599324864	BANC888	is_a	T2a neuron	
720575941599326505	BANC_888:720575941599326505	BANC888	is_a	adult AN06B051 neuron	
720575941599326876	BANC_888:720575941599326876	BANC888	is_a	adult posterior slope neuron 289	
720575941599327388	BANC_888:720575941599327388	BANC888	is_a	adult lateral accessory lobe neuron 133	
720575941599331518	BANC_888:720575941599331518	BANC888	is_a	adult prosternal chordotonal organ neuron	
720575941599332764	BANC_888:720575941599332764	BANC888	is_a	adult CB3603 neuron	
720575941599333532	BANC_888:720575941599333532	BANC888	is_a	adult CB3088 neuron	
720575941599334300	BANC_888:720575941599334300	BANC888	is_a	adult fan-shaped body layer 9 neuron of DALcl2 lineage	
720575941599334556	BANC_888:720575941599334556	BANC888	is_a	adult CB1648 neuron	
720575941599335068	BANC_888:720575941599335068	BANC888	is_a	adult fan-shaped body 1 column-superior medial protocerebrum neuron	FlyBase:FBrf0246888
720575941599335836	BANC_888:720575941599335836	BANC888	is_a	adult superior lateral protocerebrum neuron 158	
720575941599336860	BANC_888:720575941599336860	BANC888	is_a	adult CB2738 neuron	
720575941599337628	BANC_888:720575941599337628	BANC888	is_a	adult central brain intrinsic neuron	
720575941599339676	BANC_888:720575941599339676	BANC888	is_a	adult lateral horn PV4h1 neuron	
720575941599341468	BANC_888:720575941599341468	BANC888	is_a	adult crepine neuron 042	
720575941599341609	BANC_888:720575941599341609	BANC888	is_a	T4b neuron	
720575941599343040	BANC_888:720575941599343040	BANC888	is_a	adult CB1482 neuron	
720575941599343401	BANC_888:720575941599343401	BANC888	is_a	T5d neuron	
720575941599343657	BANC_888:720575941599343657	BANC888	is_a	T4c neuron	
720575941599344169	BANC_888:720575941599344169	BANC888	is_a	T5a neuron	
720575941599345308	BANC_888:720575941599345308	BANC888	is_a	adult anterior ventrolateral protocerebrum neuron 268	
720575941599345600	BANC_888:720575941599345600	BANC888	is_a	adult central brain intrinsic neuron	
720575941599345820	BANC_888:720575941599345820	BANC888	is_a	adult vest neuron 060	
720575941599346588	BANC_888:720575941599346588	BANC888	is_a	adult CB1357 neuron	
720575941599346844	BANC_888:720575941599346844	BANC888	is_a	adult optic lobe intrinsic neuron	
720575941599351196	BANC_888:720575941599351196	BANC888	is_a	visual projection neuron	
720575941599351849	BANC_888:720575941599351849	BANC888	is_a	adult IN23B023 neuron	
720575941599355072	BANC_888:720575941599355072	BANC888	is_a	distal medullary amacrine neuron Dm3b	FlyBase:FBrf0262545
720575941599355328	BANC_888:720575941599355328	BANC888	is_a	adult optic lobe intrinsic neuron	
720575941599359132	BANC_888:720575941599359132	BANC888	is_a	adult optic lobe intrinsic neuron	
720575941599361692	BANC_888:720575941599361692	BANC888	is_a	lamina monopolar neuron L5	
720575941599362857	BANC_888:720575941599362857	BANC888	is_a	centrifugal neuron C3	
720575941599366336	BANC_888:720575941599366336	BANC888	is_a	adult optic lobe intrinsic neuron	
720575941599367360	BANC_888:720575941599367360	BANC888	is_a	distal medullary amacrine neuron Dm10	
720575941599372480	BANC_888:720575941599372480	BANC888	is_a	distal medullary amacrine neuron Dm11	
720575941599391900	BANC_888:720575941599391900	BANC888	is_a	adult SNch05 neuron	
720575941599395369	BANC_888:720575941599395369	BANC888	is_a	transmedullary neuron Tm9	
720575941599398556	BANC_888:720575941599398556	BANC888	is_a	lobula columnar neuron LC10c	
720575941599399977	BANC_888:720575941599399977	BANC888	is_a	columnar neuron T1	
720575941599402140	BANC_888:720575941599402140	BANC888	is_a	transmedullary neuron Tm24	FlyBase:FBrf0262545
720575941599407552	BANC_888:720575941599407552	BANC888	is_a	adult IN14A029 neuron	
720575941599408796	BANC_888:720575941599408796	BANC888	is_a	lamina monopolar neuron L2	
720575941599410844	BANC_888:720575941599410844	BANC888	is_a	adult optic lobe intrinsic neuron	
720575941599415337	BANC_888:720575941599415337	BANC888	is_a	adult optic lobe intrinsic neuron	
720575941599418665	BANC_888:720575941599418665	BANC888	is_a	gamma main Kenyon cell	
720575941599422912	BANC_888:720575941599422912	BANC888	is_a	centrifugal neuron C2	
720575941599423900	BANC_888:720575941599423900	BANC888	is_a	T3 neuron	
720575941599424553	BANC_888:720575941599424553	BANC888	is_a	alpha/beta Kenyon cell	
720575941599426240	BANC_888:720575941599426240	BANC888	is_a	columnar neuron T1	
720575941599430300	BANC_888:720575941599430300	BANC888	is_a	adult optic lobe intrinsic neuron	
720575941599433408	BANC_888:720575941599433408	BANC888	is_a	adult SNta20 neuron	
720575941599433664	BANC_888:720575941599433664	BANC888	is_a	adult IN06B008 neuron	
720575941599434281	BANC_888:720575941599434281	BANC888	is_a	alpha/beta Kenyon cell	
720575941599438272	BANC_888:720575941599438272	BANC888	is_a	columnar neuron T1	
720575941599440064	BANC_888:720575941599440064	BANC888	is_a	lamina monopolar neuron L4	
720575941599444777	BANC_888:720575941599444777	BANC888	is_a	adult IN12A043 neuron	
720575941599445440	BANC_888:720575941599445440	BANC888	is_a	lamina monopolar neuron L1	
720575941599450921	BANC_888:720575941599450921	BANC888	is_a	adult IN07B099 neuron	
720575941599456668	BANC_888:720575941599456668	BANC888	is_a	zone E Johnston organ neuron	
720575941599457065	BANC_888:720575941599457065	BANC888	is_a	adult IN23B023 neuron	
720575941599459881	BANC_888:720575941599459881	BANC888	is_a	adult IN01A061 neuron	
720575941599460764	BANC_888:720575941599460764	BANC888	is_a	transmedullary Y neuron TmY5a	
720575941599461161	BANC_888:720575941599461161	BANC888	is_a	adult IN20A.22A066 neuron	
720575941599462080	BANC_888:720575941599462080	BANC888	is_a	lamina monopolar neuron L5	
720575941599462556	BANC_888:720575941599462556	BANC888	is_a	lamina monopolar neuron L2	
720575941599462848	BANC_888:720575941599462848	BANC888	is_a	adult CB3347 neuron	
720575941599463977	BANC_888:720575941599463977	BANC888	is_a	adult IN16B075 neuron	
720575941599464233	BANC_888:720575941599464233	BANC888	is_a	sensory neuron of wing campaniform sensillum	
720575941599466537	BANC_888:720575941599466537	BANC888	is_a	adult IN01B031 neuron	
720575941599470528	BANC_888:720575941599470528	BANC888	is_a	adult SNta21 neuron	
720575941599470889	BANC_888:720575941599470889	BANC888	is_a	adult SNta37 neuron	
720575941599478464	BANC_888:720575941599478464	BANC888	is_a	lamina monopolar neuron L1	
720575941599482268	BANC_888:720575941599482268	BANC888	is_a	lamina monopolar neuron L1	
720575941599486656	BANC_888:720575941599486656	BANC888	is_a	adult SNta21 neuron	
720575941599490345	BANC_888:720575941599490345	BANC888	is_a	adult fan-shaped body horizontal delta neuron J	
720575941599490972	BANC_888:720575941599490972	BANC888	is_a	wing margin taste bristle	
720575941599495360	BANC_888:720575941599495360	BANC888	is_a	lamina monopolar neuron L1	
720575941599496640	BANC_888:720575941599496640	BANC888	is_a	photoreceptor cell R7	
720575941599497884	BANC_888:720575941599497884	BANC888	is_a	adult optic lobe intrinsic neuron	
720575941599500700	BANC_888:720575941599500700	BANC888	is_a	adult optic lobe intrinsic neuron	
720575941599505344	BANC_888:720575941599505344	BANC888	is_a	centrifugal neuron C3	
720575941599510428	BANC_888:720575941599510428	BANC888	is_a	adult optic lobe intrinsic neuron	
720575941599510720	BANC_888:720575941599510720	BANC888	is_a	photoreceptor cell R7	
720575941599515433	BANC_888:720575941599515433	BANC888	is_a	adult SNta30 neuron	
720575941599515584	BANC_888:720575941599515584	BANC888	is_a	adult optic lobe intrinsic neuron	
720575941599516060	BANC_888:720575941599516060	BANC888	is_a	adult optic lobe intrinsic neuron	
720575941599516201	BANC_888:720575941599516201	BANC888	is_a	femoral chordotonal hook neuron	
720575941599516572	BANC_888:720575941599516572	BANC888	is_a	centrifugal neuron C3	
720575941599519680	BANC_888:720575941599519680	BANC888	is_a	lamina monopolar neuron L5	
720575941599520702	BANC_888:720575941599520702	BANC888	is_a	femoral chordotonal club neuron	
720575941599521180	BANC_888:720575941599521180	BANC888	is_a	transmedullary Y neuron TmY3	
720575941599523228	BANC_888:720575941599523228	BANC888	is_a	adult optic lobe intrinsic neuron	
720575941599524252	BANC_888:720575941599524252	BANC888	is_a	adult optic lobe intrinsic neuron	
720575941599525020	BANC_888:720575941599525020	BANC888	is_a	transmedullary neuron Tm5b	
720575941599526953	BANC_888:720575941599526953	BANC888	is_a	adult SNta30 neuron	
720575941599527872	BANC_888:720575941599527872	BANC888	is_a	lamina monopolar neuron L3	
720575941599528092	BANC_888:720575941599528092	BANC888	is_a	adult optic lobe intrinsic neuron	
720575941599529884	BANC_888:720575941599529884	BANC888	is_a	adult CB2025 neuron	
720575941599530281	BANC_888:720575941599530281	BANC888	is_a	wing margin mechanosensory bristle	
720575941599531200	BANC_888:720575941599531200	BANC888	is_a	adult optic lobe intrinsic neuron	
720575941599531420	BANC_888:720575941599531420	BANC888	is_a	medulla intrinsic neuron Mi1	
720575941599532188	BANC_888:720575941599532188	BANC888	is_a	adult lateral accessory lobe neuron 203	
720575941599540892	BANC_888:720575941599540892	BANC888	is_a	adult optic lobe intrinsic neuron	
720575941599541404	BANC_888:720575941599541404	BANC888	is_a	transmedullary Y neuron TmY18	FlyBase:FBrf0262545
720575941599542428	BANC_888:720575941599542428	BANC888	is_a	transmedullary neuron Tm16	
720575941599542684	BANC_888:720575941599542684	BANC888	is_a	adult optic lobe intrinsic neuron	
720575941599543196	BANC_888:720575941599543196	BANC888	is_a	adult optic lobe intrinsic neuron	
720575941599543593	BANC_888:720575941599543593	BANC888	is_a	mechanosensory neuron of interommatidial bristle	
720575941599545536	BANC_888:720575941599545536	BANC888	is_a	proximal medullary amacrine neuron Pm1	FlyBase:FBrf0262545
720575941599546816	BANC_888:720575941599546816	BANC888	is_a	adult optic lobe intrinsic neuron	
720575941599547689	BANC_888:720575941599547689	BANC888	is_a	gamma main Kenyon cell	
720575941599549340	BANC_888:720575941599549340	BANC888	is_a	adult optic lobe intrinsic neuron	
720575941599549596	BANC_888:720575941599549596	BANC888	is_a	adult optic lobe intrinsic neuron	
720575941599552412	BANC_888:720575941599552412	BANC888	is_a	T4c neuron	
720575941599552704	BANC_888:720575941599552704	BANC888	is_a	lamina monopolar neuron L5	
720575941599553180	BANC_888:720575941599553180	BANC888	is_a	adult optic lobe intrinsic neuron	
720575941599553216	BANC_888:720575941599553216	BANC888	is_a	T3 neuron	
720575941599554972	BANC_888:720575941599554972	BANC888	is_a	adult optic lobe intrinsic neuron	
720575941599556252	BANC_888:720575941599556252	BANC888	is_a	adult central medulla intrinsic neuron Cm4	FlyBase:FBrf0262545
720575941599557532	BANC_888:720575941599557532	BANC888	is_a	adult optic lobe intrinsic neuron	
720575941599558044	BANC_888:720575941599558044	BANC888	is_a	adult optic lobe intrinsic neuron	
720575941599558300	BANC_888:720575941599558300	BANC888	is_a	transmedullary neuron Tm12	FlyBase:FBrf0262545
720575941599558812	BANC_888:720575941599558812	BANC888	is_a	adult optic lobe intrinsic neuron	
720575941599559836	BANC_888:720575941599559836	BANC888	is_a	columnar neuron T1	
720575941599560348	BANC_888:720575941599560348	BANC888	is_a	adult optic lobe intrinsic neuron	
720575941599563420	BANC_888:720575941599563420	BANC888	is_a	transmedullary neuron Tm5c	
720575941599564956	BANC_888:720575941599564956	BANC888	is_a	adult optic lobe intrinsic neuron	
720575941599565212	BANC_888:720575941599565212	BANC888	is_a	adult optic lobe intrinsic neuron	
720575941599567004	BANC_888:720575941599567004	BANC888	is_a	T4d neuron	
720575941599567401	BANC_888:720575941599567401	BANC888	is_a	adult IN20A.22A039 neuron	
720575941599568169	BANC_888:720575941599568169	BANC888	is_a	sensory neuron	
720575941599568796	BANC_888:720575941599568796	BANC888	is_a	adult medulla-tubercle neuron 1	
720575941599574313	BANC_888:720575941599574313	BANC888	is_a	adult olfactory receptor neuron Or85b	
720575941599575593	BANC_888:720575941599575593	BANC888	is_a	mesothoracic leg taste bristle chemosensory neuron	
720575941599576476	BANC_888:720575941599576476	BANC888	is_a	lobula columnar neuron LC12	
720575941599578409	BANC_888:720575941599578409	BANC888	is_a	adult SNch10 neuron	
720575941599579036	BANC_888:720575941599579036	BANC888	is_a	adult optic lobe intrinsic neuron	
720575941599581084	BANC_888:720575941599581084	BANC888	is_a	lamina monopolar neuron L2	
720575941599584156	BANC_888:720575941599584156	BANC888	is_a	adult optic lobe intrinsic neuron	
720575941599587113	BANC_888:720575941599587113	BANC888	is_a	mechanosensory neuron of interommatidial bristle	
720575941599588649	BANC_888:720575941599588649	BANC888	is_a	adult SNch10 neuron	
720575941599588764	BANC_888:720575941599588764	BANC888	is_a	transmedullary neuron Tm4	
720575941599589056	BANC_888:720575941599589056	BANC888	is_a	photoreceptor cell R8	
720575941599589788	BANC_888:720575941599589788	BANC888	is_a	adult optic lobe intrinsic neuron	
720575941599591104	BANC_888:720575941599591104	BANC888	is_a	distal medullary amacrine neuron Dm2	
720575941599593001	BANC_888:720575941599593001	BANC888	is_a	mechanosensory neuron of interommatidial bristle	
720575941599595049	BANC_888:720575941599595049	BANC888	is_a	mechanosensory neuron of interommatidial bristle	
720575941599596736	BANC_888:720575941599596736	BANC888	is_a	lamina monopolar neuron L1	
720575941599597353	BANC_888:720575941599597353	BANC888	is_a	adult SNta30 neuron	
720575941599597609	BANC_888:720575941599597609	BANC888	is_a	gustatory receptor neuron of the labellum	
720575941599600169	BANC_888:720575941599600169	BANC888	is_a	adult olfactory receptor neuron Or47a	
720575941599600796	BANC_888:720575941599600796	BANC888	is_a	adult medulla visual projection neuron MeVP3	FlyBase:FBrf0262545
720575941599604521	BANC_888:720575941599604521	BANC888	is_a	mechanosensory neuron of interommatidial bristle	
720575941599606428	BANC_888:720575941599606428	BANC888	is_a	adult optic lobe intrinsic neuron	
720575941599609244	BANC_888:720575941599609244	BANC888	is_a	adult optic lobe intrinsic neuron	
720575941599610012	BANC_888:720575941599610012	BANC888	is_a	adult optic lobe intrinsic neuron	
720575941599610524	BANC_888:720575941599610524	BANC888	is_a	adult optic lobe intrinsic neuron	
720575941599624092	BANC_888:720575941599624092	BANC888	is_a	adult optic lobe intrinsic neuron	
720575941599631772	BANC_888:720575941599631772	BANC888	is_a	adult optic lobe intrinsic neuron	
720575941599632832	BANC_888:720575941599632832	BANC888	is_a	adult optic lobe intrinsic neuron	
720575941599633820	BANC_888:720575941599633820	BANC888	is_a	adult optic lobe intrinsic neuron	
720575941599634332	BANC_888:720575941599634332	BANC888	is_a	adult optic lobe intrinsic neuron	
720575941599636928	BANC_888:720575941599636928	BANC888	is_a	adult optic lobe intrinsic neuron	
720575941599638172	BANC_888:720575941599638172	BANC888	is_a	adult optic lobe intrinsic neuron	
720575941599639708	BANC_888:720575941599639708	BANC888	is_a	adult optic lobe intrinsic neuron	
720575941599647785	BANC_888:720575941599647785	BANC888	is_a	adult CB0228 neuron	
720575941599651996	BANC_888:720575941599651996	BANC888	is_a	T5c neuron	
720575941599654812	BANC_888:720575941599654812	BANC888	is_a	adult superior lateral protocerebrum neuron 312	
720575941599655068	BANC_888:720575941599655068	BANC888	is_a	medulla intrinsic neuron Mi9	
720575941599655580	BANC_888:720575941599655580	BANC888	is_a	adult optic lobe intrinsic neuron	
720575941599656348	BANC_888:720575941599656348	BANC888	is_a	transmedullary Y neuron TmY14	
720575941599656745	BANC_888:720575941599656745	BANC888	is_a	lobula columnar neuron LC12	
720575941599659712	BANC_888:720575941599659712	BANC888	is_a	lamina monopolar neuron L2	
720575941599661097	BANC_888:720575941599661097	BANC888	is_a	lobula columnar neuron LC16	
720575941599661980	BANC_888:720575941599661980	BANC888	is_a	adult optic lobe intrinsic neuron	
720575941599662236	BANC_888:720575941599662236	BANC888	is_a	transmedullary neuron Tm3	
720575941599664540	BANC_888:720575941599664540	BANC888	is_a	adult medulla-lobula neuron MeLo7	FlyBase:FBrf0262545
720575941599664832	BANC_888:720575941599664832	BANC888	is_a	lobula columnar neuron LC12	
720575941599666588	BANC_888:720575941599666588	BANC888	is_a	adult posterior lateral protocerebrum neuron 228	
720575941599667356	BANC_888:720575941599667356	BANC888	is_a	adult IN12B011 neuron	
720575941599668777	BANC_888:720575941599668777	BANC888	is_a	alpha/beta Kenyon cell	
720575941599668892	BANC_888:720575941599668892	BANC888	is_a	adult central medulla intrinsic neuron Cm5	FlyBase:FBrf0262545
720575941599669440	BANC_888:720575941599669440	BANC888	is_a	distal medullary amacrine neuron Dm3a	FlyBase:FBrf0262545
720575941599669545	BANC_888:720575941599669545	BANC888	is_a	gamma main Kenyon cell	
720575941599669916	BANC_888:720575941599669916	BANC888	is_a	proximal medullary amacrine neuron Pm4	FlyBase:FBrf0262545
720575941599674268	BANC_888:720575941599674268	BANC888	is_a	adult optic lobe intrinsic neuron	
720575941599674780	BANC_888:720575941599674780	BANC888	is_a	adult CB2421 neuron	
720575941599676096	BANC_888:720575941599676096	BANC888	is_a	adult CB0259 neuron	
720575941599677888	BANC_888:720575941599677888	BANC888	is_a	adult superior posterior slope-protocerebral bridge neuron	
720575941599678144	BANC_888:720575941599678144	BANC888	is_a	adult fan-shaped body horizontal delta neuron L	
720575941599678656	BANC_888:720575941599678656	BANC888	is_a	anterior-projecting DN1p neuron	
720575941599681833	BANC_888:720575941599681833	BANC888	is_a	adult CB3235 neuron	
720575941599685824	BANC_888:720575941599685824	BANC888	is_a	adult central brain intrinsic neuron	
720575941599688896	BANC_888:720575941599688896	BANC888	is_a	adult clamp neuron 266	
720575941599689116	BANC_888:720575941599689116	BANC888	is_a	adult optic lobe intrinsic neuron	
720575941599689884	BANC_888:720575941599689884	BANC888	is_a	transmedullary neuron Tm1	
720575941599691200	BANC_888:720575941599691200	BANC888	is_a	adult descending neuron of the outside anterior cluster DNde005	
720575941599692073	BANC_888:720575941599692073	BANC888	is_a	lobula columnar neuron LC18	
720575941599693724	BANC_888:720575941599693724	BANC888	is_a	adult multiglomerular antennal lobe projection neuron type 5 adPN	
720575941599694492	BANC_888:720575941599694492	BANC888	is_a	adult olfactory receptor neuron Or67d	
720575941599698844	BANC_888:720575941599698844	BANC888	is_a	medulla intrinsic neuron Mi1	
720575941599698880	BANC_888:720575941599698880	BANC888	is_a	adult CB1871 neuron	
720575941599700521	BANC_888:720575941599700521	BANC888	is_a	adult superior medial protocerebrum neuron 342	
720575941599701184	BANC_888:720575941599701184	BANC888	is_a	adult CB3868 neuron	
720575941599702313	BANC_888:720575941599702313	BANC888	is_a	adult CB0407 neuron	
720575941599703744	BANC_888:720575941599703744	BANC888	is_a	adult CB3500 neuron	
720575941599703964	BANC_888:720575941599703964	BANC888	is_a	adult Kenyon cell	
720575941599711644	BANC_888:720575941599711644	BANC888	is_a	adult optic lobe intrinsic neuron	
720575941599712553	BANC_888:720575941599712553	BANC888	is_a	adult CB1791 neuron	
720575941599713216	BANC_888:720575941599713216	BANC888	is_a	adult lateral horn AV4g1 neuron	
720575941599714752	BANC_888:720575941599714752	BANC888	is_a	adult CB3508 neuron	
720575941599715228	BANC_888:720575941599715228	BANC888	is_a	lobula columnar neuron LC21	
720575941599715264	BANC_888:720575941599715264	BANC888	is_a	adult CB2181 neuron	
720575941599718697	BANC_888:720575941599718697	BANC888	is_a	lobula-lobula plate columnar neuron LLPC1	
720575941599721372	BANC_888:720575941599721372	BANC888	is_a	adult optic lobe intrinsic neuron	
720575941599722688	BANC_888:720575941599722688	BANC888	is_a	adult superior lateral protocerebrum neuron 312	
720575941599724224	BANC_888:720575941599724224	BANC888	is_a	adult CB2989 neuron	
720575941599728422	BANC_888:720575941599728422	BANC888	is_a	sensory neuron	
720575941599729308	BANC_888:720575941599729308	BANC888	is_a	adult optic lobe intrinsic neuron	
720575941599732892	BANC_888:720575941599732892	BANC888	is_a	distal medullary amacrine neuron Dm3a	FlyBase:FBrf0262545
720575941599734464	BANC_888:720575941599734464	BANC888	is_a	adult superior lateral protocerebrum neuron 209	
720575941599738665	BANC_888:720575941599738665	BANC888	is_a	adult CB3013 neuron	
720575941599739433	BANC_888:720575941599739433	BANC888	is_a	adult superior intermediate protocerebrum neuron 047	
720575941599740864	BANC_888:720575941599740864	BANC888	is_a	adult superior lateral protocerebrum neuron 344	
720575941599744192	BANC_888:720575941599744192	BANC888	is_a	adult CB1770 neuron	
720575941599744448	BANC_888:720575941599744448	BANC888	is_a	adult superior lateral protocerebrum neuron 016	
720575941599744960	BANC_888:720575941599744960	BANC888	is_a	adult superior medial protocerebrum neuron 281	
720575941599749056	BANC_888:720575941599749056	BANC888	is_a	adult fan-shaped body vertical delta neuron	
720575941599752860	BANC_888:720575941599752860	BANC888	is_a	adult optic lobe intrinsic neuron	
720575941599753920	BANC_888:720575941599753920	BANC888	is_a	adult fan-shaped body layer 2 neuron of LALv1 lineage	
720575941599756224	BANC_888:720575941599756224	BANC888	is_a	adult CB2323 neuron	
720575941599758121	BANC_888:720575941599758121	BANC888	is_a	proboscis muscle 7 motor neuron	
720575941599758784	BANC_888:720575941599758784	BANC888	is_a	adult anterior ventrolateral protocerebrum neuron 471	
720575941599759516	BANC_888:720575941599759516	BANC888	is_a	adult optic lobe intrinsic neuron	
720575941599759552	BANC_888:720575941599759552	BANC888	is_a	adult superior medial protocerebrum neuron 321	
720575941599760284	BANC_888:720575941599760284	BANC888	is_a	bristle sensory neuron	
720575941599765440	BANC_888:720575941599765440	BANC888	is_a	adult olfactory receptor neuron Or47b	
720575941599766976	BANC_888:720575941599766976	BANC888	is_a	adult CNS neuron	
720575941599767708	BANC_888:720575941599767708	BANC888	is_a	adult olfactory receptor neuron Or67d	
720575941599767744	BANC_888:720575941599767744	BANC888	is_a	lobula-lobula plate columnar neuron LLPC1	
720575941599768768	BANC_888:720575941599768768	BANC888	is_a	adult CB1596 neuron	
720575941599769280	BANC_888:720575941599769280	BANC888	is_a	adult posterior lateral protocerebrum neuron 218	
720575941599769792	BANC_888:720575941599769792	BANC888	is_a	adult central brain intrinsic neuron	
720575941599774400	BANC_888:720575941599774400	BANC888	is_a	lamina monopolar neuron L5	
720575941599774505	BANC_888:720575941599774505	BANC888	is_a	columnar neuron T1	
720575941599775680	BANC_888:720575941599775680	BANC888	is_a	adult optic lobe intrinsic neuron	
720575941599776960	BANC_888:720575941599776960	BANC888	is_a	adult lobula intrinsic neuron Li23	FlyBase:FBrf0262545
720575941599781161	BANC_888:720575941599781161	BANC888	is_a	adult CB1899 neuron	
720575941599781276	BANC_888:720575941599781276	BANC888	is_a	adult optic lobe intrinsic neuron	
720575941599784860	BANC_888:720575941599784860	BANC888	is_a	transmedullary Y neuron TmY5a	
720575941599785884	BANC_888:720575941599785884	BANC888	is_a	transmedullary Y neuron TmY5a	
720575941599786908	BANC_888:720575941599786908	BANC888	is_a	lamina wide-field 2 neuron	
720575941599791145	BANC_888:720575941599791145	BANC888	is_a	transmedullary Y neuron TmY5a	
720575941599792169	BANC_888:720575941599792169	BANC888	is_a	transmedullary neuron Tm2	
720575941599792320	BANC_888:720575941599792320	BANC888	is_a	lamina monopolar neuron L1	
720575941599793564	BANC_888:720575941599793564	BANC888	is_a	adult CB1552 neuron	
720575941599794729	BANC_888:720575941599794729	BANC888	is_a	adult clamp neuron 170	
720575941599796124	BANC_888:720575941599796124	BANC888	is_a	adult optic lobe intrinsic neuron	
720575941599798428	BANC_888:720575941599798428	BANC888	is_a	adult optic lobe intrinsic neuron	
720575941599801244	BANC_888:720575941599801244	BANC888	is_a	adult optic lobe intrinsic neuron	
720575941599802268	BANC_888:720575941599802268	BANC888	is_a	lobula columnar neuron LC10c	
720575941599804969	BANC_888:720575941599804969	BANC888	is_a	distal medullary amacrine neuron Dm8b	
720575941599805481	BANC_888:720575941599805481	BANC888	is_a	alpha/beta Kenyon cell	
720575941599806364	BANC_888:720575941599806364	BANC888	is_a	adult CB3666 neuron	
720575941599812032	BANC_888:720575941599812032	BANC888	is_a	adult optic lobe intrinsic neuron	
720575941599812800	BANC_888:720575941599812800	BANC888	is_a	transmedullary Y neuron TmY14	
720575941599814592	BANC_888:720575941599814592	BANC888	is_a	adult optic lobe intrinsic neuron	
720575941599816621	BANC_888:720575941599816621	BANC888	is_a	sensory neuron	
720575941599826985	BANC_888:720575941599826985	BANC888	is_a	adult lateral accessory lobe neuron 035	
720575941599827136	BANC_888:720575941599827136	BANC888	is_a	transmedullary Y neuron TmY5a	
720575941599830976	BANC_888:720575941599830976	BANC888	is_a	lamina monopolar neuron L2	
720575941599831593	BANC_888:720575941599831593	BANC888	is_a	distal medullary amacrine neuron Dm3a	FlyBase:FBrf0262545
720575941599837376	BANC_888:720575941599837376	BANC888	is_a	adult optic lobe intrinsic neuron	
720575941599841216	BANC_888:720575941599841216	BANC888	is_a	adult CB3820 neuron	
720575941599842972	BANC_888:720575941599842972	BANC888	is_a	adult CB2093 neuron	
720575941599843484	BANC_888:720575941599843484	BANC888	is_a	adult olfactory receptor neuron Or88a	
720575941599843520	BANC_888:720575941599843520	BANC888	is_a	lamina monopolar neuron L1	
720575941599857820	BANC_888:720575941599857820	BANC888	is_a	adult optic lobe intrinsic neuron	
720575941599858076	BANC_888:720575941599858076	BANC888	is_a	T2a neuron	
720575941599858112	BANC_888:720575941599858112	BANC888	is_a	adult optic lobe intrinsic neuron	
720575941599858985	BANC_888:720575941599858985	BANC888	is_a	adult CB3129 neuron	
720575941599859100	BANC_888:720575941599859100	BANC888	is_a	lobula plate intrinsic neuron LPi3-4	FlyBase:FBrf0262545
720575941599860124	BANC_888:720575941599860124	BANC888	is_a	adult lobula intrinsic neuron Li23	FlyBase:FBrf0262545
720575941599860672	BANC_888:720575941599860672	BANC888	is_a	adult optic lobe intrinsic neuron	
720575941599861801	BANC_888:720575941599861801	BANC888	is_a	adult anterior ventrolateral protocerebrum neuron 494	
720575941599862057	BANC_888:720575941599862057	BANC888	is_a	adult clamp neuron 172	
720575941599862208	BANC_888:720575941599862208	BANC888	is_a	adult optic lobe intrinsic neuron	
720575941599867423	BANC_888:720575941599867423	BANC888	is_a	centrifugal neuron C2	
720575941599869993	BANC_888:720575941599869993	BANC888	is_a	transmedullary neuron Tm9	
720575941599873321	BANC_888:720575941599873321	BANC888	is_a	adult CB1048 neuron	
720575941599873948	BANC_888:720575941599873948	BANC888	is_a	adult optic lobe intrinsic neuron	
720575941599874345	BANC_888:720575941599874345	BANC888	is_a	adult CB3019 neuron	
720575941599882688	BANC_888:720575941599882688	BANC888	is_a	lobula plate intrinsic neuron LPi3-4	FlyBase:FBrf0262545
720575941599884700	BANC_888:720575941599884700	BANC888	is_a	adult optic lobe intrinsic neuron	
720575941599886528	BANC_888:720575941599886528	BANC888	is_a	adult optic lobe intrinsic neuron	
720575941599887552	BANC_888:720575941599887552	BANC888	is_a	adult optic lobe intrinsic neuron	
720575941599887772	BANC_888:720575941599887772	BANC888	is_a	adult optic lobe intrinsic neuron	
720575941599888169	BANC_888:720575941599888169	BANC888	is_a	adult optic lobe intrinsic neuron	
720575941599893916	BANC_888:720575941599893916	BANC888	is_a	adult optic lobe intrinsic neuron	
720575941599897792	BANC_888:720575941599897792	BANC888	is_a	transmedullary neuron Tm1	
720575941599899328	BANC_888:720575941599899328	BANC888	is_a	distal medullary amacrine neuron Dm-DRA1	
720575941599900828	BANC_888:720575941599900828	BANC888	is_a	adult gamma Kenyon cell	
720575941599901737	BANC_888:720575941599901737	BANC888	is_a	distal medullary amacrine neuron Dm3c	FlyBase:FBrf0262545
720575941599901888	BANC_888:720575941599901888	BANC888	is_a	T3 neuron	
720575941599903900	BANC_888:720575941599903900	BANC888	is_a	adult optic lobe intrinsic neuron	
720575941599904297	BANC_888:720575941599904297	BANC888	is_a	adult optic lobe intrinsic neuron	
720575941599904412	BANC_888:720575941599904412	BANC888	is_a	adult optic lobe intrinsic neuron	
720575941599905436	BANC_888:720575941599905436	BANC888	is_a	adult optic lobe intrinsic neuron	
720575941599906857	BANC_888:720575941599906857	BANC888	is_a	adult optic lobe intrinsic neuron	
720575941599907228	BANC_888:720575941599907228	BANC888	is_a	centrifugal neuron C3	
720575941599910080	BANC_888:720575941599910080	BANC888	is_a	adult optic lobe intrinsic neuron	
720575941599912745	BANC_888:720575941599912745	BANC888	is_a	adult optic lobe intrinsic neuron	
720575941599914537	BANC_888:720575941599914537	BANC888	is_a	adult posterior slope neuron 092	
720575941599916188	BANC_888:720575941599916188	BANC888	is_a	adult optic lobe intrinsic neuron	
720575941599916736	BANC_888:720575941599916736	BANC888	is_a	adult CB1577 neuron	
720575941599919772	BANC_888:720575941599919772	BANC888	is_a	adult optic lobe intrinsic neuron	
720575941599920320	BANC_888:720575941599920320	BANC888	is_a	adult superior lateral protocerebrum neuron 344	
720575941599921088	BANC_888:720575941599921088	BANC888	is_a	adult posterior slope neuron 093	
720575941599926464	BANC_888:720575941599926464	BANC888	is_a	adult medulla-lobula neuron MeLo7	FlyBase:FBrf0262545
720575941599927744	BANC_888:720575941599927744	BANC888	is_a	centrifugal neuron C3	
720575941599931072	BANC_888:720575941599931072	BANC888	is_a	distal medullary amacrine neuron Dm2	
720575941599932869	BANC_888:720575941599932869	BANC888	is_a	medulla intrinsic neuron Mi1	
720575941599935388	BANC_888:720575941599935388	BANC888	is_a	adult lobula visual projection neuron LoVP33	FlyBase:FBrf0262545
720575941599936960	BANC_888:720575941599936960	BANC888	is_a	lamina monopolar neuron L1	
720575941599937436	BANC_888:720575941599937436	BANC888	is_a	adult optic lobe intrinsic neuron	
720575941599939520	BANC_888:720575941599939520	BANC888	is_a	lobula columnar neuron LC10b	
720575941599940764	BANC_888:720575941599940764	BANC888	is_a	adult optic lobe intrinsic neuron	
720575941599940800	BANC_888:720575941599940800	BANC888	is_a	adult optic lobe intrinsic neuron	
720575941599943360	BANC_888:720575941599943360	BANC888	is_a	Y neuron Y12	
720575941599943616	BANC_888:720575941599943616	BANC888	is_a	T2a neuron	
720575941599945116	BANC_888:720575941599945116	BANC888	is_a	adult optic lobe intrinsic neuron	
720575941599945152	BANC_888:720575941599945152	BANC888	is_a	medulla intrinsic neuron Mi4	
720575941599947968	BANC_888:720575941599947968	BANC888	is_a	medulla intrinsic neuron Mi4	
720575941599951145	BANC_888:720575941599951145	BANC888	is_a	adult lobula columnar neuron LC28	
720575941599952540	BANC_888:720575941599952540	BANC888	is_a	adult optic lobe intrinsic neuron	
720575941599953052	BANC_888:720575941599953052	BANC888	is_a	adult optic lobe intrinsic neuron	
720575941599953088	BANC_888:720575941599953088	BANC888	is_a	adult olfactory receptor neuron Or67d	
720575941599954473	BANC_888:720575941599954473	BANC888	is_a	adult optic lobe intrinsic neuron	
720575941599955648	BANC_888:720575941599955648	BANC888	is_a	adult optic lobe intrinsic neuron	
720575941599956672	BANC_888:720575941599956672	BANC888	is_a	adult IN14A012 neuron	
720575941599957952	BANC_888:720575941599957952	BANC888	is_a	lamina monopolar neuron L1	
720575941599962153	BANC_888:720575941599962153	BANC888	is_a	adult optic lobe intrinsic neuron	
720575941599962304	BANC_888:720575941599962304	BANC888	is_a	T3 neuron	
720575941599965084	BANC_888:720575941599965084	BANC888	is_a	lamina monopolar neuron L2	
720575941599967132	BANC_888:720575941599967132	BANC888	is_a	medulla intrinsic neuron Mi2	
720575941599969728	BANC_888:720575941599969728	BANC888	is_a	distal medullary amacrine neuron Dm11	
720575941599970089	BANC_888:720575941599970089	BANC888	is_a	adult lobula intrinsic neuron Li22	FlyBase:FBrf0262545
720575941599970240	BANC_888:720575941599970240	BANC888	is_a	adult anterior ventrolateral protocerebrum neuron 541	
720575941599971520	BANC_888:720575941599971520	BANC888	is_a	Y neuron Y3	
720575941599975977	BANC_888:720575941599975977	BANC888	is_a	adult CB1511 neuron	
720575941599976384	BANC_888:720575941599976384	BANC888	is_a	lobula-lobula plate columnar neuron LLPC1	
720575941599979420	BANC_888:720575941599979420	BANC888	is_a	adult optic lobe intrinsic neuron	
720575941599980073	BANC_888:720575941599980073	BANC888	is_a	transmedullary neuron Tm12	FlyBase:FBrf0262545
720575941599981724	BANC_888:720575941599981724	BANC888	is_a	photoreceptor cell R7	
720575941599984576	BANC_888:720575941599984576	BANC888	is_a	adult optic lobe intrinsic neuron	
720575941599987136	BANC_888:720575941599987136	BANC888	is_a	adult optic lobe intrinsic neuron	
720575941599987612	BANC_888:720575941599987612	BANC888	is_a	adult optic lobe intrinsic neuron	
720575941599987648	BANC_888:720575941599987648	BANC888	is_a	adult antennal lobe local neuron lLN2	
720575941599990172	BANC_888:720575941599990172	BANC888	is_a	adult central medulla intrinsic neuron Cm2	FlyBase:FBrf0262545
720575941599991708	BANC_888:720575941599991708	BANC888	is_a	medulla intrinsic neuron Mi9	
720575941599993244	BANC_888:720575941599993244	BANC888	is_a	adult central medulla intrinsic neuron Cm3	FlyBase:FBrf0262545
720575941599997120	BANC_888:720575941599997120	BANC888	is_a	lamina monopolar neuron L5	
720575941599998364	BANC_888:720575941599998364	BANC888	is_a	transmedullary neuron Tm2	
720575941599999529	BANC_888:720575941599999529	BANC888	is_a	lamina wide-field 1 neuron	
720575941600000960	BANC_888:720575941600000960	BANC888	is_a	centrifugal neuron C3	
720575941600001180	BANC_888:720575941600001180	BANC888	is_a	adult optic lobe intrinsic neuron	
720575941600001216	BANC_888:720575941600001216	BANC888	is_a	adult optic lobe intrinsic neuron	
720575941600002601	BANC_888:720575941600002601	BANC888	is_a	adult central medulla intrinsic neuron Cm6	FlyBase:FBrf0262545
720575941600002857	BANC_888:720575941600002857	BANC888	is_a	adult olfactory receptor neuron Or83c	
720575941600005276	BANC_888:720575941600005276	BANC888	is_a	distal medullary amacrine neuron Dm3c	FlyBase:FBrf0262545
720575941600005788	BANC_888:720575941600005788	BANC888	is_a	medulla intrinsic neuron Mi13	
720575941600006556	BANC_888:720575941600006556	BANC888	is_a	lamina monopolar neuron L3	
720575941600008092	BANC_888:720575941600008092	BANC888	is_a	transmedullary Y neuron TmY9	
720575941600008604	BANC_888:720575941600008604	BANC888	is_a	adult optic lobe intrinsic neuron	
720575941600012956	BANC_888:720575941600012956	BANC888	is_a	adult medulla visual projection neuron MeVP1	FlyBase:FBrf0262545
720575941600014748	BANC_888:720575941600014748	BANC888	is_a	distal medullary amacrine neuron Dm3a	FlyBase:FBrf0262545
720575941600015004	BANC_888:720575941600015004	BANC888	is_a	adult optic lobe intrinsic neuron	
720575941600015913	BANC_888:720575941600015913	BANC888	is_a	adult optic lobe intrinsic neuron	
720575941600016540	BANC_888:720575941600016540	BANC888	is_a	transmedullary neuron Tm4	
720575941600018368	BANC_888:720575941600018368	BANC888	is_a	gamma main Kenyon cell	
720575941600019753	BANC_888:720575941600019753	BANC888	is_a	zone B Johnston organ neuron	
720575941600020521	BANC_888:720575941600020521	BANC888	is_a	zone C Johnston organ neuron	
720575941600021148	BANC_888:720575941600021148	BANC888	is_a	medulla-lobula neuron 1	FlyBase:FBrf0262545
720575941600021545	BANC_888:720575941600021545	BANC888	is_a	adult olfactory receptor neuron Or67b	
720575941600022208	BANC_888:720575941600022208	BANC888	is_a	adult optic lobe intrinsic neuron	
720575941600022464	BANC_888:720575941600022464	BANC888	is_a	medulla intrinsic neuron Mi4	
720575941600024732	BANC_888:720575941600024732	BANC888	is_a	adult medulla-lobula neuron MeLo9	FlyBase:FBrf0262545
720575941600026268	BANC_888:720575941600026268	BANC888	is_a	lamina monopolar neuron L3	
720575941600027036	BANC_888:720575941600027036	BANC888	is_a	adult optic lobe intrinsic neuron	
720575941600027292	BANC_888:720575941600027292	BANC888	is_a	adult medulla-lobula neuron MeLo9	FlyBase:FBrf0262545
720575941600028316	BANC_888:720575941600028316	BANC888	is_a	adult optic lobe intrinsic neuron	
720575941600028828	BANC_888:720575941600028828	BANC888	is_a	adult central medulla intrinsic neuron Cm21	FlyBase:FBrf0262545
720575941600030108	BANC_888:720575941600030108	BANC888	is_a	adult optic lobe intrinsic neuron	
720575941600031424	BANC_888:720575941600031424	BANC888	is_a	distal medullary amacrine neuron Dm3b	FlyBase:FBrf0262545
720575941600031680	BANC_888:720575941600031680	BANC888	is_a	transmedullary neuron Tm4	
720575941600031936	BANC_888:720575941600031936	BANC888	is_a	distal medullary amacrine neuron Dm3a	FlyBase:FBrf0262545
720575941600033436	BANC_888:720575941600033436	BANC888	is_a	adult lobula tangential neuron LT63	
720575941600036288	BANC_888:720575941600036288	BANC888	is_a	adult SNta30 neuron	
720575941600040640	BANC_888:720575941600040640	BANC888	is_a	adult SNta44 neuron	
720575941600042688	BANC_888:720575941600042688	BANC888	is_a	bristle sensory neuron	
720575941600046784	BANC_888:720575941600046784	BANC888	is_a	adult lobula intrinsic neuron Li23	FlyBase:FBrf0262545
720575941600047145	BANC_888:720575941600047145	BANC888	is_a	lobula plate columnar neuron LPC2	
720575941600052416	BANC_888:720575941600052416	BANC888	is_a	adult optic lobe intrinsic neuron	
720575941600056617	BANC_888:720575941600056617	BANC888	is_a	adult optic lobe intrinsic neuron	
720575941600063424	BANC_888:720575941600063424	BANC888	is_a	distal medullary amacrine neuron Dm3a	FlyBase:FBrf0262545
720575941600065984	BANC_888:720575941600065984	BANC888	is_a	adult optic lobe intrinsic neuron	
720575941600066345	BANC_888:720575941600066345	BANC888	is_a	transmedullary neuron Tm9	
720575941600067520	BANC_888:720575941600067520	BANC888	is_a	adult optic lobe intrinsic neuron	
720575941600068905	BANC_888:720575941600068905	BANC888	is_a	mechanosensory neuron of interommatidial bristle	
720575941600077248	BANC_888:720575941600077248	BANC888	is_a	adult optic lobe intrinsic neuron	
720575941600079040	BANC_888:720575941600079040	BANC888	is_a	adult optic lobe intrinsic neuron	
720575941600080937	BANC_888:720575941600080937	BANC888	is_a	adult optic lobe intrinsic neuron	
720575941600082473	BANC_888:720575941600082473	BANC888	is_a	adult optic lobe intrinsic neuron	
720575941600085801	BANC_888:720575941600085801	BANC888	is_a	adult CB2739 neuron	
720575941600085952	BANC_888:720575941600085952	BANC888	is_a	adult optic lobe intrinsic neuron	
720575941600088000	BANC_888:720575941600088000	BANC888	is_a	adult optic lobe intrinsic neuron	
720575941600096809	BANC_888:720575941600096809	BANC888	is_a	alpha/beta Kenyon cell	
720575941600097216	BANC_888:720575941600097216	BANC888	is_a	transmedullary Y neuron TmY5a	
720575941600100032	BANC_888:720575941600100032	BANC888	is_a	adult optic lobe intrinsic neuron	
720575941600100393	BANC_888:720575941600100393	BANC888	is_a	medulla intrinsic neuron Mi15	
720575941600103872	BANC_888:720575941600103872	BANC888	is_a	adult optic lobe intrinsic neuron	
720575941600105152	BANC_888:720575941600105152	BANC888	is_a	T4b neuron	
720575941600105257	BANC_888:720575941600105257	BANC888	is_a	distal medullary amacrine neuron Dm2	
720575941600106793	BANC_888:720575941600106793	BANC888	is_a	mechanosensory neuron of interommatidial bristle	
720575941600109353	BANC_888:720575941600109353	BANC888	is_a	adult IN05B037 neuron	
720575941600109504	BANC_888:720575941600109504	BANC888	is_a	adult olfactory receptor neuron Or67d	
720575941600117696	BANC_888:720575941600117696	BANC888	is_a	lamina monopolar neuron L5	
720575941600123840	BANC_888:720575941600123840	BANC888	is_a	adult optic lobe intrinsic neuron	
720575941600128448	BANC_888:720575941600128448	BANC888	is_a	adult optic lobe intrinsic neuron	
720575941600131520	BANC_888:720575941600131520	BANC888	is_a	adult optic lobe intrinsic neuron	
720575941600139456	BANC_888:720575941600139456	BANC888	is_a	adult optic lobe intrinsic neuron	
720575941600142272	BANC_888:720575941600142272	BANC888	is_a	visual projection neuron	
720575941600145856	BANC_888:720575941600145856	BANC888	is_a	adult lateral horn AV6a1 neuron	
720575941600147753	BANC_888:720575941600147753	BANC888	is_a	alpha/beta Kenyon cell	
720575941600148416	BANC_888:720575941600148416	BANC888	is_a	adult optic lobe intrinsic neuron	
720575941600149801	BANC_888:720575941600149801	BANC888	is_a	adult Kenyon cell	
720575941600150825	BANC_888:720575941600150825	BANC888	is_a	adult CB2214 neuron	
720575941600155689	BANC_888:720575941600155689	BANC888	is_a	adult superior medial protocerebrum neuron 381	
720575941600158505	BANC_888:720575941600158505	BANC888	is_a	gamma main Kenyon cell	
720575941600158761	BANC_888:720575941600158761	BANC888	is_a	adult medulla-lobula neuron MeLo10	FlyBase:FBrf0262545
720575941600160448	BANC_888:720575941600160448	BANC888	is_a	adult optic lobe intrinsic neuron	
720575941600161833	BANC_888:720575941600161833	BANC888	is_a	adult lobula columnar neuron LC40	
720575941600161984	BANC_888:720575941600161984	BANC888	is_a	adult optic lobe intrinsic neuron	
720575941600170537	BANC_888:720575941600170537	BANC888	is_a	adult medulla-tubercle neuron 1	
720575941600170793	BANC_888:720575941600170793	BANC888	is_a	medulla intrinsic neuron Mi15	
720575941600170944	BANC_888:720575941600170944	BANC888	is_a	distal medullary amacrine neuron Dm8a	
720575941600172073	BANC_888:720575941600172073	BANC888	is_a	adult optic lobe intrinsic neuron	
720575941600172224	BANC_888:720575941600172224	BANC888	is_a	adult optic lobe intrinsic neuron	
720575941600174633	BANC_888:720575941600174633	BANC888	is_a	mechanosensory neuron of maxillary palp bristle	
720575941600174889	BANC_888:720575941600174889	BANC888	is_a	mechanosensory neuron of interommatidial bristle	
720575941600175657	BANC_888:720575941600175657	BANC888	is_a	labellar taste bristle mechanosensory neuron	
720575941600177856	BANC_888:720575941600177856	BANC888	is_a	adult optic lobe intrinsic neuron	
720575941600177961	BANC_888:720575941600177961	BANC888	is_a	adult optic lobe intrinsic neuron	
720575941600180160	BANC_888:720575941600180160	BANC888	is_a	adult optic lobe intrinsic neuron	
720575941600187177	BANC_888:720575941600187177	BANC888	is_a	T3 neuron	
720575941600187840	BANC_888:720575941600187840	BANC888	is_a	adult optic lobe intrinsic neuron	
720575941600187945	BANC_888:720575941600187945	BANC888	is_a	medulla intrinsic neuron Mi1	
720575941600188201	BANC_888:720575941600188201	BANC888	is_a	adult optic lobe intrinsic neuron	
720575941600189993	BANC_888:720575941600189993	BANC888	is_a	T2a neuron	
720575941600191936	BANC_888:720575941600191936	BANC888	is_a	adult optic lobe intrinsic neuron	
720575941600193472	BANC_888:720575941600193472	BANC888	is_a	columnar neuron T1	
720575941600195520	BANC_888:720575941600195520	BANC888	is_a	lobula columnar neuron LC9	
720575941600201664	BANC_888:720575941600201664	BANC888	is_a	adult central brain intrinsic neuron	
720575941600202793	BANC_888:720575941600202793	BANC888	is_a	T2 neuron	
720575941600204073	BANC_888:720575941600204073	BANC888	is_a	medulla intrinsic neuron Mi9	
720575941600204224	BANC_888:720575941600204224	BANC888	is_a	lamina monopolar neuron L2	
720575941600207808	BANC_888:720575941600207808	BANC888	is_a	lamina monopolar neuron L2	
720575941600210880	BANC_888:720575941600210880	BANC888	is_a	T5c neuron	
720575941600212160	BANC_888:720575941600212160	BANC888	is_a	adult CB2988 neuron	
720575941600212521	BANC_888:720575941600212521	BANC888	is_a	zone F Johnston organ neuron	
720575941600213289	BANC_888:720575941600213289	BANC888	is_a	mechanosensory neuron of interommatidial bristle	
720575941600214976	BANC_888:720575941600214976	BANC888	is_a	adult optic lobe intrinsic neuron	
720575941600218304	BANC_888:720575941600218304	BANC888	is_a	medulla intrinsic neuron Mi15	
720575941600220713	BANC_888:720575941600220713	BANC888	is_a	T2a neuron	
720575941600223424	BANC_888:720575941600223424	BANC888	is_a	centrifugal neuron C3	
720575941600225216	BANC_888:720575941600225216	BANC888	is_a	adult optic lobe intrinsic neuron	
720575941600232640	BANC_888:720575941600232640	BANC888	is_a	adult optic lobe intrinsic neuron	
720575941600239296	BANC_888:720575941600239296	BANC888	is_a	adult IN17B006 neuron	
720575941600240320	BANC_888:720575941600240320	BANC888	is_a	adult gustatory receptor neuron	
720575941600242982	BANC_888:720575941600242982	BANC888	is_a	wing margin mechanosensory bristle	
720575941600243241	BANC_888:720575941600243241	BANC888	is_a	T3 neuron	
720575941600243648	BANC_888:720575941600243648	BANC888	is_a	adult optic lobe intrinsic neuron	
720575941600246720	BANC_888:720575941600246720	BANC888	is_a	adult CB0182 neuron	
720575941600247232	BANC_888:720575941600247232	BANC888	is_a	adult CB0591 neuron	
720575941600257984	BANC_888:720575941600257984	BANC888	is_a	adult medulla tangential neuron e01b	
720575941600258345	BANC_888:720575941600258345	BANC888	is_a	medulla intrinsic neuron Mi1	
720575941600259369	BANC_888:720575941600259369	BANC888	is_a	adult IN12A001 neuron	
720575941600262848	BANC_888:720575941600262848	BANC888	is_a	descending neuron of the gnathal ganglion DNg12	
720575941600263721	BANC_888:720575941600263721	BANC888	is_a	adult optic lobe intrinsic neuron	
720575941600267456	BANC_888:720575941600267456	BANC888	is_a	adult Kenyon cell	
720575941600271913	BANC_888:720575941600271913	BANC888	is_a	lamina monopolar neuron L1	
720575941600272064	BANC_888:720575941600272064	BANC888	is_a	adult optic lobe intrinsic neuron	
720575941600273856	BANC_888:720575941600273856	BANC888	is_a	labellar taste bristle mechanosensory neuron	
720575941600275494	BANC_888:720575941600275494	BANC888	is_a	gustatory receptor neuron of the wing	
720575941600278208	BANC_888:720575941600278208	BANC888	is_a	adult optic lobe intrinsic neuron	
720575941600279232	BANC_888:720575941600279232	BANC888	is_a	adult optic lobe intrinsic neuron	
720575941600283072	BANC_888:720575941600283072	BANC888	is_a	adult optic lobe intrinsic neuron	
720575941600291625	BANC_888:720575941600291625	BANC888	is_a	T5d neuron	
720575941600297766	BANC_888:720575941600297766	BANC888	is_a	gustatory receptor neuron of the wing	
720575941600301248	BANC_888:720575941600301248	BANC888	is_a	adult optic lobe intrinsic neuron	
720575941600310313	BANC_888:720575941600310313	BANC888	is_a	adult optic lobe intrinsic neuron	
720575941600315840	BANC_888:720575941600315840	BANC888	is_a	adult optic lobe intrinsic neuron	
720575941600316969	BANC_888:720575941600316969	BANC888	is_a	T2 neuron	
720575941600326185	BANC_888:720575941600326185	BANC888	is_a	adult optic lobe intrinsic neuron	
720575941600327872	BANC_888:720575941600327872	BANC888	is_a	adult optic lobe intrinsic neuron	
720575941600330688	BANC_888:720575941600330688	BANC888	is_a	medulla tangential intrinsic neuron of dorsal rim area 2	FlyBase:FBrf0262545
720575941600333865	BANC_888:720575941600333865	BANC888	is_a	adult CB0248 neuron	
720575941600335145	BANC_888:720575941600335145	BANC888	is_a	adult optic lobe intrinsic neuron	
720575941600338880	BANC_888:720575941600338880	BANC888	is_a	adult optic lobe intrinsic neuron	
720575941600341184	BANC_888:720575941600341184	BANC888	is_a	adult optic lobe intrinsic neuron	
720575941600352960	BANC_888:720575941600352960	BANC888	is_a	adult optic lobe intrinsic neuron	
720575941600358336	BANC_888:720575941600358336	BANC888	is_a	lobula plate columnar neuron LPC1	
720575941600360233	BANC_888:720575941600360233	BANC888	is_a	adult optic lobe intrinsic neuron	
720575941600363712	BANC_888:720575941600363712	BANC888	is_a	adult optic lobe intrinsic neuron	
720575941600370985	BANC_888:720575941600370985	BANC888	is_a	adult IN16B068 neuron	
720575941600377024	BANC_888:720575941600377024	BANC888	is_a	adult optic lobe intrinsic neuron	
720575941600378560	BANC_888:720575941600378560	BANC888	is_a	adult optic lobe intrinsic neuron	
720575941600380969	BANC_888:720575941600380969	BANC888	is_a	medulla columnar neuron MC62	
720575941600382656	BANC_888:720575941600382656	BANC888	is_a	adult optic lobe intrinsic neuron	
720575941600394176	BANC_888:720575941600394176	BANC888	is_a	lamina monopolar neuron L5	
720575941600394432	BANC_888:720575941600394432	BANC888	is_a	adult optic lobe intrinsic neuron	
720575941600396224	BANC_888:720575941600396224	BANC888	is_a	adult lobula intrinsic neuron Li26	FlyBase:FBrf0262545
720575941600400064	BANC_888:720575941600400064	BANC888	is_a	adult transmedullary Y neuron TmY19a	FlyBase:FBrf0262545
720575941600400320	BANC_888:720575941600400320	BANC888	is_a	adult optic lobe intrinsic neuron	
720575941600407232	BANC_888:720575941600407232	BANC888	is_a	medulla intrinsic neuron Mi4	
720575941600409536	BANC_888:720575941600409536	BANC888	is_a	adult optic lobe intrinsic neuron	
720575941600409792	BANC_888:720575941600409792	BANC888	is_a	medulla tangential neuron Mt4	FlyBase:FBrf0262545
720575941600411433	BANC_888:720575941600411433	BANC888	is_a	lamina monopolar neuron L5	
720575941600411689	BANC_888:720575941600411689	BANC888	is_a	adult optic lobe intrinsic neuron	
720575941600411945	BANC_888:720575941600411945	BANC888	is_a	T5c neuron	
720575941600413888	BANC_888:720575941600413888	BANC888	is_a	adult IN21A028 neuron	
720575941600414912	BANC_888:720575941600414912	BANC888	is_a	T4a neuron	
720575941600416192	BANC_888:720575941600416192	BANC888	is_a	adult central medulla intrinsic neuron Cm35	
720575941600417984	BANC_888:720575941600417984	BANC888	is_a	transmedullary neuron Tm2	
720575941600423360	BANC_888:720575941600423360	BANC888	is_a	adult lobula tangential neuron LT86	
720575941600427456	BANC_888:720575941600427456	BANC888	is_a	adult optic lobe intrinsic neuron	
720575941600427712	BANC_888:720575941600427712	BANC888	is_a	adult medulla visual projection neuron MeVP6	FlyBase:FBrf0262545
720575941600428992	BANC_888:720575941600428992	BANC888	is_a	adult optic lobe intrinsic neuron	
720575941600431040	BANC_888:720575941600431040	BANC888	is_a	lobula intrinsic neuron Li14	FlyBase:FBrf0262545
720575941600438464	BANC_888:720575941600438464	BANC888	is_a	transmedullary Y neuron TmY4	
720575941600439744	BANC_888:720575941600439744	BANC888	is_a	adult central medulla intrinsic neuron Cm3	FlyBase:FBrf0262545
720575941600441280	BANC_888:720575941600441280	BANC888	is_a	transmedullary neuron Tm20	
720575941600449065	BANC_888:720575941600449065	BANC888	is_a	adult medulla visual projection neuron MeVP4	FlyBase:FBrf0262545
720575941600461353	BANC_888:720575941600461353	BANC888	is_a	lamina monopolar neuron L1	
720575941600464937	BANC_888:720575941600464937	BANC888	is_a	adult fan-shaped body vertical delta neuron	
720575941600468009	BANC_888:720575941600468009	BANC888	is_a	T4b neuron	
720575941600474921	BANC_888:720575941600474921	BANC888	is_a	adult lobula tangential neuron LT52	
720575941600477225	BANC_888:720575941600477225	BANC888	is_a	mechanosensory neuron of interommatidial bristle	
720575941600485673	BANC_888:720575941600485673	BANC888	is_a	mechanosensory neuron of interommatidial bristle	
720575941600498473	BANC_888:720575941600498473	BANC888	is_a	T5d neuron	
720575941600501545	BANC_888:720575941600501545	BANC888	is_a	adult IN03A068 neuron	
720575941600513577	BANC_888:720575941600513577	BANC888	is_a	adult INXXX399 neuron	
720575941600519977	BANC_888:720575941600519977	BANC888	is_a	adult IN06B070 neuron	
720575941600522793	BANC_888:720575941600522793	BANC888	is_a	adult IN13A020 neuron	
720575941600523305	BANC_888:720575941600523305	BANC888	is_a	adult IN12B043 neuron	
720575941600532265	BANC_888:720575941600532265	BANC888	is_a	adult IN23B060 neuron	
720575941600532521	BANC_888:720575941600532521	BANC888	is_a	adult IN19B050 neuron	
720575941600535593	BANC_888:720575941600535593	BANC888	is_a	adult IN04B004 neuron	
720575941600536361	BANC_888:720575941600536361	BANC888	is_a	adult IN21A021 neuron	
720575941600537385	BANC_888:720575941600537385	BANC888	is_a	adult AN17A024 neuron	
720575941600540201	BANC_888:720575941600540201	BANC888	is_a	adult IN13B080 neuron	
720575941600540969	BANC_888:720575941600540969	BANC888	is_a	adult IN11A003 neuron	
720575941600542505	BANC_888:720575941600542505	BANC888	is_a	adult SNta21 neuron	
720575941600543785	BANC_888:720575941600543785	BANC888	is_a	adult IN07B032 neuron	
720575941600548393	BANC_888:720575941600548393	BANC888	is_a	adult IN21A024 neuron	
720575941600585001	BANC_888:720575941600585001	BANC888	is_a	adult CB2413 neuron	
720575941600585769	BANC_888:720575941600585769	BANC888	is_a	mechanosensory neuron of interommatidial bristle	
720575941600594729	BANC_888:720575941600594729	BANC888	is_a	adult lobula tangential neuron LT85	
720575941600611625	BANC_888:720575941600611625	BANC888	is_a	adult CB0969 neuron	
720575941600613417	BANC_888:720575941600613417	BANC888	is_a	adult superior intermediate protocerebrum neuron 062	
720575941600619561	BANC_888:720575941600619561	BANC888	is_a	adult anterior ventrolateral protocerebrum neuron 486	
720575941600631337	BANC_888:720575941600631337	BANC888	is_a	lamina monopolar neuron L5	
720575941600635321	BANC_888:720575941600635321	BANC888	is_a	adult SNta37 neuron	
720575941600640809	BANC_888:720575941600640809	BANC888	is_a	adult AN03B095 neuron	
720575941600662569	BANC_888:720575941600662569	BANC888	is_a	adult superior medial protocerebrum neuron 280	
720575941600667177	BANC_888:720575941600667177	BANC888	is_a	adult posterior ventrolateral protocerebrum neuron 144	
720575941600672809	BANC_888:720575941600672809	BANC888	is_a	adult central brain intrinsic neuron	
720575941600676646	BANC_888:720575941600676646	BANC888	is_a	wing margin mechanosensory bristle	
720575941600683049	BANC_888:720575941600683049	BANC888	is_a	lobula columnar neuron LC12	
720575941600688681	BANC_888:720575941600688681	BANC888	is_a	adult CB1543 neuron	
720575941600689449	BANC_888:720575941600689449	BANC888	is_a	lobula columnar neuron LC10a	
720575941600689961	BANC_888:720575941600689961	BANC888	is_a	adult fan-shaped body 1 column-crepine neuron	FlyBase:FBrf0246888
720575941600707113	BANC_888:720575941600707113	BANC888	is_a	alpha/beta Kenyon cell	
720575941600709417	BANC_888:720575941600709417	BANC888	is_a	adult anterior ventrolateral protocerebrum neuron 570	
720575941600711209	BANC_888:720575941600711209	BANC888	is_a	adult fan-shaped body horizontal delta neuron D	
720575941600737321	BANC_888:720575941600737321	BANC888	is_a	adult superior medial protocerebrum neuron 387	
720575941600738857	BANC_888:720575941600738857	BANC888	is_a	adult clamp neuron 059	
720575941600740137	BANC_888:720575941600740137	BANC888	is_a	lobula columnar neuron LC10d	
720575941600740905	BANC_888:720575941600740905	BANC888	is_a	adult fan-shaped body vertical delta neuron	
720575941600746793	BANC_888:720575941600746793	BANC888	is_a	lobula columnar neuron LC23	FlyBase:FBrf0262545
720575941600766249	BANC_888:720575941600766249	BANC888	is_a	adult lateral horn PV4b3 neuron	
720575941600767017	BANC_888:720575941600767017	BANC888	is_a	adult posterior lateral protocerebrum neuron 022	
720575941600768553	BANC_888:720575941600768553	BANC888	is_a	adult fan-shaped body horizontal delta neuron D	
720575941600773161	BANC_888:720575941600773161	BANC888	is_a	adult clamp neuron 114	
720575941600774185	BANC_888:720575941600774185	BANC888	is_a	adult clamp neuron 142	
720575941600786985	BANC_888:720575941600786985	BANC888	is_a	adult wedge neuron 094	
720575941600787753	BANC_888:720575941600787753	BANC888	is_a	adult CB3626 neuron	
720575941600799785	BANC_888:720575941600799785	BANC888	is_a	alpha/beta Kenyon cell	
720575941600809001	BANC_888:720575941600809001	BANC888	is_a	adult superior lateral protocerebrum neuron 421	
720575941600811049	BANC_888:720575941600811049	BANC888	is_a	alpha/beta Kenyon cell	
720575941600811817	BANC_888:720575941600811817	BANC888	is_a	adult CB1090 neuron	
720575941600815145	BANC_888:720575941600815145	BANC888	is_a	adult CB3803 neuron	
720575941600819241	BANC_888:720575941600819241	BANC888	is_a	adult posterior lateral protocerebrum neuron 067	
720575941600820521	BANC_888:720575941600820521	BANC888	is_a	adult antennal lobe projection neuron VC3 adPN	
720575941600821033	BANC_888:720575941600821033	BANC888	is_a	adult optic lobe intrinsic neuron	
720575941600824105	BANC_888:720575941600824105	BANC888	is_a	adult wedge neuron 033	
720575941600827433	BANC_888:720575941600827433	BANC888	is_a	medulla intrinsic neuron Mi1	
720575941600836393	BANC_888:720575941600836393	BANC888	is_a	adult optic lobe intrinsic neuron	
720575941600849702	BANC_888:720575941600849702	BANC888	is_a	gustatory receptor neuron of the wing	
720575941600879145	BANC_888:720575941600879145	BANC888	is_a	lamina monopolar neuron L1	
720575941600881193	BANC_888:720575941600881193	BANC888	is_a	adult optic lobe intrinsic neuron	
720575941600881705	BANC_888:720575941600881705	BANC888	is_a	lamina monopolar neuron L5	
720575941600883497	BANC_888:720575941600883497	BANC888	is_a	medulla intrinsic neuron Mi9	
720575941600897577	BANC_888:720575941600897577	BANC888	is_a	medulla intrinsic neuron Mi4	
720575941600902841	BANC_888:720575941600902841	BANC888	is_a	sensory neuron of wing campaniform sensillum	
720575941600907561	BANC_888:720575941600907561	BANC888	is_a	medulla intrinsic neuron Mi9	
720575941600908073	BANC_888:720575941600908073	BANC888	is_a	lobula columnar neuron LC10d	
720575941600910889	BANC_888:720575941600910889	BANC888	is_a	adult SAch02 neuron	
720575941600927017	BANC_888:720575941600927017	BANC888	is_a	adult optic lobe intrinsic neuron	
720575941600927273	BANC_888:720575941600927273	BANC888	is_a	T5c neuron	
720575941600935977	BANC_888:720575941600935977	BANC888	is_a	T4a neuron	
720575941600940473	BANC_888:720575941600940473	BANC888	is_a	adult AN06B023 neuron	
720575941600952105	BANC_888:720575941600952105	BANC888	is_a	T3 neuron	
720575941600952361	BANC_888:720575941600952361	BANC888	is_a	adult optic lobe intrinsic neuron	
720575941600978729	BANC_888:720575941600978729	BANC888	is_a	femoral chordotonal club neuron	
720575941600988201	BANC_888:720575941600988201	BANC888	is_a	T3 neuron	
720575941600991785	BANC_888:720575941600991785	BANC888	is_a	T5c neuron	
720575941601007657	BANC_888:720575941601007657	BANC888	is_a	adult lateral horn AV5a2 neuron	
720575941601022710	BANC_888:720575941601022710	BANC888	is_a	adult AN07B078 neuron	
720575941601024041	BANC_888:720575941601024041	BANC888	is_a	adult optic lobe intrinsic neuron	
720575941601031721	BANC_888:720575941601031721	BANC888	is_a	adult optic lobe intrinsic neuron	
720575941601041449	BANC_888:720575941601041449	BANC888	is_a	adult optic lobe intrinsic neuron	
720575941601048361	BANC_888:720575941601048361	BANC888	is_a	adult optic lobe intrinsic neuron	
720575941601052201	BANC_888:720575941601052201	BANC888	is_a	lamina monopolar neuron L2	
720575941601067817	BANC_888:720575941601067817	BANC888	is_a	adult optic lobe intrinsic neuron	
720575941601086505	BANC_888:720575941601086505	BANC888	is_a	Y neuron Y1	
720575941601087478	BANC_888:720575941601087478	BANC888	is_a	adult AN09B031 neuron	
720575941601088441	BANC_888:720575941601088441	BANC888	is_a	adult IN06A019 neuron	
720575941601089065	BANC_888:720575941601089065	BANC888	is_a	T5a neuron	
720575941601090345	BANC_888:720575941601090345	BANC888	is_a	adult optic lobe intrinsic neuron	
720575941601092537	BANC_888:720575941601092537	BANC888	is_a	adult IN06A045 neuron	
720575941601092649	BANC_888:720575941601092649	BANC888	is_a	adult optic lobe intrinsic neuron	
720575941601096489	BANC_888:720575941601096489	BANC888	is_a	adult optic lobe intrinsic neuron	
720575941601097401	BANC_888:720575941601097401	BANC888	is_a	adult IN03A041 neuron	
720575941601097769	BANC_888:720575941601097769	BANC888	is_a	transmedullary Y neuron TmY5a	
720575941601106473	BANC_888:720575941601106473	BANC888	is_a	Y neuron Y12	
720575941601114102	BANC_888:720575941601114102	BANC888	is_a	adult AN17A013 neuron	
720575941601119929	BANC_888:720575941601119929	BANC888	is_a	adult IN10B059 neuron	
720575941601136374	BANC_888:720575941601136374	BANC888	is_a	femoral chordotonal club neuron	
720575941601137449	BANC_888:720575941601137449	BANC888	is_a	adult optic lobe intrinsic neuron	
720575941601141545	BANC_888:720575941601141545	BANC888	is_a	medulla intrinsic neuron Mi2	
720575941601147833	BANC_888:720575941601147833	BANC888	is_a	adult SNta09 neuron	
720575941601150966	BANC_888:720575941601150966	BANC888	is_a	adult IN06A082 neuron	
720575941601153270	BANC_888:720575941601153270	BANC888	is_a	adult IN06A044 neuron	
720575941601166121	BANC_888:720575941601166121	BANC888	is_a	adult optic lobe intrinsic neuron	
720575941601166265	BANC_888:720575941601166265	BANC888	is_a	adult IN05B066 neuron	
720575941601173494	BANC_888:720575941601173494	BANC888	is_a	adult SNta30 neuron	
720575941601176873	BANC_888:720575941601176873	BANC888	is_a	T3 neuron	
720575941601177129	BANC_888:720575941601177129	BANC888	is_a	adult optic lobe intrinsic neuron	
720575941601190697	BANC_888:720575941601190697	BANC888	is_a	distal medullary amacrine neuron Dm9	
720575941601201449	BANC_888:720575941601201449	BANC888	is_a	adult optic lobe intrinsic neuron	
720575941601204409	BANC_888:720575941601204409	BANC888	is_a	adult IN09A060 neuron	
720575941601209590	BANC_888:720575941601209590	BANC888	is_a	adult IN11A018 neuron	
720575941601211577	BANC_888:720575941601211577	BANC888	is_a	adult IN09A030 neuron	
720575941601215017	BANC_888:720575941601215017	BANC888	is_a	T3 neuron	
720575941601215529	BANC_888:720575941601215529	BANC888	is_a	adult optic lobe intrinsic neuron	
720575941601222953	BANC_888:720575941601222953	BANC888	is_a	distal medullary amacrine neuron Dm3a	FlyBase:FBrf0262545
720575941601223158	BANC_888:720575941601223158	BANC888	is_a	adult IN07B054 neuron	
720575941601224121	BANC_888:720575941601224121	BANC888	is_a	adult IN14A075 neuron	
720575941601243321	BANC_888:720575941601243321	BANC888	is_a	adult IN11B011 neuron	
720575941601244918	BANC_888:720575941601244918	BANC888	is_a	adult SNta42 neuron	
720575941601248809	BANC_888:720575941601248809	BANC888	is_a	adult optic lobe intrinsic neuron	
720575941601251810	BANC_888:720575941601251810	BANC888	is_a	adult SNta43 neuron	
720575941601255353	BANC_888:720575941601255353	BANC888	is_a	adult IN01B095 neuron	
720575941601256438	BANC_888:720575941601256438	BANC888	is_a	adult IN08A041 neuron	
720575941601258230	BANC_888:720575941601258230	BANC888	is_a	adult SNta23 neuron	
720575941601262633	BANC_888:720575941601262633	BANC888	is_a	lamina monopolar neuron L1	
720575941601266678	BANC_888:720575941601266678	BANC888	is_a	adult IN03B086 neuron	
720575941601273129	BANC_888:720575941601273129	BANC888	is_a	lamina monopolar neuron L1	
720575941601281065	BANC_888:720575941601281065	BANC888	is_a	mechanosensory neuron of hair plate	
720575941601282345	BANC_888:720575941601282345	BANC888	is_a	lamina monopolar neuron L3	
720575941601283113	BANC_888:720575941601283113	BANC888	is_a	columnar neuron T1	
720575941601283625	BANC_888:720575941601283625	BANC888	is_a	lamina monopolar neuron L2	
720575941601284086	BANC_888:720575941601284086	BANC888	is_a	adult IN01B083 neuron	
720575941601284393	BANC_888:720575941601284393	BANC888	is_a	lamina monopolar neuron L2	
720575941601287209	BANC_888:720575941601287209	BANC888	is_a	antennal lobe median bundle neuron 1	
720575941601290537	BANC_888:720575941601290537	BANC888	is_a	lamina monopolar neuron L1	
720575941601294889	BANC_888:720575941601294889	BANC888	is_a	mechanosensory neuron of hair plate	
720575941601297705	BANC_888:720575941601297705	BANC888	is_a	adult DNxl096 neuron	
720575941601298617	BANC_888:720575941601298617	BANC888	is_a	adult IN08B091 neuron	
720575941601306921	BANC_888:720575941601306921	BANC888	is_a	lamina monopolar neuron L4	
720575941601308457	BANC_888:720575941601308457	BANC888	is_a	adult protocerebral bridge 1 glomerulus-fan-shaped body layers 4 and 5-unilateral lateral accessory lobe neuron	
720575941601313782	BANC_888:720575941601313782	BANC888	is_a	adult IN14A036 neuron	
720575941601314038	BANC_888:720575941601314038	BANC888	is_a	adult IN01B090 neuron	
720575941601315062	BANC_888:720575941601315062	BANC888	is_a	adult IN00A029 neuron	
720575941601315769	BANC_888:720575941601315769	BANC888	is_a	adult IN20A.22A061 neuron	
720575941601316905	BANC_888:720575941601316905	BANC888	is_a	lamina monopolar neuron L1	
720575941601322281	BANC_888:720575941601322281	BANC888	is_a	adult SNxx03 neuron	
720575941601325046	BANC_888:720575941601325046	BANC888	is_a	adult IN01B041 neuron	
720575941601330166	BANC_888:720575941601330166	BANC888	is_a	adult IN00A045 neuron	
720575941601333750	BANC_888:720575941601333750	BANC888	is_a	adult IN04B110 neuron	
720575941601335849	BANC_888:720575941601335849	BANC888	is_a	bristle sensory neuron	
720575941601348086	BANC_888:720575941601348086	BANC888	is_a	adult INXXX437 neuron	
720575941601348342	BANC_888:720575941601348342	BANC888	is_a	adult IN13A046 neuron	
720575941601349929	BANC_888:720575941601349929	BANC888	is_a	photoreceptor cell R7	
720575941601364265	BANC_888:720575941601364265	BANC888	is_a	photoreceptor cell R7	
720575941601377014	BANC_888:720575941601377014	BANC888	is_a	adult SNta09 neuron	
720575941601379625	BANC_888:720575941601379625	BANC888	is_a	adult IN01B002 neuron	
720575941601388585	BANC_888:720575941601388585	BANC888	is_a	adult optic lobe intrinsic neuron	
720575941601390889	BANC_888:720575941601390889	BANC888	is_a	adult optic lobe intrinsic neuron	
720575941601391862	BANC_888:720575941601391862	BANC888	is_a	adult SNta38 neuron	
720575941601393593	BANC_888:720575941601393593	BANC888	is_a	adult fan-shaped body 1 column-superior medial protocerebrum neuron	FlyBase:FBrf0246888
720575941601397033	BANC_888:720575941601397033	BANC888	is_a	lamina monopolar neuron L5	
720575941601407161	BANC_888:720575941601407161	BANC888	is_a	adult IN20A.22A039 neuron	
720575941601416438	BANC_888:720575941601416438	BANC888	is_a	adult antennal lobe local neuron v2LN46	
720575941601417001	BANC_888:720575941601417001	BANC888	is_a	adult fan-shaped body vertical delta neuron	
720575941601417257	BANC_888:720575941601417257	BANC888	is_a	medulla intrinsic neuron Mi15	
720575941601439017	BANC_888:720575941601439017	BANC888	is_a	lamina monopolar neuron L5	
720575941601470454	BANC_888:720575941601470454	BANC888	is_a	adult IN08A049 neuron	
720575941601478438	BANC_888:720575941601478438	BANC888	is_a	gustatory receptor neuron of the wing	
720575941601488681	BANC_888:720575941601488681	BANC888	is_a	adult optic lobe intrinsic neuron	
720575941601490982	BANC_888:720575941601490982	BANC888	is_a	gustatory receptor neuron of the wing	
720575941601500713	BANC_888:720575941601500713	BANC888	is_a	adult medulla-tubercle neuron 1	
720575941601508649	BANC_888:720575941601508649	BANC888	is_a	medulla intrinsic neuron Mi1	
720575941601509417	BANC_888:720575941601509417	BANC888	is_a	adult optic lobe intrinsic neuron	
720575941601514025	BANC_888:720575941601514025	BANC888	is_a	adult optic lobe intrinsic neuron	
720575941601514537	BANC_888:720575941601514537	BANC888	is_a	adult optic lobe intrinsic neuron	
720575941601519606	BANC_888:720575941601519606	BANC888	is_a	adult CB3153 neuron	
720575941601522729	BANC_888:720575941601522729	BANC888	is_a	Y neuron Y3	
720575941601522985	BANC_888:720575941601522985	BANC888	is_a	adult optic lobe intrinsic neuron	
720575941601523753	BANC_888:720575941601523753	BANC888	is_a	adult optic lobe intrinsic neuron	
720575941601531433	BANC_888:720575941601531433	BANC888	is_a	lobula columnar neuron LC24	
720575941601533414	BANC_888:720575941601533414	BANC888	is_a	adult olfactory receptor neuron Amt/Rh50 VM6v	
720575941601536041	BANC_888:720575941601536041	BANC888	is_a	adult superior medial protocerebrum neuron 091	
720575941601542902	BANC_888:720575941601542902	BANC888	is_a	adult asymmetrical body-fan-shaped body layer 8 neuron	
720575941601548585	BANC_888:720575941601548585	BANC888	is_a	adult CB0943 neuron	
720575941601549609	BANC_888:720575941601549609	BANC888	is_a	adult fan-shaped body layer 6 neuron of CP2 lineage	
720575941601553193	BANC_888:720575941601553193	BANC888	is_a	adult ellipsoid body ring neuron R4m	
720575941601557289	BANC_888:720575941601557289	BANC888	is_a	adult lateral horn PV7a1 neuron	
720575941601558262	BANC_888:720575941601558262	BANC888	is_a	gamma dorsal Kenyon cell	
720575941601558313	BANC_888:720575941601558313	BANC888	is_a	adult posterior slope neuron 241	
720575941601563177	BANC_888:720575941601563177	BANC888	is_a	adult CB2214 neuron	
720575941601564201	BANC_888:720575941601564201	BANC888	is_a	adult CB2438 neuron	
720575941601566249	BANC_888:720575941601566249	BANC888	is_a	adult clamp neuron 014	
720575941601572649	BANC_888:720575941601572649	BANC888	is_a	adult CB2979 neuron	
720575941601575414	BANC_888:720575941601575414	BANC888	is_a	adult multiglomerular antennal lobe projection neuron type 47 lvPN	
720575941601583145	BANC_888:720575941601583145	BANC888	is_a	adult fan-shaped body vertical delta neuron	
720575941601583913	BANC_888:720575941601583913	BANC888	is_a	adult asymmetrical body-fan-shaped body layer 8 neuron	
720575941601585705	BANC_888:720575941601585705	BANC888	is_a	adult anterior ventrolateral protocerebrum neuron 396	
720575941601587702	BANC_888:720575941601587702	BANC888	is_a	adult CB3064 neuron	
720575941601590569	BANC_888:720575941601590569	BANC888	is_a	adult CB2001 neuron	
720575941601591337	BANC_888:720575941601591337	BANC888	is_a	adult IN03A009 neuron	
720575941601596198	BANC_888:720575941601596198	BANC888	is_a	gustatory receptor neuron of the wing	
720575941601597481	BANC_888:720575941601597481	BANC888	is_a	adult anterior ventrolateral protocerebrum neuron 530	
720575941601602857	BANC_888:720575941601602857	BANC888	is_a	adult clamp neuron 122	
720575941601603369	BANC_888:720575941601603369	BANC888	is_a	adult clamp neuron 100	
720575941601605161	BANC_888:720575941601605161	BANC888	is_a	adult CB3449 neuron	
720575941601607670	BANC_888:720575941601607670	BANC888	is_a	adult inferior bridge neuron 085	
720575941601610793	BANC_888:720575941601610793	BANC888	is_a	adult superior medial protocerebrum neuron 493	
720575941601617705	BANC_888:720575941601617705	BANC888	is_a	adult AN07B035 neuron	
720575941601621289	BANC_888:720575941601621289	BANC888	is_a	adult CB0997 neuron	
720575941601621801	BANC_888:720575941601621801	BANC888	is_a	adult anterior ventrolateral protocerebrum neuron 282	
720575941601637414	BANC_888:720575941601637414	BANC888	is_a	gustatory receptor neuron of the wing	
720575941601638441	BANC_888:720575941601638441	BANC888	is_a	T4a neuron	
720575941601638953	BANC_888:720575941601638953	BANC888	is_a	adult optic lobe intrinsic neuron	
720575941601642025	BANC_888:720575941601642025	BANC888	is_a	zone B Johnston organ neuron	
720575941601648681	BANC_888:720575941601648681	BANC888	is_a	adult optic lobe intrinsic neuron	
720575941601651753	BANC_888:720575941601651753	BANC888	is_a	adult optic lobe intrinsic neuron	
720575941601655481	BANC_888:720575941601655481	BANC888	is_a	adult antennal lobe output interneuron	
720575941601658153	BANC_888:720575941601658153	BANC888	is_a	adult central medulla intrinsic neuron Cm13	FlyBase:FBrf0262545
720575941601660713	BANC_888:720575941601660713	BANC888	is_a	adult optic lobe intrinsic neuron	
720575941601661737	BANC_888:720575941601661737	BANC888	is_a	adult optic lobe intrinsic neuron	
720575941601667113	BANC_888:720575941601667113	BANC888	is_a	adult lateral accessory lobe neuron 081	
720575941601667625	BANC_888:720575941601667625	BANC888	is_a	adult optic lobe intrinsic neuron	
720575941601667881	BANC_888:720575941601667881	BANC888	is_a	adult posterior ventrolateral protocerebrum neuron 140	
720575941601673769	BANC_888:720575941601673769	BANC888	is_a	medulla intrinsic neuron Mi15	
720575941601683241	BANC_888:720575941601683241	BANC888	is_a	zone B Johnston organ neuron	
720575941601688105	BANC_888:720575941601688105	BANC888	is_a	T4b neuron	
720575941601689897	BANC_888:720575941601689897	BANC888	is_a	adult optic lobe intrinsic neuron	
720575941601691174	BANC_888:720575941601691174	BANC888	is_a	adult SNta43 neuron	
720575941601694649	BANC_888:720575941601694649	BANC888	is_a	adult CB2191 neuron	
720575941601702953	BANC_888:720575941601702953	BANC888	is_a	T5d neuron	
720575941601715497	BANC_888:720575941601715497	BANC888	is_a	adult optic lobe intrinsic neuron	
720575941601718713	BANC_888:720575941601718713	BANC888	is_a	alpha/beta Kenyon cell	
720575941601719481	BANC_888:720575941601719481	BANC888	is_a	adult CB0624 neuron	
720575941601724713	BANC_888:720575941601724713	BANC888	is_a	adult optic lobe intrinsic neuron	
720575941601729065	BANC_888:720575941601729065	BANC888	is_a	adult optic lobe intrinsic neuron	
720575941601729321	BANC_888:720575941601729321	BANC888	is_a	adult optic lobe intrinsic neuron	
720575941601744169	BANC_888:720575941601744169	BANC888	is_a	adult optic lobe intrinsic neuron	
720575941601745705	BANC_888:720575941601745705	BANC888	is_a	adult central medulla intrinsic neuron Cm6	FlyBase:FBrf0262545
720575941601749801	BANC_888:720575941601749801	BANC888	is_a	lamina monopolar neuron L2	
720575941601750825	BANC_888:720575941601750825	BANC888	is_a	adult optic lobe intrinsic neuron	
720575941601756201	BANC_888:720575941601756201	BANC888	is_a	Y neuron Y3	
720575941601756713	BANC_888:720575941601756713	BANC888	is_a	adult optic lobe intrinsic neuron	
720575941601757481	BANC_888:720575941601757481	BANC888	is_a	transmedullary Y neuron TmY14	
720575941601762857	BANC_888:720575941601762857	BANC888	is_a	zone B Johnston organ neuron	
720575941601763625	BANC_888:720575941601763625	BANC888	is_a	zone B Johnston organ neuron	
720575941601768233	BANC_888:720575941601768233	BANC888	is_a	mesothoracic leg taste bristle chemosensory neuron	
720575941601769001	BANC_888:720575941601769001	BANC888	is_a	transmedullary neuron Tm31	FlyBase:FBrf0262545
720575941601769718	BANC_888:720575941601769718	BANC888	is_a	gustatory receptor neuron of the wing	
720575941601773609	BANC_888:720575941601773609	BANC888	is_a	adult optic lobe intrinsic neuron	
720575941601776169	BANC_888:720575941601776169	BANC888	is_a	adult optic lobe intrinsic neuron	
720575941601787177	BANC_888:720575941601787177	BANC888	is_a	adult optic lobe intrinsic neuron	
720575941601787894	BANC_888:720575941601787894	BANC888	is_a	adult INXXX234 neuron	
720575941601790249	BANC_888:720575941601790249	BANC888	is_a	adult CB1393 neuron	
720575941601790454	BANC_888:720575941601790454	BANC888	is_a	adult gamma Kenyon cell	
720575941601794038	BANC_888:720575941601794038	BANC888	is_a	alpha/beta Kenyon cell	
720575941601795369	BANC_888:720575941601795369	BANC888	is_a	adult CB3767 neuron	
720575941601796905	BANC_888:720575941601796905	BANC888	is_a	medulla intrinsic neuron Mi1	
720575941601798441	BANC_888:720575941601798441	BANC888	is_a	adult anterior ventrolateral protocerebrum neuron 576	
720575941601798953	BANC_888:720575941601798953	BANC888	is_a	adult posterior ventrolateral protocerebrum neuron 028	
720575941601804841	BANC_888:720575941601804841	BANC888	is_a	adult optic lobe intrinsic neuron	
720575941601805609	BANC_888:720575941601805609	BANC888	is_a	centrifugal neuron C3	
720575941601810985	BANC_888:720575941601810985	BANC888	is_a	adult optic lobe intrinsic neuron	
720575941601812009	BANC_888:720575941601812009	BANC888	is_a	transmedullary neuron Tm31	FlyBase:FBrf0262545
720575941601821993	BANC_888:720575941601821993	BANC888	is_a	adult lobula columnar neuron LC28	
720575941601822249	BANC_888:720575941601822249	BANC888	is_a	adult optic lobe intrinsic neuron	
720575941601823785	BANC_888:720575941601823785	BANC888	is_a	adult posterior slope neuron 055	
720575941601824502	BANC_888:720575941601824502	BANC888	is_a	gamma main Kenyon cell	
720575941601825833	BANC_888:720575941601825833	BANC888	is_a	transmedullary neuron Tm32	FlyBase:FBrf0262545
720575941601826857	BANC_888:720575941601826857	BANC888	is_a	adult medulla intrinsic neuron Mi17	FlyBase:FBrf0262545
720575941601827113	BANC_888:720575941601827113	BANC888	is_a	adult optic lobe intrinsic neuron	
720575941601827257	BANC_888:720575941601827257	BANC888	is_a	adult anterior optic tubercle neuron 044	
720575941601833001	BANC_888:720575941601833001	BANC888	is_a	adult optic lobe intrinsic neuron	
720575941601834793	BANC_888:720575941601834793	BANC888	is_a	adult optic lobe intrinsic neuron	
720575941601836329	BANC_888:720575941601836329	BANC888	is_a	adult optic lobe intrinsic neuron	
720575941601840681	BANC_888:720575941601840681	BANC888	is_a	adult optic lobe intrinsic neuron	
720575941601841449	BANC_888:720575941601841449	BANC888	is_a	adult optic lobe intrinsic neuron	
720575941601842678	BANC_888:720575941601842678	BANC888	is_a	adult fan-shaped body horizontal delta neuron A	
720575941601844009	BANC_888:720575941601844009	BANC888	is_a	centrifugal neuron C2	
720575941601846262	BANC_888:720575941601846262	BANC888	is_a	alpha/beta posterior Kenyon cell	
720575941601846825	BANC_888:720575941601846825	BANC888	is_a	adult optic lobe intrinsic neuron	
720575941601849897	BANC_888:720575941601849897	BANC888	is_a	centrifugal neuron C2	
720575941601861161	BANC_888:720575941601861161	BANC888	is_a	adult optic lobe intrinsic neuron	
720575941601864489	BANC_888:720575941601864489	BANC888	is_a	transmedullary neuron Tm24	FlyBase:FBrf0262545
720575941601865769	BANC_888:720575941601865769	BANC888	is_a	proprioceptive sensory neuron	
720575941601871545	BANC_888:720575941601871545	BANC888	is_a	adult ellipsoid body ring neuron R1	
720575941601872169	BANC_888:720575941601872169	BANC888	is_a	lamina monopolar neuron L2	
720575941601876265	BANC_888:720575941601876265	BANC888	is_a	adult CB1556 neuron	
720575941601878569	BANC_888:720575941601878569	BANC888	is_a	columnar neuron T1	
720575941601878825	BANC_888:720575941601878825	BANC888	is_a	T2a neuron	
720575941601879081	BANC_888:720575941601879081	BANC888	is_a	adult CB1661 neuron	
720575941601880310	BANC_888:720575941601880310	BANC888	is_a	lobula columnar neuron LC12	
720575941601882297	BANC_888:720575941601882297	BANC888	is_a	adult posterior slope neuron 022	
720575941601884918	BANC_888:720575941601884918	BANC888	is_a	alpha/beta Kenyon cell	
720575941601885225	BANC_888:720575941601885225	BANC888	is_a	adult anterior ventrolateral protocerebrum neuron 039	
720575941601885942	BANC_888:720575941601885942	BANC888	is_a	adult CB1893 neuron	
720575941601886761	BANC_888:720575941601886761	BANC888	is_a	transmedullary neuron Tm1	
720575941601887273	BANC_888:720575941601887273	BANC888	is_a	T3 neuron	
720575941601891113	BANC_888:720575941601891113	BANC888	is_a	transmedullary Y neuron TmY3	
720575941601891369	BANC_888:720575941601891369	BANC888	is_a	transmedullary Y neuron TmY20	
720575941601893417	BANC_888:720575941601893417	BANC888	is_a	T2a neuron	
720575941601896489	BANC_888:720575941601896489	BANC888	is_a	adult optic lobe intrinsic neuron	
720575941601898281	BANC_888:720575941601898281	BANC888	is_a	adult optic lobe intrinsic neuron	
720575941601898537	BANC_888:720575941601898537	BANC888	is_a	medulla intrinsic neuron Mi4	
720575941601899561	BANC_888:720575941601899561	BANC888	is_a	transmedullary neuron Tm9	
720575941601900841	BANC_888:720575941601900841	BANC888	is_a	medulla intrinsic neuron Mi13	
720575941601901865	BANC_888:720575941601901865	BANC888	is_a	T3 neuron	
720575941601915177	BANC_888:720575941601915177	BANC888	is_a	lamina monopolar neuron L1	
720575941601915689	BANC_888:720575941601915689	BANC888	is_a	adult optic lobe intrinsic neuron	
720575941601919222	BANC_888:720575941601919222	BANC888	is_a	adult CB2580 neuron	
720575941601923369	BANC_888:720575941601923369	BANC888	is_a	T5c neuron	
720575941601929513	BANC_888:720575941601929513	BANC888	is_a	adult optic lobe intrinsic neuron	
720575941601930025	BANC_888:720575941601930025	BANC888	is_a	adult CB3302 neuron	
720575941601932841	BANC_888:720575941601932841	BANC888	is_a	adult saddle neuron 047	
720575941601934521	BANC_888:720575941601934521	BANC888	is_a	adult ellipsoid body-protocerebral bridge 1 glomerulus-dorsal/ventral gall neuron	
720575941601934633	BANC_888:720575941601934633	BANC888	is_a	adult optic lobe intrinsic neuron	
720575941601935401	BANC_888:720575941601935401	BANC888	is_a	adult CB3399 neuron	
720575941601937961	BANC_888:720575941601937961	BANC888	is_a	descending neuron of the gnathal ganglion DNg53	
720575941601939241	BANC_888:720575941601939241	BANC888	is_a	adult superior medial protocerebrum neuron 183	
720575941601943337	BANC_888:720575941601943337	BANC888	is_a	adult olfactory receptor neuron Or67c	
720575941601943849	BANC_888:720575941601943849	BANC888	is_a	adult posterior lateral protocerebrum neuron 191	
720575941601949430	BANC_888:720575941601949430	BANC888	is_a	transmedullary neuron Tm3	
720575941601953014	BANC_888:720575941601953014	BANC888	is_a	T4a neuron	
720575941601957417	BANC_888:720575941601957417	BANC888	is_a	adult CB3006 neuron	
720575941601958134	BANC_888:720575941601958134	BANC888	is_a	T5a neuron	
720575941601958185	BANC_888:720575941601958185	BANC888	is_a	lamina monopolar neuron L5	
720575941601963817	BANC_888:720575941601963817	BANC888	is_a	Y neuron Y11	
720575941601965814	BANC_888:720575941601965814	BANC888	is_a	T5c neuron	
720575941601966070	BANC_888:720575941601966070	BANC888	is_a	T4c neuron	
720575941601966889	BANC_888:720575941601966889	BANC888	is_a	adult optic lobe intrinsic neuron	
720575941601971190	BANC_888:720575941601971190	BANC888	is_a	T4a neuron	
720575941601973238	BANC_888:720575941601973238	BANC888	is_a	transmedullary neuron Tm1	
720575941601974262	BANC_888:720575941601974262	BANC888	is_a	distal medullary amacrine neuron Dm3a	FlyBase:FBrf0262545
720575941601976310	BANC_888:720575941601976310	BANC888	is_a	T4a neuron	
720575941601976617	BANC_888:720575941601976617	BANC888	is_a	adult INXXX115 neuron	
720575941601980406	BANC_888:720575941601980406	BANC888	is_a	medulla intrinsic neuron Mi1	
720575941601980601	BANC_888:720575941601980601	BANC888	is_a	T4a neuron	
720575941601983417	BANC_888:720575941601983417	BANC888	is_a	adult optic lobe intrinsic neuron	
720575941601984553	BANC_888:720575941601984553	BANC888	is_a	adult optic lobe intrinsic neuron	
720575941601987369	BANC_888:720575941601987369	BANC888	is_a	distal medullary amacrine neuron Dm3c	FlyBase:FBrf0262545
720575941601988137	BANC_888:720575941601988137	BANC888	is_a	adult superior medial protocerebrum neuron 568	
720575941601988537	BANC_888:720575941601988537	BANC888	is_a	T4d neuron	
720575941601988854	BANC_888:720575941601988854	BANC888	is_a	lobula-lobula plate columnar neuron LLPC1	
720575941601988905	BANC_888:720575941601988905	BANC888	is_a	proximal medullary amacrine neuron Pm1	FlyBase:FBrf0262545
720575941601989817	BANC_888:720575941601989817	BANC888	is_a	T4b neuron	
720575941601990697	BANC_888:720575941601990697	BANC888	is_a	adult posterior lateral protocerebrum neuron 246	
720575941601991353	BANC_888:720575941601991353	BANC888	is_a	T5d neuron	
720575941601994681	BANC_888:720575941601994681	BANC888	is_a	T4d neuron	
720575941601997353	BANC_888:720575941601997353	BANC888	is_a	adult lobula columnar neuron LC31a	
720575941601998070	BANC_888:720575941601998070	BANC888	is_a	T4d neuron	
720575941601999657	BANC_888:720575941601999657	BANC888	is_a	transmedullary neuron Tm20	
720575941602000118	BANC_888:720575941602000118	BANC888	is_a	T5b neuron	
720575941602000569	BANC_888:720575941602000569	BANC888	is_a	medulla intrinsic neuron Mi1	
720575941602001890	BANC_888:720575941602001890	BANC888	is_a	wing margin mechanosensory bristle	
720575941602005545	BANC_888:720575941602005545	BANC888	is_a	adult AN12B011 neuron	
720575941602006313	BANC_888:720575941602006313	BANC888	is_a	distal medullary amacrine neuron Dm3b	FlyBase:FBrf0262545
720575941602006713	BANC_888:720575941602006713	BANC888	is_a	adult optic lobe intrinsic neuron	
720575941602008310	BANC_888:720575941602008310	BANC888	is_a	T4a neuron	
720575941602011177	BANC_888:720575941602011177	BANC888	is_a	T2a neuron	
720575941602012857	BANC_888:720575941602012857	BANC888	is_a	adult optic lobe intrinsic neuron	
720575941602013430	BANC_888:720575941602013430	BANC888	is_a	lobula columnar neuron LC12	
720575941602013993	BANC_888:720575941602013993	BANC888	is_a	adult AN09A005 neuron	
720575941602014505	BANC_888:720575941602014505	BANC888	is_a	centrifugal neuron C3	
720575941602017465	BANC_888:720575941602017465	BANC888	is_a	adult optic lobe intrinsic neuron	
720575941602018294	BANC_888:720575941602018294	BANC888	is_a	T4b neuron	
720575941602020537	BANC_888:720575941602020537	BANC888	is_a	transmedullary neuron Tm3	
720575941602022134	BANC_888:720575941602022134	BANC888	is_a	translobula plate neuron Tlp14	
720575941602025769	BANC_888:720575941602025769	BANC888	is_a	medulla intrinsic neuron Mi1	
720575941602028022	BANC_888:720575941602028022	BANC888	is_a	transmedullary neuron Tm5Y	FlyBase:FBrf0262545
720575941602028217	BANC_888:720575941602028217	BANC888	is_a	T5c neuron	
720575941602029046	BANC_888:720575941602029046	BANC888	is_a	T5c neuron	
720575941602031094	BANC_888:720575941602031094	BANC888	is_a	T5a neuron	
720575941602032118	BANC_888:720575941602032118	BANC888	is_a	T5b neuron	
720575941602033142	BANC_888:720575941602033142	BANC888	is_a	T5a neuron	
720575941602034473	BANC_888:720575941602034473	BANC888	is_a	adult AN01B002 neuron	
720575941602036409	BANC_888:720575941602036409	BANC888	is_a	T4d neuron	
720575941602040054	BANC_888:720575941602040054	BANC888	is_a	T5d neuron	
720575941602040617	BANC_888:720575941602040617	BANC888	is_a	adult optic lobe intrinsic neuron	
720575941602040873	BANC_888:720575941602040873	BANC888	is_a	adult optic lobe intrinsic neuron	
720575941602041529	BANC_888:720575941602041529	BANC888	is_a	adult CB3425 neuron	
720575941602047478	BANC_888:720575941602047478	BANC888	is_a	T5a neuron	
720575941602050294	BANC_888:720575941602050294	BANC888	is_a	T4b neuron	
720575941602051881	BANC_888:720575941602051881	BANC888	is_a	adult optic lobe intrinsic neuron	
720575941602053161	BANC_888:720575941602053161	BANC888	is_a	T3 neuron	
720575941602054953	BANC_888:720575941602054953	BANC888	is_a	adult optic lobe intrinsic neuron	
720575941602055977	BANC_888:720575941602055977	BANC888	is_a	lamina monopolar neuron L4	
720575941602056745	BANC_888:720575941602056745	BANC888	is_a	adult optic lobe intrinsic neuron	
720575941602056950	BANC_888:720575941602056950	BANC888	is_a	T5a neuron	
720575941602057513	BANC_888:720575941602057513	BANC888	is_a	transmedullary neuron Tm20	
720575941602058169	BANC_888:720575941602058169	BANC888	is_a	T5c neuron	
720575941602058486	BANC_888:720575941602058486	BANC888	is_a	transmedullary neuron Tm3	
720575941602062326	BANC_888:720575941602062326	BANC888	is_a	transmedullary neuron Tm24	FlyBase:FBrf0262545
720575941602063469	BANC_888:720575941602063469	BANC888	is_a	lamina monopolar neuron L5	
720575941602065593	BANC_888:720575941602065593	BANC888	is_a	medulla intrinsic neuron Mi4	
720575941602065705	BANC_888:720575941602065705	BANC888	is_a	adult optic lobe intrinsic neuron	
720575941602065961	BANC_888:720575941602065961	BANC888	is_a	adult optic lobe intrinsic neuron	
720575941602066678	BANC_888:720575941602066678	BANC888	is_a	lobula columnar neuron LC22	
720575941602068777	BANC_888:720575941602068777	BANC888	is_a	adult optic lobe intrinsic neuron	
720575941602075430	BANC_888:720575941602075430	BANC888	is_a	adult SNta24 neuron	
720575941602076150	BANC_888:720575941602076150	BANC888	is_a	T4c neuron	
720575941602086246	BANC_888:720575941602086246	BANC888	is_a	photoreceptor cell R8	
720575941602093246	BANC_888:720575941602093246	BANC888	is_a	bristle sensory neuron	
720575941602094070	BANC_888:720575941602094070	BANC888	is_a	adult optic lobe intrinsic neuron	
720575941602094265	BANC_888:720575941602094265	BANC888	is_a	transmedullary neuron Tm1	
720575941602100777	BANC_888:720575941602100777	BANC888	is_a	adult optic lobe intrinsic neuron	
720575941602102057	BANC_888:720575941602102057	BANC888	is_a	zone E Johnston organ neuron	
720575941602109686	BANC_888:720575941602109686	BANC888	is_a	adult central medulla neuron Cm12	FlyBase:FBrf0262545
720575941602111273	BANC_888:720575941602111273	BANC888	is_a	lobula columnar neuron LC10c	
720575941602112809	BANC_888:720575941602112809	BANC888	is_a	adult optic lobe intrinsic neuron	
720575941602114294	BANC_888:720575941602114294	BANC888	is_a	T4b neuron	
720575941602115881	BANC_888:720575941602115881	BANC888	is_a	lamina monopolar neuron L1	
720575941602117561	BANC_888:720575941602117561	BANC888	is_a	transmedullary neuron Tm9	
720575941602117673	BANC_888:720575941602117673	BANC888	is_a	adult optic lobe intrinsic neuron	
720575941602117929	BANC_888:720575941602117929	BANC888	is_a	T5d neuron	
720575941602120745	BANC_888:720575941602120745	BANC888	is_a	medulla intrinsic neuron Mi4	
720575941602122169	BANC_888:720575941602122169	BANC888	is_a	lobula-lobula plate columnar neuron LLPC2	
720575941602124473	BANC_888:720575941602124473	BANC888	is_a	adult optic lobe intrinsic neuron	
720575941602126265	BANC_888:720575941602126265	BANC888	is_a	distal medullary amacrine neuron Dm3c	FlyBase:FBrf0262545
720575941602127657	BANC_888:720575941602127657	BANC888	is_a	adult optic lobe intrinsic neuron	
720575941602130726	BANC_888:720575941602130726	BANC888	is_a	adult SNta24 neuron	
720575941602132521	BANC_888:720575941602132521	BANC888	is_a	adult optic lobe intrinsic neuron	
720575941602133494	BANC_888:720575941602133494	BANC888	is_a	T4c neuron	
720575941602134313	BANC_888:720575941602134313	BANC888	is_a	lobula-lobula plate columnar neuron LLPC1	
720575941602140918	BANC_888:720575941602140918	BANC888	is_a	T5a neuron	
720575941602142178	BANC_888:720575941602142178	BANC888	is_a	wing margin mechanosensory bristle	
720575941602143785	BANC_888:720575941602143785	BANC888	is_a	zone B Johnston organ neuron	
720575941602144809	BANC_888:720575941602144809	BANC888	is_a	adult olfactory receptor neuron Ir31a	
720575941602153206	BANC_888:720575941602153206	BANC888	is_a	adult optic lobe intrinsic neuron	
720575941602155510	BANC_888:720575941602155510	BANC888	is_a	T2 neuron	
720575941602157865	BANC_888:720575941602157865	BANC888	is_a	T2a neuron	
720575941602161254	BANC_888:720575941602161254	BANC888	is_a	lamina monopolar neuron L1	
720575941602162934	BANC_888:720575941602162934	BANC888	is_a	transmedullary neuron Tm9	
720575941602163129	BANC_888:720575941602163129	BANC888	is_a	transmedullary neuron Tm1	
720575941602165689	BANC_888:720575941602165689	BANC888	is_a	medulla intrinsic neuron Mi13	
720575941602167993	BANC_888:720575941602167993	BANC888	is_a	T4c neuron	
720575941602170409	BANC_888:720575941602170409	BANC888	is_a	columnar neuron T1	
720575941602171638	BANC_888:720575941602171638	BANC888	is_a	medulla intrinsic neuron Mi13	
720575941602171689	BANC_888:720575941602171689	BANC888	is_a	adult clamp neuron 087	
720575941602173225	BANC_888:720575941602173225	BANC888	is_a	transmedullary neuron Tm20	
720575941602173481	BANC_888:720575941602173481	BANC888	is_a	adult anterior optic tubercle neuron 055	
720575941602173737	BANC_888:720575941602173737	BANC888	is_a	adult optic lobe intrinsic neuron	
720575941602175161	BANC_888:720575941602175161	BANC888	is_a	T5c neuron	
720575941602179881	BANC_888:720575941602179881	BANC888	is_a	lamina monopolar neuron L2	
720575941602180390	BANC_888:720575941602180390	BANC888	is_a	adult SNta24 neuron	
720575941602181049	BANC_888:720575941602181049	BANC888	is_a	T4c neuron	
720575941602182585	BANC_888:720575941602182585	BANC888	is_a	T5b neuron	
720575941602193654	BANC_888:720575941602193654	BANC888	is_a	lobula columnar neuron LC20	
720575941602199081	BANC_888:720575941602199081	BANC888	is_a	lamina monopolar neuron L5	
720575941602199337	BANC_888:720575941602199337	BANC888	is_a	adult optic lobe intrinsic neuron	
720575941602200566	BANC_888:720575941602200566	BANC888	is_a	T3 neuron	
720575941602201846	BANC_888:720575941602201846	BANC888	is_a	adult optic lobe intrinsic neuron	
720575941602202665	BANC_888:720575941602202665	BANC888	is_a	adult optic lobe intrinsic neuron	
720575941602204662	BANC_888:720575941602204662	BANC888	is_a	T4c neuron	
720575941602205369	BANC_888:720575941602205369	BANC888	is_a	distal medullary amacrine neuron Dm3b	FlyBase:FBrf0262545
720575941602205993	BANC_888:720575941602205993	BANC888	is_a	lamina monopolar neuron L5	
720575941602206649	BANC_888:720575941602206649	BANC888	is_a	T5b neuron	
720575941602207273	BANC_888:720575941602207273	BANC888	is_a	T4b neuron	
720575941602209833	BANC_888:720575941602209833	BANC888	is_a	lamina monopolar neuron L2	
720575941602210857	BANC_888:720575941602210857	BANC888	is_a	distal medullary amacrine neuron Dm3b	FlyBase:FBrf0262545
720575941602215209	BANC_888:720575941602215209	BANC888	is_a	adult optic lobe intrinsic neuron	
720575941602216233	BANC_888:720575941602216233	BANC888	is_a	lamina monopolar neuron L2	
720575941602216950	BANC_888:720575941602216950	BANC888	is_a	translobula plate neuron Tlp4	
720575941602217718	BANC_888:720575941602217718	BANC888	is_a	T5b neuron	
720575941602223913	BANC_888:720575941602223913	BANC888	is_a	adult optic lobe intrinsic neuron	
720575941602224574	BANC_888:720575941602224574	BANC888	is_a	adult IN06B078 neuron	
720575941602226366	BANC_888:720575941602226366	BANC888	is_a	adult IN05B075 neuron	
720575941602227241	BANC_888:720575941602227241	BANC888	is_a	adult optic lobe intrinsic neuron	
720575941602228777	BANC_888:720575941602228777	BANC888	is_a	adult optic lobe intrinsic neuron	
720575941602230057	BANC_888:720575941602230057	BANC888	is_a	zone B Johnston organ neuron	
720575941602230774	BANC_888:720575941602230774	BANC888	is_a	T4b neuron	
720575941602235382	BANC_888:720575941602235382	BANC888	is_a	Y neuron Y3	
720575941602236345	BANC_888:720575941602236345	BANC888	is_a	lobula columnar neuron LC17	
720575941602242750	BANC_888:720575941602242750	BANC888	is_a	adult IN08B003 neuron	
720575941602244137	BANC_888:720575941602244137	BANC888	is_a	adult optic lobe intrinsic neuron	
720575941602245817	BANC_888:720575941602245817	BANC888	is_a	adult CB2364 neuron	
720575941602246441	BANC_888:720575941602246441	BANC888	is_a	distal medullary amacrine neuron Dm2	
720575941602247209	BANC_888:720575941602247209	BANC888	is_a	T3 neuron	
720575941602249974	BANC_888:720575941602249974	BANC888	is_a	T5b neuron	
720575941602259641	BANC_888:720575941602259641	BANC888	is_a	medulla-lobula neuron 1	FlyBase:FBrf0262545
720575941602260158	BANC_888:720575941602260158	BANC888	is_a	adult IN08A029 neuron	
720575941602261182	BANC_888:720575941602261182	BANC888	is_a	adult IN11A040 neuron	
720575941602262569	BANC_888:720575941602262569	BANC888	is_a	ocellar ganglion interneuron type 01	
720575941602262825	BANC_888:720575941602262825	BANC888	is_a	adult olfactory receptor neuron Ir84a	
720575941602269993	BANC_888:720575941602269993	BANC888	is_a	adult optic lobe intrinsic neuron	
720575941602271529	BANC_888:720575941602271529	BANC888	is_a	transmedullary neuron Tm20	
720575941602273470	BANC_888:720575941602273470	BANC888	is_a	adult IN23B030 neuron	
720575941602277929	BANC_888:720575941602277929	BANC888	is_a	adult optic lobe intrinsic neuron	
720575941602279209	BANC_888:720575941602279209	BANC888	is_a	adult optic lobe intrinsic neuron	
720575941602280745	BANC_888:720575941602280745	BANC888	is_a	adult optic lobe intrinsic neuron	
720575941602283193	BANC_888:720575941602283193	BANC888	is_a	adult fan-shaped body 1 column-superior medial protocerebrum neuron	FlyBase:FBrf0246888
720575941602283510	BANC_888:720575941602283510	BANC888	is_a	Y neuron Y1	
720575941602284278	BANC_888:720575941602284278	BANC888	is_a	T5c neuron	
720575941602286633	BANC_888:720575941602286633	BANC888	is_a	adult optic lobe intrinsic neuron	
720575941602290366	BANC_888:720575941602290366	BANC888	is_a	femoral chordotonal club neuron	
720575941602290617	BANC_888:720575941602290617	BANC888	is_a	adult CB0961 neuron	
720575941602290934	BANC_888:720575941602290934	BANC888	is_a	transmedullary Y neuron TmY3	
720575941602291446	BANC_888:720575941602291446	BANC888	is_a	T5d neuron	
720575941602293033	BANC_888:720575941602293033	BANC888	is_a	medulla intrinsic neuron Mi4	
720575941602293177	BANC_888:720575941602293177	BANC888	is_a	metathoracic accessory tibial flexor motor neuron	
720575941602294518	BANC_888:720575941602294518	BANC888	is_a	T4d neuron	
720575941602295225	BANC_888:720575941602295225	BANC888	is_a	lobula columnar neuron LC4	
720575941602298614	BANC_888:720575941602298614	BANC888	is_a	T4c neuron	
720575941602303785	BANC_888:720575941602303785	BANC888	is_a	adult optic lobe intrinsic neuron	
720575941602315454	BANC_888:720575941602315454	BANC888	is_a	adult IN11B017 neuron	
720575941602315561	BANC_888:720575941602315561	BANC888	is_a	adult central brain intrinsic neuron	
720575941602316329	BANC_888:720575941602316329	BANC888	is_a	adult optic lobe intrinsic neuron	
720575941602316585	BANC_888:720575941602316585	BANC888	is_a	adult optic lobe intrinsic neuron	
720575941602318782	BANC_888:720575941602318782	BANC888	is_a	adult IN19A072 neuron	
720575941602318889	BANC_888:720575941602318889	BANC888	is_a	adult optic lobe intrinsic neuron	
720575941602321598	BANC_888:720575941602321598	BANC888	is_a	adult IN20A.22A061 neuron	
720575941602323446	BANC_888:720575941602323446	BANC888	is_a	lobula plate columnar neuron LPC1	
720575941602323897	BANC_888:720575941602323897	BANC888	is_a	descending neuron of the anterior dorsal brain DNa04	
720575941602331382	BANC_888:720575941602331382	BANC888	is_a	distal medullary amacrine neuron Dm15	
720575941602332969	BANC_888:720575941602332969	BANC888	is_a	adult CB1713 neuron	
720575941602336297	BANC_888:720575941602336297	BANC888	is_a	adult optic lobe intrinsic neuron	
720575941602337209	BANC_888:720575941602337209	BANC888	is_a	adult optic lobe intrinsic neuron	
720575941602337577	BANC_888:720575941602337577	BANC888	is_a	adult optic lobe intrinsic neuron	
720575941602343870	BANC_888:720575941602343870	BANC888	is_a	adult IN12B084 neuron	
720575941602347305	BANC_888:720575941602347305	BANC888	is_a	adult optic lobe intrinsic neuron	
720575941602349302	BANC_888:720575941602349302	BANC888	is_a	lobula columnar neuron LC12	
720575941602359849	BANC_888:720575941602359849	BANC888	is_a	visual projection neuron	
720575941602368056	BANC_888:720575941602368056	BANC888	is_a	adult CB0813 neuron	
720575941602370494	BANC_888:720575941602370494	BANC888	is_a	adult IN06A109 neuron	
720575941602371769	BANC_888:720575941602371769	BANC888	is_a	distal medullary amacrine neuron Dm3c	FlyBase:FBrf0262545
720575941602372793	BANC_888:720575941602372793	BANC888	is_a	transmedullary neuron Tm24	FlyBase:FBrf0262545
720575941602373054	BANC_888:720575941602373054	BANC888	is_a	sensory neuron of haltere campaniform sensillum	
720575941602373161	BANC_888:720575941602373161	BANC888	is_a	adult optic lobe intrinsic neuron	
720575941602373622	BANC_888:720575941602373622	BANC888	is_a	proximal medullary amacrine neuron Pm1	FlyBase:FBrf0262545
720575941602379705	BANC_888:720575941602379705	BANC888	is_a	T3 neuron	
720575941602380985	BANC_888:720575941602380985	BANC888	is_a	adult optic lobe intrinsic neuron	
720575941602381046	BANC_888:720575941602381046	BANC888	is_a	adult optic lobe intrinsic neuron	
720575941602383350	BANC_888:720575941602383350	BANC888	is_a	alpha/beta Kenyon cell	
720575941602386934	BANC_888:720575941602386934	BANC888	is_a	Y neuron Y3	
720575941602387753	BANC_888:720575941602387753	BANC888	is_a	transmedullary Y neuron TmY10	
720575941602390057	BANC_888:720575941602390057	BANC888	is_a	transmedullary neuron Tm5b	
720575941602390569	BANC_888:720575941602390569	BANC888	is_a	proximal medullary amacrine neuron Pm10	FlyBase:FBrf0262545
720575941602390825	BANC_888:720575941602390825	BANC888	is_a	lamina monopolar neuron L2	
720575941602398393	BANC_888:720575941602398393	BANC888	is_a	distal medullary amacrine neuron Dm14	
720575941602398761	BANC_888:720575941602398761	BANC888	is_a	transmedullary neuron Tm3	
720575941602401577	BANC_888:720575941602401577	BANC888	is_a	photoreceptor cell R7	
720575941602401833	BANC_888:720575941602401833	BANC888	is_a	transmedullary neuron Tm20	
720575941602403881	BANC_888:720575941602403881	BANC888	is_a	distal medullary amacrine neuron Dm10	
720575941602404030	BANC_888:720575941602404030	BANC888	is_a	mechanosensory neuron of hair plate	
720575941602407158	BANC_888:720575941602407158	BANC888	is_a	adult INXXX337 neuron	
720575941602407209	BANC_888:720575941602407209	BANC888	is_a	adult optic lobe intrinsic neuron	
720575941602409769	BANC_888:720575941602409769	BANC888	is_a	transmedullary neuron Tm20	
720575941602411049	BANC_888:720575941602411049	BANC888	is_a	adult anterior ventrolateral protocerebrum neuron 305	
720575941602411561	BANC_888:720575941602411561	BANC888	is_a	adult anterior ventrolateral protocerebrum neuron 305	
720575941602413097	BANC_888:720575941602413097	BANC888	is_a	adult DNut051 neuron	
720575941602413353	BANC_888:720575941602413353	BANC888	is_a	translobula plate neuron Tlp1	
720575941602414582	BANC_888:720575941602414582	BANC888	is_a	adult CB2497 neuron	
720575941602416681	BANC_888:720575941602416681	BANC888	is_a	T5c neuron	
720575941602429118	BANC_888:720575941602429118	BANC888	is_a	adult SNta42 neuron	
720575941602429881	BANC_888:720575941602429881	BANC888	is_a	adult optic lobe intrinsic neuron	
720575941602441913	BANC_888:720575941602441913	BANC888	is_a	transmedullary neuron Tm9	
720575941602444990	BANC_888:720575941602444990	BANC888	is_a	adult CB2338 neuron	
720575941602451646	BANC_888:720575941602451646	BANC888	is_a	adult fan-shaped body vertical delta neuron	
720575941602454201	BANC_888:720575941602454201	BANC888	is_a	lamina monopolar neuron L2	
720575941602455737	BANC_888:720575941602455737	BANC888	is_a	distal medullary amacrine neuron Dm3b	FlyBase:FBrf0262545
720575941602460857	BANC_888:720575941602460857	BANC888	is_a	transmedullary neuron Tm4	
720575941602461686	BANC_888:720575941602461686	BANC888	is_a	lobula plate-lobula columnar neuron LPLC2	
720575941602466745	BANC_888:720575941602466745	BANC888	is_a	adult INXXX287 neuron	
720575941602477241	BANC_888:720575941602477241	BANC888	is_a	T4a neuron	
720575941602479545	BANC_888:720575941602479545	BANC888	is_a	gustatory receptor neuron of the wing	
720575941602479862	BANC_888:720575941602479862	BANC888	is_a	lobula columnar neuron LC9	
720575941602482422	BANC_888:720575941602482422	BANC888	is_a	gamma main Kenyon cell	
720575941602484409	BANC_888:720575941602484409	BANC888	is_a	T5d neuron	
720575941602487993	BANC_888:720575941602487993	BANC888	is_a	transmedullary Y neuron TmY14	
720575941602503609	BANC_888:720575941602503609	BANC888	is_a	T5c neuron	
720575941602508790	BANC_888:720575941602508790	BANC888	is_a	medulla intrinsic neuron Mi15	
720575941602510293	BANC_888:720575941602510293	BANC888	is_a	centrifugal neuron C2	
720575941602512313	BANC_888:720575941602512313	BANC888	is_a	adult optic lobe intrinsic neuron	
720575941602512886	BANC_888:720575941602512886	BANC888	is_a	transmedullary neuron Tm4	
720575941602518518	BANC_888:720575941602518518	BANC888	is_a	transmedullary neuron Tm6	FlyBase:FBrf0262545
720575941602521022	BANC_888:720575941602521022	BANC888	is_a	adult protocerebral bridge 1 glomerulus-fan-shaped body-round body type a neuron	
720575941602525118	BANC_888:720575941602525118	BANC888	is_a	adult CB2149 neuron	
720575941602525942	BANC_888:720575941602525942	BANC888	is_a	transmedullary neuron Tm4	
720575941602526198	BANC_888:720575941602526198	BANC888	is_a	adult medulla-lobula neuron MeLo2	FlyBase:FBrf0262545
720575941602532030	BANC_888:720575941602532030	BANC888	is_a	protocerebral bridge 1 glomerulus-fan-shaped body-nodulus 3 anterior domain neuron	
720575941602533878	BANC_888:720575941602533878	BANC888	is_a	medulla intrinsic neuron Mi13	
720575941602538998	BANC_888:720575941602538998	BANC888	is_a	transmedullary Y neuron TmY4	
720575941602544825	BANC_888:720575941602544825	BANC888	is_a	adult clamp neuron 089	
720575941602554614	BANC_888:720575941602554614	BANC888	is_a	distal medullary amacrine neuron Dm3a	FlyBase:FBrf0262545
720575941602556089	BANC_888:720575941602556089	BANC888	is_a	adult optic lobe intrinsic neuron	
720575941602567158	BANC_888:720575941602567158	BANC888	is_a	adult optic lobe intrinsic neuron	
720575941602568182	BANC_888:720575941602568182	BANC888	is_a	adult SNta29 neuron	
720575941602568694	BANC_888:720575941602568694	BANC888	is_a	adult SNpp61 neuron	
720575941602570681	BANC_888:720575941602570681	BANC888	is_a	adult CB3865 neuron	
720575941602574838	BANC_888:720575941602574838	BANC888	is_a	adult optic lobe intrinsic neuron	
720575941602583542	BANC_888:720575941602583542	BANC888	is_a	medulla intrinsic neuron Mi4	
720575941602587126	BANC_888:720575941602587126	BANC888	is_a	transmedullary Y neuron TmY14	
720575941602589430	BANC_888:720575941602589430	BANC888	is_a	adult optic lobe intrinsic neuron	
720575941602603254	BANC_888:720575941602603254	BANC888	is_a	transmedullary neuron Tm6	FlyBase:FBrf0262545
720575941602607606	BANC_888:720575941602607606	BANC888	is_a	distal medullary amacrine neuron Dm2	
720575941602610105	BANC_888:720575941602610105	BANC888	is_a	T3 neuron	
720575941602611958	BANC_888:720575941602611958	BANC888	is_a	adult optic lobe intrinsic neuron	
720575941602612414	BANC_888:720575941602612414	BANC888	is_a	sensory neuron	
720575941602614457	BANC_888:720575941602614457	BANC888	is_a	centrifugal neuron C3	
720575941602618297	BANC_888:720575941602618297	BANC888	is_a	T4b neuron	
720575941602625782	BANC_888:720575941602625782	BANC888	is_a	adult optic lobe intrinsic neuron	
720575941602627769	BANC_888:720575941602627769	BANC888	is_a	T2 neuron	
720575941602628537	BANC_888:720575941602628537	BANC888	is_a	centrifugal neuron C3	
720575941602634486	BANC_888:720575941602634486	BANC888	is_a	T3 neuron	
720575941602634942	BANC_888:720575941602634942	BANC888	is_a	adult CB0288 neuron	
720575941602636473	BANC_888:720575941602636473	BANC888	is_a	T2a neuron	
720575941602636534	BANC_888:720575941602636534	BANC888	is_a	T2 neuron	
720575941602636729	BANC_888:720575941602636729	BANC888	is_a	transmedullary Y neuron TmY20	
720575941602640057	BANC_888:720575941602640057	BANC888	is_a	centrifugal neuron C2	
720575941602641398	BANC_888:720575941602641398	BANC888	is_a	lobula plate intrinsic neuron LPi3a	FlyBase:FBrf0262545
720575941602641849	BANC_888:720575941602641849	BANC888	is_a	proximal medullary amacrine neuron Pm7	FlyBase:FBrf0262545
720575941602643641	BANC_888:720575941602643641	BANC888	is_a	T5a neuron	
720575941602656185	BANC_888:720575941602656185	BANC888	is_a	T3 neuron	
720575941602664121	BANC_888:720575941602664121	BANC888	is_a	adult tubercle-bulb neuron 08	
720575941602671862	BANC_888:720575941602671862	BANC888	is_a	T5d neuron	
720575941602711737	BANC_888:720575941602711737	BANC888	is_a	adult IN19A081 neuron	
720575941602718649	BANC_888:720575941602718649	BANC888	is_a	adult IN09A022 neuron	
720575941602726078	BANC_888:720575941602726078	BANC888	is_a	descending neuron of the gnathal ganglion DNge109	
720575941602751478	BANC_888:720575941602751478	BANC888	is_a	Y neuron Y3	
720575941602753782	BANC_888:720575941602753782	BANC888	is_a	adult SAch02 neuron	
720575941602759158	BANC_888:720575941602759158	BANC888	is_a	adult optic lobe intrinsic neuron	
720575941602759670	BANC_888:720575941602759670	BANC888	is_a	T5d neuron	
720575941602763484	BANC_888:720575941602763484	BANC888	is_a	lamina monopolar neuron L1	
720575941602764278	BANC_888:720575941602764278	BANC888	is_a	T4a neuron	
720575941602772214	BANC_888:720575941602772214	BANC888	is_a	mechanosensory neuron of interommatidial bristle	
720575941602773238	BANC_888:720575941602773238	BANC888	is_a	adult optic lobe intrinsic neuron	
720575941602774774	BANC_888:720575941602774774	BANC888	is_a	Y neuron Y4	
720575941602775030	BANC_888:720575941602775030	BANC888	is_a	T4d neuron	
720575941602777334	BANC_888:720575941602777334	BANC888	is_a	T2a neuron	
720575941602782137	BANC_888:720575941602782137	BANC888	is_a	sensory neuron of female reproductive system	
720575941602800569	BANC_888:720575941602800569	BANC888	is_a	adult IN19A093 neuron	
720575941602805494	BANC_888:720575941602805494	BANC888	is_a	distal medullary amacrine neuron Dm3c	FlyBase:FBrf0262545
720575941602809334	BANC_888:720575941602809334	BANC888	is_a	adult CB1079 neuron	
720575941602810870	BANC_888:720575941602810870	BANC888	is_a	alpha/beta Kenyon cell	
720575941602811577	BANC_888:720575941602811577	BANC888	is_a	adult IN17A067 neuron	
720575941602816502	BANC_888:720575941602816502	BANC888	is_a	T4d neuron	
720575941602833593	BANC_888:720575941602833593	BANC888	is_a	adult SNta29 neuron	
720575941602836409	BANC_888:720575941602836409	BANC888	is_a	femoral chordotonal claw neuron	
720575941602836470	BANC_888:720575941602836470	BANC888	is_a	gamma main Kenyon cell	
720575941602838201	BANC_888:720575941602838201	BANC888	is_a	adult SNta44 neuron	
720575941602840310	BANC_888:720575941602840310	BANC888	is_a	transmedullary neuron Tm23	FlyBase:FBrf0262545
720575941602854841	BANC_888:720575941602854841	BANC888	is_a	descending neuron of the gnathal ganglion DNge081	
720575941602855414	BANC_888:720575941602855414	BANC888	is_a	transmedullary neuron Tm2	
720575941602860534	BANC_888:720575941602860534	BANC888	is_a	adult optic lobe intrinsic neuron	
720575941602864057	BANC_888:720575941602864057	BANC888	is_a	alpha/beta Kenyon cell	
720575941602869694	BANC_888:720575941602869694	BANC888	is_a	lobula-lobula plate columnar neuron LLPC1	
720575941602870262	BANC_888:720575941602870262	BANC888	is_a	adult IN16B090 neuron	
720575941602872054	BANC_888:720575941602872054	BANC888	is_a	adult IN19A122 neuron	
720575941602875577	BANC_888:720575941602875577	BANC888	is_a	gamma dorsal Kenyon cell	
720575941602880697	BANC_888:720575941602880697	BANC888	is_a	adult ascending neuron	
720575941602905017	BANC_888:720575941602905017	BANC888	is_a	mechanosensory neuron of interommatidial bristle	
720575941602915257	BANC_888:720575941602915257	BANC888	is_a	mechanosensory neuron of interommatidial bristle	
720575941602920126	BANC_888:720575941602920126	BANC888	is_a	distal medullary amacrine neuron Dm3a	FlyBase:FBrf0262545
720575941602921206	BANC_888:720575941602921206	BANC888	is_a	adult SNta26 neuron	
720575941602921401	BANC_888:720575941602921401	BANC888	is_a	adult SNta43 neuron	
720575941602921462	BANC_888:720575941602921462	BANC888	is_a	adult SNta37 neuron	
720575941602922681	BANC_888:720575941602922681	BANC888	is_a	adult SNxx29 neuron	
720575941602923705	BANC_888:720575941602923705	BANC888	is_a	adult SNta38 neuron	
720575941602924985	BANC_888:720575941602924985	BANC888	is_a	adult olfactory receptor neuron Or42b	
720575941602933750	BANC_888:720575941602933750	BANC888	is_a	wing margin taste bristle	
720575941602933945	BANC_888:720575941602933945	BANC888	is_a	adult CB1932 neuron	
720575941602934713	BANC_888:720575941602934713	BANC888	is_a	sensory neuron	
720575941602938870	BANC_888:720575941602938870	BANC888	is_a	adult IN16B088 neuron	
720575941602940406	BANC_888:720575941602940406	BANC888	is_a	adult IN12B036 neuron	
720575941602948086	BANC_888:720575941602948086	BANC888	is_a	adult SNta40 neuron	
720575941602954681	BANC_888:720575941602954681	BANC888	is_a	transmedullary Y neuron TmY15	
720575941602956790	BANC_888:720575941602956790	BANC888	is_a	adult INXXX077 neuron	
720575941602964153	BANC_888:720575941602964153	BANC888	is_a	adult CB0977 neuron	
720575941602967286	BANC_888:720575941602967286	BANC888	is_a	adult SNta29 neuron	
720575941602969846	BANC_888:720575941602969846	BANC888	is_a	adult IN13A040 neuron	
720575941602974649	BANC_888:720575941602974649	BANC888	is_a	descending neuron of the posterior brain DNpe054	
720575941602978806	BANC_888:720575941602978806	BANC888	is_a	adult central brain intrinsic neuron	
720575941602980025	BANC_888:720575941602980025	BANC888	is_a	dopaminergic PAM neuron 5	
720575941602982073	BANC_888:720575941602982073	BANC888	is_a	adult CB3321 neuron	
720575941602983414	BANC_888:720575941602983414	BANC888	is_a	adult Kenyon cell	
720575941602984638	BANC_888:720575941602984638	BANC888	is_a	adult IN21A093 neuron	
720575941602987510	BANC_888:720575941602987510	BANC888	is_a	adult INXXX095 neuron	
720575941602996158	BANC_888:720575941602996158	BANC888	is_a	adult MNad14 neuron	
720575941602999030	BANC_888:720575941602999030	BANC888	is_a	adult ascending neuron	
720575941603000054	BANC_888:720575941603000054	BANC888	is_a	adult gamma Kenyon cell	
720575941603001078	BANC_888:720575941603001078	BANC888	is_a	gamma main Kenyon cell	
720575941603001534	BANC_888:720575941603001534	BANC888	is_a	adult superior medial protocerebrum neuron 021	
720575941603004406	BANC_888:720575941603004406	BANC888	is_a	gamma main Kenyon cell	
720575941603010489	BANC_888:720575941603010489	BANC888	is_a	gamma main Kenyon cell	
720575941603015158	BANC_888:720575941603015158	BANC888	is_a	adult CB1225 neuron	
720575941603015609	BANC_888:720575941603015609	BANC888	is_a	adult posterior slope neuron 005	
720575941603028665	BANC_888:720575941603028665	BANC888	is_a	adult CB2044 neuron	
720575941603036601	BANC_888:720575941603036601	BANC888	is_a	adult antennal lobe projection neuron VM6++ l2PN 1	
720575941603038710	BANC_888:720575941603038710	BANC888	is_a	mechanosensory neuron of dorsal postorbital bristle	
720575941603039478	BANC_888:720575941603039478	BANC888	is_a	sensory neuron	
720575941603048182	BANC_888:720575941603048182	BANC888	is_a	mechanosensory neuron of interocellar bristle	
720575941603052473	BANC_888:720575941603052473	BANC888	is_a	alpha/beta Kenyon cell	
720575941603060214	BANC_888:720575941603060214	BANC888	is_a	mechanosensory neuron of interommatidial bristle	
720575941603062774	BANC_888:720575941603062774	BANC888	is_a	adult olfactory receptor neuron Or67c	
720575941603067070	BANC_888:720575941603067070	BANC888	is_a	gamma main Kenyon cell	
720575941603072502	BANC_888:720575941603072502	BANC888	is_a	mechanosensory neuron of Wheeler's organ	
720575941603091902	BANC_888:720575941603091902	BANC888	is_a	adult Kenyon cell	
720575941603095481	BANC_888:720575941603095481	BANC888	is_a	adult CB2922 neuron	
720575941603098814	BANC_888:720575941603098814	BANC888	is_a	adult protocerebral bridge 1 glomerulus-fan-shaped body-round body neuron	
720575941603100918	BANC_888:720575941603100918	BANC888	is_a	adult lobula plate visual centrifugal neuron 01	
720575941603103990	BANC_888:720575941603103990	BANC888	is_a	proboscis muscle motor neuron	
720575941603110134	BANC_888:720575941603110134	BANC888	is_a	proboscis muscle 2 ventral motor neuron	
720575941603115961	BANC_888:720575941603115961	BANC888	is_a	adult CB1842 neuron	
720575941603116985	BANC_888:720575941603116985	BANC888	is_a	adult fan-shaped body vertical delta neuron	
720575941603119294	BANC_888:720575941603119294	BANC888	is_a	lobula-lobula plate columnar neuron LLPC1	
720575941603125689	BANC_888:720575941603125689	BANC888	is_a	adult IN02A039 neuron	
720575941603131070	BANC_888:720575941603131070	BANC888	is_a	T4b neuron	
720575941603133881	BANC_888:720575941603133881	BANC888	is_a	medulla intrinsic neuron Mi15	
720575941603140342	BANC_888:720575941603140342	BANC888	is_a	adult anterior optic tubercle neuron 055	
720575941603143870	BANC_888:720575941603143870	BANC888	is_a	T2 neuron	
720575941603156670	BANC_888:720575941603156670	BANC888	is_a	transmedullary neuron Tm3	
720575941603158462	BANC_888:720575941603158462	BANC888	is_a	T4a neuron	
720575941603162614	BANC_888:720575941603162614	BANC888	is_a	adult fruitless aSP-g3 (female) neuron	
720575941603168446	BANC_888:720575941603168446	BANC888	is_a	transmedullary neuron Tm1	
720575941603173310	BANC_888:720575941603173310	BANC888	is_a	medulla intrinsic neuron Mi1	
720575941603176438	BANC_888:720575941603176438	BANC888	is_a	medulla intrinsic neuron Mi13	
720575941603177462	BANC_888:720575941603177462	BANC888	is_a	adult CB2250 neuron	
720575941603178425	BANC_888:720575941603178425	BANC888	is_a	lamina wide-field 1 neuron	
720575941603180473	BANC_888:720575941603180473	BANC888	is_a	medulla intrinsic neuron Mi2	
720575941603180534	BANC_888:720575941603180534	BANC888	is_a	alpha'/beta' anterior-posterior type 1 Kenyon cell	
720575941603182265	BANC_888:720575941603182265	BANC888	is_a	adult wedge neuron 100	
720575941603182270	BANC_888:720575941603182270	BANC888	is_a	adult CB2642 neuron	
720575941603185910	BANC_888:720575941603185910	BANC888	is_a	alpha/beta Kenyon cell	
720575941603190006	BANC_888:720575941603190006	BANC888	is_a	adult ANXXX008 neuron	
720575941603193022	BANC_888:720575941603193022	BANC888	is_a	medulla intrinsic neuron Mi4	
720575941603195321	BANC_888:720575941603195321	BANC888	is_a	transmedullary neuron Tm1	
720575941603196350	BANC_888:720575941603196350	BANC888	is_a	adult optic lobe intrinsic neuron	
720575941603197886	BANC_888:720575941603197886	BANC888	is_a	T4a neuron	
720575941603199422	BANC_888:720575941603199422	BANC888	is_a	transmedullary neuron Tm1	
720575941603200246	BANC_888:720575941603200246	BANC888	is_a	lobula columnar neuron LC17	
720575941603202038	BANC_888:720575941603202038	BANC888	is_a	adult CB0184 neuron	
720575941603211254	BANC_888:720575941603211254	BANC888	is_a	adult asymmetrical body-fan-shaped body layer 8 neuron	
720575941603215094	BANC_888:720575941603215094	BANC888	is_a	adult clamp neuron 344	
720575941603215606	BANC_888:720575941603215606	BANC888	is_a	adult CB1306 neuron	
720575941603221182	BANC_888:720575941603221182	BANC888	is_a	T4d neuron	
720575941603223737	BANC_888:720575941603223737	BANC888	is_a	medulla intrinsic neuron Mi15	
720575941603229630	BANC_888:720575941603229630	BANC888	is_a	alpha/beta Kenyon cell	
720575941603230905	BANC_888:720575941603230905	BANC888	is_a	adult optic lobe intrinsic neuron	
720575941603232697	BANC_888:720575941603232697	BANC888	is_a	transmedullary Y neuron TmY10	
720575941603232953	BANC_888:720575941603232953	BANC888	is_a	adult ellipsoid body ring neuron R4d	
720575941603234233	BANC_888:720575941603234233	BANC888	is_a	adult CB1365 neuron	
720575941603239102	BANC_888:720575941603239102	BANC888	is_a	adult optic lobe intrinsic neuron	
720575941603241913	BANC_888:720575941603241913	BANC888	is_a	adult olfactory receptor neuron Or59b	
720575941603242742	BANC_888:720575941603242742	BANC888	is_a	adult CB0796 neuron	
720575941603246526	BANC_888:720575941603246526	BANC888	is_a	lobula columnar neuron LC12	
720575941603247033	BANC_888:720575941603247033	BANC888	is_a	adult CB2198 neuron	
720575941603254262	BANC_888:720575941603254262	BANC888	is_a	adult posterior lateral protocerebrum neuron 018	
720575941603254462	BANC_888:720575941603254462	BANC888	is_a	T3 neuron	
720575941603259326	BANC_888:720575941603259326	BANC888	is_a	adult optic lobe intrinsic neuron	
720575941603266233	BANC_888:720575941603266233	BANC888	is_a	transmedullary Y neuron TmY5a	
720575941603267769	BANC_888:720575941603267769	BANC888	is_a	adult optic lobe intrinsic neuron	
720575941603272382	BANC_888:720575941603272382	BANC888	is_a	medulla intrinsic neuron Mi4	
720575941603272950	BANC_888:720575941603272950	BANC888	is_a	adult central brain intrinsic neuron	
720575941603275705	BANC_888:720575941603275705	BANC888	is_a	medulla intrinsic neuron Mi4	
720575941603276217	BANC_888:720575941603276217	BANC888	is_a	adult optic lobe intrinsic neuron	
720575941603280830	BANC_888:720575941603280830	BANC888	is_a	distal medullary amacrine neuron Dm2	
720575941603281593	BANC_888:720575941603281593	BANC888	is_a	medulla intrinsic neuron Mi13	
720575941603285433	BANC_888:720575941603285433	BANC888	is_a	adult lateral horn PV2c4 neuron	
720575941603290358	BANC_888:720575941603290358	BANC888	is_a	adult posterior ventrolateral protocerebrum neuron 060	
720575941603290809	BANC_888:720575941603290809	BANC888	is_a	adult olfactory receptor neuron Amt/Rh50 VM6m	
720575941603294398	BANC_888:720575941603294398	BANC888	is_a	columnar neuron T1	
720575941603296697	BANC_888:720575941603296697	BANC888	is_a	transmedullary Y neuron TmY20	
720575941603304950	BANC_888:720575941603304950	BANC888	is_a	gustatory receptor neuron	
720575941603310521	BANC_888:720575941603310521	BANC888	is_a	adult ellipsoid body ring neuron R4d	
720575941603312313	BANC_888:720575941603312313	BANC888	is_a	adult CB0923 neuron	
720575941603315646	BANC_888:720575941603315646	BANC888	is_a	transmedullary neuron Tm9	
720575941603318457	BANC_888:720575941603318457	BANC888	is_a	adult optic lobe intrinsic neuron	
720575941603319542	BANC_888:720575941603319542	BANC888	is_a	adult saddle neuron 009	
720575941603322809	BANC_888:720575941603322809	BANC888	is_a	T5a neuron	
720575941603323326	BANC_888:720575941603323326	BANC888	is_a	adult IN13B010 neuron	
720575941603324662	BANC_888:720575941603324662	BANC888	is_a	zone C Johnston organ neuron	
720575941603325625	BANC_888:720575941603325625	BANC888	is_a	adult optic lobe intrinsic neuron	
720575941603329214	BANC_888:720575941603329214	BANC888	is_a	lobula-lobula plate columnar neuron LLPC1	
720575941603331262	BANC_888:720575941603331262	BANC888	is_a	T5a neuron	
720575941603332542	BANC_888:720575941603332542	BANC888	is_a	T4a neuron	
720575941603333110	BANC_888:720575941603333110	BANC888	is_a	alpha/beta Kenyon cell	
720575941603337406	BANC_888:720575941603337406	BANC888	is_a	transmedullary neuron Tm9	
720575941603343094	BANC_888:720575941603343094	BANC888	is_a	distal medullary amacrine neuron Dm10	
720575941603343545	BANC_888:720575941603343545	BANC888	is_a	T3 neuron	
720575941603354046	BANC_888:720575941603354046	BANC888	is_a	adult optic lobe intrinsic neuron	
720575941603354297	BANC_888:720575941603354297	BANC888	is_a	lobula columnar neuron LC12	
720575941603357430	BANC_888:720575941603357430	BANC888	is_a	adult CB2670 neuron	
720575941603359166	BANC_888:720575941603359166	BANC888	is_a	T5b neuron	
720575941603359673	BANC_888:720575941603359673	BANC888	is_a	medulla intrinsic neuron Mi10	
720575941603360953	BANC_888:720575941603360953	BANC888	is_a	adult CB2747 neuron	
720575941603361726	BANC_888:720575941603361726	BANC888	is_a	T5c neuron	
720575941603363518	BANC_888:720575941603363518	BANC888	is_a	T4c neuron	
720575941603364537	BANC_888:720575941603364537	BANC888	is_a	adult IN19A013 neuron	
720575941603366585	BANC_888:720575941603366585	BANC888	is_a	adult CB3820 neuron	
720575941603366846	BANC_888:720575941603366846	BANC888	is_a	transmedullary neuron Tm9	
720575941603367865	BANC_888:720575941603367865	BANC888	is_a	lobula columnar neuron LC30	FlyBase:FBrf0262545
720575941603371254	BANC_888:720575941603371254	BANC888	is_a	transmedullary neuron Tm1	
720575941603385017	BANC_888:720575941603385017	BANC888	is_a	labellar taste bristle mechanosensory neuron	
720575941603385273	BANC_888:720575941603385273	BANC888	is_a	adult olfactory receptor neuron Ir75d	
720575941603413694	BANC_888:720575941603413694	BANC888	is_a	T5c neuron	
720575941603415737	BANC_888:720575941603415737	BANC888	is_a	alpha/beta Kenyon cell	
720575941603421686	BANC_888:720575941603421686	BANC888	is_a	adult CB2688 neuron	
720575941603423161	BANC_888:720575941603423161	BANC888	is_a	alpha/beta Kenyon cell	
720575941603425014	BANC_888:720575941603425014	BANC888	is_a	gustatory receptor neuron	
720575941603427513	BANC_888:720575941603427513	BANC888	is_a	alpha/beta Kenyon cell	
720575941603431865	BANC_888:720575941603431865	BANC888	is_a	adult optic lobe intrinsic neuron	
720575941603438777	BANC_888:720575941603438777	BANC888	is_a	descending neuron of the gnathal ganglion DNg07	
720575941603444921	BANC_888:720575941603444921	BANC888	is_a	distal medullary amacrine neuron Dm3a	FlyBase:FBrf0262545
720575941603445945	BANC_888:720575941603445945	BANC888	is_a	mechanosensory neuron of interommatidial bristle	
720575941603447798	BANC_888:720575941603447798	BANC888	is_a	adult antennal lobe local neuron vLN26	
720575941603451838	BANC_888:720575941603451838	BANC888	is_a	adult clamp neuron 073	
720575941603458233	BANC_888:720575941603458233	BANC888	is_a	adult optic lobe intrinsic neuron	
720575941603458750	BANC_888:720575941603458750	BANC888	is_a	adult AN12B004 neuron	
720575941603460537	BANC_888:720575941603460537	BANC888	is_a	centrifugal neuron C3	
720575941603461110	BANC_888:720575941603461110	BANC888	is_a	adult optic lobe intrinsic neuron	
720575941603463097	BANC_888:720575941603463097	BANC888	is_a	T2 neuron	
720575941603468217	BANC_888:720575941603468217	BANC888	is_a	T2a neuron	
720575941603470265	BANC_888:720575941603470265	BANC888	is_a	centrifugal neuron C2	
720575941603476670	BANC_888:720575941603476670	BANC888	is_a	adult CNS neuron	
720575941603478201	BANC_888:720575941603478201	BANC888	is_a	medulla intrinsic neuron Mi9	
720575941603480822	BANC_888:720575941603480822	BANC888	is_a	adult posterior ventrolateral protocerebrum neuron 123	
720575941603482558	BANC_888:720575941603482558	BANC888	is_a	adult CB1144 neuron	
720575941603484350	BANC_888:720575941603484350	BANC888	is_a	adult superior medial protocerebrum neuron 379	
720575941603485174	BANC_888:720575941603485174	BANC888	is_a	adult SNta29 neuron	
720575941603488758	BANC_888:720575941603488758	BANC888	is_a	distal medullary amacrine neuron Dm3c	FlyBase:FBrf0262545
720575941603490294	BANC_888:720575941603490294	BANC888	is_a	adult optic lobe intrinsic neuron	
720575941603493110	BANC_888:720575941603493110	BANC888	is_a	adult olfactory receptor neuron Or49b	
720575941603506622	BANC_888:720575941603506622	BANC888	is_a	femoral chordotonal club neuron	
720575941603507385	BANC_888:720575941603507385	BANC888	is_a	lamina monopolar neuron L2	
720575941603514614	BANC_888:720575941603514614	BANC888	is_a	transmedullary Y neuron TmY3	
720575941603518454	BANC_888:720575941603518454	BANC888	is_a	transmedullary Y neuron TmY3	
720575941603521526	BANC_888:720575941603521526	BANC888	is_a	lobula columnar neuron LC10d	
720575941603522294	BANC_888:720575941603522294	BANC888	is_a	adult superior intermediate protocerebrum neuron 076	
720575941603523574	BANC_888:720575941603523574	BANC888	is_a	distal medullary amacrine neuron Dm3a	FlyBase:FBrf0262545
720575941603528438	BANC_888:720575941603528438	BANC888	is_a	lamina wide-field 2 neuron	
720575941603528950	BANC_888:720575941603528950	BANC888	is_a	medulla intrinsic neuron Mi9	
720575941603535350	BANC_888:720575941603535350	BANC888	is_a	adult optic lobe intrinsic neuron	
720575941603538622	BANC_888:720575941603538622	BANC888	is_a	adult CB1339 neuron	
720575941603539385	BANC_888:720575941603539385	BANC888	is_a	lamina monopolar neuron L1	
720575941603544310	BANC_888:720575941603544310	BANC888	is_a	adult optic lobe intrinsic neuron	
720575941603555830	BANC_888:720575941603555830	BANC888	is_a	adult ellipsoid body ring neuron R2	
720575941603556086	BANC_888:720575941603556086	BANC888	is_a	adult CB3673 neuron	
720575941603569398	BANC_888:720575941603569398	BANC888	is_a	mechanosensory neuron of interommatidial bristle	
720575941603577273	BANC_888:720575941603577273	BANC888	is_a	transmedullary neuron Tm3	
720575941603578102	BANC_888:720575941603578102	BANC888	is_a	gamma main Kenyon cell	
720575941603581430	BANC_888:720575941603581430	BANC888	is_a	adult optic lobe intrinsic neuron	
720575941603581734	BANC_888:720575941603581734	BANC888	is_a	gustatory receptor neuron of the wing	
720575941603582710	BANC_888:720575941603582710	BANC888	is_a	adult optic lobe intrinsic neuron	
720575941603584185	BANC_888:720575941603584185	BANC888	is_a	adult optic lobe intrinsic neuron	
720575941603587062	BANC_888:720575941603587062	BANC888	is_a	adult tubercle-bulb neuron 03	
720575941603588086	BANC_888:720575941603588086	BANC888	is_a	alpha'/beta' anterior-posterior type 1 Kenyon cell	
720575941603589566	BANC_888:720575941603589566	BANC888	is_a	adult IN23B043 neuron	
720575941603594937	BANC_888:720575941603594937	BANC888	is_a	transmedullary neuron Tm9	
720575941603596990	BANC_888:720575941603596990	BANC888	is_a	centrifugal neuron C2	
720575941603601910	BANC_888:720575941603601910	BANC888	is_a	distal medullary amacrine neuron Dm2	
720575941603602366	BANC_888:720575941603602366	BANC888	is_a	distal medullary amacrine neuron Dm3a	FlyBase:FBrf0262545
720575941603603134	BANC_888:720575941603603134	BANC888	is_a	medulla intrinsic neuron Mi4	
720575941603604921	BANC_888:720575941603604921	BANC888	is_a	medulla intrinsic neuron Mi9	
720575941603605030	BANC_888:720575941603605030	BANC888	is_a	gustatory receptor neuron of the wing	
720575941603607481	BANC_888:720575941603607481	BANC888	is_a	adult posterior slope neuron 137	
720575941603608310	BANC_888:720575941603608310	BANC888	is_a	adult SNta29 neuron	
720575941603608822	BANC_888:720575941603608822	BANC888	is_a	adult SNta32 neuron	
720575941603614710	BANC_888:720575941603614710	BANC888	is_a	transmedullary neuron Tm2	
720575941603621878	BANC_888:720575941603621878	BANC888	is_a	mechanosensory neuron of interommatidial bristle	
720575941603625657	BANC_888:720575941603625657	BANC888	is_a	transmedullary neuron Tm20	
720575941603625913	BANC_888:720575941603625913	BANC888	is_a	transmedullary Y neuron TmY4	
720575941603626942	BANC_888:720575941603626942	BANC888	is_a	transmedullary neuron Tm9	
720575941603627449	BANC_888:720575941603627449	BANC888	is_a	adult central medulla intrinsic neuron Cm6	FlyBase:FBrf0262545
720575941603627510	BANC_888:720575941603627510	BANC888	is_a	transmedullary neuron Tm4	
720575941603628534	BANC_888:720575941603628534	BANC888	is_a	medulla intrinsic neuron Mi4	
720575941603630014	BANC_888:720575941603630014	BANC888	is_a	distal medullary amacrine neuron Dm12	
720575941603633398	BANC_888:720575941603633398	BANC888	is_a	adult olfactory receptor neuron Or59b	
720575941603633910	BANC_888:720575941603633910	BANC888	is_a	adult olfactory receptor neuron Or85a	
720575941603635190	BANC_888:720575941603635190	BANC888	is_a	dorsal ventral indirect flight muscle motor neuron 1	
720575941603639286	BANC_888:720575941603639286	BANC888	is_a	T2a neuron	
720575941603639993	BANC_888:720575941603639993	BANC888	is_a	lamina monopolar neuron L1	
720575941603641022	BANC_888:720575941603641022	BANC888	is_a	medulla intrinsic neuron Mi13	
720575941603641334	BANC_888:720575941603641334	BANC888	is_a	transmedullary neuron Tm9	
720575941603647166	BANC_888:720575941603647166	BANC888	is_a	wing margin taste bristle	
720575941603647846	BANC_888:720575941603647846	BANC888	is_a	lamina monopolar neuron L2	
720575941603653566	BANC_888:720575941603653566	BANC888	is_a	adult optic lobe intrinsic neuron	
720575941603660022	BANC_888:720575941603660022	BANC888	is_a	adult optic lobe intrinsic neuron	
720575941603660985	BANC_888:720575941603660985	BANC888	is_a	adult lateral horn PV2c2 neuron	
720575941603662526	BANC_888:720575941603662526	BANC888	is_a	centrifugal neuron C2	
720575941603662582	BANC_888:720575941603662582	BANC888	is_a	adult optic lobe intrinsic neuron	
720575941603662777	BANC_888:720575941603662777	BANC888	is_a	adult central brain intrinsic neuron	
720575941603664318	BANC_888:720575941603664318	BANC888	is_a	distal medullary amacrine neuron Dm10	
720575941603666617	BANC_888:720575941603666617	BANC888	is_a	adult antennal lobe local neuron lLN2	
720575941603669950	BANC_888:720575941603669950	BANC888	is_a	T5b neuron	
720575941603672510	BANC_888:720575941603672510	BANC888	is_a	centrifugal neuron C2	
720575941603676089	BANC_888:720575941603676089	BANC888	is_a	adult optic lobe intrinsic neuron	
720575941603677881	BANC_888:720575941603677881	BANC888	is_a	visual projection neuron	
720575941603685817	BANC_888:720575941603685817	BANC888	is_a	adult ANXXX024 neuron	
720575941603686329	BANC_888:720575941603686329	BANC888	is_a	zone E Johnston organ neuron	
720575941603688894	BANC_888:720575941603688894	BANC888	is_a	T2 neuron	
720575941603690937	BANC_888:720575941603690937	BANC888	is_a	adult INXXX402 neuron	
720575941603690942	BANC_888:720575941603690942	BANC888	is_a	adult hygrosensory neuron Ir40a VP4	
720575941603691198	BANC_888:720575941603691198	BANC888	is_a	adult AN10B033 neuron	
720575941603692985	BANC_888:720575941603692985	BANC888	is_a	adult optic lobe intrinsic neuron	
720575941603694777	BANC_888:720575941603694777	BANC888	is_a	adult IN04B056 neuron	
720575941603697593	BANC_888:720575941603697593	BANC888	is_a	mechanosensory neuron of interommatidial bristle	
720575941603698617	BANC_888:720575941603698617	BANC888	is_a	femoral chordotonal club neuron	
720575941603700409	BANC_888:720575941603700409	BANC888	is_a	adult SNch06 neuron	
720575941603701950	BANC_888:720575941603701950	BANC888	is_a	T5b neuron	
720575941603702462	BANC_888:720575941603702462	BANC888	is_a	adult optic lobe intrinsic neuron	
720575941603704310	BANC_888:720575941603704310	BANC888	is_a	adult optic lobe intrinsic neuron	
720575941603704566	BANC_888:720575941603704566	BANC888	is_a	lamina monopolar neuron L5	
720575941603704822	BANC_888:720575941603704822	BANC888	is_a	lamina monopolar neuron L1	
720575941603710649	BANC_888:720575941603710649	BANC888	is_a	adult IN21A005 neuron	
720575941603713465	BANC_888:720575941603713465	BANC888	is_a	adult IN02A012 neuron	
720575941603716665	BANC_888:720575941603716665	BANC888	is_a	lamina monopolar neuron L1	
720575941603716854	BANC_888:720575941603716854	BANC888	is_a	adult optic lobe intrinsic neuron	
720575941603718073	BANC_888:720575941603718073	BANC888	is_a	adult AN12A017 neuron	
720575941603720377	BANC_888:720575941603720377	BANC888	is_a	descending neuron of the posterior brain DNp52	
720575941603726270	BANC_888:720575941603726270	BANC888	is_a	adult optic lobe intrinsic neuron	
720575941603727545	BANC_888:720575941603727545	BANC888	is_a	adult ANXXX013 neuron	
720575941603732921	BANC_888:720575941603732921	BANC888	is_a	adult AN07B041 neuron	
720575941603733238	BANC_888:720575941603733238	BANC888	is_a	medulla intrinsic neuron Mi1	
720575941603733689	BANC_888:720575941603733689	BANC888	is_a	adult INXXX258 neuron	
720575941603734457	BANC_888:720575941603734457	BANC888	is_a	adult IN20A.22A021 neuron	
720575941603735481	BANC_888:720575941603735481	BANC888	is_a	adult IN13B028 neuron	
720575941603739833	BANC_888:720575941603739833	BANC888	is_a	adult IN04B043 neuron	
720575941603740350	BANC_888:720575941603740350	BANC888	is_a	lobula columnar neuron LC18	
720575941603742398	BANC_888:720575941603742398	BANC888	is_a	transmedullary Y neuron TmY3	
720575941603743478	BANC_888:720575941603743478	BANC888	is_a	adult optic lobe intrinsic neuron	
720575941603744246	BANC_888:720575941603744246	BANC888	is_a	lamina monopolar neuron L1	
720575941603744441	BANC_888:720575941603744441	BANC888	is_a	adult IN20A.22A047 neuron	
720575941603744697	BANC_888:720575941603744697	BANC888	is_a	adult DNxl108 neuron	
720575941603749817	BANC_888:720575941603749817	BANC888	is_a	adult INXXX095 neuron	
720575941603750073	BANC_888:720575941603750073	BANC888	is_a	adult IN20A.22A061 neuron	
720575941603750585	BANC_888:720575941603750585	BANC888	is_a	adult INXXX454 neuron	
720575941603753913	BANC_888:720575941603753913	BANC888	is_a	adult IN18B028 neuron	
720575941603755193	BANC_888:720575941603755193	BANC888	is_a	adult ANXXX264 neuron	
720575941603755961	BANC_888:720575941603755961	BANC888	is_a	adult IN13A007 neuron	
720575941603759289	BANC_888:720575941603759289	BANC888	is_a	adult SNta21 neuron	
720575941603759801	BANC_888:720575941603759801	BANC888	is_a	adult IN06A054 neuron	
720575941603760118	BANC_888:720575941603760118	BANC888	is_a	T5b neuron	
720575941603763390	BANC_888:720575941603763390	BANC888	is_a	lobula columnar neuron LC12	
720575941603764158	BANC_888:720575941603764158	BANC888	is_a	adult CB0958 neuron	
720575941603764921	BANC_888:720575941603764921	BANC888	is_a	adult IN19B015 neuron	
720575941603767993	BANC_888:720575941603767993	BANC888	is_a	adult IN12B029 neuron	
720575941603770041	BANC_888:720575941603770041	BANC888	is_a	adult SNta41 neuron	
720575941603783158	BANC_888:720575941603783158	BANC888	is_a	adult optic lobe intrinsic neuron	
720575941603784889	BANC_888:720575941603784889	BANC888	is_a	adult clamp neuron 231	
720575941603785913	BANC_888:720575941603785913	BANC888	is_a	adult DNxn148 neuron	
720575941603790777	BANC_888:720575941603790777	BANC888	is_a	adult CB2926 neuron	
720575941603791350	BANC_888:720575941603791350	BANC888	is_a	descending neuron of the gnathal ganglion DNg76	
720575941603792630	BANC_888:720575941603792630	BANC888	is_a	adult CB1342 neuron	
720575941603801790	BANC_888:720575941603801790	BANC888	is_a	lobula columnar neuron LC12	
720575941603807417	BANC_888:720575941603807417	BANC888	is_a	adult CNS neuron	
720575941603809526	BANC_888:720575941603809526	BANC888	is_a	adult optic lobe intrinsic neuron	
720575941603813054	BANC_888:720575941603813054	BANC888	is_a	adult IN20A.22A061 neuron	
720575941603820222	BANC_888:720575941603820222	BANC888	is_a	adult optic lobe intrinsic neuron	
720575941603821302	BANC_888:720575941603821302	BANC888	is_a	alpha/beta Kenyon cell	
720575941603821502	BANC_888:720575941603821502	BANC888	is_a	transmedullary neuron Tm9	
720575941603825142	BANC_888:720575941603825142	BANC888	is_a	adult CB2795 neuron	
720575941603825337	BANC_888:720575941603825337	BANC888	is_a	adult CB2267 neuron	
720575941603825593	BANC_888:720575941603825593	BANC888	is_a	adult CB1322 neuron	
720575941603826110	BANC_888:720575941603826110	BANC888	is_a	T4a neuron	
720575941603826878	BANC_888:720575941603826878	BANC888	is_a	T5b neuron	
720575941603827390	BANC_888:720575941603827390	BANC888	is_a	T5a neuron	
720575941603828470	BANC_888:720575941603828470	BANC888	is_a	mechanosensory neuron of antennal bristle	
720575941603830462	BANC_888:720575941603830462	BANC888	is_a	transmedullary neuron Tm6	FlyBase:FBrf0262545
720575941603834358	BANC_888:720575941603834358	BANC888	is_a	alpha/beta Kenyon cell	
720575941603834553	BANC_888:720575941603834553	BANC888	is_a	adult superior medial protocerebrum neuron 282	
720575941603838398	BANC_888:720575941603838398	BANC888	is_a	distal medullary amacrine neuron Dm3b	FlyBase:FBrf0262545
720575941603839417	BANC_888:720575941603839417	BANC888	is_a	adult CB0751 neuron	
720575941603845305	BANC_888:720575941603845305	BANC888	is_a	adult superior medial protocerebrum neuron 477	
720575941603848121	BANC_888:720575941603848121	BANC888	is_a	adult anterior ventrolateral protocerebrum neuron 028	
720575941603856574	BANC_888:720575941603856574	BANC888	is_a	gamma main Kenyon cell	
720575941603858873	BANC_888:720575941603858873	BANC888	is_a	adult CB1181 neuron	
720575941603864510	BANC_888:720575941603864510	BANC888	is_a	adult CB2517 neuron	
720575941603865273	BANC_888:720575941603865273	BANC888	is_a	adult olfactory receptor neuron Or2a	
720575941603868601	BANC_888:720575941603868601	BANC888	is_a	adult superior medial protocerebrum neuron 406	
720575941603869374	BANC_888:720575941603869374	BANC888	is_a	adult optic lobe intrinsic neuron	
720575941603871990	BANC_888:720575941603871990	BANC888	is_a	adult AN08B022 neuron	
720575941603873214	BANC_888:720575941603873214	BANC888	is_a	alpha/beta Kenyon cell	
720575941603875006	BANC_888:720575941603875006	BANC888	is_a	adult fan-shaped body 1 column-crepine neuron	FlyBase:FBrf0246888
720575941603878646	BANC_888:720575941603878646	BANC888	is_a	adult IN12B090 neuron	
720575941603879614	BANC_888:720575941603879614	BANC888	is_a	transmedullary neuron Tm6	FlyBase:FBrf0262545
720575941603880182	BANC_888:720575941603880182	BANC888	is_a	adult AN09B035 neuron	
720575941603883966	BANC_888:720575941603883966	BANC888	is_a	transmedullary neuron Tm3	
720575941603884790	BANC_888:720575941603884790	BANC888	is_a	adult IN06A098 neuron	
720575941603886014	BANC_888:720575941603886014	BANC888	is_a	adult IN20A.22A023 neuron	
720575941603886582	BANC_888:720575941603886582	BANC888	is_a	adult INXXX464 neuron	
720575941603888825	BANC_888:720575941603888825	BANC888	is_a	adult lobula columnar neuron LC29	
720575941603894774	BANC_888:720575941603894774	BANC888	is_a	adult INXXX211 neuron	
720575941603895542	BANC_888:720575941603895542	BANC888	is_a	adult INXXX414 neuron	
720575941603895798	BANC_888:720575941603895798	BANC888	is_a	Y neuron Y12	
720575941603896254	BANC_888:720575941603896254	BANC888	is_a	adult IN16B094 neuron	
720575941603897529	BANC_888:720575941603897529	BANC888	is_a	adult CB1809 neuron	
720575941603899070	BANC_888:720575941603899070	BANC888	is_a	adult IN16B070 neuron	
720575941603902710	BANC_888:720575941603902710	BANC888	is_a	adult IN10B036 neuron	
720575941603903222	BANC_888:720575941603903222	BANC888	is_a	adult IN14A051 neuron	
720575941603903478	BANC_888:720575941603903478	BANC888	is_a	adult optic lobe intrinsic neuron	
720575941603905014	BANC_888:720575941603905014	BANC888	is_a	adult IN03A069 neuron	
720575941603906038	BANC_888:720575941603906038	BANC888	is_a	adult IN09B043 neuron	
720575941603907769	BANC_888:720575941603907769	BANC888	is_a	adult CB2040 neuron	
720575941603909054	BANC_888:720575941603909054	BANC888	is_a	adult IN04B112 neuron	
720575941603910078	BANC_888:720575941603910078	BANC888	is_a	adult IN13A033 neuron	
720575941603911926	BANC_888:720575941603911926	BANC888	is_a	T2 neuron	
720575941603915193	BANC_888:720575941603915193	BANC888	is_a	adult CB2757 neuron	
720575941603916222	BANC_888:720575941603916222	BANC888	is_a	adult IN06B066 neuron	
720575941603918009	BANC_888:720575941603918009	BANC888	is_a	lobula columnar neuron LC12	
720575941603919038	BANC_888:720575941603919038	BANC888	is_a	adult IN09A092 neuron	
720575941603919862	BANC_888:720575941603919862	BANC888	is_a	lamina monopolar neuron L2	
720575941603924158	BANC_888:720575941603924158	BANC888	is_a	T4b neuron	
720575941603924921	BANC_888:720575941603924921	BANC888	is_a	adult anterior ventrolateral protocerebrum neuron 069	
720575941603927742	BANC_888:720575941603927742	BANC888	is_a	adult IN20A.22A084 neuron	
720575941603933686	BANC_888:720575941603933686	BANC888	is_a	lamina monopolar neuron L4	
720575941603934393	BANC_888:720575941603934393	BANC888	is_a	lamina wide-field 1 neuron	
720575941603935734	BANC_888:720575941603935734	BANC888	is_a	lamina monopolar neuron L2	
720575941603936702	BANC_888:720575941603936702	BANC888	is_a	sensory neuron of wing campaniform sensillum	
720575941603938806	BANC_888:720575941603938806	BANC888	is_a	distal medullary amacrine neuron Dm3c	FlyBase:FBrf0262545
720575941603939006	BANC_888:720575941603939006	BANC888	is_a	adult IN08A027 neuron	
720575941603950070	BANC_888:720575941603950070	BANC888	is_a	transmedullary neuron Tm3	
720575941603953398	BANC_888:720575941603953398	BANC888	is_a	adult IN01B095 neuron	
720575941603957750	BANC_888:720575941603957750	BANC888	is_a	lobula columnar neuron LC10	
720575941603958969	BANC_888:720575941603958969	BANC888	is_a	adult CB0512 neuron	
720575941603963838	BANC_888:720575941603963838	BANC888	is_a	protocerebral bridge 1 glomerulus-fan-shaped body-nodulus 3 posterior domain neuron	
720575941603964094	BANC_888:720575941603964094	BANC888	is_a	transmedullary neuron Tm9	
720575941603967673	BANC_888:720575941603967673	BANC888	is_a	adult anterior ventrolateral protocerebrum neuron 194	
720575941603969014	BANC_888:720575941603969014	BANC888	is_a	lamina monopolar neuron L3	
720575941603976121	BANC_888:720575941603976121	BANC888	is_a	adult CB0478 neuron	
720575941603979254	BANC_888:720575941603979254	BANC888	is_a	adult CB0669 neuron	
720575941603980734	BANC_888:720575941603980734	BANC888	is_a	adult IN13A018 neuron	
720575941603980985	BANC_888:720575941603980985	BANC888	is_a	adult posterior ventrolateral protocerebrum neuron 074	
720575941603984057	BANC_888:720575941603984057	BANC888	is_a	adult crepine neuron 065	
720575941603984825	BANC_888:720575941603984825	BANC888	is_a	adult inferior bridge neuron 097	
720575941603985081	BANC_888:720575941603985081	BANC888	is_a	adult anterior ventrolateral protocerebrum neuron 592	
720575941603986361	BANC_888:720575941603986361	BANC888	is_a	adult CB1861 neuron	
720575941603987446	BANC_888:720575941603987446	BANC888	is_a	adult CB3004 neuron	
720575941603989494	BANC_888:720575941603989494	BANC888	is_a	adult CB0979 neuron	
720575941603992054	BANC_888:720575941603992054	BANC888	is_a	adult CB2252 neuron	
720575941603997374	BANC_888:720575941603997374	BANC888	is_a	adult IN19B050 neuron	
720575941604000697	BANC_888:720575941604000697	BANC888	is_a	adult olfactory receptor neuron Ir75d	
720575941604009401	BANC_888:720575941604009401	BANC888	is_a	adult optic lobe intrinsic neuron	
720575941604011254	BANC_888:720575941604011254	BANC888	is_a	adult lateral horn AV4c2 neuron	
720575941604015294	BANC_888:720575941604015294	BANC888	is_a	alpha/beta Kenyon cell	
720575941604016118	BANC_888:720575941604016118	BANC888	is_a	adult olfactory receptor neuron Ir75d	
720575941604021238	BANC_888:720575941604021238	BANC888	is_a	adult optic lobe intrinsic neuron	
720575941604021494	BANC_888:720575941604021494	BANC888	is_a	medulla intrinsic neuron Mi4	
720575941604023737	BANC_888:720575941604023737	BANC888	is_a	adult CB2500 neuron	
720575941604025790	BANC_888:720575941604025790	BANC888	is_a	adult SNta36 neuron	
720575941604032697	BANC_888:720575941604032697	BANC888	is_a	accessory medulla neuron aMe5	
720575941604032953	BANC_888:720575941604032953	BANC888	is_a	transmedullary neuron Tm2	
720575941604034238	BANC_888:720575941604034238	BANC888	is_a	adult abdominal multidendritic neuron	
720575941604034745	BANC_888:720575941604034745	BANC888	is_a	adult optic lobe intrinsic neuron	
720575941604034750	BANC_888:720575941604034750	BANC888	is_a	adult antennal lobe local neuron lLN2	
720575941604034806	BANC_888:720575941604034806	BANC888	is_a	adult crepine neuron 026	
720575941604035001	BANC_888:720575941604035001	BANC888	is_a	medulla intrinsic neuron Mi4	
720575941604047350	BANC_888:720575941604047350	BANC888	is_a	adult CB1628 neuron	
720575941604047606	BANC_888:720575941604047606	BANC888	is_a	adult superior lateral protocerebrum neuron 378	
720575941604047806	BANC_888:720575941604047806	BANC888	is_a	lamina monopolar neuron L1	
720575941604048830	BANC_888:720575941604048830	BANC888	is_a	adult AN10B047 neuron	
720575941604049209	BANC_888:720575941604049209	BANC888	is_a	photoreceptor cell R8	
720575941604052409	BANC_888:720575941604052409	BANC888	is_a	adult optic lobe intrinsic neuron	
720575941604055030	BANC_888:720575941604055030	BANC888	is_a	adult CB2432 neuron	
720575941604056505	BANC_888:720575941604056505	BANC888	is_a	adult AN09B007 neuron	
720575941604057570	BANC_888:720575941604057570	BANC888	is_a	prothoracic leg taste bristle chemosensory neuron	
720575941604058041	BANC_888:720575941604058041	BANC888	is_a	adult optic lobe intrinsic neuron	
720575941604058046	BANC_888:720575941604058046	BANC888	is_a	femoral chordotonal claw neuron	
720575941604067318	BANC_888:720575941604067318	BANC888	is_a	adult fan-shaped body 1 column-superior medial protocerebrum neuron	FlyBase:FBrf0246888
720575941604070390	BANC_888:720575941604070390	BANC888	is_a	adult CB1549 neuron	
720575941604071609	BANC_888:720575941604071609	BANC888	is_a	adult optic lobe intrinsic neuron	
720575941604073145	BANC_888:720575941604073145	BANC888	is_a	adult optic lobe intrinsic neuron	
720575941604073974	BANC_888:720575941604073974	BANC888	is_a	adult fan-shaped body layer 6 neuron of CP2 lineage	
720575941604074174	BANC_888:720575941604074174	BANC888	is_a	alpha/beta Kenyon cell	
720575941604074425	BANC_888:720575941604074425	BANC888	is_a	adult optic lobe intrinsic neuron	
720575941604078782	BANC_888:720575941604078782	BANC888	is_a	adult gamma Kenyon cell	
720575941604080057	BANC_888:720575941604080057	BANC888	is_a	dopaminergic PAM neuron 13	
720575941604081654	BANC_888:720575941604081654	BANC888	is_a	lobula-lobula plate columnar neuron LLPC2	
720575941604082361	BANC_888:720575941604082361	BANC888	is_a	adult IN13A006 neuron	
720575941604088505	BANC_888:720575941604088505	BANC888	is_a	lobula columnar neuron LC12	
720575941604090046	BANC_888:720575941604090046	BANC888	is_a	adult IN12B036 neuron	
720575941604092089	BANC_888:720575941604092089	BANC888	is_a	centrifugal neuron C2	
720575941604092150	BANC_888:720575941604092150	BANC888	is_a	wedge projection neuron	
720575941604097270	BANC_888:720575941604097270	BANC888	is_a	adult CB0637 neuron	
720575941604101310	BANC_888:720575941604101310	BANC888	is_a	adult olfactory receptor neuron Ir76a ac4	
720575941604103158	BANC_888:720575941604103158	BANC888	is_a	adult anterior optic tubercle neuron 024	
720575941604105145	BANC_888:720575941604105145	BANC888	is_a	T5c neuron	
720575941604106174	BANC_888:720575941604106174	BANC888	is_a	adult SNta39 neuron	
720575941604106430	BANC_888:720575941604106430	BANC888	is_a	adult olfactory receptor neuron Or42a	
720575941604107961	BANC_888:720575941604107961	BANC888	is_a	T4d neuron	
720575941604108734	BANC_888:720575941604108734	BANC888	is_a	adult olfactory receptor neuron Or59c	
720575941604110782	BANC_888:720575941604110782	BANC888	is_a	mechanosensory neuron of interommatidial bristle	
720575941604111606	BANC_888:720575941604111606	BANC888	is_a	adult superior lateral protocerebrum neuron 030	
720575941604111862	BANC_888:720575941604111862	BANC888	is_a	adult superior medial protocerebrum neuron 065	
720575941604113081	BANC_888:720575941604113081	BANC888	is_a	adult optic lobe intrinsic neuron	
720575941604116158	BANC_888:720575941604116158	BANC888	is_a	zone F Johnston organ neuron	
720575941604117182	BANC_888:720575941604117182	BANC888	is_a	zone E Johnston organ neuron	
720575941604119030	BANC_888:720575941604119030	BANC888	is_a	T5b neuron	
720575941604120822	BANC_888:720575941604120822	BANC888	is_a	adult lateral horn AV2b6 neuron	
720575941604121590	BANC_888:720575941604121590	BANC888	is_a	gamma main Kenyon cell	
720575941604122102	BANC_888:720575941604122102	BANC888	is_a	adult medulla visual projection neuron MeVP11	FlyBase:FBrf0262545
720575941604124406	BANC_888:720575941604124406	BANC888	is_a	adult central brain intrinsic neuron	
720575941604127458	BANC_888:720575941604127458	BANC888	is_a	gustatory receptor neuron of the wing	
720575941604127678	BANC_888:720575941604127678	BANC888	is_a	mechanosensory neuron of interommatidial bristle	
720575941604133110	BANC_888:720575941604133110	BANC888	is_a	T4c neuron	
720575941604134590	BANC_888:720575941604134590	BANC888	is_a	mechanosensory neuron of interommatidial bristle	
720575941604137662	BANC_888:720575941604137662	BANC888	is_a	zone F Johnston organ neuron	
720575941604140729	BANC_888:720575941604140729	BANC888	is_a	adult CB2927 neuron	
720575941604142777	BANC_888:720575941604142777	BANC888	is_a	adult optic lobe intrinsic neuron	
720575941604146878	BANC_888:720575941604146878	BANC888	is_a	mechanosensory neuron of interommatidial bristle	
720575941604147134	BANC_888:720575941604147134	BANC888	is_a	mechanosensory neuron of interommatidial bristle	
720575941604153534	BANC_888:720575941604153534	BANC888	is_a	adult olfactory receptor neuron Or82a	
720575941604156862	BANC_888:720575941604156862	BANC888	is_a	sensory neuron	
720575941604157686	BANC_888:720575941604157686	BANC888	is_a	adult uniglomerular antennal lobe projection neuron lvPN	
720575941604160702	BANC_888:720575941604160702	BANC888	is_a	labellar taste peg chemosensory neuron	
720575941604164798	BANC_888:720575941604164798	BANC888	is_a	adult SNch10 neuron	
720575941604166390	BANC_888:720575941604166390	BANC888	is_a	medulla intrinsic neuron Mi1	
720575941604168894	BANC_888:720575941604168894	BANC888	is_a	femoral chordotonal club neuron	
720575941604169662	BANC_888:720575941604169662	BANC888	is_a	gustatory receptor neuron of the labellum	
720575941604170430	BANC_888:720575941604170430	BANC888	is_a	mechanosensory neuron of interommatidial bristle	
720575941604172478	BANC_888:720575941604172478	BANC888	is_a	adult SNta23 neuron	
720575941604175038	BANC_888:720575941604175038	BANC888	is_a	mechanosensory neuron of fronto-orbital bristle	
720575941604176886	BANC_888:720575941604176886	BANC888	is_a	adult antennal lobe projection neuron VM7v adPN	
720575941604179646	BANC_888:720575941604179646	BANC888	is_a	mechanosensory neuron of maxillary palp bristle	
720575941604181950	BANC_888:720575941604181950	BANC888	is_a	adult olfactory receptor neuron Or19	
720575941604183481	BANC_888:720575941604183481	BANC888	is_a	adult optic lobe intrinsic neuron	
720575941604186046	BANC_888:720575941604186046	BANC888	is_a	adult SNta29 neuron	
720575941604188150	BANC_888:720575941604188150	BANC888	is_a	adult CB2228 neuron	
720575941604189630	BANC_888:720575941604189630	BANC888	is_a	adult SNxx14 neuron	
720575941604192246	BANC_888:720575941604192246	BANC888	is_a	adult CNS neuron	
720575941604192958	BANC_888:720575941604192958	BANC888	is_a	adult anterior ventrolateral protocerebrum neuron 093	
720575941604196793	BANC_888:720575941604196793	BANC888	is_a	adult optic lobe intrinsic neuron	
720575941604197878	BANC_888:720575941604197878	BANC888	is_a	adult CB3442 neuron	
720575941604199158	BANC_888:720575941604199158	BANC888	is_a	adult superior lateral protocerebrum neuron 465	
720575941604201657	BANC_888:720575941604201657	BANC888	is_a	adult optic lobe intrinsic neuron	
720575941604202686	BANC_888:720575941604202686	BANC888	is_a	gamma main Kenyon cell	
720575941604202998	BANC_888:720575941604202998	BANC888	is_a	distal medullary amacrine neuron Dm3b	FlyBase:FBrf0262545
720575941604203449	BANC_888:720575941604203449	BANC888	is_a	adult optic lobe intrinsic neuron	
720575941604205046	BANC_888:720575941604205046	BANC888	is_a	adult clamp neuron 086	
720575941604205558	BANC_888:720575941604205558	BANC888	is_a	adult posterior lateral protocerebrum neuron 029	
720575941604205758	BANC_888:720575941604205758	BANC888	is_a	alpha/beta Kenyon cell	
720575941604206070	BANC_888:720575941604206070	BANC888	is_a	adult wedge neuron 119	
720575941604206265	BANC_888:720575941604206265	BANC888	is_a	adult optic lobe intrinsic neuron	
720575941604209142	BANC_888:720575941604209142	BANC888	is_a	proboscis muscle 3 medial motor neuron	
720575941604210873	BANC_888:720575941604210873	BANC888	is_a	T2 neuron	
720575941604210934	BANC_888:720575941604210934	BANC888	is_a	adult olfactory receptor neuron Or65	
720575941604212726	BANC_888:720575941604212726	BANC888	is_a	adult fan-shaped body layer 1 neuron of LALv1 lineage	
720575941604213494	BANC_888:720575941604213494	BANC888	is_a	adult vest neuron 023	
720575941604213689	BANC_888:720575941604213689	BANC888	is_a	adult optic lobe intrinsic neuron	
720575941604214518	BANC_888:720575941604214518	BANC888	is_a	bitter-sensing neuron	
720575941604217785	BANC_888:720575941604217785	BANC888	is_a	visual projection neuron	
720575941604218297	BANC_888:720575941604218297	BANC888	is_a	medulla intrinsic neuron Mi9	
720575941604221430	BANC_888:720575941604221430	BANC888	is_a	adult CB3043 neuron	
720575941604223673	BANC_888:720575941604223673	BANC888	is_a	adult optic lobe intrinsic neuron	
720575941604231670	BANC_888:720575941604231670	BANC888	is_a	adult CB3453 neuron	
720575941604236222	BANC_888:720575941604236222	BANC888	is_a	adult lateral horn AV2b1 neuron	
720575941604238326	BANC_888:720575941604238326	BANC888	is_a	adult lateral horn AV3k4 neuron	
720575941604241142	BANC_888:720575941604241142	BANC888	is_a	adult superior medial protocerebrum neuron 199	
720575941604241337	BANC_888:720575941604241337	BANC888	is_a	adult ANXXX380 neuron	
720575941604242422	BANC_888:720575941604242422	BANC888	is_a	adult CB2081 neuron	
720575941604242873	BANC_888:720575941604242873	BANC888	is_a	adult optic lobe intrinsic neuron	
720575941604243190	BANC_888:720575941604243190	BANC888	is_a	adult CB0503 neuron	
720575941604251126	BANC_888:720575941604251126	BANC888	is_a	adult superior medial protocerebrum neuron 144	
720575941604253374	BANC_888:720575941604253374	BANC888	is_a	adult CB3018 neuron	
720575941604261110	BANC_888:720575941604261110	BANC888	is_a	medulla intrinsic neuron Mi1	
720575941604270014	BANC_888:720575941604270014	BANC888	is_a	lobula columnar neuron	
720575941604270265	BANC_888:720575941604270265	BANC888	is_a	columnar neuron T1	
720575941604274422	BANC_888:720575941604274422	BANC888	is_a	adult optic lobe intrinsic neuron	
720575941604280310	BANC_888:720575941604280310	BANC888	is_a	adult optic lobe intrinsic neuron	
720575941604282297	BANC_888:720575941604282297	BANC888	is_a	distal medullary amacrine neuron Dm3c	FlyBase:FBrf0262545
720575941604284345	BANC_888:720575941604284345	BANC888	is_a	T3 neuron	
720575941604284703	BANC_888:720575941604284703	BANC888	is_a	lamina monopolar neuron L2	
720575941604284857	BANC_888:720575941604284857	BANC888	is_a	adult optic lobe intrinsic neuron	
720575941604286905	BANC_888:720575941604286905	BANC888	is_a	columnar neuron T1	
720575941604286966	BANC_888:720575941604286966	BANC888	is_a	adult fan-shaped body horizontal delta neuron H	
720575941604288446	BANC_888:720575941604288446	BANC888	is_a	adult CB0343 neuron	
720575941604291574	BANC_888:720575941604291574	BANC888	is_a	adult optic lobe intrinsic neuron	
720575941604292793	BANC_888:720575941604292793	BANC888	is_a	adult optic lobe intrinsic neuron	
720575941604292854	BANC_888:720575941604292854	BANC888	is_a	proximal medullary amacrine neuron Pm1	FlyBase:FBrf0262545
720575941604293310	BANC_888:720575941604293310	BANC888	is_a	adult CB0576 neuron	
720575941604300990	BANC_888:720575941604300990	BANC888	is_a	adult CB1311 neuron	
720575941604303294	BANC_888:720575941604303294	BANC888	is_a	adult CB0653 neuron	
720575941604305086	BANC_888:720575941604305086	BANC888	is_a	adult superior lateral protocerebrum neuron 240	
720575941604320953	BANC_888:720575941604320953	BANC888	is_a	columnar neuron T1	
720575941604322038	BANC_888:720575941604322038	BANC888	is_a	T5c neuron	
720575941604327865	BANC_888:720575941604327865	BANC888	is_a	medulla intrinsic neuron Mi15	
720575941604334326	BANC_888:720575941604334326	BANC888	is_a	adult optic lobe intrinsic neuron	
720575941604342201	BANC_888:720575941604342201	BANC888	is_a	lamina monopolar neuron L4	
720575941604342518	BANC_888:720575941604342518	BANC888	is_a	T5b neuron	
720575941604343225	BANC_888:720575941604343225	BANC888	is_a	descending neuron of the gnathal ganglion DNg08	
720575941604343334	BANC_888:720575941604343334	BANC888	is_a	wing margin mechanosensory bristle	
720575941604343737	BANC_888:720575941604343737	BANC888	is_a	descending neuron of the gnathal ganglion DNg11	
720575941604343998	BANC_888:720575941604343998	BANC888	is_a	adult CB2817 neuron	
720575941604346358	BANC_888:720575941604346358	BANC888	is_a	adult CB2911 neuron	
720575941604347577	BANC_888:720575941604347577	BANC888	is_a	lamina monopolar neuron L2	
720575941604349686	BANC_888:720575941604349686	BANC888	is_a	mechanosensory neuron of interommatidial bristle	
720575941604351166	BANC_888:720575941604351166	BANC888	is_a	lobula columnar neuron LC21	
720575941604361401	BANC_888:720575941604361401	BANC888	is_a	photoreceptor cell R7	
720575941604365269	BANC_888:720575941604365269	BANC888	is_a	lamina monopolar neuron L5	
720575941604370622	BANC_888:720575941604370622	BANC888	is_a	adult optic lobe intrinsic neuron	
720575941604373182	BANC_888:720575941604373182	BANC888	is_a	zone F Johnston organ neuron	
720575941604373689	BANC_888:720575941604373689	BANC888	is_a	lamina monopolar neuron L3	
720575941604374774	BANC_888:720575941604374774	BANC888	is_a	adult optic lobe intrinsic neuron	
720575941604385465	BANC_888:720575941604385465	BANC888	is_a	zone B Johnston organ neuron	
720575941604389049	BANC_888:720575941604389049	BANC888	is_a	lamina monopolar neuron L1	
720575941604396217	BANC_888:720575941604396217	BANC888	is_a	bristle sensory neuron	
720575941604400062	BANC_888:720575941604400062	BANC888	is_a	adult optic lobe intrinsic neuron	
720575941604401849	BANC_888:720575941604401849	BANC888	is_a	photoreceptor cell R8	
720575941604404470	BANC_888:720575941604404470	BANC888	is_a	columnar neuron T1	
720575941604406262	BANC_888:720575941604406262	BANC888	is_a	adult posterior lateral protocerebrum neuron 042	
720575941604409529	BANC_888:720575941604409529	BANC888	is_a	lamina monopolar neuron L5	
720575941604410041	BANC_888:720575941604410041	BANC888	is_a	adult superior medial protocerebrum neuron 213	
720575941604411326	BANC_888:720575941604411326	BANC888	is_a	adult central brain intrinsic neuron	
720575941604419006	BANC_888:720575941604419006	BANC888	is_a	adult lateral accessory lobe neuron 198	
720575941604421049	BANC_888:720575941604421049	BANC888	is_a	adult CB1678 neuron	
720575941604423358	BANC_888:720575941604423358	BANC888	is_a	adult central brain intrinsic neuron	
720575941604425662	BANC_888:720575941604425662	BANC888	is_a	lobula columnar neuron LC33	
720575941604428534	BANC_888:720575941604428534	BANC888	is_a	centrifugal neuron C3	
720575941604429046	BANC_888:720575941604429046	BANC888	is_a	T5b neuron	
720575941604430326	BANC_888:720575941604430326	BANC888	is_a	adult optic lobe intrinsic neuron	
720575941604434105	BANC_888:720575941604434105	BANC888	is_a	photoreceptor cell R8	
720575941604435641	BANC_888:720575941604435641	BANC888	is_a	adult CB1501 neuron	
720575941604436665	BANC_888:720575941604436665	BANC888	is_a	lamina monopolar neuron L2	
720575941604438206	BANC_888:720575941604438206	BANC888	is_a	lobula columnar neuron LC18	
720575941604441846	BANC_888:720575941604441846	BANC888	is_a	T4a neuron	
720575941604442809	BANC_888:720575941604442809	BANC888	is_a	adult superior lateral protocerebrum neuron 378	
720575941604444150	BANC_888:720575941604444150	BANC888	is_a	adult optic lobe intrinsic neuron	
720575941604446966	BANC_888:720575941604446966	BANC888	is_a	adult optic lobe intrinsic neuron	
720575941604452281	BANC_888:720575941604452281	BANC888	is_a	T4a neuron	
720575941604456889	BANC_888:720575941604456889	BANC888	is_a	lamina monopolar neuron L4	
720575941604457718	BANC_888:720575941604457718	BANC888	is_a	adult optic lobe intrinsic neuron	
720575941604459454	BANC_888:720575941604459454	BANC888	is_a	distal medullary amacrine neuron Dm10	
720575941604460990	BANC_888:720575941604460990	BANC888	is_a	adult optic lobe intrinsic neuron	
720575941604461758	BANC_888:720575941604461758	BANC888	is_a	transmedullary Y neuron TmY20	
720575941604463350	BANC_888:720575941604463350	BANC888	is_a	adult medulla-lobula neuron MeLo2	FlyBase:FBrf0262545
720575941604465086	BANC_888:720575941604465086	BANC888	is_a	transmedullary Y neuron TmY3	
720575941604466366	BANC_888:720575941604466366	BANC888	is_a	gamma dorsal Kenyon cell	
720575941604467867	BANC_888:720575941604467867	BANC888	is_a	adult SNxx33 neuron	
720575941604475126	BANC_888:720575941604475126	BANC888	is_a	adult optic lobe intrinsic neuron	
720575941604479478	BANC_888:720575941604479478	BANC888	is_a	T5b neuron	
720575941604483830	BANC_888:720575941604483830	BANC888	is_a	adult optic lobe intrinsic neuron	
720575941604492734	BANC_888:720575941604492734	BANC888	is_a	adult CB2011 neuron	
720575941604501182	BANC_888:720575941604501182	BANC888	is_a	adult AN10B060 neuron	
720575941604501750	BANC_888:720575941604501750	BANC888	is_a	T4d neuron	
720575941604507838	BANC_888:720575941604507838	BANC888	is_a	adult central medulla intrinsic neuron Cm5	FlyBase:FBrf0262545
720575941604514745	BANC_888:720575941604514745	BANC888	is_a	medulla intrinsic neuron Mi15	
720575941604520182	BANC_888:720575941604520182	BANC888	is_a	zone E Johnston organ neuron	
720575941604532158	BANC_888:720575941604532158	BANC888	is_a	adult intrinsic protocerebral bridge 18 glomeruli-delta7 neuron	
720575941604535481	BANC_888:720575941604535481	BANC888	is_a	lamina monopolar neuron L4	
720575941604537022	BANC_888:720575941604537022	BANC888	is_a	transmedullary neuron Tm2	
720575941604542905	BANC_888:720575941604542905	BANC888	is_a	adult optic lobe intrinsic neuron	
720575941604544758	BANC_888:720575941604544758	BANC888	is_a	columnar neuron T1	
720575941604544953	BANC_888:720575941604544953	BANC888	is_a	lamina monopolar neuron L4	
720575941604545209	BANC_888:720575941604545209	BANC888	is_a	lamina monopolar neuron L3	
720575941604549622	BANC_888:720575941604549622	BANC888	is_a	bristle sensory neuron	
720575941604553462	BANC_888:720575941604553462	BANC888	is_a	columnar neuron T1	
720575941604555766	BANC_888:720575941604555766	BANC888	is_a	lamina monopolar neuron L4	
720575941604566176	BANC_888:720575941604566176	BANC888	is_a	T2 neuron	
720575941604577977	BANC_888:720575941604577977	BANC888	is_a	adult optic lobe intrinsic neuron	
720575941604581561	BANC_888:720575941604581561	BANC888	is_a	adult optic lobe intrinsic neuron	
720575941604582329	BANC_888:720575941604582329	BANC888	is_a	lamina monopolar neuron L5	
720575941604585662	BANC_888:720575941604585662	BANC888	is_a	descending neuron of the gnathal ganglion DNg106	
720575941604588729	BANC_888:720575941604588729	BANC888	is_a	transmedullary neuron Tm4	
720575941604593398	BANC_888:720575941604593398	BANC888	is_a	bristle sensory neuron	
720575941604594678	BANC_888:720575941604594678	BANC888	is_a	lamina monopolar neuron L5	
720575941604595385	BANC_888:720575941604595385	BANC888	is_a	columnar neuron T1	
720575941604596470	BANC_888:720575941604596470	BANC888	is_a	lamina monopolar neuron L4	
720575941604596982	BANC_888:720575941604596982	BANC888	is_a	photoreceptor cell R7	
720575941604597494	BANC_888:720575941604597494	BANC888	is_a	photoreceptor cell R7	
720575941604597945	BANC_888:720575941604597945	BANC888	is_a	adult posterior lateral protocerebrum neuron 229	
720575941604599030	BANC_888:720575941604599030	BANC888	is_a	lamina monopolar neuron L4	
720575941604604150	BANC_888:720575941604604150	BANC888	is_a	bristle sensory neuron	
720575941604605430	BANC_888:720575941604605430	BANC888	is_a	lamina monopolar neuron L4	
720575941604606710	BANC_888:720575941604606710	BANC888	is_a	adult anterior ventrolateral protocerebrum neuron 454	
720575941604607734	BANC_888:720575941604607734	BANC888	is_a	mesothoracic leg taste bristle chemosensory neuron	
720575941604608758	BANC_888:720575941604608758	BANC888	is_a	photoreceptor cell R8	
720575941604612086	BANC_888:720575941604612086	BANC888	is_a	metathoracic intracoxal trochanter depressor muscle motor neuron	
720575941604615102	BANC_888:720575941604615102	BANC888	is_a	transmedullary neuron Tm12	FlyBase:FBrf0262545
720575941604616638	BANC_888:720575941604616638	BANC888	is_a	T5d neuron	
720575941604620534	BANC_888:720575941604620534	BANC888	is_a	bristle sensory neuron	
720575941604620790	BANC_888:720575941604620790	BANC888	is_a	bristle sensory neuron	
720575941604624313	BANC_888:720575941604624313	BANC888	is_a	adult optic lobe intrinsic neuron	
720575941604626678	BANC_888:720575941604626678	BANC888	is_a	adult SNta20 neuron	
720575941604628982	BANC_888:720575941604628982	BANC888	is_a	adult abdominal multidendritic neuron	
720575941604630206	BANC_888:720575941604630206	BANC888	is_a	transmedullary neuron Tm9	
720575941604632505	BANC_888:720575941604632505	BANC888	is_a	adult optic lobe intrinsic neuron	
720575941604633760	BANC_888:720575941604633760	BANC888	is_a	transmedullary neuron Tm1	
720575941604634041	BANC_888:720575941604634041	BANC888	is_a	adult optic lobe intrinsic neuron	
720575941604634809	BANC_888:720575941604634809	BANC888	is_a	adult optic lobe intrinsic neuron	
720575941604636862	BANC_888:720575941604636862	BANC888	is_a	mechanosensory neuron of interommatidial bristle	
720575941604638649	BANC_888:720575941604638649	BANC888	is_a	T5c neuron	
720575941604639934	BANC_888:720575941604639934	BANC888	is_a	adult AN10B037 neuron	
720575941604645110	BANC_888:720575941604645110	BANC888	is_a	lamina monopolar neuron L4	
720575941604645305	BANC_888:720575941604645305	BANC888	is_a	lamina monopolar neuron L4	
720575941604646078	BANC_888:720575941604646078	BANC888	is_a	adult optic lobe intrinsic neuron	
720575941604646841	BANC_888:720575941604646841	BANC888	is_a	zone E Johnston organ neuron	
720575941604647865	BANC_888:720575941604647865	BANC888	is_a	adult CB0176 neuron	
720575941604648377	BANC_888:720575941604648377	BANC888	is_a	adult CB2985 neuron	
720575941604654009	BANC_888:720575941604654009	BANC888	is_a	photoreceptor cell R8	
720575941604655801	BANC_888:720575941604655801	BANC888	is_a	adult CB0282 neuron	
720575941604656057	BANC_888:720575941604656057	BANC888	is_a	adult CB3148 neuron	
720575941604658873	BANC_888:720575941604658873	BANC888	is_a	adult wedge neuron 075	
720575941604661689	BANC_888:720575941604661689	BANC888	is_a	adult clamp neuron 123	
720575941604662969	BANC_888:720575941604662969	BANC888	is_a	lobula columnar neuron LC10d	
720575941604663486	BANC_888:720575941604663486	BANC888	is_a	adult mAL-PN lateral horn input neuron	
720575941604667638	BANC_888:720575941604667638	BANC888	is_a	lamina monopolar neuron L5	
720575941604668089	BANC_888:720575941604668089	BANC888	is_a	adult SNxx04 neuron	
720575941604669686	BANC_888:720575941604669686	BANC888	is_a	photoreceptor cell R8	
720575941604672246	BANC_888:720575941604672246	BANC888	is_a	lamina monopolar neuron L1	
720575941604672502	BANC_888:720575941604672502	BANC888	is_a	columnar neuron T1	
720575941604672758	BANC_888:720575941604672758	BANC888	is_a	lamina monopolar neuron L5	
720575941604675513	BANC_888:720575941604675513	BANC888	is_a	adult superior lateral protocerebrum neuron 288	
720575941604677049	BANC_888:720575941604677049	BANC888	is_a	adult IN23B027 neuron	
720575941604683046	BANC_888:720575941604683046	BANC888	is_a	adult SNta45 neuron	
720575941604684473	BANC_888:720575941604684473	BANC888	is_a	protocerebral bridge 1 glomerulus-fan-shaped body-nodulus 3 posterior domain neuron	
720575941604686265	BANC_888:720575941604686265	BANC888	is_a	adult CB3345 neuron	
720575941604690105	BANC_888:720575941604690105	BANC888	is_a	adult crepine neuron 023	
720575941604694457	BANC_888:720575941604694457	BANC888	is_a	adult CB3398 neuron	
720575941604694969	BANC_888:720575941604694969	BANC888	is_a	adult central brain intrinsic neuron	
720575941604695030	BANC_888:720575941604695030	BANC888	is_a	lamina monopolar neuron L5	
720575941604699070	BANC_888:720575941604699070	BANC888	is_a	adult fan-shaped body vertical delta neuron	
720575941604703161	BANC_888:720575941604703161	BANC888	is_a	adult CB2507 neuron	
720575941604703422	BANC_888:720575941604703422	BANC888	is_a	adult olfactory receptor neuron Or49a/85f	
720575941604703678	BANC_888:720575941604703678	BANC888	is_a	adult SNta32 neuron	
720575941604704958	BANC_888:720575941604704958	BANC888	is_a	transmedullary neuron Tm5Y	FlyBase:FBrf0262545
720575941604706233	BANC_888:720575941604706233	BANC888	is_a	adult superior lateral protocerebrum neuron 122	
720575941604708025	BANC_888:720575941604708025	BANC888	is_a	lamina monopolar neuron L5	
720575941604709110	BANC_888:720575941604709110	BANC888	is_a	photoreceptor cell R7	
720575941604710134	BANC_888:720575941604710134	BANC888	is_a	lamina monopolar neuron L4	
720575941604710334	BANC_888:720575941604710334	BANC888	is_a	sensory neuron of haltere campaniform sensillum	
720575941604711097	BANC_888:720575941604711097	BANC888	is_a	centrifugal neuron C3	
720575941604718526	BANC_888:720575941604718526	BANC888	is_a	alpha/beta Kenyon cell	
720575941604721849	BANC_888:720575941604721849	BANC888	is_a	adult optic lobe intrinsic neuron	
720575941604723385	BANC_888:720575941604723385	BANC888	is_a	adult SNta20 neuron	
720575941604725438	BANC_888:720575941604725438	BANC888	is_a	adult IN10B059 neuron	
720575941604726206	BANC_888:720575941604726206	BANC888	is_a	Y neuron Y3	
720575941604728766	BANC_888:720575941604728766	BANC888	is_a	adult IN01B063 neuron	
720575941604733942	BANC_888:720575941604733942	BANC888	is_a	lamina monopolar neuron L3	
720575941604739513	BANC_888:720575941604739513	BANC888	is_a	transmedullary neuron Tm2	
720575941604740030	BANC_888:720575941604740030	BANC888	is_a	medulla intrinsic neuron Mi10	
720575941604742585	BANC_888:720575941604742585	BANC888	is_a	T5b neuron	
720575941604744182	BANC_888:720575941604744182	BANC888	is_a	adult optic lobe intrinsic neuron	
720575941604744638	BANC_888:720575941604744638	BANC888	is_a	columnar neuron T1	
720575941604744894	BANC_888:720575941604744894	BANC888	is_a	distal medullary amacrine neuron Dm2	
720575941604746174	BANC_888:720575941604746174	BANC888	is_a	transmedullary neuron Tm4	
720575941604747449	BANC_888:720575941604747449	BANC888	is_a	lamina monopolar neuron L1	
720575941604748985	BANC_888:720575941604748985	BANC888	is_a	distal medullary amacrine neuron Dm2	
720575941604750521	BANC_888:720575941604750521	BANC888	is_a	adult optic lobe intrinsic neuron	
720575941604751038	BANC_888:720575941604751038	BANC888	is_a	T4d neuron	
720575941604754110	BANC_888:720575941604754110	BANC888	is_a	centrifugal neuron C2	
720575941604754366	BANC_888:720575941604754366	BANC888	is_a	centrifugal neuron C2	
720575941604760766	BANC_888:720575941604760766	BANC888	is_a	transmedullary neuron Tm4	
720575941604770494	BANC_888:720575941604770494	BANC888	is_a	centrifugal neuron C3	
720575941604773310	BANC_888:720575941604773310	BANC888	is_a	mechanosensory neuron of interommatidial bristle	
720575941604773566	BANC_888:720575941604773566	BANC888	is_a	mechanosensory neuron of interommatidial bristle	
720575941604774253	BANC_888:720575941604774253	BANC888	is_a	adult ANXXX098 neuron	
720575941604776121	BANC_888:720575941604776121	BANC888	is_a	transmedullary neuron Tm2	
720575941604776633	BANC_888:720575941604776633	BANC888	is_a	columnar neuron T1	
720575941604780473	BANC_888:720575941604780473	BANC888	is_a	lamina monopolar neuron L1	
720575941604782009	BANC_888:720575941604782009	BANC888	is_a	photoreceptor cell R8	
720575941604784825	BANC_888:720575941604784825	BANC888	is_a	lamina monopolar neuron L2	
720575941604787385	BANC_888:720575941604787385	BANC888	is_a	T5c neuron	
720575941604790006	BANC_888:720575941604790006	BANC888	is_a	adult optic lobe intrinsic neuron	
720575941604794814	BANC_888:720575941604794814	BANC888	is_a	transmedullary neuron Tm20	
720575941604798198	BANC_888:720575941604798198	BANC888	is_a	adult fan-shaped body 1 column-crepine neuron	FlyBase:FBrf0246888
720575941604800502	BANC_888:720575941604800502	BANC888	is_a	zone F Johnston organ neuron	
720575941604802342	BANC_888:720575941604802342	BANC888	is_a	adult SNta44 neuron	
720575941604803006	BANC_888:720575941604803006	BANC888	is_a	photoreceptor cell R7	
720575941604804793	BANC_888:720575941604804793	BANC888	is_a	zone A Johnston organ neuron	
720575941604806073	BANC_888:720575941604806073	BANC888	is_a	transmedullary neuron Tm1	
720575941604806646	BANC_888:720575941604806646	BANC888	is_a	adult CB2384 neuron	
720575941604808182	BANC_888:720575941604808182	BANC888	is_a	adult CB2173 neuron	
720575941604809718	BANC_888:720575941604809718	BANC888	is_a	adult AN03B050 neuron	
720575941604809918	BANC_888:720575941604809918	BANC888	is_a	adult optic lobe intrinsic neuron	
720575941604810486	BANC_888:720575941604810486	BANC888	is_a	adult superior medial protocerebrum neuron 369	
720575941604811510	BANC_888:720575941604811510	BANC888	is_a	DN1-like neuron	
720575941604812278	BANC_888:720575941604812278	BANC888	is_a	adult multiglomerular antennal lobe projection neuron type 28 lvPN	
720575941604819385	BANC_888:720575941604819385	BANC888	is_a	lobula-lobula plate columnar neuron LLPC1	
720575941604820158	BANC_888:720575941604820158	BANC888	is_a	T4c neuron	
720575941604821750	BANC_888:720575941604821750	BANC888	is_a	adult intrinsic protocerebral bridge 18 glomeruli-delta7 neuron	
720575941604823993	BANC_888:720575941604823993	BANC888	is_a	adult SNch09 neuron	
720575941604824761	BANC_888:720575941604824761	BANC888	is_a	adult IN16B047 neuron	
720575941604825590	BANC_888:720575941604825590	BANC888	is_a	columnar neuron T1	
720575941604828857	BANC_888:720575941604828857	BANC888	is_a	adult optic lobe intrinsic neuron	
720575941604830966	BANC_888:720575941604830966	BANC888	is_a	adult olfactory receptor neuron Ir84a	
720575941604832441	BANC_888:720575941604832441	BANC888	is_a	adult optic lobe intrinsic neuron	
720575941604833526	BANC_888:720575941604833526	BANC888	is_a	adult posterior ventrolateral protocerebrum neuron 133	
720575941604833782	BANC_888:720575941604833782	BANC888	is_a	adult clamp neuron 003	
720575941604836025	BANC_888:720575941604836025	BANC888	is_a	T2 neuron	
720575941604836598	BANC_888:720575941604836598	BANC888	is_a	adult CB1508 neuron	
720575941604837366	BANC_888:720575941604837366	BANC888	is_a	adult CB1957 neuron	
720575941604839414	BANC_888:720575941604839414	BANC888	is_a	adult fan-shaped body horizontal delta neuron C	
720575941604840950	BANC_888:720575941604840950	BANC888	is_a	adult CB1654 neuron	
720575941604841145	BANC_888:720575941604841145	BANC888	is_a	medulla intrinsic neuron Mi4	
720575941604841206	BANC_888:720575941604841206	BANC888	is_a	adult lateral horn AD1a4 neuron	
720575941604841913	BANC_888:720575941604841913	BANC888	is_a	Y neuron Y3	
720575941604847038	BANC_888:720575941604847038	BANC888	is_a	adult CB1620 neuron	
720575941604848825	BANC_888:720575941604848825	BANC888	is_a	transmedullary neuron Tm1	
720575941604848886	BANC_888:720575941604848886	BANC888	is_a	adult fan-shaped body vertical delta neuron	
720575941604852726	BANC_888:720575941604852726	BANC888	is_a	adult fan-shaped body layer 7 neuron of DPMpl2 lineage	
720575941604854201	BANC_888:720575941604854201	BANC888	is_a	adult optic lobe intrinsic neuron	
720575941604855542	BANC_888:720575941604855542	BANC888	is_a	adult CB1102 neuron	
720575941604856546	BANC_888:720575941604856546	BANC888	is_a	gustatory receptor neuron of the wing	
720575941604856822	BANC_888:720575941604856822	BANC888	is_a	adult CB2876 neuron	
720575941604859065	BANC_888:720575941604859065	BANC888	is_a	adult optic lobe intrinsic neuron	
720575941604861369	BANC_888:720575941604861369	BANC888	is_a	transmedullary neuron Tm20	
720575941604864190	BANC_888:720575941604864190	BANC888	is_a	adult optic lobe intrinsic neuron	
720575941604867518	BANC_888:720575941604867518	BANC888	is_a	adult optic lobe intrinsic neuron	
720575941604867769	BANC_888:720575941604867769	BANC888	is_a	adult CB2647 neuron	
720575941604868086	BANC_888:720575941604868086	BANC888	is_a	adult fan-shaped body vertical delta neuron	FlyBase:FBrf0246888
720575941604869561	BANC_888:720575941604869561	BANC888	is_a	zone B Johnston organ neuron	
720575941604870329	BANC_888:720575941604870329	BANC888	is_a	adult IN19A002 neuron	
720575941604871353	BANC_888:720575941604871353	BANC888	is_a	transmedullary neuron Tm20	
720575941604871609	BANC_888:720575941604871609	BANC888	is_a	adult optic lobe intrinsic neuron	
720575941604872382	BANC_888:720575941604872382	BANC888	is_a	transmedullary Y neuron TmY18	FlyBase:FBrf0262545
720575941604872557	BANC_888:720575941604872557	BANC888	is_a	adult IN09A071 neuron	
720575941604874425	BANC_888:720575941604874425	BANC888	is_a	adult superior medial protocerebrum neuron 332	
720575941604875254	BANC_888:720575941604875254	BANC888	is_a	adult CB1100 neuron	
720575941604875961	BANC_888:720575941604875961	BANC888	is_a	medulla intrinsic neuron Mi9	
720575941604876534	BANC_888:720575941604876534	BANC888	is_a	lobula columnar neuron LC16	
720575941604877753	BANC_888:720575941604877753	BANC888	is_a	T2 neuron	
720575941604880118	BANC_888:720575941604880118	BANC888	is_a	adult fan-shaped body layer 5 neuron of DPMpl2 lineage	
720575941604881654	BANC_888:720575941604881654	BANC888	is_a	adult CB1424 neuron	
720575941604882678	BANC_888:720575941604882678	BANC888	is_a	adult CB0943 neuron	
720575941604884409	BANC_888:720575941604884409	BANC888	is_a	lamina monopolar neuron L1	
720575941604884470	BANC_888:720575941604884470	BANC888	is_a	adult CB1861 neuron	
720575941604886457	BANC_888:720575941604886457	BANC888	is_a	adult optic lobe intrinsic neuron	
720575941604887286	BANC_888:720575941604887286	BANC888	is_a	adult CB3184 neuron	
720575941604888505	BANC_888:720575941604888505	BANC888	is_a	adult optic lobe intrinsic neuron	
720575941604903353	BANC_888:720575941604903353	BANC888	is_a	adult anterior ventrolateral protocerebrum neuron 451	
720575941604903670	BANC_888:720575941604903670	BANC888	is_a	lamina monopolar neuron L1	
720575941604904045	BANC_888:720575941604904045	BANC888	is_a	adult IN03B042 neuron	
720575941604904638	BANC_888:720575941604904638	BANC888	is_a	adult lobula intrinsic neuron Li13	FlyBase:FBrf0262545
720575941604907117	BANC_888:720575941604907117	BANC888	is_a	adult IN03A079 neuron	
720575941604911350	BANC_888:720575941604911350	BANC888	is_a	lamina monopolar neuron L1	
720575941604912569	BANC_888:720575941604912569	BANC888	is_a	adult olfactory receptor neuron Or67b	
720575941604912574	BANC_888:720575941604912574	BANC888	is_a	adult optic lobe intrinsic neuron	
720575941604912749	BANC_888:720575941604912749	BANC888	is_a	adult INXXX027 neuron	
720575941604914878	BANC_888:720575941604914878	BANC888	is_a	translobula plate neuron Tlp4	
720575941604915385	BANC_888:720575941604915385	BANC888	is_a	adult optic lobe intrinsic neuron	
720575941604916158	BANC_888:720575941604916158	BANC888	is_a	adult optic lobe intrinsic neuron	
720575941604916845	BANC_888:720575941604916845	BANC888	is_a	adult SNta28 neuron	
720575941604917182	BANC_888:720575941604917182	BANC888	is_a	medulla intrinsic neuron Mi9	
720575941604919030	BANC_888:720575941604919030	BANC888	is_a	photoreceptor cell R8	
720575941604922221	BANC_888:720575941604922221	BANC888	is_a	adult IN06B078 neuron	
720575941604923833	BANC_888:720575941604923833	BANC888	is_a	transmedullary Y neuron TmY14	
720575941604923838	BANC_888:720575941604923838	BANC888	is_a	adult medulla visual projection neuron MeVP34	FlyBase:FBrf0262545
720575941604924406	BANC_888:720575941604924406	BANC888	is_a	lobula plate-lobula columnar neuron LPLC2	
720575941604926198	BANC_888:720575941604926198	BANC888	is_a	adult optic lobe intrinsic neuron	
720575941604928441	BANC_888:720575941604928441	BANC888	is_a	lamina monopolar neuron L5	
720575941604934073	BANC_888:720575941604934073	BANC888	is_a	transmedullary Y neuron TmY9	
720575941604937913	BANC_888:720575941604937913	BANC888	is_a	Y neuron Y1	
720575941604942265	BANC_888:720575941604942265	BANC888	is_a	adult optic lobe intrinsic neuron	
720575941604943469	BANC_888:720575941604943469	BANC888	is_a	adult IN09A018 neuron	
720575941604943725	BANC_888:720575941604943725	BANC888	is_a	adult IN03A005 neuron	
720575941604944630	BANC_888:720575941604944630	BANC888	is_a	lobula columnar neuron LC12	
720575941604946797	BANC_888:720575941604946797	BANC888	is_a	adult IN11B015 neuron	
720575941604947446	BANC_888:720575941604947446	BANC888	is_a	lobula columnar neuron LC9	
720575941604947897	BANC_888:720575941604947897	BANC888	is_a	adult optic lobe intrinsic neuron	
720575941604949177	BANC_888:720575941604949177	BANC888	is_a	distal medullary amacrine neuron Dm3a	FlyBase:FBrf0262545
720575941604949494	BANC_888:720575941604949494	BANC888	is_a	Y neuron Y3	
720575941604950893	BANC_888:720575941604950893	BANC888	is_a	adult IN19A073 neuron	
720575941604952429	BANC_888:720575941604952429	BANC888	is_a	adult IN03A033 neuron	
720575941604952685	BANC_888:720575941604952685	BANC888	is_a	adult IN04B031 neuron	
720575941604953453	BANC_888:720575941604953453	BANC888	is_a	adult IN06B077 neuron	
720575941604957630	BANC_888:720575941604957630	BANC888	is_a	adult wedge neuron 025	
720575941604958198	BANC_888:720575941604958198	BANC888	is_a	transmedullary Y neuron TmY3	
720575941604959478	BANC_888:720575941604959478	BANC888	is_a	adult optic lobe intrinsic neuron	
720575941604961782	BANC_888:720575941604961782	BANC888	is_a	transmedullary Y neuron TmY13	FlyBase:FBrf0262545
720575941604963001	BANC_888:720575941604963001	BANC888	is_a	adult CB0744 neuron	
720575941604964030	BANC_888:720575941604964030	BANC888	is_a	adult antennal lobe local neuron lLN2	
720575941604965049	BANC_888:720575941604965049	BANC888	is_a	adult anterior ventrolateral protocerebrum neuron 273	
720575941604966073	BANC_888:720575941604966073	BANC888	is_a	transmedullary neuron Tm24	FlyBase:FBrf0262545
720575941604967789	BANC_888:720575941604967789	BANC888	is_a	adult IN06A103 neuron	
720575941604967926	BANC_888:720575941604967926	BANC888	is_a	adult optic lobe intrinsic neuron	
720575941604968438	BANC_888:720575941604968438	BANC888	is_a	medulla intrinsic neuron Mi9	
720575941604969325	BANC_888:720575941604969325	BANC888	is_a	adult IN20A.22A063 neuron	
720575941604969837	BANC_888:720575941604969837	BANC888	is_a	adult IN01B083 neuron	
720575941604971710	BANC_888:720575941604971710	BANC888	is_a	alpha/beta Kenyon cell	
720575941604972653	BANC_888:720575941604972653	BANC888	is_a	adult IN20A.22A055 neuron	
720575941604975350	BANC_888:720575941604975350	BANC888	is_a	adult optic lobe intrinsic neuron	
720575941604976493	BANC_888:720575941604976493	BANC888	is_a	adult IN17A022 neuron	
720575941604978105	BANC_888:720575941604978105	BANC888	is_a	medulla intrinsic neuron Mi1	
720575941604979902	BANC_888:720575941604979902	BANC888	is_a	adult olfactory receptor neuron Or67b	
720575941604980153	BANC_888:720575941604980153	BANC888	is_a	adult CB3590 neuron	
720575941604980982	BANC_888:720575941604980982	BANC888	is_a	adult optic lobe intrinsic neuron	
720575941604982457	BANC_888:720575941604982457	BANC888	is_a	medulla intrinsic neuron Mi1	
720575941604982462	BANC_888:720575941604982462	BANC888	is_a	adult DNit003 neuron	
720575941604983742	BANC_888:720575941604983742	BANC888	is_a	adult motor neuron	
720575941604984173	BANC_888:720575941604984173	BANC888	is_a	adult IN19A001 neuron	
720575941604985590	BANC_888:720575941604985590	BANC888	is_a	adult anterior ventrolateral protocerebrum neuron 411	
720575941604987838	BANC_888:720575941604987838	BANC888	is_a	adult IN01A027 neuron	
720575941604988350	BANC_888:720575941604988350	BANC888	is_a	adult SNta34 neuron	
720575941604988857	BANC_888:720575941604988857	BANC888	is_a	wing margin mechanosensory bristle	
720575941604989293	BANC_888:720575941604989293	BANC888	is_a	adult IN11A043 neuron	
720575941604990393	BANC_888:720575941604990393	BANC888	is_a	wing margin mechanosensory bristle	
720575941604992441	BANC_888:720575941604992441	BANC888	is_a	T3 neuron	
720575941604992502	BANC_888:720575941604992502	BANC888	is_a	lamina monopolar neuron L2	
720575941604992953	BANC_888:720575941604992953	BANC888	is_a	medulla intrinsic neuron Mi15	
720575941604994233	BANC_888:720575941604994233	BANC888	is_a	adult SNta21 neuron	
720575941604994745	BANC_888:720575941604994745	BANC888	is_a	lobula-lobula plate columnar neuron LLPC1	
720575941604997997	BANC_888:720575941604997997	BANC888	is_a	adult IN11B017 neuron	
720575941604998590	BANC_888:720575941604998590	BANC888	is_a	adult AN06B042 neuron	
720575941604999609	BANC_888:720575941604999609	BANC888	is_a	distal medullary amacrine neuron Dm2	
720575941605000889	BANC_888:720575941605000889	BANC888	is_a	proximal medullary amacrine neuron Pm1	FlyBase:FBrf0262545
720575941605003705	BANC_888:720575941605003705	BANC888	is_a	adult optic lobe intrinsic neuron	
720575941605006189	BANC_888:720575941605006189	BANC888	is_a	adult IN16B053 neuron	
720575941605006521	BANC_888:720575941605006521	BANC888	is_a	adult SNta20 neuron	
720575941605006582	BANC_888:720575941605006582	BANC888	is_a	distal medullary amacrine neuron Dm3b	FlyBase:FBrf0262545
720575941605006782	BANC_888:720575941605006782	BANC888	is_a	adult IN23B041 neuron	
720575941605007038	BANC_888:720575941605007038	BANC888	is_a	adult SNpp55 neuron	
720575941605010878	BANC_888:720575941605010878	BANC888	is_a	adult SNta29 neuron	
720575941605011641	BANC_888:720575941605011641	BANC888	is_a	adult SNta02 neuron	
720575941605013238	BANC_888:720575941605013238	BANC888	is_a	T5d neuron	
720575941605013950	BANC_888:720575941605013950	BANC888	is_a	adult IN07B100 neuron	
720575941605016249	BANC_888:720575941605016249	BANC888	is_a	mechanosensory neuron of hair plate	
720575941605016761	BANC_888:720575941605016761	BANC888	is_a	T5b neuron	
720575941605016941	BANC_888:720575941605016941	BANC888	is_a	adult IN12A057 neuron	
720575941605017078	BANC_888:720575941605017078	BANC888	is_a	lobula columnar neuron LC10a	
720575941605017534	BANC_888:720575941605017534	BANC888	is_a	adult IN01A062 neuron	
720575941605018046	BANC_888:720575941605018046	BANC888	is_a	adult IN13A012 neuron	
720575941605018477	BANC_888:720575941605018477	BANC888	is_a	adult IN03A057 neuron	
720575941605018814	BANC_888:720575941605018814	BANC888	is_a	adult INXXX317 neuron	
720575941605019582	BANC_888:720575941605019582	BANC888	is_a	prothoracic slow tibial extensor motor neuron	
720575941605020601	BANC_888:720575941605020601	BANC888	is_a	adult posterior slope neuron 225	
720575941605021293	BANC_888:720575941605021293	BANC888	is_a	adult IN06A070 neuron	
720575941605021430	BANC_888:720575941605021430	BANC888	is_a	adult optic lobe intrinsic neuron	
720575941605022398	BANC_888:720575941605022398	BANC888	is_a	T4d neuron	
720575941605023161	BANC_888:720575941605023161	BANC888	is_a	transmedullary Y neuron TmY5a	
720575941605024109	BANC_888:720575941605024109	BANC888	is_a	adult IN20A.22A085 neuron	
720575941605024365	BANC_888:720575941605024365	BANC888	is_a	adult AN07B063 neuron	
720575941605025133	BANC_888:720575941605025133	BANC888	is_a	adult IN20A.22A085 neuron	
720575941605025721	BANC_888:720575941605025721	BANC888	is_a	adult SNxx04 neuron	
720575941605026745	BANC_888:720575941605026745	BANC888	is_a	transmedullary neuron Tm4	
720575941605026806	BANC_888:720575941605026806	BANC888	is_a	accessory medulla neuron aMe5	
720575941605027574	BANC_888:720575941605027574	BANC888	is_a	visual projection neuron	
720575941605029366	BANC_888:720575941605029366	BANC888	is_a	lamina monopolar neuron L1	
720575941605031097	BANC_888:720575941605031097	BANC888	is_a	medulla intrinsic neuron Mi2	
720575941605031609	BANC_888:720575941605031609	BANC888	is_a	T2a neuron	
720575941605035193	BANC_888:720575941605035193	BANC888	is_a	adult SNta21 neuron	
720575941605035966	BANC_888:720575941605035966	BANC888	is_a	alpha/beta Kenyon cell	
720575941605041398	BANC_888:720575941605041398	BANC888	is_a	lamina monopolar neuron L5	
720575941605043134	BANC_888:720575941605043134	BANC888	is_a	adult CB0450 neuron	
720575941605043385	BANC_888:720575941605043385	BANC888	is_a	medulla intrinsic neuron Mi15	
720575941605045945	BANC_888:720575941605045945	BANC888	is_a	adult optic lobe intrinsic neuron	
720575941605047225	BANC_888:720575941605047225	BANC888	is_a	adult optic lobe intrinsic neuron	
720575941605048310	BANC_888:720575941605048310	BANC888	is_a	adult IN20A.22A052 neuron	
720575941605048510	BANC_888:720575941605048510	BANC888	is_a	adult olfactory receptor neuron Or85b	
720575941605049273	BANC_888:720575941605049273	BANC888	is_a	adult optic lobe intrinsic neuron	
720575941605050041	BANC_888:720575941605050041	BANC888	is_a	adult optic lobe intrinsic neuron	
720575941605050558	BANC_888:720575941605050558	BANC888	is_a	adult CB1141 neuron	
720575941605051833	BANC_888:720575941605051833	BANC888	is_a	T2a neuron	
720575941605053630	BANC_888:720575941605053630	BANC888	is_a	mechanosensory neuron of haustellum bristle	
720575941605053686	BANC_888:720575941605053686	BANC888	is_a	medulla intrinsic neuron Mi9	
720575941605056446	BANC_888:720575941605056446	BANC888	is_a	adult medulla visual projection neuron MeVP1	FlyBase:FBrf0262545
720575941605056758	BANC_888:720575941605056758	BANC888	is_a	transmedullary neuron Tm7	
720575941605057901	BANC_888:720575941605057901	BANC888	is_a	adult AN07B085 neuron	
720575941605060281	BANC_888:720575941605060281	BANC888	is_a	medulla intrinsic neuron Mi4	
720575941605061366	BANC_888:720575941605061366	BANC888	is_a	adult optic lobe intrinsic neuron	
720575941605062585	BANC_888:720575941605062585	BANC888	is_a	adult optic lobe intrinsic neuron	
720575941605062646	BANC_888:720575941605062646	BANC888	is_a	medulla intrinsic neuron Mi15	
720575941605063021	BANC_888:720575941605063021	BANC888	is_a	adult IN20A.22A077 neuron	
720575941605064182	BANC_888:720575941605064182	BANC888	is_a	T3 neuron	
720575941605065913	BANC_888:720575941605065913	BANC888	is_a	adult optic lobe intrinsic neuron	
720575941605065974	BANC_888:720575941605065974	BANC888	is_a	adult optic lobe intrinsic neuron	
720575941605070189	BANC_888:720575941605070189	BANC888	is_a	adult IN19A108 neuron	
720575941605070582	BANC_888:720575941605070582	BANC888	is_a	adult optic lobe intrinsic neuron	
720575941605073849	BANC_888:720575941605073849	BANC888	is_a	transmedullary neuron Tm3	
720575941605074105	BANC_888:720575941605074105	BANC888	is_a	adult optic lobe intrinsic neuron	
720575941605076409	BANC_888:720575941605076409	BANC888	is_a	adult medulla visual projection neuron MeVP60	FlyBase:FBrf0262545
720575941605079405	BANC_888:720575941605079405	BANC888	is_a	adult IN03A083 neuron	
720575941605080034	BANC_888:720575941605080034	BANC888	is_a	adult SNta44 neuron	
720575941605081078	BANC_888:720575941605081078	BANC888	is_a	adult optic lobe intrinsic neuron	
720575941605081453	BANC_888:720575941605081453	BANC888	is_a	adult IN13A030 neuron	
720575941605082358	BANC_888:720575941605082358	BANC888	is_a	adult olfactory receptor neuron Or47b	
720575941605083065	BANC_888:720575941605083065	BANC888	is_a	adult optic lobe intrinsic neuron	
720575941605085369	BANC_888:720575941605085369	BANC888	is_a	adult optic lobe intrinsic neuron	
720575941605086061	BANC_888:720575941605086061	BANC888	is_a	neck contralaterally projecting haltere interneuron	
720575941605086198	BANC_888:720575941605086198	BANC888	is_a	adult fan-shaped body vertical delta neuron	
720575941605090294	BANC_888:720575941605090294	BANC888	is_a	adult CB2997 neuron	
720575941605091518	BANC_888:720575941605091518	BANC888	is_a	adult DNnt011 neuron	
720575941605091769	BANC_888:720575941605091769	BANC888	is_a	adult optic lobe intrinsic neuron	
720575941605093305	BANC_888:720575941605093305	BANC888	is_a	adult optic lobe intrinsic neuron	
720575941605093817	BANC_888:720575941605093817	BANC888	is_a	adult optic lobe intrinsic neuron	
720575941605094073	BANC_888:720575941605094073	BANC888	is_a	adult optic lobe intrinsic neuron	
720575941605094134	BANC_888:720575941605094134	BANC888	is_a	adult optic lobe intrinsic neuron	
720575941605095670	BANC_888:720575941605095670	BANC888	is_a	T2 neuron	
720575941605095926	BANC_888:720575941605095926	BANC888	is_a	T3 neuron	
720575941605096382	BANC_888:720575941605096382	BANC888	is_a	adult superior lateral protocerebrum neuron 240	
720575941605097462	BANC_888:720575941605097462	BANC888	is_a	T2 neuron	
720575941605099193	BANC_888:720575941605099193	BANC888	is_a	adult optic lobe intrinsic neuron	
720575941605102782	BANC_888:720575941605102782	BANC888	is_a	adult medulla visual projection neuron MeVP1	FlyBase:FBrf0262545
720575941605103294	BANC_888:720575941605103294	BANC888	is_a	alpha/beta Kenyon cell	
720575941605104749	BANC_888:720575941605104749	BANC888	is_a	adult SNta09 neuron	
720575941605105142	BANC_888:720575941605105142	BANC888	is_a	transmedullary neuron	
720575941605105910	BANC_888:720575941605105910	BANC888	is_a	adult optic lobe intrinsic neuron	
720575941605106361	BANC_888:720575941605106361	BANC888	is_a	zone B Johnston organ neuron	
720575941605106678	BANC_888:720575941605106678	BANC888	is_a	adult medulla visual projection neuron MeVP6	FlyBase:FBrf0262545
720575941605107641	BANC_888:720575941605107641	BANC888	is_a	photoreceptor cell R8	
720575941605110718	BANC_888:720575941605110718	BANC888	is_a	adult multiglomerular antennal lobe projection neuron type 4 adPN	
720575941605112310	BANC_888:720575941605112310	BANC888	is_a	adult optic lobe intrinsic neuron	
720575941605115126	BANC_888:720575941605115126	BANC888	is_a	adult optic lobe intrinsic neuron	
720575941605115382	BANC_888:720575941605115382	BANC888	is_a	adult optic lobe intrinsic neuron	
720575941605118454	BANC_888:720575941605118454	BANC888	is_a	adult optic lobe intrinsic neuron	
720575941605118966	BANC_888:720575941605118966	BANC888	is_a	T3 neuron	
720575941605121574	BANC_888:720575941605121574	BANC888	is_a	adult SNta30 neuron	
720575941605124025	BANC_888:720575941605124025	BANC888	is_a	adult optic lobe intrinsic neuron	
720575941605124342	BANC_888:720575941605124342	BANC888	is_a	adult optic lobe intrinsic neuron	
720575941605127670	BANC_888:720575941605127670	BANC888	is_a	Pdf neuron of abdominal neuromere	
720575941605128889	BANC_888:720575941605128889	BANC888	is_a	adult lobula tangential neuron LT86	
720575941605131766	BANC_888:720575941605131766	BANC888	is_a	adult optic lobe intrinsic neuron	
720575941605134014	BANC_888:720575941605134014	BANC888	is_a	adult superior medial protocerebrum neuron 147	
720575941605135289	BANC_888:720575941605135289	BANC888	is_a	adult optic lobe intrinsic neuron	
720575941605138678	BANC_888:720575941605138678	BANC888	is_a	adult optic lobe intrinsic neuron	
720575941605139390	BANC_888:720575941605139390	BANC888	is_a	adult superior medial protocerebrum neuron 280	
720575941605141238	BANC_888:720575941605141238	BANC888	is_a	adult optic lobe intrinsic neuron	
720575941605146358	BANC_888:720575941605146358	BANC888	is_a	transmedullary neuron Tm3	
720575941605147382	BANC_888:720575941605147382	BANC888	is_a	medulla intrinsic neuron Mi13	
720575941605147757	BANC_888:720575941605147757	BANC888	is_a	adult fan-shaped body 1 column-superior medial protocerebrum neuron	FlyBase:FBrf0246888
720575941605148406	BANC_888:720575941605148406	BANC888	is_a	T2 neuron	
720575941605151222	BANC_888:720575941605151222	BANC888	is_a	medulla intrinsic neuron Mi9	
720575941605151597	BANC_888:720575941605151597	BANC888	is_a	T5d neuron	
720575941605152502	BANC_888:720575941605152502	BANC888	is_a	lobula-lobula plate columnar neuron LLPC1	
720575941605153465	BANC_888:720575941605153465	BANC888	is_a	adult optic lobe intrinsic neuron	
720575941605153901	BANC_888:720575941605153901	BANC888	is_a	adult protocerebral bridge 1 glomerulus-fan-shaped body-round body type a neuron	
720575941605155110	BANC_888:720575941605155110	BANC888	is_a	adult SNta44 neuron	
720575941605156025	BANC_888:720575941605156025	BANC888	is_a	adult lobula plate tangential neuron LPT111	FlyBase:FBrf0262545
720575941605156281	BANC_888:720575941605156281	BANC888	is_a	adult optic lobe intrinsic neuron	
720575941605157310	BANC_888:720575941605157310	BANC888	is_a	adult CB2757 neuron	
720575941605158646	BANC_888:720575941605158646	BANC888	is_a	T4b neuron	
720575941605158902	BANC_888:720575941605158902	BANC888	is_a	T3 neuron	
720575941605160045	BANC_888:720575941605160045	BANC888	is_a	adult CB1919 neuron	
720575941605160182	BANC_888:720575941605160182	BANC888	is_a	medulla columnar neuron MC64	
720575941605160377	BANC_888:720575941605160377	BANC888	is_a	T5b neuron	
720575941605164217	BANC_888:720575941605164217	BANC888	is_a	lamina monopolar neuron L5	
720575941605164734	BANC_888:720575941605164734	BANC888	is_a	adult CB1241 neuron	
720575941605165302	BANC_888:720575941605165302	BANC888	is_a	lamina monopolar neuron L2	
720575941605165758	BANC_888:720575941605165758	BANC888	is_a	adult CB0309 neuron	
720575941605167033	BANC_888:720575941605167033	BANC888	is_a	lobula columnar neuron LC27	
720575941605170366	BANC_888:720575941605170366	BANC888	is_a	transmedullary neuron Tm3	
720575941605171390	BANC_888:720575941605171390	BANC888	is_a	adult AN12B019 neuron	
720575941605174462	BANC_888:720575941605174462	BANC888	is_a	adult AN05B007 neuron	
720575941605174718	BANC_888:720575941605174718	BANC888	is_a	alpha'/beta' anterior-posterior type 1 Kenyon cell	
720575941605177017	BANC_888:720575941605177017	BANC888	is_a	zone F Johnston organ neuron	
720575941605177534	BANC_888:720575941605177534	BANC888	is_a	adult uniglomerular antennal lobe projection neuron V ilPN	
720575941605177846	BANC_888:720575941605177846	BANC888	is_a	T3 neuron	
720575941605179838	BANC_888:720575941605179838	BANC888	is_a	adult antennal lobe projection neuron VP1d++ lPN 1	
720575941605180601	BANC_888:720575941605180601	BANC888	is_a	adult anterior ventrolateral protocerebrum neuron 289	
720575941605181686	BANC_888:720575941605181686	BANC888	is_a	transmedullary neuron Tm2	
720575941605181886	BANC_888:720575941605181886	BANC888	is_a	adult CB1912 neuron	
720575941605182398	BANC_888:720575941605182398	BANC888	is_a	adult fan-shaped body layer 5 neuron of DALcl2 lineage	
720575941605182905	BANC_888:720575941605182905	BANC888	is_a	medulla intrinsic neuron Mi13	
720575941605183478	BANC_888:720575941605183478	BANC888	is_a	zone B Johnston organ neuron	
720575941605185977	BANC_888:720575941605185977	BANC888	is_a	adult CB2119 neuron	
720575941605186233	BANC_888:720575941605186233	BANC888	is_a	adult CB3346 neuron	
720575941605188793	BANC_888:720575941605188793	BANC888	is_a	columnar neuron T1	
720575941605191102	BANC_888:720575941605191102	BANC888	is_a	adult wedge neuron 153	
720575941605191670	BANC_888:720575941605191670	BANC888	is_a	adult optic lobe intrinsic neuron	
720575941605191926	BANC_888:720575941605191926	BANC888	is_a	T3 neuron	
720575941605192633	BANC_888:720575941605192633	BANC888	is_a	adult optic lobe intrinsic neuron	
720575941605193406	BANC_888:720575941605193406	BANC888	is_a	adult optic lobe intrinsic neuron	
720575941605196278	BANC_888:720575941605196278	BANC888	is_a	T5d neuron	
720575941605196473	BANC_888:720575941605196473	BANC888	is_a	adult optic lobe intrinsic neuron	
720575941605200374	BANC_888:720575941605200374	BANC888	is_a	adult olfactory receptor neuron Or82a	
720575941605205177	BANC_888:720575941605205177	BANC888	is_a	adult optic lobe intrinsic neuron	
720575941605205433	BANC_888:720575941605205433	BANC888	is_a	adult optic lobe intrinsic neuron	
720575941605205945	BANC_888:720575941605205945	BANC888	is_a	adult optic lobe intrinsic neuron	
720575941605207993	BANC_888:720575941605207993	BANC888	is_a	adult optic lobe intrinsic neuron	
720575941605209590	BANC_888:720575941605209590	BANC888	is_a	lobula columnar neuron LC18	
720575941605210358	BANC_888:720575941605210358	BANC888	is_a	distal medullary amacrine neuron Dm9	
720575941605210558	BANC_888:720575941605210558	BANC888	is_a	adult CB1096 neuron	
720575941605211326	BANC_888:720575941605211326	BANC888	is_a	translobula plate neuron Tlp4	
720575941605213174	BANC_888:720575941605213174	BANC888	is_a	transmedullary neuron Tm20	
720575941605214654	BANC_888:720575941605214654	BANC888	is_a	Y neuron Y1	
720575941605217014	BANC_888:720575941605217014	BANC888	is_a	zone B Johnston organ neuron	
720575941605218550	BANC_888:720575941605218550	BANC888	is_a	transmedullary neuron Tm1	
720575941605220598	BANC_888:720575941605220598	BANC888	is_a	transmedullary neuron Tm4	
720575941605224126	BANC_888:720575941605224126	BANC888	is_a	medulla intrinsic neuron Mi1	
720575941605225406	BANC_888:720575941605225406	BANC888	is_a	adult optic lobe intrinsic neuron	
720575941605226937	BANC_888:720575941605226937	BANC888	is_a	adult optic lobe intrinsic neuron	
720575941605227705	BANC_888:720575941605227705	BANC888	is_a	adult optic lobe intrinsic neuron	
720575941605227766	BANC_888:720575941605227766	BANC888	is_a	adult hygrosensory neuron Ir40a VP4	
720575941605231038	BANC_888:720575941605231038	BANC888	is_a	adult optic lobe intrinsic neuron	
720575941605233337	BANC_888:720575941605233337	BANC888	is_a	adult optic lobe intrinsic neuron	
720575941605233854	BANC_888:720575941605233854	BANC888	is_a	lamina monopolar neuron L5	
720575941605234678	BANC_888:720575941605234678	BANC888	is_a	transmedullary neuron Tm4	
720575941605234934	BANC_888:720575941605234934	BANC888	is_a	adult IN16B052 neuron	
720575941605235446	BANC_888:720575941605235446	BANC888	is_a	adult IN01B003 neuron	
720575941605235897	BANC_888:720575941605235897	BANC888	is_a	adult optic lobe intrinsic neuron	
720575941605236665	BANC_888:720575941605236665	BANC888	is_a	adult optic lobe intrinsic neuron	
720575941605239481	BANC_888:720575941605239481	BANC888	is_a	adult optic lobe intrinsic neuron	
720575941605242358	BANC_888:720575941605242358	BANC888	is_a	adult IN12B007 neuron	
720575941605242870	BANC_888:720575941605242870	BANC888	is_a	adult SNta20 neuron	
720575941605248725	BANC_888:720575941605248725	BANC888	is_a	lamina monopolar neuron L5	
720575941605249782	BANC_888:720575941605249782	BANC888	is_a	lamina monopolar neuron L3	
720575941605250494	BANC_888:720575941605250494	BANC888	is_a	adult optic lobe intrinsic neuron	
720575941605254585	BANC_888:720575941605254585	BANC888	is_a	adult optic lobe intrinsic neuron	
720575941605254902	BANC_888:720575941605254902	BANC888	is_a	adult IN01B003 neuron	
720575941605255414	BANC_888:720575941605255414	BANC888	is_a	adult IN05B024 neuron	
720575941605256950	BANC_888:720575941605256950	BANC888	is_a	lobula columnar neuron LC10a	
720575941605260473	BANC_888:720575941605260473	BANC888	is_a	medulla intrinsic neuron Mi13	
720575941605261241	BANC_888:720575941605261241	BANC888	is_a	columnar neuron T1	
720575941605262326	BANC_888:720575941605262326	BANC888	is_a	adult SNta10 neuron	
720575941605262782	BANC_888:720575941605262782	BANC888	is_a	T4b neuron	
720575941605266934	BANC_888:720575941605266934	BANC888	is_a	distal medullary amacrine neuron Dm15	
720575941605267958	BANC_888:720575941605267958	BANC888	is_a	lamina monopolar neuron L2	
720575941605268333	BANC_888:720575941605268333	BANC888	is_a	adult IN04B084 neuron	
720575941605268470	BANC_888:720575941605268470	BANC888	is_a	medulla intrinsic neuron Mi1	
720575941605273197	BANC_888:720575941605273197	BANC888	is_a	protocerebral bridge 1 glomerulus-fan-shaped body-nodulus 3 posterior domain neuron	
720575941605274046	BANC_888:720575941605274046	BANC888	is_a	adult optic lobe intrinsic neuron	
720575941605274102	BANC_888:720575941605274102	BANC888	is_a	adult IN01B023 neuron	
720575941605275040	BANC_888:720575941605275040	BANC888	is_a	transmedullary neuron Tm2	
720575941605276662	BANC_888:720575941605276662	BANC888	is_a	lamina monopolar neuron L5	
720575941605277088	BANC_888:720575941605277088	BANC888	is_a	transmedullary neuron Tm2	
720575941605277922	BANC_888:720575941605277922	BANC888	is_a	adult SNta19 neuron	
720575941605278178	BANC_888:720575941605278178	BANC888	is_a	adult SNta30 neuron	
720575941605279990	BANC_888:720575941605279990	BANC888	is_a	adult optic lobe intrinsic neuron	
720575941605280758	BANC_888:720575941605280758	BANC888	is_a	adult optic lobe intrinsic neuron	
720575941605281977	BANC_888:720575941605281977	BANC888	is_a	transmedullary neuron Tm3	
720575941605282413	BANC_888:720575941605282413	BANC888	is_a	sensory neuron	
720575941605286078	BANC_888:720575941605286078	BANC888	is_a	adult optic lobe intrinsic neuron	
720575941605287865	BANC_888:720575941605287865	BANC888	is_a	lobula columnar neuron LC9	
720575941605291766	BANC_888:720575941605291766	BANC888	is_a	adult optic lobe intrinsic neuron	
720575941605293046	BANC_888:720575941605293046	BANC888	is_a	adult optic lobe intrinsic neuron	
720575941605297081	BANC_888:720575941605297081	BANC888	is_a	adult optic lobe intrinsic neuron	
720575941605304566	BANC_888:720575941605304566	BANC888	is_a	T5a neuron	
720575941605308601	BANC_888:720575941605308601	BANC888	is_a	medulla intrinsic neuron Mi9	
720575941605308606	BANC_888:720575941605308606	BANC888	is_a	T3 neuron	
720575941605309686	BANC_888:720575941605309686	BANC888	is_a	adult optic lobe intrinsic neuron	
720575941605313721	BANC_888:720575941605313721	BANC888	is_a	adult optic lobe intrinsic neuron	
720575941605316281	BANC_888:720575941605316281	BANC888	is_a	lamina monopolar neuron L5	
720575941605317110	BANC_888:720575941605317110	BANC888	is_a	adult optic lobe intrinsic neuron	
720575941605317566	BANC_888:720575941605317566	BANC888	is_a	T3 neuron	
720575941605318134	BANC_888:720575941605318134	BANC888	is_a	adult optic lobe intrinsic neuron	
720575941605318902	BANC_888:720575941605318902	BANC888	is_a	visual projection neuron	
720575941605319870	BANC_888:720575941605319870	BANC888	is_a	adult optic lobe intrinsic neuron	
720575941605323961	BANC_888:720575941605323961	BANC888	is_a	lobula columnar neuron LC22	
720575941605324278	BANC_888:720575941605324278	BANC888	is_a	adult optic lobe intrinsic neuron	
720575941605324397	BANC_888:720575941605324397	BANC888	is_a	adult multiglomerular antennal lobe projection neuron type 11C lPN	
720575941605324534	BANC_888:720575941605324534	BANC888	is_a	lobula plate columnar neuron LPC2	
720575941605324990	BANC_888:720575941605324990	BANC888	is_a	adult optic lobe intrinsic neuron	
720575941605326326	BANC_888:720575941605326326	BANC888	is_a	lamina monopolar neuron L1	
720575941605327350	BANC_888:720575941605327350	BANC888	is_a	transmedullary Y neuron TmY18	FlyBase:FBrf0262545
720575941605327801	BANC_888:720575941605327801	BANC888	is_a	lobula columnar neuron LC16	
720575941605332670	BANC_888:720575941605332670	BANC888	is_a	T3 neuron	
720575941605335225	BANC_888:720575941605335225	BANC888	is_a	lobula columnar neuron LC18	
720575941605337017	BANC_888:720575941605337017	BANC888	is_a	lamina monopolar neuron L3	
720575941605337529	BANC_888:720575941605337529	BANC888	is_a	adult optic lobe intrinsic neuron	
720575941605337785	BANC_888:720575941605337785	BANC888	is_a	T2 neuron	
720575941605338553	BANC_888:720575941605338553	BANC888	is_a	lobula columnar neuron LC10	
720575941605343673	BANC_888:720575941605343673	BANC888	is_a	adult optic lobe intrinsic neuron	
720575941605343734	BANC_888:720575941605343734	BANC888	is_a	lobula columnar neuron LC10c	
720575941605343934	BANC_888:720575941605343934	BANC888	is_a	lamina monopolar neuron L5	
720575941605345214	BANC_888:720575941605345214	BANC888	is_a	adult optic lobe intrinsic neuron	
720575941605347774	BANC_888:720575941605347774	BANC888	is_a	adult optic lobe intrinsic neuron	
720575941605350078	BANC_888:720575941605350078	BANC888	is_a	adult optic lobe intrinsic neuron	
720575941605350585	BANC_888:720575941605350585	BANC888	is_a	T2 neuron	
720575941605350590	BANC_888:720575941605350590	BANC888	is_a	adult optic lobe intrinsic neuron	
720575941605351097	BANC_888:720575941605351097	BANC888	is_a	adult optic lobe intrinsic neuron	
720575941605351158	BANC_888:720575941605351158	BANC888	is_a	adult optic lobe intrinsic neuron	
720575941605352638	BANC_888:720575941605352638	BANC888	is_a	proximal medullary amacrine neuron Pm1	FlyBase:FBrf0262545
720575941605354430	BANC_888:720575941605354430	BANC888	is_a	centrifugal neuron C3	
720575941605356473	BANC_888:720575941605356473	BANC888	is_a	lobula columnar neuron LC10a	
720575941605356478	BANC_888:720575941605356478	BANC888	is_a	mechanosensory neuron of adult head bristle	
720575941605356534	BANC_888:720575941605356534	BANC888	is_a	adult optic lobe intrinsic neuron	
720575941605356734	BANC_888:720575941605356734	BANC888	is_a	mechanosensory neuron of interommatidial bristle	
720575941605357241	BANC_888:720575941605357241	BANC888	is_a	adult optic lobe intrinsic neuron	
720575941605359350	BANC_888:720575941605359350	BANC888	is_a	adult central medulla intrinsic neuron Cm3	FlyBase:FBrf0262545
720575941605360569	BANC_888:720575941605360569	BANC888	is_a	adult clamp neuron 323	
720575941605365945	BANC_888:720575941605365945	BANC888	is_a	adult optic lobe intrinsic neuron	
720575941605371582	BANC_888:720575941605371582	BANC888	is_a	lamina monopolar neuron L5	
720575941605373942	BANC_888:720575941605373942	BANC888	is_a	lobula intrinsic neuron Li14	FlyBase:FBrf0262545
720575941605374649	BANC_888:720575941605374649	BANC888	is_a	adult medulla-lobula neuron MeLo4	FlyBase:FBrf0262545
720575941605374905	BANC_888:720575941605374905	BANC888	is_a	lobula columnar neuron LC18	
720575941605375161	BANC_888:720575941605375161	BANC888	is_a	lobula columnar neuron LC10c	
720575941605375222	BANC_888:720575941605375222	BANC888	is_a	adult optic lobe intrinsic neuron	
720575941605375929	BANC_888:720575941605375929	BANC888	is_a	lamina monopolar neuron L2	
720575941605386230	BANC_888:720575941605386230	BANC888	is_a	adult optic lobe intrinsic neuron	
720575941605388985	BANC_888:720575941605388985	BANC888	is_a	adult optic lobe intrinsic neuron	
720575941605392057	BANC_888:720575941605392057	BANC888	is_a	medulla intrinsic neuron Mi18	FlyBase:FBrf0262545
720575941605392374	BANC_888:720575941605392374	BANC888	is_a	adult optic lobe intrinsic neuron	
720575941605392825	BANC_888:720575941605392825	BANC888	is_a	adult CB1831 neuron	
720575941605393081	BANC_888:720575941605393081	BANC888	is_a	adult superior lateral protocerebrum neuron 405	
720575941605399742	BANC_888:720575941605399742	BANC888	is_a	adult IN03B053 neuron	
720575941605402358	BANC_888:720575941605402358	BANC888	is_a	lobula columnar neuron LC14	
720575941605405430	BANC_888:720575941605405430	BANC888	is_a	adult optic lobe intrinsic neuron	
720575941605412086	BANC_888:720575941605412086	BANC888	is_a	zone A Johnston organ neuron	
720575941605415358	BANC_888:720575941605415358	BANC888	is_a	adult optic lobe intrinsic neuron	
720575941605416438	BANC_888:720575941605416438	BANC888	is_a	adult optic lobe intrinsic neuron	
720575941605417918	BANC_888:720575941605417918	BANC888	is_a	sensory neuron of haltere campaniform sensillum	
720575941605423213	BANC_888:720575941605423213	BANC888	is_a	alpha/beta Kenyon cell	
720575941605426934	BANC_888:720575941605426934	BANC888	is_a	T5d neuron	
720575941605433590	BANC_888:720575941605433590	BANC888	is_a	adult optic lobe intrinsic neuron	
720575941605438142	BANC_888:720575941605438142	BANC888	is_a	adult optic lobe intrinsic neuron	
720575941605441270	BANC_888:720575941605441270	BANC888	is_a	adult optic lobe intrinsic neuron	
720575941605441782	BANC_888:720575941605441782	BANC888	is_a	adult optic lobe intrinsic neuron	
720575941605443006	BANC_888:720575941605443006	BANC888	is_a	adult olfactory receptor neuron Or83c	
720575941605449150	BANC_888:720575941605449150	BANC888	is_a	T3 neuron	
720575941605456118	BANC_888:720575941605456118	BANC888	is_a	adult lobula plate tangential neuron LPT111	FlyBase:FBrf0262545
720575941605458166	BANC_888:720575941605458166	BANC888	is_a	adult central medulla intrinsic neuron Cm13	FlyBase:FBrf0262545
720575941605460214	BANC_888:720575941605460214	BANC888	is_a	adult SNta29 neuron	
720575941605460982	BANC_888:720575941605460982	BANC888	is_a	zone E Johnston organ neuron	
720575941605467894	BANC_888:720575941605467894	BANC888	is_a	transmedullary Y neuron TmY3	
720575941605469630	BANC_888:720575941605469630	BANC888	is_a	centrifugal neuron C3	
720575941605472877	BANC_888:720575941605472877	BANC888	is_a	adult optic lobe intrinsic neuron	
720575941605473782	BANC_888:720575941605473782	BANC888	is_a	zone A Johnston organ neuron	
720575941605474238	BANC_888:720575941605474238	BANC888	is_a	adult optic lobe intrinsic neuron	
720575941605475774	BANC_888:720575941605475774	BANC888	is_a	mechanosensory neuron of hair plate	
720575941605476598	BANC_888:720575941605476598	BANC888	is_a	adult optic lobe intrinsic neuron	
720575941605477878	BANC_888:720575941605477878	BANC888	is_a	adult optic lobe intrinsic neuron	
720575941605482486	BANC_888:720575941605482486	BANC888	is_a	adult optic lobe intrinsic neuron	
720575941605486838	BANC_888:720575941605486838	BANC888	is_a	visual projection neuron	
720575941605487350	BANC_888:720575941605487350	BANC888	is_a	adult optic lobe intrinsic neuron	
720575941605496054	BANC_888:720575941605496054	BANC888	is_a	adult optic lobe intrinsic neuron	
720575941605500094	BANC_888:720575941605500094	BANC888	is_a	adult olfactory receptor neuron Or67b	
720575941605507774	BANC_888:720575941605507774	BANC888	is_a	photoreceptor cell R7	
720575941605509054	BANC_888:720575941605509054	BANC888	is_a	adult AN27X017 neuron	
720575941605509366	BANC_888:720575941605509366	BANC888	is_a	adult optic lobe intrinsic neuron	
720575941605510078	BANC_888:720575941605510078	BANC888	is_a	photoreceptor cell R8	
720575941605514230	BANC_888:720575941605514230	BANC888	is_a	adult optic lobe intrinsic neuron	
720575941605515966	BANC_888:720575941605515966	BANC888	is_a	adult AN17A047 neuron	
720575941605520886	BANC_888:720575941605520886	BANC888	is_a	adult optic lobe intrinsic neuron	
720575941605521398	BANC_888:720575941605521398	BANC888	is_a	adult optic lobe intrinsic neuron	
720575941605523902	BANC_888:720575941605523902	BANC888	is_a	descending neuron of the posterior brain DNp44	
720575941605536446	BANC_888:720575941605536446	BANC888	is_a	zone B Johnston organ neuron	
720575941605537782	BANC_888:720575941605537782	BANC888	is_a	columnar neuron T1	
720575941605542646	BANC_888:720575941605542646	BANC888	is_a	adult optic lobe intrinsic neuron	
720575941605554366	BANC_888:720575941605554366	BANC888	is_a	mechanosensory neuron of hair plate	
720575941605555902	BANC_888:720575941605555902	BANC888	is_a	lamina monopolar neuron L2	
720575941605556670	BANC_888:720575941605556670	BANC888	is_a	lamina monopolar neuron L1	
720575941605556982	BANC_888:720575941605556982	BANC888	is_a	adult optic lobe intrinsic neuron	
720575941605559917	BANC_888:720575941605559917	BANC888	is_a	gustatory receptor neuron of the wing	
720575941605561846	BANC_888:720575941605561846	BANC888	is_a	lobula columnar neuron LC21	
720575941605565942	BANC_888:720575941605565942	BANC888	is_a	visual projection neuron	
720575941605566573	BANC_888:720575941605566573	BANC888	is_a	medulla intrinsic neuron Mi1	
720575941605569270	BANC_888:720575941605569270	BANC888	is_a	adult optic lobe intrinsic neuron	
720575941605577150	BANC_888:720575941605577150	BANC888	is_a	lamina monopolar neuron L5	
720575941605591030	BANC_888:720575941605591030	BANC888	is_a	adult optic lobe intrinsic neuron	
720575941605591286	BANC_888:720575941605591286	BANC888	is_a	adult optic lobe intrinsic neuron	
720575941605595638	BANC_888:720575941605595638	BANC888	is_a	adult optic lobe intrinsic neuron	
720575941605595838	BANC_888:720575941605595838	BANC888	is_a	lamina monopolar neuron L4	
720575941605596094	BANC_888:720575941605596094	BANC888	is_a	photoreceptor cell R7	
720575941605597630	BANC_888:720575941605597630	BANC888	is_a	lamina monopolar neuron L4	
720575941605598061	BANC_888:720575941605598061	BANC888	is_a	adult IN03B074 neuron	
720575941605599478	BANC_888:720575941605599478	BANC888	is_a	distal medullary amacrine neuron Dm13	
720575941605600109	BANC_888:720575941605600109	BANC888	is_a	adult IN16B029 neuron	
720575941605600502	BANC_888:720575941605600502	BANC888	is_a	lobula tangential neuron	
720575941605600958	BANC_888:720575941605600958	BANC888	is_a	adult anterior ventrolateral protocerebrum neuron 008	
720575941605601982	BANC_888:720575941605601982	BANC888	is_a	photoreceptor cell R8	
720575941605602038	BANC_888:720575941605602038	BANC888	is_a	adult optic lobe intrinsic neuron	
720575941605602494	BANC_888:720575941605602494	BANC888	is_a	lamina monopolar neuron L4	
720575941605602669	BANC_888:720575941605602669	BANC888	is_a	adult IN06B066 neuron	
720575941605609206	BANC_888:720575941605609206	BANC888	is_a	adult optic lobe intrinsic neuron	
720575941605609718	BANC_888:720575941605609718	BANC888	is_a	lamina monopolar neuron L2	
720575941605612022	BANC_888:720575941605612022	BANC888	is_a	lobula columnar neuron LC10d	
720575941605613502	BANC_888:720575941605613502	BANC888	is_a	transmedullary neuron Tm4	
720575941605617142	BANC_888:720575941605617142	BANC888	is_a	Y neuron Y4	
720575941605620470	BANC_888:720575941605620470	BANC888	is_a	lobula columnar neuron LC16	
720575941605622006	BANC_888:720575941605622006	BANC888	is_a	lamina monopolar neuron L5	
720575941605623286	BANC_888:720575941605623286	BANC888	is_a	lobula columnar neuron LC24	
720575941605626102	BANC_888:720575941605626102	BANC888	is_a	lamina monopolar neuron L3	
720575941605626558	BANC_888:720575941605626558	BANC888	is_a	centrifugal neuron C2	
720575941605627126	BANC_888:720575941605627126	BANC888	is_a	lamina monopolar neuron L2	
720575941605627382	BANC_888:720575941605627382	BANC888	is_a	adult medulla visual projection neuron MeVP3	FlyBase:FBrf0262545
720575941605628150	BANC_888:720575941605628150	BANC888	is_a	adult CB3820 neuron	
720575941605630454	BANC_888:720575941605630454	BANC888	is_a	centrifugal neuron C3	
720575941605633782	BANC_888:720575941605633782	BANC888	is_a	medulla intrinsic neuron Mi1	
720575941605634550	BANC_888:720575941605634550	BANC888	is_a	adult optic lobe intrinsic neuron	
720575941605637110	BANC_888:720575941605637110	BANC888	is_a	centrifugal neuron C2	
720575941605640438	BANC_888:720575941605640438	BANC888	is_a	lamina monopolar neuron L3	
720575941605640950	BANC_888:720575941605640950	BANC888	is_a	transmedullary neuron Tm1	
720575941605641462	BANC_888:720575941605641462	BANC888	is_a	adult lobula columnar neuron LC29	
720575941605645046	BANC_888:720575941605645046	BANC888	is_a	adult optic lobe intrinsic neuron	
720575941605646070	BANC_888:720575941605646070	BANC888	is_a	medulla intrinsic neuron Mi4	
720575941605649654	BANC_888:720575941605649654	BANC888	is_a	T2a neuron	
720575941605652470	BANC_888:720575941605652470	BANC888	is_a	distal medullary amacrine neuron Dm3a	FlyBase:FBrf0262545
720575941605653750	BANC_888:720575941605653750	BANC888	is_a	adult lobula tangential neuron LT40	
720575941605656429	BANC_888:720575941605656429	BANC888	is_a	gamma main Kenyon cell	
720575941605660150	BANC_888:720575941605660150	BANC888	is_a	medulla intrinsic neuron Mi18	FlyBase:FBrf0262545
720575941605660269	BANC_888:720575941605660269	BANC888	is_a	adult fan-shaped body horizontal delta neuron I	
720575941605662454	BANC_888:720575941605662454	BANC888	is_a	adult optic lobe intrinsic neuron	
720575941605669110	BANC_888:720575941605669110	BANC888	is_a	adult optic lobe intrinsic neuron	
720575941605670390	BANC_888:720575941605670390	BANC888	is_a	transmedullary neuron Tm20	
720575941605671670	BANC_888:720575941605671670	BANC888	is_a	adult optic lobe intrinsic neuron	
720575941605675373	BANC_888:720575941605675373	BANC888	is_a	lobula columnar neuron LC10c	
720575941605676278	BANC_888:720575941605676278	BANC888	is_a	adult transmedullary Y neuron TmY19a	FlyBase:FBrf0262545
720575941605679806	BANC_888:720575941605679806	BANC888	is_a	lamina monopolar neuron L1	
720575941605681654	BANC_888:720575941605681654	BANC888	is_a	lamina monopolar neuron L2	
720575941605682934	BANC_888:720575941605682934	BANC888	is_a	adult optic lobe intrinsic neuron	
720575941605683190	BANC_888:720575941605683190	BANC888	is_a	T5a neuron	
720575941605685613	BANC_888:720575941605685613	BANC888	is_a	lobula columnar neuron LC9	
720575941605686262	BANC_888:720575941605686262	BANC888	is_a	lamina monopolar neuron L2	
720575941605687149	BANC_888:720575941605687149	BANC888	is_a	T4d neuron	
720575941605690221	BANC_888:720575941605690221	BANC888	is_a	T4b neuron	
720575941605697470	BANC_888:720575941605697470	BANC888	is_a	adult optic lobe intrinsic neuron	
720575941605699181	BANC_888:720575941605699181	BANC888	is_a	transmedullary neuron Tm6	FlyBase:FBrf0262545
720575941605700542	BANC_888:720575941605700542	BANC888	is_a	T3 neuron	
720575941605707629	BANC_888:720575941605707629	BANC888	is_a	T4d neuron	
720575941605713005	BANC_888:720575941605713005	BANC888	is_a	Y neuron Y3	
720575941605713086	BANC_888:720575941605713086	BANC888	is_a	adult fan-shaped body vertical delta neuron	FlyBase:FBrf0246888
720575941605722733	BANC_888:720575941605722733	BANC888	is_a	medulla intrinsic neuron Mi4	
720575941605722814	BANC_888:720575941605722814	BANC888	is_a	lamina monopolar neuron L5	
720575941605725549	BANC_888:720575941605725549	BANC888	is_a	Y neuron Y11	
720575941605727597	BANC_888:720575941605727597	BANC888	is_a	adult optic lobe intrinsic neuron	
720575941605737837	BANC_888:720575941605737837	BANC888	is_a	transmedullary Y neuron TmY3	
720575941605739117	BANC_888:720575941605739117	BANC888	is_a	distal medullary amacrine neuron Dm3a	FlyBase:FBrf0262545
720575941605744062	BANC_888:720575941605744062	BANC888	is_a	femoral chordotonal claw neuron	
720575941605749950	BANC_888:720575941605749950	BANC888	is_a	wing margin mechanosensory bristle	
720575941605759597	BANC_888:720575941605759597	BANC888	is_a	adult central medulla intrinsic neuron Cm5	FlyBase:FBrf0262545
720575941605763181	BANC_888:720575941605763181	BANC888	is_a	T4d neuron	
720575941605766078	BANC_888:720575941605766078	BANC888	is_a	lamina monopolar neuron L1	
720575941605767650	BANC_888:720575941605767650	BANC888	is_a	gustatory receptor neuron of the wing	
720575941605775294	BANC_888:720575941605775294	BANC888	is_a	adult optic lobe intrinsic neuron	
720575941605776749	BANC_888:720575941605776749	BANC888	is_a	T5d neuron	
720575941605779390	BANC_888:720575941605779390	BANC888	is_a	medulla intrinsic neuron Mi4	
720575941605790142	BANC_888:720575941605790142	BANC888	is_a	adult optic lobe intrinsic neuron	
720575941605795518	BANC_888:720575941605795518	BANC888	is_a	medulla intrinsic neuron Mi4	
720575941605802174	BANC_888:720575941605802174	BANC888	is_a	lamina monopolar neuron L4	
720575941605802686	BANC_888:720575941605802686	BANC888	is_a	adult CB0060 neuron	
720575941605804478	BANC_888:720575941605804478	BANC888	is_a	adult lateral accessory lobe-fan-shaped body layer 3 neuron	
720575941605806014	BANC_888:720575941605806014	BANC888	is_a	adult vest neuron 073	
720575941605808062	BANC_888:720575941605808062	BANC888	is_a	adult superior medial protocerebrum neuron 457	
720575941605808318	BANC_888:720575941605808318	BANC888	is_a	adult olfactory receptor neuron Or47b	
720575941605810878	BANC_888:720575941605810878	BANC888	is_a	adult clamp neuron 170	
720575941605821374	BANC_888:720575941605821374	BANC888	is_a	adult fan-shaped body 1 column-superior medial protocerebrum neuron	FlyBase:FBrf0246888
720575941605823678	BANC_888:720575941605823678	BANC888	is_a	adult posterior lateral protocerebrum neuron 100	
720575941605832638	BANC_888:720575941605832638	BANC888	is_a	bristle sensory neuron	
720575941605834605	BANC_888:720575941605834605	BANC888	is_a	T4a neuron	
720575941605837677	BANC_888:720575941605837677	BANC888	is_a	lobula columnar neuron LC18	
720575941605841773	BANC_888:720575941605841773	BANC888	is_a	transmedullary Y neuron TmY9	
720575941605846381	BANC_888:720575941605846381	BANC888	is_a	lobula columnar neuron LC13	
720575941605852525	BANC_888:720575941605852525	BANC888	is_a	adult lobula intrinsic neuron Li25	FlyBase:FBrf0262545
720575941605853293	BANC_888:720575941605853293	BANC888	is_a	lobula columnar neuron	
720575941605853805	BANC_888:720575941605853805	BANC888	is_a	adult lobula intrinsic neuron Li25	FlyBase:FBrf0262545
720575941605863870	BANC_888:720575941605863870	BANC888	is_a	dopaminergic PAM neuron 14	
720575941605864382	BANC_888:720575941605864382	BANC888	is_a	adult CB1392 neuron	
720575941605874622	BANC_888:720575941605874622	BANC888	is_a	adult lobula intrinsic neuron Li23	FlyBase:FBrf0262545
720575941605875565	BANC_888:720575941605875565	BANC888	is_a	adult optic lobe intrinsic neuron	
720575941605875821	BANC_888:720575941605875821	BANC888	is_a	transmedullary neuron Tm6	FlyBase:FBrf0262545
720575941605877438	BANC_888:720575941605877438	BANC888	is_a	adult optic lobe intrinsic neuron	
720575941605880351	BANC_888:720575941605880351	BANC888	is_a	lamina monopolar neuron L5	
720575941605885037	BANC_888:720575941605885037	BANC888	is_a	transmedullary neuron Tm3	
720575941605893997	BANC_888:720575941605893997	BANC888	is_a	T2 neuron	
720575941605896045	BANC_888:720575941605896045	BANC888	is_a	T5a neuron	
720575941605896557	BANC_888:720575941605896557	BANC888	is_a	T5d neuron	
720575941605896894	BANC_888:720575941605896894	BANC888	is_a	lamina monopolar neuron L1	
720575941605901421	BANC_888:720575941605901421	BANC888	is_a	centrifugal neuron C3	
720575941605901758	BANC_888:720575941605901758	BANC888	is_a	transmedullary neuron Tm2	
720575941605907309	BANC_888:720575941605907309	BANC888	is_a	T5d neuron	
720575941605907390	BANC_888:720575941605907390	BANC888	is_a	metathoracic leg taste bristle chemosensory neuron	
720575941605913197	BANC_888:720575941605913197	BANC888	is_a	T4d neuron	
720575941605916013	BANC_888:720575941605916013	BANC888	is_a	adult lobula visual projection neuron LoVP7	FlyBase:FBrf0262545
720575941605917293	BANC_888:720575941605917293	BANC888	is_a	T5a neuron	
720575941605926765	BANC_888:720575941605926765	BANC888	is_a	medulla intrinsic neuron Mi9	
720575941605928382	BANC_888:720575941605928382	BANC888	is_a	zone E Johnston organ neuron	
720575941605933677	BANC_888:720575941605933677	BANC888	is_a	T4c neuron	
720575941605937342	BANC_888:720575941605937342	BANC888	is_a	adult optic lobe intrinsic neuron	
720575941605939134	BANC_888:720575941605939134	BANC888	is_a	transmedullary Y neuron TmY3	
720575941605945022	BANC_888:720575941605945022	BANC888	is_a	transmedullary Y neuron TmY14	
720575941605947582	BANC_888:720575941605947582	BANC888	is_a	T4a neuron	
720575941605951341	BANC_888:720575941605951341	BANC888	is_a	transmedullary Y neuron TmY3	
720575941605952958	BANC_888:720575941605952958	BANC888	is_a	medulla intrinsic neuron Mi9	
720575941605953389	BANC_888:720575941605953389	BANC888	is_a	medulla intrinsic neuron Mi9	
720575941605953982	BANC_888:720575941605953982	BANC888	is_a	lamina monopolar neuron L1	
720575941605957054	BANC_888:720575941605957054	BANC888	is_a	adult optic lobe intrinsic neuron	
720575941605960813	BANC_888:720575941605960813	BANC888	is_a	adult optic lobe intrinsic neuron	
720575941605962349	BANC_888:720575941605962349	BANC888	is_a	medulla intrinsic neuron Mi9	
720575941605962430	BANC_888:720575941605962430	BANC888	is_a	adult optic lobe intrinsic neuron	
720575941605965421	BANC_888:720575941605965421	BANC888	is_a	T5a neuron	
720575941605967981	BANC_888:720575941605967981	BANC888	is_a	T4c neuron	
720575941605973613	BANC_888:720575941605973613	BANC888	is_a	Y neuron Y1	
720575941605987262	BANC_888:720575941605987262	BANC888	is_a	adult optic lobe intrinsic neuron	
720575941605991358	BANC_888:720575941605991358	BANC888	is_a	transmedullary Y neuron TmY14	
720575941605994942	BANC_888:720575941605994942	BANC888	is_a	adult optic lobe intrinsic neuron	
720575941606001342	BANC_888:720575941606001342	BANC888	is_a	T5b neuron	
720575941606002110	BANC_888:720575941606002110	BANC888	is_a	adult optic lobe intrinsic neuron	
720575941606009453	BANC_888:720575941606009453	BANC888	is_a	adult lobula visual projection neuron LoVP7	FlyBase:FBrf0262545
720575941606039230	BANC_888:720575941606039230	BANC888	is_a	distal medullary amacrine neuron Dm15	
720575941606042814	BANC_888:720575941606042814	BANC888	is_a	transmedullary neuron Tm16	
720575941606045293	BANC_888:720575941606045293	BANC888	is_a	lobula columnar neuron LC12	
720575941606047166	BANC_888:720575941606047166	BANC888	is_a	adult optic lobe intrinsic neuron	
720575941606047853	BANC_888:720575941606047853	BANC888	is_a	distal medullary amacrine neuron Dm2	
720575941606048877	BANC_888:720575941606048877	BANC888	is_a	lobula columnar neuron LC12	
720575941606052798	BANC_888:720575941606052798	BANC888	is_a	adult superior lateral protocerebrum neuron 001	
720575941606054509	BANC_888:720575941606054509	BANC888	is_a	T4b neuron	
720575941606059966	BANC_888:720575941606059966	BANC888	is_a	transmedullary neuron Tm2	
720575941606061246	BANC_888:720575941606061246	BANC888	is_a	adult central brain intrinsic neuron	
720575941606064830	BANC_888:720575941606064830	BANC888	is_a	adult CB0980 neuron	
720575941606069438	BANC_888:720575941606069438	BANC888	is_a	Y neuron Y3	
720575941606073534	BANC_888:720575941606073534	BANC888	is_a	translobula plate neuron Tlp1	
720575941606075757	BANC_888:720575941606075757	BANC888	is_a	protocerebral bridge 1 glomerulus-fan-shaped body-nodulus 3 posterior domain neuron	
720575941606079422	BANC_888:720575941606079422	BANC888	is_a	adult CB3505 neuron	
720575941606079678	BANC_888:720575941606079678	BANC888	is_a	medulla intrinsic neuron Mi1	
720575941606079853	BANC_888:720575941606079853	BANC888	is_a	adult IN14A114 neuron	
720575941606081470	BANC_888:720575941606081470	BANC888	is_a	adult IN03A059 neuron	
720575941606083181	BANC_888:720575941606083181	BANC888	is_a	adult CB0408 neuron	
720575941606083949	BANC_888:720575941606083949	BANC888	is_a	medulla intrinsic neuron Mi1	
720575941606084205	BANC_888:720575941606084205	BANC888	is_a	adult SNxx33 neuron	
720575941606087870	BANC_888:720575941606087870	BANC888	is_a	adult SNta21 neuron	
720575941606092653	BANC_888:720575941606092653	BANC888	is_a	prothoracic leg taste bristle chemosensory neuron	
720575941606097086	BANC_888:720575941606097086	BANC888	is_a	adult optic lobe intrinsic neuron	
720575941606097342	BANC_888:720575941606097342	BANC888	is_a	T5b neuron	
720575941606106814	BANC_888:720575941606106814	BANC888	is_a	T4a neuron	
720575941606107326	BANC_888:720575941606107326	BANC888	is_a	T4c neuron	
720575941606113214	BANC_888:720575941606113214	BANC888	is_a	T5c neuron	
720575941606115437	BANC_888:720575941606115437	BANC888	is_a	adult CB2834 neuron	
720575941606126957	BANC_888:720575941606126957	BANC888	is_a	adult posterior slope neuron 084	
720575941606127550	BANC_888:720575941606127550	BANC888	is_a	adult antennal lobe local neuron lLN2F	
720575941606128574	BANC_888:720575941606128574	BANC888	is_a	adult CB1734 neuron	
720575941606129854	BANC_888:720575941606129854	BANC888	is_a	adult optic lobe intrinsic neuron	
720575941606132158	BANC_888:720575941606132158	BANC888	is_a	adult superior medial protocerebrum neuron 371	
720575941606133438	BANC_888:720575941606133438	BANC888	is_a	adult olfactory receptor neuron Or67a	
720575941606135230	BANC_888:720575941606135230	BANC888	is_a	T2a neuron	
720575941606135405	BANC_888:720575941606135405	BANC888	is_a	adult Kenyon cell	
720575941606136766	BANC_888:720575941606136766	BANC888	is_a	adult fan-shaped body layer 5 neuron of DPMpl2 lineage	
720575941606137197	BANC_888:720575941606137197	BANC888	is_a	adult optic lobe intrinsic neuron	
720575941606137709	BANC_888:720575941606137709	BANC888	is_a	medulla intrinsic neuron Mi1	
720575941606140094	BANC_888:720575941606140094	BANC888	is_a	adult olfactory receptor neuron Or46aB	
720575941606141374	BANC_888:720575941606141374	BANC888	is_a	adult optic lobe intrinsic neuron	
720575941606142654	BANC_888:720575941606142654	BANC888	is_a	adult optic lobe intrinsic neuron	
720575941606145133	BANC_888:720575941606145133	BANC888	is_a	adult lateral horn AV6a3 neuron	
720575941606150882	BANC_888:720575941606150882	BANC888	is_a	adult SNta44 neuron	
720575941606151102	BANC_888:720575941606151102	BANC888	is_a	medulla intrinsic neuron Mi9	
720575941606153150	BANC_888:720575941606153150	BANC888	is_a	distal medullary amacrine neuron Dm3b	FlyBase:FBrf0262545
720575941606155373	BANC_888:720575941606155373	BANC888	is_a	adult central brain intrinsic neuron	
720575941606156222	BANC_888:720575941606156222	BANC888	is_a	medulla intrinsic neuron Mi13	
720575941606157794	BANC_888:720575941606157794	BANC888	is_a	bristle sensory neuron	
720575941606158526	BANC_888:720575941606158526	BANC888	is_a	lobula plate-lobula columnar neuron LPLC1	
720575941606160062	BANC_888:720575941606160062	BANC888	is_a	T4d neuron	
720575941606160927	BANC_888:720575941606160927	BANC888	is_a	lamina monopolar neuron L1	
720575941606162146	BANC_888:720575941606162146	BANC888	is_a	adult SNta30 neuron	
720575941606164589	BANC_888:720575941606164589	BANC888	is_a	medulla intrinsic neuron Mi1	
720575941606165950	BANC_888:720575941606165950	BANC888	is_a	centrifugal neuron C3	
720575941606166974	BANC_888:720575941606166974	BANC888	is_a	distal medullary amacrine neuron Dm3c	FlyBase:FBrf0262545
720575941606167486	BANC_888:720575941606167486	BANC888	is_a	medulla intrinsic neuron Mi4	
720575941606170302	BANC_888:720575941606170302	BANC888	is_a	transmedullary Y neuron TmY5a	
720575941606171582	BANC_888:720575941606171582	BANC888	is_a	adult medulla-tubercle neuron 3	
720575941606175934	BANC_888:720575941606175934	BANC888	is_a	T3 neuron	
720575941606179181	BANC_888:720575941606179181	BANC888	is_a	medulla intrinsic neuron Mi4	
720575941606180717	BANC_888:720575941606180717	BANC888	is_a	adult optic lobe intrinsic neuron	
720575941606199230	BANC_888:720575941606199230	BANC888	is_a	adult CB3289 neuron	
720575941606200510	BANC_888:720575941606200510	BANC888	is_a	adult antennal lobe projection neuron DM4 adPN	
720575941606203070	BANC_888:720575941606203070	BANC888	is_a	lamina monopolar neuron L2	
720575941606204094	BANC_888:720575941606204094	BANC888	is_a	adult CNS neuron	
720575941606204350	BANC_888:720575941606204350	BANC888	is_a	lamina monopolar neuron L2	
720575941606204606	BANC_888:720575941606204606	BANC888	is_a	gamma main Kenyon cell	
720575941606208446	BANC_888:720575941606208446	BANC888	is_a	adult olfactory receptor neuron Or33c/85e	
720575941606209214	BANC_888:720575941606209214	BANC888	is_a	adult anterior ventrolateral protocerebrum neuron 409	
720575941606209726	BANC_888:720575941606209726	BANC888	is_a	metathoracic intracoxal trochanter levator muscle motor neuron	
720575941606210494	BANC_888:720575941606210494	BANC888	is_a	adult superior medial protocerebrum neuron 111	
720575941606212030	BANC_888:720575941606212030	BANC888	is_a	adult posterior lateral protocerebrum neuron 150	
720575941606213054	BANC_888:720575941606213054	BANC888	is_a	adult CB2294 neuron	
720575941606216301	BANC_888:720575941606216301	BANC888	is_a	adult optic lobe intrinsic neuron	
720575941606218349	BANC_888:720575941606218349	BANC888	is_a	transmedullary Y neuron TmY4	
720575941606218686	BANC_888:720575941606218686	BANC888	is_a	adult CNS neuron	
720575941606220397	BANC_888:720575941606220397	BANC888	is_a	transmedullary Y neuron TmY3	
720575941606222270	BANC_888:720575941606222270	BANC888	is_a	lobula plate tangential neuron dCal1	
720575941606222782	BANC_888:720575941606222782	BANC888	is_a	adult CB0947 neuron	
720575941606222957	BANC_888:720575941606222957	BANC888	is_a	T4b neuron	
720575941606223038	BANC_888:720575941606223038	BANC888	is_a	adult superior medial protocerebrum neuron 120	
720575941606224574	BANC_888:720575941606224574	BANC888	is_a	adult CB3780 neuron	
720575941606225005	BANC_888:720575941606225005	BANC888	is_a	transmedullary neuron Tm9	
720575941606234558	BANC_888:720575941606234558	BANC888	is_a	proximal medullary amacrine neuron Pm2	FlyBase:FBrf0262545
720575941606236606	BANC_888:720575941606236606	BANC888	is_a	transmedullary neuron Tm20	
720575941606239714	BANC_888:720575941606239714	BANC888	is_a	gustatory receptor neuron of the wing	
720575941606240877	BANC_888:720575941606240877	BANC888	is_a	T4c neuron	
720575941606240958	BANC_888:720575941606240958	BANC888	is_a	adult optic lobe intrinsic neuron	
720575941606241645	BANC_888:720575941606241645	BANC888	is_a	T5d neuron	
720575941606242413	BANC_888:720575941606242413	BANC888	is_a	T5b neuron	
720575941606242925	BANC_888:720575941606242925	BANC888	is_a	T5d neuron	
720575941606245054	BANC_888:720575941606245054	BANC888	is_a	transmedullary neuron Tm4	
720575941606250430	BANC_888:720575941606250430	BANC888	is_a	adult optic lobe intrinsic neuron	
720575941606254782	BANC_888:720575941606254782	BANC888	is_a	adult optic lobe intrinsic neuron	
720575941606262206	BANC_888:720575941606262206	BANC888	is_a	transmedullary neuron Tm8	
720575941606267245	BANC_888:720575941606267245	BANC888	is_a	adult SNta23 neuron	
720575941606267326	BANC_888:720575941606267326	BANC888	is_a	adult optic lobe intrinsic neuron	
720575941606268606	BANC_888:720575941606268606	BANC888	is_a	adult olfactory receptor neuron Gr21a/63a	
720575941606281150	BANC_888:720575941606281150	BANC888	is_a	adult optic lobe intrinsic neuron	
720575941606282605	BANC_888:720575941606282605	BANC888	is_a	transmedullary neuron Tm16	
720575941606287294	BANC_888:720575941606287294	BANC888	is_a	accessory medulla neuron aMe5	
720575941606287981	BANC_888:720575941606287981	BANC888	is_a	distal medullary amacrine neuron Dm3b	FlyBase:FBrf0262545
720575941606288830	BANC_888:720575941606288830	BANC888	is_a	adult optic lobe intrinsic neuron	
720575941606290366	BANC_888:720575941606290366	BANC888	is_a	lamina monopolar neuron L1	
720575941606291309	BANC_888:720575941606291309	BANC888	is_a	adult optic lobe intrinsic neuron	
720575941606291390	BANC_888:720575941606291390	BANC888	is_a	adult optic lobe intrinsic neuron	
720575941606293694	BANC_888:720575941606293694	BANC888	is_a	lamina monopolar neuron L1	
720575941606297022	BANC_888:720575941606297022	BANC888	is_a	adult optic lobe intrinsic neuron	
720575941606305470	BANC_888:720575941606305470	BANC888	is_a	adult optic lobe intrinsic neuron	
720575941606311870	BANC_888:720575941606311870	BANC888	is_a	adult optic lobe intrinsic neuron	
720575941606313830	BANC_888:720575941606313830	BANC888	is_a	photoreceptor cell R7	
720575941606315198	BANC_888:720575941606315198	BANC888	is_a	adult optic lobe intrinsic neuron	
720575941606319550	BANC_888:720575941606319550	BANC888	is_a	adult optic lobe intrinsic neuron	
720575941606320830	BANC_888:720575941606320830	BANC888	is_a	adult optic lobe intrinsic neuron	
720575941606321086	BANC_888:720575941606321086	BANC888	is_a	lamina monopolar neuron L5	
720575941606323821	BANC_888:720575941606323821	BANC888	is_a	T5c neuron	
720575941606336958	BANC_888:720575941606336958	BANC888	is_a	adult optic lobe intrinsic neuron	
720575941606338157	BANC_888:720575941606338157	BANC888	is_a	T4c neuron	
720575941606339262	BANC_888:720575941606339262	BANC888	is_a	adult optic lobe intrinsic neuron	
720575941606347198	BANC_888:720575941606347198	BANC888	is_a	adult optic lobe intrinsic neuron	
720575941606347454	BANC_888:720575941606347454	BANC888	is_a	adult optic lobe intrinsic neuron	
720575941606358893	BANC_888:720575941606358893	BANC888	is_a	adult superior medial protocerebrum neuron 307	
720575941606362558	BANC_888:720575941606362558	BANC888	is_a	adult optic lobe intrinsic neuron	
720575941606364862	BANC_888:720575941606364862	BANC888	is_a	lamina monopolar neuron L3	
720575941606370750	BANC_888:720575941606370750	BANC888	is_a	adult optic lobe intrinsic neuron	
720575941606392685	BANC_888:720575941606392685	BANC888	is_a	mechanosensory neuron of interommatidial bristle	
720575941606394046	BANC_888:720575941606394046	BANC888	is_a	transmedullary neuron Tm7	
720575941606394221	BANC_888:720575941606394221	BANC888	is_a	transmedullary neuron Tm1	
720575941606400446	BANC_888:720575941606400446	BANC888	is_a	adult optic lobe intrinsic neuron	
720575941606405997	BANC_888:720575941606405997	BANC888	is_a	T5c neuron	
720575941606407789	BANC_888:720575941606407789	BANC888	is_a	T4c neuron	
720575941606409150	BANC_888:720575941606409150	BANC888	is_a	adult optic lobe intrinsic neuron	
720575941606410605	BANC_888:720575941606410605	BANC888	is_a	adult optic lobe intrinsic neuron	
720575941606412222	BANC_888:720575941606412222	BANC888	is_a	lamina monopolar neuron L1	
720575941606413677	BANC_888:720575941606413677	BANC888	is_a	T4d neuron	
720575941606414957	BANC_888:720575941606414957	BANC888	is_a	centrifugal neuron C2	
720575941606415294	BANC_888:720575941606415294	BANC888	is_a	zone B Johnston organ neuron	
720575941606415725	BANC_888:720575941606415725	BANC888	is_a	T4b neuron	
720575941606418029	BANC_888:720575941606418029	BANC888	is_a	transmedullary neuron Tm3	
720575941606423661	BANC_888:720575941606423661	BANC888	is_a	T2a neuron	
720575941606432958	BANC_888:720575941606432958	BANC888	is_a	adult IN01B050 neuron	
720575941606433982	BANC_888:720575941606433982	BANC888	is_a	adult optic lobe intrinsic neuron	
720575941606436286	BANC_888:720575941606436286	BANC888	is_a	adult central medulla neuron Cm11	FlyBase:FBrf0262545
720575941606448318	BANC_888:720575941606448318	BANC888	is_a	distal medullary amacrine neuron Dm3c	FlyBase:FBrf0262545
720575941606452333	BANC_888:720575941606452333	BANC888	is_a	gamma main Kenyon cell	
720575941606456766	BANC_888:720575941606456766	BANC888	is_a	adult olfactory receptor neuron Or47b	
720575941606460094	BANC_888:720575941606460094	BANC888	is_a	adult CB2453 neuron	
720575941606464702	BANC_888:720575941606464702	BANC888	is_a	zone F Johnston organ neuron	
720575941606472382	BANC_888:720575941606472382	BANC888	is_a	adult optic lobe intrinsic neuron	
720575941606477165	BANC_888:720575941606477165	BANC888	is_a	alpha/beta Kenyon cell	
720575941606481342	BANC_888:720575941606481342	BANC888	is_a	adult optic lobe intrinsic neuron	
720575941606484670	BANC_888:720575941606484670	BANC888	is_a	adult optic lobe intrinsic neuron	
720575941606490221	BANC_888:720575941606490221	BANC888	is_a	gamma dorsal Kenyon cell	
720575941606494573	BANC_888:720575941606494573	BANC888	is_a	gamma dorsal Kenyon cell	
720575941606502765	BANC_888:720575941606502765	BANC888	is_a	adult Kenyon cell	
720575941606505069	BANC_888:720575941606505069	BANC888	is_a	lobula columnar neuron LC12	
720575941606513854	BANC_888:720575941606513854	BANC888	is_a	adult optic lobe intrinsic neuron	
720575941606516333	BANC_888:720575941606516333	BANC888	is_a	adult gamma Kenyon cell	
720575941606523326	BANC_888:720575941606523326	BANC888	is_a	adult optic lobe intrinsic neuron	
720575941606524862	BANC_888:720575941606524862	BANC888	is_a	adult optic lobe intrinsic neuron	
720575941606528446	BANC_888:720575941606528446	BANC888	is_a	adult optic lobe intrinsic neuron	
720575941606528958	BANC_888:720575941606528958	BANC888	is_a	adult optic lobe intrinsic neuron	
720575941606532461	BANC_888:720575941606532461	BANC888	is_a	transmedullary neuron Tm1	
720575941606537581	BANC_888:720575941606537581	BANC888	is_a	adult SNxx26 neuron	
720575941606537918	BANC_888:720575941606537918	BANC888	is_a	adult optic lobe intrinsic neuron	
720575941606540990	BANC_888:720575941606540990	BANC888	is_a	adult optic lobe intrinsic neuron	
720575941606542701	BANC_888:720575941606542701	BANC888	is_a	descending neuron of the gnathal ganglion DNg07	
720575941606544493	BANC_888:720575941606544493	BANC888	is_a	adult IN17A045 neuron	
720575941606545261	BANC_888:720575941606545261	BANC888	is_a	adult IN20A.22A051 neuron	
720575941606553709	BANC_888:720575941606553709	BANC888	is_a	adult IN20A.22A048 neuron	
720575941606563774	BANC_888:720575941606563774	BANC888	is_a	adult CB1341 neuron	
720575941606566846	BANC_888:720575941606566846	BANC888	is_a	adult optic lobe intrinsic neuron	
720575941606567102	BANC_888:720575941606567102	BANC888	is_a	adult lobula tangential neuron LT70	
720575941606572909	BANC_888:720575941606572909	BANC888	is_a	T2 neuron	
720575941606574014	BANC_888:720575941606574014	BANC888	is_a	adult optic lobe intrinsic neuron	
720575941606577342	BANC_888:720575941606577342	BANC888	is_a	adult superior medial protocerebrum neuron 184	
720575941606579309	BANC_888:720575941606579309	BANC888	is_a	adult AN05B076 neuron	
720575941606585453	BANC_888:720575941606585453	BANC888	is_a	alpha/beta Kenyon cell	
720575941606590317	BANC_888:720575941606590317	BANC888	is_a	adult Kenyon cell	
720575941606590573	BANC_888:720575941606590573	BANC888	is_a	adult fan-shaped body horizontal delta neuron J	
720575941606590910	BANC_888:720575941606590910	BANC888	is_a	adult optic lobe intrinsic neuron	
720575941606595774	BANC_888:720575941606595774	BANC888	is_a	adult optic lobe intrinsic neuron	
720575941606598509	BANC_888:720575941606598509	BANC888	is_a	adult IN01B084 neuron	
720575941606605758	BANC_888:720575941606605758	BANC888	is_a	adult optic lobe intrinsic neuron	
720575941606608830	BANC_888:720575941606608830	BANC888	is_a	adult optic lobe intrinsic neuron	
720575941606609598	BANC_888:720575941606609598	BANC888	is_a	adult visual centrifugal neuron OLVC2	
720575941606609854	BANC_888:720575941606609854	BANC888	is_a	adult optic lobe intrinsic neuron	
720575941606610110	BANC_888:720575941606610110	BANC888	is_a	adult optic lobe intrinsic neuron	
720575941606610366	BANC_888:720575941606610366	BANC888	is_a	T3 neuron	
720575941606611134	BANC_888:720575941606611134	BANC888	is_a	transmedullary neuron Tm31	FlyBase:FBrf0262545
720575941606612158	BANC_888:720575941606612158	BANC888	is_a	distal medullary amacrine neuron Dm8a	
720575941606620781	BANC_888:720575941606620781	BANC888	is_a	alpha/beta Kenyon cell	
720575941606622317	BANC_888:720575941606622317	BANC888	is_a	adult IN07B083 neuron	
720575941606625982	BANC_888:720575941606625982	BANC888	is_a	lamina monopolar neuron L2	
720575941606628542	BANC_888:720575941606628542	BANC888	is_a	adult optic lobe intrinsic neuron	
720575941606629485	BANC_888:720575941606629485	BANC888	is_a	adult DNut054 neuron	
720575941606634942	BANC_888:720575941606634942	BANC888	is_a	lamina monopolar neuron L3	
720575941606636909	BANC_888:720575941606636909	BANC888	is_a	adult IN12B026 neuron	
720575941606639981	BANC_888:720575941606639981	BANC888	is_a	wing margin mechanosensory bristle	
720575941606640318	BANC_888:720575941606640318	BANC888	is_a	transmedullary Y neuron TmY14	
720575941606642285	BANC_888:720575941606642285	BANC888	is_a	adult IN03A073 neuron	
720575941606642541	BANC_888:720575941606642541	BANC888	is_a	femoral chordotonal claw neuron	
720575941606643134	BANC_888:720575941606643134	BANC888	is_a	lobula plate intrinsic neuron LPi34-12	FlyBase:FBrf0262545
720575941606643646	BANC_888:720575941606643646	BANC888	is_a	adult optic lobe intrinsic neuron	
720575941606644926	BANC_888:720575941606644926	BANC888	is_a	adult optic lobe intrinsic neuron	
720575941606646974	BANC_888:720575941606646974	BANC888	is_a	transmedullary neuron Tm3	
720575941606649534	BANC_888:720575941606649534	BANC888	is_a	transmedullary Y neuron TmY14	
720575941606650046	BANC_888:720575941606650046	BANC888	is_a	lobula plate columnar neuron LPC2	
720575941606650302	BANC_888:720575941606650302	BANC888	is_a	transmedullary neuron Tm1	
720575941606652350	BANC_888:720575941606652350	BANC888	is_a	Y neuron Y3	
720575941606654142	BANC_888:720575941606654142	BANC888	is_a	adult lobula intrinsic neuron Li17	FlyBase:FBrf0262545
720575941606654654	BANC_888:720575941606654654	BANC888	is_a	transmedullary neuron Tm16	
720575941606655166	BANC_888:720575941606655166	BANC888	is_a	adult optic lobe intrinsic neuron	
720575941606655678	BANC_888:720575941606655678	BANC888	is_a	adult central medulla intrinsic neuron Cm1	FlyBase:FBrf0262545
720575941606657982	BANC_888:720575941606657982	BANC888	is_a	lobula plate-lobula columnar neuron LPLC4	
720575941606658413	BANC_888:720575941606658413	BANC888	is_a	adult SNta44 neuron	
720575941606659262	BANC_888:720575941606659262	BANC888	is_a	distal medullary amacrine neuron Dm8a	
720575941606660030	BANC_888:720575941606660030	BANC888	is_a	adult optic lobe intrinsic neuron	
720575941606661310	BANC_888:720575941606661310	BANC888	is_a	adult optic lobe intrinsic neuron	
720575941606662509	BANC_888:720575941606662509	BANC888	is_a	adult SNta41 neuron	
720575941606664126	BANC_888:720575941606664126	BANC888	is_a	adult optic lobe intrinsic neuron	
720575941606675565	BANC_888:720575941606675565	BANC888	is_a	adult SNta45 neuron	
720575941606676589	BANC_888:720575941606676589	BANC888	is_a	adult IN04B112 neuron	
720575941606676845	BANC_888:720575941606676845	BANC888	is_a	adult INXXX384 neuron	
720575941606684781	BANC_888:720575941606684781	BANC888	is_a	adult sex peptide sensory neuron	
720575941606687341	BANC_888:720575941606687341	BANC888	is_a	adult INXXX230 neuron	
720575941606689901	BANC_888:720575941606689901	BANC888	is_a	gustatory receptor neuron of the wing	
720575941606717293	BANC_888:720575941606717293	BANC888	is_a	sensory neuron of haltere campaniform sensillum	
720575941606745453	BANC_888:720575941606745453	BANC888	is_a	alpha/beta Kenyon cell	
720575941606752365	BANC_888:720575941606752365	BANC888	is_a	gamma main Kenyon cell	
720575941606759021	BANC_888:720575941606759021	BANC888	is_a	gamma main Kenyon cell	
720575941606765165	BANC_888:720575941606765165	BANC888	is_a	sensory neuron	
720575941606778989	BANC_888:720575941606778989	BANC888	is_a	adult SNch06 neuron	
720575941606798445	BANC_888:720575941606798445	BANC888	is_a	sensory neuron	
720575941606801261	BANC_888:720575941606801261	BANC888	is_a	adult SNxx03 neuron	
720575941606801517	BANC_888:720575941606801517	BANC888	is_a	adult olfactory receptor neuron Gr21a/63a	
720575941606806637	BANC_888:720575941606806637	BANC888	is_a	adult SNta38 neuron	
720575941606812525	BANC_888:720575941606812525	BANC888	is_a	adult SNta34 neuron	
720575941606814573	BANC_888:720575941606814573	BANC888	is_a	adult abdominal multidendritic neuron	
720575941606816365	BANC_888:720575941606816365	BANC888	is_a	gustatory receptor neuron	
720575941606821229	BANC_888:720575941606821229	BANC888	is_a	adult SNta30 neuron	
720575941606825069	BANC_888:720575941606825069	BANC888	is_a	adult CB2774 neuron	
720575941606844013	BANC_888:720575941606844013	BANC888	is_a	adult CB1039 neuron	
720575941606849389	BANC_888:720575941606849389	BANC888	is_a	adult IN12A048 neuron	
720575941606852461	BANC_888:720575941606852461	BANC888	is_a	adult SNpp46 neuron	
720575941606863213	BANC_888:720575941606863213	BANC888	is_a	protocerebral bridge 1 glomerulus-fan-shaped body-nodulus 3 posterior domain neuron	
720575941606869869	BANC_888:720575941606869869	BANC888	is_a	alpha/beta Kenyon cell	
720575941606876269	BANC_888:720575941606876269	BANC888	is_a	adult CB1374 neuron	
720575941606885741	BANC_888:720575941606885741	BANC888	is_a	adult lateral accessory lobe neuron 059	
720575941606885997	BANC_888:720575941606885997	BANC888	is_a	adult CB0538 neuron	
720575941606888813	BANC_888:720575941606888813	BANC888	is_a	adult CB2152 neuron	
720575941606910061	BANC_888:720575941606910061	BANC888	is_a	adult CB2912 neuron	
720575941606919277	BANC_888:720575941606919277	BANC888	is_a	adult lobula plate visual centrifugal neuron 03	
720575941606929261	BANC_888:720575941606929261	BANC888	is_a	adult fan-shaped body layer 8 neuron of DM6 lineage	
720575941606935149	BANC_888:720575941606935149	BANC888	is_a	adult central brain intrinsic neuron	
720575941606951533	BANC_888:720575941606951533	BANC888	is_a	adult optic lobe intrinsic neuron	
720575941606952813	BANC_888:720575941606952813	BANC888	is_a	adult superior medial protocerebrum neuron 012	
720575941606965101	BANC_888:720575941606965101	BANC888	is_a	columnar neuron T1	
720575941606983021	BANC_888:720575941606983021	BANC888	is_a	transmedullary neuron Tm2	
720575941606988909	BANC_888:720575941606988909	BANC888	is_a	adult optic lobe intrinsic neuron	
720575941606998815	BANC_888:720575941606998815	BANC888	is_a	lamina monopolar neuron L5	
720575941607003245	BANC_888:720575941607003245	BANC888	is_a	adult optic lobe intrinsic neuron	
720575941607006061	BANC_888:720575941607006061	BANC888	is_a	adult optic lobe intrinsic neuron	
720575941607015277	BANC_888:720575941607015277	BANC888	is_a	adult CB2849 neuron	
720575941607017581	BANC_888:720575941607017581	BANC888	is_a	adult protocerebral bridge 1-9 neuron	
720575941607028767	BANC_888:720575941607028767	BANC888	is_a	centrifugal neuron C2	
720575941607040109	BANC_888:720575941607040109	BANC888	is_a	adult optic lobe intrinsic neuron	
720575941607041133	BANC_888:720575941607041133	BANC888	is_a	adult optic lobe intrinsic neuron	
720575941607048735	BANC_888:720575941607048735	BANC888	is_a	lamina monopolar neuron L5	
720575941607049837	BANC_888:720575941607049837	BANC888	is_a	transmedullary neuron Tm31	FlyBase:FBrf0262545
720575941607069549	BANC_888:720575941607069549	BANC888	is_a	transmedullary neuron Tm9	
720575941607074079	BANC_888:720575941607074079	BANC888	is_a	lamina monopolar neuron L1	
720575941607087469	BANC_888:720575941607087469	BANC888	is_a	distal medullary amacrine neuron Dm10	
720575941607096429	BANC_888:720575941607096429	BANC888	is_a	adult optic lobe intrinsic neuron	
720575941607103341	BANC_888:720575941607103341	BANC888	is_a	distal medullary amacrine neuron Dm3a	FlyBase:FBrf0262545
720575941607110765	BANC_888:720575941607110765	BANC888	is_a	mechanosensory neuron of hair plate	
720575941607130221	BANC_888:720575941607130221	BANC888	is_a	transmedullary neuron Tm2	
720575941607139949	BANC_888:720575941607139949	BANC888	is_a	adult CB2950 neuron	
720575941607145837	BANC_888:720575941607145837	BANC888	is_a	lobula columnar neuron LC6	
720575941607152493	BANC_888:720575941607152493	BANC888	is_a	medulla intrinsic neuron Mi13	
720575941607167853	BANC_888:720575941607167853	BANC888	is_a	adult lobula intrinsic neuron Li23	FlyBase:FBrf0262545
720575941607174509	BANC_888:720575941607174509	BANC888	is_a	adult CB0811 neuron	
720575941607184237	BANC_888:720575941607184237	BANC888	is_a	transmedullary Y neuron TmY18	FlyBase:FBrf0262545
720575941607196013	BANC_888:720575941607196013	BANC888	is_a	transmedullary Y neuron TmY5a	
720575941607196117	BANC_888:720575941607196117	BANC888	is_a	medulla intrinsic neuron Mi13	
720575941607196269	BANC_888:720575941607196269	BANC888	is_a	adult optic lobe intrinsic neuron	
720575941607196525	BANC_888:720575941607196525	BANC888	is_a	distal medullary amacrine neuron Dm20	
720575941607202413	BANC_888:720575941607202413	BANC888	is_a	alpha/beta Kenyon cell	
720575941607208557	BANC_888:720575941607208557	BANC888	is_a	gamma dorsal Kenyon cell	
720575941607213165	BANC_888:720575941607213165	BANC888	is_a	adult CB3143 neuron	
720575941607213933	BANC_888:720575941607213933	BANC888	is_a	adult fan-shaped body layer 6 neuron of LALv1 lineage	
720575941607214445	BANC_888:720575941607214445	BANC888	is_a	adult lobula intrinsic neuron Li22	FlyBase:FBrf0262545
720575941607219565	BANC_888:720575941607219565	BANC888	is_a	adult optic lobe intrinsic neuron	
720575941607221613	BANC_888:720575941607221613	BANC888	is_a	gamma main Kenyon cell	
720575941607222893	BANC_888:720575941607222893	BANC888	is_a	adult CB3136 neuron	
720575941607228525	BANC_888:720575941607228525	BANC888	is_a	adult optic lobe intrinsic neuron	
720575941607229404	BANC_888:720575941607229404	BANC888	is_a	adult optic lobe intrinsic neuron	
720575941607236205	BANC_888:720575941607236205	BANC888	is_a	adult CB3245 neuron	
720575941607239644	BANC_888:720575941607239644	BANC888	is_a	lamina monopolar neuron L1	
720575941607242605	BANC_888:720575941607242605	BANC888	is_a	gamma main Kenyon cell	
720575941607243885	BANC_888:720575941607243885	BANC888	is_a	alpha/beta Kenyon cell	
720575941607246189	BANC_888:720575941607246189	BANC888	is_a	distal medullary amacrine neuron Dm10	
720575941607248749	BANC_888:720575941607248749	BANC888	is_a	distal medullary amacrine neuron Dm2	
720575941607249773	BANC_888:720575941607249773	BANC888	is_a	columnar neuron T1	
720575941607252589	BANC_888:720575941607252589	BANC888	is_a	transmedullary neuron Tm29	FlyBase:FBrf0262545
720575941607252845	BANC_888:720575941607252845	BANC888	is_a	transmedullary Y neuron TmY5a	
720575941607254492	BANC_888:720575941607254492	BANC888	is_a	adult optic lobe intrinsic neuron	
720575941607262573	BANC_888:720575941607262573	BANC888	is_a	medulla intrinsic neuron Mi15	
720575941607265901	BANC_888:720575941607265901	BANC888	is_a	centrifugal neuron C3	
720575941607268973	BANC_888:720575941607268973	BANC888	is_a	transmedullary neuron Tm6	FlyBase:FBrf0262545
720575941607271277	BANC_888:720575941607271277	BANC888	is_a	adult optic lobe intrinsic neuron	
720575941607280237	BANC_888:720575941607280237	BANC888	is_a	T2a neuron	
720575941607280749	BANC_888:720575941607280749	BANC888	is_a	centrifugal neuron C3	
720575941607283053	BANC_888:720575941607283053	BANC888	is_a	T3 neuron	
720575941607289453	BANC_888:720575941607289453	BANC888	is_a	medulla intrinsic neuron Mi10	
720575941607292269	BANC_888:720575941607292269	BANC888	is_a	T2a neuron	
720575941607295597	BANC_888:720575941607295597	BANC888	is_a	centrifugal neuron C3	
720575941607297133	BANC_888:720575941607297133	BANC888	is_a	mechanosensory neuron of interommatidial bristle	
720575941607298413	BANC_888:720575941607298413	BANC888	is_a	gustatory receptor neuron	
720575941607319661	BANC_888:720575941607319661	BANC888	is_a	adult optic lobe intrinsic neuron	
720575941607322477	BANC_888:720575941607322477	BANC888	is_a	transmedullary Y neuron TmY3	
720575941607322733	BANC_888:720575941607322733	BANC888	is_a	adult optic lobe intrinsic neuron	
720575941607325293	BANC_888:720575941607325293	BANC888	is_a	Y neuron Y11	
720575941607328877	BANC_888:720575941607328877	BANC888	is_a	adult optic lobe intrinsic neuron	
720575941607333741	BANC_888:720575941607333741	BANC888	is_a	dopaminergic PAM neuron 4	
720575941607355245	BANC_888:720575941607355245	BANC888	is_a	gamma main Kenyon cell	
720575941607386733	BANC_888:720575941607386733	BANC888	is_a	adult optic lobe intrinsic neuron	
720575941607402093	BANC_888:720575941607402093	BANC888	is_a	transmedullary Y neuron TmY3	
720575941607404397	BANC_888:720575941607404397	BANC888	is_a	medulla intrinsic neuron Mi9	
720575941607410541	BANC_888:720575941607410541	BANC888	is_a	alpha/beta Kenyon cell	
720575941607418733	BANC_888:720575941607418733	BANC888	is_a	distal medullary amacrine neuron Dm3b	FlyBase:FBrf0262545
720575941607425901	BANC_888:720575941607425901	BANC888	is_a	adult optic lobe intrinsic neuron	
720575941607427949	BANC_888:720575941607427949	BANC888	is_a	adult optic lobe intrinsic neuron	
720575941607437677	BANC_888:720575941607437677	BANC888	is_a	transmedullary Y neuron TmY9	
720575941607449965	BANC_888:720575941607449965	BANC888	is_a	adult optic lobe intrinsic neuron	
720575941607457901	BANC_888:720575941607457901	BANC888	is_a	adult optic lobe intrinsic neuron	
720575941607459693	BANC_888:720575941607459693	BANC888	is_a	adult optic lobe intrinsic neuron	
720575941607460717	BANC_888:720575941607460717	BANC888	is_a	adult optic lobe intrinsic neuron	
720575941607467885	BANC_888:720575941607467885	BANC888	is_a	T2 neuron	
720575941607468141	BANC_888:720575941607468141	BANC888	is_a	zone A Johnston organ neuron	
720575941607502445	BANC_888:720575941607502445	BANC888	is_a	adult optic lobe intrinsic neuron	
720575941607503981	BANC_888:720575941607503981	BANC888	is_a	adult lobula columnar neuron LC28	
720575941607524461	BANC_888:720575941607524461	BANC888	is_a	adult posterior ventrolateral protocerebrum neuron 111	
720575941607527021	BANC_888:720575941607527021	BANC888	is_a	adult superior medial protocerebrum neuron 282	
720575941607529325	BANC_888:720575941607529325	BANC888	is_a	adult antennal lobe projection neuron DA2 lPN	
720575941607540845	BANC_888:720575941607540845	BANC888	is_a	alpha/beta Kenyon cell	
720575941607548013	BANC_888:720575941607548013	BANC888	is_a	adult optic lobe intrinsic neuron	
720575941607550829	BANC_888:720575941607550829	BANC888	is_a	visual projection neuron	
720575941607552621	BANC_888:720575941607552621	BANC888	is_a	T3 neuron	
720575941607558765	BANC_888:720575941607558765	BANC888	is_a	adult IN03B049 neuron	
720575941607559277	BANC_888:720575941607559277	BANC888	is_a	adult IN13A035 neuron	
720575941607559533	BANC_888:720575941607559533	BANC888	is_a	adult IN14A087 neuron	
720575941607560557	BANC_888:720575941607560557	BANC888	is_a	adult INXXX292 neuron	
720575941607567213	BANC_888:720575941607567213	BANC888	is_a	adult SNxx03 neuron	
720575941607569261	BANC_888:720575941607569261	BANC888	is_a	adult IN00A053 neuron	
720575941607576351	BANC_888:720575941607576351	BANC888	is_a	lamina monopolar neuron L5	
720575941607578989	BANC_888:720575941607578989	BANC888	is_a	adult IN03A048 neuron	
720575941607581293	BANC_888:720575941607581293	BANC888	is_a	adult optic lobe intrinsic neuron	
720575941607582317	BANC_888:720575941607582317	BANC888	is_a	adult IN17A044 neuron	
720575941607583341	BANC_888:720575941607583341	BANC888	is_a	mechanosensory neuron of hair plate	
720575941607583853	BANC_888:720575941607583853	BANC888	is_a	adult INXXX146 neuron	
720575941607586157	BANC_888:720575941607586157	BANC888	is_a	adult IN13B079 neuron	
720575941607587181	BANC_888:720575941607587181	BANC888	is_a	adult IN19B068 neuron	
720575941607589229	BANC_888:720575941607589229	BANC888	is_a	adult INXXX230 neuron	
720575941607595629	BANC_888:720575941607595629	BANC888	is_a	lamina monopolar neuron L5	
720575941607596909	BANC_888:720575941607596909	BANC888	is_a	adult SNta28 neuron	
720575941607604077	BANC_888:720575941607604077	BANC888	is_a	adult IN05B012 neuron	
720575941607605101	BANC_888:720575941607605101	BANC888	is_a	adult AN18B020 neuron	
720575941607610989	BANC_888:720575941607610989	BANC888	is_a	adult optic lobe intrinsic neuron	
720575941607631462	BANC_888:720575941607631462	BANC888	is_a	lamina monopolar neuron L3	
720575941607633695	BANC_888:720575941607633695	BANC888	is_a	lamina monopolar neuron L1	
720575941607634285	BANC_888:720575941607634285	BANC888	is_a	oviposition descending neuron oviDNb'	
720575941607669869	BANC_888:720575941607669869	BANC888	is_a	lobula columnar neuron LC11	
720575941607672685	BANC_888:720575941607672685	BANC888	is_a	adult AN17A024 neuron	
720575941607693421	BANC_888:720575941607693421	BANC888	is_a	descending neuron of the gnathal ganglion DNg111	
720575941607695981	BANC_888:720575941607695981	BANC888	is_a	adult lobula intrinsic neuron Li22	FlyBase:FBrf0262545
720575941607717997	BANC_888:720575941607717997	BANC888	is_a	adult CB2290 neuron	
720575941607727469	BANC_888:720575941607727469	BANC888	is_a	adult CB2828 neuron	
720575941607729261	BANC_888:720575941607729261	BANC888	is_a	adult posterior lateral protocerebrum neuron 067	
720575941607730797	BANC_888:720575941607730797	BANC888	is_a	adult wedge neuron 057	
720575941607733357	BANC_888:720575941607733357	BANC888	is_a	adult anterior ventrolateral protocerebrum neuron 039	
720575941607736173	BANC_888:720575941607736173	BANC888	is_a	adult olfactory receptor neuron Or67b	
720575941607742317	BANC_888:720575941607742317	BANC888	is_a	adult CB3199 neuron	
720575941607744621	BANC_888:720575941607744621	BANC888	is_a	adult CNS neuron	
720575941607745133	BANC_888:720575941607745133	BANC888	is_a	adult multiglomerular antennal lobe projection neuron type 66 vPN	
720575941607746335	BANC_888:720575941607746335	BANC888	is_a	photoreceptor cell R8	
720575941607775597	BANC_888:720575941607775597	BANC888	is_a	adult superior medial protocerebrum neuron 239	
720575941607778157	BANC_888:720575941607778157	BANC888	is_a	adult CB3541 neuron	
720575941607795565	BANC_888:720575941607795565	BANC888	is_a	adult posterior slope neuron 276	
720575941607799405	BANC_888:720575941607799405	BANC888	is_a	adult posterior lateral protocerebrum neuron 109	
720575941607805293	BANC_888:720575941607805293	BANC888	is_a	adult lobula visual projection neuron LoVP82	
720575941607806829	BANC_888:720575941607806829	BANC888	is_a	adult CB1291 neuron	
720575941607813485	BANC_888:720575941607813485	BANC888	is_a	adult olfactory receptor neuron Ir92a	
720575941607815277	BANC_888:720575941607815277	BANC888	is_a	zone C Johnston organ neuron	
720575941607819885	BANC_888:720575941607819885	BANC888	is_a	bitter-sensing neuron	
720575941607840109	BANC_888:720575941607840109	BANC888	is_a	adult olfactory receptor neuron Or10a	
720575941607843693	BANC_888:720575941607843693	BANC888	is_a	adult lateral accessory lobe neuron 168	
720575941607845741	BANC_888:720575941607845741	BANC888	is_a	adult olfactory receptor neuron Or67d	
720575941607849069	BANC_888:720575941607849069	BANC888	is_a	adult superior lateral protocerebrum neuron 062	
720575941607850093	BANC_888:720575941607850093	BANC888	is_a	adult CB2708 neuron	
720575941607851117	BANC_888:720575941607851117	BANC888	is_a	adult AN05B100 neuron	
720575941607852653	BANC_888:720575941607852653	BANC888	is_a	adult central brain intrinsic neuron	
720575941607857005	BANC_888:720575941607857005	BANC888	is_a	adult multiglomerular antennal lobe projection neuron type 63 vPN	
720575941607862893	BANC_888:720575941607862893	BANC888	is_a	adult CB3659 neuron	
720575941607863917	BANC_888:720575941607863917	BANC888	is_a	adult olfactory receptor neuron Or9a	
720575941607866477	BANC_888:720575941607866477	BANC888	is_a	adult antennal lobe projection neuron VA4 lPN	
720575941607869293	BANC_888:720575941607869293	BANC888	is_a	adult posterior slope neuron 237	
720575941607872621	BANC_888:720575941607872621	BANC888	is_a	adult optic lobe intrinsic neuron	
720575941607880557	BANC_888:720575941607880557	BANC888	is_a	adult optic lobe intrinsic neuron	
720575941607887981	BANC_888:720575941607887981	BANC888	is_a	adult CB2088 neuron	
720575941607888237	BANC_888:720575941607888237	BANC888	is_a	adult olfactory receptor neuron Or56a	
720575941607891565	BANC_888:720575941607891565	BANC888	is_a	adult optic lobe intrinsic neuron	
720575941607895917	BANC_888:720575941607895917	BANC888	is_a	adult optic lobe intrinsic neuron	
720575941607904877	BANC_888:720575941607904877	BANC888	is_a	lamina monopolar neuron L5	
720575941607907181	BANC_888:720575941607907181	BANC888	is_a	adult optic lobe intrinsic neuron	
720575941607909485	BANC_888:720575941607909485	BANC888	is_a	medulla intrinsic neuron Mi4	
720575941607921773	BANC_888:720575941607921773	BANC888	is_a	adult optic lobe intrinsic neuron	
720575941607924589	BANC_888:720575941607924589	BANC888	is_a	T3 neuron	
720575941607928685	BANC_888:720575941607928685	BANC888	is_a	T5b neuron	
720575941607943277	BANC_888:720575941607943277	BANC888	is_a	centrifugal neuron C2	
720575941607948653	BANC_888:720575941607948653	BANC888	is_a	adult optic lobe intrinsic neuron	
720575941607950957	BANC_888:720575941607950957	BANC888	is_a	centrifugal neuron C2	
720575941607953517	BANC_888:720575941607953517	BANC888	is_a	T2a neuron	
720575941607964781	BANC_888:720575941607964781	BANC888	is_a	distal medullary amacrine neuron Dm3a	FlyBase:FBrf0262545
720575941607992685	BANC_888:720575941607992685	BANC888	is_a	adult CB2923 neuron	
720575941607993197	BANC_888:720575941607993197	BANC888	is_a	adult central brain intrinsic neuron	
720575941608000621	BANC_888:720575941608000621	BANC888	is_a	adult optic lobe intrinsic neuron	
720575941608014189	BANC_888:720575941608014189	BANC888	is_a	adult CB2758 neuron	
720575941608016493	BANC_888:720575941608016493	BANC888	is_a	medulla intrinsic neuron Mi9	
720575941608018285	BANC_888:720575941608018285	BANC888	is_a	adult CB2507 neuron	
720575941608026989	BANC_888:720575941608026989	BANC888	is_a	columnar neuron T1	
720575941608051487	BANC_888:720575941608051487	BANC888	is_a	lamina monopolar neuron L1	
720575941608055149	BANC_888:720575941608055149	BANC888	is_a	transmedullary neuron Tm4	
720575941608057965	BANC_888:720575941608057965	BANC888	is_a	columnar neuron T1	
720575941608063597	BANC_888:720575941608063597	BANC888	is_a	transmedullary Y neuron TmY18	FlyBase:FBrf0262545
720575941608069229	BANC_888:720575941608069229	BANC888	is_a	medulla intrinsic neuron Mi9	
720575941608070509	BANC_888:720575941608070509	BANC888	is_a	adult optic lobe intrinsic neuron	
720575941608074605	BANC_888:720575941608074605	BANC888	is_a	adult optic lobe intrinsic neuron	
720575941608102253	BANC_888:720575941608102253	BANC888	is_a	adult posterior slope neuron 041	
720575941608124269	BANC_888:720575941608124269	BANC888	is_a	adult optic lobe intrinsic neuron	
720575941608129133	BANC_888:720575941608129133	BANC888	is_a	lamina monopolar neuron L2	
720575941608136522	BANC_888:720575941608136522	BANC888	is_a	adult IN09A044 neuron	
720575941608143213	BANC_888:720575941608143213	BANC888	is_a	transmedullary neuron Tm9	
720575941608143981	BANC_888:720575941608143981	BANC888	is_a	adult optic lobe intrinsic neuron	
720575941608151405	BANC_888:720575941608151405	BANC888	is_a	medulla intrinsic neuron Mi13	
720575941608156269	BANC_888:720575941608156269	BANC888	is_a	adult optic lobe intrinsic neuron	
720575941608157293	BANC_888:720575941608157293	BANC888	is_a	adult optic lobe intrinsic neuron	
720575941608177261	BANC_888:720575941608177261	BANC888	is_a	adult optic lobe intrinsic neuron	
720575941608183626	BANC_888:720575941608183626	BANC888	is_a	adult IN03A075 neuron	
720575941608186989	BANC_888:720575941608186989	BANC888	is_a	adult optic lobe intrinsic neuron	
720575941608193133	BANC_888:720575941608193133	BANC888	is_a	transmedullary Y neuron TmY3	
720575941608211565	BANC_888:720575941608211565	BANC888	is_a	adult optic lobe intrinsic neuron	
720575941608214125	BANC_888:720575941608214125	BANC888	is_a	adult optic lobe intrinsic neuron	
720575941608218477	BANC_888:720575941608218477	BANC888	is_a	adult optic lobe intrinsic neuron	
720575941608221549	BANC_888:720575941608221549	BANC888	is_a	mechanosensory neuron of interommatidial bristle	
720575941608226847	BANC_888:720575941608226847	BANC888	is_a	lamina monopolar neuron L5	
720575941608236362	BANC_888:720575941608236362	BANC888	is_a	adult optic lobe intrinsic neuron	
720575941608239981	BANC_888:720575941608239981	BANC888	is_a	adult optic lobe intrinsic neuron	
720575941608242541	BANC_888:720575941608242541	BANC888	is_a	adult optic lobe intrinsic neuron	
720575941608249453	BANC_888:720575941608249453	BANC888	is_a	medulla intrinsic neuron Mi15	
720575941608250954	BANC_888:720575941608250954	BANC888	is_a	adult IN08B037 neuron	
720575941608254061	BANC_888:720575941608254061	BANC888	is_a	adult optic lobe intrinsic neuron	
720575941608262687	BANC_888:720575941608262687	BANC888	is_a	lamina monopolar neuron L1	
720575941608264045	BANC_888:720575941608264045	BANC888	is_a	adult optic lobe intrinsic neuron	
720575941608273226	BANC_888:720575941608273226	BANC888	is_a	prothoracic femoral reductor muscle motor neuron	
720575941608287818	BANC_888:720575941608287818	BANC888	is_a	adult IN11B022 neuron	
720575941608298826	BANC_888:720575941608298826	BANC888	is_a	adult IN06A082 neuron	
720575941608300874	BANC_888:720575941608300874	BANC888	is_a	sensory neuron of wing campaniform sensillum	
720575941608309322	BANC_888:720575941608309322	BANC888	is_a	adult IN04B036 neuron	
720575941608310346	BANC_888:720575941608310346	BANC888	is_a	adult IN12A008 neuron	
720575941608325741	BANC_888:720575941608325741	BANC888	is_a	lamina monopolar neuron L1	
720575941608330605	BANC_888:720575941608330605	BANC888	is_a	adult MNad09 neuron	
720575941608331082	BANC_888:720575941608331082	BANC888	is_a	adult IN14A015 neuron	
720575941608336493	BANC_888:720575941608336493	BANC888	is_a	adult INXXX213 neuron	
720575941608350794	BANC_888:720575941608350794	BANC888	is_a	adult IN17A032 neuron	
720575941608358730	BANC_888:720575941608358730	BANC888	is_a	adult prosternal sense organ neuron	
720575941608360522	BANC_888:720575941608360522	BANC888	is_a	adult IN14A074 neuron	
720575941608363885	BANC_888:720575941608363885	BANC888	is_a	lamina monopolar neuron L1	
720575941608368493	BANC_888:720575941608368493	BANC888	is_a	mechanosensory neuron of hair plate	
720575941608373834	BANC_888:720575941608373834	BANC888	is_a	adult IN12B039 neuron	
720575941608378698	BANC_888:720575941608378698	BANC888	is_a	adult IN06A122 neuron	
720575941608379501	BANC_888:720575941608379501	BANC888	is_a	adult CB3361 neuron	
720575941608384621	BANC_888:720575941608384621	BANC888	is_a	photoreceptor cell R8	
720575941608385645	BANC_888:720575941608385645	BANC888	is_a	adult SNch05 neuron	
720575941608387658	BANC_888:720575941608387658	BANC888	is_a	adult VNC neuron	
720575941608389194	BANC_888:720575941608389194	BANC888	is_a	adult IN01A026 neuron	
720575941608391498	BANC_888:720575941608391498	BANC888	is_a	adult IN11B015 neuron	
720575941608410698	BANC_888:720575941608410698	BANC888	is_a	adult IN06A075 neuron	
720575941608419181	BANC_888:720575941608419181	BANC888	is_a	lamina monopolar neuron L4	
720575941608423754	BANC_888:720575941608423754	BANC888	is_a	adult IN01A072 neuron	
720575941608429386	BANC_888:720575941608429386	BANC888	is_a	adult IN03A087 neuron	
720575941608434285	BANC_888:720575941608434285	BANC888	is_a	photoreceptor cell R7	
720575941608436333	BANC_888:720575941608436333	BANC888	is_a	lamina monopolar neuron L5	
720575941608442442	BANC_888:720575941608442442	BANC888	is_a	adult IN09A054 neuron	
720575941608481645	BANC_888:720575941608481645	BANC888	is_a	distal medullary amacrine neuron Dm6	
720575941608483914	BANC_888:720575941608483914	BANC888	is_a	adult ANXXX116 neuron	
720575941608485194	BANC_888:720575941608485194	BANC888	is_a	adult IN19A106 neuron	
720575941608498506	BANC_888:720575941608498506	BANC888	is_a	adult SNta29 neuron	
720575941608509002	BANC_888:720575941608509002	BANC888	is_a	adult SNta30 neuron	
720575941608514122	BANC_888:720575941608514122	BANC888	is_a	protocerebral bridge 1 glomerulus-fan-shaped body-nodulus 2 dorsal domain neuron	
720575941608517194	BANC_888:720575941608517194	BANC888	is_a	adult fan-shaped body vertical delta neuron	
720575941608518253	BANC_888:720575941608518253	BANC888	is_a	adult SNta21 neuron	
720575941608526445	BANC_888:720575941608526445	BANC888	is_a	lamina monopolar neuron L1	
720575941608538954	BANC_888:720575941608538954	BANC888	is_a	adult SAch01 neuron	
720575941608543562	BANC_888:720575941608543562	BANC888	is_a	adult antennal lobe projection neuron DP1l vPN	
720575941608545901	BANC_888:720575941608545901	BANC888	is_a	lamina monopolar neuron L1	
720575941608546157	BANC_888:720575941608546157	BANC888	is_a	lamina monopolar neuron L1	
720575941608547181	BANC_888:720575941608547181	BANC888	is_a	lamina monopolar neuron L1	
720575941608557130	BANC_888:720575941608557130	BANC888	is_a	adult SNta43 neuron	
720575941608575597	BANC_888:720575941608575597	BANC888	is_a	centrifugal neuron C3	
720575941608576621	BANC_888:720575941608576621	BANC888	is_a	lamina monopolar neuron L1	
720575941608578925	BANC_888:720575941608578925	BANC888	is_a	lobula columnar neuron LC17	
720575941608590189	BANC_888:720575941608590189	BANC888	is_a	adult CB2001 neuron	
720575941608592749	BANC_888:720575941608592749	BANC888	is_a	gamma main Kenyon cell	
720575941608594285	BANC_888:720575941608594285	BANC888	is_a	adult clamp neuron 026	
720575941608595309	BANC_888:720575941608595309	BANC888	is_a	adult anterior ventrolateral protocerebrum neuron 393	
720575941608599149	BANC_888:720575941608599149	BANC888	is_a	adult superior intermediate protocerebrum neuron 027	
720575941608600173	BANC_888:720575941608600173	BANC888	is_a	adult anterior ventrolateral protocerebrum neuron 020	
720575941608601197	BANC_888:720575941608601197	BANC888	is_a	adult anterior ventrolateral protocerebrum neuron 575	
720575941608603757	BANC_888:720575941608603757	BANC888	is_a	adult anterior ventrolateral protocerebrum neuron 454	
720575941608608365	BANC_888:720575941608608365	BANC888	is_a	adult AN10B056 neuron	
720575941608613485	BANC_888:720575941608613485	BANC888	is_a	adult posterior ventrolateral protocerebrum neuron 096	
720575941608616301	BANC_888:720575941608616301	BANC888	is_a	adult optic lobe intrinsic neuron	
720575941608619629	BANC_888:720575941608619629	BANC888	is_a	adult SNch01 neuron	
720575941608625951	BANC_888:720575941608625951	BANC888	is_a	lamina monopolar neuron L1	
720575941608629066	BANC_888:720575941608629066	BANC888	is_a	sensory neuron of wing campaniform sensillum	
720575941608631405	BANC_888:720575941608631405	BANC888	is_a	adult antennal lobe projection neuron DM5 lPN	
720575941608631661	BANC_888:720575941608631661	BANC888	is_a	adult medulla visual projection neuron MeVP48	FlyBase:FBrf0262545
720575941608634221	BANC_888:720575941608634221	BANC888	is_a	adult anterior ventrolateral protocerebrum neuron 040	
720575941608634989	BANC_888:720575941608634989	BANC888	is_a	adult CB1657 neuron	
720575941608635245	BANC_888:720575941608635245	BANC888	is_a	adult CB0232 neuron	
720575941608636013	BANC_888:720575941608636013	BANC888	is_a	adult CB2502 neuron	
720575941608637549	BANC_888:720575941608637549	BANC888	is_a	adult posterior slope neuron 083	
720575941608641184	BANC_888:720575941608641184	BANC888	is_a	centrifugal neuron C2	
720575941608642413	BANC_888:720575941608642413	BANC888	is_a	adult multiglomerular antennal lobe projection neuron type 14 l2PN	
720575941608642669	BANC_888:720575941608642669	BANC888	is_a	adult CB0267 neuron	
720575941608643437	BANC_888:720575941608643437	BANC888	is_a	adult IN10B050 neuron	
720575941608644205	BANC_888:720575941608644205	BANC888	is_a	adult fan-shaped body 1 column-crepine neuron	FlyBase:FBrf0246888
720575941608655469	BANC_888:720575941608655469	BANC888	is_a	adult CB2757 neuron	
720575941608658797	BANC_888:720575941608658797	BANC888	is_a	adult CB3772 neuron	
720575941608659053	BANC_888:720575941608659053	BANC888	is_a	lobula columnar neuron LC10b	
720575941608659274	BANC_888:720575941608659274	BANC888	is_a	adult CB0958 neuron	
720575941608660845	BANC_888:720575941608660845	BANC888	is_a	adult CB2973 neuron	
720575941608664173	BANC_888:720575941608664173	BANC888	is_a	adult central brain intrinsic neuron	
720575941608666698	BANC_888:720575941608666698	BANC888	is_a	sensory neuron	
720575941608669293	BANC_888:720575941608669293	BANC888	is_a	adult central brain intrinsic neuron	
720575941608671341	BANC_888:720575941608671341	BANC888	is_a	adult fan-shaped body vertical delta neuron	
720575941608678218	BANC_888:720575941608678218	BANC888	is_a	adult CB2456 neuron	
720575941608683373	BANC_888:720575941608683373	BANC888	is_a	adult CB2928 neuron	
720575941608684397	BANC_888:720575941608684397	BANC888	is_a	adult CB3236 neuron	
720575941608685677	BANC_888:720575941608685677	BANC888	is_a	adult lateral horn AV7a7 neuron	
720575941608687725	BANC_888:720575941608687725	BANC888	is_a	Y neuron Y3	
720575941608699757	BANC_888:720575941608699757	BANC888	is_a	lobula columnar neuron LC12	
720575941608718445	BANC_888:720575941608718445	BANC888	is_a	medulla intrinsic neuron Mi1	
720575941608720617	BANC_888:720575941608720617	BANC888	is_a	adult IN20A.22A016 neuron	
720575941608724333	BANC_888:720575941608724333	BANC888	is_a	lobula columnar neuron LC13	
720575941608726637	BANC_888:720575941608726637	BANC888	is_a	T3 neuron	
720575941608731757	BANC_888:720575941608731757	BANC888	is_a	bristle sensory neuron	
720575941608733673	BANC_888:720575941608733673	BANC888	is_a	adult DNut042 neuron	
720575941608736877	BANC_888:720575941608736877	BANC888	is_a	lobula plate intrinsic neuron LPi34-12	FlyBase:FBrf0262545
720575941608738669	BANC_888:720575941608738669	BANC888	is_a	lamina monopolar neuron L1	
720575941608743789	BANC_888:720575941608743789	BANC888	is_a	T4a neuron	
720575941608745069	BANC_888:720575941608745069	BANC888	is_a	adult optic lobe intrinsic neuron	
720575941608751213	BANC_888:720575941608751213	BANC888	is_a	transmedullary Y neuron TmY5a	
720575941608754797	BANC_888:720575941608754797	BANC888	is_a	T5c neuron	
720575941608756713	BANC_888:720575941608756713	BANC888	is_a	Y neuron Y3	
720575941608769513	BANC_888:720575941608769513	BANC888	is_a	adult SNta09 neuron	
720575941608778861	BANC_888:720575941608778861	BANC888	is_a	zone B Johnston organ neuron	
720575941608779117	BANC_888:720575941608779117	BANC888	is_a	adult SNxx03 neuron	
720575941608785517	BANC_888:720575941608785517	BANC888	is_a	lamina monopolar neuron L5	
720575941608786506	BANC_888:720575941608786506	BANC888	is_a	adult IN01B027 neuron	
720575941608798061	BANC_888:720575941608798061	BANC888	is_a	distal medullary amacrine neuron Dm8b	
720575941608798317	BANC_888:720575941608798317	BANC888	is_a	adult CB0026 neuron	
720575941608801257	BANC_888:720575941608801257	BANC888	is_a	adult IN03B087 neuron	
720575941608807657	BANC_888:720575941608807657	BANC888	is_a	adult SNta30 neuron	
720575941608809802	BANC_888:720575941608809802	BANC888	is_a	adult fan-shaped body 1 column-crepine neuron	FlyBase:FBrf0246888
720575941608811629	BANC_888:720575941608811629	BANC888	is_a	adult SNta02 neuron	
720575941608816202	BANC_888:720575941608816202	BANC888	is_a	gamma main Kenyon cell	
720575941608817261	BANC_888:720575941608817261	BANC888	is_a	adult optic lobe intrinsic neuron	
720575941608817897	BANC_888:720575941608817897	BANC888	is_a	adult IN03B072 neuron	
720575941608818029	BANC_888:720575941608818029	BANC888	is_a	lamina monopolar neuron L2	
720575941608819309	BANC_888:720575941608819309	BANC888	is_a	wing margin mechanosensory bristle	
720575941608819786	BANC_888:720575941608819786	BANC888	is_a	adult CB2128 neuron	
720575941608830317	BANC_888:720575941608830317	BANC888	is_a	medulla intrinsic neuron Mi1	
720575941608832109	BANC_888:720575941608832109	BANC888	is_a	T4d neuron	
720575941608835949	BANC_888:720575941608835949	BANC888	is_a	T3 neuron	
720575941608837485	BANC_888:720575941608837485	BANC888	is_a	adult optic lobe intrinsic neuron	
720575941608840937	BANC_888:720575941608840937	BANC888	is_a	adult IN13B050 neuron	
720575941608842058	BANC_888:720575941608842058	BANC888	is_a	adult ellipsoid body ring neuron R3a	
720575941608842861	BANC_888:720575941608842861	BANC888	is_a	transmedullary neuron Tm2	
720575941608844575	BANC_888:720575941608844575	BANC888	is_a	centrifugal neuron C2	
720575941608854637	BANC_888:720575941608854637	BANC888	is_a	photoreceptor cell R7	
720575941608855785	BANC_888:720575941608855785	BANC888	is_a	adult IN17A093 neuron	
720575941608857321	BANC_888:720575941608857321	BANC888	is_a	adult IN19A064 neuron	
720575941608860269	BANC_888:720575941608860269	BANC888	is_a	T4b neuron	
720575941608861770	BANC_888:720575941608861770	BANC888	is_a	adult CB1583 neuron	
720575941608861929	BANC_888:720575941608861929	BANC888	is_a	adult IN03B066 neuron	
720575941608862317	BANC_888:720575941608862317	BANC888	is_a	adult medulla visual projection neuron MeVP2	FlyBase:FBrf0262545
720575941608863341	BANC_888:720575941608863341	BANC888	is_a	lobula plate intrinsic neuron LPi3-4	FlyBase:FBrf0262545
720575941608863853	BANC_888:720575941608863853	BANC888	is_a	centrifugal neuron C3	
720575941608866281	BANC_888:720575941608866281	BANC888	is_a	adult IN00A047 neuron	
720575941608866925	BANC_888:720575941608866925	BANC888	is_a	adult transmedullary Y neuron TmY17	FlyBase:FBrf0262545
720575941608867181	BANC_888:720575941608867181	BANC888	is_a	transmedullary neuron Tm2	
720575941608868973	BANC_888:720575941608868973	BANC888	is_a	lamina monopolar neuron L1	
720575941608876141	BANC_888:720575941608876141	BANC888	is_a	adult optic lobe intrinsic neuron	
720575941608877165	BANC_888:720575941608877165	BANC888	is_a	transmedullary neuron Tm3	
720575941608879469	BANC_888:720575941608879469	BANC888	is_a	medulla intrinsic neuron Mi1	
720575941608881129	BANC_888:720575941608881129	BANC888	is_a	adult VNC neuron	
720575941608884969	BANC_888:720575941608884969	BANC888	is_a	adult EN21X001 neuron	
720575941608886893	BANC_888:720575941608886893	BANC888	is_a	adult optic lobe intrinsic neuron	
720575941608890733	BANC_888:720575941608890733	BANC888	is_a	adult posterior slope neuron 187	
720575941608894061	BANC_888:720575941608894061	BANC888	is_a	adult posterior slope neuron 239	
720575941608896109	BANC_888:720575941608896109	BANC888	is_a	T5c neuron	
720575941608899049	BANC_888:720575941608899049	BANC888	is_a	adult IN21A044 neuron	
720575941608899305	BANC_888:720575941608899305	BANC888	is_a	adult IN09A043 neuron	
720575941608899437	BANC_888:720575941608899437	BANC888	is_a	adult optic lobe intrinsic neuron	
720575941608899561	BANC_888:720575941608899561	BANC888	is_a	adult IN07B067 neuron	
720575941608900585	BANC_888:720575941608900585	BANC888	is_a	adult fruitless dMS2 neuron	
720575941608900973	BANC_888:720575941608900973	BANC888	is_a	adult optic lobe intrinsic neuron	
720575941608904301	BANC_888:720575941608904301	BANC888	is_a	T4a neuron	
720575941608905193	BANC_888:720575941608905193	BANC888	is_a	adult IN13B057 neuron	
720575941608906605	BANC_888:720575941608906605	BANC888	is_a	adult CB2386 neuron	
720575941608907117	BANC_888:720575941608907117	BANC888	is_a	adult optic lobe intrinsic neuron	
720575941608907373	BANC_888:720575941608907373	BANC888	is_a	lobula-lobula plate columnar neuron LLPC2	
720575941608907850	BANC_888:720575941608907850	BANC888	is_a	sensory neuron	
720575941608910701	BANC_888:720575941608910701	BANC888	is_a	adult optic lobe intrinsic neuron	
720575941608915565	BANC_888:720575941608915565	BANC888	is_a	adult medulla tangential neuron e01b	
720575941608916589	BANC_888:720575941608916589	BANC888	is_a	adult optic lobe intrinsic neuron	
720575941608918249	BANC_888:720575941608918249	BANC888	is_a	adult IN04B039 neuron	
720575941608919149	BANC_888:720575941608919149	BANC888	is_a	adult CB2049 neuron	
720575941608919661	BANC_888:720575941608919661	BANC888	is_a	lobula plate-lobula columnar neuron LPLC1	
720575941608920173	BANC_888:720575941608920173	BANC888	is_a	adult ellipsoid body ring neuron R1	
720575941608922477	BANC_888:720575941608922477	BANC888	is_a	adult optic lobe intrinsic neuron	
720575941608926317	BANC_888:720575941608926317	BANC888	is_a	centrifugal neuron C3	
720575941608926441	BANC_888:720575941608926441	BANC888	is_a	adult IN23B068 neuron	
720575941608927007	BANC_888:720575941608927007	BANC888	is_a	lamina monopolar neuron L5	
720575941608928621	BANC_888:720575941608928621	BANC888	is_a	adult optic lobe intrinsic neuron	
720575941608929133	BANC_888:720575941608929133	BANC888	is_a	lamina monopolar neuron L2	
720575941608929389	BANC_888:720575941608929389	BANC888	is_a	adult CB2037 neuron	
720575941608929645	BANC_888:720575941608929645	BANC888	is_a	adult SNxx05 neuron	
720575941608930157	BANC_888:720575941608930157	BANC888	is_a	adult wedge neuron 069	
720575941608930413	BANC_888:720575941608930413	BANC888	is_a	adult central brain intrinsic neuron	
720575941608930669	BANC_888:720575941608930669	BANC888	is_a	adult CB1765 neuron	
720575941608930925	BANC_888:720575941608930925	BANC888	is_a	adult optic lobe intrinsic neuron	
720575941608931693	BANC_888:720575941608931693	BANC888	is_a	visual projection neuron	
720575941608942569	BANC_888:720575941608942569	BANC888	is_a	adult IN21A041 neuron	
720575941608946921	BANC_888:720575941608946921	BANC888	is_a	adult motor neuron	
720575941608948333	BANC_888:720575941608948333	BANC888	is_a	T5a neuron	
720575941608950125	BANC_888:720575941608950125	BANC888	is_a	distal medullary amacrine neuron Dm3c	FlyBase:FBrf0262545
720575941608953965	BANC_888:720575941608953965	BANC888	is_a	adult optic lobe intrinsic neuron	
720575941608954989	BANC_888:720575941608954989	BANC888	is_a	distal medullary amacrine neuron Dm2	
720575941608957929	BANC_888:720575941608957929	BANC888	is_a	adult prosternal chordotonal organ neuron	
720575941608963949	BANC_888:720575941608963949	BANC888	is_a	mechanosensory neuron of hair plate	
720575941608965997	BANC_888:720575941608965997	BANC888	is_a	adult optic lobe intrinsic neuron	
720575941608966765	BANC_888:720575941608966765	BANC888	is_a	adult optic lobe intrinsic neuron	
720575941608970217	BANC_888:720575941608970217	BANC888	is_a	adult IN06A135 neuron	
720575941608981613	BANC_888:720575941608981613	BANC888	is_a	adult CB2893 neuron	
720575941608988013	BANC_888:720575941608988013	BANC888	is_a	adult ANXXX116 neuron	
720575941608988781	BANC_888:720575941608988781	BANC888	is_a	adult anterior ventrolateral protocerebrum neuron 178	
720575941608991050	BANC_888:720575941608991050	BANC888	is_a	wing contralaterally projecting haltere interneuron	
720575941608997097	BANC_888:720575941608997097	BANC888	is_a	adult SNta09 neuron	
720575941609001034	BANC_888:720575941609001034	BANC888	is_a	adult IN03B022 neuron	
720575941609010285	BANC_888:720575941609010285	BANC888	is_a	transmedullary neuron Tm16	
720575941609011565	BANC_888:720575941609011565	BANC888	is_a	adult central brain intrinsic neuron	
720575941609015785	BANC_888:720575941609015785	BANC888	is_a	adult fan-shaped body vertical delta neuron	
720575941609017197	BANC_888:720575941609017197	BANC888	is_a	adult optic lobe intrinsic neuron	
720575941609022794	BANC_888:720575941609022794	BANC888	is_a	adult posterior slope neuron 193	
720575941609024850	BANC_888:720575941609024850	BANC888	is_a	zone E Johnston organ neuron	
720575941609026122	BANC_888:720575941609026122	BANC888	is_a	gamma main Kenyon cell	
720575941609030765	BANC_888:720575941609030765	BANC888	is_a	adult optic lobe intrinsic neuron	
720575941609032301	BANC_888:720575941609032301	BANC888	is_a	medulla intrinsic neuron Mi4	
720575941609035629	BANC_888:720575941609035629	BANC888	is_a	adult central medulla intrinsic neuron Cm6	FlyBase:FBrf0262545
720575941609044589	BANC_888:720575941609044589	BANC888	is_a	adult IN04B053 neuron	
720575941609046125	BANC_888:720575941609046125	BANC888	is_a	mechanosensory neuron of hair plate	
720575941609046637	BANC_888:720575941609046637	BANC888	is_a	adult optic lobe intrinsic neuron	
720575941609046761	BANC_888:720575941609046761	BANC888	is_a	adult wedge neuron 103	
720575941609054794	BANC_888:720575941609054794	BANC888	is_a	alpha'/beta' anterior-posterior type 1 Kenyon cell	
720575941609057389	BANC_888:720575941609057389	BANC888	is_a	adult TwoLumps ascending neuron	
720575941609058413	BANC_888:720575941609058413	BANC888	is_a	adult IN23B018 neuron	
720575941609060205	BANC_888:720575941609060205	BANC888	is_a	adult SNta29 neuron	
720575941609064813	BANC_888:720575941609064813	BANC888	is_a	transmedullary neuron Tm4	
720575941609065325	BANC_888:720575941609065325	BANC888	is_a	proximal medullary amacrine neuron Pm2	FlyBase:FBrf0262545
720575941609068141	BANC_888:720575941609068141	BANC888	is_a	adult olfactory receptor neuron Or42b	
720575941609074541	BANC_888:720575941609074541	BANC888	is_a	adult medulla visual projection neuron MeVP11	FlyBase:FBrf0262545
720575941609080685	BANC_888:720575941609080685	BANC888	is_a	adult olfactory receptor neuron Or92a	
720575941609085549	BANC_888:720575941609085549	BANC888	is_a	adult olfactory receptor neuron Or85d	
720575941609087597	BANC_888:720575941609087597	BANC888	is_a	adult olfactory receptor neuron Or9a	
720575941609087853	BANC_888:720575941609087853	BANC888	is_a	T5a neuron	
720575941609090378	BANC_888:720575941609090378	BANC888	is_a	adult CB2397 neuron	
720575941609092461	BANC_888:720575941609092461	BANC888	is_a	T3 neuron	
720575941609095533	BANC_888:720575941609095533	BANC888	is_a	T4b neuron	
720575941609096010	BANC_888:720575941609096010	BANC888	is_a	medulla intrinsic neuron Mi1	
720575941609096301	BANC_888:720575941609096301	BANC888	is_a	adult optic lobe intrinsic neuron	
720575941609097034	BANC_888:720575941609097034	BANC888	is_a	T4b neuron	
720575941609097581	BANC_888:720575941609097581	BANC888	is_a	lobula columnar neuron LC26	
720575941609098349	BANC_888:720575941609098349	BANC888	is_a	adult optic lobe intrinsic neuron	
720575941609103981	BANC_888:720575941609103981	BANC888	is_a	photoreceptor cell R7	
720575941609104749	BANC_888:720575941609104749	BANC888	is_a	lamina monopolar neuron L3	
720575941609105226	BANC_888:720575941609105226	BANC888	is_a	lobula plate intrinsic neuron LPi2d	FlyBase:FBrf0262545
720575941609108042	BANC_888:720575941609108042	BANC888	is_a	adult optic lobe intrinsic neuron	
720575941609108077	BANC_888:720575941609108077	BANC888	is_a	transmedullary Y neuron TmY18	FlyBase:FBrf0262545
720575941609108457	BANC_888:720575941609108457	BANC888	is_a	adult CB2291 neuron	
720575941609118573	BANC_888:720575941609118573	BANC888	is_a	lobula columnar neuron LC10c	
720575941609124938	BANC_888:720575941609124938	BANC888	is_a	T3 neuron	
720575941609127533	BANC_888:720575941609127533	BANC888	is_a	adult SNxx05 neuron	
720575941609129290	BANC_888:720575941609129290	BANC888	is_a	lobula plate-lobula columnar neuron LPLC2	
720575941609129802	BANC_888:720575941609129802	BANC888	is_a	T4a neuron	
720575941609132106	BANC_888:720575941609132106	BANC888	is_a	adult CB1760 neuron	
720575941609132362	BANC_888:720575941609132362	BANC888	is_a	adult CB3189 neuron	
720575941609136493	BANC_888:720575941609136493	BANC888	is_a	proximal medullary amacrine neuron Pm2	FlyBase:FBrf0262545
720575941609141586	BANC_888:720575941609141586	BANC888	is_a	zone E Johnston organ neuron	
720575941609150317	BANC_888:720575941609150317	BANC888	is_a	mechanosensory neuron of hair plate	
720575941609153354	BANC_888:720575941609153354	BANC888	is_a	Y neuron Y1	
720575941609153610	BANC_888:720575941609153610	BANC888	is_a	lamina monopolar neuron L3	
720575941609155437	BANC_888:720575941609155437	BANC888	is_a	adult posterior lateral protocerebrum neuron 249	
720575941609155949	BANC_888:720575941609155949	BANC888	is_a	adult optic lobe intrinsic neuron	
720575941609172589	BANC_888:720575941609172589	BANC888	is_a	adult CB1964 neuron	
720575941609173613	BANC_888:720575941609173613	BANC888	is_a	adult optic lobe intrinsic neuron	
720575941609176685	BANC_888:720575941609176685	BANC888	is_a	lamina monopolar neuron L2	
720575941609177162	BANC_888:720575941609177162	BANC888	is_a	T4a neuron	
720575941609178477	BANC_888:720575941609178477	BANC888	is_a	adult optic lobe intrinsic neuron	
720575941609179466	BANC_888:720575941609179466	BANC888	is_a	T5c neuron	
720575941609181514	BANC_888:720575941609181514	BANC888	is_a	lobula plate columnar neuron LPC2	
720575941609182061	BANC_888:720575941609182061	BANC888	is_a	adult optic lobe intrinsic neuron	
720575941609182317	BANC_888:720575941609182317	BANC888	is_a	adult medulla visual projection neuron MeVP1	FlyBase:FBrf0262545
720575941609183597	BANC_888:720575941609183597	BANC888	is_a	adult transmedullary Y neuron TmY19a	FlyBase:FBrf0262545
720575941609184429	BANC_888:720575941609184429	BANC888	is_a	adult IN06A059 neuron	
720575941609185645	BANC_888:720575941609185645	BANC888	is_a	adult lobula-lobula plate neuron LOLP1	FlyBase:FBrf0262545
720575941609192877	BANC_888:720575941609192877	BANC888	is_a	adult IN02A056 neuron	
720575941609194413	BANC_888:720575941609194413	BANC888	is_a	adult SNta09 neuron	
720575941609196262	BANC_888:720575941609196262	BANC888	is_a	adult SNpp23 neuron	
720575941609201994	BANC_888:720575941609201994	BANC888	is_a	T5c neuron	
720575941609202029	BANC_888:720575941609202029	BANC888	is_a	adult optic lobe intrinsic neuron	
720575941609203309	BANC_888:720575941609203309	BANC888	is_a	adult CB1369 neuron	
720575941609203821	BANC_888:720575941609203821	BANC888	is_a	medulla intrinsic neuron Mi1	
720575941609207917	BANC_888:720575941609207917	BANC888	is_a	adult optic lobe intrinsic neuron	
720575941609208138	BANC_888:720575941609208138	BANC888	is_a	Y neuron Y3	
720575941609209453	BANC_888:720575941609209453	BANC888	is_a	adult optic lobe intrinsic neuron	
720575941609210221	BANC_888:720575941609210221	BANC888	is_a	adult optic lobe intrinsic neuron	
720575941609213805	BANC_888:720575941609213805	BANC888	is_a	adult superior lateral protocerebrum neuron 101	
720575941609215853	BANC_888:720575941609215853	BANC888	is_a	adult optic lobe intrinsic neuron	
720575941609217098	BANC_888:720575941609217098	BANC888	is_a	transmedullary neuron Tm2	
720575941609224266	BANC_888:720575941609224266	BANC888	is_a	transmedullary neuron Tm5a	
720575941609226157	BANC_888:720575941609226157	BANC888	is_a	adult INXXX045 neuron	
720575941609228461	BANC_888:720575941609228461	BANC888	is_a	adult SNxx01 neuron	
720575941609235302	BANC_888:720575941609235302	BANC888	is_a	descending neuron of the gnathal ganglion DNge090	
720575941609237101	BANC_888:720575941609237101	BANC888	is_a	adult lobula intrinsic neuron Li13	FlyBase:FBrf0262545
720575941609238637	BANC_888:720575941609238637	BANC888	is_a	adult olfactory receptor neuron Or2a	
720575941609238893	BANC_888:720575941609238893	BANC888	is_a	adult anterior ventrolateral protocerebrum neuron 590	
720575941609240429	BANC_888:720575941609240429	BANC888	is_a	transmedullary neuron Tm20	
720575941609245417	BANC_888:720575941609245417	BANC888	is_a	lobula columnar neuron LC16	
720575941609256045	BANC_888:720575941609256045	BANC888	is_a	adult gustatory receptor neuron	
720575941609258093	BANC_888:720575941609258093	BANC888	is_a	centrifugal neuron C3	
720575941609258605	BANC_888:720575941609258605	BANC888	is_a	transmedullary neuron Tm20	
720575941609260134	BANC_888:720575941609260134	BANC888	is_a	adult IN07B055 neuron	
720575941609261421	BANC_888:720575941609261421	BANC888	is_a	medulla-lobula neuron 1	FlyBase:FBrf0262545
720575941609265226	BANC_888:720575941609265226	BANC888	is_a	adult lobula intrinsic neuron Li22	FlyBase:FBrf0262545
720575941609268845	BANC_888:720575941609268845	BANC888	is_a	adult lateral horn PV6c1 neuron	
720575941609283437	BANC_888:720575941609283437	BANC888	is_a	adult optic lobe intrinsic neuron	
720575941609285485	BANC_888:720575941609285485	BANC888	is_a	adult CB3004 neuron	
720575941609289290	BANC_888:720575941609289290	BANC888	is_a	adult lobula intrinsic neuron Li18a	FlyBase:FBrf0262545
720575941609290314	BANC_888:720575941609290314	BANC888	is_a	adult optic lobe intrinsic neuron	
720575941609291082	BANC_888:720575941609291082	BANC888	is_a	lobula columnar neuron LC17	
720575941609292141	BANC_888:720575941609292141	BANC888	is_a	adult central brain intrinsic neuron	
720575941609298022	BANC_888:720575941609298022	BANC888	is_a	adult SNta09 neuron	
720575941609298662	BANC_888:720575941609298662	BANC888	is_a	adult IN19A117 neuron	
720575941609300333	BANC_888:720575941609300333	BANC888	is_a	adult optic lobe intrinsic neuron	
720575941609302249	BANC_888:720575941609302249	BANC888	is_a	lobula columnar neuron LC12	
720575941609303469	BANC_888:720575941609303469	BANC888	is_a	adult IN03A071 neuron	
720575941609305418	BANC_888:720575941609305418	BANC888	is_a	adult lobula plate visual centrifugal neuron 01	
720575941609305965	BANC_888:720575941609305965	BANC888	is_a	adult optic lobe intrinsic neuron	
720575941609306797	BANC_888:720575941609306797	BANC888	is_a	adult IN07B080 neuron	
720575941609306954	BANC_888:720575941609306954	BANC888	is_a	adult lobula plate tangential neuron LPT111	FlyBase:FBrf0262545
720575941609312586	BANC_888:720575941609312586	BANC888	is_a	columnar neuron T1	
720575941609315181	BANC_888:720575941609315181	BANC888	is_a	adult optic lobe intrinsic neuron	
720575941609315949	BANC_888:720575941609315949	BANC888	is_a	adult optic lobe intrinsic neuron	
720575941609316170	BANC_888:720575941609316170	BANC888	is_a	lobula columnar neuron LC15	
720575941609317997	BANC_888:720575941609317997	BANC888	is_a	adult optic lobe intrinsic neuron	
720575941609321961	BANC_888:720575941609321961	BANC888	is_a	alpha/beta Kenyon cell	
720575941609322058	BANC_888:720575941609322058	BANC888	is_a	T5a neuron	
720575941609325386	BANC_888:720575941609325386	BANC888	is_a	T4c neuron	
720575941609326922	BANC_888:720575941609326922	BANC888	is_a	medulla intrinsic neuron Mi4	
720575941609329226	BANC_888:720575941609329226	BANC888	is_a	distal medullary amacrine neuron Dm15	
720575941609330605	BANC_888:720575941609330605	BANC888	is_a	adult IN00A056 neuron	
720575941609335114	BANC_888:720575941609335114	BANC888	is_a	T5c neuron	
720575941609335213	BANC_888:720575941609335213	BANC888	is_a	adult IN19A109 neuron	
720575941609335661	BANC_888:720575941609335661	BANC888	is_a	adult optic lobe intrinsic neuron	
720575941609337197	BANC_888:720575941609337197	BANC888	is_a	adult medulla visual projection neuron MeVP24	FlyBase:FBrf0262545
720575941609339309	BANC_888:720575941609339309	BANC888	is_a	adult IN23B093 neuron	
720575941609340234	BANC_888:720575941609340234	BANC888	is_a	T4b neuron	
720575941609340525	BANC_888:720575941609340525	BANC888	is_a	adult optic lobe intrinsic neuron	
720575941609341030	BANC_888:720575941609341030	BANC888	is_a	bristle sensory neuron	
720575941609346534	BANC_888:720575941609346534	BANC888	is_a	adult IN20A.22A039 neuron	
720575941609348525	BANC_888:720575941609348525	BANC888	is_a	adult IN08A036 neuron	
720575941609348710	BANC_888:720575941609348710	BANC888	is_a	adult IN01A077 neuron	
720575941609349450	BANC_888:720575941609349450	BANC888	is_a	T4c neuron	
720575941609350061	BANC_888:720575941609350061	BANC888	is_a	sensory neuron of wing campaniform sensillum	
720575941609351341	BANC_888:720575941609351341	BANC888	is_a	adult IN03A047 neuron	
720575941609358182	BANC_888:720575941609358182	BANC888	is_a	adult IN08A026 neuron	
720575941609358310	BANC_888:720575941609358310	BANC888	is_a	adult IN03B061 neuron	
720575941609358701	BANC_888:720575941609358701	BANC888	is_a	adult optic lobe intrinsic neuron	
720575941609362921	BANC_888:720575941609362921	BANC888	is_a	adult Kenyon cell	
720575941609371053	BANC_888:720575941609371053	BANC888	is_a	adult IN03A077 neuron	
720575941609374125	BANC_888:720575941609374125	BANC888	is_a	adult IN04B031 neuron	
720575941609375050	BANC_888:720575941609375050	BANC888	is_a	adult optic lobe intrinsic neuron	
720575941609376586	BANC_888:720575941609376586	BANC888	is_a	T2a neuron	
720575941609377098	BANC_888:720575941609377098	BANC888	is_a	T5d neuron	
720575941609377866	BANC_888:720575941609377866	BANC888	is_a	medulla intrinsic neuron Mi4	
720575941609378634	BANC_888:720575941609378634	BANC888	is_a	T3 neuron	
720575941609380070	BANC_888:720575941609380070	BANC888	is_a	adult IN13B055 neuron	
720575941609383498	BANC_888:720575941609383498	BANC888	is_a	distal medullary amacrine neuron Dm16	
720575941609385581	BANC_888:720575941609385581	BANC888	is_a	adult optic lobe intrinsic neuron	
720575941609387629	BANC_888:720575941609387629	BANC888	is_a	adult optic lobe intrinsic neuron	
720575941609390182	BANC_888:720575941609390182	BANC888	is_a	adult IN04B097 neuron	
720575941609391725	BANC_888:720575941609391725	BANC888	is_a	columnar neuron T1	
720575941609392493	BANC_888:720575941609392493	BANC888	is_a	adult optic lobe intrinsic neuron	
720575941609393766	BANC_888:720575941609393766	BANC888	is_a	pretarsal depressor muscle motor neuron	
720575941609393994	BANC_888:720575941609393994	BANC888	is_a	adult optic lobe intrinsic neuron	
720575941609394029	BANC_888:720575941609394029	BANC888	is_a	adult optic lobe intrinsic neuron	
720575941609394285	BANC_888:720575941609394285	BANC888	is_a	adult optic lobe intrinsic neuron	
720575941609395686	BANC_888:720575941609395686	BANC888	is_a	adult IN09A081 neuron	
720575941609395786	BANC_888:720575941609395786	BANC888	is_a	adult Ms cell of pars intercerebralis	
720575941609396077	BANC_888:720575941609396077	BANC888	is_a	T3 neuron	
720575941609397225	BANC_888:720575941609397225	BANC888	is_a	adult CB1424 neuron	
720575941609397322	BANC_888:720575941609397322	BANC888	is_a	T2 neuron	
720575941609398893	BANC_888:720575941609398893	BANC888	is_a	adult optic lobe intrinsic neuron	
720575941609399782	BANC_888:720575941609399782	BANC888	is_a	adult IN12B025 neuron	
720575941609400806	BANC_888:720575941609400806	BANC888	is_a	adult IN03A062 neuron	
720575941609401517	BANC_888:720575941609401517	BANC888	is_a	adult IN03A026 neuron	
720575941609402221	BANC_888:720575941609402221	BANC888	is_a	adult optic lobe intrinsic neuron	
720575941609403978	BANC_888:720575941609403978	BANC888	is_a	distal medullary amacrine neuron Dm16	
720575941609405869	BANC_888:720575941609405869	BANC888	is_a	adult IN19A100 neuron	
720575941609407853	BANC_888:720575941609407853	BANC888	is_a	adult optic lobe intrinsic neuron	
720575941609407917	BANC_888:720575941609407917	BANC888	is_a	adult IN02A062 neuron	
720575941609407977	BANC_888:720575941609407977	BANC888	is_a	adult optic lobe intrinsic neuron	
720575941609408998	BANC_888:720575941609408998	BANC888	is_a	adult IN10B055 neuron	
720575941609409645	BANC_888:720575941609409645	BANC888	is_a	lobula columnar neuron LC15	
720575941609410406	BANC_888:720575941609410406	BANC888	is_a	adult IN00A048 neuron	
720575941609411245	BANC_888:720575941609411245	BANC888	is_a	adult IN03A051 neuron	
720575941609411437	BANC_888:720575941609411437	BANC888	is_a	adult optic lobe intrinsic neuron	
720575941609413606	BANC_888:720575941609413606	BANC888	is_a	adult SNta29 neuron	
720575941609413862	BANC_888:720575941609413862	BANC888	is_a	adult IN03B046 neuron	
720575941609414246	BANC_888:720575941609414246	BANC888	is_a	adult SNta29 neuron	
720575941609416934	BANC_888:720575941609416934	BANC888	is_a	adult IN11A016 neuron	
720575941609417069	BANC_888:720575941609417069	BANC888	is_a	T4c neuron	
720575941609418093	BANC_888:720575941609418093	BANC888	is_a	medulla intrinsic neuron Mi9	
720575941609419878	BANC_888:720575941609419878	BANC888	is_a	adult IN13A051 neuron	
720575941609420397	BANC_888:720575941609420397	BANC888	is_a	adult lobula columnar neuron LC28	
720575941609420653	BANC_888:720575941609420653	BANC888	is_a	distal medullary amacrine neuron Dm4	
720575941609422822	BANC_888:720575941609422822	BANC888	is_a	adult IN03B075 neuron	
720575941609422957	BANC_888:720575941609422957	BANC888	is_a	lobula columnar neuron LC10a	
720575941609423021	BANC_888:720575941609423021	BANC888	is_a	adult neurosecretory neuron	
720575941609423213	BANC_888:720575941609423213	BANC888	is_a	lobula columnar neuron LC6	
720575941609423690	BANC_888:720575941609423690	BANC888	is_a	T4b neuron	
720575941609426918	BANC_888:720575941609426918	BANC888	is_a	adult IN13A051 neuron	
720575941609429350	BANC_888:720575941609429350	BANC888	is_a	adult IN08B083 neuron	
720575941609432237	BANC_888:720575941609432237	BANC888	is_a	adult INXXX045 neuron	
720575941609437002	BANC_888:720575941609437002	BANC888	is_a	adult lobula intrinsic neuron Li23	FlyBase:FBrf0262545
720575941609437037	BANC_888:720575941609437037	BANC888	is_a	adult optic lobe intrinsic neuron	
720575941609437293	BANC_888:720575941609437293	BANC888	is_a	transmedullary neuron Tm1	
720575941609437613	BANC_888:720575941609437613	BANC888	is_a	adult cervical nerve neck motor neuron 6	
720575941609438317	BANC_888:720575941609438317	BANC888	is_a	lamina monopolar neuron L2	
720575941609438438	BANC_888:720575941609438438	BANC888	is_a	adult IN23B045 neuron	
720575941609446630	BANC_888:720575941609446630	BANC888	is_a	adult IN03B079 neuron	
720575941609447145	BANC_888:720575941609447145	BANC888	is_a	adult wedge neuron 057	
720575941609447789	BANC_888:720575941609447789	BANC888	is_a	adult superior lateral protocerebrum neuron 405	
720575941609448937	BANC_888:720575941609448937	BANC888	is_a	lobula columnar neuron LC12	
720575941609450729	BANC_888:720575941609450729	BANC888	is_a	medulla intrinsic neuron Mi1	
720575941609453670	BANC_888:720575941609453670	BANC888	is_a	adult IN06A099 neuron	
720575941609458349	BANC_888:720575941609458349	BANC888	is_a	adult IN13A068 neuron	
720575941609459046	BANC_888:720575941609459046	BANC888	is_a	adult IN03A007 neuron	
720575941609460141	BANC_888:720575941609460141	BANC888	is_a	adult IN21A044 neuron	
720575941609462886	BANC_888:720575941609462886	BANC888	is_a	adult SNta44 neuron	
720575941609479526	BANC_888:720575941609479526	BANC888	is_a	adult IN06B047 neuron	
720575941609479910	BANC_888:720575941609479910	BANC888	is_a	adult IN12B024 neuron	
720575941609481062	BANC_888:720575941609481062	BANC888	is_a	adult IN11B016 neuron	
720575941609481133	BANC_888:720575941609481133	BANC888	is_a	adult SNta29 neuron	
720575941609482413	BANC_888:720575941609482413	BANC888	is_a	sensory neuron of haltere campaniform sensillum	
720575941609482854	BANC_888:720575941609482854	BANC888	is_a	adult IN01A077 neuron	
720575941609487789	BANC_888:720575941609487789	BANC888	is_a	adult SNpp23 neuron	
720575941609489385	BANC_888:720575941609489385	BANC888	is_a	adult IN21A053 neuron	
720575941609491885	BANC_888:720575941609491885	BANC888	is_a	adult fan-shaped body 1 column-crepine neuron	FlyBase:FBrf0246888
720575941609503590	BANC_888:720575941609503590	BANC888	is_a	adult IN23B063 neuron	
720575941609508710	BANC_888:720575941609508710	BANC888	is_a	adult IN18B054 neuron	
720575941609509706	BANC_888:720575941609509706	BANC888	is_a	adult lobula visual centrifugal neuron LoVC23	
720575941609520105	BANC_888:720575941609520105	BANC888	is_a	adult fan-shaped body vertical delta neuron	
720575941609520742	BANC_888:720575941609520742	BANC888	is_a	adult IN19B045 neuron	
720575941609521126	BANC_888:720575941609521126	BANC888	is_a	adult fan-shaped body 1 column-rubus neuron 1	
720575941609524457	BANC_888:720575941609524457	BANC888	is_a	adult CB1939 neuron	
720575941609531881	BANC_888:720575941609531881	BANC888	is_a	adult gamma Kenyon cell	
720575941609535405	BANC_888:720575941609535405	BANC888	is_a	adult fan-shaped body horizontal delta neuron J	
720575941609538150	BANC_888:720575941609538150	BANC888	is_a	adult IN20A.22A085 neuron	
720575941609540426	BANC_888:720575941609540426	BANC888	is_a	adult fan-shaped body 1 column-crepine neuron	FlyBase:FBrf0246888
720575941609540454	BANC_888:720575941609540454	BANC888	is_a	adult IN20A.22A016 neuron	
720575941609559114	BANC_888:720575941609559114	BANC888	is_a	T3 neuron	
720575941609561190	BANC_888:720575941609561190	BANC888	is_a	adult IN20A.22A019 neuron	
720575941609563622	BANC_888:720575941609563622	BANC888	is_a	adult abdominal multidendritic neuron	
720575941609567462	BANC_888:720575941609567462	BANC888	is_a	adult SNta30 neuron	
720575941609567818	BANC_888:720575941609567818	BANC888	is_a	adult IN14A010 neuron	
720575941609572841	BANC_888:720575941609572841	BANC888	is_a	T4c neuron	
720575941609573609	BANC_888:720575941609573609	BANC888	is_a	T5d neuron	
720575941609578342	BANC_888:720575941609578342	BANC888	is_a	adult SNta05 neuron	
720575941609585129	BANC_888:720575941609585129	BANC888	is_a	T4b neuron	
720575941609591273	BANC_888:720575941609591273	BANC888	is_a	adult optic lobe intrinsic neuron	
720575941609591469	BANC_888:720575941609591469	BANC888	is_a	adult CB0288 neuron	
720575941609592809	BANC_888:720575941609592809	BANC888	is_a	T5d neuron	
720575941609599078	BANC_888:720575941609599078	BANC888	is_a	sensory neuron of haltere campaniform sensillum	
720575941609600330	BANC_888:720575941609600330	BANC888	is_a	adult CB1648 neuron	
720575941609602221	BANC_888:720575941609602221	BANC888	is_a	protocerebral bridge 1 glomerulus-fan-shaped body-nodulus 3 posterior domain neuron	
720575941609607401	BANC_888:720575941609607401	BANC888	is_a	adult optic lobe intrinsic neuron	
720575941609612009	BANC_888:720575941609612009	BANC888	is_a	T5c neuron	
720575941609615206	BANC_888:720575941609615206	BANC888	is_a	adult fan-shaped body vertical delta neuron	
720575941609615434	BANC_888:720575941609615434	BANC888	is_a	sensory neuron	
720575941609619786	BANC_888:720575941609619786	BANC888	is_a	adult CB0962 neuron	
720575941609624138	BANC_888:720575941609624138	BANC888	is_a	adult SNta42 neuron	
720575941609625674	BANC_888:720575941609625674	BANC888	is_a	adult INXXX437 neuron	
720575941609637805	BANC_888:720575941609637805	BANC888	is_a	adult CB1756 neuron	
720575941609647789	BANC_888:720575941609647789	BANC888	is_a	adult CB1836 neuron	
720575941609653481	BANC_888:720575941609653481	BANC888	is_a	T5c neuron	
720575941609654090	BANC_888:720575941609654090	BANC888	is_a	adult optic lobe intrinsic neuron	
720575941609655017	BANC_888:720575941609655017	BANC888	is_a	lobula plate-lobula columnar neuron LPLC1	
720575941609655882	BANC_888:720575941609655882	BANC888	is_a	T5a neuron	
720575941609656749	BANC_888:720575941609656749	BANC888	is_a	gamma main Kenyon cell	
720575941609660393	BANC_888:720575941609660393	BANC888	is_a	photoreceptor cell R7	
720575941609661542	BANC_888:720575941609661542	BANC888	is_a	sensory neuron	
720575941609662441	BANC_888:720575941609662441	BANC888	is_a	medulla intrinsic neuron Mi15	
720575941609665769	BANC_888:720575941609665769	BANC888	is_a	T4a neuron	
720575941609665866	BANC_888:720575941609665866	BANC888	is_a	mechanosensory neuron of maxillary palp bristle	
720575941609669706	BANC_888:720575941609669706	BANC888	is_a	lobula columnar neuron LC17	
720575941609670246	BANC_888:720575941609670246	BANC888	is_a	adult SNta37 neuron	
720575941609673705	BANC_888:720575941609673705	BANC888	is_a	T5d neuron	
720575941609673802	BANC_888:720575941609673802	BANC888	is_a	adult IN01A015 neuron	
720575941609674214	BANC_888:720575941609674214	BANC888	is_a	adult ellipsoid body ring neuron R3d	
720575941609677033	BANC_888:720575941609677033	BANC888	is_a	T5a neuron	
720575941609681994	BANC_888:720575941609681994	BANC888	is_a	adult CB1297 neuron	
720575941609684457	BANC_888:720575941609684457	BANC888	is_a	transmedullary neuron Tm2	
720575941609692077	BANC_888:720575941609692077	BANC888	is_a	adult multiglomerular antennal lobe projection neuron l2PN	
720575941609693414	BANC_888:720575941609693414	BANC888	is_a	adult CB2237 neuron	
720575941609704937	BANC_888:720575941609704937	BANC888	is_a	lobula columnar neuron LC10a	
720575941609705449	BANC_888:720575941609705449	BANC888	is_a	lobula columnar neuron LC17	
720575941609723466	BANC_888:720575941609723466	BANC888	is_a	T4b neuron	
720575941609723750	BANC_888:720575941609723750	BANC888	is_a	adult protocerebral bridge 1 glomerulus-ellipsoid body tile-gall neuron	
720575941609724746	BANC_888:720575941609724746	BANC888	is_a	distal medullary amacrine neuron Dm3b	FlyBase:FBrf0262545
720575941609726185	BANC_888:720575941609726185	BANC888	is_a	T5d neuron	
720575941609726794	BANC_888:720575941609726794	BANC888	is_a	T2 neuron	
720575941609731245	BANC_888:720575941609731245	BANC888	is_a	lobula columnar neuron LC13	
720575941609735242	BANC_888:720575941609735242	BANC888	is_a	transmedullary Y neuron TmY4	
720575941609737958	BANC_888:720575941609737958	BANC888	is_a	adult CNS neuron	
720575941609743391	BANC_888:720575941609743391	BANC888	is_a	photoreceptor cell R8	
720575941609745641	BANC_888:720575941609745641	BANC888	is_a	T5b neuron	
720575941609747430	BANC_888:720575941609747430	BANC888	is_a	descending neuron of the gnathal ganglion DNge014	
720575941609764781	BANC_888:720575941609764781	BANC888	is_a	adult ellipsoid body ring neuron R3d	
720575941609764838	BANC_888:720575941609764838	BANC888	is_a	adult WEDPN8B neuron	
720575941609773130	BANC_888:720575941609773130	BANC888	is_a	T5c neuron	
720575941609773898	BANC_888:720575941609773898	BANC888	is_a	T2 neuron	
720575941609779177	BANC_888:720575941609779177	BANC888	is_a	columnar neuron T1	
720575941609783626	BANC_888:720575941609783626	BANC888	is_a	T5a neuron	
720575941609789161	BANC_888:720575941609789161	BANC888	is_a	centrifugal neuron C3	
720575941609790282	BANC_888:720575941609790282	BANC888	is_a	transmedullary neuron Tm3	
720575941609790697	BANC_888:720575941609790697	BANC888	is_a	lobula columnar neuron LC16	
720575941609792586	BANC_888:720575941609792586	BANC888	is_a	transmedullary neuron Tm2	
720575941609795402	BANC_888:720575941609795402	BANC888	is_a	adult CB0129 neuron	
720575941609795817	BANC_888:720575941609795817	BANC888	is_a	T5d neuron	
720575941609796326	BANC_888:720575941609796326	BANC888	is_a	adult ellipsoid body ring neuron R1	
720575941609800934	BANC_888:720575941609800934	BANC888	is_a	adult CB1458 neuron	
720575941609801901	BANC_888:720575941609801901	BANC888	is_a	ventro-contralateral-projecting DN1p neuron	
720575941609803241	BANC_888:720575941609803241	BANC888	is_a	transmedullary Y neuron TmY5a	
720575941609803594	BANC_888:720575941609803594	BANC888	is_a	transmedullary neuron Tm2	
720575941609808617	BANC_888:720575941609808617	BANC888	is_a	centrifugal neuron C3	
720575941609808873	BANC_888:720575941609808873	BANC888	is_a	T4c neuron	
720575941609809482	BANC_888:720575941609809482	BANC888	is_a	T5d neuron	
720575941609813225	BANC_888:720575941609813225	BANC888	is_a	adult optic lobe intrinsic neuron	
720575941609813737	BANC_888:720575941609813737	BANC888	is_a	adult optic lobe intrinsic neuron	
720575941609816553	BANC_888:720575941609816553	BANC888	is_a	adult optic lobe intrinsic neuron	
720575941609816809	BANC_888:720575941609816809	BANC888	is_a	adult lobula intrinsic neuron Li25	FlyBase:FBrf0262545
720575941609819369	BANC_888:720575941609819369	BANC888	is_a	adult optic lobe intrinsic neuron	
720575941609821258	BANC_888:720575941609821258	BANC888	is_a	T5d neuron	
720575941609823818	BANC_888:720575941609823818	BANC888	is_a	T5c neuron	
720575941609828426	BANC_888:720575941609828426	BANC888	is_a	adult anterior optic tubercle neuron 008	
720575941609829865	BANC_888:720575941609829865	BANC888	is_a	T4d neuron	
720575941609864877	BANC_888:720575941609864877	BANC888	is_a	transmedullary neuron Tm1	
720575941609866726	BANC_888:720575941609866726	BANC888	is_a	adult multiglomerular antennal lobe projection neuron type 46 lvPN	
720575941609866982	BANC_888:720575941609866982	BANC888	is_a	adult CB1295 neuron	
720575941609869741	BANC_888:720575941609869741	BANC888	is_a	adult ellipsoid body-protocerebral bridge 1 glomerulus-dorsal/ventral gall neuron	
720575941609885542	BANC_888:720575941609885542	BANC888	is_a	alpha/beta Kenyon cell	
720575941609886282	BANC_888:720575941609886282	BANC888	is_a	T4d neuron	
720575941609886950	BANC_888:720575941609886950	BANC888	is_a	distal medullary amacrine neuron Dm13	
720575941609905226	BANC_888:720575941609905226	BANC888	is_a	lamina monopolar neuron L1	
720575941609908457	BANC_888:720575941609908457	BANC888	is_a	medulla intrinsic neuron Mi1	
720575941609912678	BANC_888:720575941609912678	BANC888	is_a	alpha/beta Kenyon cell	
720575941609914954	BANC_888:720575941609914954	BANC888	is_a	T5d neuron	
720575941609920998	BANC_888:720575941609920998	BANC888	is_a	sensory neuron	
720575941609921513	BANC_888:720575941609921513	BANC888	is_a	T4a neuron	
720575941609921769	BANC_888:720575941609921769	BANC888	is_a	Y neuron Y3	
720575941609926758	BANC_888:720575941609926758	BANC888	is_a	adult CB3245 neuron	
720575941609928038	BANC_888:720575941609928038	BANC888	is_a	adult IN21A050 neuron	
720575941609929546	BANC_888:720575941609929546	BANC888	is_a	centrifugal neuron C2	
720575941609931241	BANC_888:720575941609931241	BANC888	is_a	adult optic lobe intrinsic neuron	
720575941609932205	BANC_888:720575941609932205	BANC888	is_a	adult CB1772 neuron	
720575941609932831	BANC_888:720575941609932831	BANC888	is_a	photoreceptor cell R8	
720575941609943114	BANC_888:720575941609943114	BANC888	is_a	adult Kenyon cell	
720575941609944394	BANC_888:720575941609944394	BANC888	is_a	gamma main Kenyon cell	
720575941609946857	BANC_888:720575941609946857	BANC888	is_a	adult CB1985 neuron	
720575941609947679	BANC_888:720575941609947679	BANC888	is_a	lamina monopolar neuron L5	
720575941609964009	BANC_888:720575941609964009	BANC888	is_a	adult IN14A120 neuron	
720575941609968159	BANC_888:720575941609968159	BANC888	is_a	photoreceptor cell R8	
720575941609968870	BANC_888:720575941609968870	BANC888	is_a	lobula plate intrinsic neuron LPi4-3	FlyBase:FBrf0262545
720575941609969226	BANC_888:720575941609969226	BANC888	is_a	mechanosensory neuron of trochanter campaniform sensillum	
720575941609969951	BANC_888:720575941609969951	BANC888	is_a	photoreceptor cell R8	
720575941609970207	BANC_888:720575941609970207	BANC888	is_a	lamina monopolar neuron L1	
720575941609970250	BANC_888:720575941609970250	BANC888	is_a	adult CB2517 neuron	
720575941609977065	BANC_888:720575941609977065	BANC888	is_a	mesothoracic leg taste bristle chemosensory neuron	
720575941609985257	BANC_888:720575941609985257	BANC888	is_a	aristal sensory neuron VP3	
720575941609987817	BANC_888:720575941609987817	BANC888	is_a	medulla intrinsic neuron Mi1	
720575941609990474	BANC_888:720575941609990474	BANC888	is_a	transmedullary neuron Tm9	
720575941609994214	BANC_888:720575941609994214	BANC888	is_a	alpha/beta Kenyon cell	
720575941609994217	BANC_888:720575941609994217	BANC888	is_a	protocerebral bridge 1 glomerulus-fan-shaped body-nodulus 3 posterior domain neuron	
720575941609997386	BANC_888:720575941609997386	BANC888	is_a	adult IN09A038 neuron	
720575941610008138	BANC_888:720575941610008138	BANC888	is_a	adult IN03B068 neuron	
720575941610015306	BANC_888:720575941610015306	BANC888	is_a	adult IN16B058 neuron	
720575941610018378	BANC_888:720575941610018378	BANC888	is_a	adult IN14A103 neuron	
720575941610025034	BANC_888:720575941610025034	BANC888	is_a	adult INXXX440 neuron	
720575941610029642	BANC_888:720575941610029642	BANC888	is_a	prothoracic accessory tibial flexor motor neuron	
720575941610031434	BANC_888:720575941610031434	BANC888	is_a	adult IN19A130 neuron	
720575941610039981	BANC_888:720575941610039981	BANC888	is_a	adult IN14A065 neuron	
720575941610042029	BANC_888:720575941610042029	BANC888	is_a	adult IN12B036 neuron	
720575941610056166	BANC_888:720575941610056166	BANC888	is_a	adult IN06A033 neuron	
720575941610056934	BANC_888:720575941610056934	BANC888	is_a	adult IN07B068 neuron	
720575941610057133	BANC_888:720575941610057133	BANC888	is_a	adult fan-shaped body layer 1 neuron of DM6 lineage	
720575941610058413	BANC_888:720575941610058413	BANC888	is_a	adult wedge neuron 163	
720575941610058473	BANC_888:720575941610058473	BANC888	is_a	transmedullary Y neuron TmY5a	
720575941610059181	BANC_888:720575941610059181	BANC888	is_a	adult fruitless aSP-f (female) neuron	
720575941610059497	BANC_888:720575941610059497	BANC888	is_a	distal medullary amacrine neuron Dm10	
720575941610063334	BANC_888:720575941610063334	BANC888	is_a	prothoracic leg taste bristle chemosensory neuron	
720575941610063590	BANC_888:720575941610063590	BANC888	is_a	adult IN13B038 neuron	
720575941610063849	BANC_888:720575941610063849	BANC888	is_a	transmedullary neuron Tm1	
720575941610064102	BANC_888:720575941610064102	BANC888	is_a	metathoracic tarsal depressor muscle motor neuron	
720575941610065385	BANC_888:720575941610065385	BANC888	is_a	adult optic lobe intrinsic neuron	
720575941610066153	BANC_888:720575941610066153	BANC888	is_a	adult optic lobe intrinsic neuron	
720575941610069066	BANC_888:720575941610069066	BANC888	is_a	adult IN13B052 neuron	
720575941610069094	BANC_888:720575941610069094	BANC888	is_a	adult IN05B077 neuron	
720575941610069677	BANC_888:720575941610069677	BANC888	is_a	adult CB1456 neuron	
720575941610072906	BANC_888:720575941610072906	BANC888	is_a	adult fan-shaped body layer 5 neuron of DPMpl2 lineage	
720575941610073958	BANC_888:720575941610073958	BANC888	is_a	adult MNad02 neuron	
720575941610080102	BANC_888:720575941610080102	BANC888	is_a	adult IN14A077 neuron	
720575941610083103	BANC_888:720575941610083103	BANC888	is_a	lamina monopolar neuron L3	
720575941610083305	BANC_888:720575941610083305	BANC888	is_a	adult optic lobe intrinsic neuron	
720575941610087401	BANC_888:720575941610087401	BANC888	is_a	T2 neuron	
720575941610087498	BANC_888:720575941610087498	BANC888	is_a	dorsal tp motor neuron	
720575941610088522	BANC_888:720575941610088522	BANC888	is_a	adult IN06A093 neuron	
720575941610090157	BANC_888:720575941610090157	BANC888	is_a	adult fan-shaped body horizontal delta neuron K	
720575941610093033	BANC_888:720575941610093033	BANC888	is_a	adult IN18B043 neuron	
720575941610094057	BANC_888:720575941610094057	BANC888	is_a	mechanosensory neuron of hair plate	
720575941610094569	BANC_888:720575941610094569	BANC888	is_a	adult optic lobe intrinsic neuron	
720575941610095849	BANC_888:720575941610095849	BANC888	is_a	adult IN06A130 neuron	
720575941610099433	BANC_888:720575941610099433	BANC888	is_a	adult IN19A043 neuron	
720575941610100554	BANC_888:720575941610100554	BANC888	is_a	adult antennal lobe projection neuron VA1d adPN	
720575941610103114	BANC_888:720575941610103114	BANC888	is_a	adult IN02A066 neuron	
720575941610108333	BANC_888:720575941610108333	BANC888	is_a	gamma main Kenyon cell	
720575941610111818	BANC_888:720575941610111818	BANC888	is_a	adult IN12B027 neuron	
720575941610113354	BANC_888:720575941610113354	BANC888	is_a	adult SNxx33 neuron	
720575941610115103	BANC_888:720575941610115103	BANC888	is_a	centrifugal neuron C2	
720575941610116426	BANC_888:720575941610116426	BANC888	is_a	adult IN17A061 neuron	
720575941610122058	BANC_888:720575941610122058	BANC888	is_a	adult IN16B042 neuron	
720575941610123753	BANC_888:720575941610123753	BANC888	is_a	adult optic lobe intrinsic neuron	
720575941610128813	BANC_888:720575941610128813	BANC888	is_a	gamma main Kenyon cell	
720575941610129738	BANC_888:720575941610129738	BANC888	is_a	adult IN05B086 neuron	
720575941610130409	BANC_888:720575941610130409	BANC888	is_a	T3 neuron	
720575941610132042	BANC_888:720575941610132042	BANC888	is_a	adult SNta35 neuron	
720575941610133225	BANC_888:720575941610133225	BANC888	is_a	T5b neuron	
720575941610133993	BANC_888:720575941610133993	BANC888	is_a	adult optic lobe intrinsic neuron	
720575941610134505	BANC_888:720575941610134505	BANC888	is_a	lobula-lobula plate columnar neuron LLPC2	
720575941610136553	BANC_888:720575941610136553	BANC888	is_a	centrifugal neuron C3	
720575941610137005	BANC_888:720575941610137005	BANC888	is_a	Y neuron Y1	
720575941610138442	BANC_888:720575941610138442	BANC888	is_a	adult SNch14 neuron	
720575941610143149	BANC_888:720575941610143149	BANC888	is_a	adult optic lobe intrinsic neuron	
720575941610144685	BANC_888:720575941610144685	BANC888	is_a	T4d neuron	
720575941610148013	BANC_888:720575941610148013	BANC888	is_a	T4d neuron	
720575941610148269	BANC_888:720575941610148269	BANC888	is_a	alpha/beta Kenyon cell	
720575941610149037	BANC_888:720575941610149037	BANC888	is_a	adult optic lobe intrinsic neuron	
720575941610151398	BANC_888:720575941610151398	BANC888	is_a	adult CB1537 neuron	
720575941610154217	BANC_888:720575941610154217	BANC888	is_a	T5b neuron	
720575941610155497	BANC_888:720575941610155497	BANC888	is_a	centrifugal neuron C3	
720575941610157386	BANC_888:720575941610157386	BANC888	is_a	adult SNta36 neuron	
720575941610160045	BANC_888:720575941610160045	BANC888	is_a	T4b neuron	
720575941610171053	BANC_888:720575941610171053	BANC888	is_a	T4b neuron	
720575941610171750	BANC_888:720575941610171750	BANC888	is_a	translobula plate neuron Tlp4	
720575941610172905	BANC_888:720575941610172905	BANC888	is_a	T4c neuron	
720575941610174950	BANC_888:720575941610174950	BANC888	is_a	adult IN06A100 neuron	
720575941610175078	BANC_888:720575941610175078	BANC888	is_a	adult optic lobe intrinsic neuron	
720575941610176173	BANC_888:720575941610176173	BANC888	is_a	adult posterior lateral protocerebrum neuron 158	
720575941610176941	BANC_888:720575941610176941	BANC888	is_a	transmedullary neuron Tm9	
720575941610177382	BANC_888:720575941610177382	BANC888	is_a	T5a neuron	
720575941610178150	BANC_888:720575941610178150	BANC888	is_a	T4d neuron	
720575941610178733	BANC_888:720575941610178733	BANC888	is_a	distal medullary amacrine neuron Dm3a	FlyBase:FBrf0262545
720575941610180966	BANC_888:720575941610180966	BANC888	is_a	adult optic lobe intrinsic neuron	
720575941610181734	BANC_888:720575941610181734	BANC888	is_a	transmedullary neuron Tm3	
720575941610182118	BANC_888:720575941610182118	BANC888	is_a	T5b neuron	
720575941610182889	BANC_888:720575941610182889	BANC888	is_a	adult optic lobe intrinsic neuron	
720575941610183085	BANC_888:720575941610183085	BANC888	is_a	T4a neuron	
720575941610184934	BANC_888:720575941610184934	BANC888	is_a	lobula columnar neuron LC17	
720575941610185830	BANC_888:720575941610185830	BANC888	is_a	lamina monopolar neuron L5	
720575941610187850	BANC_888:720575941610187850	BANC888	is_a	alpha/beta Kenyon cell	
720575941610188106	BANC_888:720575941610188106	BANC888	is_a	alpha/beta Kenyon cell	
720575941610188205	BANC_888:720575941610188205	BANC888	is_a	T5c neuron	
720575941610189485	BANC_888:720575941610189485	BANC888	is_a	transmedullary neuron Tm6	FlyBase:FBrf0262545
720575941610191021	BANC_888:720575941610191021	BANC888	is_a	T4a neuron	
720575941610192998	BANC_888:720575941610192998	BANC888	is_a	T4d neuron	
720575941610194022	BANC_888:720575941610194022	BANC888	is_a	medulla intrinsic neuron Mi4	
720575941610194719	BANC_888:720575941610194719	BANC888	is_a	lamina monopolar neuron L5	
720575941610195046	BANC_888:720575941610195046	BANC888	is_a	T5c neuron	
720575941610196966	BANC_888:720575941610196966	BANC888	is_a	transmedullary neuron Tm3	
720575941610197222	BANC_888:720575941610197222	BANC888	is_a	T4a neuron	
720575941610197791	BANC_888:720575941610197791	BANC888	is_a	lamina monopolar neuron L5	
720575941610200237	BANC_888:720575941610200237	BANC888	is_a	T5c neuron	
720575941610200550	BANC_888:720575941610200550	BANC888	is_a	T4d neuron	
720575941610202342	BANC_888:720575941610202342	BANC888	is_a	transmedullary neuron Tm2	
720575941610204137	BANC_888:720575941610204137	BANC888	is_a	T5d neuron	
720575941610205101	BANC_888:720575941610205101	BANC888	is_a	photoreceptor cell R7	
720575941610205542	BANC_888:720575941610205542	BANC888	is_a	adult optic lobe intrinsic neuron	
720575941610207050	BANC_888:720575941610207050	BANC888	is_a	adult olfactory receptor neuron Ir92a	
720575941610207974	BANC_888:720575941610207974	BANC888	is_a	T4a neuron	
720575941610211757	BANC_888:720575941610211757	BANC888	is_a	adult optic lobe intrinsic neuron	
720575941610212582	BANC_888:720575941610212582	BANC888	is_a	Y neuron Y12	
720575941610212682	BANC_888:720575941610212682	BANC888	is_a	mechanosensory neuron of interommatidial bristle	
720575941610213194	BANC_888:720575941610213194	BANC888	is_a	adult SNta37 neuron	
720575941610213478	BANC_888:720575941610213478	BANC888	is_a	descending neuron of the gnathal ganglion DNg01	
720575941610214374	BANC_888:720575941610214374	BANC888	is_a	T4c neuron	
720575941610215142	BANC_888:720575941610215142	BANC888	is_a	T5c neuron	
720575941610217133	BANC_888:720575941610217133	BANC888	is_a	T5d neuron	
720575941610219558	BANC_888:720575941610219558	BANC888	is_a	gustatory receptor neuron of the wing	
720575941610220582	BANC_888:720575941610220582	BANC888	is_a	gustatory receptor neuron of the wing	
720575941610223946	BANC_888:720575941610223946	BANC888	is_a	mechanosensory neuron of interommatidial bristle	
720575941610223974	BANC_888:720575941610223974	BANC888	is_a	sensory neuron of haltere campaniform sensillum	
720575941610229322	BANC_888:720575941610229322	BANC888	is_a	adult SNch05 neuron	
720575941610231370	BANC_888:720575941610231370	BANC888	is_a	adult olfactory receptor neuron Or35a	
720575941610231626	BANC_888:720575941610231626	BANC888	is_a	zone A Johnston organ neuron	
720575941610233065	BANC_888:720575941610233065	BANC888	is_a	centrifugal neuron C2	
720575941610234954	BANC_888:720575941610234954	BANC888	is_a	adult SNch10 neuron	
720575941610237258	BANC_888:720575941610237258	BANC888	is_a	wing margin mechanosensory bristle	
720575941610237514	BANC_888:720575941610237514	BANC888	is_a	mechanosensory neuron of maxillary palp bristle	
720575941610237770	BANC_888:720575941610237770	BANC888	is_a	adult SNta44 neuron	
720575941610238822	BANC_888:720575941610238822	BANC888	is_a	Y neuron Y11	
720575941610243146	BANC_888:720575941610243146	BANC888	is_a	femoral chordotonal club neuron	
720575941610246246	BANC_888:720575941610246246	BANC888	is_a	transmedullary neuron Tm6	FlyBase:FBrf0262545
720575941610248166	BANC_888:720575941610248166	BANC888	is_a	T5b neuron	
720575941610255277	BANC_888:720575941610255277	BANC888	is_a	lobula columnar neuron LC10	
720575941610255974	BANC_888:720575941610255974	BANC888	is_a	T4c neuron	
720575941610258665	BANC_888:720575941610258665	BANC888	is_a	transmedullary Y neuron TmY14	
720575941610258918	BANC_888:720575941610258918	BANC888	is_a	lobula plate columnar neuron LPC2	
720575941610261993	BANC_888:720575941610261993	BANC888	is_a	adult SNxx30 neuron	
720575941610262761	BANC_888:720575941610262761	BANC888	is_a	adult Kenyon cell	
720575941610264166	BANC_888:720575941610264166	BANC888	is_a	lobula plate intrinsic neuron LPi34-12	FlyBase:FBrf0262545
720575941610265162	BANC_888:720575941610265162	BANC888	is_a	adult CB2981 neuron	
720575941610265190	BANC_888:720575941610265190	BANC888	is_a	Y neuron Y3	
720575941610268746	BANC_888:720575941610268746	BANC888	is_a	adult CB3024 neuron	
720575941610270822	BANC_888:720575941610270822	BANC888	is_a	transmedullary Y neuron TmY3	
720575941610273766	BANC_888:720575941610273766	BANC888	is_a	lobula columnar neuron LC17	
720575941610277350	BANC_888:720575941610277350	BANC888	is_a	transmedullary neuron Tm2	
720575941610283850	BANC_888:720575941610283850	BANC888	is_a	adult AN10B046 neuron	
720575941610284774	BANC_888:720575941610284774	BANC888	is_a	T4c neuron	
720575941610286253	BANC_888:720575941610286253	BANC888	is_a	transmedullary neuron Tm2	
720575941610288098	BANC_888:720575941610288098	BANC888	is_a	wing margin taste bristle	
720575941610290093	BANC_888:720575941610290093	BANC888	is_a	Y neuron Y3	
720575941610290406	BANC_888:720575941610290406	BANC888	is_a	adult CNS neuron	
720575941610290605	BANC_888:720575941610290605	BANC888	is_a	adult CB3820 neuron	
720575941610292141	BANC_888:720575941610292141	BANC888	is_a	adult lobula intrinsic neuron Li22	FlyBase:FBrf0262545
720575941610292457	BANC_888:720575941610292457	BANC888	is_a	lamina monopolar neuron L3	
720575941610296650	BANC_888:720575941610296650	BANC888	is_a	adult CB2553 neuron	
720575941610297577	BANC_888:720575941610297577	BANC888	is_a	T5c neuron	
720575941610299238	BANC_888:720575941610299238	BANC888	is_a	adult optic lobe intrinsic neuron	
720575941610300134	BANC_888:720575941610300134	BANC888	is_a	T3 neuron	
720575941610302950	BANC_888:720575941610302950	BANC888	is_a	medulla intrinsic neuron Mi15	
720575941610303590	BANC_888:720575941610303590	BANC888	is_a	medulla intrinsic neuron Mi15	
720575941610303974	BANC_888:720575941610303974	BANC888	is_a	Y neuron Y4	
720575941610307245	BANC_888:720575941610307245	BANC888	is_a	transmedullary neuron Tm9	
720575941610307430	BANC_888:720575941610307430	BANC888	is_a	T4b neuron	
720575941610307757	BANC_888:720575941610307757	BANC888	is_a	adult optic lobe intrinsic neuron	
720575941610308329	BANC_888:720575941610308329	BANC888	is_a	protocerebral bridge 1 glomerulus-fan-shaped body-nodulus 3 posterior domain neuron	
720575941610308710	BANC_888:720575941610308710	BANC888	is_a	lobula columnar neuron LC9	
720575941610309478	BANC_888:720575941610309478	BANC888	is_a	adult posterior slope neuron 083	
720575941610311910	BANC_888:720575941610311910	BANC888	is_a	transmedullary neuron Tm20	
720575941610316006	BANC_888:720575941610316006	BANC888	is_a	protocerebral bridge 1 glomerulus-fan-shaped body-nodulus 3 posterior domain neuron	
720575941610317020	BANC_888:720575941610317020	BANC888	is_a	adult AN19B065 neuron	
720575941610317997	BANC_888:720575941610317997	BANC888	is_a	transmedullary neuron Tm2	
720575941610319846	BANC_888:720575941610319846	BANC888	is_a	transmedullary neuron Tm6	FlyBase:FBrf0262545
720575941610324653	BANC_888:720575941610324653	BANC888	is_a	T2 neuron	
720575941610330342	BANC_888:720575941610330342	BANC888	is_a	medulla intrinsic neuron Mi4	
720575941610332636	BANC_888:720575941610332636	BANC888	is_a	sensory neuron of haltere campaniform sensillum	
720575941610333666	BANC_888:720575941610333666	BANC888	is_a	wing margin taste bristle	
720575941610338406	BANC_888:720575941610338406	BANC888	is_a	adult lobula columnar neuron LC31a	
720575941610338793	BANC_888:720575941610338793	BANC888	is_a	adult IN04B114 neuron	
720575941610341346	BANC_888:720575941610341346	BANC888	is_a	gustatory receptor neuron of the wing	
720575941610343142	BANC_888:720575941610343142	BANC888	is_a	distal medullary amacrine neuron Dm3a	FlyBase:FBrf0262545
720575941610344550	BANC_888:720575941610344550	BANC888	is_a	adult optic lobe intrinsic neuron	
720575941610344678	BANC_888:720575941610344678	BANC888	is_a	T4b neuron	
720575941610346413	BANC_888:720575941610346413	BANC888	is_a	T5c neuron	
720575941610346985	BANC_888:720575941610346985	BANC888	is_a	adult IN19A054 neuron	
720575941610347878	BANC_888:720575941610347878	BANC888	is_a	medulla intrinsic neuron Mi15	
720575941610348106	BANC_888:720575941610348106	BANC888	is_a	adult lateral horn AV1b1 neuron	
720575941610350438	BANC_888:720575941610350438	BANC888	is_a	distal medullary amacrine neuron Dm15	
720575941610350562	BANC_888:720575941610350562	BANC888	is_a	gustatory receptor neuron of the wing	
720575941610351337	BANC_888:720575941610351337	BANC888	is_a	adult IN19A118 neuron	
720575941610354153	BANC_888:720575941610354153	BANC888	is_a	adult IN12A062 neuron	
720575941610357933	BANC_888:720575941610357933	BANC888	is_a	transmedullary neuron Tm1	
720575941610358761	BANC_888:720575941610358761	BANC888	is_a	mesothoracic accessory trochanter levator muscle motor neuron	
720575941610359882	BANC_888:720575941610359882	BANC888	is_a	alpha/beta Kenyon cell	
720575941610360678	BANC_888:720575941610360678	BANC888	is_a	adult optic lobe intrinsic neuron	
720575941610363881	BANC_888:720575941610363881	BANC888	is_a	adult IN20A.22A049 neuron	
720575941610367661	BANC_888:720575941610367661	BANC888	is_a	distal medullary amacrine neuron Dm10	
720575941610367718	BANC_888:720575941610367718	BANC888	is_a	adult optic lobe intrinsic neuron	
720575941610369866	BANC_888:720575941610369866	BANC888	is_a	adult hygrosensory neuron Ir68a VP1m	
720575941610370634	BANC_888:720575941610370634	BANC888	is_a	adult fan-shaped body horizontal delta neuron F	
720575941610370793	BANC_888:720575941610370793	BANC888	is_a	gamma main Kenyon cell	
720575941610371561	BANC_888:720575941610371561	BANC888	is_a	distal medullary amacrine neuron Dm15	
720575941610374061	BANC_888:720575941610374061	BANC888	is_a	medulla intrinsic neuron Mi4	
720575941610375853	BANC_888:720575941610375853	BANC888	is_a	adult optic lobe intrinsic neuron	
720575941610377318	BANC_888:720575941610377318	BANC888	is_a	distal medullary amacrine neuron Dm9	
720575941610377702	BANC_888:720575941610377702	BANC888	is_a	T5c neuron	
720575941610381642	BANC_888:720575941610381642	BANC888	is_a	adult medulla intrinsic neuron Mi17	FlyBase:FBrf0262545
720575941610384557	BANC_888:720575941610384557	BANC888	is_a	T5d neuron	
720575941610386662	BANC_888:720575941610386662	BANC888	is_a	T4b neuron	
720575941610391529	BANC_888:720575941610391529	BANC888	is_a	adult fan-shaped body 1 column-crepine neuron	FlyBase:FBrf0246888
720575941610393065	BANC_888:720575941610393065	BANC888	is_a	adult INXXX440 neuron	
720575941610395878	BANC_888:720575941610395878	BANC888	is_a	T5b neuron	
720575941610398694	BANC_888:720575941610398694	BANC888	is_a	T4c neuron	
720575941610407398	BANC_888:720575941610407398	BANC888	is_a	transmedullary neuron Tm20	
720575941610408169	BANC_888:720575941610408169	BANC888	is_a	adult IN20A.22A054 neuron	
720575941610414566	BANC_888:720575941610414566	BANC888	is_a	columnar neuron T1	
720575941610420070	BANC_888:720575941610420070	BANC888	is_a	T2a neuron	
720575941610420838	BANC_888:720575941610420838	BANC888	is_a	adult optic lobe intrinsic neuron	
720575941610421734	BANC_888:720575941610421734	BANC888	is_a	lobula columnar neuron LC17	
720575941610422189	BANC_888:720575941610422189	BANC888	is_a	transmedullary neuron Tm2	
720575941610425190	BANC_888:720575941610425190	BANC888	is_a	T5b neuron	
720575941610427722	BANC_888:720575941610427722	BANC888	is_a	adult central brain intrinsic neuron	
720575941610428006	BANC_888:720575941610428006	BANC888	is_a	adult optic lobe intrinsic neuron	
720575941610429286	BANC_888:720575941610429286	BANC888	is_a	adult optic lobe intrinsic neuron	
720575941610429770	BANC_888:720575941610429770	BANC888	is_a	medulla intrinsic neuron Mi9	
720575941610431078	BANC_888:720575941610431078	BANC888	is_a	translobula plate neuron Tlp1	
720575941610432870	BANC_888:720575941610432870	BANC888	is_a	Y neuron Y3	
720575941610433610	BANC_888:720575941610433610	BANC888	is_a	adult lobula columnar neuron LC46b	FlyBase:FBrf0262545
720575941610438246	BANC_888:720575941610438246	BANC888	is_a	Y neuron Y1	
720575941610439145	BANC_888:720575941610439145	BANC888	is_a	adult SNta31 neuron	
720575941610443437	BANC_888:720575941610443437	BANC888	is_a	Y neuron Y12	
720575941610446569	BANC_888:720575941610446569	BANC888	is_a	adult IN03B071 neuron	
720575941610447846	BANC_888:720575941610447846	BANC888	is_a	proximal medullary amacrine neuron Pm1	FlyBase:FBrf0262545
720575941610448742	BANC_888:720575941610448742	BANC888	is_a	lobula-lobula plate columnar neuron LLPC3	
720575941610452457	BANC_888:720575941610452457	BANC888	is_a	adult SNta39 neuron	
720575941610454502	BANC_888:720575941610454502	BANC888	is_a	T5c neuron	
720575941610455782	BANC_888:720575941610455782	BANC888	is_a	distal medullary amacrine neuron Dm3c	FlyBase:FBrf0262545
720575941610455785	BANC_888:720575941610455785	BANC888	is_a	adult IN13B005 neuron	
720575941610458601	BANC_888:720575941610458601	BANC888	is_a	wing margin mechanosensory bristle	
720575941610462953	BANC_888:720575941610462953	BANC888	is_a	adult SNxx22 neuron	
720575941610464330	BANC_888:720575941610464330	BANC888	is_a	adult CB3312 neuron	
720575941610465610	BANC_888:720575941610465610	BANC888	is_a	transmedullary neuron Tm20	
720575941610465769	BANC_888:720575941610465769	BANC888	is_a	medulla intrinsic neuron Mi13	
720575941610471388	BANC_888:720575941610471388	BANC888	is_a	adult IN20A.22A055 neuron	
720575941610473546	BANC_888:720575941610473546	BANC888	is_a	adult CB1974 neuron	
720575941610482140	BANC_888:720575941610482140	BANC888	is_a	adult IN13A044 neuron	
720575941610486090	BANC_888:720575941610486090	BANC888	is_a	adult optic lobe intrinsic neuron	
720575941610487270	BANC_888:720575941610487270	BANC888	is_a	adult CB2358 neuron	
720575941610490698	BANC_888:720575941610490698	BANC888	is_a	adult olfactory receptor neuron Or46aB	
720575941610492636	BANC_888:720575941610492636	BANC888	is_a	adult IN11B019 neuron	
720575941610493404	BANC_888:720575941610493404	BANC888	is_a	adult IN06A069 neuron	
720575941610497098	BANC_888:720575941610497098	BANC888	is_a	medulla intrinsic neuron Mi4	
720575941610506729	BANC_888:720575941610506729	BANC888	is_a	protocerebral bridge 1 glomerulus-fan-shaped body-nodulus 3 posterior domain neuron	
720575941610508646	BANC_888:720575941610508646	BANC888	is_a	T4d neuron	
720575941610510313	BANC_888:720575941610510313	BANC888	is_a	gamma main Kenyon cell	
720575941610512873	BANC_888:720575941610512873	BANC888	is_a	adult SNta10 neuron	
720575941610513226	BANC_888:720575941610513226	BANC888	is_a	distal medullary amacrine neuron Dm18	
720575941610517990	BANC_888:720575941610517990	BANC888	is_a	transmedullary neuron Tm20	
720575941610518886	BANC_888:720575941610518886	BANC888	is_a	lobula plate columnar neuron LPC1	
720575941610526697	BANC_888:720575941610526697	BANC888	is_a	adult olfactory receptor neuron Or92a	
720575941610529354	BANC_888:720575941610529354	BANC888	is_a	adult wedge neuron 145	
720575941610529766	BANC_888:720575941610529766	BANC888	is_a	adult CB1115 neuron	
720575941610530022	BANC_888:720575941610530022	BANC888	is_a	transmedullary neuron Tm2	
720575941610533450	BANC_888:720575941610533450	BANC888	is_a	adult fan-shaped body 1 column-crepine neuron	FlyBase:FBrf0246888
720575941610536924	BANC_888:720575941610536924	BANC888	is_a	adult IN16B069 neuron	
720575941610537692	BANC_888:720575941610537692	BANC888	is_a	adult IN09A093 neuron	
720575941610538729	BANC_888:720575941610538729	BANC888	is_a	adult SNta09 neuron	
720575941610543206	BANC_888:720575941610543206	BANC888	is_a	adult lobula visual projection neuron LoVP18	
720575941610545385	BANC_888:720575941610545385	BANC888	is_a	adult SNta37 neuron	
720575941610546665	BANC_888:720575941610546665	BANC888	is_a	adult SNta44 neuron	
720575941610550236	BANC_888:720575941610550236	BANC888	is_a	adult IN14A028 neuron	
720575941610550249	BANC_888:720575941610550249	BANC888	is_a	adult SNta39 neuron	
720575941610553318	BANC_888:720575941610553318	BANC888	is_a	bitter-sensing neuron	
720575941610561756	BANC_888:720575941610561756	BANC888	is_a	adult IN14A095 neuron	
720575941610562150	BANC_888:720575941610562150	BANC888	is_a	columnar neuron T1	
720575941610563686	BANC_888:720575941610563686	BANC888	is_a	adult optic lobe intrinsic neuron	
720575941610564710	BANC_888:720575941610564710	BANC888	is_a	medulla intrinsic neuron Mi9	
720575941610565478	BANC_888:720575941610565478	BANC888	is_a	lobula columnar neuron	
720575941610566876	BANC_888:720575941610566876	BANC888	is_a	adult IN20A.22A023 neuron	
720575941610567498	BANC_888:720575941610567498	BANC888	is_a	adult posterior lateral protocerebrum neuron 028	
720575941610567597	BANC_888:720575941610567597	BANC888	is_a	pretarsal depressor muscle motor neuron	
720575941610567644	BANC_888:720575941610567644	BANC888	is_a	adult IN08A023 neuron	
720575941610569062	BANC_888:720575941610569062	BANC888	is_a	lobula columnar neuron LC18	
720575941610569574	BANC_888:720575941610569574	BANC888	is_a	T4d neuron	
720575941610573130	BANC_888:720575941610573130	BANC888	is_a	adult SNta29 neuron	
720575941610574922	BANC_888:720575941610574922	BANC888	is_a	adult lateral horn AD1b2 neuron	
720575941610576604	BANC_888:720575941610576604	BANC888	is_a	adult IN16B077 neuron	
720575941610576813	BANC_888:720575941610576813	BANC888	is_a	adult optic lobe intrinsic neuron	
720575941610577628	BANC_888:720575941610577628	BANC888	is_a	adult IN02A053 neuron	
720575941610577884	BANC_888:720575941610577884	BANC888	is_a	adult IN09A077 neuron	
720575941610581421	BANC_888:720575941610581421	BANC888	is_a	medulla intrinsic neuron Mi13	
720575941610583260	BANC_888:720575941610583260	BANC888	is_a	adult IN07B086 neuron	
720575941610583725	BANC_888:720575941610583725	BANC888	is_a	adult lobula intrinsic neuron Li15	FlyBase:FBrf0262545
720575941610587110	BANC_888:720575941610587110	BANC888	is_a	adult lobula intrinsic neuron Li21	FlyBase:FBrf0262545
720575941610587210	BANC_888:720575941610587210	BANC888	is_a	adult olfactory receptor neuron Ir76a ac4	
720575941610587612	BANC_888:720575941610587612	BANC888	is_a	adult IN02A010 neuron	
720575941610587622	BANC_888:720575941610587622	BANC888	is_a	adult CB0978 neuron	
720575941610590953	BANC_888:720575941610590953	BANC888	is_a	adult superior medial protocerebrum neuron 447	
720575941610591465	BANC_888:720575941610591465	BANC888	is_a	adult CB1724 neuron	
720575941610592330	BANC_888:720575941610592330	BANC888	is_a	distal medullary amacrine neuron Dm12	
720575941610592489	BANC_888:720575941610592489	BANC888	is_a	adult posterior lateral protocerebrum neuron 174	
720575941610593098	BANC_888:720575941610593098	BANC888	is_a	adult CB2205 neuron	
720575941610597293	BANC_888:720575941610597293	BANC888	is_a	T4d neuron	
720575941610597340	BANC_888:720575941610597340	BANC888	is_a	adult INXXX440 neuron	
720575941610601830	BANC_888:720575941610601830	BANC888	is_a	adult anterior optic tubercle neuron 027	
720575941610603594	BANC_888:720575941610603594	BANC888	is_a	transmedullary neuron Tm6	FlyBase:FBrf0262545
720575941610604521	BANC_888:720575941610604521	BANC888	is_a	gamma main Kenyon cell	
720575941610607277	BANC_888:720575941610607277	BANC888	is_a	T5c neuron	
720575941610608045	BANC_888:720575941610608045	BANC888	is_a	transmedullary neuron Tm2	
720575941610608604	BANC_888:720575941610608604	BANC888	is_a	metathoracic intracoxal trochanter levator muscle motor neuron	
720575941610611117	BANC_888:720575941610611117	BANC888	is_a	adult SNta43 neuron	
720575941610611558	BANC_888:720575941610611558	BANC888	is_a	adult IN00A017 neuron	
720575941610613066	BANC_888:720575941610613066	BANC888	is_a	adult optic lobe intrinsic neuron	
720575941610613212	BANC_888:720575941610613212	BANC888	is_a	adult IN08A022 neuron	
720575941610613677	BANC_888:720575941610613677	BANC888	is_a	adult SNta43 neuron	
720575941610613724	BANC_888:720575941610613724	BANC888	is_a	adult IN13A046 neuron	
720575941610616553	BANC_888:720575941610616553	BANC888	is_a	adult crepine neuron 007	
720575941610618982	BANC_888:720575941610618982	BANC888	is_a	adult IN06B052 neuron	
720575941610621613	BANC_888:720575941610621613	BANC888	is_a	adult optic lobe intrinsic neuron	
720575941610622637	BANC_888:720575941610622637	BANC888	is_a	adult transmedullary Y neuron TmY17	FlyBase:FBrf0262545
720575941610623405	BANC_888:720575941610623405	BANC888	is_a	transmedullary neuron Tm3	
720575941610624233	BANC_888:720575941610624233	BANC888	is_a	adult superior lateral protocerebrum neuron 160	
720575941610625001	BANC_888:720575941610625001	BANC888	is_a	adult CB1417 neuron	
720575941610625766	BANC_888:720575941610625766	BANC888	is_a	transmedullary neuron Tm3	
720575941610635181	BANC_888:720575941610635181	BANC888	is_a	medulla intrinsic neuron Mi13	
720575941610635497	BANC_888:720575941610635497	BANC888	is_a	alpha'/beta' anterior-posterior type 2 Kenyon cell	
720575941610636265	BANC_888:720575941610636265	BANC888	is_a	adult wedge neuron 072	
720575941610637542	BANC_888:720575941610637542	BANC888	is_a	transmedullary neuron Tm2	
720575941610644141	BANC_888:720575941610644141	BANC888	is_a	transmedullary neuron Tm4	
720575941610644969	BANC_888:720575941610644969	BANC888	is_a	adult CB1699 neuron	
720575941610649574	BANC_888:720575941610649574	BANC888	is_a	T4d neuron	
720575941610651309	BANC_888:720575941610651309	BANC888	is_a	T5a neuron	
720575941610654185	BANC_888:720575941610654185	BANC888	is_a	adult wedge neuron 004	
720575941610654538	BANC_888:720575941610654538	BANC888	is_a	mechanosensory neuron of interommatidial bristle	
720575941610656685	BANC_888:720575941610656685	BANC888	is_a	T5d neuron	
720575941610657769	BANC_888:720575941610657769	BANC888	is_a	adult lateral horn AV6a3 neuron	
720575941610658025	BANC_888:720575941610658025	BANC888	is_a	adult CNS neuron	
720575941610658524	BANC_888:720575941610658524	BANC888	is_a	mechanosensory neuron of Wheeler's organ	
720575941610658634	BANC_888:720575941610658634	BANC888	is_a	adult CNS neuron	
720575941610658790	BANC_888:720575941610658790	BANC888	is_a	adult optic lobe intrinsic neuron	
720575941610659658	BANC_888:720575941610659658	BANC888	is_a	transmedullary neuron Tm1	
720575941610660682	BANC_888:720575941610660682	BANC888	is_a	lobula columnar neuron LC18	
720575941610662118	BANC_888:720575941610662118	BANC888	is_a	transmedullary neuron Tm20	
720575941610663754	BANC_888:720575941610663754	BANC888	is_a	medulla intrinsic neuron Mi9	
720575941610664621	BANC_888:720575941610664621	BANC888	is_a	adult AN09B033 neuron	
720575941610665389	BANC_888:720575941610665389	BANC888	is_a	T4a neuron	
720575941610668262	BANC_888:720575941610668262	BANC888	is_a	T4b neuron	
720575941610670182	BANC_888:720575941610670182	BANC888	is_a	adult lobula intrinsic neuron Li22	FlyBase:FBrf0262545
720575941610671068	BANC_888:720575941610671068	BANC888	is_a	bristle sensory neuron	
720575941610671277	BANC_888:720575941610671277	BANC888	is_a	adult CB2267 neuron	
720575941610672970	BANC_888:720575941610672970	BANC888	is_a	transmedullary neuron Tm4	
720575941610674153	BANC_888:720575941610674153	BANC888	is_a	alpha/beta Kenyon cell	
720575941610675433	BANC_888:720575941610675433	BANC888	is_a	alpha/beta Kenyon cell	
720575941610676966	BANC_888:720575941610676966	BANC888	is_a	adult SNta29 neuron	
720575941610678502	BANC_888:720575941610678502	BANC888	is_a	adult SNta38 neuron	
720575941610679529	BANC_888:720575941610679529	BANC888	is_a	Y neuron Y4	
720575941610682086	BANC_888:720575941610682086	BANC888	is_a	adult SNpp15 neuron	
720575941610682345	BANC_888:720575941610682345	BANC888	is_a	Y neuron Y11	
720575941610682470	BANC_888:720575941610682470	BANC888	is_a	adult antennal lobe projection neuron VL2a vPN	
720575941610683053	BANC_888:720575941610683053	BANC888	is_a	adult interneuron	
720575941610683466	BANC_888:720575941610683466	BANC888	is_a	transmedullary neuron Tm3	
720575941610685002	BANC_888:720575941610685002	BANC888	is_a	centrifugal neuron C3	
720575941610685670	BANC_888:720575941610685670	BANC888	is_a	transmedullary neuron Tm2	
720575941610686054	BANC_888:720575941610686054	BANC888	is_a	adult IN03A037 neuron	
720575941610688842	BANC_888:720575941610688842	BANC888	is_a	alpha/beta Kenyon cell	
720575941610690150	BANC_888:720575941610690150	BANC888	is_a	transmedullary neuron Tm6	FlyBase:FBrf0262545
720575941610692781	BANC_888:720575941610692781	BANC888	is_a	T4a neuron	
720575941610692966	BANC_888:720575941610692966	BANC888	is_a	distal medullary amacrine neuron Dm2	
720575941610693293	BANC_888:720575941610693293	BANC888	is_a	transmedullary neuron Tm3	
720575941610694573	BANC_888:720575941610694573	BANC888	is_a	transmedullary neuron Tm3	
720575941610695718	BANC_888:720575941610695718	BANC888	is_a	leg taste bristle chemosensory neuron	
720575941610696550	BANC_888:720575941610696550	BANC888	is_a	adult optic lobe intrinsic neuron	
720575941610697766	BANC_888:720575941610697766	BANC888	is_a	prothoracic leg taste bristle chemosensory neuron	
720575941610699241	BANC_888:720575941610699241	BANC888	is_a	medulla intrinsic neuron Mi9	
720575941610700106	BANC_888:720575941610700106	BANC888	is_a	medulla intrinsic neuron Mi4	
720575941610700518	BANC_888:720575941610700518	BANC888	is_a	transmedullary neuron Tm9	
720575941610701414	BANC_888:720575941610701414	BANC888	is_a	transmedullary neuron Tm20	
720575941610703462	BANC_888:720575941610703462	BANC888	is_a	transmedullary neuron Tm4	
720575941610710118	BANC_888:720575941610710118	BANC888	is_a	medulla intrinsic neuron Mi1	
720575941610716262	BANC_888:720575941610716262	BANC888	is_a	transmedullary neuron Tm2	
720575941610718310	BANC_888:720575941610718310	BANC888	is_a	adult optic lobe intrinsic neuron	
720575941610718794	BANC_888:720575941610718794	BANC888	is_a	alpha/beta Kenyon cell	
720575941610720330	BANC_888:720575941610720330	BANC888	is_a	adult SNta28 neuron	
720575941610722122	BANC_888:720575941610722122	BANC888	is_a	alpha/beta Kenyon cell	
720575941610722378	BANC_888:720575941610722378	BANC888	is_a	alpha/beta Kenyon cell	
720575941610725478	BANC_888:720575941610725478	BANC888	is_a	centrifugal neuron C2	
720575941610728550	BANC_888:720575941610728550	BANC888	is_a	T4a neuron	
720575941610734253	BANC_888:720575941610734253	BANC888	is_a	adult CB3768 neuron	
720575941610738022	BANC_888:720575941610738022	BANC888	is_a	adult optic lobe intrinsic neuron	
720575941610740969	BANC_888:720575941610740969	BANC888	is_a	adult CB1385 neuron	
720575941610741350	BANC_888:720575941610741350	BANC888	is_a	adult optic lobe intrinsic neuron	
720575941610742189	BANC_888:720575941610742189	BANC888	is_a	T5c neuron	
720575941610744422	BANC_888:720575941610744422	BANC888	is_a	medulla intrinsic neuron Mi15	
720575941610750822	BANC_888:720575941610750822	BANC888	is_a	adult SNta38 neuron	
720575941610753257	BANC_888:720575941610753257	BANC888	is_a	adult olfactory receptor neuron Or67b	
720575941610755686	BANC_888:720575941610755686	BANC888	is_a	adult sensory neuron	
720575941610760294	BANC_888:720575941610760294	BANC888	is_a	adult SNta45 neuron	
720575941610761449	BANC_888:720575941610761449	BANC888	is_a	adult CB0951 neuron	
720575941610763082	BANC_888:720575941610763082	BANC888	is_a	centrifugal neuron C3	
720575941610765386	BANC_888:720575941610765386	BANC888	is_a	centrifugal neuron C3	
720575941610767178	BANC_888:720575941610767178	BANC888	is_a	centrifugal neuron C2	
720575941610767718	BANC_888:720575941610767718	BANC888	is_a	adult VNC neuron	
720575941610769738	BANC_888:720575941610769738	BANC888	is_a	centrifugal neuron C2	
720575941610771018	BANC_888:720575941610771018	BANC888	is_a	distal medullary amacrine neuron Dm8a	
720575941610773350	BANC_888:720575941610773350	BANC888	is_a	medulla intrinsic neuron Mi15	
720575941610773990	BANC_888:720575941610773990	BANC888	is_a	distal medullary amacrine neuron Dm3c	FlyBase:FBrf0262545
720575941610776284	BANC_888:720575941610776284	BANC888	is_a	adult CB1224 neuron	
720575941610779750	BANC_888:720575941610779750	BANC888	is_a	transmedullary Y neuron TmY10	
720575941610780006	BANC_888:720575941610780006	BANC888	is_a	mechanosensory neuron of frontal bristle	
720575941610781002	BANC_888:720575941610781002	BANC888	is_a	centrifugal neuron C3	
720575941610784220	BANC_888:720575941610784220	BANC888	is_a	adult intrinsic protocerebral bridge 18 glomeruli-delta7 neuron	
720575941610784685	BANC_888:720575941610784685	BANC888	is_a	alpha/beta Kenyon cell	
720575941610786634	BANC_888:720575941610786634	BANC888	is_a	transmedullary neuron Tm3	
720575941610787658	BANC_888:720575941610787658	BANC888	is_a	adult optic lobe intrinsic neuron	
720575941610788966	BANC_888:720575941610788966	BANC888	is_a	Y neuron Y3	
720575941610792230	BANC_888:720575941610792230	BANC888	is_a	adult SNch16 neuron	
720575941610792294	BANC_888:720575941610792294	BANC888	is_a	distal medullary amacrine neuron Dm2	
720575941610795622	BANC_888:720575941610795622	BANC888	is_a	T2 neuron	
720575941610796521	BANC_888:720575941610796521	BANC888	is_a	adult medulla-tubercle neuron 1	
720575941610797286	BANC_888:720575941610797286	BANC888	is_a	centrifugal neuron C2	
720575941610798054	BANC_888:720575941610798054	BANC888	is_a	T4b neuron	
720575941610799334	BANC_888:720575941610799334	BANC888	is_a	T5d neuron	
720575941610801325	BANC_888:720575941610801325	BANC888	is_a	protocerebral bridge 1 glomerulus-fan-shaped body-nodulus 3 posterior domain neuron	
720575941610801894	BANC_888:720575941610801894	BANC888	is_a	distal medullary amacrine neuron Dm3b	FlyBase:FBrf0262545
720575941610804198	BANC_888:720575941610804198	BANC888	is_a	centrifugal neuron C3	
720575941610804457	BANC_888:720575941610804457	BANC888	is_a	proximal medullary amacrine neuron Pm2	FlyBase:FBrf0262545
720575941610806445	BANC_888:720575941610806445	BANC888	is_a	alpha/beta Kenyon cell	
720575941610808906	BANC_888:720575941610808906	BANC888	is_a	femoral chordotonal claw neuron	
720575941610813414	BANC_888:720575941610813414	BANC888	is_a	T2a neuron	
720575941610813417	BANC_888:720575941610813417	BANC888	is_a	adult optic lobe intrinsic neuron	
720575941610817354	BANC_888:720575941610817354	BANC888	is_a	adult optic lobe intrinsic neuron	
720575941610817709	BANC_888:720575941610817709	BANC888	is_a	adult IN13A042 neuron	
720575941610818790	BANC_888:720575941610818790	BANC888	is_a	T5d neuron	
720575941610820070	BANC_888:720575941610820070	BANC888	is_a	T5d neuron	
720575941610823498	BANC_888:720575941610823498	BANC888	is_a	transmedullary Y neuron TmY9	
720575941610826086	BANC_888:720575941610826086	BANC888	is_a	centrifugal neuron C2	
720575941610830253	BANC_888:720575941610830253	BANC888	is_a	adult IN07B076 neuron	
720575941610833510	BANC_888:720575941610833510	BANC888	is_a	T5c neuron	
720575941610838886	BANC_888:720575941610838886	BANC888	is_a	centrifugal neuron C3	
720575941610839882	BANC_888:720575941610839882	BANC888	is_a	adult optic lobe intrinsic neuron	
720575941610843565	BANC_888:720575941610843565	BANC888	is_a	adult IN04B084 neuron	
720575941610847721	BANC_888:720575941610847721	BANC888	is_a	adult optic lobe intrinsic neuron	
720575941610850406	BANC_888:720575941610850406	BANC888	is_a	T5b neuron	
720575941610854121	BANC_888:720575941610854121	BANC888	is_a	adult clamp neuron 169	
720575941610864970	BANC_888:720575941610864970	BANC888	is_a	adult optic lobe intrinsic neuron	
720575941610867177	BANC_888:720575941610867177	BANC888	is_a	medulla tangential intrinsic neuron 1	FlyBase:FBrf0262545
720575941610869734	BANC_888:720575941610869734	BANC888	is_a	alpha'/beta' anterior-posterior type 1 Kenyon cell	
720575941610870118	BANC_888:720575941610870118	BANC888	is_a	distal medullary amacrine neuron Dm3c	FlyBase:FBrf0262545
720575941610870758	BANC_888:720575941610870758	BANC888	is_a	distal medullary amacrine neuron Dm15	
720575941610870886	BANC_888:720575941610870886	BANC888	is_a	T4d neuron	
720575941610871782	BANC_888:720575941610871782	BANC888	is_a	adult IN06A132 neuron	
720575941610872038	BANC_888:720575941610872038	BANC888	is_a	adult IN03B020 neuron	
720575941610872906	BANC_888:720575941610872906	BANC888	is_a	mechanosensory neuron of interommatidial bristle	
720575941610874598	BANC_888:720575941610874598	BANC888	is_a	sensory neuron of wing campaniform sensillum	
720575941610875466	BANC_888:720575941610875466	BANC888	is_a	lobula columnar neuron LC10d	
720575941610876390	BANC_888:720575941610876390	BANC888	is_a	adult IN09A046 neuron	
720575941610876746	BANC_888:720575941610876746	BANC888	is_a	gamma main Kenyon cell	
720575941610879818	BANC_888:720575941610879818	BANC888	is_a	lobula plate intrinsic neuron LPi3-4	FlyBase:FBrf0262545
720575941610881894	BANC_888:720575941610881894	BANC888	is_a	T5a neuron	
720575941610883046	BANC_888:720575941610883046	BANC888	is_a	adult IN04B081 neuron	
720575941610886061	BANC_888:720575941610886061	BANC888	is_a	adult fan-shaped body vertical delta neuron	
720575941610887145	BANC_888:720575941610887145	BANC888	is_a	alpha/beta Kenyon cell	
720575941610889290	BANC_888:720575941610889290	BANC888	is_a	adult transmedullary Y neuron TmY17	FlyBase:FBrf0262545
720575941610892362	BANC_888:720575941610892362	BANC888	is_a	photoreceptor cell R7	
720575941610893386	BANC_888:720575941610893386	BANC888	is_a	adult olfactory receptor neuron Or69a	
720575941610895277	BANC_888:720575941610895277	BANC888	is_a	adult IN03A073 neuron	
720575941610898349	BANC_888:720575941610898349	BANC888	is_a	adult SNta37 neuron	
720575941610898506	BANC_888:720575941610898506	BANC888	is_a	mechanosensory neuron of interommatidial bristle	
720575941610899174	BANC_888:720575941610899174	BANC888	is_a	alpha/beta Kenyon cell	
720575941610901724	BANC_888:720575941610901724	BANC888	is_a	protocerebral bridge 1 glomerulus-fan-shaped body-nodulus 3 posterior domain neuron	
720575941610901834	BANC_888:720575941610901834	BANC888	is_a	adult optic lobe intrinsic neuron	
720575941610902346	BANC_888:720575941610902346	BANC888	is_a	adult optic lobe intrinsic neuron	
720575941610908137	BANC_888:720575941610908137	BANC888	is_a	adult AN06A092 neuron	
720575941610909101	BANC_888:720575941610909101	BANC888	is_a	adult IN21A079 neuron	
720575941610911405	BANC_888:720575941610911405	BANC888	is_a	adult fan-shaped body layer 4 tangential neuron	FlyBase:FBrf0246888
720575941610911977	BANC_888:720575941610911977	BANC888	is_a	transmedullary neuron Tm1	
720575941610917037	BANC_888:720575941610917037	BANC888	is_a	adult DNxl113 neuron	
720575941610918377	BANC_888:720575941610918377	BANC888	is_a	gamma main Kenyon cell	
720575941610919132	BANC_888:720575941610919132	BANC888	is_a	adult ellipsoid body ring neuron R3d	
720575941610920109	BANC_888:720575941610920109	BANC888	is_a	adult SNta41 neuron	
720575941610921436	BANC_888:720575941610921436	BANC888	is_a	protocerebral bridge 1 glomerulus-fan-shaped body-nodulus 3 anterior domain neuron	
720575941610924774	BANC_888:720575941610924774	BANC888	is_a	gamma dorsal Kenyon cell	
720575941610927846	BANC_888:720575941610927846	BANC888	is_a	adult IN06A098 neuron	
720575941610928870	BANC_888:720575941610928870	BANC888	is_a	femoral chordotonal club neuron	
720575941610935882	BANC_888:720575941610935882	BANC888	is_a	T2a neuron	
720575941610936553	BANC_888:720575941610936553	BANC888	is_a	lobula columnar neuron LC27	
720575941610936809	BANC_888:720575941610936809	BANC888	is_a	adult optic lobe intrinsic neuron	
720575941610938797	BANC_888:720575941610938797	BANC888	is_a	adult AN09B012 neuron	
720575941610942538	BANC_888:720575941610942538	BANC888	is_a	centrifugal neuron C3	
720575941610945257	BANC_888:720575941610945257	BANC888	is_a	Y neuron Y1	
720575941610945894	BANC_888:720575941610945894	BANC888	is_a	T3 neuron	
720575941610946406	BANC_888:720575941610946406	BANC888	is_a	mechanosensory neuron of interommatidial bristle	
720575941610949350	BANC_888:720575941610949350	BANC888	is_a	adult SNta43 neuron	
720575941610949962	BANC_888:720575941610949962	BANC888	is_a	adult motor neuron	
720575941610953193	BANC_888:720575941610953193	BANC888	is_a	mechanosensory neuron of interommatidial bristle	
720575941610953446	BANC_888:720575941610953446	BANC888	is_a	adult IN03B065 neuron	
720575941610956777	BANC_888:720575941610956777	BANC888	is_a	adult optic lobe intrinsic neuron	
720575941610957414	BANC_888:720575941610957414	BANC888	is_a	T2a neuron	
720575941610959206	BANC_888:720575941610959206	BANC888	is_a	T4c neuron	
720575941610960105	BANC_888:720575941610960105	BANC888	is_a	medulla intrinsic neuron Mi14	
720575941610960870	BANC_888:720575941610960870	BANC888	is_a	adult SNta23 neuron	
720575941610961897	BANC_888:720575941610961897	BANC888	is_a	alpha/beta posterior Kenyon cell	
720575941610967782	BANC_888:720575941610967782	BANC888	is_a	sensory neuron of wing campaniform sensillum	
720575941610968650	BANC_888:720575941610968650	BANC888	is_a	alpha/beta Kenyon cell	
720575941610969162	BANC_888:720575941610969162	BANC888	is_a	adult ellipsoid body-dorsal gall surround neuron	
720575941610969446	BANC_888:720575941610969446	BANC888	is_a	adult Kenyon cell	
720575941610973357	BANC_888:720575941610973357	BANC888	is_a	alpha/beta Kenyon cell	
720575941610974282	BANC_888:720575941610974282	BANC888	is_a	alpha/beta Kenyon cell	
720575941610974438	BANC_888:720575941610974438	BANC888	is_a	gamma main Kenyon cell	
720575941610976685	BANC_888:720575941610976685	BANC888	is_a	alpha/beta Kenyon cell	
720575941610976842	BANC_888:720575941610976842	BANC888	is_a	adult wedge projection neuron 1	
720575941610978989	BANC_888:720575941610978989	BANC888	is_a	gamma main Kenyon cell	
720575941610981293	BANC_888:720575941610981293	BANC888	is_a	gamma main Kenyon cell	
720575941610982474	BANC_888:720575941610982474	BANC888	is_a	adult fan-shaped body vertical delta neuron	
720575941610985802	BANC_888:720575941610985802	BANC888	is_a	T5d neuron	
720575941610990057	BANC_888:720575941610990057	BANC888	is_a	adult CB3396 neuron	
720575941610990300	BANC_888:720575941610990300	BANC888	is_a	lobula intrinsic neuron Li14	FlyBase:FBrf0262545
720575941610997225	BANC_888:720575941610997225	BANC888	is_a	gamma main Kenyon cell	
720575941611003868	BANC_888:720575941611003868	BANC888	is_a	gamma dorsal Kenyon cell	
720575941611006282	BANC_888:720575941611006282	BANC888	is_a	adult IN16B045 neuron	
720575941611010534	BANC_888:720575941611010534	BANC888	is_a	adult AN06B046 neuron	
720575941611010537	BANC_888:720575941611010537	BANC888	is_a	adult fan-shaped body layer 2 neuron of CP2 lineage	
720575941611011501	BANC_888:720575941611011501	BANC888	is_a	adult olfactory receptor neuron Or33c/85e	
720575941611012682	BANC_888:720575941611012682	BANC888	is_a	adult IN08A037 neuron	
720575941611013962	BANC_888:720575941611013962	BANC888	is_a	mechanosensory neuron of interommatidial bristle	
720575941611014377	BANC_888:720575941611014377	BANC888	is_a	adult Kenyon cell	
720575941611014630	BANC_888:720575941611014630	BANC888	is_a	adult SNta19 neuron	
720575941611015654	BANC_888:720575941611015654	BANC888	is_a	bristle sensory neuron	
720575941611016681	BANC_888:720575941611016681	BANC888	is_a	adult Kenyon cell	
720575941611018314	BANC_888:720575941611018314	BANC888	is_a	adult ANXXX037 neuron	
720575941611020009	BANC_888:720575941611020009	BANC888	is_a	adult anterior optic tubercle neuron 049	
720575941611021030	BANC_888:720575941611021030	BANC888	is_a	adult SNta29 neuron	
720575941611021801	BANC_888:720575941611021801	BANC888	is_a	T5a neuron	
720575941611022154	BANC_888:720575941611022154	BANC888	is_a	adult IN13B072 neuron	
720575941611023081	BANC_888:720575941611023081	BANC888	is_a	adult CB0867 neuron	
720575941611023846	BANC_888:720575941611023846	BANC888	is_a	adult olfactory receptor neuron Ir75d	
720575941611026150	BANC_888:720575941611026150	BANC888	is_a	mechanosensory neuron of dorsal postorbital bristle	
720575941611026662	BANC_888:720575941611026662	BANC888	is_a	mechanosensory neuron of frontal bristle	
720575941611027530	BANC_888:720575941611027530	BANC888	is_a	adult IN16B024 neuron	
720575941611027629	BANC_888:720575941611027629	BANC888	is_a	labellar taste peg mechanosensory neuron	
720575941611028397	BANC_888:720575941611028397	BANC888	is_a	mechanosensory neuron of interommatidial bristle	
720575941611029165	BANC_888:720575941611029165	BANC888	is_a	mechanosensory neuron of interommatidial bristle	
720575941611031014	BANC_888:720575941611031014	BANC888	is_a	mechanosensory neuron of vibrissal bristle	
720575941611031785	BANC_888:720575941611031785	BANC888	is_a	transmedullary Y neuron TmY5a	
720575941611031981	BANC_888:720575941611031981	BANC888	is_a	mechanosensory neuron of antennal bristle	
720575941611036589	BANC_888:720575941611036589	BANC888	is_a	adult SNta44 neuron	
720575941611037414	BANC_888:720575941611037414	BANC888	is_a	adult SNch09 neuron	
720575941611037670	BANC_888:720575941611037670	BANC888	is_a	adult olfactory receptor neuron Or59b	
720575941611037929	BANC_888:720575941611037929	BANC888	is_a	gamma main Kenyon cell	
720575941611038182	BANC_888:720575941611038182	BANC888	is_a	labellar taste peg chemosensory neuron	
720575941611038794	BANC_888:720575941611038794	BANC888	is_a	adult INXXX052 neuron	
720575941611039306	BANC_888:720575941611039306	BANC888	is_a	adult INXXX265 neuron	
720575941611040429	BANC_888:720575941611040429	BANC888	is_a	adult SNxx06 neuron	
720575941611040745	BANC_888:720575941611040745	BANC888	is_a	adult optic lobe intrinsic neuron	
720575941611040870	BANC_888:720575941611040870	BANC888	is_a	medulla intrinsic neuron Mi4	
720575941611041126	BANC_888:720575941611041126	BANC888	is_a	alpha/beta Kenyon cell	
720575941611043402	BANC_888:720575941611043402	BANC888	is_a	adult IN06A098 neuron	
720575941611043814	BANC_888:720575941611043814	BANC888	is_a	adult olfactory receptor neuron Or82a	
720575941611044585	BANC_888:720575941611044585	BANC888	is_a	alpha/beta Kenyon cell	
720575941611044838	BANC_888:720575941611044838	BANC888	is_a	adult SNta30 neuron	
720575941611044841	BANC_888:720575941611044841	BANC888	is_a	alpha/beta Kenyon cell	
720575941611044938	BANC_888:720575941611044938	BANC888	is_a	adult IN09B038 neuron	
720575941611048294	BANC_888:720575941611048294	BANC888	is_a	gamma main Kenyon cell	
720575941611050570	BANC_888:720575941611050570	BANC888	is_a	adult CB3745 neuron	
720575941611050985	BANC_888:720575941611050985	BANC888	is_a	transmedullary Y neuron TmY4	
720575941611052362	BANC_888:720575941611052362	BANC888	is_a	adult SNta42 neuron	
720575941611053289	BANC_888:720575941611053289	BANC888	is_a	lobula plate intrinsic neuron LPi3-4	FlyBase:FBrf0262545
720575941611053542	BANC_888:720575941611053542	BANC888	is_a	mechanosensory neuron of interocellar bristle	
720575941611054057	BANC_888:720575941611054057	BANC888	is_a	adult optic lobe intrinsic neuron	
720575941611054154	BANC_888:720575941611054154	BANC888	is_a	mesothoracic accessory tibial flexor motor neuron	
720575941611054310	BANC_888:720575941611054310	BANC888	is_a	adult olfactory receptor neuron Ir76a ac4	
720575941611054410	BANC_888:720575941611054410	BANC888	is_a	adult IN01B031 neuron	
720575941611055081	BANC_888:720575941611055081	BANC888	is_a	adult transmedullary Y neuron TmY21	FlyBase:FBrf0262545
720575941611055849	BANC_888:720575941611055849	BANC888	is_a	transmedullary neuron Tm20	
720575941611056714	BANC_888:720575941611056714	BANC888	is_a	adult IN12A052 neuron	
720575941611059274	BANC_888:720575941611059274	BANC888	is_a	sensory neuron of haltere campaniform sensillum	
720575941611059942	BANC_888:720575941611059942	BANC888	is_a	adult SNta37 neuron	
720575941611060713	BANC_888:720575941611060713	BANC888	is_a	adult olfactory receptor neuron Or67d	
720575941611062761	BANC_888:720575941611062761	BANC888	is_a	adult central medulla intrinsic neuron Cm5	FlyBase:FBrf0262545
720575941611063370	BANC_888:720575941611063370	BANC888	is_a	adult IN06A050 neuron	
720575941611064041	BANC_888:720575941611064041	BANC888	is_a	transmedullary Y neuron TmY20	
720575941611064294	BANC_888:720575941611064294	BANC888	is_a	femoral chordotonal claw neuron	
720575941611064297	BANC_888:720575941611064297	BANC888	is_a	distal medullary amacrine neuron Dm3b	FlyBase:FBrf0262545
720575941611065065	BANC_888:720575941611065065	BANC888	is_a	distal medullary amacrine neuron Dm3a	FlyBase:FBrf0262545
720575941611065418	BANC_888:720575941611065418	BANC888	is_a	adult IN06A120 neuron	
720575941611066601	BANC_888:720575941611066601	BANC888	is_a	transmedullary neuron Tm9	
720575941611071465	BANC_888:720575941611071465	BANC888	is_a	adult optic lobe intrinsic neuron	
720575941611072745	BANC_888:720575941611072745	BANC888	is_a	adult optic lobe intrinsic neuron	
720575941611073453	BANC_888:720575941611073453	BANC888	is_a	adult clamp neuron 121	
720575941611074281	BANC_888:720575941611074281	BANC888	is_a	T2 neuron	
720575941611075245	BANC_888:720575941611075245	BANC888	is_a	alpha/beta Kenyon cell	
720575941611077450	BANC_888:720575941611077450	BANC888	is_a	adult IN13A046 neuron	
720575941611080010	BANC_888:720575941611080010	BANC888	is_a	adult IN06A002 neuron	
720575941611080425	BANC_888:720575941611080425	BANC888	is_a	distal medullary amacrine neuron Dm3a	FlyBase:FBrf0262545
720575941611080678	BANC_888:720575941611080678	BANC888	is_a	adult superior lateral protocerebrum neuron 285	
720575941611082826	BANC_888:720575941611082826	BANC888	is_a	descending neuron of the gnathal ganglion DNg03	
720575941611083338	BANC_888:720575941611083338	BANC888	is_a	adult INXXX243 neuron	
720575941611084265	BANC_888:720575941611084265	BANC888	is_a	adult optic lobe intrinsic neuron	
720575941611089129	BANC_888:720575941611089129	BANC888	is_a	transmedullary neuron Tm1	
720575941611091689	BANC_888:720575941611091689	BANC888	is_a	adult optic lobe intrinsic neuron	
720575941611092713	BANC_888:720575941611092713	BANC888	is_a	medulla intrinsic neuron Mi13	
720575941611093677	BANC_888:720575941611093677	BANC888	is_a	adult anterior ventrolateral protocerebrum neuron 492	
720575941611094602	BANC_888:720575941611094602	BANC888	is_a	medulla-lobula neuron 1	FlyBase:FBrf0262545
720575941611095370	BANC_888:720575941611095370	BANC888	is_a	adult SNta25 neuron	
720575941611096028	BANC_888:720575941611096028	BANC888	is_a	adult CB0901 neuron	
720575941611096678	BANC_888:720575941611096678	BANC888	is_a	T5c neuron	
720575941611099366	BANC_888:720575941611099366	BANC888	is_a	adult CB3739 neuron	
720575941611100137	BANC_888:720575941611100137	BANC888	is_a	adult optic lobe intrinsic neuron	
720575941611102794	BANC_888:720575941611102794	BANC888	is_a	lamina monopolar neuron L1	
720575941611105254	BANC_888:720575941611105254	BANC888	is_a	adult anterior optic tubercle neuron 055	
720575941611105382	BANC_888:720575941611105382	BANC888	is_a	alpha/beta Kenyon cell	
720575941611107686	BANC_888:720575941611107686	BANC888	is_a	gamma main Kenyon cell	
720575941611112934	BANC_888:720575941611112934	BANC888	is_a	adult IN08A042 neuron	
720575941611116902	BANC_888:720575941611116902	BANC888	is_a	adult IN14A053 neuron	
720575941611119590	BANC_888:720575941611119590	BANC888	is_a	gamma main Kenyon cell	
720575941611121129	BANC_888:720575941611121129	BANC888	is_a	T5a neuron	
720575941611127017	BANC_888:720575941611127017	BANC888	is_a	adult transmedullary Y neuron TmY21	FlyBase:FBrf0262545
720575941611127273	BANC_888:720575941611127273	BANC888	is_a	adult optic lobe intrinsic neuron	
720575941611129930	BANC_888:720575941611129930	BANC888	is_a	adult hygrosensory neuron Ir68a VP1m	
720575941611132077	BANC_888:720575941611132077	BANC888	is_a	adult CB0516 neuron	
720575941611136476	BANC_888:720575941611136476	BANC888	is_a	descending neuron of the gnathal ganglion DNg89	
720575941611136614	BANC_888:720575941611136614	BANC888	is_a	adult ascending neuron	
720575941611136614	BANC_888:720575941611136614	BANC888	is_a	chemosensory neuron	
720575941611138278	BANC_888:720575941611138278	BANC888	is_a	adult CB0986 neuron	
720575941611139817	BANC_888:720575941611139817	BANC888	is_a	adult optic lobe intrinsic neuron	
720575941611140170	BANC_888:720575941611140170	BANC888	is_a	adult CB1227 neuron	
720575941611143754	BANC_888:720575941611143754	BANC888	is_a	adult posterior lateral protocerebrum neuron 081	
720575941611144266	BANC_888:720575941611144266	BANC888	is_a	adult IN23B014 neuron	
720575941611149642	BANC_888:720575941611149642	BANC888	is_a	adult CB1557 neuron	
720575941611150410	BANC_888:720575941611150410	BANC888	is_a	adult posterior slope neuron 097	
720575941611150566	BANC_888:720575941611150566	BANC888	is_a	adult wedge neuron 057	
720575941611151590	BANC_888:720575941611151590	BANC888	is_a	adult saddle neuron 009	
720575941611152714	BANC_888:720575941611152714	BANC888	is_a	adult CB1095 neuron	
720575941611153069	BANC_888:720575941611153069	BANC888	is_a	adult CB0289 neuron	
720575941611153510	BANC_888:720575941611153510	BANC888	is_a	adult IN19A015 neuron	
720575941611153837	BANC_888:720575941611153837	BANC888	is_a	adult CB1479 neuron	
720575941611159213	BANC_888:720575941611159213	BANC888	is_a	gamma main Kenyon cell	
720575941611160294	BANC_888:720575941611160294	BANC888	is_a	alpha/beta Kenyon cell	
720575941611164006	BANC_888:720575941611164006	BANC888	is_a	adult SNch09 neuron	
720575941611165357	BANC_888:720575941611165357	BANC888	is_a	adult CB0419 neuron	
720575941611168486	BANC_888:720575941611168486	BANC888	is_a	adult lateral horn PV2c2 neuron	
720575941611169254	BANC_888:720575941611169254	BANC888	is_a	adult CB2220 neuron	
720575941611170025	BANC_888:720575941611170025	BANC888	is_a	adult optic lobe intrinsic neuron	
720575941611181670	BANC_888:720575941611181670	BANC888	is_a	adult IN06A106 neuron	
720575941611182566	BANC_888:720575941611182566	BANC888	is_a	adult lateral horn AV4a4 neuron	
720575941611187274	BANC_888:720575941611187274	BANC888	is_a	adult CB2075 neuron	
720575941611187302	BANC_888:720575941611187302	BANC888	is_a	adult IN17A016 neuron	
720575941611190189	BANC_888:720575941611190189	BANC888	is_a	adult CB0454 neuron	
720575941611192650	BANC_888:720575941611192650	BANC888	is_a	adult lobula columnar neuron LC29	
720575941611192678	BANC_888:720575941611192678	BANC888	is_a	alpha/beta Kenyon cell	
720575941611197002	BANC_888:720575941611197002	BANC888	is_a	adult CB2333 neuron	
720575941611198282	BANC_888:720575941611198282	BANC888	is_a	adult medulla visual projection neuron MeVP39	FlyBase:FBrf0262545
720575941611201354	BANC_888:720575941611201354	BANC888	is_a	adult clamp neuron 091	
720575941611202634	BANC_888:720575941611202634	BANC888	is_a	adult CB2492 neuron	
720575941611204966	BANC_888:720575941611204966	BANC888	is_a	adult Kenyon cell	
720575941611205450	BANC_888:720575941611205450	BANC888	is_a	lobula-lobula plate columnar neuron LLPC3	
720575941611206758	BANC_888:720575941611206758	BANC888	is_a	alpha/beta Kenyon cell	
720575941611210086	BANC_888:720575941611210086	BANC888	is_a	adult CB1475 neuron	
720575941611212134	BANC_888:720575941611212134	BANC888	is_a	adult optic lobe intrinsic neuron	
720575941611213414	BANC_888:720575941611213414	BANC888	is_a	sensory neuron	
720575941611213801	BANC_888:720575941611213801	BANC888	is_a	transmedullary neuron Tm8	
720575941611218250	BANC_888:720575941611218250	BANC888	is_a	sensory neuron	
720575941611218662	BANC_888:720575941611218662	BANC888	is_a	adult crepine neuron 103	
720575941611219018	BANC_888:720575941611219018	BANC888	is_a	mechanosensory neuron of interommatidial bristle	
720575941611219786	BANC_888:720575941611219786	BANC888	is_a	zone A Johnston organ neuron	
720575941611221350	BANC_888:720575941611221350	BANC888	is_a	alpha/beta Kenyon cell	
720575941611221481	BANC_888:720575941611221481	BANC888	is_a	T2a neuron	
720575941611226698	BANC_888:720575941611226698	BANC888	is_a	adult multiglomerular antennal lobe projection neuron type 5 adPN	
720575941611228137	BANC_888:720575941611228137	BANC888	is_a	gustatory receptor neuron	
720575941611228646	BANC_888:720575941611228646	BANC888	is_a	visual projection neuron	
720575941611230054	BANC_888:720575941611230054	BANC888	is_a	mechanosensory neuron of dorsal postorbital bristle	
720575941611230310	BANC_888:720575941611230310	BANC888	is_a	gustatory receptor neuron	
720575941611231718	BANC_888:720575941611231718	BANC888	is_a	medulla intrinsic neuron Mi15	
720575941611232870	BANC_888:720575941611232870	BANC888	is_a	sensory neuron	
720575941611232941	BANC_888:720575941611232941	BANC888	is_a	transmedullary Y neuron TmY4	
720575941611234662	BANC_888:720575941611234662	BANC888	is_a	adult IN06B052 neuron	
720575941611234790	BANC_888:720575941611234790	BANC888	is_a	adult lateral accessory lobe neuron 188	
720575941611235046	BANC_888:720575941611235046	BANC888	is_a	distal medullary amacrine neuron Dm15	
720575941611236073	BANC_888:720575941611236073	BANC888	is_a	transmedullary Y neuron TmY5a	
720575941611240038	BANC_888:720575941611240038	BANC888	is_a	sensory neuron	
720575941611240522	BANC_888:720575941611240522	BANC888	is_a	adult olfactory receptor neuron Or9a	
720575941611242854	BANC_888:720575941611242854	BANC888	is_a	mechanosensory neuron of interommatidial bristle	
720575941611245801	BANC_888:720575941611245801	BANC888	is_a	lamina monopolar neuron L1	
720575941611250396	BANC_888:720575941611250396	BANC888	is_a	adult IN01B100 neuron	
720575941611251177	BANC_888:720575941611251177	BANC888	is_a	lamina monopolar neuron L4	
720575941611254858	BANC_888:720575941611254858	BANC888	is_a	adult AN06B037 neuron	
720575941611258076	BANC_888:720575941611258076	BANC888	is_a	adult motor neuron	
720575941611258345	BANC_888:720575941611258345	BANC888	is_a	adult optic lobe intrinsic neuron	
720575941611258844	BANC_888:720575941611258844	BANC888	is_a	adult IN13A067 neuron	
720575941611260006	BANC_888:720575941611260006	BANC888	is_a	adult SNta30 neuron	
720575941611260262	BANC_888:720575941611260262	BANC888	is_a	adult IN06B074 neuron	
720575941611261101	BANC_888:720575941611261101	BANC888	is_a	distal medullary amacrine neuron Dm15	
720575941611261673	BANC_888:720575941611261673	BANC888	is_a	transmedullary neuron Tm2	
720575941611264614	BANC_888:720575941611264614	BANC888	is_a	mechanosensory neuron of interommatidial bristle	
720575941611264941	BANC_888:720575941611264941	BANC888	is_a	adult central medulla neuron Cm11	FlyBase:FBrf0262545
720575941611266278	BANC_888:720575941611266278	BANC888	is_a	adult AN19B093 neuron	
720575941611266918	BANC_888:720575941611266918	BANC888	is_a	mechanosensory neuron of interommatidial bristle	
720575941611267686	BANC_888:720575941611267686	BANC888	is_a	sensory neuron	
720575941611268828	BANC_888:720575941611268828	BANC888	is_a	lobula columnar neuron LC15	
720575941611270317	BANC_888:720575941611270317	BANC888	is_a	lamina wide-field 2 neuron	
720575941611272038	BANC_888:720575941611272038	BANC888	is_a	sensory neuron	
720575941611272934	BANC_888:720575941611272934	BANC888	is_a	transmedullary neuron Tm6	FlyBase:FBrf0262545
720575941611273948	BANC_888:720575941611273948	BANC888	is_a	adult IN20A.22A070 neuron	
720575941611278765	BANC_888:720575941611278765	BANC888	is_a	lobula plate intrinsic neuron LPi3-4	FlyBase:FBrf0262545
720575941611278825	BANC_888:720575941611278825	BANC888	is_a	adult AN08B018 neuron	
720575941611279277	BANC_888:720575941611279277	BANC888	is_a	transmedullary Y neuron TmY14	
720575941611282662	BANC_888:720575941611282662	BANC888	is_a	transmedullary neuron Tm31	FlyBase:FBrf0262545
720575941611283945	BANC_888:720575941611283945	BANC888	is_a	gamma main Kenyon cell	
720575941611284201	BANC_888:720575941611284201	BANC888	is_a	adult optic lobe intrinsic neuron	
720575941611285834	BANC_888:720575941611285834	BANC888	is_a	adult superior lateral protocerebrum neuron 308	
720575941611287654	BANC_888:720575941611287654	BANC888	is_a	adult SNta38 neuron	
720575941611288294	BANC_888:720575941611288294	BANC888	is_a	medulla intrinsic neuron Mi10	
720575941611289833	BANC_888:720575941611289833	BANC888	is_a	adult lateral horn AV4a4 neuron	
720575941611290345	BANC_888:720575941611290345	BANC888	is_a	adult CB3014 neuron	
720575941611292774	BANC_888:720575941611292774	BANC888	is_a	sensory neuron	
720575941611297382	BANC_888:720575941611297382	BANC888	is_a	adult SNta38 neuron	
720575941611299501	BANC_888:720575941611299501	BANC888	is_a	adult mAL-PN lateral horn input neuron	
720575941611299658	BANC_888:720575941611299658	BANC888	is_a	adult posterior lateral protocerebrum neuron 121	
720575941611299914	BANC_888:720575941611299914	BANC888	is_a	adult lateral accessory lobe neuron 088	
720575941611299942	BANC_888:720575941611299942	BANC888	is_a	adult olfactory receptor neuron Ir92a	
720575941611300198	BANC_888:720575941611300198	BANC888	is_a	alpha'/beta' anterior-posterior type 1 Kenyon cell	
720575941611301037	BANC_888:720575941611301037	BANC888	is_a	adult CB2865 neuron	
720575941611301862	BANC_888:720575941611301862	BANC888	is_a	transmedullary neuron Tm31	FlyBase:FBrf0262545
720575941611303657	BANC_888:720575941611303657	BANC888	is_a	adult CB2526 neuron	
720575941611306413	BANC_888:720575941611306413	BANC888	is_a	adult medulla intrinsic neuron Mi16	FlyBase:FBrf0262545
720575941611306470	BANC_888:720575941611306470	BANC888	is_a	adult anterior ventrolateral protocerebrum neuron 028	
720575941611313129	BANC_888:720575941611313129	BANC888	is_a	lobula columnar neuron LC6	
720575941611313738	BANC_888:720575941611313738	BANC888	is_a	adult AN05B021 neuron	
720575941611314409	BANC_888:720575941611314409	BANC888	is_a	lobula columnar neuron LC10a	
720575941611315430	BANC_888:720575941611315430	BANC888	is_a	adult optic lobe intrinsic neuron	
720575941611319017	BANC_888:720575941611319017	BANC888	is_a	metathoracic intracoxal trochanter levator muscle motor neuron	
720575941611319114	BANC_888:720575941611319114	BANC888	is_a	adult central medulla intrinsic neuron Cm2	FlyBase:FBrf0262545
720575941611320041	BANC_888:720575941611320041	BANC888	is_a	zone D Johnston organ neuron	
720575941611320297	BANC_888:720575941611320297	BANC888	is_a	zone C Johnston organ neuron	
720575941611320540	BANC_888:720575941611320540	BANC888	is_a	medulla intrinsic neuron Mi1	
720575941611320934	BANC_888:720575941611320934	BANC888	is_a	proximal medullary amacrine neuron Pm10	FlyBase:FBrf0262545
720575941611322186	BANC_888:720575941611322186	BANC888	is_a	adult ellipsoid body ring neuron R3a	
720575941611322982	BANC_888:720575941611322982	BANC888	is_a	adult posterior slope neuron 256	
720575941611330378	BANC_888:720575941611330378	BANC888	is_a	adult superior medial protocerebrum neuron 087	
720575941611333450	BANC_888:720575941611333450	BANC888	is_a	adult CB3622 neuron	
720575941611333865	BANC_888:720575941611333865	BANC888	is_a	adult optic lobe intrinsic neuron	
720575941611334986	BANC_888:720575941611334986	BANC888	is_a	adult superior medial protocerebrum neuron 384	
720575941611336169	BANC_888:720575941611336169	BANC888	is_a	adult optic lobe intrinsic neuron	
720575941611338826	BANC_888:720575941611338826	BANC888	is_a	adult CB2976 neuron	
720575941611339753	BANC_888:720575941611339753	BANC888	is_a	adult IN03B056 neuron	
720575941611340134	BANC_888:720575941611340134	BANC888	is_a	adult gamma Kenyon cell	
720575941611340874	BANC_888:720575941611340874	BANC888	is_a	adult multiglomerular antennal lobe projection neuron type 16 l2PN	
720575941611341898	BANC_888:720575941611341898	BANC888	is_a	adult AN17A024 neuron	
720575941611342566	BANC_888:720575941611342566	BANC888	is_a	adult posterior slope neuron 239	
720575941611343337	BANC_888:720575941611343337	BANC888	is_a	adult INXXX355 neuron	
720575941611344102	BANC_888:720575941611344102	BANC888	is_a	transmedullary neuron Tm4	
720575941611344557	BANC_888:720575941611344557	BANC888	is_a	adult CB3614 neuron	
720575941611347274	BANC_888:720575941611347274	BANC888	is_a	gamma main Kenyon cell	
720575941611348457	BANC_888:720575941611348457	BANC888	is_a	adult SNta35 neuron	
720575941611350502	BANC_888:720575941611350502	BANC888	is_a	adult medulla-lobula neuron MeLo3b	FlyBase:FBrf0262545
720575941611350505	BANC_888:720575941611350505	BANC888	is_a	mechanosensory neuron of hair plate	
720575941611352553	BANC_888:720575941611352553	BANC888	is_a	sensory neuron of haltere capitellum trichoid sensillum	
720575941611352796	BANC_888:720575941611352796	BANC888	is_a	transmedullary neuron Tm4	
720575941611354954	BANC_888:720575941611354954	BANC888	is_a	adult posterior lateral protocerebrum neuron 156	
720575941611355466	BANC_888:720575941611355466	BANC888	is_a	adult CB1628 neuron	
720575941611355565	BANC_888:720575941611355565	BANC888	is_a	medulla intrinsic neuron Mi15	
720575941611356589	BANC_888:720575941611356589	BANC888	is_a	transmedullary neuron Tm9	
720575941611356892	BANC_888:720575941611356892	BANC888	is_a	T4b neuron	
720575941611357148	BANC_888:720575941611357148	BANC888	is_a	T5d neuron	
720575941611360220	BANC_888:720575941611360220	BANC888	is_a	transmedullary neuron Tm3	
720575941611361811	BANC_888:720575941611361811	BANC888	is_a	prothoracic tarsal levator muscle motor neuron	
720575941611361965	BANC_888:720575941611361965	BANC888	is_a	adult CB1815 neuron	
720575941611364426	BANC_888:720575941611364426	BANC888	is_a	adult olfactory receptor neuron Or67d	
720575941611364828	BANC_888:720575941611364828	BANC888	is_a	adult ellipsoid body ring neuron R3p	
720575941611365414	BANC_888:720575941611365414	BANC888	is_a	adult SNta30 neuron	
720575941611367270	BANC_888:720575941611367270	BANC888	is_a	adult CB2893 neuron	
720575941611367498	BANC_888:720575941611367498	BANC888	is_a	adult CNS neuron	
720575941611369449	BANC_888:720575941611369449	BANC888	is_a	adult SNta35 neuron	
720575941611369705	BANC_888:720575941611369705	BANC888	is_a	mesothoracic accessory tibial flexor motor neuron	
720575941611371484	BANC_888:720575941611371484	BANC888	is_a	lobula columnar neuron LC9	
720575941611373788	BANC_888:720575941611373788	BANC888	is_a	medulla intrinsic neuron Mi4	
720575941611374313	BANC_888:720575941611374313	BANC888	is_a	adult INXXX364 neuron	
720575941611375590	BANC_888:720575941611375590	BANC888	is_a	adult CB3196 neuron	
720575941611375690	BANC_888:720575941611375690	BANC888	is_a	adult olfactory receptor neuron Ir75a	
720575941611376301	BANC_888:720575941611376301	BANC888	is_a	adult olfactory receptor neuron Ir75d	
720575941611377226	BANC_888:720575941611377226	BANC888	is_a	adult wedge neuron 017	
720575941611378652	BANC_888:720575941611378652	BANC888	is_a	T4b neuron	
720575941611380713	BANC_888:720575941611380713	BANC888	is_a	photoreceptor cell R7	
720575941611385190	BANC_888:720575941611385190	BANC888	is_a	alpha'/beta' anterior-posterior type 2 Kenyon cell	
720575941611385674	BANC_888:720575941611385674	BANC888	is_a	adult doublesex pC1e (female) neuron	
720575941611387978	BANC_888:720575941611387978	BANC888	is_a	adult clamp neuron 265	
720575941611389514	BANC_888:720575941611389514	BANC888	is_a	adult CB3183 neuron	
720575941611389542	BANC_888:720575941611389542	BANC888	is_a	gamma main Kenyon cell	
720575941611390538	BANC_888:720575941611390538	BANC888	is_a	adult crepine neuron 043	
720575941611390893	BANC_888:720575941611390893	BANC888	is_a	adult CB3416 neuron	
720575941611394524	BANC_888:720575941611394524	BANC888	is_a	T5b neuron	
720575941611396426	BANC_888:720575941611396426	BANC888	is_a	adult CB0036 neuron	
720575941611397450	BANC_888:720575941611397450	BANC888	is_a	adult lobula visual projection neuron LoVP13	FlyBase:FBrf0262545
720575941611398474	BANC_888:720575941611398474	BANC888	is_a	adult CB2094 neuron	
720575941611399498	BANC_888:720575941611399498	BANC888	is_a	adult anterior ventrolateral protocerebrum neuron 028	
720575941611400668	BANC_888:720575941611400668	BANC888	is_a	alpha/beta Kenyon cell	
720575941611403497	BANC_888:720575941611403497	BANC888	is_a	adult CB3153 neuron	
720575941611404461	BANC_888:720575941611404461	BANC888	is_a	adult olfactory receptor neuron Or67b	
720575941611404874	BANC_888:720575941611404874	BANC888	is_a	adult antennal lobe projection neuron DM6 adPN	
720575941611406154	BANC_888:720575941611406154	BANC888	is_a	adult medulla visual projection neuron MeVP1	FlyBase:FBrf0262545
720575941611408102	BANC_888:720575941611408102	BANC888	is_a	medulla intrinsic neuron Mi4	
720575941611408358	BANC_888:720575941611408358	BANC888	is_a	medulla intrinsic neuron Mi9	
720575941611411274	BANC_888:720575941611411274	BANC888	is_a	lobula columnar neuron LC20	
720575941611413737	BANC_888:720575941611413737	BANC888	is_a	adult SNta05 neuron	
720575941611413993	BANC_888:720575941611413993	BANC888	is_a	adult CB2665 neuron	
720575941611414758	BANC_888:720575941611414758	BANC888	is_a	adult olfactory receptor neuron Or92a	
720575941611416906	BANC_888:720575941611416906	BANC888	is_a	adult CB2296 neuron	
720575941611418470	BANC_888:720575941611418470	BANC888	is_a	adult CB2535 neuron	
720575941611418598	BANC_888:720575941611418598	BANC888	is_a	transmedullary Y neuron TmY5a	
720575941611419366	BANC_888:720575941611419366	BANC888	is_a	adult optic lobe intrinsic neuron	
720575941611420134	BANC_888:720575941611420134	BANC888	is_a	adult AN07B052 neuron	
720575941611424486	BANC_888:720575941611424486	BANC888	is_a	adult olfactory receptor neuron Or98a	
720575941611426012	BANC_888:720575941611426012	BANC888	is_a	lobula plate columnar neuron LPC1	
720575941611426537	BANC_888:720575941611426537	BANC888	is_a	adult superior medial protocerebrum neuron 314	
720575941611426634	BANC_888:720575941611426634	BANC888	is_a	adult olfactory receptor neuron Gr21a/63a	
720575941611426793	BANC_888:720575941611426793	BANC888	is_a	adult olfactory receptor neuron Ir76a ac4	
720575941611427036	BANC_888:720575941611427036	BANC888	is_a	adult medulla-lobula neuron MeLo2	FlyBase:FBrf0262545
720575941611427658	BANC_888:720575941611427658	BANC888	is_a	adult superior lateral protocerebrum neuron 131	
720575941611429222	BANC_888:720575941611429222	BANC888	is_a	adult CB2230 neuron	
720575941611429478	BANC_888:720575941611429478	BANC888	is_a	mechanosensory neuron of frontal bristle	
720575941611432109	BANC_888:720575941611432109	BANC888	is_a	adult SNxx19 neuron	
720575941611434854	BANC_888:720575941611434854	BANC888	is_a	adult posterior slope neuron 235	
720575941611436764	BANC_888:720575941611436764	BANC888	is_a	adult optic lobe intrinsic neuron	
720575941611437642	BANC_888:720575941611437642	BANC888	is_a	adult vest neuron 078	
720575941611438410	BANC_888:720575941611438410	BANC888	is_a	adult superior intermediate protocerebrum neuron 004	
720575941611440458	BANC_888:720575941611440458	BANC888	is_a	adult CB1399 neuron	
720575941611440617	BANC_888:720575941611440617	BANC888	is_a	adult antler neuron 017	
720575941611443932	BANC_888:720575941611443932	BANC888	is_a	lobula-lobula plate columnar neuron LLPC2	
720575941611444457	BANC_888:720575941611444457	BANC888	is_a	adult antler neuron 009	
720575941611449930	BANC_888:720575941611449930	BANC888	is_a	adult olfactory receptor neuron Or65	
720575941611453258	BANC_888:720575941611453258	BANC888	is_a	adult wedge neuron 164	
720575941611453514	BANC_888:720575941611453514	BANC888	is_a	adult CB0559 neuron	
720575941611453770	BANC_888:720575941611453770	BANC888	is_a	ocellar ganglion interneuron type 01	
720575941611457098	BANC_888:720575941611457098	BANC888	is_a	descending neuron of the gnathal ganglion DNg53	
720575941611457197	BANC_888:720575941611457197	BANC888	is_a	transmedullary neuron Tm6	FlyBase:FBrf0262545
720575941611458634	BANC_888:720575941611458634	BANC888	is_a	adult IN03A083 neuron	
720575941611460426	BANC_888:720575941611460426	BANC888	is_a	adult CB1262 neuron	
720575941611461222	BANC_888:720575941611461222	BANC888	is_a	adult optic lobe intrinsic neuron	
720575941611461450	BANC_888:720575941611461450	BANC888	is_a	adult olfactory receptor neuron Ir75d	
720575941611461706	BANC_888:720575941611461706	BANC888	is_a	adult olfactory receptor neuron Gr21a/63a	
720575941611461865	BANC_888:720575941611461865	BANC888	is_a	adult wedge neuron 057	
720575941611462121	BANC_888:720575941611462121	BANC888	is_a	adult wedge neuron 145	
720575941611465702	BANC_888:720575941611465702	BANC888	is_a	gamma main Kenyon cell	
720575941611468205	BANC_888:720575941611468205	BANC888	is_a	adult CB0223 neuron	
720575941611469229	BANC_888:720575941611469229	BANC888	is_a	prothoracic leg taste bristle chemosensory neuron	
720575941611471068	BANC_888:720575941611471068	BANC888	is_a	adult optic lobe intrinsic neuron	
720575941611473385	BANC_888:720575941611473385	BANC888	is_a	adult posterior lateral protocerebrum neuron 064	
720575941611476141	BANC_888:720575941611476141	BANC888	is_a	adult lateral accessory lobe neuron 043	
720575941611477212	BANC_888:720575941611477212	BANC888	is_a	transmedullary neuron Tm9	
720575941611477225	BANC_888:720575941611477225	BANC888	is_a	adult CB3746 neuron	
720575941611477478	BANC_888:720575941611477478	BANC888	is_a	adult CB2066 neuron	
720575941611479725	BANC_888:720575941611479725	BANC888	is_a	adult SNpp35 neuron	
720575941611480650	BANC_888:720575941611480650	BANC888	is_a	adult sensory neuron	
720575941611484390	BANC_888:720575941611484390	BANC888	is_a	alpha/beta Kenyon cell	
720575941611485417	BANC_888:720575941611485417	BANC888	is_a	gamma main Kenyon cell	
720575941611486125	BANC_888:720575941611486125	BANC888	is_a	adult SNta19 neuron	
720575941611486172	BANC_888:720575941611486172	BANC888	is_a	distal medullary amacrine neuron Dm15	
720575941611487974	BANC_888:720575941611487974	BANC888	is_a	transmedullary Y neuron TmY5a	
720575941611488102	BANC_888:720575941611488102	BANC888	is_a	adult CB1138 neuron	
720575941611489497	BANC_888:720575941611489497	BANC888	is_a	zone D Johnston organ neuron	
720575941611489965	BANC_888:720575941611489965	BANC888	is_a	mechanosensory neuron of interommatidial bristle	
720575941611491814	BANC_888:720575941611491814	BANC888	is_a	adult CB1638 neuron	
720575941611496681	BANC_888:720575941611496681	BANC888	is_a	adult CB1983 neuron	
720575941611496934	BANC_888:720575941611496934	BANC888	is_a	protocerebral bridge 1 glomerulus-fan-shaped body-nodulus 3 posterior domain neuron	
720575941611498342	BANC_888:720575941611498342	BANC888	is_a	transmedullary neuron Tm3	
720575941611498470	BANC_888:720575941611498470	BANC888	is_a	gamma dorsal Kenyon cell	
720575941611500051	BANC_888:720575941611500051	BANC888	is_a	T2a neuron	
720575941611503533	BANC_888:720575941611503533	BANC888	is_a	adult optic lobe intrinsic neuron	
720575941611504230	BANC_888:720575941611504230	BANC888	is_a	adult optic lobe intrinsic neuron	
720575941611504486	BANC_888:720575941611504486	BANC888	is_a	transmedullary neuron Tm9	
720575941611505129	BANC_888:720575941611505129	BANC888	is_a	lamina monopolar neuron L4	
720575941611505766	BANC_888:720575941611505766	BANC888	is_a	distal medullary amacrine neuron Dm3c	FlyBase:FBrf0262545
720575941611508188	BANC_888:720575941611508188	BANC888	is_a	T2 neuron	
720575941611508653	BANC_888:720575941611508653	BANC888	is_a	adult optic lobe intrinsic neuron	
720575941611510761	BANC_888:720575941611510761	BANC888	is_a	adult olfactory receptor neuron Or49a/85f	
720575941611511213	BANC_888:720575941611511213	BANC888	is_a	adult lobula intrinsic neuron Li23	FlyBase:FBrf0262545
720575941611513321	BANC_888:720575941611513321	BANC888	is_a	adult lobula plate tangential neuron LPT60	
720575941611514086	BANC_888:720575941611514086	BANC888	is_a	lamina wide-field 2 neuron	
720575941611516649	BANC_888:720575941611516649	BANC888	is_a	adult lobula visual projection neuron LoVP37	
720575941611517404	BANC_888:720575941611517404	BANC888	is_a	medulla intrinsic neuron Mi1	
720575941611518940	BANC_888:720575941611518940	BANC888	is_a	T3 neuron	
720575941611519462	BANC_888:720575941611519462	BANC888	is_a	transmedullary neuron Tm24	FlyBase:FBrf0262545
720575941611520489	BANC_888:720575941611520489	BANC888	is_a	transmedullary Y neuron TmY14	
720575941611521257	BANC_888:720575941611521257	BANC888	is_a	adult CB1396 neuron	
720575941611523402	BANC_888:720575941611523402	BANC888	is_a	mechanosensory neuron of interommatidial bristle	
720575941611529062	BANC_888:720575941611529062	BANC888	is_a	transmedullary neuron Tm3	
720575941611529705	BANC_888:720575941611529705	BANC888	is_a	adult anterior ventrolateral protocerebrum neuron 033	
720575941611532205	BANC_888:720575941611532205	BANC888	is_a	adult medulla visual projection neuron MeVP2	FlyBase:FBrf0262545
720575941611533485	BANC_888:720575941611533485	BANC888	is_a	transmedullary neuron Tm6	FlyBase:FBrf0262545
720575941611533798	BANC_888:720575941611533798	BANC888	is_a	adult optic lobe intrinsic neuron	
720575941611533997	BANC_888:720575941611533997	BANC888	is_a	adult optic lobe intrinsic neuron	
720575941611534812	BANC_888:720575941611534812	BANC888	is_a	adult anterior optic tubercle neuron 055	
720575941611535178	BANC_888:720575941611535178	BANC888	is_a	labellar taste bristle mechanosensory neuron	
720575941611536617	BANC_888:720575941611536617	BANC888	is_a	adult olfactory receptor neuron Or23a	
720575941611538921	BANC_888:720575941611538921	BANC888	is_a	adult lateral horn AD1a2 neuron	
720575941611539018	BANC_888:720575941611539018	BANC888	is_a	distal medullary amacrine neuron Dm3a	FlyBase:FBrf0262545
720575941611539885	BANC_888:720575941611539885	BANC888	is_a	adult optic lobe intrinsic neuron	
720575941611540042	BANC_888:720575941611540042	BANC888	is_a	adult medulla visual projection neuron MeVP11	FlyBase:FBrf0262545
720575941611541478	BANC_888:720575941611541478	BANC888	is_a	medulla intrinsic neuron Mi1	
720575941611541578	BANC_888:720575941611541578	BANC888	is_a	adult optic lobe intrinsic neuron	
720575941611541677	BANC_888:720575941611541677	BANC888	is_a	adult lobula columnar neuron e01	
720575941611541737	BANC_888:720575941611541737	BANC888	is_a	lobula columnar neuron LC10d	
720575941611542249	BANC_888:720575941611542249	BANC888	is_a	adult posterior ventrolateral protocerebrum neuron 021	
720575941611543526	BANC_888:720575941611543526	BANC888	is_a	T2 neuron	
720575941611543981	BANC_888:720575941611543981	BANC888	is_a	adult posterior lateral protocerebrum neuron 025	
720575941611545830	BANC_888:720575941611545830	BANC888	is_a	T3 neuron	
720575941611546076	BANC_888:720575941611546076	BANC888	is_a	transmedullary neuron Tm9	
720575941611546086	BANC_888:720575941611546086	BANC888	is_a	T3 neuron	
720575941611546332	BANC_888:720575941611546332	BANC888	is_a	adult optic lobe intrinsic neuron	
720575941611546899	BANC_888:720575941611546899	BANC888	is_a	adult IN03A046 neuron	
720575941611547113	BANC_888:720575941611547113	BANC888	is_a	adult superior medial protocerebrum neuron 279	
720575941611548137	BANC_888:720575941611548137	BANC888	is_a	adult anterior ventrolateral protocerebrum neuron 162	
720575941611549404	BANC_888:720575941611549404	BANC888	is_a	T4b neuron	
720575941611549926	BANC_888:720575941611549926	BANC888	is_a	lamina monopolar neuron L1	
720575941611550438	BANC_888:720575941611550438	BANC888	is_a	T2a neuron	
720575941611551465	BANC_888:720575941611551465	BANC888	is_a	adult anterior ventrolateral protocerebrum neuron 454	
720575941611552173	BANC_888:720575941611552173	BANC888	is_a	alpha/beta Kenyon cell	
720575941611552275	BANC_888:720575941611552275	BANC888	is_a	adult IN10B059 neuron	
720575941611552742	BANC_888:720575941611552742	BANC888	is_a	medulla intrinsic neuron Mi13	
720575941611555049	BANC_888:720575941611555049	BANC888	is_a	adult olfactory receptor neuron Or65	
720575941611556525	BANC_888:720575941611556525	BANC888	is_a	transmedullary Y neuron TmY3	
720575941611556781	BANC_888:720575941611556781	BANC888	is_a	gamma main Kenyon cell	
720575941611560156	BANC_888:720575941611560156	BANC888	is_a	T5b neuron	
720575941611560365	BANC_888:720575941611560365	BANC888	is_a	alpha/beta Kenyon cell	
720575941611560723	BANC_888:720575941611560723	BANC888	is_a	adult IN19A100 neuron	
720575941611561193	BANC_888:720575941611561193	BANC888	is_a	adult anterior ventrolateral protocerebrum neuron 451	
720575941611563082	BANC_888:720575941611563082	BANC888	is_a	adult optic lobe intrinsic neuron	
720575941611563753	BANC_888:720575941611563753	BANC888	is_a	adult superior medial protocerebrum neuron 092	
720575941611567081	BANC_888:720575941611567081	BANC888	is_a	adult CB2572 neuron	
720575941611568813	BANC_888:720575941611568813	BANC888	is_a	adult CB1054 neuron	
720575941611569126	BANC_888:720575941611569126	BANC888	is_a	medulla intrinsic neuron Mi15	
720575941611572201	BANC_888:720575941611572201	BANC888	is_a	adult posterior ventrolateral protocerebrum neuron 104	
720575941611572326	BANC_888:720575941611572326	BANC888	is_a	distal medullary amacrine neuron Dm3b	FlyBase:FBrf0262545
720575941611572713	BANC_888:720575941611572713	BANC888	is_a	adult gamma Kenyon cell	
720575941611572969	BANC_888:720575941611572969	BANC888	is_a	adult CB1895 neuron	
720575941611573862	BANC_888:720575941611573862	BANC888	is_a	adult optic lobe intrinsic neuron	
720575941611574761	BANC_888:720575941611574761	BANC888	is_a	alpha/beta Kenyon cell	
720575941611576166	BANC_888:720575941611576166	BANC888	is_a	adult fan-shaped body layer 4 tangential neuron	FlyBase:FBrf0246888
720575941611580774	BANC_888:720575941611580774	BANC888	is_a	lobula plate-lobula columnar neuron LPLC4	
720575941611581514	BANC_888:720575941611581514	BANC888	is_a	adult optic lobe intrinsic neuron	
720575941611581770	BANC_888:720575941611581770	BANC888	is_a	adult optic lobe intrinsic neuron	
720575941611582125	BANC_888:720575941611582125	BANC888	is_a	transmedullary neuron Tm6	FlyBase:FBrf0262545
720575941611582822	BANC_888:720575941611582822	BANC888	is_a	transmedullary neuron Tm6	FlyBase:FBrf0262545
720575941611584742	BANC_888:720575941611584742	BANC888	is_a	T5a neuron	
720575941611584870	BANC_888:720575941611584870	BANC888	is_a	transmedullary neuron Tm2	
720575941611586634	BANC_888:720575941611586634	BANC888	is_a	adult optic lobe intrinsic neuron	
720575941611586733	BANC_888:720575941611586733	BANC888	is_a	alpha/beta Kenyon cell	
720575941611586780	BANC_888:720575941611586780	BANC888	is_a	adult optic lobe intrinsic neuron	
720575941611587603	BANC_888:720575941611587603	BANC888	is_a	adult IN14A042 neuron	
720575941611589097	BANC_888:720575941611589097	BANC888	is_a	medulla intrinsic neuron Mi1	
720575941611589353	BANC_888:720575941611589353	BANC888	is_a	medulla intrinsic neuron Mi1	
720575941611590108	BANC_888:720575941611590108	BANC888	is_a	transmedullary neuron Tm6	FlyBase:FBrf0262545
720575941611590889	BANC_888:720575941611590889	BANC888	is_a	medulla intrinsic neuron Mi1	
720575941611594413	BANC_888:720575941611594413	BANC888	is_a	transmedullary neuron Tm3	
720575941611594729	BANC_888:720575941611594729	BANC888	is_a	adult lateral horn PV1c2 neuron	
720575941611594972	BANC_888:720575941611594972	BANC888	is_a	T4a neuron	
720575941611597414	BANC_888:720575941611597414	BANC888	is_a	adult CB2232 neuron	
720575941611597542	BANC_888:720575941611597542	BANC888	is_a	adult optic lobe intrinsic neuron	
720575941611599178	BANC_888:720575941611599178	BANC888	is_a	adult olfactory receptor neuron Or67c	
720575941611599337	BANC_888:720575941611599337	BANC888	is_a	medulla intrinsic neuron Mi1	
720575941611602605	BANC_888:720575941611602605	BANC888	is_a	alpha/beta Kenyon cell	
720575941611602662	BANC_888:720575941611602662	BANC888	is_a	zone F Johnston organ neuron	
720575941611602665	BANC_888:720575941611602665	BANC888	is_a	medulla intrinsic neuron Mi1	
720575941611602918	BANC_888:720575941611602918	BANC888	is_a	mechanosensory neuron of interommatidial bristle	
720575941611603475	BANC_888:720575941611603475	BANC888	is_a	adult AN08B102 neuron	
720575941611607260	BANC_888:720575941611607260	BANC888	is_a	T5c neuron	
720575941611607654	BANC_888:720575941611607654	BANC888	is_a	transmedullary neuron Tm20	
720575941611607725	BANC_888:720575941611607725	BANC888	is_a	adult gamma Kenyon cell	
720575941611609052	BANC_888:720575941611609052	BANC888	is_a	T5a neuron	
720575941611609820	BANC_888:720575941611609820	BANC888	is_a	T4a neuron	
720575941611609833	BANC_888:720575941611609833	BANC888	is_a	T5b neuron	
720575941611611494	BANC_888:720575941611611494	BANC888	is_a	lobula columnar neuron LC6	
720575941611611565	BANC_888:720575941611611565	BANC888	is_a	adult fan-shaped body layer 9 neuron of DPMpl2 lineage	
720575941611615507	BANC_888:720575941611615507	BANC888	is_a	adult IN20A.22A078 neuron	
720575941611616988	BANC_888:720575941611616988	BANC888	is_a	adult optic lobe intrinsic neuron	
720575941611617453	BANC_888:720575941611617453	BANC888	is_a	adult optic lobe intrinsic neuron	
720575941611619548	BANC_888:720575941611619548	BANC888	is_a	T2a neuron	
720575941611619561	BANC_888:720575941611619561	BANC888	is_a	proximal medullary amacrine neuron Pm2	FlyBase:FBrf0262545
720575941611621097	BANC_888:720575941611621097	BANC888	is_a	adult optic lobe intrinsic neuron	
720575941611623443	BANC_888:720575941611623443	BANC888	is_a	adult IN14A047 neuron	
720575941611624010	BANC_888:720575941611624010	BANC888	is_a	adult optic lobe intrinsic neuron	
720575941611626003	BANC_888:720575941611626003	BANC888	is_a	adult IN19B086 neuron	
720575941611627622	BANC_888:720575941611627622	BANC888	is_a	adult posterior slope neuron 026	
720575941611628521	BANC_888:720575941611628521	BANC888	is_a	adult superior intermediate protocerebrum neuron 053	
720575941611628777	BANC_888:720575941611628777	BANC888	is_a	adult olfactory receptor neuron Or67d	
720575941611630253	BANC_888:720575941611630253	BANC888	is_a	gamma main Kenyon cell	
720575941611630812	BANC_888:720575941611630812	BANC888	is_a	adult optic lobe intrinsic neuron	
720575941611633628	BANC_888:720575941611633628	BANC888	is_a	T4b neuron	
720575941611634406	BANC_888:720575941611634406	BANC888	is_a	proximal medullary amacrine neuron Pm2	FlyBase:FBrf0262545
720575941611634662	BANC_888:720575941611634662	BANC888	is_a	lamina monopolar neuron L1	
720575941611636810	BANC_888:720575941611636810	BANC888	is_a	adult optic lobe intrinsic neuron	
720575941611638189	BANC_888:720575941611638189	BANC888	is_a	adult CB1881 neuron	
720575941611639142	BANC_888:720575941611639142	BANC888	is_a	distal medullary amacrine neuron Dm3c	FlyBase:FBrf0262545
720575941611642601	BANC_888:720575941611642601	BANC888	is_a	medulla intrinsic neuron Mi1	
720575941611643722	BANC_888:720575941611643722	BANC888	is_a	adult optic lobe intrinsic neuron	
720575941611644892	BANC_888:720575941611644892	BANC888	is_a	Y neuron Y1	
720575941611645203	BANC_888:720575941611645203	BANC888	is_a	adult IN03B074 neuron	
720575941611649513	BANC_888:720575941611649513	BANC888	is_a	adult optic lobe intrinsic neuron	
720575941611649709	BANC_888:720575941611649709	BANC888	is_a	medulla intrinsic neuron Mi9	
720575941611650780	BANC_888:720575941611650780	BANC888	is_a	adult CB2092 neuron	
720575941611652371	BANC_888:720575941611652371	BANC888	is_a	adult IN02A035 neuron	
720575941611652582	BANC_888:720575941611652582	BANC888	is_a	T2a neuron	
720575941611652627	BANC_888:720575941611652627	BANC888	is_a	mesothoracic tibial pretarsal depressor muscle motor neuron	
720575941611652682	BANC_888:720575941611652682	BANC888	is_a	lobula plate intrinsic neuron LPi3a	FlyBase:FBrf0262545
720575941611653734	BANC_888:720575941611653734	BANC888	is_a	adult optic lobe intrinsic neuron	
720575941611654829	BANC_888:720575941611654829	BANC888	is_a	adult optic lobe intrinsic neuron	
720575941611655242	BANC_888:720575941611655242	BANC888	is_a	adult optic lobe intrinsic neuron	
720575941611655443	BANC_888:720575941611655443	BANC888	is_a	adult IN10B058 neuron	
720575941611656806	BANC_888:720575941611656806	BANC888	is_a	adult optic lobe intrinsic neuron	
720575941611658729	BANC_888:720575941611658729	BANC888	is_a	T4b neuron	
720575941611658985	BANC_888:720575941611658985	BANC888	is_a	lamina monopolar neuron L1	
720575941611660051	BANC_888:720575941611660051	BANC888	is_a	adult IN16B074 neuron	
720575941611660390	BANC_888:720575941611660390	BANC888	is_a	medulla intrinsic neuron Mi1	
720575941611661075	BANC_888:720575941611661075	BANC888	is_a	adult IN04B018 neuron	
720575941611663462	BANC_888:720575941611663462	BANC888	is_a	adult Kenyon cell	
720575941611664092	BANC_888:720575941611664092	BANC888	is_a	adult lobula visual projection neuron LoVP13	FlyBase:FBrf0262545
720575941611664102	BANC_888:720575941611664102	BANC888	is_a	transmedullary neuron Tm20	
720575941611665325	BANC_888:720575941611665325	BANC888	is_a	adult fan-shaped body layer 8 neuron of DALcl2 lineage	
720575941611665382	BANC_888:720575941611665382	BANC888	is_a	adult optic lobe intrinsic neuron	
720575941611665837	BANC_888:720575941611665837	BANC888	is_a	centrifugal neuron C3	
720575941611667018	BANC_888:720575941611667018	BANC888	is_a	bitter-sensing neuron	
720575941611667430	BANC_888:720575941611667430	BANC888	is_a	adult optic lobe intrinsic neuron	
720575941611668454	BANC_888:720575941611668454	BANC888	is_a	adult optic lobe intrinsic neuron	
720575941611671014	BANC_888:720575941611671014	BANC888	is_a	adult optic lobe intrinsic neuron	
720575941611671114	BANC_888:720575941611671114	BANC888	is_a	adult optic lobe intrinsic neuron	
720575941611671270	BANC_888:720575941611671270	BANC888	is_a	visual projection neuron	
720575941611671516	BANC_888:720575941611671516	BANC888	is_a	adult medulla-lobula neuron MeLo2	FlyBase:FBrf0262545
720575941611671981	BANC_888:720575941611671981	BANC888	is_a	transmedullary neuron Tm1	
720575941611673321	BANC_888:720575941611673321	BANC888	is_a	transmedullary neuron Tm20	
720575941611674854	BANC_888:720575941611674854	BANC888	is_a	transmedullary neuron Tm9	
720575941611675411	BANC_888:720575941611675411	BANC888	is_a	adult IN20A.22A009 neuron	
720575941611676234	BANC_888:720575941611676234	BANC888	is_a	adult optic lobe intrinsic neuron	
720575941611680173	BANC_888:720575941611680173	BANC888	is_a	lamina monopolar neuron L1	
720575941611683548	BANC_888:720575941611683548	BANC888	is_a	adult optic lobe intrinsic neuron	
720575941611683561	BANC_888:720575941611683561	BANC888	is_a	T4a neuron	
720575941611687398	BANC_888:720575941611687398	BANC888	is_a	lamina monopolar neuron L3	
720575941611688681	BANC_888:720575941611688681	BANC888	is_a	adult AN04B023 neuron	
720575941611688806	BANC_888:720575941611688806	BANC888	is_a	T4a neuron	
720575941611688934	BANC_888:720575941611688934	BANC888	is_a	photoreceptor cell R7	
720575941611690086	BANC_888:720575941611690086	BANC888	is_a	adult antennal lobe local neuron	
720575941611690204	BANC_888:720575941611690204	BANC888	is_a	lobula columnar neuron LC10	
720575941611691693	BANC_888:720575941611691693	BANC888	is_a	adult clamp neuron 013	
720575941611691850	BANC_888:720575941611691850	BANC888	is_a	adult optic lobe intrinsic neuron	
720575941611695379	BANC_888:720575941611695379	BANC888	is_a	adult IN13A072 neuron	
720575941611696870	BANC_888:720575941611696870	BANC888	is_a	adult optic lobe intrinsic neuron	
720575941611696998	BANC_888:720575941611696998	BANC888	is_a	adult optic lobe intrinsic neuron	
720575941611701350	BANC_888:720575941611701350	BANC888	is_a	adult optic lobe intrinsic neuron	
720575941611701834	BANC_888:720575941611701834	BANC888	is_a	adult optic lobe intrinsic neuron	
720575941611702761	BANC_888:720575941611702761	BANC888	is_a	adult central medulla intrinsic neuron Cm1	FlyBase:FBrf0262545
720575941611704284	BANC_888:720575941611704284	BANC888	is_a	adult lateral accessory lobe neuron 006	
720575941611704422	BANC_888:720575941611704422	BANC888	is_a	labellar taste peg mechanosensory neuron	
720575941611705619	BANC_888:720575941611705619	BANC888	is_a	adult IN14A093 neuron	
720575941611706345	BANC_888:720575941611706345	BANC888	is_a	adult optic lobe intrinsic neuron	
720575941611706541	BANC_888:720575941611706541	BANC888	is_a	visual projection neuron	
720575941611707881	BANC_888:720575941611707881	BANC888	is_a	distal medullary amacrine neuron Dm15	
720575941611707923	BANC_888:720575941611707923	BANC888	is_a	mesothoracic tarsal depressor muscle motor neuron	
720575941611709404	BANC_888:720575941611709404	BANC888	is_a	lobula columnar neuron LC10a	
720575941611709417	BANC_888:720575941611709417	BANC888	is_a	medulla intrinsic neuron Mi1	
720575941611709715	BANC_888:720575941611709715	BANC888	is_a	adult SNpp20 neuron	
720575941611710182	BANC_888:720575941611710182	BANC888	is_a	adult optic lobe intrinsic neuron	
720575941611711050	BANC_888:720575941611711050	BANC888	is_a	lamina monopolar neuron L2	
720575941611712275	BANC_888:720575941611712275	BANC888	is_a	adult IN00A065 neuron	
720575941611712531	BANC_888:720575941611712531	BANC888	is_a	adult IN09B053 neuron	
720575941611713254	BANC_888:720575941611713254	BANC888	is_a	T4b neuron	
720575941611716316	BANC_888:720575941611716316	BANC888	is_a	transmedullary neuron Tm4	
720575941611716883	BANC_888:720575941611716883	BANC888	is_a	adult IN14B010 neuron	
720575941611716966	BANC_888:720575941611716966	BANC888	is_a	adult hygrosensory neuron Ir40a VP1d	
720575941611718377	BANC_888:720575941611718377	BANC888	is_a	distal medullary amacrine neuron Dm3a	FlyBase:FBrf0262545
720575941611718889	BANC_888:720575941611718889	BANC888	is_a	adult anterior ventrolateral protocerebrum neuron 180	
720575941611719910	BANC_888:720575941611719910	BANC888	is_a	adult CB3503 neuron	
720575941611720156	BANC_888:720575941611720156	BANC888	is_a	transmedullary neuron Tm3	
720575941611720422	BANC_888:720575941611720422	BANC888	is_a	adult optic lobe intrinsic neuron	
720575941611720681	BANC_888:720575941611720681	BANC888	is_a	lobula columnar neuron LC12	
720575941611721190	BANC_888:720575941611721190	BANC888	is_a	adult lobula intrinsic neuron Li23	FlyBase:FBrf0262545
720575941611724006	BANC_888:720575941611724006	BANC888	is_a	adult central medulla intrinsic neuron Cm20	
720575941611724390	BANC_888:720575941611724390	BANC888	is_a	adult multiglomerular antennal lobe projection neuron type 47 lvPN	
720575941611724902	BANC_888:720575941611724902	BANC888	is_a	T4b neuron	
720575941611725414	BANC_888:720575941611725414	BANC888	is_a	distal medullary amacrine neuron Dm3a	FlyBase:FBrf0262545
720575941611727021	BANC_888:720575941611727021	BANC888	is_a	adult optic lobe intrinsic neuron	
720575941611728361	BANC_888:720575941611728361	BANC888	is_a	columnar neuron T1	
720575941611731558	BANC_888:720575941611731558	BANC888	is_a	T5a neuron	
720575941611733350	BANC_888:720575941611733350	BANC888	is_a	adult IN10B057 neuron	
720575941611734246	BANC_888:720575941611734246	BANC888	is_a	adult posterior ventrolateral protocerebrum neuron 024	
720575941611735270	BANC_888:720575941611735270	BANC888	is_a	T3 neuron	
720575941611736138	BANC_888:720575941611736138	BANC888	is_a	lamina monopolar neuron L4	
720575941611736166	BANC_888:720575941611736166	BANC888	is_a	adult CB3724 neuron	
720575941611738726	BANC_888:720575941611738726	BANC888	is_a	transmedullary Y neuron TmY14	
720575941611739878	BANC_888:720575941611739878	BANC888	is_a	lamina monopolar neuron L2	
720575941611739978	BANC_888:720575941611739978	BANC888	is_a	adult abdominal multidendritic neuron	
720575941611741417	BANC_888:720575941611741417	BANC888	is_a	adult optic lobe intrinsic neuron	
720575941611741542	BANC_888:720575941611741542	BANC888	is_a	adult SNta27 neuron	
720575941611743846	BANC_888:720575941611743846	BANC888	is_a	adult lobula visual projection neuron LoVP78	FlyBase:FBrf0262545
720575941611746221	BANC_888:720575941611746221	BANC888	is_a	adult optic lobe intrinsic neuron	
720575941611747430	BANC_888:720575941611747430	BANC888	is_a	adult Kenyon cell	
720575941611747561	BANC_888:720575941611747561	BANC888	is_a	mechanosensory neuron of interommatidial bristle	
720575941611749478	BANC_888:720575941611749478	BANC888	is_a	medulla intrinsic neuron Mi4	
720575941611750419	BANC_888:720575941611750419	BANC888	is_a	pretarsal depressor muscle motor neuron	
720575941611752778	BANC_888:720575941611752778	BANC888	is_a	adult CB1231 neuron	
720575941611754470	BANC_888:720575941611754470	BANC888	is_a	Pdf neuron of abdominal neuromere	
720575941611756902	BANC_888:720575941611756902	BANC888	is_a	transmedullary Y neuron TmY10	
720575941611759718	BANC_888:720575941611759718	BANC888	is_a	adult optic lobe intrinsic neuron	
720575941611761994	BANC_888:720575941611761994	BANC888	is_a	lamina monopolar neuron L3	
720575941611762250	BANC_888:720575941611762250	BANC888	is_a	photoreceptor cell R8	
720575941611764582	BANC_888:720575941611764582	BANC888	is_a	transmedullary neuron Tm3	
720575941611765578	BANC_888:720575941611765578	BANC888	is_a	lamina monopolar neuron L4	
720575941611766374	BANC_888:720575941611766374	BANC888	is_a	alpha/beta Kenyon cell	
720575941611766602	BANC_888:720575941611766602	BANC888	is_a	photoreceptor cell R8	
720575941611767526	BANC_888:720575941611767526	BANC888	is_a	alpha/beta Kenyon cell	
720575941611769190	BANC_888:720575941611769190	BANC888	is_a	distal medullary amacrine neuron Dm10	
720575941611769418	BANC_888:720575941611769418	BANC888	is_a	lamina monopolar neuron L2	
720575941611771110	BANC_888:720575941611771110	BANC888	is_a	adult anterior ventrolateral protocerebrum neuron 176	
720575941611771750	BANC_888:720575941611771750	BANC888	is_a	transmedullary Y neuron TmY5a	
720575941611773161	BANC_888:720575941611773161	BANC888	is_a	columnar neuron T1	
720575941611774684	BANC_888:720575941611774684	BANC888	is_a	adult fan-shaped body 1 column-crepine neuron	FlyBase:FBrf0246888
720575941611776870	BANC_888:720575941611776870	BANC888	is_a	zone F Johnston organ neuron	
720575941611777453	BANC_888:720575941611777453	BANC888	is_a	adult optic lobe intrinsic neuron	
720575941611778150	BANC_888:720575941611778150	BANC888	is_a	centrifugal neuron C3	
720575941611779561	BANC_888:720575941611779561	BANC888	is_a	adult optic lobe intrinsic neuron	
720575941611779686	BANC_888:720575941611779686	BANC888	is_a	adult optic lobe intrinsic neuron	
720575941611781862	BANC_888:720575941611781862	BANC888	is_a	adult CB1946 neuron	
720575941611783388	BANC_888:720575941611783388	BANC888	is_a	femoral chordotonal club neuron	
720575941611787338	BANC_888:720575941611787338	BANC888	is_a	adult optic lobe intrinsic neuron	
720575941611789386	BANC_888:720575941611789386	BANC888	is_a	columnar neuron T1	
720575941611791590	BANC_888:720575941611791590	BANC888	is_a	descending neuron of the posterior brain DNp06	
720575941611791974	BANC_888:720575941611791974	BANC888	is_a	adult optic lobe intrinsic neuron	
720575941611792361	BANC_888:720575941611792361	BANC888	is_a	adult optic lobe intrinsic neuron	
720575941611793482	BANC_888:720575941611793482	BANC888	is_a	adult SNta21 neuron	
720575941611794534	BANC_888:720575941611794534	BANC888	is_a	adult optic lobe intrinsic neuron	
720575941611795046	BANC_888:720575941611795046	BANC888	is_a	adult optic lobe intrinsic neuron	
720575941611796810	BANC_888:720575941611796810	BANC888	is_a	photoreceptor cell R8	
720575941611797468	BANC_888:720575941611797468	BANC888	is_a	adult inferior bridge-superior posterior slope-protocerebral bridge neuron	
720575941611801065	BANC_888:720575941611801065	BANC888	is_a	T5a neuron	
720575941611801674	BANC_888:720575941611801674	BANC888	is_a	adult ipc-1 neuron	
720575941611804393	BANC_888:720575941611804393	BANC888	is_a	transmedullary neuron Tm3	
720575941611804845	BANC_888:720575941611804845	BANC888	is_a	transmedullary neuron Tm6	FlyBase:FBrf0262545
720575941611806822	BANC_888:720575941611806822	BANC888	is_a	medulla intrinsic neuron Mi9	
720575941611807465	BANC_888:720575941611807465	BANC888	is_a	adult optic lobe intrinsic neuron	
720575941611808842	BANC_888:720575941611808842	BANC888	is_a	adult posterior ventrolateral protocerebrum neuron 036	
720575941611810122	BANC_888:720575941611810122	BANC888	is_a	lamina monopolar neuron L1	
720575941611810733	BANC_888:720575941611810733	BANC888	is_a	T2a neuron	
720575941611811548	BANC_888:720575941611811548	BANC888	is_a	T5c neuron	
720575941611812170	BANC_888:720575941611812170	BANC888	is_a	femoral chordotonal claw neuron	
720575941611813353	BANC_888:720575941611813353	BANC888	is_a	adult optic lobe intrinsic neuron	
720575941611814730	BANC_888:720575941611814730	BANC888	is_a	medulla intrinsic neuron Mi15	
720575941611814986	BANC_888:720575941611814986	BANC888	is_a	lamina monopolar neuron L1	
720575941611815142	BANC_888:720575941611815142	BANC888	is_a	adult IN09A015 neuron	
720575941611817389	BANC_888:720575941611817389	BANC888	is_a	adult lobula intrinsic neuron Li21	FlyBase:FBrf0262545
720575941611817901	BANC_888:720575941611817901	BANC888	is_a	visual projection neuron	
720575941611818515	BANC_888:720575941611818515	BANC888	is_a	adult IN03A081 neuron	
720575941611818598	BANC_888:720575941611818598	BANC888	is_a	adult optic lobe intrinsic neuron	
720575941611818982	BANC_888:720575941611818982	BANC888	is_a	adult optic lobe intrinsic neuron	
720575941611819740	BANC_888:720575941611819740	BANC888	is_a	medulla intrinsic neuron Mi1	
720575941611823078	BANC_888:720575941611823078	BANC888	is_a	adult ANXXX144 neuron	
720575941611824358	BANC_888:720575941611824358	BANC888	is_a	adult AN04A001 neuron	
720575941611824873	BANC_888:720575941611824873	BANC888	is_a	distal medullary amacrine neuron Dm3c	FlyBase:FBrf0262545
720575941611825129	BANC_888:720575941611825129	BANC888	is_a	adult optic lobe intrinsic neuron	
720575941611827274	BANC_888:720575941611827274	BANC888	is_a	columnar neuron T1	
720575941611828909	BANC_888:720575941611828909	BANC888	is_a	T3 neuron	
720575941611829165	BANC_888:720575941611829165	BANC888	is_a	adult CB3122 neuron	
720575941611829677	BANC_888:720575941611829677	BANC888	is_a	T5c neuron	
720575941611829990	BANC_888:720575941611829990	BANC888	is_a	adult IN11A042 neuron	
720575941611833577	BANC_888:720575941611833577	BANC888	is_a	descending neuron of the gnathal ganglion DNge051	
720575941611834345	BANC_888:720575941611834345	BANC888	is_a	adult CB0859 neuron	
720575941611834854	BANC_888:720575941611834854	BANC888	is_a	adult INXXX396 neuron	
720575941611836649	BANC_888:720575941611836649	BANC888	is_a	columnar neuron T1	
720575941611837660	BANC_888:720575941611837660	BANC888	is_a	adult IN23B049 neuron	
720575941611843501	BANC_888:720575941611843501	BANC888	is_a	medulla intrinsic neuron Mi15	
720575941611846630	BANC_888:720575941611846630	BANC888	is_a	adult IN05B090 neuron	
720575941611849948	BANC_888:720575941611849948	BANC888	is_a	transmedullary neuron Tm2	
720575941611853286	BANC_888:720575941611853286	BANC888	is_a	T5d neuron	
720575941611854154	BANC_888:720575941611854154	BANC888	is_a	transmedullary Y neuron TmY14	
720575941611854812	BANC_888:720575941611854812	BANC888	is_a	distal medullary amacrine neuron Dm8b	
720575941611855334	BANC_888:720575941611855334	BANC888	is_a	adult optic lobe intrinsic neuron	
720575941611856105	BANC_888:720575941611856105	BANC888	is_a	T2a neuron	
720575941611856742	BANC_888:720575941611856742	BANC888	is_a	wing margin taste bristle	
720575941611861225	BANC_888:720575941611861225	BANC888	is_a	prothoracic leg taste bristle chemosensory neuron	
720575941611861350	BANC_888:720575941611861350	BANC888	is_a	distal medullary amacrine neuron Dm3c	FlyBase:FBrf0262545
720575941611862748	BANC_888:720575941611862748	BANC888	is_a	transmedullary neuron Tm9	
720575941611863526	BANC_888:720575941611863526	BANC888	is_a	adult optic lobe intrinsic neuron	
720575941611864678	BANC_888:720575941611864678	BANC888	is_a	lobula columnar neuron LC9	
720575941611865619	BANC_888:720575941611865619	BANC888	is_a	adult protocerebral bridge 1 glomerulus-ellipsoid body tile-gall neuron	
720575941611866797	BANC_888:720575941611866797	BANC888	is_a	adult anterior ventrolateral protocerebrum neuron 454	
720575941611870381	BANC_888:720575941611870381	BANC888	is_a	adult CB3482 neuron	
720575941611873709	BANC_888:720575941611873709	BANC888	is_a	alpha/beta Kenyon cell	
720575941611874268	BANC_888:720575941611874268	BANC888	is_a	transmedullary neuron Tm2	
720575941611875245	BANC_888:720575941611875245	BANC888	is_a	adult optic lobe intrinsic neuron	
720575941611875430	BANC_888:720575941611875430	BANC888	is_a	adult optic lobe intrinsic neuron	
720575941611876838	BANC_888:720575941611876838	BANC888	is_a	adult optic lobe intrinsic neuron	
720575941611878317	BANC_888:720575941611878317	BANC888	is_a	adult superior medial protocerebrum neuron 429	
720575941611878573	BANC_888:720575941611878573	BANC888	is_a	adult IN23B060 neuron	
720575941611883878	BANC_888:720575941611883878	BANC888	is_a	adult optic lobe intrinsic neuron	
720575941611885033	BANC_888:720575941611885033	BANC888	is_a	lamina monopolar neuron L5	
720575941611887846	BANC_888:720575941611887846	BANC888	is_a	adult posterior ventrolateral protocerebrum neuron 111	
720575941611888557	BANC_888:720575941611888557	BANC888	is_a	transmedullary neuron Tm4	
720575941611890921	BANC_888:720575941611890921	BANC888	is_a	columnar neuron T1	
720575941611891814	BANC_888:720575941611891814	BANC888	is_a	T2a neuron	
720575941611895014	BANC_888:720575941611895014	BANC888	is_a	adult CB0415 neuron	
720575941611895782	BANC_888:720575941611895782	BANC888	is_a	adult olfactory receptor neuron Ir75d	
720575941611897190	BANC_888:720575941611897190	BANC888	is_a	T2a neuron	
720575941611898214	BANC_888:720575941611898214	BANC888	is_a	adult optic lobe intrinsic neuron	
720575941611900646	BANC_888:720575941611900646	BANC888	is_a	adult lateral accessory lobe neuron 089	
720575941611902172	BANC_888:720575941611902172	BANC888	is_a	transmedullary Y neuron TmY3	
720575941611904745	BANC_888:720575941611904745	BANC888	is_a	bristle sensory neuron	
720575941611904870	BANC_888:720575941611904870	BANC888	is_a	adult SNta28 neuron	
720575941611905126	BANC_888:720575941611905126	BANC888	is_a	distal medullary amacrine neuron Dm3c	FlyBase:FBrf0262545
720575941611905382	BANC_888:720575941611905382	BANC888	is_a	adult optic lobe intrinsic neuron	
720575941611906406	BANC_888:720575941611906406	BANC888	is_a	transmedullary neuron Tm20	
720575941611907292	BANC_888:720575941611907292	BANC888	is_a	proximal medullary amacrine neuron Pm2	FlyBase:FBrf0262545
720575941611909596	BANC_888:720575941611909596	BANC888	is_a	transmedullary neuron Tm1	
720575941611911388	BANC_888:720575941611911388	BANC888	is_a	transmedullary neuron Tm6	FlyBase:FBrf0262545
720575941611912166	BANC_888:720575941611912166	BANC888	is_a	adult optic lobe intrinsic neuron	
720575941611914669	BANC_888:720575941611914669	BANC888	is_a	adult IN02A010 neuron	
720575941611914985	BANC_888:720575941611914985	BANC888	is_a	photoreceptor cell R7	
720575941611915366	BANC_888:720575941611915366	BANC888	is_a	distal medullary amacrine neuron Dm3b	FlyBase:FBrf0262545
720575941611918765	BANC_888:720575941611918765	BANC888	is_a	adult INXXX384 neuron	
720575941611923814	BANC_888:720575941611923814	BANC888	is_a	mechanosensory neuron of interommatidial bristle	
720575941611932774	BANC_888:720575941611932774	BANC888	is_a	adult optic lobe intrinsic neuron	
720575941611933286	BANC_888:720575941611933286	BANC888	is_a	adult optic lobe intrinsic neuron	
720575941611935196	BANC_888:720575941611935196	BANC888	is_a	columnar neuron T1	
720575941611935562	BANC_888:720575941611935562	BANC888	is_a	adult protocerebral bridge 1 glomerulus-fan-shaped body layers 4 and 5-unilateral lateral accessory lobe neuron	
720575941611935718	BANC_888:720575941611935718	BANC888	is_a	adult superior medial protocerebrum neuron 189	
720575941611935964	BANC_888:720575941611935964	BANC888	is_a	adult optic lobe intrinsic neuron	
720575941611937709	BANC_888:720575941611937709	BANC888	is_a	adult ANXXX082 neuron	
720575941611937965	BANC_888:720575941611937965	BANC888	is_a	mesothoracic leg taste bristle chemosensory neuron	
720575941611940073	BANC_888:720575941611940073	BANC888	is_a	adult anterior ventrolateral protocerebrum neuron 091	
720575941611940838	BANC_888:720575941611940838	BANC888	is_a	adult thermosensory neuron Ir21a VP1l	
720575941611941353	BANC_888:720575941611941353	BANC888	is_a	lamina monopolar neuron L2	
720575941611941596	BANC_888:720575941611941596	BANC888	is_a	T4d neuron	
720575941611941609	BANC_888:720575941611941609	BANC888	is_a	columnar neuron T1	
720575941611943398	BANC_888:720575941611943398	BANC888	is_a	lobula columnar neuron LC10a	
720575941611944668	BANC_888:720575941611944668	BANC888	is_a	adult AN19B032 neuron	
720575941611944934	BANC_888:720575941611944934	BANC888	is_a	adult CB1514 neuron	
720575941611945389	BANC_888:720575941611945389	BANC888	is_a	metathoracic sternal adductor muscle motor neuron	
720575941611945449	BANC_888:720575941611945449	BANC888	is_a	lamina monopolar neuron L3	
720575941611946669	BANC_888:720575941611946669	BANC888	is_a	adult IN20A.22A053 neuron	
720575941611947622	BANC_888:720575941611947622	BANC888	is_a	transmedullary neuron Tm24	FlyBase:FBrf0262545
720575941611949020	BANC_888:720575941611949020	BANC888	is_a	distal medullary amacrine neuron Dm15	
720575941611950044	BANC_888:720575941611950044	BANC888	is_a	bristle sensory neuron	
720575941611951593	BANC_888:720575941611951593	BANC888	is_a	T2a neuron	
720575941611951789	BANC_888:720575941611951789	BANC888	is_a	adult IN19A029 neuron	
720575941611953628	BANC_888:720575941611953628	BANC888	is_a	transmedullary Y neuron TmY14	
720575941611954908	BANC_888:720575941611954908	BANC888	is_a	T4b neuron	
720575941611957165	BANC_888:720575941611957165	BANC888	is_a	adult IN23B025 neuron	
720575941611957350	BANC_888:720575941611957350	BANC888	is_a	adult CB1379 neuron	
720575941611959004	BANC_888:720575941611959004	BANC888	is_a	distal medullary amacrine neuron Dm2	
720575941611959725	BANC_888:720575941611959725	BANC888	is_a	adult IN01A051 neuron	
720575941611959772	BANC_888:720575941611959772	BANC888	is_a	adult optic lobe intrinsic neuron	
720575941611960237	BANC_888:720575941611960237	BANC888	is_a	adult IN17A022 neuron	
720575941611961162	BANC_888:720575941611961162	BANC888	is_a	adult IN19A021 neuron	
720575941611961820	BANC_888:720575941611961820	BANC888	is_a	adult optic lobe intrinsic neuron	
720575941611963053	BANC_888:720575941611963053	BANC888	is_a	adult IN02A020 neuron	
720575941611963309	BANC_888:720575941611963309	BANC888	is_a	adult AN05B063 neuron	
720575941611963612	BANC_888:720575941611963612	BANC888	is_a	medulla intrinsic neuron Mi13	
720575941611964646	BANC_888:720575941611964646	BANC888	is_a	adult CB2310 neuron	
720575941611966227	BANC_888:720575941611966227	BANC888	is_a	adult CB0605 neuron	
720575941611966438	BANC_888:720575941611966438	BANC888	is_a	adult fan-shaped body layer 6 neuron of LALv1 lineage	
720575941611966940	BANC_888:720575941611966940	BANC888	is_a	adult optic lobe intrinsic neuron	
720575941611967452	BANC_888:720575941611967452	BANC888	is_a	distal medullary amacrine neuron Dm3b	FlyBase:FBrf0262545
720575941611967974	BANC_888:720575941611967974	BANC888	is_a	adult inferior bridge neuron 050	
720575941611968486	BANC_888:720575941611968486	BANC888	is_a	adult superior medial protocerebrum neuron 441	
720575941611968489	BANC_888:720575941611968489	BANC888	is_a	medulla intrinsic neuron Mi1	
720575941611968988	BANC_888:720575941611968988	BANC888	is_a	transmedullary neuron Tm20	
720575941611969453	BANC_888:720575941611969453	BANC888	is_a	adult IN01A083 neuron	
720575941611969513	BANC_888:720575941611969513	BANC888	is_a	transmedullary neuron Tm9	
720575941611969965	BANC_888:720575941611969965	BANC888	is_a	distal medullary amacrine neuron Dm3a	FlyBase:FBrf0262545
720575941611970477	BANC_888:720575941611970477	BANC888	is_a	adult IN08B004 neuron	
720575941611970780	BANC_888:720575941611970780	BANC888	is_a	lamina wide-field 1 neuron	
720575941611973862	BANC_888:720575941611973862	BANC888	is_a	adult lateral horn AD2c3 neuron	
720575941611977645	BANC_888:720575941611977645	BANC888	is_a	adult IN09B005 neuron	
720575941611979996	BANC_888:720575941611979996	BANC888	is_a	distal medullary amacrine neuron Dm8b	
720575941611980764	BANC_888:720575941611980764	BANC888	is_a	adult optic lobe intrinsic neuron	
720575941611982556	BANC_888:720575941611982556	BANC888	is_a	T5b neuron	
720575941611984102	BANC_888:720575941611984102	BANC888	is_a	lamina monopolar neuron L5	
720575941611984813	BANC_888:720575941611984813	BANC888	is_a	adult IN20A.22A063 neuron	
720575941611985837	BANC_888:720575941611985837	BANC888	is_a	T3 neuron	
720575941611985894	BANC_888:720575941611985894	BANC888	is_a	transmedullary neuron Tm5b	
720575941611987885	BANC_888:720575941611987885	BANC888	is_a	distal medullary amacrine neuron Dm3a	FlyBase:FBrf0262545
720575941611987945	BANC_888:720575941611987945	BANC888	is_a	lamina monopolar neuron L4	
720575941611988141	BANC_888:720575941611988141	BANC888	is_a	adult INXXX306 neuron	
720575941611988582	BANC_888:720575941611988582	BANC888	is_a	giant fiber coupled neuron 2	
720575941611989165	BANC_888:720575941611989165	BANC888	is_a	adult INXXX217 neuron	
720575941611990748	BANC_888:720575941611990748	BANC888	is_a	adult optic lobe intrinsic neuron	
720575941611992809	BANC_888:720575941611992809	BANC888	is_a	adult optic lobe intrinsic neuron	
720575941611995565	BANC_888:720575941611995565	BANC888	is_a	T3 neuron	
720575941611997417	BANC_888:720575941611997417	BANC888	is_a	adult optic lobe intrinsic neuron	
720575941611999462	BANC_888:720575941611999462	BANC888	is_a	lobula columnar neuron LC10c	
720575941612001500	BANC_888:720575941612001500	BANC888	is_a	Y neuron Y3	
720575941612001513	BANC_888:720575941612001513	BANC888	is_a	lamina monopolar neuron L4	
720575941612002790	BANC_888:720575941612002790	BANC888	is_a	lamina monopolar neuron L3	
720575941612004572	BANC_888:720575941612004572	BANC888	is_a	centrifugal neuron C3	
720575941612004710	BANC_888:720575941612004710	BANC888	is_a	adult IN09B038 neuron	
720575941612005293	BANC_888:720575941612005293	BANC888	is_a	distal medullary amacrine neuron Dm3c	FlyBase:FBrf0262545
720575941612005549	BANC_888:720575941612005549	BANC888	is_a	adult lobula plate tangential neuron LPT101	
720575941612006364	BANC_888:720575941612006364	BANC888	is_a	adult optic lobe intrinsic neuron	
720575941612009062	BANC_888:720575941612009062	BANC888	is_a	adult IN08A008 neuron	
720575941612010771	BANC_888:720575941612010771	BANC888	is_a	adult CB0548 neuron	
720575941612010982	BANC_888:720575941612010982	BANC888	is_a	adult posterior ventrolateral protocerebrum neuron 092	
720575941612018918	BANC_888:720575941612018918	BANC888	is_a	adult CB0122 neuron	
720575941612019814	BANC_888:720575941612019814	BANC888	is_a	mechanosensory neuron of interommatidial bristle	
720575941612023516	BANC_888:720575941612023516	BANC888	is_a	transmedullary neuron Tm9	
720575941612024550	BANC_888:720575941612024550	BANC888	is_a	adult CB2317 neuron	
720575941612024749	BANC_888:720575941612024749	BANC888	is_a	medulla intrinsic neuron Mi1	
720575941612027238	BANC_888:720575941612027238	BANC888	is_a	adult IN16B069 neuron	
720575941612027821	BANC_888:720575941612027821	BANC888	is_a	lamina monopolar neuron L2	
720575941612030182	BANC_888:720575941612030182	BANC888	is_a	adult posterior lateral protocerebrum neuron 250	
720575941612033257	BANC_888:720575941612033257	BANC888	is_a	lobula plate intrinsic neuron LPi3-4	FlyBase:FBrf0262545
720575941612037350	BANC_888:720575941612037350	BANC888	is_a	adult wedge neuron 041	
720575941612037734	BANC_888:720575941612037734	BANC888	is_a	adult optic lobe intrinsic neuron	
720575941612039142	BANC_888:720575941612039142	BANC888	is_a	adult descending neuron of the anterior ventral brain DNbe005	
720575941612040806	BANC_888:720575941612040806	BANC888	is_a	adult IN13A036 neuron	
720575941612041446	BANC_888:720575941612041446	BANC888	is_a	adult CB0381 neuron	
720575941612042669	BANC_888:720575941612042669	BANC888	is_a	adult CB0983 neuron	
720575941612042972	BANC_888:720575941612042972	BANC888	is_a	adult AN08B100 neuron	
720575941612045386	BANC_888:720575941612045386	BANC888	is_a	adult superior lateral protocerebrum neuron 034	
720575941612045532	BANC_888:720575941612045532	BANC888	is_a	adult optic lobe intrinsic neuron	
720575941612045741	BANC_888:720575941612045741	BANC888	is_a	adult CB0473 neuron	
720575941612045997	BANC_888:720575941612045997	BANC888	is_a	adult CB1103 neuron	
720575941612046054	BANC_888:720575941612046054	BANC888	is_a	adult olfactory receptor neuron Or67c	
720575941612046922	BANC_888:720575941612046922	BANC888	is_a	photoreceptor cell R8	
720575941612047434	BANC_888:720575941612047434	BANC888	is_a	gamma main Kenyon cell	
720575941612048361	BANC_888:720575941612048361	BANC888	is_a	distal medullary amacrine neuron Dm3c	FlyBase:FBrf0262545
720575941612049884	BANC_888:720575941612049884	BANC888	is_a	T5d neuron	
720575941612050022	BANC_888:720575941612050022	BANC888	is_a	adult INXXX305 neuron	
720575941612051430	BANC_888:720575941612051430	BANC888	is_a	adult lateral accessory lobe neuron 163	
720575941612052042	BANC_888:720575941612052042	BANC888	is_a	adult fan-shaped body 1 column-superior medial protocerebrum neuron	FlyBase:FBrf0246888
720575941612052141	BANC_888:720575941612052141	BANC888	is_a	zone A Johnston organ neuron	
720575941612052653	BANC_888:720575941612052653	BANC888	is_a	adult olfactory receptor neuron Or92a	
720575941612053094	BANC_888:720575941612053094	BANC888	is_a	adult IN18B020 neuron	
720575941612054602	BANC_888:720575941612054602	BANC888	is_a	adult CB2284 neuron	
720575941612055370	BANC_888:720575941612055370	BANC888	is_a	adult CB2987 neuron	
720575941612056284	BANC_888:720575941612056284	BANC888	is_a	T5a neuron	
720575941612058982	BANC_888:720575941612058982	BANC888	is_a	adult DNxn179 neuron	
720575941612059100	BANC_888:720575941612059100	BANC888	is_a	adult Kenyon cell	
720575941612059868	BANC_888:720575941612059868	BANC888	is_a	T5a neuron	
720575941612061613	BANC_888:720575941612061613	BANC888	is_a	adult CB1225 neuron	
720575941612061926	BANC_888:720575941612061926	BANC888	is_a	adult lateral accessory lobe neuron 086	
720575941612063718	BANC_888:720575941612063718	BANC888	is_a	adult CB0761 neuron	
720575941612064074	BANC_888:720575941612064074	BANC888	is_a	adult anterior ventrolateral protocerebrum neuron 298	
720575941612065766	BANC_888:720575941612065766	BANC888	is_a	distal medullary amacrine neuron Dm3a	FlyBase:FBrf0262545
720575941612065894	BANC_888:720575941612065894	BANC888	is_a	adult IN03A049 neuron	
720575941612066534	BANC_888:720575941612066534	BANC888	is_a	distal medullary amacrine neuron Dm3a	FlyBase:FBrf0262545
720575941612068525	BANC_888:720575941612068525	BANC888	is_a	adult superior medial protocerebrum neuron 106	
720575941612068710	BANC_888:720575941612068710	BANC888	is_a	adult IN04B068 neuron	
720575941612068828	BANC_888:720575941612068828	BANC888	is_a	medulla intrinsic neuron Mi15	
720575941612069962	BANC_888:720575941612069962	BANC888	is_a	adult CB1150 neuron	
720575941612070374	BANC_888:720575941612070374	BANC888	is_a	adult CB1306 neuron	
720575941612070876	BANC_888:720575941612070876	BANC888	is_a	gustatory receptor neuron of the labellum	
720575941612072412	BANC_888:720575941612072412	BANC888	is_a	T4c neuron	
720575941612073574	BANC_888:720575941612073574	BANC888	is_a	adult IN13A010 neuron	
720575941612074925	BANC_888:720575941612074925	BANC888	is_a	adult olfactory receptor neuron Or82a	
720575941612075622	BANC_888:720575941612075622	BANC888	is_a	adult AN12B017 neuron	
720575941612076106	BANC_888:720575941612076106	BANC888	is_a	mushroom body output neuron 19	
720575941612076518	BANC_888:720575941612076518	BANC888	is_a	adult SNta45 neuron	
720575941612078300	BANC_888:720575941612078300	BANC888	is_a	T5b neuron	
720575941612079590	BANC_888:720575941612079590	BANC888	is_a	adult medulla-contralateral medulla neuron MeVPMe4	FlyBase:FBrf0262545
720575941612079946	BANC_888:720575941612079946	BANC888	is_a	adult CB2278 neuron	
720575941612080486	BANC_888:720575941612080486	BANC888	is_a	medulla intrinsic neuron Mi9	
720575941612082790	BANC_888:720575941612082790	BANC888	is_a	adult optic lobe intrinsic neuron	
720575941612083942	BANC_888:720575941612083942	BANC888	is_a	adult CB2777 neuron	
720575941612084298	BANC_888:720575941612084298	BANC888	is_a	adult IN07B034 neuron	
720575941612085578	BANC_888:720575941612085578	BANC888	is_a	adult lobula-lobula plate neuron LOLP1	FlyBase:FBrf0262545
720575941612087114	BANC_888:720575941612087114	BANC888	is_a	adult crepine neuron 102	
720575941612087772	BANC_888:720575941612087772	BANC888	is_a	distal medullary amacrine neuron Dm2	
720575941612091978	BANC_888:720575941612091978	BANC888	is_a	transmedullary neuron Tm3	
720575941612092490	BANC_888:720575941612092490	BANC888	is_a	columnar neuron T1	
720575941612093417	BANC_888:720575941612093417	BANC888	is_a	lamina monopolar neuron L2	
720575941612094054	BANC_888:720575941612094054	BANC888	is_a	lamina monopolar neuron L2	
720575941612094125	BANC_888:720575941612094125	BANC888	is_a	lobula plate tangential neuron vCal1	
720575941612095149	BANC_888:720575941612095149	BANC888	is_a	adult CB3669 neuron	
720575941612095562	BANC_888:720575941612095562	BANC888	is_a	adult IN23B023 neuron	
720575941612095818	BANC_888:720575941612095818	BANC888	is_a	metathoracic leg taste bristle chemosensory neuron	
720575941612097811	BANC_888:720575941612097811	BANC888	is_a	adult IN19A011 neuron	
720575941612101862	BANC_888:720575941612101862	BANC888	is_a	gamma main Kenyon cell	
720575941612104038	BANC_888:720575941612104038	BANC888	is_a	adult optic lobe intrinsic neuron	
720575941612107181	BANC_888:720575941612107181	BANC888	is_a	lobula plate columnar neuron LPC1	
720575941612108777	BANC_888:720575941612108777	BANC888	is_a	lamina monopolar neuron L2	
720575941612109532	BANC_888:720575941612109532	BANC888	is_a	adult IN23B024 neuron	
720575941612110118	BANC_888:720575941612110118	BANC888	is_a	adult SNxx26 neuron	
720575941612111081	BANC_888:720575941612111081	BANC888	is_a	adult optic lobe intrinsic neuron	
720575941612112102	BANC_888:720575941612112102	BANC888	is_a	adult optic lobe intrinsic neuron	
720575941612112486	BANC_888:720575941612112486	BANC888	is_a	adult optic lobe intrinsic neuron	
720575941612114140	BANC_888:720575941612114140	BANC888	is_a	sensory neuron of haltere campaniform sensillum	
720575941612114918	BANC_888:720575941612114918	BANC888	is_a	adult clamp neuron 085	
720575941612115018	BANC_888:720575941612115018	BANC888	is_a	transmedullary neuron Tm1	
720575941612115373	BANC_888:720575941612115373	BANC888	is_a	alpha'/beta' anterior-posterior type 1 Kenyon cell	
720575941612115430	BANC_888:720575941612115430	BANC888	is_a	adult CB1962 neuron	
720575941612119398	BANC_888:720575941612119398	BANC888	is_a	adult CB2293 neuron	
720575941612125030	BANC_888:720575941612125030	BANC888	is_a	lobula columnar neuron LC9	
720575941612125542	BANC_888:720575941612125542	BANC888	is_a	transmedullary neuron Tm3	
720575941612127251	BANC_888:720575941612127251	BANC888	is_a	adult CB3524 neuron	
720575941612127452	BANC_888:720575941612127452	BANC888	is_a	T4a neuron	
720575941612129769	BANC_888:720575941612129769	BANC888	is_a	lamina monopolar neuron L1	
720575941612130790	BANC_888:720575941612130790	BANC888	is_a	medulla intrinsic neuron Mi2	
720575941612131146	BANC_888:720575941612131146	BANC888	is_a	lamina monopolar neuron L2	
720575941612131558	BANC_888:720575941612131558	BANC888	is_a	T4b neuron	
720575941612133734	BANC_888:720575941612133734	BANC888	is_a	adult posterior slope neuron 208	
720575941612135401	BANC_888:720575941612135401	BANC888	is_a	adult optic lobe intrinsic neuron	
720575941612138214	BANC_888:720575941612138214	BANC888	is_a	adult optic lobe intrinsic neuron	
720575941612138729	BANC_888:720575941612138729	BANC888	is_a	adult superior lateral protocerebrum-asymmetrical body-fan-shaped body layer 8 neuron	
720575941612139241	BANC_888:720575941612139241	BANC888	is_a	adult AN07B069 neuron	
720575941612139437	BANC_888:720575941612139437	BANC888	is_a	lobula-lobula plate columnar neuron LLPC2	
720575941612139594	BANC_888:720575941612139594	BANC888	is_a	proximal medullary amacrine neuron Pm1	FlyBase:FBrf0262545
720575941612139693	BANC_888:720575941612139693	BANC888	is_a	T4c neuron	
720575941612140262	BANC_888:720575941612140262	BANC888	is_a	alpha/beta Kenyon cell	
720575941612140265	BANC_888:720575941612140265	BANC888	is_a	lamina monopolar neuron L1	
720575941612140390	BANC_888:720575941612140390	BANC888	is_a	adult optic lobe intrinsic neuron	
720575941612141414	BANC_888:720575941612141414	BANC888	is_a	adult CB2657 neuron	
720575941612142313	BANC_888:720575941612142313	BANC888	is_a	adult clamp neuron 201	
720575941612143593	BANC_888:720575941612143593	BANC888	is_a	adult CB2105 neuron	
720575941612144230	BANC_888:720575941612144230	BANC888	is_a	lobula columnar neuron LC10d	
720575941612145994	BANC_888:720575941612145994	BANC888	is_a	adult optic lobe intrinsic neuron	
720575941612146921	BANC_888:720575941612146921	BANC888	is_a	adult CB2187 neuron	
720575941612148713	BANC_888:720575941612148713	BANC888	is_a	adult optic lobe intrinsic neuron	
720575941612148956	BANC_888:720575941612148956	BANC888	is_a	medulla intrinsic neuron Mi13	
720575941612150858	BANC_888:720575941612150858	BANC888	is_a	femoral chordotonal hook neuron	
720575941612151017	BANC_888:720575941612151017	BANC888	is_a	adult SNxx04 neuron	
720575941612151725	BANC_888:720575941612151725	BANC888	is_a	adult CB1413 neuron	
720575941612153052	BANC_888:720575941612153052	BANC888	is_a	Y neuron Y12	
720575941612153065	BANC_888:720575941612153065	BANC888	is_a	adult CB2287 neuron	
720575941612155053	BANC_888:720575941612155053	BANC888	is_a	adult CB2438 neuron	
720575941612155356	BANC_888:720575941612155356	BANC888	is_a	adult optic lobe intrinsic neuron	
720575941612157916	BANC_888:720575941612157916	BANC888	is_a	T2a neuron	
720575941612158026	BANC_888:720575941612158026	BANC888	is_a	metathoracic accessory tibial flexor motor neuron	
720575941612158441	BANC_888:720575941612158441	BANC888	is_a	adult lateral accessory lobe neuron 042	
720575941612160489	BANC_888:720575941612160489	BANC888	is_a	adult clamp neuron 135	
720575941612161001	BANC_888:720575941612161001	BANC888	is_a	adult anterior optic tubercle neuron 059	
720575941612161513	BANC_888:720575941612161513	BANC888	is_a	adult lateral accessory lobe neuron 028	
720575941612163914	BANC_888:720575941612163914	BANC888	is_a	adult optic lobe intrinsic neuron	
720575941612163942	BANC_888:720575941612163942	BANC888	is_a	lamina monopolar neuron L3	
720575941612164073	BANC_888:720575941612164073	BANC888	is_a	adult superior lateral protocerebrum neuron 024	
720575941612164841	BANC_888:720575941612164841	BANC888	is_a	adult optic lobe intrinsic neuron	
720575941612165706	BANC_888:720575941612165706	BANC888	is_a	lamina monopolar neuron L1	
720575941612171494	BANC_888:720575941612171494	BANC888	is_a	lamina monopolar neuron L2	
720575941612173286	BANC_888:720575941612173286	BANC888	is_a	lamina monopolar neuron L1	
720575941612174569	BANC_888:720575941612174569	BANC888	is_a	adult CB1100 neuron	
720575941612175635	BANC_888:720575941612175635	BANC888	is_a	adult CB0467 neuron	
720575941612176617	BANC_888:720575941612176617	BANC888	is_a	adult fan-shaped body 1 column-crepine neuron	FlyBase:FBrf0246888
720575941612177738	BANC_888:720575941612177738	BANC888	is_a	adult CB1941 neuron	
720575941612177837	BANC_888:720575941612177837	BANC888	is_a	accessory medulla neuron aMe9	
720575941612180042	BANC_888:720575941612180042	BANC888	is_a	adult optic lobe intrinsic neuron	
720575941612180457	BANC_888:720575941612180457	BANC888	is_a	protocerebral bridge 1 glomerulus-fan-shaped body-nodulus 3 posterior domain neuron	
720575941612182445	BANC_888:720575941612182445	BANC888	is_a	adult CB3261 neuron	
720575941612182602	BANC_888:720575941612182602	BANC888	is_a	gustatory receptor neuron of the wing	
720575941612183529	BANC_888:720575941612183529	BANC888	is_a	adult clamp neuron 292	
720575941612185833	BANC_888:720575941612185833	BANC888	is_a	adult CB0951 neuron	
720575941612186345	BANC_888:720575941612186345	BANC888	is_a	mushroom body output neuron 24	
720575941612187309	BANC_888:720575941612187309	BANC888	is_a	adult CB3753 neuron	
720575941612187878	BANC_888:720575941612187878	BANC888	is_a	adult optic lobe intrinsic neuron	
720575941612187978	BANC_888:720575941612187978	BANC888	is_a	centrifugal neuron C3	
720575941612189542	BANC_888:720575941612189542	BANC888	is_a	lobula columnar neuron LC22	
720575941612190794	BANC_888:720575941612190794	BANC888	is_a	lobula columnar neuron LC18	
720575941612191917	BANC_888:720575941612191917	BANC888	is_a	adult posterior slope neuron 005	
720575941612195501	BANC_888:720575941612195501	BANC888	is_a	descending neuron of the gnathal ganglion DNg17	
720575941612197734	BANC_888:720575941612197734	BANC888	is_a	adult IN16B063 neuron	
720575941612201062	BANC_888:720575941612201062	BANC888	is_a	adult medulla visual projection neuron MeVP1	FlyBase:FBrf0262545
720575941612201290	BANC_888:720575941612201290	BANC888	is_a	lamina monopolar neuron L1	
720575941612201645	BANC_888:720575941612201645	BANC888	is_a	adult olfactory receptor neuron Or49a/85f	
720575941612203996	BANC_888:720575941612203996	BANC888	is_a	adult IN01A015 neuron	
720575941612204973	BANC_888:720575941612204973	BANC888	is_a	adult CB2413 neuron	
720575941612205741	BANC_888:720575941612205741	BANC888	is_a	photoreceptor cell R8	
720575941612205926	BANC_888:720575941612205926	BANC888	is_a	adult olfactory receptor neuron Or19	
720575941612206057	BANC_888:720575941612206057	BANC888	is_a	adult CB2202 neuron	
720575941612208361	BANC_888:720575941612208361	BANC888	is_a	adult wedge neuron 145	
720575941612208458	BANC_888:720575941612208458	BANC888	is_a	adult optic lobe intrinsic neuron	
720575941612211018	BANC_888:720575941612211018	BANC888	is_a	adult optic lobe intrinsic neuron	
720575941612211689	BANC_888:720575941612211689	BANC888	is_a	lobula columnar neuron LC12	
720575941612214758	BANC_888:720575941612214758	BANC888	is_a	femoral chordotonal club neuron	
720575941612214761	BANC_888:720575941612214761	BANC888	is_a	adult optic lobe intrinsic neuron	
720575941612214858	BANC_888:720575941612214858	BANC888	is_a	T3 neuron	
720575941612218601	BANC_888:720575941612218601	BANC888	is_a	adult optic lobe intrinsic neuron	
720575941612219210	BANC_888:720575941612219210	BANC888	is_a	adult optic lobe intrinsic neuron	
720575941612222441	BANC_888:720575941612222441	BANC888	is_a	adult optic lobe intrinsic neuron	
720575941612224220	BANC_888:720575941612224220	BANC888	is_a	T2a neuron	
720575941612224330	BANC_888:720575941612224330	BANC888	is_a	adult CB1827 neuron	
720575941612224685	BANC_888:720575941612224685	BANC888	is_a	adult CB2078 neuron	
720575941612225299	BANC_888:720575941612225299	BANC888	is_a	gamma main Kenyon cell	
720575941612225354	BANC_888:720575941612225354	BANC888	is_a	adult CB1539 neuron	
720575941612226890	BANC_888:720575941612226890	BANC888	is_a	femoral chordotonal hook neuron	
720575941612228682	BANC_888:720575941612228682	BANC888	is_a	adult posterior lateral protocerebrum neuron 101	
720575941612230889	BANC_888:720575941612230889	BANC888	is_a	adult optic lobe intrinsic neuron	
720575941612233830	BANC_888:720575941612233830	BANC888	is_a	adult ANXXX150 neuron	
720575941612233901	BANC_888:720575941612233901	BANC888	is_a	adult multiglomerular antennal lobe projection neuron type 51 vPN	
720575941612234854	BANC_888:720575941612234854	BANC888	is_a	transmedullary neuron Tm2	
720575941612239206	BANC_888:720575941612239206	BANC888	is_a	lobula columnar neuron LC11	
720575941612240202	BANC_888:720575941612240202	BANC888	is_a	adult posterior ventrolateral protocerebrum neuron 027	
720575941612240714	BANC_888:720575941612240714	BANC888	is_a	transmedullary neuron Tm3	
720575941612241738	BANC_888:720575941612241738	BANC888	is_a	lobula plate tangential neuron LPT100	FlyBase:FBrf0262545
720575941612242790	BANC_888:720575941612242790	BANC888	is_a	adult CB1322 neuron	
720575941612246445	BANC_888:720575941612246445	BANC888	is_a	adult CNS neuron	
720575941612246858	BANC_888:720575941612246858	BANC888	is_a	T3 neuron	
720575941612247370	BANC_888:720575941612247370	BANC888	is_a	transmedullary Y neuron TmY14	
720575941612248934	BANC_888:720575941612248934	BANC888	is_a	adult anterior optic tubercle neuron 048	
720575941612250442	BANC_888:720575941612250442	BANC888	is_a	columnar neuron T1	
720575941612251868	BANC_888:720575941612251868	BANC888	is_a	adult IN21A012 neuron	
720575941612252636	BANC_888:720575941612252636	BANC888	is_a	T5d neuron	
720575941612254637	BANC_888:720575941612254637	BANC888	is_a	transmedullary Y neuron TmY14	
720575941612256220	BANC_888:720575941612256220	BANC888	is_a	adult fan-shaped body 1 column-crepine neuron	FlyBase:FBrf0246888
720575941612256330	BANC_888:720575941612256330	BANC888	is_a	adult optic lobe intrinsic neuron	
720575941612256476	BANC_888:720575941612256476	BANC888	is_a	metathoracic accessory tibial flexor motor neuron	
720575941612257866	BANC_888:720575941612257866	BANC888	is_a	transmedullary Y neuron TmY3	
720575941612258025	BANC_888:720575941612258025	BANC888	is_a	lamina monopolar neuron L2	
720575941612259814	BANC_888:720575941612259814	BANC888	is_a	adult optic lobe intrinsic neuron	
720575941612260013	BANC_888:720575941612260013	BANC888	is_a	transmedullary neuron Tm4	
720575941612260585	BANC_888:720575941612260585	BANC888	is_a	adult optic lobe intrinsic neuron	
720575941612262474	BANC_888:720575941612262474	BANC888	is_a	adult optic lobe intrinsic neuron	
720575941612262889	BANC_888:720575941612262889	BANC888	is_a	columnar neuron T1	
720575941612263782	BANC_888:720575941612263782	BANC888	is_a	adult superior medial protocerebrum neuron 103	
720575941612266669	BANC_888:720575941612266669	BANC888	is_a	adult CB1613 neuron	
720575941612267949	BANC_888:720575941612267949	BANC888	is_a	adult CB2645 neuron	
720575941612269030	BANC_888:720575941612269030	BANC888	is_a	adult optic lobe intrinsic neuron	
720575941612270182	BANC_888:720575941612270182	BANC888	is_a	adult CB0646 neuron	
720575941612271946	BANC_888:720575941612271946	BANC888	is_a	adult antennal lobe projection neuron DA1 lPN	
720575941612271974	BANC_888:720575941612271974	BANC888	is_a	adult CB3710 neuron	
720575941612272617	BANC_888:720575941612272617	BANC888	is_a	zone E Johnston organ neuron	
720575941612273482	BANC_888:720575941612273482	BANC888	is_a	adult optic lobe intrinsic neuron	
720575941612273766	BANC_888:720575941612273766	BANC888	is_a	protocerebral bridge 1 glomerulus-fan-shaped body-nodulus 2 dorsal domain neuron	
720575941612273897	BANC_888:720575941612273897	BANC888	is_a	adult optic lobe intrinsic neuron	
720575941612274150	BANC_888:720575941612274150	BANC888	is_a	adult olfactory receptor neuron Or2a	
720575941612275530	BANC_888:720575941612275530	BANC888	is_a	T5c neuron	
720575941612276326	BANC_888:720575941612276326	BANC888	is_a	adult CB0564 neuron	
720575941612276713	BANC_888:720575941612276713	BANC888	is_a	T2 neuron	
720575941612278189	BANC_888:720575941612278189	BANC888	is_a	adult superior lateral protocerebrum neuron 036	
720575941612278630	BANC_888:720575941612278630	BANC888	is_a	adult AN06B012 neuron	
720575941612281261	BANC_888:720575941612281261	BANC888	is_a	adult SNpp25 neuron	
720575941612281321	BANC_888:720575941612281321	BANC888	is_a	lamina monopolar neuron L1	
720575941612281446	BANC_888:720575941612281446	BANC888	is_a	adult CB2774 neuron	
720575941612282342	BANC_888:720575941612282342	BANC888	is_a	adult optic lobe intrinsic neuron	
720575941612282643	BANC_888:720575941612282643	BANC888	is_a	adult CB2126 neuron	
720575941612283238	BANC_888:720575941612283238	BANC888	is_a	adult lateral horn AV5d1 neuron	
720575941612284234	BANC_888:720575941612284234	BANC888	is_a	T5c neuron	
720575941612284649	BANC_888:720575941612284649	BANC888	is_a	adult optic lobe intrinsic neuron	
720575941612284892	BANC_888:720575941612284892	BANC888	is_a	adult IN23B044 neuron	
720575941612285161	BANC_888:720575941612285161	BANC888	is_a	transmedullary neuron Tm1	
720575941612285926	BANC_888:720575941612285926	BANC888	is_a	lobula-lobula plate columnar neuron LLPC3	
720575941612286428	BANC_888:720575941612286428	BANC888	is_a	adult DNut048 neuron	
720575941612288614	BANC_888:720575941612288614	BANC888	is_a	adult superior medial protocerebrum neuron 176	
720575941612288941	BANC_888:720575941612288941	BANC888	is_a	adult CB2462 neuron	
720575941612288998	BANC_888:720575941612288998	BANC888	is_a	T5b neuron	
720575941612291245	BANC_888:720575941612291245	BANC888	is_a	adult CB3803 neuron	
720575941612293962	BANC_888:720575941612293962	BANC888	is_a	lobula intrinsic neuron Li14	FlyBase:FBrf0262545
720575941612294633	BANC_888:720575941612294633	BANC888	is_a	lamina monopolar neuron L1	
720575941612295498	BANC_888:720575941612295498	BANC888	is_a	adult lobula visual projection neuron LoVP32	FlyBase:FBrf0262545
720575941612298726	BANC_888:720575941612298726	BANC888	is_a	adult olfactory receptor neuron Gr21a/63a	
720575941612299082	BANC_888:720575941612299082	BANC888	is_a	T3 neuron	
720575941612299437	BANC_888:720575941612299437	BANC888	is_a	adult superior medial protocerebrum neuron 067	
720575941612299484	BANC_888:720575941612299484	BANC888	is_a	adult SNta09 neuron	
720575941612301158	BANC_888:720575941612301158	BANC888	is_a	lobula columnar neuron LC10d	
720575941612301670	BANC_888:720575941612301670	BANC888	is_a	adult superior intermediate protocerebrum neuron 073	
720575941612301898	BANC_888:720575941612301898	BANC888	is_a	lobula columnar neuron LC9	
720575941612302182	BANC_888:720575941612302182	BANC888	is_a	adult CB3567 neuron	
720575941612302438	BANC_888:720575941612302438	BANC888	is_a	adult CB3521 neuron	
720575941612303434	BANC_888:720575941612303434	BANC888	is_a	transmedullary neuron Tm1	
720575941612304813	BANC_888:720575941612304813	BANC888	is_a	adult fan-shaped body layer 4 tangential neuron	FlyBase:FBrf0246888
720575941612304873	BANC_888:720575941612304873	BANC888	is_a	adult CB0991 neuron	
720575941612305325	BANC_888:720575941612305325	BANC888	is_a	adult doublesex pC1b (female) neuron	
720575941612307274	BANC_888:720575941612307274	BANC888	is_a	medulla intrinsic neuron Mi1	
720575941612307945	BANC_888:720575941612307945	BANC888	is_a	T4c neuron	
720575941612309677	BANC_888:720575941612309677	BANC888	is_a	adult antennal lobe local neuron v2LN3A	
720575941612309862	BANC_888:720575941612309862	BANC888	is_a	adult anterior ventrolateral protocerebrum neuron 492	
720575941612309933	BANC_888:720575941612309933	BANC888	is_a	adult central brain intrinsic neuron	
720575941612311981	BANC_888:720575941612311981	BANC888	is_a	adult AN19B042 neuron	
720575941612312237	BANC_888:720575941612312237	BANC888	is_a	distal medullary amacrine neuron Dm3c	FlyBase:FBrf0262545
720575941612312650	BANC_888:720575941612312650	BANC888	is_a	medulla intrinsic neuron Mi4	
720575941612313930	BANC_888:720575941612313930	BANC888	is_a	adult central medulla intrinsic neuron Cm10	FlyBase:FBrf0262545
720575941612314076	BANC_888:720575941612314076	BANC888	is_a	adult SNxx16 neuron	
720575941612314186	BANC_888:720575941612314186	BANC888	is_a	medulla intrinsic neuron Mi13	
720575941612316435	BANC_888:720575941612316435	BANC888	is_a	adult IN19B084 neuron	
720575941612317916	BANC_888:720575941612317916	BANC888	is_a	adult IN23B037 neuron	
720575941612319050	BANC_888:720575941612319050	BANC888	is_a	adult SNta20 neuron	
720575941612319718	BANC_888:720575941612319718	BANC888	is_a	distal medullary amacrine neuron Dm2	
720575941612321382	BANC_888:720575941612321382	BANC888	is_a	descending neuron of the anterior dorsal brain DNa07	
720575941612322278	BANC_888:720575941612322278	BANC888	is_a	T5c neuron	
720575941612323049	BANC_888:720575941612323049	BANC888	is_a	lamina monopolar neuron L1	
720575941612323245	BANC_888:720575941612323245	BANC888	is_a	adult CB2283 neuron	
720575941612324198	BANC_888:720575941612324198	BANC888	is_a	adult CB3433 neuron	
720575941612326374	BANC_888:720575941612326374	BANC888	is_a	adult optic lobe intrinsic neuron	
720575941612326675	BANC_888:720575941612326675	BANC888	is_a	adult IN08B051 neuron	
720575941612327401	BANC_888:720575941612327401	BANC888	is_a	adult optic lobe intrinsic neuron	
720575941612327644	BANC_888:720575941612327644	BANC888	is_a	femoral chordotonal hook neuron	
720575941612327913	BANC_888:720575941612327913	BANC888	is_a	distal medullary amacrine neuron Dm15	
720575941612328681	BANC_888:720575941612328681	BANC888	is_a	adult optic lobe intrinsic neuron	
720575941612329133	BANC_888:720575941612329133	BANC888	is_a	adult fan-shaped body horizontal delta neuron C	
720575941612330972	BANC_888:720575941612330972	BANC888	is_a	adult SNta34 neuron	
720575941612332134	BANC_888:720575941612332134	BANC888	is_a	adult CB2157 neuron	
720575941612332902	BANC_888:720575941612332902	BANC888	is_a	adult superior medial protocerebrum neuron 490	
720575941612333158	BANC_888:720575941612333158	BANC888	is_a	adult clamp neuron 027	
720575941612333414	BANC_888:720575941612333414	BANC888	is_a	distal medullary amacrine neuron Dm3a	FlyBase:FBrf0262545
720575941612333587	BANC_888:720575941612333587	BANC888	is_a	adult multiglomerular antennal lobe projection neuron type 83 vPN	
720575941612334438	BANC_888:720575941612334438	BANC888	is_a	adult medulla visual centrifugal neuron MeVC12	FlyBase:FBrf0262545
720575941612335337	BANC_888:720575941612335337	BANC888	is_a	adult optic lobe intrinsic neuron	
720575941612335849	BANC_888:720575941612335849	BANC888	is_a	transmedullary neuron Tm1	
720575941612336604	BANC_888:720575941612336604	BANC888	is_a	adult SNta32 neuron	
720575941612336873	BANC_888:720575941612336873	BANC888	is_a	adult optic lobe intrinsic neuron	
720575941612337116	BANC_888:720575941612337116	BANC888	is_a	adult SNta32 neuron	
720575941612337628	BANC_888:720575941612337628	BANC888	is_a	adult SNta44 neuron	
720575941612337641	BANC_888:720575941612337641	BANC888	is_a	medulla intrinsic neuron Mi4	
720575941612337766	BANC_888:720575941612337766	BANC888	is_a	adult superior medial protocerebrum neuron 472	
720575941612338790	BANC_888:720575941612338790	BANC888	is_a	adult CB0138 neuron	
720575941612340710	BANC_888:720575941612340710	BANC888	is_a	adult optic lobe intrinsic neuron	
720575941612340909	BANC_888:720575941612340909	BANC888	is_a	adult DNnt011 neuron	
720575941612342602	BANC_888:720575941612342602	BANC888	is_a	T4a neuron	
720575941612345005	BANC_888:720575941612345005	BANC888	is_a	medulla intrinsic neuron Mi2	
720575941612345564	BANC_888:720575941612345564	BANC888	is_a	adult IN14A007 neuron	
720575941612345674	BANC_888:720575941612345674	BANC888	is_a	T4c neuron	
720575941612346332	BANC_888:720575941612346332	BANC888	is_a	adult SNta29 neuron	
720575941612347821	BANC_888:720575941612347821	BANC888	is_a	adult posterior lateral protocerebrum neuron 095	
720575941612348234	BANC_888:720575941612348234	BANC888	is_a	adult anterior ventrolateral protocerebrum neuron 069	
720575941612348262	BANC_888:720575941612348262	BANC888	is_a	adult anterior ventrolateral protocerebrum neuron 473	
720575941612348380	BANC_888:720575941612348380	BANC888	is_a	femoral chordotonal club neuron	
720575941612349770	BANC_888:720575941612349770	BANC888	is_a	adult anterior ventrolateral protocerebrum neuron 050	
720575941612352745	BANC_888:720575941612352745	BANC888	is_a	adult optic lobe intrinsic neuron	
720575941612352998	BANC_888:720575941612352998	BANC888	is_a	distal medullary amacrine neuron Dm3c	FlyBase:FBrf0262545
720575941612353001	BANC_888:720575941612353001	BANC888	is_a	T4a neuron	
720575941612353769	BANC_888:720575941612353769	BANC888	is_a	centrifugal neuron C2	
720575941612353811	BANC_888:720575941612353811	BANC888	is_a	adult ellipsoid body ring neuron R5	
720575941612356966	BANC_888:720575941612356966	BANC888	is_a	transmedullary neuron Tm32	FlyBase:FBrf0262545
720575941612357706	BANC_888:720575941612357706	BANC888	is_a	adult optic lobe intrinsic neuron	
720575941612358474	BANC_888:720575941612358474	BANC888	is_a	adult SNxx05 neuron	
720575941612358950	BANC_888:720575941612358950	BANC888	is_a	sensory neuron of wing campaniform sensillum	
720575941612359597	BANC_888:720575941612359597	BANC888	is_a	centrifugal neuron C3	
720575941612363241	BANC_888:720575941612363241	BANC888	is_a	adult superior medial protocerebrum neuron 074	
720575941612364205	BANC_888:720575941612364205	BANC888	is_a	lamina monopolar neuron L5	
720575941612364362	BANC_888:720575941612364362	BANC888	is_a	adult olfactory receptor neuron Or92a	
720575941612364774	BANC_888:720575941612364774	BANC888	is_a	crop-innervating enteric motor neuron	
720575941612365386	BANC_888:720575941612365386	BANC888	is_a	adult medulla visual projection neuron MeVP1	FlyBase:FBrf0262545
720575941612367593	BANC_888:720575941612367593	BANC888	is_a	medulla intrinsic neuron Mi13	
720575941612367789	BANC_888:720575941612367789	BANC888	is_a	adult IN20A.22A076 neuron	
720575941612367836	BANC_888:720575941612367836	BANC888	is_a	labellar taste peg mechanosensory neuron	
720575941612368361	BANC_888:720575941612368361	BANC888	is_a	T3 neuron	
720575941612369894	BANC_888:720575941612369894	BANC888	is_a	adult optic lobe intrinsic neuron	
720575941612371430	BANC_888:720575941612371430	BANC888	is_a	adult optic lobe intrinsic neuron	
720575941612372397	BANC_888:720575941612372397	BANC888	is_a	adult optic lobe intrinsic neuron	
720575941612372554	BANC_888:720575941612372554	BANC888	is_a	lobula plate-lobula columnar neuron LPLC1	
720575941612374236	BANC_888:720575941612374236	BANC888	is_a	adult INXXX239 neuron	
720575941612374425	BANC_888:720575941612374425	BANC888	is_a	adult bract subesophageal neuron	doi:10.7554/eLife.96084.1
720575941612376806	BANC_888:720575941612376806	BANC888	is_a	transmedullary neuron Tm5a	
720575941612377321	BANC_888:720575941612377321	BANC888	is_a	transmedullary Y neuron TmY14	
720575941612377702	BANC_888:720575941612377702	BANC888	is_a	adult optic lobe intrinsic neuron	
720575941612378698	BANC_888:720575941612378698	BANC888	is_a	adult lobula intrinsic neuron Li18a	FlyBase:FBrf0262545
720575941612380649	BANC_888:720575941612380649	BANC888	is_a	adult optic lobe intrinsic neuron	
720575941612381258	BANC_888:720575941612381258	BANC888	is_a	lobula columnar neuron LC9	
720575941612381286	BANC_888:720575941612381286	BANC888	is_a	adult optic lobe intrinsic neuron	
720575941612381514	BANC_888:720575941612381514	BANC888	is_a	lobula columnar neuron LC16	
720575941612382026	BANC_888:720575941612382026	BANC888	is_a	adult optic lobe intrinsic neuron	
720575941612385354	BANC_888:720575941612385354	BANC888	is_a	adult optic lobe intrinsic neuron	
720575941612386025	BANC_888:720575941612386025	BANC888	is_a	adult optic lobe intrinsic neuron	
720575941612387501	BANC_888:720575941612387501	BANC888	is_a	adult optic lobe intrinsic neuron	
720575941612388170	BANC_888:720575941612388170	BANC888	is_a	Y neuron Y1	
720575941612388454	BANC_888:720575941612388454	BANC888	is_a	adult optic lobe intrinsic neuron	
720575941612388525	BANC_888:720575941612388525	BANC888	is_a	adult optic lobe intrinsic neuron	
720575941612391145	BANC_888:720575941612391145	BANC888	is_a	centrifugal neuron C3	
720575941612392169	BANC_888:720575941612392169	BANC888	is_a	adult DNnt012 neuron	
720575941612392522	BANC_888:720575941612392522	BANC888	is_a	distal medullary amacrine neuron Dm2	
720575941612393705	BANC_888:720575941612393705	BANC888	is_a	zone B Johnston organ neuron	
720575941612393961	BANC_888:720575941612393961	BANC888	is_a	T5c neuron	
720575941612394058	BANC_888:720575941612394058	BANC888	is_a	adult AN23B001 neuron	
720575941612397386	BANC_888:720575941612397386	BANC888	is_a	adult SNta37 neuron	
720575941612398044	BANC_888:720575941612398044	BANC888	is_a	gamma main Kenyon cell	
720575941612399789	BANC_888:720575941612399789	BANC888	is_a	T5a neuron	
720575941612399836	BANC_888:720575941612399836	BANC888	is_a	alpha/beta Kenyon cell	
720575941612400458	BANC_888:720575941612400458	BANC888	is_a	adult IN13B045 neuron	
720575941612401510	BANC_888:720575941612401510	BANC888	is_a	adult CB0191 neuron	
720575941612401994	BANC_888:720575941612401994	BANC888	is_a	adult optic lobe intrinsic neuron	
720575941612402153	BANC_888:720575941612402153	BANC888	is_a	transmedullary neuron Tm4	
720575941612403945	BANC_888:720575941612403945	BANC888	is_a	lamina monopolar neuron L1	
720575941612404653	BANC_888:720575941612404653	BANC888	is_a	lamina monopolar neuron L5	
720575941612404700	BANC_888:720575941612404700	BANC888	is_a	gamma main Kenyon cell	
720575941612405834	BANC_888:720575941612405834	BANC888	is_a	adult optic lobe intrinsic neuron	
720575941612408394	BANC_888:720575941612408394	BANC888	is_a	adult IN04B100 neuron	
720575941612410442	BANC_888:720575941612410442	BANC888	is_a	adult IN19A005 neuron	
720575941612411978	BANC_888:720575941612411978	BANC888	is_a	adult IN04B084 neuron	
720575941612413083	BANC_888:720575941612413083	BANC888	is_a	adult SNxx33 neuron	
720575941612414697	BANC_888:720575941612414697	BANC888	is_a	adult optic lobe intrinsic neuron	
720575941612416074	BANC_888:720575941612416074	BANC888	is_a	adult optic lobe intrinsic neuron	
720575941612416275	BANC_888:720575941612416275	BANC888	is_a	medulla intrinsic neuron Mi1	
720575941612417043	BANC_888:720575941612417043	BANC888	is_a	adult VNC neuron	
720575941612417299	BANC_888:720575941612417299	BANC888	is_a	medulla intrinsic neuron Mi1	
720575941612418012	BANC_888:720575941612418012	BANC888	is_a	adult SNch10 neuron	
720575941612419402	BANC_888:720575941612419402	BANC888	is_a	Johnston organ neuron EVM	
720575941612420938	BANC_888:720575941612420938	BANC888	is_a	adult optic lobe intrinsic neuron	
720575941612422108	BANC_888:720575941612422108	BANC888	is_a	sensory neuron	
720575941612423085	BANC_888:720575941612423085	BANC888	is_a	T3 neuron	
720575941612423341	BANC_888:720575941612423341	BANC888	is_a	adult optic lobe intrinsic neuron	
720575941612424678	BANC_888:720575941612424678	BANC888	is_a	adult optic lobe intrinsic neuron	
720575941612425190	BANC_888:720575941612425190	BANC888	is_a	adult AN09B034 neuron	
720575941612425961	BANC_888:720575941612425961	BANC888	is_a	adult medulla-lobula neuron MeLo4	FlyBase:FBrf0262545
720575941612426314	BANC_888:720575941612426314	BANC888	is_a	alpha/beta Kenyon cell	
720575941612427228	BANC_888:720575941612427228	BANC888	is_a	mechanosensory neuron of interommatidial bristle	
720575941612427878	BANC_888:720575941612427878	BANC888	is_a	centrifugal neuron C3	
720575941612428618	BANC_888:720575941612428618	BANC888	is_a	visual projection neuron	
720575941612430313	BANC_888:720575941612430313	BANC888	is_a	lamina monopolar neuron L5	
720575941612430922	BANC_888:720575941612430922	BANC888	is_a	medulla intrinsic neuron Mi4	
720575941612433837	BANC_888:720575941612433837	BANC888	is_a	medulla intrinsic neuron Mi4	
720575941612433897	BANC_888:720575941612433897	BANC888	is_a	medulla intrinsic neuron Mi9	
720575941612435814	BANC_888:720575941612435814	BANC888	is_a	adult superior lateral protocerebrum neuron 447	
720575941612436188	BANC_888:720575941612436188	BANC888	is_a	sensory neuron	
720575941612436444	BANC_888:720575941612436444	BANC888	is_a	mechanosensory neuron of interommatidial bristle	
720575941612437481	BANC_888:720575941612437481	BANC888	is_a	adult optic lobe intrinsic neuron	
720575941612437737	BANC_888:720575941612437737	BANC888	is_a	lamina monopolar neuron L2	
720575941612439004	BANC_888:720575941612439004	BANC888	is_a	mechanosensory neuron of interommatidial bristle	
720575941612440650	BANC_888:720575941612440650	BANC888	is_a	distal medullary amacrine neuron Dm3c	FlyBase:FBrf0262545
720575941612441820	BANC_888:720575941612441820	BANC888	is_a	sensory neuron	
720575941612442089	BANC_888:720575941612442089	BANC888	is_a	transmedullary neuron Tm3	
720575941612443625	BANC_888:720575941612443625	BANC888	is_a	T3 neuron	
720575941612443722	BANC_888:720575941612443722	BANC888	is_a	adult optic lobe intrinsic neuron	
720575941612444006	BANC_888:720575941612444006	BANC888	is_a	adult optic lobe intrinsic neuron	
720575941612444137	BANC_888:720575941612444137	BANC888	is_a	T2a neuron	
720575941612444179	BANC_888:720575941612444179	BANC888	is_a	T4a neuron	
720575941612444435	BANC_888:720575941612444435	BANC888	is_a	T4a neuron	
720575941612445357	BANC_888:720575941612445357	BANC888	is_a	adult optic lobe intrinsic neuron	
720575941612448330	BANC_888:720575941612448330	BANC888	is_a	adult optic lobe intrinsic neuron	
720575941612448732	BANC_888:720575941612448732	BANC888	is_a	adult SNch05 neuron	
720575941612449513	BANC_888:720575941612449513	BANC888	is_a	transmedullary neuron Tm5c	
720575941612450122	BANC_888:720575941612450122	BANC888	is_a	adult olfactory receptor neuron Or19	
720575941612451091	BANC_888:720575941612451091	BANC888	is_a	T5b neuron	
720575941612452060	BANC_888:720575941612452060	BANC888	is_a	mechanosensory neuron of interommatidial bristle	
