subject_id	object	pub	relation	comment	subject_name
VFB_jrcv07q4	dorsal median tract of dorsal cervical fasciculus	doi:10.1101/2023.06.05.543757	fasciculates_with	manc:v1.2.1 260817	TBD (MANC:10012)
VFB_jrcv07q8	dorsal lateral tract of dorsal cervical fasciculus	doi:10.1101/2023.06.05.543757	fasciculates_with	manc:v1.2.1 260817	AN19B001_T1_L (MANC:10016)
VFB_jrcv07qd	dorsal median tract of dorsal cervical fasciculus	doi:10.1101/2023.06.05.543757	fasciculates_with	manc:v1.2.1 260817	TBD (MANC:10021)
VFB_jrcv07qe	dorsal lateral tract of dorsal cervical fasciculus	doi:10.1101/2023.06.05.543757	fasciculates_with	manc:v1.2.1 260817	AN27X001_T2_R (MANC:10022)
VFB_jrcv07r8	dorsal lateral tract of dorsal cervical fasciculus	doi:10.1101/2023.06.05.543757	fasciculates_with	manc:v1.2.1 260817	TBD (MANC:10052)
VFB_jrcv07rc	dorsal lateral tract of dorsal cervical fasciculus	doi:10.1101/2023.06.05.543757	fasciculates_with	manc:v1.2.1 260817	AN27X001_T2_L (MANC:10056)
VFB_jrcv07re	dorsal lateral tract of dorsal cervical fasciculus	doi:10.1101/2023.06.05.543757	fasciculates_with	manc:v1.2.1 260817	TBD (MANC:10058)
VFB_jrcv07rh	dorsal lateral tract of ventral cervical fasciculus	doi:10.1101/2023.06.05.543757	fasciculates_with	manc:v1.2.1 260817	TBD (MANC:10061)
VFB_jrcv07rj	dorsal lateral tract of dorsal cervical fasciculus	doi:10.1101/2023.06.05.543757	fasciculates_with	manc:v1.2.1 260817	AN19B001_T1_R (MANC:10063)
VFB_jrcv07s6	dorsal lateral tract of dorsal cervical fasciculus	doi:10.1101/2023.06.05.543757	fasciculates_with	manc:v1.2.1 260817	TBD (MANC:10086)
VFB_jrcv07sd	dorsal lateral tract of dorsal cervical fasciculus	doi:10.1101/2023.06.05.543757	fasciculates_with	manc:v1.2.1 260817	TBD (MANC:10093)
VFB_jrcv07sf	dorsal lateral tract of dorsal cervical fasciculus	doi:10.1101/2023.06.05.543757	fasciculates_with	manc:v1.2.1 260817	TBD (MANC:10095)
VFB_jrcv07sh	dorsal lateral tract of dorsal cervical fasciculus	doi:10.1101/2023.06.05.543757	fasciculates_with	manc:v1.2.1 260817	TBD (MANC:10097)
VFB_jrcv07si	dorsal lateral tract of dorsal cervical fasciculus	doi:10.1101/2023.06.05.543757	fasciculates_with	manc:v1.2.1 260817	AN02A001_T2_L (MANC:10098)
VFB_jrcv07sl	dorsal median tract of dorsal cervical fasciculus	doi:10.1101/2023.06.05.543757	fasciculates_with	manc:v1.2.1 260817	TBD (MANC:10101)
VFB_jrcv07sm	dorsal lateral tract of dorsal cervical fasciculus	doi:10.1101/2023.06.05.543757	fasciculates_with	manc:v1.2.1 260817	TBD (MANC:10102)
VFB_jrcv07sn	dorsal lateral tract of dorsal cervical fasciculus	doi:10.1101/2023.06.05.543757	fasciculates_with	manc:v1.2.1 260817	TBD (MANC:10103)
VFB_jrcv07sr	dorsal lateral tract of dorsal cervical fasciculus	doi:10.1101/2023.06.05.543757	fasciculates_with	manc:v1.2.1 260817	TBD (MANC:10107)
VFB_jrcv07sv	dorsal lateral tract of ventral cervical fasciculus	doi:10.1101/2023.06.05.543757	fasciculates_with	manc:v1.2.1 260817	TBD (MANC:10111)
VFB_jrcv07sw	dorsal lateral tract of dorsal cervical fasciculus	doi:10.1101/2023.06.05.543757	fasciculates_with	manc:v1.2.1 260817	AN19B001_T2_R (MANC:10112)
VFB_jrcv07sx	dorsal median tract of dorsal cervical fasciculus	doi:10.1101/2023.06.05.543757	fasciculates_with	manc:v1.2.1 260817	TBD (MANC:10113)
VFB_jrcv07t1	dorsal lateral tract of dorsal cervical fasciculus	doi:10.1101/2023.06.05.543757	fasciculates_with	manc:v1.2.1 260817	TBD (MANC:10117)
VFB_jrcv07t2	intermediate tract of dorsal cervical fasciculus - commissure of fine fibers	doi:10.1101/2023.06.05.543757	fasciculates_with	manc:v1.2.1 260817	TBD (MANC:10118)
VFB_jrcv07t5	dorsal median tract of dorsal cervical fasciculus	doi:10.1101/2023.06.05.543757	fasciculates_with	manc:v1.2.1 260817	TBD (MANC:10121)
VFB_jrcv07t6	dorsal median tract of dorsal cervical fasciculus	doi:10.1101/2023.06.05.543757	fasciculates_with	manc:v1.2.1 260817	TBD (MANC:10122)
VFB_jrcv07ta	intermediate tract of dorsal cervical fasciculus - commissure of fine fibers	doi:10.1101/2023.06.05.543757	fasciculates_with	manc:v1.2.1 260817	TBD (MANC:10126)
VFB_jrcv07tl	dorsal lateral tract of dorsal cervical fasciculus	doi:10.1101/2023.06.05.543757	fasciculates_with	manc:v1.2.1 260817	AN02A001_T2_R (MANC:10137)
VFB_jrcv07tm	dorsal median tract of dorsal cervical fasciculus	doi:10.1101/2023.06.05.543757	fasciculates_with	manc:v1.2.1 260817	TBD (MANC:10138)
VFB_jrcv07to	dorsal lateral tract of ventral cervical fasciculus	doi:10.1101/2023.06.05.543757	fasciculates_with	manc:v1.2.1 260817	TBD (MANC:10140)
VFB_jrcv07tq	ventral median tract of ventral cervical fasciculus	doi:10.1101/2023.06.05.543757	fasciculates_with	manc:v1.2.1 260817	AN05B001_T3_R (MANC:10142)
VFB_jrcv07tx	dorsal lateral tract of ventral cervical fasciculus	doi:10.1101/2023.06.05.543757	fasciculates_with	manc:v1.2.1 260817	TBD (MANC:10149)
VFB_jrcv07u5	dorsal lateral tract of ventral cervical fasciculus	doi:10.1101/2023.06.05.543757	fasciculates_with	manc:v1.2.1 260817	TBD (MANC:10157)
VFB_jrcv07u7	ventral median tract of ventral cervical fasciculus	doi:10.1101/2023.06.05.543757	fasciculates_with	manc:v1.2.1 260817	AN05B001_T3_L (MANC:10159)
VFB_jrcv07ub	dorsal median tract of dorsal cervical fasciculus	doi:10.1101/2023.06.05.543757	fasciculates_with	manc:v1.2.1 260817	AN23B001_T3_L (MANC:10163)
VFB_jrcv07ud	dorsal median tract of dorsal cervical fasciculus	doi:10.1101/2023.06.05.543757	fasciculates_with	manc:v1.2.1 260817	AN18B001_T1_R (MANC:10165)
VFB_jrcv07um	ventral median tract of ventral cervical fasciculus	doi:10.1101/2023.06.05.543757	fasciculates_with	manc:v1.2.1 260817	AN05B002_T1_L (MANC:10174)
VFB_jrcv07ur	dorsal lateral tract of ventral cervical fasciculus	doi:10.1101/2023.06.05.543757	fasciculates_with	manc:v1.2.1 260817	AN04B001_T2_R (MANC:10179)
VFB_jrcv07us	dorsal median tract of dorsal cervical fasciculus	doi:10.1101/2023.06.05.543757	fasciculates_with	manc:v1.2.1 260817	AN02A001_T2_L (MANC:10180)
VFB_jrcv07uu	dorsal lateral tract of dorsal cervical fasciculus	doi:10.1101/2023.06.05.543757	fasciculates_with	manc:v1.2.1 260817	AN19B001_T2_L (MANC:10182)
VFB_jrcv07v6	dorsal lateral tract of ventral cervical fasciculus	doi:10.1101/2023.06.05.543757	fasciculates_with	manc:v1.2.1 260817	TBD (MANC:10194)
VFB_jrcv07v7	dorsal lateral tract of ventral cervical fasciculus	doi:10.1101/2023.06.05.543757	fasciculates_with	manc:v1.2.1 260817	AN12B007_T1_L (MANC:10195)
VFB_jrcv07vh	dorsal median tract of dorsal cervical fasciculus	doi:10.1101/2023.06.05.543757	fasciculates_with	manc:v1.2.1 260817	AN19B004_T1_L (MANC:10205)
VFB_jrcv07vk	dorsal lateral tract of ventral cervical fasciculus	doi:10.1101/2023.06.05.543757	fasciculates_with	manc:v1.2.1 260817	AN12B001_T2_L (MANC:10208)
VFB_jrcv07vm	dorsal lateral tract of ventral cervical fasciculus	doi:10.1101/2023.06.05.543757	fasciculates_with	manc:v1.2.1 260817	TBD (MANC:10210)
VFB_jrcv07vn	dorsal lateral tract of ventral cervical fasciculus	doi:10.1101/2023.06.05.543757	fasciculates_with	manc:v1.2.1 260817	AN04B001_T2_L (MANC:10211)
VFB_jrcv07vt	dorsal lateral tract of ventral cervical fasciculus	doi:10.1101/2023.06.05.543757	fasciculates_with	manc:v1.2.1 260817	TBD (MANC:10217)
VFB_jrcv07vx	ventral median tract of ventral cervical fasciculus	doi:10.1101/2023.06.05.543757	fasciculates_with	manc:v1.2.1 260817	AN05B010_T2_R (MANC:10221)
VFB_jrcv07vz	dorsal lateral tract of ventral cervical fasciculus	doi:10.1101/2023.06.05.543757	fasciculates_with	manc:v1.2.1 260817	AN17B001_A1_L (MANC:10223)
VFB_jrcv07w8	dorsal median tract of dorsal cervical fasciculus	doi:10.1101/2023.06.05.543757	fasciculates_with	manc:v1.2.1 260817	AN19B004_T1_R (MANC:10232)
VFB_jrcv07wa	dorsal lateral tract of ventral cervical fasciculus	doi:10.1101/2023.06.05.543757	fasciculates_with	manc:v1.2.1 260817	TBD (MANC:10234)
VFB_jrcv07wg	dorsal lateral tract of dorsal cervical fasciculus	doi:10.1101/2023.06.05.543757	fasciculates_with	manc:v1.2.1 260817	TBD (MANC:10240)
VFB_jrcv07wh	ventral median tract of ventral cervical fasciculus	doi:10.1101/2023.06.05.543757	fasciculates_with	manc:v1.2.1 260817	AN05B010_T2_L (MANC:10241)
VFB_jrcv07wl	dorsal median tract of dorsal cervical fasciculus	doi:10.1101/2023.06.05.543757	fasciculates_with	manc:v1.2.1 260817	AN12B004_T3_L (MANC:10245)
VFB_jrcv07wv	dorsal median tract of dorsal cervical fasciculus	doi:10.1101/2023.06.05.543757	fasciculates_with	manc:v1.2.1 260817	TBD (MANC:10255)
VFB_jrcv07wx	dorsal median tract of dorsal cervical fasciculus	doi:10.1101/2023.06.05.543757	fasciculates_with	manc:v1.2.1 260817	AN06B001_T1_L (MANC:10257)
VFB_jrcv07x6	ventral median tract of ventral cervical fasciculus	doi:10.1101/2023.06.05.543757	fasciculates_with	manc:v1.2.1 260817	AN05B002_A1_L (MANC:10266)
VFB_jrcv07x9	dorsal median tract of dorsal cervical fasciculus	doi:10.1101/2023.06.05.543757	fasciculates_with	manc:v1.2.1 260817	TBD (MANC:10269)
VFB_jrcv07xi	intermediate tract of dorsal cervical fasciculus - commissure of fine fibers	doi:10.1101/2023.06.05.543757	fasciculates_with	manc:v1.2.1 260817	AN06B001_T3_L (MANC:10278)
VFB_jrcv07xj	dorsal lateral tract of dorsal cervical fasciculus	doi:10.1101/2023.06.05.543757	fasciculates_with	manc:v1.2.1 260817	TBD (MANC:10279)
VFB_jrcv07xo	dorsal median tract of dorsal cervical fasciculus	doi:10.1101/2023.06.05.543757	fasciculates_with	manc:v1.2.1 260817	TBD (MANC:10284)
VFB_jrcv07xv	dorsal lateral tract of dorsal cervical fasciculus	doi:10.1101/2023.06.05.543757	fasciculates_with	manc:v1.2.1 260817	TBD (MANC:10291)
VFB_jrcv07xy	dorsal median tract of dorsal cervical fasciculus	doi:10.1101/2023.06.05.543757	fasciculates_with	manc:v1.2.1 260817	AN07B022_T2_R (MANC:10294)
VFB_jrcv07xz	dorsal median tract of dorsal cervical fasciculus	doi:10.1101/2023.06.05.543757	fasciculates_with	manc:v1.2.1 260817	AN07B004_T2_L (MANC:10295)
VFB_jrcv07yb	dorsal median tract of dorsal cervical fasciculus	doi:10.1101/2023.06.05.543757	fasciculates_with	manc:v1.2.1 260817	TBD (MANC:10307)
VFB_jrcv07yf	dorsal lateral tract of ventral cervical fasciculus	doi:10.1101/2023.06.05.543757	fasciculates_with	manc:v1.2.1 260817	TBD (MANC:10311)
VFB_jrcv07yh	dorsal median tract of dorsal cervical fasciculus	doi:10.1101/2023.06.05.543757	fasciculates_with	manc:v1.2.1 260817	AN18B001_T1_L (MANC:10313)
VFB_jrcv07yi	dorsal lateral tract of ventral cervical fasciculus	doi:10.1101/2023.06.05.543757	fasciculates_with	manc:v1.2.1 260817	AN04B001_T1_L (MANC:10314)
VFB_jrcv07yj	dorsal median tract of dorsal cervical fasciculus	doi:10.1101/2023.06.05.543757	fasciculates_with	manc:v1.2.1 260817	TBD (MANC:10315)
VFB_jrcv07yq	dorsal median tract of dorsal cervical fasciculus	doi:10.1101/2023.06.05.543757	fasciculates_with	manc:v1.2.1 260817	AN07B022_T2_L (MANC:10322)
VFB_jrcv07yr	intermediate tract of dorsal cervical fasciculus - commissure of fine fibers	doi:10.1101/2023.06.05.543757	fasciculates_with	manc:v1.2.1 260817	TBD (MANC:10323)
VFB_jrcv07yv	ventral median tract of ventral cervical fasciculus	doi:10.1101/2023.06.05.543757	fasciculates_with	manc:v1.2.1 260817	TBD (MANC:10327)
VFB_jrcv07yz	dorsal lateral tract of ventral cervical fasciculus	doi:10.1101/2023.06.05.543757	fasciculates_with	manc:v1.2.1 260817	TBD (MANC:10331)
VFB_jrcv07z2	dorsal median tract of dorsal cervical fasciculus	doi:10.1101/2023.06.05.543757	fasciculates_with	manc:v1.2.1 260817	AN18B018_T2_L (MANC:10334)
VFB_jrcv07z4	ventral median tract of ventral cervical fasciculus	doi:10.1101/2023.06.05.543757	fasciculates_with	manc:v1.2.1 260817	TBD (MANC:10336)
VFB_jrcv07z6	dorsal lateral tract of dorsal cervical fasciculus	doi:10.1101/2023.06.05.543757	fasciculates_with	manc:v1.2.1 260817	AN19B007_T2_L (MANC:10338)
VFB_jrcv07z7	dorsal lateral tract of dorsal cervical fasciculus	doi:10.1101/2023.06.05.543757	fasciculates_with	manc:v1.2.1 260817	TBD (MANC:10339)
VFB_jrcv07zc	ventral median tract of ventral cervical fasciculus	doi:10.1101/2023.06.05.543757	fasciculates_with	manc:v1.2.1 260817	AN17A002_T1_L (MANC:10344)
VFB_jrcv07zo	dorsal lateral tract of ventral cervical fasciculus	doi:10.1101/2023.06.05.543757	fasciculates_with	manc:v1.2.1 260817	AN12B007_T3_R (MANC:10356)
VFB_jrcv07zs	dorsal median tract of dorsal cervical fasciculus	doi:10.1101/2023.06.05.543757	fasciculates_with	manc:v1.2.1 260817	AN06B001_T2_L (MANC:10360)
VFB_jrcv080a	median dorsal abdominal tract	doi:10.1101/2023.06.05.543757	fasciculates_with	manc:v1.2.1 260817	AN27X003_T2_R (MANC:10378)
VFB_jrcv080d	ventral median tract of ventral cervical fasciculus	doi:10.1101/2023.06.05.543757	fasciculates_with	manc:v1.2.1 260817	TBD (MANC:10381)
VFB_jrcv080e	dorsal lateral tract of ventral cervical fasciculus	doi:10.1101/2023.06.05.543757	fasciculates_with	manc:v1.2.1 260817	AN17B001_A1_R (MANC:10382)
VFB_jrcv080q	median dorsal abdominal tract	doi:10.1101/2023.06.05.543757	fasciculates_with	manc:v1.2.1 260817	AN04B002_T2_R (MANC:10394)
VFB_jrcv080t	dorsal median tract of dorsal cervical fasciculus	doi:10.1101/2023.06.05.543757	fasciculates_with	manc:v1.2.1 260817	AN12B004_T3_R (MANC:10397)
VFB_jrcv080v	dorsal lateral tract of dorsal cervical fasciculus	doi:10.1101/2023.06.05.543757	fasciculates_with	manc:v1.2.1 260817	TBD (MANC:10399)
VFB_jrcv080w	ventral median tract of ventral cervical fasciculus	doi:10.1101/2023.06.05.543757	fasciculates_with	manc:v1.2.1 260817	AN27X001_T1_R (MANC:10400)
VFB_jrcv0816	dorsal lateral tract of dorsal cervical fasciculus	doi:10.1101/2023.06.05.543757	fasciculates_with	manc:v1.2.1 260817	TBD (MANC:10410)
VFB_jrcv0817	dorsal lateral tract of ventral cervical fasciculus	doi:10.1101/2023.06.05.543757	fasciculates_with	manc:v1.2.1 260817	TBD (MANC:10411)
VFB_jrcv0819	dorsal lateral tract of ventral cervical fasciculus	doi:10.1101/2023.06.05.543757	fasciculates_with	manc:v1.2.1 260817	AN04B001_T1_R (MANC:10413)
VFB_jrcv081d	dorsal lateral tract of ventral cervical fasciculus	doi:10.1101/2023.06.05.543757	fasciculates_with	manc:v1.2.1 260817	AN12B007_T1_R (MANC:10417)
VFB_jrcv081e	dorsal median tract of dorsal cervical fasciculus	doi:10.1101/2023.06.05.543757	fasciculates_with	manc:v1.2.1 260817	AN07B004_T1_L (MANC:10418)
VFB_jrcv081f	ventral median tract of ventral cervical fasciculus	doi:10.1101/2023.06.05.543757	fasciculates_with	manc:v1.2.1 260817	TBD (MANC:10419)
VFB_jrcv081g	dorsal lateral tract of dorsal cervical fasciculus	doi:10.1101/2023.06.05.543757	fasciculates_with	manc:v1.2.1 260817	TBD (MANC:10420)
VFB_jrcv081m	intermediate tract of dorsal cervical fasciculus - commissure of fine fibers	doi:10.1101/2023.06.05.543757	fasciculates_with	manc:v1.2.1 260817	AN07B004_T3_R (MANC:10426)
VFB_jrcv081o	dorsal median tract of dorsal cervical fasciculus	doi:10.1101/2023.06.05.543757	fasciculates_with	manc:v1.2.1 260817	TBD (MANC:10428)
VFB_jrcv081p	dorsal lateral tract of dorsal cervical fasciculus	doi:10.1101/2023.06.05.543757	fasciculates_with	manc:v1.2.1 260817	AN03B008_T2_L (MANC:10429)
VFB_jrcv081w	dorsal median tract of dorsal cervical fasciculus	doi:10.1101/2023.06.05.543757	fasciculates_with	manc:v1.2.1 260817	TBD (MANC:10436)
VFB_jrcv0822	ventral median tract of ventral cervical fasciculus	doi:10.1101/2023.06.05.543757	fasciculates_with	manc:v1.2.1 260817	AN17A013_T2_R (MANC:10442)
VFB_jrcv0823	dorsal median tract of dorsal cervical fasciculus	doi:10.1101/2023.06.05.543757	fasciculates_with	manc:v1.2.1 260817	AN07B004_T1_R (MANC:10443)
VFB_jrcv0826	median dorsal abdominal tract	doi:10.1101/2023.06.05.543757	fasciculates_with	manc:v1.2.1 260817	AN27X003_T2_L (MANC:10446)
VFB_jrcv0828	dorsal lateral tract of ventral cervical fasciculus	doi:10.1101/2023.06.05.543757	fasciculates_with	manc:v1.2.1 260817	AN09B005_T3_L (MANC:10448)
VFB_jrcv0829	dorsal median tract of dorsal cervical fasciculus	doi:10.1101/2023.06.05.543757	fasciculates_with	manc:v1.2.1 260817	AN19A009_T2_R (MANC:10449)
VFB_jrcv082b	dorsal median tract of dorsal cervical fasciculus	doi:10.1101/2023.06.05.543757	fasciculates_with	manc:v1.2.1 260817	AN18B018_T2_R (MANC:10451)
VFB_jrcv082c	intermediate tract of dorsal cervical fasciculus - commissure of fine fibers	doi:10.1101/2023.06.05.543757	fasciculates_with	manc:v1.2.1 260817	AN03B010_T2_R (MANC:10452)
VFB_jrcv082p	dorsal median tract of dorsal cervical fasciculus	doi:10.1101/2023.06.05.543757	fasciculates_with	manc:v1.2.1 260817	TBD (MANC:10465)
VFB_jrcv082q	dorsal lateral tract of dorsal cervical fasciculus	doi:10.1101/2023.06.05.543757	fasciculates_with	manc:v1.2.1 260817	TBD (MANC:10466)
VFB_jrcv082u	intermediate tract of dorsal cervical fasciculus - commissure of fine fibers	doi:10.1101/2023.06.05.543757	fasciculates_with	manc:v1.2.1 260817	AN03B010_T2_L (MANC:10470)
VFB_jrcv082v	dorsal median tract of dorsal cervical fasciculus	doi:10.1101/2023.06.05.543757	fasciculates_with	manc:v1.2.1 260817	AN18B002_T3_R (MANC:10471)
VFB_jrcv0830	dorsal median tract of dorsal cervical fasciculus	doi:10.1101/2023.06.05.543757	fasciculates_with	manc:v1.2.1 260817	TBD (MANC:10476)
VFB_jrcv0833	dorsal lateral tract of ventral cervical fasciculus	doi:10.1101/2023.06.05.543757	fasciculates_with	manc:v1.2.1 260817	AN12B001_T3_R (MANC:10479)
VFB_jrcv083f	dorsal lateral tract of dorsal cervical fasciculus	doi:10.1101/2023.06.05.543757	fasciculates_with	manc:v1.2.1 260817	TBD (MANC:10491)
VFB_jrcv083i	dorsal lateral tract of dorsal cervical fasciculus	doi:10.1101/2023.06.05.543757	fasciculates_with	manc:v1.2.1 260817	AN19B007_T2_R (MANC:10494)
VFB_jrcv083q	dorsal lateral tract of dorsal cervical fasciculus	doi:10.1101/2023.06.05.543757	fasciculates_with	manc:v1.2.1 260817	AN03B008_T2_R (MANC:10502)
VFB_jrcv083u	dorsal median tract of dorsal cervical fasciculus	doi:10.1101/2023.06.05.543757	fasciculates_with	manc:v1.2.1 260817	TBD (MANC:10506)
VFB_jrcv0844	dorsal lateral tract of ventral cervical fasciculus	doi:10.1101/2023.06.05.543757	fasciculates_with	manc:v1.2.1 260817	AN04A001_T1_L (MANC:10516)
VFB_jrcv0846	dorsal median tract of dorsal cervical fasciculus	doi:10.1101/2023.06.05.543757	fasciculates_with	manc:v1.2.1 260817	AN01A001_A1_L (MANC:10518)
VFB_jrcv0847	dorsal lateral tract of dorsal cervical fasciculus	doi:10.1101/2023.06.05.543757	fasciculates_with	manc:v1.2.1 260817	AN18B007_T3_R (MANC:10519)
VFB_jrcv084e	dorsal lateral tract of ventral cervical fasciculus	doi:10.1101/2023.06.05.543757	fasciculates_with	manc:v1.2.1 260817	TBD (MANC:10526)
VFB_jrcv084g	dorsal median tract of dorsal cervical fasciculus	doi:10.1101/2023.06.05.543757	fasciculates_with	manc:v1.2.1 260817	AN19A009_T2_L (MANC:10528)
VFB_jrcv084j	dorsal median tract of dorsal cervical fasciculus	doi:10.1101/2023.06.05.543757	fasciculates_with	manc:v1.2.1 260817	TBD (MANC:10531)
VFB_jrcv084k	dorsal lateral tract of dorsal cervical fasciculus	doi:10.1101/2023.06.05.543757	fasciculates_with	manc:v1.2.1 260817	TBD (MANC:10532)
VFB_jrcv084n	dorsal median tract of dorsal cervical fasciculus	doi:10.1101/2023.06.05.543757	fasciculates_with	manc:v1.2.1 260817	TBD (MANC:10535)
VFB_jrcv084s	dorsal median tract of dorsal cervical fasciculus	doi:10.1101/2023.06.05.543757	fasciculates_with	manc:v1.2.1 260817	AN07B004_T2_R (MANC:10540)
VFB_jrcv084t	dorsal median tract of dorsal cervical fasciculus	doi:10.1101/2023.06.05.543757	fasciculates_with	manc:v1.2.1 260817	AN06B035_T1_L (MANC:10541)
VFB_jrcv0851	ventral median tract of ventral cervical fasciculus	doi:10.1101/2023.06.05.543757	fasciculates_with	manc:v1.2.1 260817	TBD (MANC:10549)
VFB_jrcv0852	intermediate tract of dorsal cervical fasciculus - commissure of fine fibers	doi:10.1101/2023.06.05.543757	fasciculates_with	manc:v1.2.1 260817	AN03B010_T3_L (MANC:10550)
VFB_jrcv085c	dorsal median tract of dorsal cervical fasciculus	doi:10.1101/2023.06.05.543757	fasciculates_with	manc:v1.2.1 260817	AN06B001_T2_R (MANC:10560)
VFB_jrcv085e	dorsal median tract of dorsal cervical fasciculus	doi:10.1101/2023.06.05.543757	fasciculates_with	manc:v1.2.1 260817	TBD (MANC:10562)
VFB_jrcv085j	ventral median tract of ventral cervical fasciculus	doi:10.1101/2023.06.05.543757	fasciculates_with	manc:v1.2.1 260817	TBD (MANC:10567)
VFB_jrcv085k	dorsal lateral tract of dorsal cervical fasciculus	doi:10.1101/2023.06.05.543757	fasciculates_with	manc:v1.2.1 260817	AN19B009_T1_R (MANC:10568)
VFB_jrcv085q	intermediate tract of dorsal cervical fasciculus - commissure of fine fibers	doi:10.1101/2023.06.05.543757	fasciculates_with	manc:v1.2.1 260817	AN06B001_T3_R (MANC:10574)
VFB_jrcv085t	dorsal lateral tract of ventral cervical fasciculus	doi:10.1101/2023.06.05.543757	fasciculates_with	manc:v1.2.1 260817	TBD (MANC:10577)
VFB_jrcv0861	ventral median tract of ventral cervical fasciculus	doi:10.1101/2023.06.05.543757	fasciculates_with	manc:v1.2.1 260817	AN05A002_T3_L (MANC:10585)
VFB_jrcv0867	ventral median tract of ventral cervical fasciculus	doi:10.1101/2023.06.05.543757	fasciculates_with	manc:v1.2.1 260817	AN05B002_T1_R (MANC:10591)
VFB_jrcv086b	dorsal median tract of dorsal cervical fasciculus	doi:10.1101/2023.06.05.543757	fasciculates_with	manc:v1.2.1 260817	AN19B010_T2_R (MANC:10595)
VFB_jrcv086i	ventral lateral tract of ventral cervical fasciculus	doi:10.1101/2023.06.05.543757	fasciculates_with	manc:v1.2.1 260817	TBD (MANC:10602)
VFB_jrcv086j	ventral median tract of ventral cervical fasciculus	doi:10.1101/2023.06.05.543757	fasciculates_with	manc:v1.2.1 260817	AN05B010_T1_R (MANC:10603)
VFB_jrcv086q	intermediate tract of dorsal cervical fasciculus - commissure of fine fibers	doi:10.1101/2023.06.05.543757	fasciculates_with	manc:v1.2.1 260817	AN03B010_T3_R (MANC:10610)
VFB_jrcv086t	ventral median tract of ventral cervical fasciculus	doi:10.1101/2023.06.05.543757	fasciculates_with	manc:v1.2.1 260817	AN07B003_T1_L (MANC:10613)
VFB_jrcv0871	dorsal median tract of dorsal cervical fasciculus	doi:10.1101/2023.06.05.543757	fasciculates_with	manc:v1.2.1 260817	TBD (MANC:10621)
VFB_jrcv0872	intermediate tract of dorsal cervical fasciculus - commissure of fine fibers	doi:10.1101/2023.06.05.543757	fasciculates_with	manc:v1.2.1 260817	AN10B001_T3_R (MANC:10622)
VFB_jrcv0873	dorsal lateral tract of dorsal cervical fasciculus	doi:10.1101/2023.06.05.543757	fasciculates_with	manc:v1.2.1 260817	TBD (MANC:10623)
VFB_jrcv087d	dorsal median tract of dorsal cervical fasciculus	doi:10.1101/2023.06.05.543757	fasciculates_with	manc:v1.2.1 260817	TBD (MANC:10633)
VFB_jrcv087e	dorsal lateral tract of ventral cervical fasciculus	doi:10.1101/2023.06.05.543757	fasciculates_with	manc:v1.2.1 260817	TBD (MANC:10634)
VFB_jrcv087j	dorsal median tract of dorsal cervical fasciculus	doi:10.1101/2023.06.05.543757	fasciculates_with	manc:v1.2.1 260817	TBD (MANC:10639)
VFB_jrcv087l	dorsal lateral tract of ventral cervical fasciculus	doi:10.1101/2023.06.05.543757	fasciculates_with	manc:v1.2.1 260817	AN08B008_T1_R (MANC:10641)
VFB_jrcv087s	dorsal median tract of dorsal cervical fasciculus	doi:10.1101/2023.06.05.543757	fasciculates_with	manc:v1.2.1 260817	TBD (MANC:10648)
VFB_jrcv0880	dorsal lateral tract of dorsal cervical fasciculus	doi:10.1101/2023.06.05.543757	fasciculates_with	manc:v1.2.1 260817	TBD (MANC:10656)
VFB_jrcv0887	dorsal median tract of dorsal cervical fasciculus	doi:10.1101/2023.06.05.543757	fasciculates_with	manc:v1.2.1 260817	TBD (MANC:10663)
VFB_jrcv088p	dorsal median tract of dorsal cervical fasciculus	doi:10.1101/2023.06.05.543757	fasciculates_with	manc:v1.2.1 260817	TBD (MANC:10681)
VFB_jrcv088v	intermediate tract of dorsal cervical fasciculus - commissure of fine fibers	doi:10.1101/2023.06.05.543757	fasciculates_with	manc:v1.2.1 260817	AN07B004_T3_L (MANC:10687)
VFB_jrcv0894	ventral median tract of ventral cervical fasciculus	doi:10.1101/2023.06.05.543757	fasciculates_with	manc:v1.2.1 260817	AN09B002_T3_R (MANC:10696)
VFB_jrcv0895	dorsal median tract of dorsal cervical fasciculus	doi:10.1101/2023.06.05.543757	fasciculates_with	manc:v1.2.1 260817	TBD (MANC:10697)
VFB_jrcv089c	dorsal median tract of dorsal cervical fasciculus	doi:10.1101/2023.06.05.543757	fasciculates_with	manc:v1.2.1 260817	AN07B014_T1_R (MANC:10704)
VFB_jrcv089l	dorsal median tract of dorsal cervical fasciculus	doi:10.1101/2023.06.05.543757	fasciculates_with	manc:v1.2.1 260817	AN19B010_T2_L (MANC:10713)
VFB_jrcv089p	dorsal median tract of dorsal cervical fasciculus	doi:10.1101/2023.06.05.543757	fasciculates_with	manc:v1.2.1 260817	TBD (MANC:10717)
VFB_jrcv089q	dorsal lateral tract of ventral cervical fasciculus	doi:10.1101/2023.06.05.543757	fasciculates_with	manc:v1.2.1 260817	AN12B001_T3_L (MANC:10718)
VFB_jrcv089r	dorsal median tract of dorsal cervical fasciculus	doi:10.1101/2023.06.05.543757	fasciculates_with	manc:v1.2.1 260817	TBD (MANC:10719)
VFB_jrcv089s	dorsal median tract of dorsal cervical fasciculus	doi:10.1101/2023.06.05.543757	fasciculates_with	manc:v1.2.1 260817	TBD (MANC:10720)
VFB_jrcv089t	dorsal median tract of dorsal cervical fasciculus	doi:10.1101/2023.06.05.543757	fasciculates_with	manc:v1.2.1 260817	TBD (MANC:10721)
VFB_jrcv089y	ventral median tract of ventral cervical fasciculus	doi:10.1101/2023.06.05.543757	fasciculates_with	manc:v1.2.1 260817	AN17A014_T3_R (MANC:10726)
VFB_jrcv089z	ventral median tract of ventral cervical fasciculus	doi:10.1101/2023.06.05.543757	fasciculates_with	manc:v1.2.1 260817	AN05A002_T2_L (MANC:10727)
VFB_jrcv08a4	dorsal median tract of dorsal cervical fasciculus	doi:10.1101/2023.06.05.543757	fasciculates_with	manc:v1.2.1 260817	TBD (MANC:10732)
VFB_jrcv08ai	dorsal median tract of dorsal cervical fasciculus	doi:10.1101/2023.06.05.543757	fasciculates_with	manc:v1.2.1 260817	AN07B011_T2_R (MANC:10746)
VFB_jrcv08am	dorsal lateral tract of ventral cervical fasciculus	doi:10.1101/2023.06.05.543757	fasciculates_with	manc:v1.2.1 260817	TBD (MANC:10750)
VFB_jrcv08an	dorsal median tract of dorsal cervical fasciculus	doi:10.1101/2023.06.05.543757	fasciculates_with	manc:v1.2.1 260817	TBD (MANC:10751)
VFB_jrcv08au	ventral median tract of ventral cervical fasciculus	doi:10.1101/2023.06.05.543757	fasciculates_with	manc:v1.2.1 260817	AN05B010_T1_L (MANC:10758)
VFB_jrcv08av	dorsal median tract of dorsal cervical fasciculus	doi:10.1101/2023.06.05.543757	fasciculates_with	manc:v1.2.1 260817	TBD (MANC:10759)
VFB_jrcv08aw	dorsal median tract of dorsal cervical fasciculus	doi:10.1101/2023.06.05.543757	fasciculates_with	manc:v1.2.1 260817	TBD (MANC:10760)
VFB_jrcv08ax	dorsal median tract of dorsal cervical fasciculus	doi:10.1101/2023.06.05.543757	fasciculates_with	manc:v1.2.1 260817	AN01A001_A1_R (MANC:10761)
VFB_jrcv08b7	intermediate tract of dorsal cervical fasciculus - commissure of fine fibers	doi:10.1101/2023.06.05.543757	fasciculates_with	manc:v1.2.1 260817	AN06B042_A1_L (MANC:10771)
VFB_jrcv08b8	dorsal lateral tract of ventral cervical fasciculus	doi:10.1101/2023.06.05.543757	fasciculates_with	manc:v1.2.1 260817	TBD (MANC:10772)
VFB_jrcv08b9	ventral median tract of ventral cervical fasciculus	doi:10.1101/2023.06.05.543757	fasciculates_with	manc:v1.2.1 260817	AN17A023_T3_R (MANC:10773)
VFB_jrcv08bl	dorsal lateral tract of ventral cervical fasciculus	doi:10.1101/2023.06.05.543757	fasciculates_with	manc:v1.2.1 260817	AN08B005_T3_L (MANC:10785)
VFB_jrcv08bv	ventral median tract of ventral cervical fasciculus	doi:10.1101/2023.06.05.543757	fasciculates_with	manc:v1.2.1 260817	AN17B003_T2_L (MANC:10795)
VFB_jrcv08bw	ventral median tract of ventral cervical fasciculus	doi:10.1101/2023.06.05.543757	fasciculates_with	manc:v1.2.1 260817	AN17A013_T3_L (MANC:10796)
VFB_jrcv08bx	ventral median tract of ventral cervical fasciculus	doi:10.1101/2023.06.05.543757	fasciculates_with	manc:v1.2.1 260817	AN17A011_T1_R (MANC:10797)
VFB_jrcv08c4	dorsal lateral tract of dorsal cervical fasciculus	doi:10.1101/2023.06.05.543757	fasciculates_with	manc:v1.2.1 260817	AN18B007_T3_L (MANC:10804)
VFB_jrcv08cj	dorsal median tract of dorsal cervical fasciculus	doi:10.1101/2023.06.05.543757	fasciculates_with	manc:v1.2.1 260817	TBD (MANC:10819)
VFB_jrcv08cm	dorsal lateral tract of ventral cervical fasciculus	doi:10.1101/2023.06.05.543757	fasciculates_with	manc:v1.2.1 260817	TBD (MANC:10822)
VFB_jrcv08cn	dorsal lateral tract of ventral cervical fasciculus	doi:10.1101/2023.06.05.543757	fasciculates_with	manc:v1.2.1 260817	AN04A001_T2_R (MANC:10823)
VFB_jrcv08ct	intermediate tract of dorsal cervical fasciculus - commissure of fine fibers	doi:10.1101/2023.06.05.543757	fasciculates_with	manc:v1.2.1 260817	TBD (MANC:10829)
VFB_jrcv08cz	dorsal median tract of dorsal cervical fasciculus	doi:10.1101/2023.06.05.543757	fasciculates_with	manc:v1.2.1 260817	TBD (MANC:10835)
VFB_jrcv08df	ventral median tract of ventral cervical fasciculus	doi:10.1101/2023.06.05.543757	fasciculates_with	manc:v1.2.1 260817	AN17A003_T3_R (MANC:10851)
VFB_jrcv08dj	dorsal median tract of dorsal cervical fasciculus	doi:10.1101/2023.06.05.543757	fasciculates_with	manc:v1.2.1 260817	TBD (MANC:10855)
VFB_jrcv08dl	intermediate tract of dorsal cervical fasciculus - commissure of fine fibers	doi:10.1101/2023.06.05.543757	fasciculates_with	manc:v1.2.1 260817	AN06B004_T3_R (MANC:10857)
VFB_jrcv08dn	dorsal median tract of dorsal cervical fasciculus	doi:10.1101/2023.06.05.543757	fasciculates_with	manc:v1.2.1 260817	AN23B004_T2_R (MANC:10859)
VFB_jrcv08dr	dorsal median tract of dorsal cervical fasciculus	doi:10.1101/2023.06.05.543757	fasciculates_with	manc:v1.2.1 260817	SApp30_DMetaN_L (MANC:10863)
VFB_jrcv08dv	dorsal lateral tract of ventral cervical fasciculus	doi:10.1101/2023.06.05.543757	fasciculates_with	manc:v1.2.1 260817	AN12B004_T1_R (MANC:10867)
VFB_jrcv08dw	ventral median tract of ventral cervical fasciculus	doi:10.1101/2023.06.05.543757	fasciculates_with	manc:v1.2.1 260817	TBD (MANC:10868)
VFB_jrcv08dx	ventral median tract of ventral cervical fasciculus	doi:10.1101/2023.06.05.543757	fasciculates_with	manc:v1.2.1 260817	AN17A004_T2_L (MANC:10869)
VFB_jrcv08e2	ventral median tract of ventral cervical fasciculus	doi:10.1101/2023.06.05.543757	fasciculates_with	manc:v1.2.1 260817	AN05B002_A1_R (MANC:10874)
VFB_jrcv08e6	dorsal lateral tract of ventral cervical fasciculus	doi:10.1101/2023.06.05.543757	fasciculates_with	manc:v1.2.1 260817	TBD (MANC:10878)
VFB_jrcv08e7	dorsal lateral tract of ventral cervical fasciculus	doi:10.1101/2023.06.05.543757	fasciculates_with	manc:v1.2.1 260817	AN08B011_T3_L (MANC:10879)
VFB_jrcv08e9	ventral median tract of ventral cervical fasciculus	doi:10.1101/2023.06.05.543757	fasciculates_with	manc:v1.2.1 260817	AN17A003_T3_L (MANC:10881)
VFB_jrcv08ea	dorsal median tract of dorsal cervical fasciculus	doi:10.1101/2023.06.05.543757	fasciculates_with	manc:v1.2.1 260817	AN23B001_T2_L (MANC:10882)
VFB_jrcv08ec	dorsal median tract of dorsal cervical fasciculus	doi:10.1101/2023.06.05.543757	fasciculates_with	manc:v1.2.1 260817	AN07B014_T1_L (MANC:10884)
VFB_jrcv08ef	ventral median tract of ventral cervical fasciculus	doi:10.1101/2023.06.05.543757	fasciculates_with	manc:v1.2.1 260817	TBD (MANC:10887)
VFB_jrcv08en	ventral median tract of ventral cervical fasciculus	doi:10.1101/2023.06.05.543757	fasciculates_with	manc:v1.2.1 260817	AN17A011_T2_L (MANC:10895)
VFB_jrcv08eo	dorsal median tract of dorsal cervical fasciculus	doi:10.1101/2023.06.05.543757	fasciculates_with	manc:v1.2.1 260817	TBD (MANC:10896)
VFB_jrcv08eq	ventral median tract of ventral cervical fasciculus	doi:10.1101/2023.06.05.543757	fasciculates_with	manc:v1.2.1 260817	AN17A022_A1_L (MANC:10898)
VFB_jrcv08er	intermediate tract of dorsal cervical fasciculus - commissure of fine fibers	doi:10.1101/2023.06.05.543757	fasciculates_with	manc:v1.2.1 260817	TBD (MANC:10899)
VFB_jrcv08eu	dorsal lateral tract of dorsal cervical fasciculus	doi:10.1101/2023.06.05.543757	fasciculates_with	manc:v1.2.1 260817	AN19B009_T2_R (MANC:10902)
VFB_jrcv08ev	dorsal lateral tract of ventral cervical fasciculus	doi:10.1101/2023.06.05.543757	fasciculates_with	manc:v1.2.1 260817	TBD (MANC:10903)
VFB_jrcv08ey	ventral median tract of ventral cervical fasciculus	doi:10.1101/2023.06.05.543757	fasciculates_with	manc:v1.2.1 260817	AN17A014_T3_L (MANC:10906)
VFB_jrcv08ez	ventral median tract of ventral cervical fasciculus	doi:10.1101/2023.06.05.543757	fasciculates_with	manc:v1.2.1 260817	AN17B003_T2_R (MANC:10907)
VFB_jrcv08f1	ventral lateral tract of ventral cervical fasciculus	doi:10.1101/2023.06.05.543757	fasciculates_with	manc:v1.2.1 260817	TBD (MANC:10909)
VFB_jrcv08f4	ventral lateral tract of ventral cervical fasciculus	doi:10.1101/2023.06.05.543757	fasciculates_with	manc:v1.2.1 260817	TBD (MANC:10912)
VFB_jrcv08f6	intermediate tract of dorsal cervical fasciculus - commissure of fine fibers	doi:10.1101/2023.06.05.543757	fasciculates_with	manc:v1.2.1 260817	TBD (MANC:10914)
VFB_jrcv08f8	intermediate tract of dorsal cervical fasciculus - commissure of fine fibers	doi:10.1101/2023.06.05.543757	fasciculates_with	manc:v1.2.1 260817	TBD (MANC:10916)
VFB_jrcv08fh	dorsal lateral tract of ventral cervical fasciculus	doi:10.1101/2023.06.05.543757	fasciculates_with	manc:v1.2.1 260817	AN04A001_T3_L (MANC:10925)
VFB_jrcv08fo	dorsal median tract of dorsal cervical fasciculus	doi:10.1101/2023.06.05.543757	fasciculates_with	manc:v1.2.1 260817	AN07B011_T2_L (MANC:10932)
VFB_jrcv08ft	dorsal median tract of dorsal cervical fasciculus	doi:10.1101/2023.06.05.543757	fasciculates_with	manc:v1.2.1 260817	TBD (MANC:10937)
VFB_jrcv08fx	dorsal lateral tract of dorsal cervical fasciculus	doi:10.1101/2023.06.05.543757	fasciculates_with	manc:v1.2.1 260817	TBD (MANC:10941)
VFB_jrcv08fz	ventral median tract of ventral cervical fasciculus	doi:10.1101/2023.06.05.543757	fasciculates_with	manc:v1.2.1 260817	AN17A009_T3_L (MANC:10943)
VFB_jrcv08g5	ventral median tract of ventral cervical fasciculus	doi:10.1101/2023.06.05.543757	fasciculates_with	manc:v1.2.1 260817	AN17A004_T2_R (MANC:10949)
VFB_jrcv08g7	ventral median tract of ventral cervical fasciculus	doi:10.1101/2023.06.05.543757	fasciculates_with	manc:v1.2.1 260817	AN17A011_T2_R (MANC:10951)
VFB_jrcv08ga	ventral median tract of ventral cervical fasciculus	doi:10.1101/2023.06.05.543757	fasciculates_with	manc:v1.2.1 260817	AN08B007_T3_R (MANC:10954)
VFB_jrcv08gf	ventral median tract of ventral cervical fasciculus	doi:10.1101/2023.06.05.543757	fasciculates_with	manc:v1.2.1 260817	AN05A001_T3_R (MANC:10959)
VFB_jrcv08gi	dorsal median tract of dorsal cervical fasciculus	doi:10.1101/2023.06.05.543757	fasciculates_with	manc:v1.2.1 260817	TBD (MANC:10962)
VFB_jrcv08gl	dorsal lateral tract of ventral cervical fasciculus	doi:10.1101/2023.06.05.543757	fasciculates_with	manc:v1.2.1 260817	AN12B001_A1_R (MANC:10965)
VFB_jrcv08gn	dorsal median tract of dorsal cervical fasciculus	doi:10.1101/2023.06.05.543757	fasciculates_with	manc:v1.2.1 260817	TBD (MANC:10967)
VFB_jrcv08h1	dorsal lateral tract of dorsal cervical fasciculus	doi:10.1101/2023.06.05.543757	fasciculates_with	manc:v1.2.1 260817	AN19B014_T2_L (MANC:10981)
VFB_jrcv08h6	dorsal lateral tract of ventral cervical fasciculus	doi:10.1101/2023.06.05.543757	fasciculates_with	manc:v1.2.1 260817	AN17B004_A1_R (MANC:10986)
VFB_jrcv08h7	intermediate tract of dorsal cervical fasciculus - commissure of fine fibers	doi:10.1101/2023.06.05.543757	fasciculates_with	manc:v1.2.1 260817	TBD (MANC:10987)
VFB_jrcv08hd	ventral median tract of ventral cervical fasciculus	doi:10.1101/2023.06.05.543757	fasciculates_with	manc:v1.2.1 260817	AN17A006_T3_L (MANC:10993)
VFB_jrcv08hf	dorsal median tract of dorsal cervical fasciculus	doi:10.1101/2023.06.05.543757	fasciculates_with	manc:v1.2.1 260817	TBD (MANC:10995)
VFB_jrcv08hh	dorsal lateral tract of ventral cervical fasciculus	doi:10.1101/2023.06.05.543757	fasciculates_with	manc:v1.2.1 260817	AN08B010_T3_R (MANC:10997)
VFB_jrcv08hj	dorsal median tract of dorsal cervical fasciculus	doi:10.1101/2023.06.05.543757	fasciculates_with	manc:v1.2.1 260817	AN18B002_T3_L (MANC:10999)
VFB_jrcv08hk	ventral median tract of ventral cervical fasciculus	doi:10.1101/2023.06.05.543757	fasciculates_with	manc:v1.2.1 260817	AN17A008_A1_R (MANC:11000)
VFB_jrcv08hl	median dorsal abdominal tract	doi:10.1101/2023.06.05.543757	fasciculates_with	manc:v1.2.1 260817	TBD (MANC:11001)
VFB_jrcv08hn	dorsal lateral tract of dorsal cervical fasciculus	doi:10.1101/2023.06.05.543757	fasciculates_with	manc:v1.2.1 260817	AN27X002_T3_R (MANC:11003)
VFB_jrcv08ho	ventral median tract of ventral cervical fasciculus	doi:10.1101/2023.06.05.543757	fasciculates_with	manc:v1.2.1 260817	AN17A002_T1_R (MANC:11004)
VFB_jrcv08hq	dorsal lateral tract of dorsal cervical fasciculus	doi:10.1101/2023.06.05.543757	fasciculates_with	manc:v1.2.1 260817	AN19B009_T1_L (MANC:11006)
VFB_jrcv08hw	intermediate tract of dorsal cervical fasciculus - commissure of fine fibers	doi:10.1101/2023.06.05.543757	fasciculates_with	manc:v1.2.1 260817	TBD (MANC:11012)
VFB_jrcv08i0	median dorsal abdominal tract	doi:10.1101/2023.06.05.543757	fasciculates_with	manc:v1.2.1 260817	AN10B003_T3_R (MANC:11016)
VFB_jrcv08i3	dorsal lateral tract of dorsal cervical fasciculus	doi:10.1101/2023.06.05.543757	fasciculates_with	manc:v1.2.1 260817	TBD (MANC:11019)
VFB_jrcv08i7	dorsal median tract of dorsal cervical fasciculus	doi:10.1101/2023.06.05.543757	fasciculates_with	manc:v1.2.1 260817	AN06B001_T1_R (MANC:11023)
VFB_jrcv08ik	ventral median tract of ventral cervical fasciculus	doi:10.1101/2023.06.05.543757	fasciculates_with	manc:v1.2.1 260817	AN17A012_T1_R (MANC:11036)
VFB_jrcv08is	ventral median tract of ventral cervical fasciculus	doi:10.1101/2023.06.05.543757	fasciculates_with	manc:v1.2.1 260817	AN05A001_T3_L (MANC:11044)
VFB_jrcv08it	median dorsal abdominal tract	doi:10.1101/2023.06.05.543757	fasciculates_with	manc:v1.2.1 260817	TBD (MANC:11045)
VFB_jrcv08iw	ventral lateral tract of ventral cervical fasciculus	doi:10.1101/2023.06.05.543757	fasciculates_with	manc:v1.2.1 260817	TBD (MANC:11048)
VFB_jrcv08iz	dorsal lateral tract of ventral cervical fasciculus	doi:10.1101/2023.06.05.543757	fasciculates_with	manc:v1.2.1 260817	TBD (MANC:11051)
VFB_jrcv08j0	dorsal lateral tract of dorsal cervical fasciculus	doi:10.1101/2023.06.05.543757	fasciculates_with	manc:v1.2.1 260817	AN19B009_T2_L (MANC:11052)
VFB_jrcv08j3	ventral median tract of ventral cervical fasciculus	doi:10.1101/2023.06.05.543757	fasciculates_with	manc:v1.2.1 260817	TBD (MANC:11055)
VFB_jrcv08j9	ventral median tract of ventral cervical fasciculus	doi:10.1101/2023.06.05.543757	fasciculates_with	manc:v1.2.1 260817	AN17B005_T3_R (MANC:11061)
VFB_jrcv08jg	dorsal median tract of dorsal cervical fasciculus	doi:10.1101/2023.06.05.543757	fasciculates_with	manc:v1.2.1 260817	AN07B011_T1_R (MANC:11068)
VFB_jrcv08ji	dorsal lateral tract of dorsal cervical fasciculus	doi:10.1101/2023.06.05.543757	fasciculates_with	manc:v1.2.1 260817	TBD (MANC:11070)
VFB_jrcv08jj	dorsal median tract of dorsal cervical fasciculus	doi:10.1101/2023.06.05.543757	fasciculates_with	manc:v1.2.1 260817	TBD (MANC:11071)
VFB_jrcv08jk	dorsal lateral tract of ventral cervical fasciculus	doi:10.1101/2023.06.05.543757	fasciculates_with	manc:v1.2.1 260817	TBD (MANC:11072)
VFB_jrcv08jn	ventral median tract of ventral cervical fasciculus	doi:10.1101/2023.06.05.543757	fasciculates_with	manc:v1.2.1 260817	AN17A006_T3_R (MANC:11075)
VFB_jrcv08jo	ventral median tract of ventral cervical fasciculus	doi:10.1101/2023.06.05.543757	fasciculates_with	manc:v1.2.1 260817	AN17B005_T3_L (MANC:11076)
VFB_jrcv08js	ventral median tract of ventral cervical fasciculus	doi:10.1101/2023.06.05.543757	fasciculates_with	manc:v1.2.1 260817	AN17A009_T3_R (MANC:11080)
VFB_jrcv08ju	ventral median tract of ventral cervical fasciculus	doi:10.1101/2023.06.05.543757	fasciculates_with	manc:v1.2.1 260817	TBD (MANC:11082)
VFB_jrcv08jw	dorsal lateral tract of ventral cervical fasciculus	doi:10.1101/2023.06.05.543757	fasciculates_with	manc:v1.2.1 260817	AN08B008_T1_L (MANC:11084)
VFB_jrcv08k0	ventral median tract of ventral cervical fasciculus	doi:10.1101/2023.06.05.543757	fasciculates_with	manc:v1.2.1 260817	AN17A022_T2_L (MANC:11088)
VFB_jrcv08k7	ventral median tract of ventral cervical fasciculus	doi:10.1101/2023.06.05.543757	fasciculates_with	manc:v1.2.1 260817	AN27X001_T1_L (MANC:11095)
VFB_jrcv08k8	intermediate tract of dorsal cervical fasciculus - commissure of fine fibers	doi:10.1101/2023.06.05.543757	fasciculates_with	manc:v1.2.1 260817	AN02A005_T2_R (MANC:11096)
VFB_jrcv08ka	dorsal median tract of dorsal cervical fasciculus	doi:10.1101/2023.06.05.543757	fasciculates_with	manc:v1.2.1 260817	AN12A003_A1_R (MANC:11098)
VFB_jrcv08kb	dorsal lateral tract of ventral cervical fasciculus	doi:10.1101/2023.06.05.543757	fasciculates_with	manc:v1.2.1 260817	AN12B004_T1_L (MANC:11099)
VFB_jrcv08ke	ventral lateral tract of ventral cervical fasciculus	doi:10.1101/2023.06.05.543757	fasciculates_with	manc:v1.2.1 260817	TBD (MANC:11102)
VFB_jrcv08kh	ventral median tract of ventral cervical fasciculus	doi:10.1101/2023.06.05.543757	fasciculates_with	manc:v1.2.1 260817	AN17A008_A1_L (MANC:11105)
VFB_jrcv08kq	median dorsal abdominal tract	doi:10.1101/2023.06.05.543757	fasciculates_with	manc:v1.2.1 260817	TBD (MANC:11114)
VFB_jrcv08kw	dorsal lateral tract of dorsal cervical fasciculus	doi:10.1101/2023.06.05.543757	fasciculates_with	manc:v1.2.1 260817	TBD (MANC:11120)
VFB_jrcv08kx	dorsal median tract of dorsal cervical fasciculus	doi:10.1101/2023.06.05.543757	fasciculates_with	manc:v1.2.1 260817	AN12A003_A1_L (MANC:11121)
VFB_jrcv08kz	dorsal median tract of dorsal cervical fasciculus	doi:10.1101/2023.06.05.543757	fasciculates_with	manc:v1.2.1 260817	TBD (MANC:11123)
VFB_jrcv08l6	intermediate tract of dorsal cervical fasciculus - commissure of fine fibers	doi:10.1101/2023.06.05.543757	fasciculates_with	manc:v1.2.1 260817	AN06B007_T2_R (MANC:11130)
VFB_jrcv08lc	dorsal lateral tract of ventral cervical fasciculus	doi:10.1101/2023.06.05.543757	fasciculates_with	manc:v1.2.1 260817	TBD (MANC:11136)
VFB_jrcv08ll	dorsal median tract of dorsal cervical fasciculus	doi:10.1101/2023.06.05.543757	fasciculates_with	manc:v1.2.1 260817	TBD (MANC:11145)
VFB_jrcv08lq	dorsal median tract of dorsal cervical fasciculus	doi:10.1101/2023.06.05.543757	fasciculates_with	manc:v1.2.1 260817	TBD (MANC:11150)
VFB_jrcv08lz	ventral median tract of ventral cervical fasciculus	doi:10.1101/2023.06.05.543757	fasciculates_with	manc:v1.2.1 260817	AN17A013_T3_R (MANC:11159)
VFB_jrcv08m0	dorsal lateral tract of ventral cervical fasciculus	doi:10.1101/2023.06.05.543757	fasciculates_with	manc:v1.2.1 260817	TBD (MANC:11160)
VFB_jrcv08m1	dorsal lateral tract of ventral cervical fasciculus	doi:10.1101/2023.06.05.543757	fasciculates_with	manc:v1.2.1 260817	AN08B008_T3_R (MANC:11161)
VFB_jrcv08m2	dorsal median tract of dorsal cervical fasciculus	doi:10.1101/2023.06.05.543757	fasciculates_with	manc:v1.2.1 260817	AN23B001_T2_R (MANC:11162)
VFB_jrcv08m4	dorsal median tract of dorsal cervical fasciculus	doi:10.1101/2023.06.05.543757	fasciculates_with	manc:v1.2.1 260817	TBD (MANC:11164)
VFB_jrcv08m9	dorsal lateral tract of ventral cervical fasciculus	doi:10.1101/2023.06.05.543757	fasciculates_with	manc:v1.2.1 260817	AN08B010_A2_L (MANC:11169)
VFB_jrcv08md	dorsal lateral tract of ventral cervical fasciculus	doi:10.1101/2023.06.05.543757	fasciculates_with	manc:v1.2.1 260817	TBD (MANC:11173)
VFB_jrcv08mf	dorsal lateral tract of ventral cervical fasciculus	doi:10.1101/2023.06.05.543757	fasciculates_with	manc:v1.2.1 260817	TBD (MANC:11175)
VFB_jrcv08mi	median dorsal abdominal tract	doi:10.1101/2023.06.05.543757	fasciculates_with	manc:v1.2.1 260817	AN10B003_T3_L (MANC:11178)
VFB_jrcv08mo	ventral lateral tract of ventral cervical fasciculus	doi:10.1101/2023.06.05.543757	fasciculates_with	manc:v1.2.1 260817	TBD (MANC:11184)
VFB_jrcv08mr	intermediate tract of dorsal cervical fasciculus - commissure of fine fibers	doi:10.1101/2023.06.05.543757	fasciculates_with	manc:v1.2.1 260817	TBD (MANC:11187)
VFB_jrcv08mw	median dorsal abdominal tract	doi:10.1101/2023.06.05.543757	fasciculates_with	manc:v1.2.1 260817	AN05A001_A2_R (MANC:11192)
VFB_jrcv08n6	dorsal lateral tract of ventral cervical fasciculus	doi:10.1101/2023.06.05.543757	fasciculates_with	manc:v1.2.1 260817	TBD (MANC:11202)
VFB_jrcv08n8	dorsal lateral tract of ventral cervical fasciculus	doi:10.1101/2023.06.05.543757	fasciculates_with	manc:v1.2.1 260817	AN08B011_T3_R (MANC:11204)
VFB_jrcv08n9	median dorsal abdominal tract	doi:10.1101/2023.06.05.543757	fasciculates_with	manc:v1.2.1 260817	AN00A006_T3_M (MANC:11205)
VFB_jrcv08nc	median dorsal abdominal tract	doi:10.1101/2023.06.05.543757	fasciculates_with	manc:v1.2.1 260817	AN04B002_T2_L (MANC:11208)
VFB_jrcv08nd	dorsal lateral tract of ventral cervical fasciculus	doi:10.1101/2023.06.05.543757	fasciculates_with	manc:v1.2.1 260817	TBD (MANC:11209)
VFB_jrcv08ne	median dorsal abdominal tract	doi:10.1101/2023.06.05.543757	fasciculates_with	manc:v1.2.1 260817	AN27X004_T2_R (MANC:11210)
VFB_jrcv08nh	dorsal median tract of dorsal cervical fasciculus	doi:10.1101/2023.06.05.543757	fasciculates_with	manc:v1.2.1 260817	AN23B001_T2_L (MANC:11213)
VFB_jrcv08nk	dorsal median tract of dorsal cervical fasciculus	doi:10.1101/2023.06.05.543757	fasciculates_with	manc:v1.2.1 260817	TBD (MANC:11216)
VFB_jrcv08no	ventral lateral tract of ventral cervical fasciculus	doi:10.1101/2023.06.05.543757	fasciculates_with	manc:v1.2.1 260817	TBD (MANC:11220)
VFB_jrcv08np	dorsal lateral tract of ventral cervical fasciculus	doi:10.1101/2023.06.05.543757	fasciculates_with	manc:v1.2.1 260817	TBD (MANC:11221)
VFB_jrcv08nq	ventral median tract of ventral cervical fasciculus	doi:10.1101/2023.06.05.543757	fasciculates_with	manc:v1.2.1 260817	AN17A017_T3_L (MANC:11222)
VFB_jrcv08nv	ventral median tract of ventral cervical fasciculus	doi:10.1101/2023.06.05.543757	fasciculates_with	manc:v1.2.1 260817	AN08B007_T3_L (MANC:11227)
VFB_jrcv08nw	dorsal median tract of dorsal cervical fasciculus	doi:10.1101/2023.06.05.543757	fasciculates_with	manc:v1.2.1 260817	TBD (MANC:11228)
VFB_jrcv08ny	dorsal median tract of dorsal cervical fasciculus	doi:10.1101/2023.06.05.543757	fasciculates_with	manc:v1.2.1 260817	SAppxx_DMetaN_L (MANC:11230)
VFB_jrcv08o1	dorsal lateral tract of ventral cervical fasciculus	doi:10.1101/2023.06.05.543757	fasciculates_with	manc:v1.2.1 260817	TBD (MANC:11233)
VFB_jrcv08o5	ventral median tract of ventral cervical fasciculus	doi:10.1101/2023.06.05.543757	fasciculates_with	manc:v1.2.1 260817	AN17A013_T2_L (MANC:11237)
VFB_jrcv08o9	dorsal lateral tract of ventral cervical fasciculus	doi:10.1101/2023.06.05.543757	fasciculates_with	manc:v1.2.1 260817	TBD (MANC:11241)
VFB_jrcv08oe	dorsal lateral tract of ventral cervical fasciculus	doi:10.1101/2023.06.05.543757	fasciculates_with	manc:v1.2.1 260817	AN08B008_T3_L (MANC:11246)
VFB_jrcv08oj	dorsal lateral tract of ventral cervical fasciculus	doi:10.1101/2023.06.05.543757	fasciculates_with	manc:v1.2.1 260817	AN08B005_T3_R (MANC:11251)
VFB_jrcv08om	dorsal median tract of dorsal cervical fasciculus	doi:10.1101/2023.06.05.543757	fasciculates_with	manc:v1.2.1 260817	TBD (MANC:11254)
VFB_jrcv08op	ventral lateral tract of ventral cervical fasciculus	doi:10.1101/2023.06.05.543757	fasciculates_with	manc:v1.2.1 260817	TBD (MANC:11257)
VFB_jrcv08or	dorsal lateral tract of ventral cervical fasciculus	doi:10.1101/2023.06.05.543757	fasciculates_with	manc:v1.2.1 260817	TBD (MANC:11259)
VFB_jrcv08os	dorsal lateral tract of ventral cervical fasciculus	doi:10.1101/2023.06.05.543757	fasciculates_with	manc:v1.2.1 260817	AN04A001_T3_R (MANC:11260)
VFB_jrcv08ou	intermediate tract of dorsal cervical fasciculus - commissure of fine fibers	doi:10.1101/2023.06.05.543757	fasciculates_with	manc:v1.2.1 260817	AN06B022_T3_R (MANC:11262)
VFB_jrcv08ov	ventral lateral tract of ventral cervical fasciculus	doi:10.1101/2023.06.05.543757	fasciculates_with	manc:v1.2.1 260817	TBD (MANC:11263)
VFB_jrcv08ow	dorsal lateral tract of dorsal cervical fasciculus	doi:10.1101/2023.06.05.543757	fasciculates_with	manc:v1.2.1 260817	TBD (MANC:11264)
VFB_jrcv08oz	ventral median tract of ventral cervical fasciculus	doi:10.1101/2023.06.05.543757	fasciculates_with	manc:v1.2.1 260817	TBD (MANC:11267)
VFB_jrcv08p0	dorsal lateral tract of ventral cervical fasciculus	doi:10.1101/2023.06.05.543757	fasciculates_with	manc:v1.2.1 260817	TBD (MANC:11268)
VFB_jrcv08p1	dorsal lateral tract of ventral cervical fasciculus	doi:10.1101/2023.06.05.543757	fasciculates_with	manc:v1.2.1 260817	AN08B009_T3_L (MANC:11269)
VFB_jrcv08p2	dorsal lateral tract of dorsal cervical fasciculus	doi:10.1101/2023.06.05.543757	fasciculates_with	manc:v1.2.1 260817	TBD (MANC:11270)
VFB_jrcv08p4	ventral median tract of ventral cervical fasciculus	doi:10.1101/2023.06.05.543757	fasciculates_with	manc:v1.2.1 260817	TBD (MANC:11272)
VFB_jrcv08p8	dorsal median tract of dorsal cervical fasciculus	doi:10.1101/2023.06.05.543757	fasciculates_with	manc:v1.2.1 260817	TBD (MANC:11276)
VFB_jrcv08pb	ventral median tract of ventral cervical fasciculus	doi:10.1101/2023.06.05.543757	fasciculates_with	manc:v1.2.1 260817	TBD (MANC:11279)
VFB_jrcv08pg	ventral median tract of ventral cervical fasciculus	doi:10.1101/2023.06.05.543757	fasciculates_with	manc:v1.2.1 260817	AN17A012_T2_L (MANC:11284)
VFB_jrcv08pi	dorsal median tract of dorsal cervical fasciculus	doi:10.1101/2023.06.05.543757	fasciculates_with	manc:v1.2.1 260817	TBD (MANC:11286)
VFB_jrcv08po	intermediate tract of dorsal cervical fasciculus - commissure of fine fibers	doi:10.1101/2023.06.05.543757	fasciculates_with	manc:v1.2.1 260817	AN06B022_T3_L (MANC:11292)
VFB_jrcv08pu	dorsal lateral tract of ventral cervical fasciculus	doi:10.1101/2023.06.05.543757	fasciculates_with	manc:v1.2.1 260817	TBD (MANC:11298)
VFB_jrcv08px	dorsal lateral tract of ventral cervical fasciculus	doi:10.1101/2023.06.05.543757	fasciculates_with	manc:v1.2.1 260817	TBD (MANC:11301)
VFB_jrcv08q2	dorsal lateral tract of dorsal cervical fasciculus	doi:10.1101/2023.06.05.543757	fasciculates_with	manc:v1.2.1 260817	TBD (MANC:11306)
VFB_jrcv08q3	dorsal lateral tract of ventral cervical fasciculus	doi:10.1101/2023.06.05.543757	fasciculates_with	manc:v1.2.1 260817	AN10B005_T2_R (MANC:11307)
VFB_jrcv08q6	dorsal lateral tract of ventral cervical fasciculus	doi:10.1101/2023.06.05.543757	fasciculates_with	manc:v1.2.1 260817	TBD (MANC:11310)
VFB_jrcv08q7	dorsal median tract of dorsal cervical fasciculus	doi:10.1101/2023.06.05.543757	fasciculates_with	manc:v1.2.1 260817	TBD (MANC:11311)
VFB_jrcv08qn	dorsal median tract of dorsal cervical fasciculus	doi:10.1101/2023.06.05.543757	fasciculates_with	manc:v1.2.1 260817	TBD (MANC:11327)
VFB_jrcv08qo	dorsal lateral tract of ventral cervical fasciculus	doi:10.1101/2023.06.05.543757	fasciculates_with	manc:v1.2.1 260817	AN12B001_A1_L (MANC:11328)
VFB_jrcv08qs	ventral median tract of ventral cervical fasciculus	doi:10.1101/2023.06.05.543757	fasciculates_with	manc:v1.2.1 260817	TBD (MANC:11332)
VFB_jrcv08qv	median dorsal abdominal tract	doi:10.1101/2023.06.05.543757	fasciculates_with	manc:v1.2.1 260817	AN00A006_A2_M (MANC:11335)
VFB_jrcv08r9	dorsal median tract of dorsal cervical fasciculus	doi:10.1101/2023.06.05.543757	fasciculates_with	manc:v1.2.1 260817	TBD (MANC:11349)
VFB_jrcv08re	dorsal lateral tract of dorsal cervical fasciculus	doi:10.1101/2023.06.05.543757	fasciculates_with	manc:v1.2.1 260817	TBD (MANC:11354)
VFB_jrcv08ri	ventral median tract of ventral cervical fasciculus	doi:10.1101/2023.06.05.543757	fasciculates_with	manc:v1.2.1 260817	AN05A002_T3_R (MANC:11358)
VFB_jrcv08rj	dorsal lateral tract of ventral cervical fasciculus	doi:10.1101/2023.06.05.543757	fasciculates_with	manc:v1.2.1 260817	AN17B004_T2_L (MANC:11359)
VFB_jrcv08rk	ventral median tract of ventral cervical fasciculus	doi:10.1101/2023.06.05.543757	fasciculates_with	manc:v1.2.1 260817	AN05B002_A3_R (MANC:11360)
VFB_jrcv08rl	dorsal lateral tract of ventral cervical fasciculus	doi:10.1101/2023.06.05.543757	fasciculates_with	manc:v1.2.1 260817	TBD (MANC:11361)
VFB_jrcv08ro	dorsal lateral tract of ventral cervical fasciculus	doi:10.1101/2023.06.05.543757	fasciculates_with	manc:v1.2.1 260817	AN08B010_T1_R (MANC:11364)
VFB_jrcv08sa	dorsal lateral tract of ventral cervical fasciculus	doi:10.1101/2023.06.05.543757	fasciculates_with	manc:v1.2.1 260817	TBD (MANC:11386)
VFB_jrcv08sb	ventral median tract of ventral cervical fasciculus	doi:10.1101/2023.06.05.543757	fasciculates_with	manc:v1.2.1 260817	AN05B002_A3_L (MANC:11387)
VFB_jrcv08sc	intermediate tract of dorsal cervical fasciculus - commissure of fine fibers	doi:10.1101/2023.06.05.543757	fasciculates_with	manc:v1.2.1 260817	AN06B007_T1_L (MANC:11388)
VFB_jrcv08sf	ventral median tract of ventral cervical fasciculus	doi:10.1101/2023.06.05.543757	fasciculates_with	manc:v1.2.1 260817	AN17A017_T1_R (MANC:11391)
VFB_jrcv08sm	median dorsal abdominal tract	doi:10.1101/2023.06.05.543757	fasciculates_with	manc:v1.2.1 260817	AN05A001_A2_L (MANC:11398)
VFB_jrcv08sv	median dorsal abdominal tract	doi:10.1101/2023.06.05.543757	fasciculates_with	manc:v1.2.1 260817	AN27X004_T2_L (MANC:11407)
VFB_jrcv08sw	ventral median tract of ventral cervical fasciculus	doi:10.1101/2023.06.05.543757	fasciculates_with	manc:v1.2.1 260817	AN09B001_T2_L (MANC:11408)
VFB_jrcv08sy	ventral median tract of ventral cervical fasciculus	doi:10.1101/2023.06.05.543757	fasciculates_with	manc:v1.2.1 260817	AN07B003_T1_R (MANC:11410)
VFB_jrcv08t1	dorsal lateral tract of ventral cervical fasciculus	doi:10.1101/2023.06.05.543757	fasciculates_with	manc:v1.2.1 260817	TBD (MANC:11413)
VFB_jrcv08t5	ventral median tract of ventral cervical fasciculus	doi:10.1101/2023.06.05.543757	fasciculates_with	manc:v1.2.1 260817	AN17A017_T1_L (MANC:11417)
VFB_jrcv08tc	dorsal lateral tract of ventral cervical fasciculus	doi:10.1101/2023.06.05.543757	fasciculates_with	manc:v1.2.1 260817	AN08B008_T3_L (MANC:11424)
VFB_jrcv08te	intermediate tract of dorsal cervical fasciculus - commissure of fine fibers	doi:10.1101/2023.06.05.543757	fasciculates_with	manc:v1.2.1 260817	AN10B001_T3_L (MANC:11426)
VFB_jrcv08tf	dorsal lateral tract of ventral cervical fasciculus	doi:10.1101/2023.06.05.543757	fasciculates_with	manc:v1.2.1 260817	TBD (MANC:11427)
VFB_jrcv08ti	ventral median tract of ventral cervical fasciculus	doi:10.1101/2023.06.05.543757	fasciculates_with	manc:v1.2.1 260817	AN17A012_T2_R (MANC:11430)
VFB_jrcv08tp	dorsal lateral tract of ventral cervical fasciculus	doi:10.1101/2023.06.05.543757	fasciculates_with	manc:v1.2.1 260817	TBD (MANC:11437)
VFB_jrcv08ts	dorsal median tract of dorsal cervical fasciculus	doi:10.1101/2023.06.05.543757	fasciculates_with	manc:v1.2.1 260817	TBD (MANC:11440)
VFB_jrcv08tt	dorsal lateral tract of ventral cervical fasciculus	doi:10.1101/2023.06.05.543757	fasciculates_with	manc:v1.2.1 260817	AN12B004_T2_L (MANC:11441)
VFB_jrcv08tv	dorsal median tract of dorsal cervical fasciculus	doi:10.1101/2023.06.05.543757	fasciculates_with	manc:v1.2.1 260817	TBD (MANC:11443)
VFB_jrcv08u3	median dorsal abdominal tract	doi:10.1101/2023.06.05.543757	fasciculates_with	manc:v1.2.1 260817	AN00A006_A3_M (MANC:11451)
VFB_jrcv08u9	median dorsal abdominal tract	doi:10.1101/2023.06.05.543757	fasciculates_with	manc:v1.2.1 260817	TBD (MANC:11457)
VFB_jrcv08ue	dorsal lateral tract of ventral cervical fasciculus	doi:10.1101/2023.06.05.543757	fasciculates_with	manc:v1.2.1 260817	AN08B023_T3_R (MANC:11462)
VFB_jrcv08um	ventral median tract of ventral cervical fasciculus	doi:10.1101/2023.06.05.543757	fasciculates_with	manc:v1.2.1 260817	AN05A002_T2_R (MANC:11470)
VFB_jrcv08us	intermediate tract of dorsal cervical fasciculus - commissure of fine fibers	doi:10.1101/2023.06.05.543757	fasciculates_with	manc:v1.2.1 260817	AN06B009_T1_L (MANC:11476)
VFB_jrcv08ut	ventral median tract of ventral cervical fasciculus	doi:10.1101/2023.06.05.543757	fasciculates_with	manc:v1.2.1 260817	TBD (MANC:11477)
VFB_jrcv08uv	dorsal median tract of dorsal cervical fasciculus	doi:10.1101/2023.06.05.543757	fasciculates_with	manc:v1.2.1 260817	SApp31_DMetaN_L (MANC:11479)
VFB_jrcv08ux	ventral lateral tract of ventral cervical fasciculus	doi:10.1101/2023.06.05.543757	fasciculates_with	manc:v1.2.1 260817	TBD (MANC:11481)
VFB_jrcv08uy	intermediate tract of dorsal cervical fasciculus - commissure of fine fibers	doi:10.1101/2023.06.05.543757	fasciculates_with	manc:v1.2.1 260817	AN06B007_T2_L (MANC:11482)
VFB_jrcv08v3	dorsal lateral tract of ventral cervical fasciculus	doi:10.1101/2023.06.05.543757	fasciculates_with	manc:v1.2.1 260817	TBD (MANC:11487)
VFB_jrcv08v4	dorsal lateral tract of ventral cervical fasciculus	doi:10.1101/2023.06.05.543757	fasciculates_with	manc:v1.2.1 260817	TBD (MANC:11488)
VFB_jrcv08vd	dorsal median tract of dorsal cervical fasciculus	doi:10.1101/2023.06.05.543757	fasciculates_with	manc:v1.2.1 260817	TBD (MANC:11497)
VFB_jrcv08vl	intermediate tract of dorsal cervical fasciculus - commissure of fine fibers	doi:10.1101/2023.06.05.543757	fasciculates_with	manc:v1.2.1 260817	AN06B009_T1_R (MANC:11505)
VFB_jrcv08vo	dorsal lateral tract of ventral cervical fasciculus	doi:10.1101/2023.06.05.543757	fasciculates_with	manc:v1.2.1 260817	AN17B004_A1_L (MANC:11508)
VFB_jrcv08vt	ventral median tract of ventral cervical fasciculus	doi:10.1101/2023.06.05.543757	fasciculates_with	manc:v1.2.1 260817	AN17A022_T2_R (MANC:11513)
VFB_jrcv08vz	ventral median tract of ventral cervical fasciculus	doi:10.1101/2023.06.05.543757	fasciculates_with	manc:v1.2.1 260817	TBD (MANC:11519)
VFB_jrcv08w0	ventral median tract of ventral cervical fasciculus	doi:10.1101/2023.06.05.543757	fasciculates_with	manc:v1.2.1 260817	AN05B007_T1_R (MANC:11520)
VFB_jrcv08w4	ventral median tract of ventral cervical fasciculus	doi:10.1101/2023.06.05.543757	fasciculates_with	manc:v1.2.1 260817	AN17A013_T1_L (MANC:11524)
VFB_jrcv08wd	median dorsal abdominal tract	doi:10.1101/2023.06.05.543757	fasciculates_with	manc:v1.2.1 260817	AN05A001_T2_R (MANC:11533)
VFB_jrcv08wf	ventral median tract of ventral cervical fasciculus	doi:10.1101/2023.06.05.543757	fasciculates_with	manc:v1.2.1 260817	AN17A012_T3_R (MANC:11535)
VFB_jrcv08wh	ventral median tract of ventral cervical fasciculus	doi:10.1101/2023.06.05.543757	fasciculates_with	manc:v1.2.1 260817	AN09A006_T2_R (MANC:11537)
VFB_jrcv08wl	dorsal median tract of dorsal cervical fasciculus	doi:10.1101/2023.06.05.543757	fasciculates_with	manc:v1.2.1 260817	TBD (MANC:11541)
VFB_jrcv08wm	dorsal lateral tract of ventral cervical fasciculus	doi:10.1101/2023.06.05.543757	fasciculates_with	manc:v1.2.1 260817	TBD (MANC:11542)
VFB_jrcv08ws	dorsal lateral tract of ventral cervical fasciculus	doi:10.1101/2023.06.05.543757	fasciculates_with	manc:v1.2.1 260817	TBD (MANC:11548)
VFB_jrcv08ww	dorsal median tract of dorsal cervical fasciculus	doi:10.1101/2023.06.05.543757	fasciculates_with	manc:v1.2.1 260817	AN19B017_T1_R (MANC:11552)
VFB_jrcv08x4	dorsal median tract of dorsal cervical fasciculus	doi:10.1101/2023.06.05.543757	fasciculates_with	manc:v1.2.1 260817	AN07B009_T1_R (MANC:11560)
VFB_jrcv08x5	ventral median tract of ventral cervical fasciculus	doi:10.1101/2023.06.05.543757	fasciculates_with	manc:v1.2.1 260817	TBD (MANC:11561)
VFB_jrcv08x7	dorsal lateral tract of ventral cervical fasciculus	doi:10.1101/2023.06.05.543757	fasciculates_with	manc:v1.2.1 260817	AN08B009_T2_L (MANC:11563)
VFB_jrcv08xa	ventral median tract of ventral cervical fasciculus	doi:10.1101/2023.06.05.543757	fasciculates_with	manc:v1.2.1 260817	AN27X004_T1_R (MANC:11566)
VFB_jrcv08xb	ventral median tract of ventral cervical fasciculus	doi:10.1101/2023.06.05.543757	fasciculates_with	manc:v1.2.1 260817	TBD (MANC:11567)
VFB_jrcv08xc	ventral median tract of ventral cervical fasciculus	doi:10.1101/2023.06.05.543757	fasciculates_with	manc:v1.2.1 260817	TBD (MANC:11568)
VFB_jrcv08xh	dorsal median tract of dorsal cervical fasciculus	doi:10.1101/2023.06.05.543757	fasciculates_with	manc:v1.2.1 260817	TBD (MANC:11573)
VFB_jrcv08xk	ventral median tract of ventral cervical fasciculus	doi:10.1101/2023.06.05.543757	fasciculates_with	manc:v1.2.1 260817	AN09B002_T3_L (MANC:11576)
VFB_jrcv08xn	ventral median tract of ventral cervical fasciculus	doi:10.1101/2023.06.05.543757	fasciculates_with	manc:v1.2.1 260817	TBD (MANC:11579)
VFB_jrcv08xv	ventral median tract of ventral cervical fasciculus	doi:10.1101/2023.06.05.543757	fasciculates_with	manc:v1.2.1 260817	AN09A006_T1_L (MANC:11587)
VFB_jrcv08xw	dorsal median tract of dorsal cervical fasciculus	doi:10.1101/2023.06.05.543757	fasciculates_with	manc:v1.2.1 260817	TBD (MANC:11588)
VFB_jrcv08y0	ventral median tract of ventral cervical fasciculus	doi:10.1101/2023.06.05.543757	fasciculates_with	manc:v1.2.1 260817	AN05B017_A9_R (MANC:11592)
VFB_jrcv08y6	ventral median tract of ventral cervical fasciculus	doi:10.1101/2023.06.05.543757	fasciculates_with	manc:v1.2.1 260817	AN17A012_T3_L (MANC:11598)
VFB_jrcv08y8	ventral median tract of ventral cervical fasciculus	doi:10.1101/2023.06.05.543757	fasciculates_with	manc:v1.2.1 260817	TBD (MANC:11600)
VFB_jrcv08yk	dorsal lateral tract of ventral cervical fasciculus	doi:10.1101/2023.06.05.543757	fasciculates_with	manc:v1.2.1 260817	AN08B010_T3_L (MANC:11612)
VFB_jrcv08yl	dorsal lateral tract of ventral cervical fasciculus	doi:10.1101/2023.06.05.543757	fasciculates_with	manc:v1.2.1 260817	TBD (MANC:11613)
VFB_jrcv08yo	dorsal median tract of dorsal cervical fasciculus	doi:10.1101/2023.06.05.543757	fasciculates_with	manc:v1.2.1 260817	TBD (MANC:11616)
VFB_jrcv08yt	ventral median tract of ventral cervical fasciculus	doi:10.1101/2023.06.05.543757	fasciculates_with	manc:v1.2.1 260817	TBD (MANC:11621)
VFB_jrcv08yu	dorsal lateral tract of ventral cervical fasciculus	doi:10.1101/2023.06.05.543757	fasciculates_with	manc:v1.2.1 260817	TBD (MANC:11622)
VFB_jrcv08z0	dorsal lateral tract of dorsal cervical fasciculus	doi:10.1101/2023.06.05.543757	fasciculates_with	manc:v1.2.1 260817	AN19B020_T2_R (MANC:11628)
VFB_jrcv08z1	ventral median tract of ventral cervical fasciculus	doi:10.1101/2023.06.05.543757	fasciculates_with	manc:v1.2.1 260817	TBD (MANC:11629)
VFB_jrcv08z9	dorsal median tract of dorsal cervical fasciculus	doi:10.1101/2023.06.05.543757	fasciculates_with	manc:v1.2.1 260817	TBD (MANC:11637)
VFB_jrcv08zd	dorsal lateral tract of ventral cervical fasciculus	doi:10.1101/2023.06.05.543757	fasciculates_with	manc:v1.2.1 260817	AN08B012_T2_L (MANC:11641)
VFB_jrcv08zj	dorsal lateral tract of ventral cervical fasciculus	doi:10.1101/2023.06.05.543757	fasciculates_with	manc:v1.2.1 260817	TBD (MANC:11647)
VFB_jrcv08zw	dorsal median tract of dorsal cervical fasciculus	doi:10.1101/2023.06.05.543757	fasciculates_with	manc:v1.2.1 260817	TBD (MANC:11660)
VFB_jrcv0901	ventral median tract of ventral cervical fasciculus	doi:10.1101/2023.06.05.543757	fasciculates_with	manc:v1.2.1 260817	AN17A012_T1_L (MANC:11665)
VFB_jrcv0906	ventral median tract of ventral cervical fasciculus	doi:10.1101/2023.06.05.543757	fasciculates_with	manc:v1.2.1 260817	TBD (MANC:11670)
VFB_jrcv090c	dorsal median tract of dorsal cervical fasciculus	doi:10.1101/2023.06.05.543757	fasciculates_with	manc:v1.2.1 260817	SAppxx_DMetaN_L (MANC:11676)
VFB_jrcv090k	dorsal median tract of dorsal cervical fasciculus	doi:10.1101/2023.06.05.543757	fasciculates_with	manc:v1.2.1 260817	TBD (MANC:11684)
VFB_jrcv090s	dorsal lateral tract of ventral cervical fasciculus	doi:10.1101/2023.06.05.543757	fasciculates_with	manc:v1.2.1 260817	AN08B010_T1_L (MANC:11692)
VFB_jrcv090t	ventral median tract of ventral cervical fasciculus	doi:10.1101/2023.06.05.543757	fasciculates_with	manc:v1.2.1 260817	TBD (MANC:11693)
VFB_jrcv090u	dorsal lateral tract of ventral cervical fasciculus	doi:10.1101/2023.06.05.543757	fasciculates_with	manc:v1.2.1 260817	AN08B009_T3_R (MANC:11694)
VFB_jrcv090x	dorsal lateral tract of ventral cervical fasciculus	doi:10.1101/2023.06.05.543757	fasciculates_with	manc:v1.2.1 260817	TBD (MANC:11697)
VFB_jrcv0911	dorsal median tract of dorsal cervical fasciculus	doi:10.1101/2023.06.05.543757	fasciculates_with	manc:v1.2.1 260817	AN08B014_T3_L (MANC:11701)
VFB_jrcv0912	dorsal lateral tract of ventral cervical fasciculus	doi:10.1101/2023.06.05.543757	fasciculates_with	manc:v1.2.1 260817	AN08B009_T2_R (MANC:11702)
VFB_jrcv0915	dorsal median tract of dorsal cervical fasciculus	doi:10.1101/2023.06.05.543757	fasciculates_with	manc:v1.2.1 260817	SApp31_DMetaN_L (MANC:11705)
VFB_jrcv0917	dorsal median tract of dorsal cervical fasciculus	doi:10.1101/2023.06.05.543757	fasciculates_with	manc:v1.2.1 260817	TBD (MANC:11707)
VFB_jrcv091e	ventral median tract of ventral cervical fasciculus	doi:10.1101/2023.06.05.543757	fasciculates_with	manc:v1.2.1 260817	AN17A011_T1_L (MANC:11714)
VFB_jrcv091f	dorsal median tract of dorsal cervical fasciculus	doi:10.1101/2023.06.05.543757	fasciculates_with	manc:v1.2.1 260817	AN23B004_T2_L (MANC:11715)
VFB_jrcv091i	dorsal median tract of dorsal cervical fasciculus	doi:10.1101/2023.06.05.543757	fasciculates_with	manc:v1.2.1 260817	TBD (MANC:11718)
VFB_jrcv091r	ventral median tract of ventral cervical fasciculus	doi:10.1101/2023.06.05.543757	fasciculates_with	manc:v1.2.1 260817	AN17A017_T2_L (MANC:11727)
VFB_jrcv091v	dorsal lateral tract of ventral cervical fasciculus	doi:10.1101/2023.06.05.543757	fasciculates_with	manc:v1.2.1 260817	TBD (MANC:11731)
VFB_jrcv091w	median dorsal abdominal tract	doi:10.1101/2023.06.05.543757	fasciculates_with	manc:v1.2.1 260817	TBD (MANC:11732)
VFB_jrcv0922	dorsal lateral tract of dorsal cervical fasciculus	doi:10.1101/2023.06.05.543757	fasciculates_with	manc:v1.2.1 260817	AN06B011_T2_L (MANC:11738)
VFB_jrcv0923	dorsal median tract of dorsal cervical fasciculus	doi:10.1101/2023.06.05.543757	fasciculates_with	manc:v1.2.1 260817	SApp34_DMetaN_R (MANC:11739)
VFB_jrcv0925	dorsal median tract of dorsal cervical fasciculus	doi:10.1101/2023.06.05.543757	fasciculates_with	manc:v1.2.1 260817	TBD (MANC:11741)
VFB_jrcv0927	ventral median tract of ventral cervical fasciculus	doi:10.1101/2023.06.05.543757	fasciculates_with	manc:v1.2.1 260817	TBD (MANC:11743)
VFB_jrcv092a	dorsal lateral tract of dorsal cervical fasciculus	doi:10.1101/2023.06.05.543757	fasciculates_with	manc:v1.2.1 260817	AN06B011_T2_R (MANC:11746)
VFB_jrcv092c	dorsal lateral tract of ventral cervical fasciculus	doi:10.1101/2023.06.05.543757	fasciculates_with	manc:v1.2.1 260817	AN08B013_T1_L (MANC:11748)
VFB_jrcv092k	dorsal lateral tract of ventral cervical fasciculus	doi:10.1101/2023.06.05.543757	fasciculates_with	manc:v1.2.1 260817	TBD (MANC:11756)
VFB_jrcv092m	ventral median tract of ventral cervical fasciculus	doi:10.1101/2023.06.05.543757	fasciculates_with	manc:v1.2.1 260817	AN09B012_A3_L (MANC:11758)
VFB_jrcv092n	ventral median tract of ventral cervical fasciculus	doi:10.1101/2023.06.05.543757	fasciculates_with	manc:v1.2.1 260817	AN09B002_A3_L (MANC:11759)
VFB_jrcv0930	dorsal median tract of dorsal cervical fasciculus	doi:10.1101/2023.06.05.543757	fasciculates_with	manc:v1.2.1 260817	TBD (MANC:11772)
VFB_jrcv0931	dorsal median tract of dorsal cervical fasciculus	doi:10.1101/2023.06.05.543757	fasciculates_with	manc:v1.2.1 260817	SAppxx_DMetaN_L (MANC:11773)
VFB_jrcv093c	ventral median tract of ventral cervical fasciculus	doi:10.1101/2023.06.05.543757	fasciculates_with	manc:v1.2.1 260817	TBD (MANC:11784)
VFB_jrcv093f	intermediate tract of dorsal cervical fasciculus - commissure of fine fibers	doi:10.1101/2023.06.05.543757	fasciculates_with	manc:v1.2.1 260817	AN06B014_T1_R (MANC:11787)
VFB_jrcv093h	dorsal lateral tract of ventral cervical fasciculus	doi:10.1101/2023.06.05.543757	fasciculates_with	manc:v1.2.1 260817	AN05A001_A1_L (MANC:11789)
VFB_jrcv093i	ventral median tract of ventral cervical fasciculus	doi:10.1101/2023.06.05.543757	fasciculates_with	manc:v1.2.1 260817	AN17A023_T3_L (MANC:11790)
VFB_jrcv093m	ventral median tract of ventral cervical fasciculus	doi:10.1101/2023.06.05.543757	fasciculates_with	manc:v1.2.1 260817	AN09B002_A8_R (MANC:11794)
VFB_jrcv093o	ventral median tract of ventral cervical fasciculus	doi:10.1101/2023.06.05.543757	fasciculates_with	manc:v1.2.1 260817	AN09B007_T3_R (MANC:11796)
VFB_jrcv093q	ventral median tract of ventral cervical fasciculus	doi:10.1101/2023.06.05.543757	fasciculates_with	manc:v1.2.1 260817	TBD (MANC:11798)
VFB_jrcv093v	dorsal median tract of dorsal cervical fasciculus	doi:10.1101/2023.06.05.543757	fasciculates_with	manc:v1.2.1 260817	TBD (MANC:11803)
VFB_jrcv093w	dorsal lateral tract of ventral cervical fasciculus	doi:10.1101/2023.06.05.543757	fasciculates_with	manc:v1.2.1 260817	AN08B017_T3_R (MANC:11804)
VFB_jrcv093z	ventral median tract of ventral cervical fasciculus	doi:10.1101/2023.06.05.543757	fasciculates_with	manc:v1.2.1 260817	TBD (MANC:11807)
VFB_jrcv0942	dorsal lateral tract of ventral cervical fasciculus	doi:10.1101/2023.06.05.543757	fasciculates_with	manc:v1.2.1 260817	TBD (MANC:11810)
VFB_jrcv0943	dorsal lateral tract of ventral cervical fasciculus	doi:10.1101/2023.06.05.543757	fasciculates_with	manc:v1.2.1 260817	AN10B004_T3_L (MANC:11811)
VFB_jrcv0948	median dorsal abdominal tract	doi:10.1101/2023.06.05.543757	fasciculates_with	manc:v1.2.1 260817	AN05A002_T3_R (MANC:11816)
VFB_jrcv094d	ventral median tract of ventral cervical fasciculus	doi:10.1101/2023.06.05.543757	fasciculates_with	manc:v1.2.1 260817	AN17A017_T3_R (MANC:11821)
VFB_jrcv094f	ventral median tract of ventral cervical fasciculus	doi:10.1101/2023.06.05.543757	fasciculates_with	manc:v1.2.1 260817	AN17A022_A1_R (MANC:11823)
VFB_jrcv094g	dorsal lateral tract of dorsal cervical fasciculus	doi:10.1101/2023.06.05.543757	fasciculates_with	manc:v1.2.1 260817	TBD (MANC:11824)
VFB_jrcv094r	ventral median tract of ventral cervical fasciculus	doi:10.1101/2023.06.05.543757	fasciculates_with	manc:v1.2.1 260817	TBD (MANC:11835)
VFB_jrcv094u	dorsal lateral tract of ventral cervical fasciculus	doi:10.1101/2023.06.05.543757	fasciculates_with	manc:v1.2.1 260817	AN08B013_T1_R (MANC:11838)
VFB_jrcv094v	ventral median tract of ventral cervical fasciculus	doi:10.1101/2023.06.05.543757	fasciculates_with	manc:v1.2.1 260817	TBD (MANC:11839)
VFB_jrcv0950	ventral median tract of ventral cervical fasciculus	doi:10.1101/2023.06.05.543757	fasciculates_with	manc:v1.2.1 260817	AN05A002_T3_L (MANC:11844)
VFB_jrcv095c	dorsal lateral tract of dorsal cervical fasciculus	doi:10.1101/2023.06.05.543757	fasciculates_with	manc:v1.2.1 260817	TBD (MANC:11856)
VFB_jrcv095f	ventral median tract of ventral cervical fasciculus	doi:10.1101/2023.06.05.543757	fasciculates_with	manc:v1.2.1 260817	TBD (MANC:11859)
VFB_jrcv095g	dorsal median tract of dorsal cervical fasciculus	doi:10.1101/2023.06.05.543757	fasciculates_with	manc:v1.2.1 260817	SApp31_DMetaN_R (MANC:11860)
VFB_jrcv095j	dorsal median tract of dorsal cervical fasciculus	doi:10.1101/2023.06.05.543757	fasciculates_with	manc:v1.2.1 260817	AN18B010_T3_R (MANC:11863)
VFB_jrcv095l	dorsal median tract of dorsal cervical fasciculus	doi:10.1101/2023.06.05.543757	fasciculates_with	manc:v1.2.1 260817	AN07B009_T1_L (MANC:11865)
VFB_jrcv095p	intermediate tract of dorsal cervical fasciculus - commissure of fine fibers	doi:10.1101/2023.06.05.543757	fasciculates_with	manc:v1.2.1 260817	AN07B021_T2_R (MANC:11869)
VFB_jrcv095s	ventral lateral tract of ventral cervical fasciculus	doi:10.1101/2023.06.05.543757	fasciculates_with	manc:v1.2.1 260817	AN10B001_T2_L (MANC:11872)
VFB_jrcv095w	median dorsal abdominal tract	doi:10.1101/2023.06.05.543757	fasciculates_with	manc:v1.2.1 260817	AN09A004_T2_R (MANC:11876)
VFB_jrcv095y	ventral median tract of ventral cervical fasciculus	doi:10.1101/2023.06.05.543757	fasciculates_with	manc:v1.2.1 260817	AN09B012_A3_R (MANC:11878)
VFB_jrcv0965	dorsal lateral tract of ventral cervical fasciculus	doi:10.1101/2023.06.05.543757	fasciculates_with	manc:v1.2.1 260817	AN04B003_T1_R (MANC:11885)
VFB_jrcv0966	dorsal lateral tract of ventral cervical fasciculus	doi:10.1101/2023.06.05.543757	fasciculates_with	manc:v1.2.1 260817	TBD (MANC:11886)
VFB_jrcv0967	ventral median tract of ventral cervical fasciculus	doi:10.1101/2023.06.05.543757	fasciculates_with	manc:v1.2.1 260817	TBD (MANC:11887)
VFB_jrcv0969	ventral median tract of ventral cervical fasciculus	doi:10.1101/2023.06.05.543757	fasciculates_with	manc:v1.2.1 260817	AN05A002_T3_R (MANC:11889)
VFB_jrcv096e	dorsal median tract of dorsal cervical fasciculus	doi:10.1101/2023.06.05.543757	fasciculates_with	manc:v1.2.1 260817	TBD (MANC:11894)
VFB_jrcv096f	dorsal lateral tract of ventral cervical fasciculus	doi:10.1101/2023.06.05.543757	fasciculates_with	manc:v1.2.1 260817	AN05A001_A1_R (MANC:11895)
VFB_jrcv096t	dorsal median tract of dorsal cervical fasciculus	doi:10.1101/2023.06.05.543757	fasciculates_with	manc:v1.2.1 260817	AN19B017_T1_L (MANC:11909)
VFB_jrcv096x	dorsal lateral tract of ventral cervical fasciculus	doi:10.1101/2023.06.05.543757	fasciculates_with	manc:v1.2.1 260817	AN12B004_T2_R (MANC:11913)
VFB_jrcv097e	ventral median tract of ventral cervical fasciculus	doi:10.1101/2023.06.05.543757	fasciculates_with	manc:v1.2.1 260817	TBD (MANC:11930)
VFB_jrcv097f	dorsal median tract of dorsal cervical fasciculus	doi:10.1101/2023.06.05.543757	fasciculates_with	manc:v1.2.1 260817	TBD (MANC:11931)
VFB_jrcv097g	median dorsal abdominal tract	doi:10.1101/2023.06.05.543757	fasciculates_with	manc:v1.2.1 260817	TBD (MANC:11932)
VFB_jrcv097m	dorsal median tract of dorsal cervical fasciculus	doi:10.1101/2023.06.05.543757	fasciculates_with	manc:v1.2.1 260817	TBD (MANC:11938)
VFB_jrcv097q	median dorsal abdominal tract	doi:10.1101/2023.06.05.543757	fasciculates_with	manc:v1.2.1 260817	TBD (MANC:11942)
VFB_jrcv0987	ventral median tract of ventral cervical fasciculus	doi:10.1101/2023.06.05.543757	fasciculates_with	manc:v1.2.1 260817	TBD (MANC:11959)
VFB_jrcv0988	ventral median tract of ventral cervical fasciculus	doi:10.1101/2023.06.05.543757	fasciculates_with	manc:v1.2.1 260817	AN05B004_A6_R (MANC:11960)
VFB_jrcv0989	dorsal median tract of dorsal cervical fasciculus	doi:10.1101/2023.06.05.543757	fasciculates_with	manc:v1.2.1 260817	TBD (MANC:11961)
VFB_jrcv098a	median dorsal abdominal tract	doi:10.1101/2023.06.05.543757	fasciculates_with	manc:v1.2.1 260817	AN27X003_T1_R (MANC:11962)
VFB_jrcv098g	ventral median tract of ventral cervical fasciculus	doi:10.1101/2023.06.05.543757	fasciculates_with	manc:v1.2.1 260817	TBD (MANC:11968)
VFB_jrcv098m	dorsal median tract of dorsal cervical fasciculus	doi:10.1101/2023.06.05.543757	fasciculates_with	manc:v1.2.1 260817	TBD (MANC:11974)
VFB_jrcv098n	ventral lateral tract of ventral cervical fasciculus	doi:10.1101/2023.06.05.543757	fasciculates_with	manc:v1.2.1 260817	TBD (MANC:11975)
VFB_jrcv098p	median dorsal abdominal tract	doi:10.1101/2023.06.05.543757	fasciculates_with	manc:v1.2.1 260817	TBD (MANC:11977)
VFB_jrcv098t	ventral median tract of ventral cervical fasciculus	doi:10.1101/2023.06.05.543757	fasciculates_with	manc:v1.2.1 260817	TBD (MANC:11981)
VFB_jrcv098x	dorsal lateral tract of dorsal cervical fasciculus	doi:10.1101/2023.06.05.543757	fasciculates_with	manc:v1.2.1 260817	AN19B021_T3_L (MANC:11985)
VFB_jrcv098z	median dorsal abdominal tract	doi:10.1101/2023.06.05.543757	fasciculates_with	manc:v1.2.1 260817	TBD (MANC:11987)
VFB_jrcv0992	ventral median tract of ventral cervical fasciculus	doi:10.1101/2023.06.05.543757	fasciculates_with	manc:v1.2.1 260817	AN17A013_T1_R (MANC:11990)
VFB_jrcv0999	median dorsal abdominal tract	doi:10.1101/2023.06.05.543757	fasciculates_with	manc:v1.2.1 260817	AN04B002_T3_R (MANC:11997)
VFB_jrcv099b	dorsal median tract of dorsal cervical fasciculus	doi:10.1101/2023.06.05.543757	fasciculates_with	manc:v1.2.1 260817	AN08B014_T3_R (MANC:11999)
VFB_jrcv099o	dorsal median tract of dorsal cervical fasciculus	doi:10.1101/2023.06.05.543757	fasciculates_with	manc:v1.2.1 260817	TBD (MANC:12012)
VFB_jrcv099p	dorsal lateral tract of ventral cervical fasciculus	doi:10.1101/2023.06.05.543757	fasciculates_with	manc:v1.2.1 260817	AN08B012_T2_R (MANC:12013)
VFB_jrcv099u	dorsal lateral tract of ventral cervical fasciculus	doi:10.1101/2023.06.05.543757	fasciculates_with	manc:v1.2.1 260817	AN09B009_T2_L (MANC:12018)
VFB_jrcv099w	dorsal median tract of dorsal cervical fasciculus	doi:10.1101/2023.06.05.543757	fasciculates_with	manc:v1.2.1 260817	TBD (MANC:12020)
VFB_jrcv099y	median dorsal abdominal tract	doi:10.1101/2023.06.05.543757	fasciculates_with	manc:v1.2.1 260817	AN27X004_T1_L (MANC:12022)
VFB_jrcv09a0	ventral median tract of ventral cervical fasciculus	doi:10.1101/2023.06.05.543757	fasciculates_with	manc:v1.2.1 260817	TBD (MANC:12024)
VFB_jrcv09a1	dorsal lateral tract of dorsal cervical fasciculus	doi:10.1101/2023.06.05.543757	fasciculates_with	manc:v1.2.1 260817	TBD (MANC:12025)
VFB_jrcv09ab	intermediate tract of dorsal cervical fasciculus - commissure of fine fibers	doi:10.1101/2023.06.05.543757	fasciculates_with	manc:v1.2.1 260817	AN10B001_T2_R (MANC:12035)
VFB_jrcv09ac	ventral median tract of ventral cervical fasciculus	doi:10.1101/2023.06.05.543757	fasciculates_with	manc:v1.2.1 260817	AN17A023_T1_R (MANC:12036)
VFB_jrcv09ad	ventral median tract of ventral cervical fasciculus	doi:10.1101/2023.06.05.543757	fasciculates_with	manc:v1.2.1 260817	AN09B001_T2_R (MANC:12037)
VFB_jrcv09af	dorsal lateral tract of ventral cervical fasciculus	doi:10.1101/2023.06.05.543757	fasciculates_with	manc:v1.2.1 260817	TBD (MANC:12039)
VFB_jrcv09ah	median dorsal abdominal tract	doi:10.1101/2023.06.05.543757	fasciculates_with	manc:v1.2.1 260817	TBD (MANC:12041)
VFB_jrcv09aj	ventral median tract of ventral cervical fasciculus	doi:10.1101/2023.06.05.543757	fasciculates_with	manc:v1.2.1 260817	AN17A023_T2_R (MANC:12043)
VFB_jrcv09ar	ventral median tract of ventral cervical fasciculus	doi:10.1101/2023.06.05.543757	fasciculates_with	manc:v1.2.1 260817	TBD (MANC:12051)
VFB_jrcv09as	dorsal lateral tract of dorsal cervical fasciculus	doi:10.1101/2023.06.05.543757	fasciculates_with	manc:v1.2.1 260817	AN19B016_T1_L (MANC:12052)
VFB_jrcv09b0	intermediate tract of dorsal cervical fasciculus - commissure of fine fibers	doi:10.1101/2023.06.05.543757	fasciculates_with	manc:v1.2.1 260817	TBD (MANC:12060)
VFB_jrcv09b2	median dorsal abdominal tract	doi:10.1101/2023.06.05.543757	fasciculates_with	manc:v1.2.1 260817	TBD (MANC:12062)
VFB_jrcv09b3	ventral median tract of ventral cervical fasciculus	doi:10.1101/2023.06.05.543757	fasciculates_with	manc:v1.2.1 260817	TBD (MANC:12063)
VFB_jrcv09b4	intermediate tract of dorsal cervical fasciculus - commissure of fine fibers	doi:10.1101/2023.06.05.543757	fasciculates_with	manc:v1.2.1 260817	TBD (MANC:12064)
VFB_jrcv09bi	ventral median tract of ventral cervical fasciculus	doi:10.1101/2023.06.05.543757	fasciculates_with	manc:v1.2.1 260817	TBD (MANC:12078)
VFB_jrcv09bl	dorsal median tract of dorsal cervical fasciculus	doi:10.1101/2023.06.05.543757	fasciculates_with	manc:v1.2.1 260817	SApp31_DMetaN_L (MANC:12081)
VFB_jrcv09ci	ventral median tract of ventral cervical fasciculus	doi:10.1101/2023.06.05.543757	fasciculates_with	manc:v1.2.1 260817	AN17A017_T2_R (MANC:12114)
VFB_jrcv09cr	ventral median tract of ventral cervical fasciculus	doi:10.1101/2023.06.05.543757	fasciculates_with	manc:v1.2.1 260817	AN08B029_T1_L (MANC:12123)
VFB_jrcv09cu	ventral median tract of ventral cervical fasciculus	doi:10.1101/2023.06.05.543757	fasciculates_with	manc:v1.2.1 260817	TBD (MANC:12126)
VFB_jrcv09cv	dorsal lateral tract of ventral cervical fasciculus	doi:10.1101/2023.06.05.543757	fasciculates_with	manc:v1.2.1 260817	TBD (MANC:12127)
VFB_jrcv09cx	ventral median tract of ventral cervical fasciculus	doi:10.1101/2023.06.05.543757	fasciculates_with	manc:v1.2.1 260817	AN05B005_T1_L (MANC:12129)
VFB_jrcv09cz	dorsal lateral tract of ventral cervical fasciculus	doi:10.1101/2023.06.05.543757	fasciculates_with	manc:v1.2.1 260817	AN10B005_T2_R (MANC:12131)
VFB_jrcv09d4	dorsal median tract of dorsal cervical fasciculus	doi:10.1101/2023.06.05.543757	fasciculates_with	manc:v1.2.1 260817	TBD (MANC:12136)
VFB_jrcv09d7	ventral median tract of ventral cervical fasciculus	doi:10.1101/2023.06.05.543757	fasciculates_with	manc:v1.2.1 260817	AN05B007_T1_R (MANC:12139)
VFB_jrcv09d9	dorsal lateral tract of ventral cervical fasciculus	doi:10.1101/2023.06.05.543757	fasciculates_with	manc:v1.2.1 260817	TBD (MANC:12141)
VFB_jrcv09db	dorsal lateral tract of ventral cervical fasciculus	doi:10.1101/2023.06.05.543757	fasciculates_with	manc:v1.2.1 260817	AN09B004_T1_R (MANC:12143)
VFB_jrcv09dc	median dorsal abdominal tract	doi:10.1101/2023.06.05.543757	fasciculates_with	manc:v1.2.1 260817	AN27X003_T1_R (MANC:12144)
VFB_jrcv09dd	intermediate tract of dorsal cervical fasciculus - commissure of fine fibers	doi:10.1101/2023.06.05.543757	fasciculates_with	manc:v1.2.1 260817	AN06A008_T2_L (MANC:12145)
VFB_jrcv09dh	dorsal lateral tract of dorsal cervical fasciculus	doi:10.1101/2023.06.05.543757	fasciculates_with	manc:v1.2.1 260817	AN19B021_T3_R (MANC:12149)
VFB_jrcv09dk	intermediate tract of dorsal cervical fasciculus - commissure of fine fibers	doi:10.1101/2023.06.05.543757	fasciculates_with	manc:v1.2.1 260817	AN06B014_T3_R (MANC:12152)
VFB_jrcv09dn	dorsal median tract of dorsal cervical fasciculus	doi:10.1101/2023.06.05.543757	fasciculates_with	manc:v1.2.1 260817	TBD (MANC:12155)
VFB_jrcv09dr	intermediate tract of dorsal cervical fasciculus - commissure of fine fibers	doi:10.1101/2023.06.05.543757	fasciculates_with	manc:v1.2.1 260817	AN06A015_T1_R (MANC:12159)
VFB_jrcv09dy	ventral median tract of ventral cervical fasciculus	doi:10.1101/2023.06.05.543757	fasciculates_with	manc:v1.2.1 260817	AN17A023_T2_L (MANC:12166)
VFB_jrcv09dz	dorsal median tract of dorsal cervical fasciculus	doi:10.1101/2023.06.05.543757	fasciculates_with	manc:v1.2.1 260817	TBD (MANC:12167)
VFB_jrcv09e2	dorsal median tract of dorsal cervical fasciculus	doi:10.1101/2023.06.05.543757	fasciculates_with	manc:v1.2.1 260817	TBD (MANC:12170)
VFB_jrcv09e3	dorsal median tract of dorsal cervical fasciculus	doi:10.1101/2023.06.05.543757	fasciculates_with	manc:v1.2.1 260817	AN18B010_T3_L (MANC:12171)
VFB_jrcv09e4	ventral lateral tract of ventral cervical fasciculus	doi:10.1101/2023.06.05.543757	fasciculates_with	manc:v1.2.1 260817	TBD (MANC:12172)
VFB_jrcv09e9	dorsal median tract of dorsal cervical fasciculus	doi:10.1101/2023.06.05.543757	fasciculates_with	manc:v1.2.1 260817	AN08B020_T2_L (MANC:12177)
VFB_jrcv09eb	dorsal lateral tract of ventral cervical fasciculus	doi:10.1101/2023.06.05.543757	fasciculates_with	manc:v1.2.1 260817	AN08B018_T1_R (MANC:12179)
VFB_jrcv09ed	dorsal median tract of dorsal cervical fasciculus	doi:10.1101/2023.06.05.543757	fasciculates_with	manc:v1.2.1 260817	AN03A004_T1_L (MANC:12181)
VFB_jrcv09eg	ventral median tract of ventral cervical fasciculus	doi:10.1101/2023.06.05.543757	fasciculates_with	manc:v1.2.1 260817	AN17A014_T2_L (MANC:12184)
VFB_jrcv09f2	ventral median tract of ventral cervical fasciculus	doi:10.1101/2023.06.05.543757	fasciculates_with	manc:v1.2.1 260817	TBD (MANC:12206)
VFB_jrcv09fa	dorsal lateral tract of ventral cervical fasciculus	doi:10.1101/2023.06.05.543757	fasciculates_with	manc:v1.2.1 260817	TBD (MANC:12214)
VFB_jrcv09fb	ventral lateral tract of ventral cervical fasciculus	doi:10.1101/2023.06.05.543757	fasciculates_with	manc:v1.2.1 260817	TBD (MANC:12215)
VFB_jrcv09fh	ventral median tract of ventral cervical fasciculus	doi:10.1101/2023.06.05.543757	fasciculates_with	manc:v1.2.1 260817	TBD (MANC:12221)
VFB_jrcv09fm	ventral median tract of ventral cervical fasciculus	doi:10.1101/2023.06.05.543757	fasciculates_with	manc:v1.2.1 260817	TBD (MANC:12226)
VFB_jrcv09fr	dorsal median tract of dorsal cervical fasciculus	doi:10.1101/2023.06.05.543757	fasciculates_with	manc:v1.2.1 260817	TBD (MANC:12231)
VFB_jrcv09g3	dorsal lateral tract of ventral cervical fasciculus	doi:10.1101/2023.06.05.543757	fasciculates_with	manc:v1.2.1 260817	TBD (MANC:12243)
VFB_jrcv09g4	intermediate tract of dorsal cervical fasciculus - commissure of fine fibers	doi:10.1101/2023.06.05.543757	fasciculates_with	manc:v1.2.1 260817	AN06B028_T2_L (MANC:12244)
VFB_jrcv09gh	dorsal lateral tract of ventral cervical fasciculus	doi:10.1101/2023.06.05.543757	fasciculates_with	manc:v1.2.1 260817	TBD (MANC:12257)
VFB_jrcv09gj	dorsal median tract of dorsal cervical fasciculus	doi:10.1101/2023.06.05.543757	fasciculates_with	manc:v1.2.1 260817	TBD (MANC:12259)
VFB_jrcv09gn	ventral median tract of ventral cervical fasciculus	doi:10.1101/2023.06.05.543757	fasciculates_with	manc:v1.2.1 260817	AN05A002_T2_R (MANC:12263)
VFB_jrcv09go	ventral median tract of ventral cervical fasciculus	doi:10.1101/2023.06.05.543757	fasciculates_with	manc:v1.2.1 260817	AN05B005_T1_R (MANC:12264)
VFB_jrcv09gw	dorsal lateral tract of ventral cervical fasciculus	doi:10.1101/2023.06.05.543757	fasciculates_with	manc:v1.2.1 260817	TBD (MANC:12272)
VFB_jrcv09gz	dorsal median tract of dorsal cervical fasciculus	doi:10.1101/2023.06.05.543757	fasciculates_with	manc:v1.2.1 260817	TBD (MANC:12275)
VFB_jrcv09h2	ventral median tract of ventral cervical fasciculus	doi:10.1101/2023.06.05.543757	fasciculates_with	manc:v1.2.1 260817	AN10B003_T2_R (MANC:12278)
VFB_jrcv09h3	dorsal lateral tract of ventral cervical fasciculus	doi:10.1101/2023.06.05.543757	fasciculates_with	manc:v1.2.1 260817	AN09B014_T2_R (MANC:12279)
VFB_jrcv09h6	intermediate tract of dorsal cervical fasciculus - commissure of fine fibers	doi:10.1101/2023.06.05.543757	fasciculates_with	manc:v1.2.1 260817	TBD (MANC:12282)
VFB_jrcv09hc	ventral median tract of ventral cervical fasciculus	doi:10.1101/2023.06.05.543757	fasciculates_with	manc:v1.2.1 260817	AN09B008_T3_R (MANC:12288)
VFB_jrcv09he	dorsal lateral tract of dorsal cervical fasciculus	doi:10.1101/2023.06.05.543757	fasciculates_with	manc:v1.2.1 260817	AN19B018_T1_L (MANC:12290)
VFB_jrcv09hf	intermediate tract of dorsal cervical fasciculus - commissure of fine fibers	doi:10.1101/2023.06.05.543757	fasciculates_with	manc:v1.2.1 260817	TBD (MANC:12291)
VFB_jrcv09hg	ventral median tract of ventral cervical fasciculus	doi:10.1101/2023.06.05.543757	fasciculates_with	manc:v1.2.1 260817	AN09B028_A2_R (MANC:12292)
VFB_jrcv09hh	median dorsal abdominal tract	doi:10.1101/2023.06.05.543757	fasciculates_with	manc:v1.2.1 260817	AN00A006_A4_M (MANC:12293)
VFB_jrcv09hj	median dorsal abdominal tract	doi:10.1101/2023.06.05.543757	fasciculates_with	manc:v1.2.1 260817	TBD (MANC:12295)
VFB_jrcv09hk	median dorsal abdominal tract	doi:10.1101/2023.06.05.543757	fasciculates_with	manc:v1.2.1 260817	AN09A004_T2_L (MANC:12296)
VFB_jrcv09hl	dorsal median tract of dorsal cervical fasciculus	doi:10.1101/2023.06.05.543757	fasciculates_with	manc:v1.2.1 260817	SApp23_DMetaN_L (MANC:12297)
VFB_jrcv09hs	dorsal median tract of dorsal cervical fasciculus	doi:10.1101/2023.06.05.543757	fasciculates_with	manc:v1.2.1 260817	TBD (MANC:12304)
VFB_jrcv09hz	dorsal lateral tract of dorsal cervical fasciculus	doi:10.1101/2023.06.05.543757	fasciculates_with	manc:v1.2.1 260817	AN19B018_T1_R (MANC:12311)
VFB_jrcv09i7	dorsal median tract of dorsal cervical fasciculus	doi:10.1101/2023.06.05.543757	fasciculates_with	manc:v1.2.1 260817	TBD (MANC:12319)
VFB_jrcv09i8	median dorsal abdominal tract	doi:10.1101/2023.06.05.543757	fasciculates_with	manc:v1.2.1 260817	TBD (MANC:12320)
VFB_jrcv09ia	dorsal lateral tract of ventral cervical fasciculus	doi:10.1101/2023.06.05.543757	fasciculates_with	manc:v1.2.1 260817	AN08B018_T1_L (MANC:12322)
VFB_jrcv09ie	ventral median tract of ventral cervical fasciculus	doi:10.1101/2023.06.05.543757	fasciculates_with	manc:v1.2.1 260817	TBD (MANC:12326)
VFB_jrcv09if	ventral median tract of ventral cervical fasciculus	doi:10.1101/2023.06.05.543757	fasciculates_with	manc:v1.2.1 260817	TBD (MANC:12327)
VFB_jrcv09ih	ventral median tract of ventral cervical fasciculus	doi:10.1101/2023.06.05.543757	fasciculates_with	manc:v1.2.1 260817	AN10B003_T2_L (MANC:12329)
VFB_jrcv09ij	dorsal lateral tract of ventral cervical fasciculus	doi:10.1101/2023.06.05.543757	fasciculates_with	manc:v1.2.1 260817	AN08B026_T2_R (MANC:12331)
VFB_jrcv09ik	dorsal median tract of dorsal cervical fasciculus	doi:10.1101/2023.06.05.543757	fasciculates_with	manc:v1.2.1 260817	TBD (MANC:12332)
VFB_jrcv09im	ventral median tract of ventral cervical fasciculus	doi:10.1101/2023.06.05.543757	fasciculates_with	manc:v1.2.1 260817	AN05A002_T2_L (MANC:12334)
VFB_jrcv09io	dorsal lateral tract of ventral cervical fasciculus	doi:10.1101/2023.06.05.543757	fasciculates_with	manc:v1.2.1 260817	AN08B021_T2_R (MANC:12336)
VFB_jrcv09ip	intermediate tract of dorsal cervical fasciculus - commissure of fine fibers	doi:10.1101/2023.06.05.543757	fasciculates_with	manc:v1.2.1 260817	AN18B017_T1_R (MANC:12337)
VFB_jrcv09j0	ventral median tract of ventral cervical fasciculus	doi:10.1101/2023.06.05.543757	fasciculates_with	manc:v1.2.1 260817	AN17A023_T1_L (MANC:12348)
VFB_jrcv09j1	ventral median tract of ventral cervical fasciculus	doi:10.1101/2023.06.05.543757	fasciculates_with	manc:v1.2.1 260817	TBD (MANC:12349)
VFB_jrcv09j2	ventral median tract of ventral cervical fasciculus	doi:10.1101/2023.06.05.543757	fasciculates_with	manc:v1.2.1 260817	AN05B006_T2_L (MANC:12350)
VFB_jrcv09j7	dorsal median tract of dorsal cervical fasciculus	doi:10.1101/2023.06.05.543757	fasciculates_with	manc:v1.2.1 260817	SAppxx_DMetaN_L (MANC:12355)
VFB_jrcv09ja	ventral median tract of ventral cervical fasciculus	doi:10.1101/2023.06.05.543757	fasciculates_with	manc:v1.2.1 260817	TBD (MANC:12358)
VFB_jrcv09jb	ventral median tract of ventral cervical fasciculus	doi:10.1101/2023.06.05.543757	fasciculates_with	manc:v1.2.1 260817	AN09B002_A8_L (MANC:12359)
VFB_jrcv09jd	median dorsal abdominal tract	doi:10.1101/2023.06.05.543757	fasciculates_with	manc:v1.2.1 260817	TBD (MANC:12361)
VFB_jrcv09je	ventral median tract of ventral cervical fasciculus	doi:10.1101/2023.06.05.543757	fasciculates_with	manc:v1.2.1 260817	TBD (MANC:12362)
VFB_jrcv09jm	dorsal median tract of dorsal cervical fasciculus	doi:10.1101/2023.06.05.543757	fasciculates_with	manc:v1.2.1 260817	AN08B021_T3_L (MANC:12370)
VFB_jrcv09jn	ventral median tract of ventral cervical fasciculus	doi:10.1101/2023.06.05.543757	fasciculates_with	manc:v1.2.1 260817	AN05B007_T1_L (MANC:12371)
VFB_jrcv09jq	ventral median tract of ventral cervical fasciculus	doi:10.1101/2023.06.05.543757	fasciculates_with	manc:v1.2.1 260817	TBD (MANC:12374)
VFB_jrcv09jv	dorsal lateral tract of ventral cervical fasciculus	doi:10.1101/2023.06.05.543757	fasciculates_with	manc:v1.2.1 260817	AN08B010_A1_R (MANC:12379)
VFB_jrcv09jw	median dorsal abdominal tract	doi:10.1101/2023.06.05.543757	fasciculates_with	manc:v1.2.1 260817	TBD (MANC:12380)
VFB_jrcv09jz	ventral median tract of ventral cervical fasciculus	doi:10.1101/2023.06.05.543757	fasciculates_with	manc:v1.2.1 260817	TBD (MANC:12383)
VFB_jrcv09k8	median dorsal abdominal tract	doi:10.1101/2023.06.05.543757	fasciculates_with	manc:v1.2.1 260817	AN05A001_T1_R (MANC:12392)
VFB_jrcv09k9	median dorsal abdominal tract	doi:10.1101/2023.06.05.543757	fasciculates_with	manc:v1.2.1 260817	AN05A001_T2_L (MANC:12393)
VFB_jrcv09ki	dorsal lateral tract of dorsal cervical fasciculus	doi:10.1101/2023.06.05.543757	fasciculates_with	manc:v1.2.1 260817	AN19B023_T2_L (MANC:12402)
VFB_jrcv09km	dorsal median tract of dorsal cervical fasciculus	doi:10.1101/2023.06.05.543757	fasciculates_with	manc:v1.2.1 260817	TBD (MANC:12406)
VFB_jrcv09ko	intermediate tract of dorsal cervical fasciculus - commissure of fine fibers	doi:10.1101/2023.06.05.543757	fasciculates_with	manc:v1.2.1 260817	AN06B023_T1_R (MANC:12408)
VFB_jrcv09kq	ventral median tract of ventral cervical fasciculus	doi:10.1101/2023.06.05.543757	fasciculates_with	manc:v1.2.1 260817	TBD (MANC:12410)
VFB_jrcv09ku	ventral median tract of ventral cervical fasciculus	doi:10.1101/2023.06.05.543757	fasciculates_with	manc:v1.2.1 260817	TBD (MANC:12414)
VFB_jrcv09kw	dorsal median tract of dorsal cervical fasciculus	doi:10.1101/2023.06.05.543757	fasciculates_with	manc:v1.2.1 260817	AN08B020_T3_R (MANC:12416)
VFB_jrcv09kx	median dorsal abdominal tract	doi:10.1101/2023.06.05.543757	fasciculates_with	manc:v1.2.1 260817	TBD (MANC:12417)
VFB_jrcv09kz	dorsal lateral tract of ventral cervical fasciculus	doi:10.1101/2023.06.05.543757	fasciculates_with	manc:v1.2.1 260817	AN10B005_T2_L (MANC:12419)
VFB_jrcv09l4	dorsal lateral tract of ventral cervical fasciculus	doi:10.1101/2023.06.05.543757	fasciculates_with	manc:v1.2.1 260817	TBD (MANC:12424)
VFB_jrcv09l5	ventral median tract of ventral cervical fasciculus	doi:10.1101/2023.06.05.543757	fasciculates_with	manc:v1.2.1 260817	TBD (MANC:12425)
VFB_jrcv09l7	dorsal lateral tract of ventral cervical fasciculus	doi:10.1101/2023.06.05.543757	fasciculates_with	manc:v1.2.1 260817	AN09B009_T2_R (MANC:12427)
VFB_jrcv09l9	dorsal median tract of dorsal cervical fasciculus	doi:10.1101/2023.06.05.543757	fasciculates_with	manc:v1.2.1 260817	AN08B024_T3_R (MANC:12429)
VFB_jrcv09lb	dorsal median tract of dorsal cervical fasciculus	doi:10.1101/2023.06.05.543757	fasciculates_with	manc:v1.2.1 260817	TBD (MANC:12431)
VFB_jrcv09ld	ventral median tract of ventral cervical fasciculus	doi:10.1101/2023.06.05.543757	fasciculates_with	manc:v1.2.1 260817	TBD (MANC:12433)
VFB_jrcv09le	median dorsal abdominal tract	doi:10.1101/2023.06.05.543757	fasciculates_with	manc:v1.2.1 260817	TBD (MANC:12434)
VFB_jrcv09lg	intermediate tract of dorsal cervical fasciculus - commissure of fine fibers	doi:10.1101/2023.06.05.543757	fasciculates_with	manc:v1.2.1 260817	AN06B023_T1_L (MANC:12436)
VFB_jrcv09lj	ventral lateral tract of ventral cervical fasciculus	doi:10.1101/2023.06.05.543757	fasciculates_with	manc:v1.2.1 260817	TBD (MANC:12439)
VFB_jrcv09ll	dorsal median tract of dorsal cervical fasciculus	doi:10.1101/2023.06.05.543757	fasciculates_with	manc:v1.2.1 260817	AN08B020_T3_L (MANC:12441)
VFB_jrcv09lm	dorsal median tract of dorsal cervical fasciculus	doi:10.1101/2023.06.05.543757	fasciculates_with	manc:v1.2.1 260817	AN18B010_T2_R (MANC:12442)
VFB_jrcv09lo	ventral median tract of ventral cervical fasciculus	doi:10.1101/2023.06.05.543757	fasciculates_with	manc:v1.2.1 260817	TBD (MANC:12444)
VFB_jrcv09ls	dorsal lateral tract of ventral cervical fasciculus	doi:10.1101/2023.06.05.543757	fasciculates_with	manc:v1.2.1 260817	AN01B003_T3_R (MANC:12448)
VFB_jrcv09lv	ventral median tract of ventral cervical fasciculus	doi:10.1101/2023.06.05.543757	fasciculates_with	manc:v1.2.1 260817	TBD (MANC:12451)
VFB_jrcv09lz	ventral lateral tract of ventral cervical fasciculus	doi:10.1101/2023.06.05.543757	fasciculates_with	manc:v1.2.1 260817	TBD (MANC:12455)
VFB_jrcv09m3	ventral median tract of ventral cervical fasciculus	doi:10.1101/2023.06.05.543757	fasciculates_with	manc:v1.2.1 260817	TBD (MANC:12459)
VFB_jrcv09m4	ventral median tract of ventral cervical fasciculus	doi:10.1101/2023.06.05.543757	fasciculates_with	manc:v1.2.1 260817	TBD (MANC:12460)
VFB_jrcv09m5	ventral median tract of ventral cervical fasciculus	doi:10.1101/2023.06.05.543757	fasciculates_with	manc:v1.2.1 260817	TBD (MANC:12461)
VFB_jrcv09m6	dorsal lateral tract of dorsal cervical fasciculus	doi:10.1101/2023.06.05.543757	fasciculates_with	manc:v1.2.1 260817	AN19B020_T3_L (MANC:12462)
VFB_jrcv09m7	ventral median tract of ventral cervical fasciculus	doi:10.1101/2023.06.05.543757	fasciculates_with	manc:v1.2.1 260817	AN09B010_T2_R (MANC:12463)
VFB_jrcv09m8	dorsal lateral tract of dorsal cervical fasciculus	doi:10.1101/2023.06.05.543757	fasciculates_with	manc:v1.2.1 260817	AN19B023_T2_R (MANC:12464)
VFB_jrcv09ma	ventral median tract of ventral cervical fasciculus	doi:10.1101/2023.06.05.543757	fasciculates_with	manc:v1.2.1 260817	TBD (MANC:12466)
VFB_jrcv09mb	dorsal lateral tract of ventral cervical fasciculus	doi:10.1101/2023.06.05.543757	fasciculates_with	manc:v1.2.1 260817	TBD (MANC:12467)
VFB_jrcv09md	intermediate tract of dorsal cervical fasciculus - commissure of fine fibers	doi:10.1101/2023.06.05.543757	fasciculates_with	manc:v1.2.1 260817	AN06B028_T2_R (MANC:12469)
VFB_jrcv09mq	ventral median tract of ventral cervical fasciculus	doi:10.1101/2023.06.05.543757	fasciculates_with	manc:v1.2.1 260817	TBD (MANC:12482)
VFB_jrcv09mr	dorsal median tract of dorsal cervical fasciculus	doi:10.1101/2023.06.05.543757	fasciculates_with	manc:v1.2.1 260817	TBD (MANC:12483)
VFB_jrcv09mt	ventral lateral tract of ventral cervical fasciculus	doi:10.1101/2023.06.05.543757	fasciculates_with	manc:v1.2.1 260817	TBD (MANC:12485)
VFB_jrcv09mu	dorsal lateral tract of dorsal cervical fasciculus	doi:10.1101/2023.06.05.543757	fasciculates_with	manc:v1.2.1 260817	AN19B020_T2_L (MANC:12486)
VFB_jrcv09mw	ventral median tract of ventral cervical fasciculus	doi:10.1101/2023.06.05.543757	fasciculates_with	manc:v1.2.1 260817	AN05B007_T1_L (MANC:12488)
VFB_jrcv09n0	median dorsal abdominal tract	doi:10.1101/2023.06.05.543757	fasciculates_with	manc:v1.2.1 260817	AN27X005_T3_L (MANC:12492)
VFB_jrcv09nd	dorsal lateral tract of ventral cervical fasciculus	doi:10.1101/2023.06.05.543757	fasciculates_with	manc:v1.2.1 260817	AN08B017_T3_L (MANC:12505)
VFB_jrcv09nm	ventral median tract of ventral cervical fasciculus	doi:10.1101/2023.06.05.543757	fasciculates_with	manc:v1.2.1 260817	TBD (MANC:12514)
VFB_jrcv09np	dorsal lateral tract of ventral cervical fasciculus	doi:10.1101/2023.06.05.543757	fasciculates_with	manc:v1.2.1 260817	TBD (MANC:12517)
VFB_jrcv09nq	dorsal lateral tract of ventral cervical fasciculus	doi:10.1101/2023.06.05.543757	fasciculates_with	manc:v1.2.1 260817	AN10B004_T3_R (MANC:12518)
VFB_jrcv09o8	dorsal lateral tract of dorsal cervical fasciculus	doi:10.1101/2023.06.05.543757	fasciculates_with	manc:v1.2.1 260817	AN27X003_T2_R (MANC:12536)
VFB_jrcv09ob	median dorsal abdominal tract	doi:10.1101/2023.06.05.543757	fasciculates_with	manc:v1.2.1 260817	TBD (MANC:12539)
VFB_jrcv09od	intermediate tract of dorsal cervical fasciculus - commissure of fine fibers	doi:10.1101/2023.06.05.543757	fasciculates_with	manc:v1.2.1 260817	AN07B018_T2_L (MANC:12541)
VFB_jrcv09ok	ventral median tract of ventral cervical fasciculus	doi:10.1101/2023.06.05.543757	fasciculates_with	manc:v1.2.1 260817	TBD (MANC:12548)
VFB_jrcv09oo	ventral median tract of ventral cervical fasciculus	doi:10.1101/2023.06.05.543757	fasciculates_with	manc:v1.2.1 260817	AN17B005_T3_R (MANC:12552)
VFB_jrcv09oq	ventral median tract of ventral cervical fasciculus	doi:10.1101/2023.06.05.543757	fasciculates_with	manc:v1.2.1 260817	TBD (MANC:12554)
VFB_jrcv09oy	intermediate tract of dorsal cervical fasciculus - commissure of fine fibers	doi:10.1101/2023.06.05.543757	fasciculates_with	manc:v1.2.1 260817	AN06B013_A1_R (MANC:12562)
VFB_jrcv09p2	ventral median tract of ventral cervical fasciculus	doi:10.1101/2023.06.05.543757	fasciculates_with	manc:v1.2.1 260817	TBD (MANC:12566)
VFB_jrcv09p7	dorsal lateral tract of ventral cervical fasciculus	doi:10.1101/2023.06.05.543757	fasciculates_with	manc:v1.2.1 260817	AN01B003_T3_L (MANC:12571)
VFB_jrcv09pa	median dorsal abdominal tract	doi:10.1101/2023.06.05.543757	fasciculates_with	manc:v1.2.1 260817	TBD (MANC:12574)
VFB_jrcv09pe	intermediate tract of dorsal cervical fasciculus - commissure of fine fibers	doi:10.1101/2023.06.05.543757	fasciculates_with	manc:v1.2.1 260817	AN07B035_T3_R (MANC:12578)
VFB_jrcv09ph	ventral median tract of ventral cervical fasciculus	doi:10.1101/2023.06.05.543757	fasciculates_with	manc:v1.2.1 260817	AN05B012_T1_L (MANC:12581)
VFB_jrcv09pn	intermediate tract of dorsal cervical fasciculus - commissure of fine fibers	doi:10.1101/2023.06.05.543757	fasciculates_with	manc:v1.2.1 260817	AN06B014_T1_L (MANC:12587)
VFB_jrcv09pu	ventral median tract of ventral cervical fasciculus	doi:10.1101/2023.06.05.543757	fasciculates_with	manc:v1.2.1 260817	TBD (MANC:12594)
VFB_jrcv09q6	dorsal median tract of dorsal cervical fasciculus	doi:10.1101/2023.06.05.543757	fasciculates_with	manc:v1.2.1 260817	SApp31_DMetaN_L (MANC:12606)
VFB_jrcv09q8	intermediate tract of dorsal cervical fasciculus - commissure of fine fibers	doi:10.1101/2023.06.05.543757	fasciculates_with	manc:v1.2.1 260817	AN02A005_T2_L (MANC:12608)
VFB_jrcv09qd	median dorsal abdominal tract	doi:10.1101/2023.06.05.543757	fasciculates_with	manc:v1.2.1 260817	TBD (MANC:12613)
VFB_jrcv09qh	median dorsal abdominal tract	doi:10.1101/2023.06.05.543757	fasciculates_with	manc:v1.2.1 260817	TBD (MANC:12617)
VFB_jrcv09qj	ventral median tract of ventral cervical fasciculus	doi:10.1101/2023.06.05.543757	fasciculates_with	manc:v1.2.1 260817	TBD (MANC:12619)
VFB_jrcv09qk	dorsal median tract of dorsal cervical fasciculus	doi:10.1101/2023.06.05.543757	fasciculates_with	manc:v1.2.1 260817	SAppxx_DMetaN_R (MANC:12620)
VFB_jrcv09qm	dorsal lateral tract of ventral cervical fasciculus	doi:10.1101/2023.06.05.543757	fasciculates_with	manc:v1.2.1 260817	AN10B005_T2_L (MANC:12622)
VFB_jrcv09qn	intermediate tract of dorsal cervical fasciculus - commissure of fine fibers	doi:10.1101/2023.06.05.543757	fasciculates_with	manc:v1.2.1 260817	TBD (MANC:12623)
VFB_jrcv09qw	ventral median tract of ventral cervical fasciculus	doi:10.1101/2023.06.05.543757	fasciculates_with	manc:v1.2.1 260817	AN05B012_T1_R (MANC:12632)
VFB_jrcv09qz	ventral median tract of ventral cervical fasciculus	doi:10.1101/2023.06.05.543757	fasciculates_with	manc:v1.2.1 260817	AN05A003_T2_L (MANC:12635)
VFB_jrcv09r3	intermediate tract of dorsal cervical fasciculus - commissure of fine fibers	doi:10.1101/2023.06.05.543757	fasciculates_with	manc:v1.2.1 260817	TBD (MANC:12639)
VFB_jrcv09r4	dorsal median tract of dorsal cervical fasciculus	doi:10.1101/2023.06.05.543757	fasciculates_with	manc:v1.2.1 260817	TBD (MANC:12640)
VFB_jrcv09rb	dorsal lateral tract of ventral cervical fasciculus	doi:10.1101/2023.06.05.543757	fasciculates_with	manc:v1.2.1 260817	AN17B006_T2_R (MANC:12647)
VFB_jrcv09rg	ventral median tract of ventral cervical fasciculus	doi:10.1101/2023.06.05.543757	fasciculates_with	manc:v1.2.1 260817	AN05B004_T2_R (MANC:12652)
VFB_jrcv09rh	ventral median tract of ventral cervical fasciculus	doi:10.1101/2023.06.05.543757	fasciculates_with	manc:v1.2.1 260817	AN05A003_T2_R (MANC:12653)
VFB_jrcv09rk	intermediate tract of dorsal cervical fasciculus - commissure of fine fibers	doi:10.1101/2023.06.05.543757	fasciculates_with	manc:v1.2.1 260817	AN06B028_T2_L (MANC:12656)
VFB_jrcv09rl	intermediate tract of dorsal cervical fasciculus - commissure of fine fibers	doi:10.1101/2023.06.05.543757	fasciculates_with	manc:v1.2.1 260817	AN07B018_T2_R (MANC:12657)
VFB_jrcv09rn	dorsal lateral tract of ventral cervical fasciculus	doi:10.1101/2023.06.05.543757	fasciculates_with	manc:v1.2.1 260817	AN08B022_A1_R (MANC:12659)
VFB_jrcv09rq	ventral median tract of ventral cervical fasciculus	doi:10.1101/2023.06.05.543757	fasciculates_with	manc:v1.2.1 260817	TBD (MANC:12662)
VFB_jrcv09rr	dorsal median tract of dorsal cervical fasciculus	doi:10.1101/2023.06.05.543757	fasciculates_with	manc:v1.2.1 260817	AN08B020_T2_R (MANC:12663)
VFB_jrcv09rs	dorsal median tract of dorsal cervical fasciculus	doi:10.1101/2023.06.05.543757	fasciculates_with	manc:v1.2.1 260817	SApp31_DMetaN_L (MANC:12664)
VFB_jrcv09s1	ventral median tract of ventral cervical fasciculus	doi:10.1101/2023.06.05.543757	fasciculates_with	manc:v1.2.1 260817	TBD (MANC:12673)
VFB_jrcv09s2	ventral median tract of ventral cervical fasciculus	doi:10.1101/2023.06.05.543757	fasciculates_with	manc:v1.2.1 260817	TBD (MANC:12674)
VFB_jrcv09s3	median dorsal abdominal tract	doi:10.1101/2023.06.05.543757	fasciculates_with	manc:v1.2.1 260817	TBD (MANC:12675)
VFB_jrcv09s5	median dorsal abdominal tract	doi:10.1101/2023.06.05.543757	fasciculates_with	manc:v1.2.1 260817	AN10B001_T2_R (MANC:12677)
VFB_jrcv09s8	ventral median tract of ventral cervical fasciculus	doi:10.1101/2023.06.05.543757	fasciculates_with	manc:v1.2.1 260817	AN09B011_T2_L (MANC:12680)
VFB_jrcv09s9	ventral median tract of ventral cervical fasciculus	doi:10.1101/2023.06.05.543757	fasciculates_with	manc:v1.2.1 260817	TBD (MANC:12681)
VFB_jrcv09sb	dorsal median tract of dorsal cervical fasciculus	doi:10.1101/2023.06.05.543757	fasciculates_with	manc:v1.2.1 260817	TBD (MANC:12683)
VFB_jrcv09sk	intermediate tract of dorsal cervical fasciculus - commissure of fine fibers	doi:10.1101/2023.06.05.543757	fasciculates_with	manc:v1.2.1 260817	AN06B004_T3_L (MANC:12692)
VFB_jrcv09so	dorsal median tract of dorsal cervical fasciculus	doi:10.1101/2023.06.05.543757	fasciculates_with	manc:v1.2.1 260817	TBD (MANC:12696)
VFB_jrcv09sq	median dorsal abdominal tract	doi:10.1101/2023.06.05.543757	fasciculates_with	manc:v1.2.1 260817	TBD (MANC:12698)
VFB_jrcv09ss	dorsal lateral tract of ventral cervical fasciculus	doi:10.1101/2023.06.05.543757	fasciculates_with	manc:v1.2.1 260817	AN01B003_T2_L (MANC:12700)
VFB_jrcv09su	ventral median tract of ventral cervical fasciculus	doi:10.1101/2023.06.05.543757	fasciculates_with	manc:v1.2.1 260817	AN17B008_A1_R (MANC:12702)
VFB_jrcv09sz	dorsal median tract of dorsal cervical fasciculus	doi:10.1101/2023.06.05.543757	fasciculates_with	manc:v1.2.1 260817	TBD (MANC:12707)
VFB_jrcv09t2	dorsal lateral tract of ventral cervical fasciculus	doi:10.1101/2023.06.05.543757	fasciculates_with	manc:v1.2.1 260817	AN08B023_T3_R (MANC:12710)
VFB_jrcv09t3	intermediate tract of dorsal cervical fasciculus - commissure of fine fibers	doi:10.1101/2023.06.05.543757	fasciculates_with	manc:v1.2.1 260817	AN06A038_T3_L (MANC:12711)
VFB_jrcv09t6	ventral median tract of ventral cervical fasciculus	doi:10.1101/2023.06.05.543757	fasciculates_with	manc:v1.2.1 260817	AN05B004_A1_L (MANC:12714)
VFB_jrcv09t8	dorsal lateral tract of ventral cervical fasciculus	doi:10.1101/2023.06.05.543757	fasciculates_with	manc:v1.2.1 260817	TBD (MANC:12716)
VFB_jrcv09tb	median dorsal abdominal tract	doi:10.1101/2023.06.05.543757	fasciculates_with	manc:v1.2.1 260817	TBD (MANC:12719)
VFB_jrcv09tc	median dorsal abdominal tract	doi:10.1101/2023.06.05.543757	fasciculates_with	manc:v1.2.1 260817	AN10B001_T3_R (MANC:12720)
VFB_jrcv09ti	ventral median tract of ventral cervical fasciculus	doi:10.1101/2023.06.05.543757	fasciculates_with	manc:v1.2.1 260817	TBD (MANC:12726)
VFB_jrcv09tm	median dorsal abdominal tract	doi:10.1101/2023.06.05.543757	fasciculates_with	manc:v1.2.1 260817	TBD (MANC:12730)
VFB_jrcv09tn	median dorsal abdominal tract	doi:10.1101/2023.06.05.543757	fasciculates_with	manc:v1.2.1 260817	TBD (MANC:12731)
VFB_jrcv09tp	ventral median tract of ventral cervical fasciculus	doi:10.1101/2023.06.05.543757	fasciculates_with	manc:v1.2.1 260817	TBD (MANC:12733)
VFB_jrcv09tq	median dorsal abdominal tract	doi:10.1101/2023.06.05.543757	fasciculates_with	manc:v1.2.1 260817	TBD (MANC:12734)
VFB_jrcv09tr	dorsal median tract of dorsal cervical fasciculus	doi:10.1101/2023.06.05.543757	fasciculates_with	manc:v1.2.1 260817	TBD (MANC:12735)
VFB_jrcv09tz	dorsal median tract of dorsal cervical fasciculus	doi:10.1101/2023.06.05.543757	fasciculates_with	manc:v1.2.1 260817	TBD (MANC:12743)
VFB_jrcv09u2	median dorsal abdominal tract	doi:10.1101/2023.06.05.543757	fasciculates_with	manc:v1.2.1 260817	TBD (MANC:12746)
VFB_jrcv09u3	median dorsal abdominal tract	doi:10.1101/2023.06.05.543757	fasciculates_with	manc:v1.2.1 260817	TBD (MANC:12747)
VFB_jrcv09u4	ventral median tract of ventral cervical fasciculus	doi:10.1101/2023.06.05.543757	fasciculates_with	manc:v1.2.1 260817	TBD (MANC:12748)
VFB_jrcv09u5	dorsal lateral tract of ventral cervical fasciculus	doi:10.1101/2023.06.05.543757	fasciculates_with	manc:v1.2.1 260817	TBD (MANC:12749)
VFB_jrcv09u7	dorsal median tract of dorsal cervical fasciculus	doi:10.1101/2023.06.05.543757	fasciculates_with	manc:v1.2.1 260817	SApp31_DMetaN_R (MANC:12751)
VFB_jrcv09u9	median dorsal abdominal tract	doi:10.1101/2023.06.05.543757	fasciculates_with	manc:v1.2.1 260817	TBD (MANC:12753)
VFB_jrcv09ua	dorsal lateral tract of dorsal cervical fasciculus	doi:10.1101/2023.06.05.543757	fasciculates_with	manc:v1.2.1 260817	AN19B029_T2_L (MANC:12754)
VFB_jrcv09ub	dorsal lateral tract of ventral cervical fasciculus	doi:10.1101/2023.06.05.543757	fasciculates_with	manc:v1.2.1 260817	AN08B017_T1_R (MANC:12755)
VFB_jrcv09ul	dorsal median tract of dorsal cervical fasciculus	doi:10.1101/2023.06.05.543757	fasciculates_with	manc:v1.2.1 260817	AN07B014_T1_R (MANC:12765)
VFB_jrcv09uq	intermediate tract of dorsal cervical fasciculus - commissure of fine fibers	doi:10.1101/2023.06.05.543757	fasciculates_with	manc:v1.2.1 260817	TBD (MANC:12770)
VFB_jrcv09uz	dorsal median tract of dorsal cervical fasciculus	doi:10.1101/2023.06.05.543757	fasciculates_with	manc:v1.2.1 260817	TBD (MANC:12779)
VFB_jrcv09v1	dorsal median tract of dorsal cervical fasciculus	doi:10.1101/2023.06.05.543757	fasciculates_with	manc:v1.2.1 260817	SApp31_DMetaN_L (MANC:12781)
VFB_jrcv09v3	median dorsal abdominal tract	doi:10.1101/2023.06.05.543757	fasciculates_with	manc:v1.2.1 260817	TBD (MANC:12783)
VFB_jrcv09v4	dorsal lateral tract of ventral cervical fasciculus	doi:10.1101/2023.06.05.543757	fasciculates_with	manc:v1.2.1 260817	AN09B014_T2_L (MANC:12784)
VFB_jrcv09vb	dorsal lateral tract of ventral cervical fasciculus	doi:10.1101/2023.06.05.543757	fasciculates_with	manc:v1.2.1 260817	TBD (MANC:12791)
VFB_jrcv09vc	intermediate tract of dorsal cervical fasciculus - commissure of fine fibers	doi:10.1101/2023.06.05.543757	fasciculates_with	manc:v1.2.1 260817	TBD (MANC:12792)
VFB_jrcv09vf	median dorsal abdominal tract	doi:10.1101/2023.06.05.543757	fasciculates_with	manc:v1.2.1 260817	AN10B001_T3_L (MANC:12795)
VFB_jrcv09vg	dorsal lateral tract of ventral cervical fasciculus	doi:10.1101/2023.06.05.543757	fasciculates_with	manc:v1.2.1 260817	TBD (MANC:12796)
VFB_jrcv09vl	ventral median tract of ventral cervical fasciculus	doi:10.1101/2023.06.05.543757	fasciculates_with	manc:v1.2.1 260817	AN09B011_T2_R (MANC:12801)
VFB_jrcv09vr	ventral median tract of ventral cervical fasciculus	doi:10.1101/2023.06.05.543757	fasciculates_with	manc:v1.2.1 260817	AN17B005_T3_L (MANC:12807)
VFB_jrcv09w2	dorsal median tract of dorsal cervical fasciculus	doi:10.1101/2023.06.05.543757	fasciculates_with	manc:v1.2.1 260817	AN18B006_T2_L (MANC:12818)
VFB_jrcv09w4	dorsal lateral tract of ventral cervical fasciculus	doi:10.1101/2023.06.05.543757	fasciculates_with	manc:v1.2.1 260817	TBD (MANC:12820)
VFB_jrcv09w5	dorsal median tract of dorsal cervical fasciculus	doi:10.1101/2023.06.05.543757	fasciculates_with	manc:v1.2.1 260817	AN07B062_T2_L (MANC:12821)
VFB_jrcv09wb	dorsal median tract of dorsal cervical fasciculus	doi:10.1101/2023.06.05.543757	fasciculates_with	manc:v1.2.1 260817	TBD (MANC:12827)
VFB_jrcv09wc	intermediate tract of dorsal cervical fasciculus - commissure of fine fibers	doi:10.1101/2023.06.05.543757	fasciculates_with	manc:v1.2.1 260817	AN06B028_T2_R (MANC:12828)
VFB_jrcv09we	intermediate tract of dorsal cervical fasciculus - commissure of fine fibers	doi:10.1101/2023.06.05.543757	fasciculates_with	manc:v1.2.1 260817	TBD (MANC:12830)
VFB_jrcv09wi	dorsal lateral tract of ventral cervical fasciculus	doi:10.1101/2023.06.05.543757	fasciculates_with	manc:v1.2.1 260817	AN04A001_T1_R (MANC:12834)
VFB_jrcv09wq	intermediate tract of dorsal cervical fasciculus - commissure of fine fibers	doi:10.1101/2023.06.05.543757	fasciculates_with	manc:v1.2.1 260817	AN18B017_T1_L (MANC:12842)
VFB_jrcv09wr	dorsal median tract of dorsal cervical fasciculus	doi:10.1101/2023.06.05.543757	fasciculates_with	manc:v1.2.1 260817	TBD (MANC:12843)
VFB_jrcv09wv	dorsal median tract of dorsal cervical fasciculus	doi:10.1101/2023.06.05.543757	fasciculates_with	manc:v1.2.1 260817	TBD (MANC:12847)
VFB_jrcv09x0	dorsal median tract of dorsal cervical fasciculus	doi:10.1101/2023.06.05.543757	fasciculates_with	manc:v1.2.1 260817	SApp31_DMetaN_R (MANC:12852)
VFB_jrcv09x3	median dorsal abdominal tract	doi:10.1101/2023.06.05.543757	fasciculates_with	manc:v1.2.1 260817	TBD (MANC:12855)
VFB_jrcv09x4	dorsal lateral tract of ventral cervical fasciculus	doi:10.1101/2023.06.05.543757	fasciculates_with	manc:v1.2.1 260817	AN08B025_T1_R (MANC:12856)
VFB_jrcv09x7	intermediate tract of dorsal cervical fasciculus - commissure of fine fibers	doi:10.1101/2023.06.05.543757	fasciculates_with	manc:v1.2.1 260817	AN06A008_T2_R (MANC:12859)
VFB_jrcv09xb	dorsal median tract of dorsal cervical fasciculus	doi:10.1101/2023.06.05.543757	fasciculates_with	manc:v1.2.1 260817	TBD (MANC:12863)
VFB_jrcv09xl	ventral median tract of ventral cervical fasciculus	doi:10.1101/2023.06.05.543757	fasciculates_with	manc:v1.2.1 260817	TBD (MANC:12873)
VFB_jrcv09xo	intermediate tract of dorsal cervical fasciculus - commissure of fine fibers	doi:10.1101/2023.06.05.543757	fasciculates_with	manc:v1.2.1 260817	AN07B040_T2_L (MANC:12876)
VFB_jrcv09xt	ventral median tract of ventral cervical fasciculus	doi:10.1101/2023.06.05.543757	fasciculates_with	manc:v1.2.1 260817	AN17A014_T2_R (MANC:12881)
VFB_jrcv09xu	ventral median tract of ventral cervical fasciculus	doi:10.1101/2023.06.05.543757	fasciculates_with	manc:v1.2.1 260817	TBD (MANC:12882)
VFB_jrcv09xx	dorsal lateral tract of ventral cervical fasciculus	doi:10.1101/2023.06.05.543757	fasciculates_with	manc:v1.2.1 260817	AN09B004_T1_L (MANC:12885)
VFB_jrcv09y0	dorsal lateral tract of ventral cervical fasciculus	doi:10.1101/2023.06.05.543757	fasciculates_with	manc:v1.2.1 260817	AN08B025_T1_L (MANC:12888)
VFB_jrcv09y5	dorsal lateral tract of ventral cervical fasciculus	doi:10.1101/2023.06.05.543757	fasciculates_with	manc:v1.2.1 260817	TBD (MANC:12893)
VFB_jrcv09y7	ventral median tract of ventral cervical fasciculus	doi:10.1101/2023.06.05.543757	fasciculates_with	manc:v1.2.1 260817	AN17B008_T3_L (MANC:12895)
VFB_jrcv09ya	dorsal lateral tract of ventral cervical fasciculus	doi:10.1101/2023.06.05.543757	fasciculates_with	manc:v1.2.1 260817	TBD (MANC:12898)
VFB_jrcv09yb	ventral median tract of ventral cervical fasciculus	doi:10.1101/2023.06.05.543757	fasciculates_with	manc:v1.2.1 260817	AN05B013_T1_R (MANC:12899)
VFB_jrcv09ye	dorsal lateral tract of ventral cervical fasciculus	doi:10.1101/2023.06.05.543757	fasciculates_with	manc:v1.2.1 260817	TBD (MANC:12902)
VFB_jrcv09yg	dorsal lateral tract of dorsal cervical fasciculus	doi:10.1101/2023.06.05.543757	fasciculates_with	manc:v1.2.1 260817	AN19B026_T3_R (MANC:12904)
VFB_jrcv09ym	intermediate tract of dorsal cervical fasciculus - commissure of fine fibers	doi:10.1101/2023.06.05.543757	fasciculates_with	manc:v1.2.1 260817	AN06B020_T2_R (MANC:12910)
VFB_jrcv09yn	median dorsal abdominal tract	doi:10.1101/2023.06.05.543757	fasciculates_with	manc:v1.2.1 260817	TBD (MANC:12911)
VFB_jrcv09yq	dorsal median tract of dorsal cervical fasciculus	doi:10.1101/2023.06.05.543757	fasciculates_with	manc:v1.2.1 260817	AN18B010_T2_L (MANC:12914)
VFB_jrcv09yr	dorsal median tract of dorsal cervical fasciculus	doi:10.1101/2023.06.05.543757	fasciculates_with	manc:v1.2.1 260817	TBD (MANC:12915)
VFB_jrcv09ys	dorsal lateral tract of ventral cervical fasciculus	doi:10.1101/2023.06.05.543757	fasciculates_with	manc:v1.2.1 260817	AN10B005_T1_L (MANC:12916)
VFB_jrcv09yt	median dorsal abdominal tract	doi:10.1101/2023.06.05.543757	fasciculates_with	manc:v1.2.1 260817	TBD (MANC:12917)
VFB_jrcv09yv	ventral median tract of ventral cervical fasciculus	doi:10.1101/2023.06.05.543757	fasciculates_with	manc:v1.2.1 260817	AN05A002_T1_L (MANC:12919)
VFB_jrcv09yx	median dorsal abdominal tract	doi:10.1101/2023.06.05.543757	fasciculates_with	manc:v1.2.1 260817	TBD (MANC:12921)
VFB_jrcv09yy	ventral median tract of ventral cervical fasciculus	doi:10.1101/2023.06.05.543757	fasciculates_with	manc:v1.2.1 260817	TBD (MANC:12922)
VFB_jrcv09yz	dorsal median tract of dorsal cervical fasciculus	doi:10.1101/2023.06.05.543757	fasciculates_with	manc:v1.2.1 260817	SApp27_DMetaN_R (MANC:12923)
VFB_jrcv09z0	ventral median tract of ventral cervical fasciculus	doi:10.1101/2023.06.05.543757	fasciculates_with	manc:v1.2.1 260817	AN05A002_T1_R (MANC:12924)
VFB_jrcv09z1	median dorsal abdominal tract	doi:10.1101/2023.06.05.543757	fasciculates_with	manc:v1.2.1 260817	AN05A001_T2_R (MANC:12925)
VFB_jrcv09z2	dorsal lateral tract of ventral cervical fasciculus	doi:10.1101/2023.06.05.543757	fasciculates_with	manc:v1.2.1 260817	TBD (MANC:12926)
VFB_jrcv09za	dorsal median tract of dorsal cervical fasciculus	doi:10.1101/2023.06.05.543757	fasciculates_with	manc:v1.2.1 260817	TBD (MANC:12934)
VFB_jrcv09zf	dorsal median tract of dorsal cervical fasciculus	doi:10.1101/2023.06.05.543757	fasciculates_with	manc:v1.2.1 260817	TBD (MANC:12939)
VFB_jrcv09zl	dorsal lateral tract of ventral cervical fasciculus	doi:10.1101/2023.06.05.543757	fasciculates_with	manc:v1.2.1 260817	TBD (MANC:12945)
VFB_jrcv09zv	dorsal lateral tract of ventral cervical fasciculus	doi:10.1101/2023.06.05.543757	fasciculates_with	manc:v1.2.1 260817	TBD (MANC:12955)
VFB_jrcv09zw	dorsal median tract of dorsal cervical fasciculus	doi:10.1101/2023.06.05.543757	fasciculates_with	manc:v1.2.1 260817	TBD (MANC:12956)
VFB_jrcv0a02	dorsal lateral tract of ventral cervical fasciculus	doi:10.1101/2023.06.05.543757	fasciculates_with	manc:v1.2.1 260817	TBD (MANC:12962)
VFB_jrcv0a05	dorsal lateral tract of ventral cervical fasciculus	doi:10.1101/2023.06.05.543757	fasciculates_with	manc:v1.2.1 260817	TBD (MANC:12965)
VFB_jrcv0a06	dorsal median tract of dorsal cervical fasciculus	doi:10.1101/2023.06.05.543757	fasciculates_with	manc:v1.2.1 260817	SApp31_DMetaN_R (MANC:12966)
VFB_jrcv0a09	dorsal median tract of dorsal cervical fasciculus	doi:10.1101/2023.06.05.543757	fasciculates_with	manc:v1.2.1 260817	TBD (MANC:12969)
VFB_jrcv0a0d	dorsal median tract of dorsal cervical fasciculus	doi:10.1101/2023.06.05.543757	fasciculates_with	manc:v1.2.1 260817	TBD (MANC:12973)
VFB_jrcv0a0e	dorsal median tract of dorsal cervical fasciculus	doi:10.1101/2023.06.05.543757	fasciculates_with	manc:v1.2.1 260817	TBD (MANC:12974)
VFB_jrcv0a0j	intermediate tract of dorsal cervical fasciculus - commissure of fine fibers	doi:10.1101/2023.06.05.543757	fasciculates_with	manc:v1.2.1 260817	AN07B021_T2_L (MANC:12979)
VFB_jrcv0a0l	dorsal median tract of dorsal cervical fasciculus	doi:10.1101/2023.06.05.543757	fasciculates_with	manc:v1.2.1 260817	AN06A014_T1_L (MANC:12981)
VFB_jrcv0a0m	dorsal median tract of dorsal cervical fasciculus	doi:10.1101/2023.06.05.543757	fasciculates_with	manc:v1.2.1 260817	SApp30_DMetaN_R (MANC:12982)
VFB_jrcv0a0p	ventral median tract of ventral cervical fasciculus	doi:10.1101/2023.06.05.543757	fasciculates_with	manc:v1.2.1 260817	TBD (MANC:12985)
VFB_jrcv0a0r	ventral median tract of ventral cervical fasciculus	doi:10.1101/2023.06.05.543757	fasciculates_with	manc:v1.2.1 260817	TBD (MANC:12987)
VFB_jrcv0a0t	ventral median tract of ventral cervical fasciculus	doi:10.1101/2023.06.05.543757	fasciculates_with	manc:v1.2.1 260817	AN17B008_T3_R (MANC:12989)
VFB_jrcv0a0v	ventral median tract of ventral cervical fasciculus	doi:10.1101/2023.06.05.543757	fasciculates_with	manc:v1.2.1 260817	TBD (MANC:12991)
VFB_jrcv0a0x	dorsal lateral tract of ventral cervical fasciculus	doi:10.1101/2023.06.05.543757	fasciculates_with	manc:v1.2.1 260817	AN10B004_T1_L (MANC:12993)
VFB_jrcv0a10	median dorsal abdominal tract	doi:10.1101/2023.06.05.543757	fasciculates_with	manc:v1.2.1 260817	AN27X003_T1_L (MANC:12996)
VFB_jrcv0a11	median dorsal abdominal tract	doi:10.1101/2023.06.05.543757	fasciculates_with	manc:v1.2.1 260817	TBD (MANC:12997)
VFB_jrcv0a16	dorsal lateral tract of ventral cervical fasciculus	doi:10.1101/2023.06.05.543757	fasciculates_with	manc:v1.2.1 260817	AN08B024_T3_L (MANC:13002)
VFB_jrcv0a1d	dorsal lateral tract of ventral cervical fasciculus	doi:10.1101/2023.06.05.543757	fasciculates_with	manc:v1.2.1 260817	AN08B031_T1_R (MANC:13009)
VFB_jrcv0a1g	intermediate tract of dorsal cervical fasciculus - commissure of fine fibers	doi:10.1101/2023.06.05.543757	fasciculates_with	manc:v1.2.1 260817	TBD (MANC:13012)
VFB_jrcv0a1h	intermediate tract of dorsal cervical fasciculus - commissure of fine fibers	doi:10.1101/2023.06.05.543757	fasciculates_with	manc:v1.2.1 260817	AN06B020_T1_R (MANC:13013)
VFB_jrcv0a1i	median dorsal abdominal tract	doi:10.1101/2023.06.05.543757	fasciculates_with	manc:v1.2.1 260817	AN10B001_T3_L (MANC:13014)
VFB_jrcv0a1k	dorsal lateral tract of ventral cervical fasciculus	doi:10.1101/2023.06.05.543757	fasciculates_with	manc:v1.2.1 260817	AN08B017_T1_L (MANC:13016)
VFB_jrcv0a1l	dorsal lateral tract of ventral cervical fasciculus	doi:10.1101/2023.06.05.543757	fasciculates_with	manc:v1.2.1 260817	TBD (MANC:13017)
VFB_jrcv0a1o	median dorsal abdominal tract	doi:10.1101/2023.06.05.543757	fasciculates_with	manc:v1.2.1 260817	TBD (MANC:13020)
VFB_jrcv0a1p	dorsal median tract of dorsal cervical fasciculus	doi:10.1101/2023.06.05.543757	fasciculates_with	manc:v1.2.1 260817	AN08B024_T2_L (MANC:13021)
VFB_jrcv0a1q	ventral median tract of ventral cervical fasciculus	doi:10.1101/2023.06.05.543757	fasciculates_with	manc:v1.2.1 260817	AN09B017_A3_R (MANC:13022)
VFB_jrcv0a1y	dorsal median tract of dorsal cervical fasciculus	doi:10.1101/2023.06.05.543757	fasciculates_with	manc:v1.2.1 260817	AN08B024_T2_R (MANC:13030)
VFB_jrcv0a22	intermediate tract of dorsal cervical fasciculus - commissure of fine fibers	doi:10.1101/2023.06.05.543757	fasciculates_with	manc:v1.2.1 260817	TBD (MANC:13034)
VFB_jrcv0a23	median dorsal abdominal tract	doi:10.1101/2023.06.05.543757	fasciculates_with	manc:v1.2.1 260817	TBD (MANC:13035)
VFB_jrcv0a26	dorsal lateral tract of ventral cervical fasciculus	doi:10.1101/2023.06.05.543757	fasciculates_with	manc:v1.2.1 260817	TBD (MANC:13038)
VFB_jrcv0a2b	median dorsal abdominal tract	doi:10.1101/2023.06.05.543757	fasciculates_with	manc:v1.2.1 260817	AN04B002_T3_L (MANC:13043)
VFB_jrcv0a2c	ventral median tract of ventral cervical fasciculus	doi:10.1101/2023.06.05.543757	fasciculates_with	manc:v1.2.1 260817	AN05B013_T1_L (MANC:13044)
VFB_jrcv0a2g	dorsal lateral tract of ventral cervical fasciculus	doi:10.1101/2023.06.05.543757	fasciculates_with	manc:v1.2.1 260817	AN12B006_T1_L (MANC:13048)
VFB_jrcv0a2h	dorsal lateral tract of ventral cervical fasciculus	doi:10.1101/2023.06.05.543757	fasciculates_with	manc:v1.2.1 260817	TBD (MANC:13049)
VFB_jrcv0a2l	dorsal lateral tract of ventral cervical fasciculus	doi:10.1101/2023.06.05.543757	fasciculates_with	manc:v1.2.1 260817	TBD (MANC:13053)
VFB_jrcv0a2q	intermediate tract of dorsal cervical fasciculus - commissure of fine fibers	doi:10.1101/2023.06.05.543757	fasciculates_with	manc:v1.2.1 260817	AN02A005_T2_R (MANC:13058)
VFB_jrcv0a2t	median dorsal abdominal tract	doi:10.1101/2023.06.05.543757	fasciculates_with	manc:v1.2.1 260817	TBD (MANC:13061)
VFB_jrcv0a2v	dorsal median tract of dorsal cervical fasciculus	doi:10.1101/2023.06.05.543757	fasciculates_with	manc:v1.2.1 260817	AN08B021_T3_R (MANC:13063)
VFB_jrcv0a2w	intermediate tract of dorsal cervical fasciculus - commissure of fine fibers	doi:10.1101/2023.06.05.543757	fasciculates_with	manc:v1.2.1 260817	AN06B014_T3_L (MANC:13064)
VFB_jrcv0a35	ventral lateral tract of ventral cervical fasciculus	doi:10.1101/2023.06.05.543757	fasciculates_with	manc:v1.2.1 260817	TBD (MANC:13073)
VFB_jrcv0a36	ventral median tract of ventral cervical fasciculus	doi:10.1101/2023.06.05.543757	fasciculates_with	manc:v1.2.1 260817	TBD (MANC:13074)
VFB_jrcv0a3f	median dorsal abdominal tract	doi:10.1101/2023.06.05.543757	fasciculates_with	manc:v1.2.1 260817	TBD (MANC:13083)
VFB_jrcv0a3h	dorsal median tract of dorsal cervical fasciculus	doi:10.1101/2023.06.05.543757	fasciculates_with	manc:v1.2.1 260817	TBD (MANC:13085)
VFB_jrcv0a3i	ventral median tract of ventral cervical fasciculus	doi:10.1101/2023.06.05.543757	fasciculates_with	manc:v1.2.1 260817	TBD (MANC:13086)
VFB_jrcv0a3k	dorsal lateral tract of ventral cervical fasciculus	doi:10.1101/2023.06.05.543757	fasciculates_with	manc:v1.2.1 260817	TBD (MANC:13088)
VFB_jrcv0a3l	median dorsal abdominal tract	doi:10.1101/2023.06.05.543757	fasciculates_with	manc:v1.2.1 260817	TBD (MANC:13089)
VFB_jrcv0a3o	dorsal median tract of dorsal cervical fasciculus	doi:10.1101/2023.06.05.543757	fasciculates_with	manc:v1.2.1 260817	TBD (MANC:13092)
VFB_jrcv0a3t	dorsal median tract of dorsal cervical fasciculus	doi:10.1101/2023.06.05.543757	fasciculates_with	manc:v1.2.1 260817	SApp24_DMetaN_L (MANC:13097)
VFB_jrcv0a3v	dorsal median tract of dorsal cervical fasciculus	doi:10.1101/2023.06.05.543757	fasciculates_with	manc:v1.2.1 260817	AN07B014_T1_L (MANC:13099)
VFB_jrcv0a3x	median dorsal abdominal tract	doi:10.1101/2023.06.05.543757	fasciculates_with	manc:v1.2.1 260817	TBD (MANC:13101)
VFB_jrcv0a44	dorsal lateral tract of ventral cervical fasciculus	doi:10.1101/2023.06.05.543757	fasciculates_with	manc:v1.2.1 260817	TBD (MANC:13108)
VFB_jrcv0a49	dorsal lateral tract of ventral cervical fasciculus	doi:10.1101/2023.06.05.543757	fasciculates_with	manc:v1.2.1 260817	TBD (MANC:13113)
VFB_jrcv0a4d	median dorsal abdominal tract	doi:10.1101/2023.06.05.543757	fasciculates_with	manc:v1.2.1 260817	AN06B037_T2_R (MANC:13117)
VFB_jrcv0a4e	median dorsal abdominal tract	doi:10.1101/2023.06.05.543757	fasciculates_with	manc:v1.2.1 260817	AN10B001_T2_L (MANC:13118)
VFB_jrcv0a4z	median dorsal abdominal tract	doi:10.1101/2023.06.05.543757	fasciculates_with	manc:v1.2.1 260817	TBD (MANC:13139)
VFB_jrcv0a57	ventral median tract of ventral cervical fasciculus	doi:10.1101/2023.06.05.543757	fasciculates_with	manc:v1.2.1 260817	AN09B021_T2_L (MANC:13147)
VFB_jrcv0a5k	ventral median tract of ventral cervical fasciculus	doi:10.1101/2023.06.05.543757	fasciculates_with	manc:v1.2.1 260817	TBD (MANC:13160)
VFB_jrcv0a5l	ventral lateral tract of ventral cervical fasciculus	doi:10.1101/2023.06.05.543757	fasciculates_with	manc:v1.2.1 260817	TBD (MANC:13161)
VFB_jrcv0a5s	dorsal median tract of dorsal cervical fasciculus	doi:10.1101/2023.06.05.543757	fasciculates_with	manc:v1.2.1 260817	TBD (MANC:13168)
VFB_jrcv0a5t	ventral median tract of ventral cervical fasciculus	doi:10.1101/2023.06.05.543757	fasciculates_with	manc:v1.2.1 260817	TBD (MANC:13169)
VFB_jrcv0a5v	ventral median tract of ventral cervical fasciculus	doi:10.1101/2023.06.05.543757	fasciculates_with	manc:v1.2.1 260817	AN00A008_T1_M (MANC:13171)
VFB_jrcv0a5w	median dorsal abdominal tract	doi:10.1101/2023.06.05.543757	fasciculates_with	manc:v1.2.1 260817	TBD (MANC:13172)
VFB_jrcv0a61	dorsal lateral tract of ventral cervical fasciculus	doi:10.1101/2023.06.05.543757	fasciculates_with	manc:v1.2.1 260817	TBD (MANC:13177)
VFB_jrcv0a68	dorsal median tract of dorsal cervical fasciculus	doi:10.1101/2023.06.05.543757	fasciculates_with	manc:v1.2.1 260817	TBD (MANC:13184)
VFB_jrcv0a69	median dorsal abdominal tract	doi:10.1101/2023.06.05.543757	fasciculates_with	manc:v1.2.1 260817	AN05A003_T3_R (MANC:13185)
VFB_jrcv0a6b	ventral median tract of ventral cervical fasciculus	doi:10.1101/2023.06.05.543757	fasciculates_with	manc:v1.2.1 260817	AN05B004_A6_L (MANC:13187)
VFB_jrcv0a6d	dorsal lateral tract of ventral cervical fasciculus	doi:10.1101/2023.06.05.543757	fasciculates_with	manc:v1.2.1 260817	AN12B004_T2_R (MANC:13189)
VFB_jrcv0a6k	median dorsal abdominal tract	doi:10.1101/2023.06.05.543757	fasciculates_with	manc:v1.2.1 260817	AN05A001_T2_R (MANC:13196)
VFB_jrcv0a6m	dorsal lateral tract of ventral cervical fasciculus	doi:10.1101/2023.06.05.543757	fasciculates_with	manc:v1.2.1 260817	TBD (MANC:13198)
VFB_jrcv0a6n	dorsal lateral tract of ventral cervical fasciculus	doi:10.1101/2023.06.05.543757	fasciculates_with	manc:v1.2.1 260817	AN12B006_T1_R (MANC:13199)
VFB_jrcv0a6r	median dorsal abdominal tract	doi:10.1101/2023.06.05.543757	fasciculates_with	manc:v1.2.1 260817	TBD (MANC:13203)
VFB_jrcv0a70	ventral median tract of ventral cervical fasciculus	doi:10.1101/2023.06.05.543757	fasciculates_with	manc:v1.2.1 260817	TBD (MANC:13212)
VFB_jrcv0a71	dorsal lateral tract of ventral cervical fasciculus	doi:10.1101/2023.06.05.543757	fasciculates_with	manc:v1.2.1 260817	AN08B031_T1_L (MANC:13213)
VFB_jrcv0a74	ventral median tract of ventral cervical fasciculus	doi:10.1101/2023.06.05.543757	fasciculates_with	manc:v1.2.1 260817	AN09B025_T3_R (MANC:13216)
VFB_jrcv0a7e	dorsal median tract of dorsal cervical fasciculus	doi:10.1101/2023.06.05.543757	fasciculates_with	manc:v1.2.1 260817	TBD (MANC:13226)
VFB_jrcv0a7l	intermediate tract of dorsal cervical fasciculus - commissure of fine fibers	doi:10.1101/2023.06.05.543757	fasciculates_with	manc:v1.2.1 260817	AN10B001_T2_L (MANC:13233)
VFB_jrcv0a7m	ventral median tract of ventral cervical fasciculus	doi:10.1101/2023.06.05.543757	fasciculates_with	manc:v1.2.1 260817	AN17A027_T2_R (MANC:13234)
VFB_jrcv0a7q	dorsal lateral tract of ventral cervical fasciculus	doi:10.1101/2023.06.05.543757	fasciculates_with	manc:v1.2.1 260817	TBD (MANC:13238)
VFB_jrcv0a7r	dorsal median tract of dorsal cervical fasciculus	doi:10.1101/2023.06.05.543757	fasciculates_with	manc:v1.2.1 260817	TBD (MANC:13239)
VFB_jrcv0a7w	ventral median tract of ventral cervical fasciculus	doi:10.1101/2023.06.05.543757	fasciculates_with	manc:v1.2.1 260817	TBD (MANC:13244)
VFB_jrcv0a7z	dorsal lateral tract of ventral cervical fasciculus	doi:10.1101/2023.06.05.543757	fasciculates_with	manc:v1.2.1 260817	TBD (MANC:13247)
VFB_jrcv0a85	intermediate tract of dorsal cervical fasciculus - commissure of fine fibers	doi:10.1101/2023.06.05.543757	fasciculates_with	manc:v1.2.1 260817	AN06A016_T1_R (MANC:13253)
VFB_jrcv0a86	ventral median tract of ventral cervical fasciculus	doi:10.1101/2023.06.05.543757	fasciculates_with	manc:v1.2.1 260817	TBD (MANC:13254)
VFB_jrcv0a8b	ventral median tract of ventral cervical fasciculus	doi:10.1101/2023.06.05.543757	fasciculates_with	manc:v1.2.1 260817	TBD (MANC:13259)
VFB_jrcv0a8e	ventral lateral tract of ventral cervical fasciculus	doi:10.1101/2023.06.05.543757	fasciculates_with	manc:v1.2.1 260817	TBD (MANC:13262)
VFB_jrcv0a8j	dorsal lateral tract of ventral cervical fasciculus	doi:10.1101/2023.06.05.543757	fasciculates_with	manc:v1.2.1 260817	AN08B026_T2_L (MANC:13267)
VFB_jrcv0a8k	dorsal median tract of dorsal cervical fasciculus	doi:10.1101/2023.06.05.543757	fasciculates_with	manc:v1.2.1 260817	TBD (MANC:13268)
VFB_jrcv0a8l	intermediate tract of dorsal cervical fasciculus - commissure of fine fibers	doi:10.1101/2023.06.05.543757	fasciculates_with	manc:v1.2.1 260817	AN06A016_T1_L (MANC:13269)
VFB_jrcv0a8m	dorsal median tract of dorsal cervical fasciculus	doi:10.1101/2023.06.05.543757	fasciculates_with	manc:v1.2.1 260817	SApp31_DMetaN_L (MANC:13270)
VFB_jrcv0a8o	median dorsal abdominal tract	doi:10.1101/2023.06.05.543757	fasciculates_with	manc:v1.2.1 260817	AN27X005_T3_R (MANC:13272)
VFB_jrcv0a8p	dorsal lateral tract of ventral cervical fasciculus	doi:10.1101/2023.06.05.543757	fasciculates_with	manc:v1.2.1 260817	TBD (MANC:13273)
VFB_jrcv0a8r	dorsal median tract of dorsal cervical fasciculus	doi:10.1101/2023.06.05.543757	fasciculates_with	manc:v1.2.1 260817	SAppxx_DMetaN_L (MANC:13275)
VFB_jrcv0a8x	dorsal lateral tract of ventral cervical fasciculus	doi:10.1101/2023.06.05.543757	fasciculates_with	manc:v1.2.1 260817	AN12B006_T2_L (MANC:13281)
VFB_jrcv0a8y	median dorsal abdominal tract	doi:10.1101/2023.06.05.543757	fasciculates_with	manc:v1.2.1 260817	TBD (MANC:13282)
VFB_jrcv0a97	dorsal median tract of dorsal cervical fasciculus	doi:10.1101/2023.06.05.543757	fasciculates_with	manc:v1.2.1 260817	TBD (MANC:13291)
VFB_jrcv0a9c	dorsal median tract of dorsal cervical fasciculus	doi:10.1101/2023.06.05.543757	fasciculates_with	manc:v1.2.1 260817	AN08B021_T2_L (MANC:13296)
VFB_jrcv0a9f	median dorsal abdominal tract	doi:10.1101/2023.06.05.543757	fasciculates_with	manc:v1.2.1 260817	TBD (MANC:13299)
VFB_jrcv0a9n	ventral median tract of ventral cervical fasciculus	doi:10.1101/2023.06.05.543757	fasciculates_with	manc:v1.2.1 260817	TBD (MANC:13307)
VFB_jrcv0a9s	intermediate tract of dorsal cervical fasciculus - commissure of fine fibers	doi:10.1101/2023.06.05.543757	fasciculates_with	manc:v1.2.1 260817	AN08B091_T3_L (MANC:13312)
VFB_jrcv0a9t	dorsal lateral tract of ventral cervical fasciculus	doi:10.1101/2023.06.05.543757	fasciculates_with	manc:v1.2.1 260817	AN08B017_T2_L (MANC:13313)
VFB_jrcv0a9u	median dorsal abdominal tract	doi:10.1101/2023.06.05.543757	fasciculates_with	manc:v1.2.1 260817	AN00A006_A1_M (MANC:13314)
VFB_jrcv0a9z	dorsal lateral tract of ventral cervical fasciculus	doi:10.1101/2023.06.05.543757	fasciculates_with	manc:v1.2.1 260817	TBD (MANC:13319)
VFB_jrcv0aa5	dorsal median tract of dorsal cervical fasciculus	doi:10.1101/2023.06.05.543757	fasciculates_with	manc:v1.2.1 260817	SApp21_DMetaN_R (MANC:13325)
VFB_jrcv0aa6	dorsal lateral tract of ventral cervical fasciculus	doi:10.1101/2023.06.05.543757	fasciculates_with	manc:v1.2.1 260817	TBD (MANC:13326)
VFB_jrcv0aag	dorsal median tract of dorsal cervical fasciculus	doi:10.1101/2023.06.05.543757	fasciculates_with	manc:v1.2.1 260817	TBD (MANC:13336)
VFB_jrcv0aan	dorsal lateral tract of ventral cervical fasciculus	doi:10.1101/2023.06.05.543757	fasciculates_with	manc:v1.2.1 260817	TBD (MANC:13343)
VFB_jrcv0aao	dorsal lateral tract of ventral cervical fasciculus	doi:10.1101/2023.06.05.543757	fasciculates_with	manc:v1.2.1 260817	AN12B004_T2_L (MANC:13344)
VFB_jrcv0aaq	ventral median tract of ventral cervical fasciculus	doi:10.1101/2023.06.05.543757	fasciculates_with	manc:v1.2.1 260817	AN09B019_T2_L (MANC:13346)
VFB_jrcv0aas	ventral median tract of ventral cervical fasciculus	doi:10.1101/2023.06.05.543757	fasciculates_with	manc:v1.2.1 260817	TBD (MANC:13348)
VFB_jrcv0aaw	median dorsal abdominal tract	doi:10.1101/2023.06.05.543757	fasciculates_with	manc:v1.2.1 260817	TBD (MANC:13352)
VFB_jrcv0aaz	ventral median tract of ventral cervical fasciculus	doi:10.1101/2023.06.05.543757	fasciculates_with	manc:v1.2.1 260817	TBD (MANC:13355)
VFB_jrcv0ab9	dorsal lateral tract of dorsal cervical fasciculus	doi:10.1101/2023.06.05.543757	fasciculates_with	manc:v1.2.1 260817	TBD (MANC:13365)
VFB_jrcv0aba	dorsal lateral tract of ventral cervical fasciculus	doi:10.1101/2023.06.05.543757	fasciculates_with	manc:v1.2.1 260817	AN01B003_T2_R (MANC:13366)
VFB_jrcv0abc	dorsal lateral tract of ventral cervical fasciculus	doi:10.1101/2023.06.05.543757	fasciculates_with	manc:v1.2.1 260817	AN10B004_T1_R (MANC:13368)
VFB_jrcv0abd	ventral median tract of ventral cervical fasciculus	doi:10.1101/2023.06.05.543757	fasciculates_with	manc:v1.2.1 260817	AN10B003_T1_L (MANC:13369)
VFB_jrcv0abf	ventral median tract of ventral cervical fasciculus	doi:10.1101/2023.06.05.543757	fasciculates_with	manc:v1.2.1 260817	AN09B002_A9_L (MANC:13371)
VFB_jrcv0abg	dorsal lateral tract of ventral cervical fasciculus	doi:10.1101/2023.06.05.543757	fasciculates_with	manc:v1.2.1 260817	AN12B006_T3_L (MANC:13372)
VFB_jrcv0abh	ventral median tract of ventral cervical fasciculus	doi:10.1101/2023.06.05.543757	fasciculates_with	manc:v1.2.1 260817	AN05A002_T1_R (MANC:13373)
VFB_jrcv0abi	ventral median tract of ventral cervical fasciculus	doi:10.1101/2023.06.05.543757	fasciculates_with	manc:v1.2.1 260817	TBD (MANC:13374)
VFB_jrcv0abj	ventral median tract of ventral cervical fasciculus	doi:10.1101/2023.06.05.543757	fasciculates_with	manc:v1.2.1 260817	TBD (MANC:13375)
VFB_jrcv0abk	ventral median tract of ventral cervical fasciculus	doi:10.1101/2023.06.05.543757	fasciculates_with	manc:v1.2.1 260817	AN09B021_T2_R (MANC:13376)
VFB_jrcv0abu	dorsal lateral tract of ventral cervical fasciculus	doi:10.1101/2023.06.05.543757	fasciculates_with	manc:v1.2.1 260817	AN08B029_T1_R (MANC:13386)
VFB_jrcv0abw	ventral median tract of ventral cervical fasciculus	doi:10.1101/2023.06.05.543757	fasciculates_with	manc:v1.2.1 260817	TBD (MANC:13388)
VFB_jrcv0abx	ventral median tract of ventral cervical fasciculus	doi:10.1101/2023.06.05.543757	fasciculates_with	manc:v1.2.1 260817	TBD (MANC:13389)
VFB_jrcv0aby	intermediate tract of dorsal cervical fasciculus - commissure of fine fibers	doi:10.1101/2023.06.05.543757	fasciculates_with	manc:v1.2.1 260817	AN06B031_T2_R (MANC:13390)
VFB_jrcv0abz	dorsal median tract of dorsal cervical fasciculus	doi:10.1101/2023.06.05.543757	fasciculates_with	manc:v1.2.1 260817	SApp27_DMetaN_L (MANC:13391)
VFB_jrcv0ac1	ventral median tract of ventral cervical fasciculus	doi:10.1101/2023.06.05.543757	fasciculates_with	manc:v1.2.1 260817	AN09B015_T2_R (MANC:13393)
VFB_jrcv0ac6	ventral median tract of ventral cervical fasciculus	doi:10.1101/2023.06.05.543757	fasciculates_with	manc:v1.2.1 260817	TBD (MANC:13398)
VFB_jrcv0ac8	dorsal median tract of dorsal cervical fasciculus	doi:10.1101/2023.06.05.543757	fasciculates_with	manc:v1.2.1 260817	AN06A014_T1_R (MANC:13400)
VFB_jrcv0ac9	median dorsal abdominal tract	doi:10.1101/2023.06.05.543757	fasciculates_with	manc:v1.2.1 260817	TBD (MANC:13401)
VFB_jrcv0acd	dorsal median tract of dorsal cervical fasciculus	doi:10.1101/2023.06.05.543757	fasciculates_with	manc:v1.2.1 260817	TBD (MANC:13405)
VFB_jrcv0acj	dorsal median tract of dorsal cervical fasciculus	doi:10.1101/2023.06.05.543757	fasciculates_with	manc:v1.2.1 260817	TBD (MANC:13411)
VFB_jrcv0ack	ventral median tract of ventral cervical fasciculus	doi:10.1101/2023.06.05.543757	fasciculates_with	manc:v1.2.1 260817	TBD (MANC:13412)
VFB_jrcv0acl	dorsal lateral tract of ventral cervical fasciculus	doi:10.1101/2023.06.05.543757	fasciculates_with	manc:v1.2.1 260817	AN08B052_T1_R (MANC:13413)
VFB_jrcv0aco	ventral median tract of ventral cervical fasciculus	doi:10.1101/2023.06.05.543757	fasciculates_with	manc:v1.2.1 260817	TBD (MANC:13416)
VFB_jrcv0acp	dorsal lateral tract of ventral cervical fasciculus	doi:10.1101/2023.06.05.543757	fasciculates_with	manc:v1.2.1 260817	TBD (MANC:13417)
VFB_jrcv0acr	dorsal lateral tract of ventral cervical fasciculus	doi:10.1101/2023.06.05.543757	fasciculates_with	manc:v1.2.1 260817	TBD (MANC:13419)
VFB_jrcv0acx	dorsal lateral tract of ventral cervical fasciculus	doi:10.1101/2023.06.05.543757	fasciculates_with	manc:v1.2.1 260817	TBD (MANC:13425)
VFB_jrcv0ad0	ventral median tract of ventral cervical fasciculus	doi:10.1101/2023.06.05.543757	fasciculates_with	manc:v1.2.1 260817	TBD (MANC:13428)
VFB_jrcv0ad1	dorsal lateral tract of ventral cervical fasciculus	doi:10.1101/2023.06.05.543757	fasciculates_with	manc:v1.2.1 260817	AN08B023_T1_R (MANC:13429)
VFB_jrcv0ad4	dorsal lateral tract of ventral cervical fasciculus	doi:10.1101/2023.06.05.543757	fasciculates_with	manc:v1.2.1 260817	AN08B032_T1_R (MANC:13432)
VFB_jrcv0ada	dorsal median tract of dorsal cervical fasciculus	doi:10.1101/2023.06.05.543757	fasciculates_with	manc:v1.2.1 260817	TBD (MANC:13438)
VFB_jrcv0add	ventral median tract of ventral cervical fasciculus	doi:10.1101/2023.06.05.543757	fasciculates_with	manc:v1.2.1 260817	AN05B004_T2_L (MANC:13441)
VFB_jrcv0adf	median dorsal abdominal tract	doi:10.1101/2023.06.05.543757	fasciculates_with	manc:v1.2.1 260817	TBD (MANC:13443)
VFB_jrcv0adm	intermediate tract of dorsal cervical fasciculus - commissure of fine fibers	doi:10.1101/2023.06.05.543757	fasciculates_with	manc:v1.2.1 260817	AN06B043_T2_L (MANC:13450)
VFB_jrcv0adq	intermediate tract of dorsal cervical fasciculus - commissure of fine fibers	doi:10.1101/2023.06.05.543757	fasciculates_with	manc:v1.2.1 260817	AN06B031_T2_L (MANC:13454)
VFB_jrcv0adu	ventral median tract of ventral cervical fasciculus	doi:10.1101/2023.06.05.543757	fasciculates_with	manc:v1.2.1 260817	TBD (MANC:13458)
VFB_jrcv0adz	ventral median tract of ventral cervical fasciculus	doi:10.1101/2023.06.05.543757	fasciculates_with	manc:v1.2.1 260817	AN09B018_T2_L (MANC:13463)
VFB_jrcv0ae2	dorsal median tract of dorsal cervical fasciculus	doi:10.1101/2023.06.05.543757	fasciculates_with	manc:v1.2.1 260817	TBD (MANC:13466)
VFB_jrcv0ae6	median dorsal abdominal tract	doi:10.1101/2023.06.05.543757	fasciculates_with	manc:v1.2.1 260817	AN05A001_T2_L (MANC:13470)
VFB_jrcv0ae9	dorsal lateral tract of ventral cervical fasciculus	doi:10.1101/2023.06.05.543757	fasciculates_with	manc:v1.2.1 260817	TBD (MANC:13473)
VFB_jrcv0aeb	ventral median tract of ventral cervical fasciculus	doi:10.1101/2023.06.05.543757	fasciculates_with	manc:v1.2.1 260817	TBD (MANC:13475)
VFB_jrcv0aeh	dorsal lateral tract of ventral cervical fasciculus	doi:10.1101/2023.06.05.543757	fasciculates_with	manc:v1.2.1 260817	TBD (MANC:13481)
VFB_jrcv0aej	dorsal median tract of dorsal cervical fasciculus	doi:10.1101/2023.06.05.543757	fasciculates_with	manc:v1.2.1 260817	TBD (MANC:13483)
VFB_jrcv0aek	ventral median tract of ventral cervical fasciculus	doi:10.1101/2023.06.05.543757	fasciculates_with	manc:v1.2.1 260817	AN23B019_T1_R (MANC:13484)
VFB_jrcv0aen	dorsal median tract of dorsal cervical fasciculus	doi:10.1101/2023.06.05.543757	fasciculates_with	manc:v1.2.1 260817	SApp31_DMetaN_R (MANC:13487)
VFB_jrcv0aep	dorsal lateral tract of ventral cervical fasciculus	doi:10.1101/2023.06.05.543757	fasciculates_with	manc:v1.2.1 260817	TBD (MANC:13489)
VFB_jrcv0aer	median dorsal abdominal tract	doi:10.1101/2023.06.05.543757	fasciculates_with	manc:v1.2.1 260817	TBD (MANC:13491)
VFB_jrcv0aes	dorsal lateral tract of dorsal cervical fasciculus	doi:10.1101/2023.06.05.543757	fasciculates_with	manc:v1.2.1 260817	AN19B033_T2_R (MANC:13492)
VFB_jrcv0af2	dorsal lateral tract of ventral cervical fasciculus	doi:10.1101/2023.06.05.543757	fasciculates_with	manc:v1.2.1 260817	TBD (MANC:13502)
VFB_jrcv0afd	dorsal median tract of dorsal cervical fasciculus	doi:10.1101/2023.06.05.543757	fasciculates_with	manc:v1.2.1 260817	AN07B033_T1_L (MANC:13513)
VFB_jrcv0afh	dorsal median tract of dorsal cervical fasciculus	doi:10.1101/2023.06.05.543757	fasciculates_with	manc:v1.2.1 260817	TBD (MANC:13517)
VFB_jrcv0afl	dorsal lateral tract of ventral cervical fasciculus	doi:10.1101/2023.06.05.543757	fasciculates_with	manc:v1.2.1 260817	AN08B023_T3_L (MANC:13521)
VFB_jrcv0afn	ventral median tract of ventral cervical fasciculus	doi:10.1101/2023.06.05.543757	fasciculates_with	manc:v1.2.1 260817	TBD (MANC:13523)
VFB_jrcv0afo	median dorsal abdominal tract	doi:10.1101/2023.06.05.543757	fasciculates_with	manc:v1.2.1 260817	AN27X003_T1_L (MANC:13524)
VFB_jrcv0afs	intermediate tract of dorsal cervical fasciculus - commissure of fine fibers	doi:10.1101/2023.06.05.543757	fasciculates_with	manc:v1.2.1 260817	AN06B043_T2_R (MANC:13528)
VFB_jrcv0afv	ventral median tract of ventral cervical fasciculus	doi:10.1101/2023.06.05.543757	fasciculates_with	manc:v1.2.1 260817	TBD (MANC:13531)
VFB_jrcv0ag3	dorsal median tract of dorsal cervical fasciculus	doi:10.1101/2023.06.05.543757	fasciculates_with	manc:v1.2.1 260817	AN07B062_T2_R (MANC:13539)
VFB_jrcv0ag5	ventral median tract of ventral cervical fasciculus	doi:10.1101/2023.06.05.543757	fasciculates_with	manc:v1.2.1 260817	TBD (MANC:13541)
VFB_jrcv0ag6	dorsal median tract of dorsal cervical fasciculus	doi:10.1101/2023.06.05.543757	fasciculates_with	manc:v1.2.1 260817	TBD (MANC:13542)
VFB_jrcv0agc	median dorsal abdominal tract	doi:10.1101/2023.06.05.543757	fasciculates_with	manc:v1.2.1 260817	TBD (MANC:13548)
VFB_jrcv0agh	dorsal lateral tract of ventral cervical fasciculus	doi:10.1101/2023.06.05.543757	fasciculates_with	manc:v1.2.1 260817	TBD (MANC:13553)
VFB_jrcv0agi	median dorsal abdominal tract	doi:10.1101/2023.06.05.543757	fasciculates_with	manc:v1.2.1 260817	AN05A001_T1_L (MANC:13554)
VFB_jrcv0agk	intermediate tract of dorsal cervical fasciculus - commissure of fine fibers	doi:10.1101/2023.06.05.543757	fasciculates_with	manc:v1.2.1 260817	TBD (MANC:13556)
VFB_jrcv0agq	ventral median tract of ventral cervical fasciculus	doi:10.1101/2023.06.05.543757	fasciculates_with	manc:v1.2.1 260817	AN09B020_A6_R (MANC:13562)
VFB_jrcv0ahg	ventral median tract of ventral cervical fasciculus	doi:10.1101/2023.06.05.543757	fasciculates_with	manc:v1.2.1 260817	AN05A004_T3_R (MANC:13588)
VFB_jrcv0ahk	dorsal lateral tract of ventral cervical fasciculus	doi:10.1101/2023.06.05.543757	fasciculates_with	manc:v1.2.1 260817	TBD (MANC:13592)
VFB_jrcv0ahn	dorsal lateral tract of ventral cervical fasciculus	doi:10.1101/2023.06.05.543757	fasciculates_with	manc:v1.2.1 260817	TBD (MANC:13595)
VFB_jrcv0aht	dorsal lateral tract of ventral cervical fasciculus	doi:10.1101/2023.06.05.543757	fasciculates_with	manc:v1.2.1 260817	AN08B048_T1_L (MANC:13601)
VFB_jrcv0ahv	intermediate tract of dorsal cervical fasciculus - commissure of fine fibers	doi:10.1101/2023.06.05.543757	fasciculates_with	manc:v1.2.1 260817	AN07B061_T2_L (MANC:13603)
VFB_jrcv0ahy	dorsal lateral tract of ventral cervical fasciculus	doi:10.1101/2023.06.05.543757	fasciculates_with	manc:v1.2.1 260817	AN08B011_T2_L (MANC:13606)
VFB_jrcv0ai5	ventral median tract of ventral cervical fasciculus	doi:10.1101/2023.06.05.543757	fasciculates_with	manc:v1.2.1 260817	TBD (MANC:13613)
VFB_jrcv0aia	ventral median tract of ventral cervical fasciculus	doi:10.1101/2023.06.05.543757	fasciculates_with	manc:v1.2.1 260817	AN09B013_T3_R (MANC:13618)
VFB_jrcv0aig	dorsal lateral tract of ventral cervical fasciculus	doi:10.1101/2023.06.05.543757	fasciculates_with	manc:v1.2.1 260817	AN12B004_T3_R (MANC:13624)
VFB_jrcv0aiq	ventral median tract of ventral cervical fasciculus	doi:10.1101/2023.06.05.543757	fasciculates_with	manc:v1.2.1 260817	AN09B010_T2_L (MANC:13634)
VFB_jrcv0aiw	dorsal lateral tract of ventral cervical fasciculus	doi:10.1101/2023.06.05.543757	fasciculates_with	manc:v1.2.1 260817	TBD (MANC:13640)
VFB_jrcv0aiz	dorsal lateral tract of dorsal cervical fasciculus	doi:10.1101/2023.06.05.543757	fasciculates_with	manc:v1.2.1 260817	AN27X005_T2_R (MANC:13643)
VFB_jrcv0aj7	ventral median tract of ventral cervical fasciculus	doi:10.1101/2023.06.05.543757	fasciculates_with	manc:v1.2.1 260817	AN23B019_T1_L (MANC:13651)
VFB_jrcv0ajg	dorsal median tract of dorsal cervical fasciculus	doi:10.1101/2023.06.05.543757	fasciculates_with	manc:v1.2.1 260817	TBD (MANC:13660)
VFB_jrcv0aju	dorsal lateral tract of ventral cervical fasciculus	doi:10.1101/2023.06.05.543757	fasciculates_with	manc:v1.2.1 260817	AN10B005_T3_L (MANC:13674)
VFB_jrcv0ajx	dorsal median tract of dorsal cervical fasciculus	doi:10.1101/2023.06.05.543757	fasciculates_with	manc:v1.2.1 260817	SAppxx_DMetaN_L (MANC:13677)
VFB_jrcv0ak3	intermediate tract of dorsal cervical fasciculus - commissure of fine fibers	doi:10.1101/2023.06.05.543757	fasciculates_with	manc:v1.2.1 260817	AN07B063_T3_R (MANC:13683)
VFB_jrcv0ak7	ventral median tract of ventral cervical fasciculus	doi:10.1101/2023.06.05.543757	fasciculates_with	manc:v1.2.1 260817	AN09B020_A6_L (MANC:13687)
VFB_jrcv0ak8	dorsal median tract of dorsal cervical fasciculus	doi:10.1101/2023.06.05.543757	fasciculates_with	manc:v1.2.1 260817	TBD (MANC:13688)
VFB_jrcv0akb	intermediate tract of dorsal cervical fasciculus - commissure of fine fibers	doi:10.1101/2023.06.05.543757	fasciculates_with	manc:v1.2.1 260817	AN07B035_T3_L (MANC:13691)
VFB_jrcv0akc	dorsal lateral tract of ventral cervical fasciculus	doi:10.1101/2023.06.05.543757	fasciculates_with	manc:v1.2.1 260817	TBD (MANC:13692)
VFB_jrcv0akd	dorsal lateral tract of ventral cervical fasciculus	doi:10.1101/2023.06.05.543757	fasciculates_with	manc:v1.2.1 260817	AN08B043_T1_L (MANC:13693)
VFB_jrcv0akh	median dorsal abdominal tract	doi:10.1101/2023.06.05.543757	fasciculates_with	manc:v1.2.1 260817	AN05A003_T3_L (MANC:13697)
VFB_jrcv0ako	dorsal lateral tract of ventral cervical fasciculus	doi:10.1101/2023.06.05.543757	fasciculates_with	manc:v1.2.1 260817	TBD (MANC:13704)
VFB_jrcv0akq	ventral median tract of ventral cervical fasciculus	doi:10.1101/2023.06.05.543757	fasciculates_with	manc:v1.2.1 260817	AN05B018_T2_R (MANC:13706)
VFB_jrcv0alg	median dorsal abdominal tract	doi:10.1101/2023.06.05.543757	fasciculates_with	manc:v1.2.1 260817	AN06B037_T1_L (MANC:13732)
VFB_jrcv0ali	dorsal median tract of dorsal cervical fasciculus	doi:10.1101/2023.06.05.543757	fasciculates_with	manc:v1.2.1 260817	TBD (MANC:13734)
VFB_jrcv0aln	dorsal lateral tract of ventral cervical fasciculus	doi:10.1101/2023.06.05.543757	fasciculates_with	manc:v1.2.1 260817	TBD (MANC:13739)
VFB_jrcv0alp	dorsal lateral tract of ventral cervical fasciculus	doi:10.1101/2023.06.05.543757	fasciculates_with	manc:v1.2.1 260817	AN10B005_T1_R (MANC:13741)
VFB_jrcv0alx	ventral median tract of ventral cervical fasciculus	doi:10.1101/2023.06.05.543757	fasciculates_with	manc:v1.2.1 260817	AN09B018_T2_R (MANC:13749)
VFB_jrcv0aly	dorsal median tract of dorsal cervical fasciculus	doi:10.1101/2023.06.05.543757	fasciculates_with	manc:v1.2.1 260817	TBD (MANC:13750)
VFB_jrcv0am6	dorsal lateral tract of ventral cervical fasciculus	doi:10.1101/2023.06.05.543757	fasciculates_with	manc:v1.2.1 260817	AN01B003_T1_R (MANC:13758)
VFB_jrcv0amc	dorsal median tract of dorsal cervical fasciculus	doi:10.1101/2023.06.05.543757	fasciculates_with	manc:v1.2.1 260817	TBD (MANC:13764)
VFB_jrcv0amm	dorsal lateral tract of ventral cervical fasciculus	doi:10.1101/2023.06.05.543757	fasciculates_with	manc:v1.2.1 260817	AN08B022_A1_L (MANC:13774)
VFB_jrcv0amo	ventral lateral tract of ventral cervical fasciculus	doi:10.1101/2023.06.05.543757	fasciculates_with	manc:v1.2.1 260817	TBD (MANC:13776)
VFB_jrcv0amp	intermediate tract of dorsal cervical fasciculus - commissure of fine fibers	doi:10.1101/2023.06.05.543757	fasciculates_with	manc:v1.2.1 260817	TBD (MANC:13777)
VFB_jrcv0amr	intermediate tract of dorsal cervical fasciculus - commissure of fine fibers	doi:10.1101/2023.06.05.543757	fasciculates_with	manc:v1.2.1 260817	AN18B014_T1_L (MANC:13779)
VFB_jrcv0amv	dorsal lateral tract of ventral cervical fasciculus	doi:10.1101/2023.06.05.543757	fasciculates_with	manc:v1.2.1 260817	AN01B003_T1_L (MANC:13783)
VFB_jrcv0amz	dorsal lateral tract of ventral cervical fasciculus	doi:10.1101/2023.06.05.543757	fasciculates_with	manc:v1.2.1 260817	AN08B035_T1_L (MANC:13787)
VFB_jrcv0an0	dorsal lateral tract of ventral cervical fasciculus	doi:10.1101/2023.06.05.543757	fasciculates_with	manc:v1.2.1 260817	AN12B006_T2_R (MANC:13788)
VFB_jrcv0an2	intermediate tract of dorsal cervical fasciculus - commissure of fine fibers	doi:10.1101/2023.06.05.543757	fasciculates_with	manc:v1.2.1 260817	TBD (MANC:13790)
VFB_jrcv0an4	ventral median tract of ventral cervical fasciculus	doi:10.1101/2023.06.05.543757	fasciculates_with	manc:v1.2.1 260817	AN05B006_T2_R (MANC:13792)
VFB_jrcv0and	dorsal median tract of dorsal cervical fasciculus	doi:10.1101/2023.06.05.543757	fasciculates_with	manc:v1.2.1 260817	TBD (MANC:13801)
VFB_jrcv0ang	ventral lateral tract of ventral cervical fasciculus	doi:10.1101/2023.06.05.543757	fasciculates_with	manc:v1.2.1 260817	TBD (MANC:13804)
VFB_jrcv0anl	dorsal median tract of dorsal cervical fasciculus	doi:10.1101/2023.06.05.543757	fasciculates_with	manc:v1.2.1 260817	TBD (MANC:13809)
VFB_jrcv0anm	median dorsal abdominal tract	doi:10.1101/2023.06.05.543757	fasciculates_with	manc:v1.2.1 260817	TBD (MANC:13810)
VFB_jrcv0ano	dorsal median tract of dorsal cervical fasciculus	doi:10.1101/2023.06.05.543757	fasciculates_with	manc:v1.2.1 260817	AN06B035_T1_R (MANC:13812)
VFB_jrcv0anw	ventral median tract of ventral cervical fasciculus	doi:10.1101/2023.06.05.543757	fasciculates_with	manc:v1.2.1 260817	TBD (MANC:13820)
VFB_jrcv0anz	ventral median tract of ventral cervical fasciculus	doi:10.1101/2023.06.05.543757	fasciculates_with	manc:v1.2.1 260817	TBD (MANC:13823)
VFB_jrcv0ao4	median dorsal abdominal tract	doi:10.1101/2023.06.05.543757	fasciculates_with	manc:v1.2.1 260817	AN05A001_T2_L (MANC:13828)
VFB_jrcv0ao7	dorsal median tract of dorsal cervical fasciculus	doi:10.1101/2023.06.05.543757	fasciculates_with	manc:v1.2.1 260817	SApp04_ADMN_L (MANC:13831)
VFB_jrcv0aoa	ventral lateral tract of ventral cervical fasciculus	doi:10.1101/2023.06.05.543757	fasciculates_with	manc:v1.2.1 260817	TBD (MANC:13834)
VFB_jrcv0aod	intermediate tract of dorsal cervical fasciculus - commissure of fine fibers	doi:10.1101/2023.06.05.543757	fasciculates_with	manc:v1.2.1 260817	TBD (MANC:13837)
VFB_jrcv0aog	median dorsal abdominal tract	doi:10.1101/2023.06.05.543757	fasciculates_with	manc:v1.2.1 260817	TBD (MANC:13840)
VFB_jrcv0aol	ventral lateral tract of ventral cervical fasciculus	doi:10.1101/2023.06.05.543757	fasciculates_with	manc:v1.2.1 260817	TBD (MANC:13845)
VFB_jrcv0aoo	dorsal lateral tract of dorsal cervical fasciculus	doi:10.1101/2023.06.05.543757	fasciculates_with	manc:v1.2.1 260817	TBD (MANC:13848)
VFB_jrcv0aop	ventral median tract of ventral cervical fasciculus	doi:10.1101/2023.06.05.543757	fasciculates_with	manc:v1.2.1 260817	AN09B015_T2_L (MANC:13849)
VFB_jrcv0ap2	intermediate tract of dorsal cervical fasciculus - commissure of fine fibers	doi:10.1101/2023.06.05.543757	fasciculates_with	manc:v1.2.1 260817	TBD (MANC:13862)
VFB_jrcv0apa	ventral median tract of ventral cervical fasciculus	doi:10.1101/2023.06.05.543757	fasciculates_with	manc:v1.2.1 260817	AN05B018_T2_L (MANC:13870)
VFB_jrcv0apj	ventral median tract of ventral cervical fasciculus	doi:10.1101/2023.06.05.543757	fasciculates_with	manc:v1.2.1 260817	TBD (MANC:13879)
VFB_jrcv0apl	dorsal lateral tract of ventral cervical fasciculus	doi:10.1101/2023.06.05.543757	fasciculates_with	manc:v1.2.1 260817	AN08B023_T2_L (MANC:13881)
VFB_jrcv0apm	ventral median tract of ventral cervical fasciculus	doi:10.1101/2023.06.05.543757	fasciculates_with	manc:v1.2.1 260817	AN09B019_T2_R (MANC:13882)
VFB_jrcv0apt	dorsal lateral tract of dorsal cervical fasciculus	doi:10.1101/2023.06.05.543757	fasciculates_with	manc:v1.2.1 260817	AN19B029_T2_R (MANC:13889)
VFB_jrcv0apu	dorsal median tract of dorsal cervical fasciculus	doi:10.1101/2023.06.05.543757	fasciculates_with	manc:v1.2.1 260817	SApp26_DMetaN_L (MANC:13890)
VFB_jrcv0apw	dorsal median tract of dorsal cervical fasciculus	doi:10.1101/2023.06.05.543757	fasciculates_with	manc:v1.2.1 260817	TBD (MANC:13892)
VFB_jrcv0aq4	dorsal median tract of dorsal cervical fasciculus	doi:10.1101/2023.06.05.543757	fasciculates_with	manc:v1.2.1 260817	TBD (MANC:13900)
VFB_jrcv0aq7	intermediate tract of dorsal cervical fasciculus - commissure of fine fibers	doi:10.1101/2023.06.05.543757	fasciculates_with	manc:v1.2.1 260817	TBD (MANC:13903)
VFB_jrcv0aqk	dorsal lateral tract of dorsal cervical fasciculus	doi:10.1101/2023.06.05.543757	fasciculates_with	manc:v1.2.1 260817	TBD (MANC:13916)
VFB_jrcv0aql	dorsal lateral tract of ventral cervical fasciculus	doi:10.1101/2023.06.05.543757	fasciculates_with	manc:v1.2.1 260817	AN08B031_T1_R (MANC:13917)
VFB_jrcv0aqu	dorsal lateral tract of dorsal cervical fasciculus	doi:10.1101/2023.06.05.543757	fasciculates_with	manc:v1.2.1 260817	AN27X003_T2_L (MANC:13926)
VFB_jrcv0ar0	dorsal lateral tract of dorsal cervical fasciculus	doi:10.1101/2023.06.05.543757	fasciculates_with	manc:v1.2.1 260817	AN19B033_T3_R (MANC:13932)
VFB_jrcv0ar2	dorsal lateral tract of ventral cervical fasciculus	doi:10.1101/2023.06.05.543757	fasciculates_with	manc:v1.2.1 260817	AN12B006_T3_R (MANC:13934)
VFB_jrcv0ar9	dorsal lateral tract of ventral cervical fasciculus	doi:10.1101/2023.06.05.543757	fasciculates_with	manc:v1.2.1 260817	AN08B032_T1_L (MANC:13941)
VFB_jrcv0are	median dorsal abdominal tract	doi:10.1101/2023.06.05.543757	fasciculates_with	manc:v1.2.1 260817	TBD (MANC:13946)
VFB_jrcv0ari	intermediate tract of dorsal cervical fasciculus - commissure of fine fibers	doi:10.1101/2023.06.05.543757	fasciculates_with	manc:v1.2.1 260817	AN06A018_T1_L (MANC:13950)
VFB_jrcv0arj	ventral median tract of ventral cervical fasciculus	doi:10.1101/2023.06.05.543757	fasciculates_with	manc:v1.2.1 260817	TBD (MANC:13951)
VFB_jrcv0arp	dorsal lateral tract of ventral cervical fasciculus	doi:10.1101/2023.06.05.543757	fasciculates_with	manc:v1.2.1 260817	AN10B005_T1_R (MANC:13957)
VFB_jrcv0arq	dorsal median tract of dorsal cervical fasciculus	doi:10.1101/2023.06.05.543757	fasciculates_with	manc:v1.2.1 260817	SApp21_DMetaN_R (MANC:13958)
VFB_jrcv0arr	ventral median tract of ventral cervical fasciculus	doi:10.1101/2023.06.05.543757	fasciculates_with	manc:v1.2.1 260817	AN09B026_A2_L (MANC:13959)
VFB_jrcv0art	dorsal median tract of dorsal cervical fasciculus	doi:10.1101/2023.06.05.543757	fasciculates_with	manc:v1.2.1 260817	SApp24_DMetaN_L (MANC:13961)
VFB_jrcv0arw	median dorsal abdominal tract	doi:10.1101/2023.06.05.543757	fasciculates_with	manc:v1.2.1 260817	TBD (MANC:13964)
VFB_jrcv0as2	dorsal median tract of dorsal cervical fasciculus	doi:10.1101/2023.06.05.543757	fasciculates_with	manc:v1.2.1 260817	AN10B001_T2_R (MANC:13970)
VFB_jrcv0as5	ventral median tract of ventral cervical fasciculus	doi:10.1101/2023.06.05.543757	fasciculates_with	manc:v1.2.1 260817	AN09A006_T1_R (MANC:13973)
VFB_jrcv0as9	ventral median tract of ventral cervical fasciculus	doi:10.1101/2023.06.05.543757	fasciculates_with	manc:v1.2.1 260817	AN05B019_T3_R (MANC:13977)
VFB_jrcv0asb	intermediate tract of dorsal cervical fasciculus - commissure of fine fibers	doi:10.1101/2023.06.05.543757	fasciculates_with	manc:v1.2.1 260817	TBD (MANC:13979)
VFB_jrcv0asd	ventral median tract of ventral cervical fasciculus	doi:10.1101/2023.06.05.543757	fasciculates_with	manc:v1.2.1 260817	AN09B023_T2_R (MANC:13981)
VFB_jrcv0asg	dorsal lateral tract of ventral cervical fasciculus	doi:10.1101/2023.06.05.543757	fasciculates_with	manc:v1.2.1 260817	AN09B005_T3_R (MANC:13984)
VFB_jrcv0asj	dorsal lateral tract of ventral cervical fasciculus	doi:10.1101/2023.06.05.543757	fasciculates_with	manc:v1.2.1 260817	AN08B011_T2_R (MANC:13987)
VFB_jrcv0ask	ventral median tract of ventral cervical fasciculus	doi:10.1101/2023.06.05.543757	fasciculates_with	manc:v1.2.1 260817	AN09B024_T2_L (MANC:13988)
VFB_jrcv0asp	median dorsal abdominal tract	doi:10.1101/2023.06.05.543757	fasciculates_with	manc:v1.2.1 260817	AN06B037_T1_R (MANC:13993)
VFB_jrcv0ast	dorsal median tract of dorsal cervical fasciculus	doi:10.1101/2023.06.05.543757	fasciculates_with	manc:v1.2.1 260817	SApp31_DMetaN_R (MANC:13997)
VFB_jrcv0asx	ventral median tract of ventral cervical fasciculus	doi:10.1101/2023.06.05.543757	fasciculates_with	manc:v1.2.1 260817	TBD (MANC:14001)
VFB_jrcv0at0	dorsal median tract of dorsal cervical fasciculus	doi:10.1101/2023.06.05.543757	fasciculates_with	manc:v1.2.1 260817	AN07B022_T2_R (MANC:14004)
VFB_jrcv0at2	ventral median tract of ventral cervical fasciculus	doi:10.1101/2023.06.05.543757	fasciculates_with	manc:v1.2.1 260817	AN09B013_T3_L (MANC:14006)
VFB_jrcv0at3	dorsal lateral tract of dorsal cervical fasciculus	doi:10.1101/2023.06.05.543757	fasciculates_with	manc:v1.2.1 260817	TBD (MANC:14007)
VFB_jrcv0at5	median dorsal abdominal tract	doi:10.1101/2023.06.05.543757	fasciculates_with	manc:v1.2.1 260817	TBD (MANC:14009)
VFB_jrcv0at9	ventral lateral tract of ventral cervical fasciculus	doi:10.1101/2023.06.05.543757	fasciculates_with	manc:v1.2.1 260817	AN04B014_T2_L (MANC:14013)
VFB_jrcv0ate	median dorsal abdominal tract	doi:10.1101/2023.06.05.543757	fasciculates_with	manc:v1.2.1 260817	TBD (MANC:14018)
VFB_jrcv0atp	intermediate tract of dorsal cervical fasciculus - commissure of fine fibers	doi:10.1101/2023.06.05.543757	fasciculates_with	manc:v1.2.1 260817	AN06B013_A1_L (MANC:14029)
VFB_jrcv0atv	dorsal lateral tract of ventral cervical fasciculus	doi:10.1101/2023.06.05.543757	fasciculates_with	manc:v1.2.1 260817	TBD (MANC:14035)
VFB_jrcv0au2	dorsal lateral tract of dorsal cervical fasciculus	doi:10.1101/2023.06.05.543757	fasciculates_with	manc:v1.2.1 260817	TBD (MANC:14042)
VFB_jrcv0au4	ventral median tract of ventral cervical fasciculus	doi:10.1101/2023.06.05.543757	fasciculates_with	manc:v1.2.1 260817	TBD (MANC:14044)
VFB_jrcv0au5	dorsal lateral tract of ventral cervical fasciculus	doi:10.1101/2023.06.05.543757	fasciculates_with	manc:v1.2.1 260817	AN08B023_T1_L (MANC:14045)
VFB_jrcv0au9	dorsal lateral tract of ventral cervical fasciculus	doi:10.1101/2023.06.05.543757	fasciculates_with	manc:v1.2.1 260817	AN08B038_T3_R (MANC:14049)
VFB_jrcv0aua	dorsal lateral tract of ventral cervical fasciculus	doi:10.1101/2023.06.05.543757	fasciculates_with	manc:v1.2.1 260817	AN12B004_T3_L (MANC:14050)
VFB_jrcv0aul	dorsal median tract of dorsal cervical fasciculus	doi:10.1101/2023.06.05.543757	fasciculates_with	manc:v1.2.1 260817	TBD (MANC:14061)
VFB_jrcv0aun	dorsal lateral tract of ventral cervical fasciculus	doi:10.1101/2023.06.05.543757	fasciculates_with	manc:v1.2.1 260817	TBD (MANC:14063)
VFB_jrcv0auy	dorsal lateral tract of ventral cervical fasciculus	doi:10.1101/2023.06.05.543757	fasciculates_with	manc:v1.2.1 260817	TBD (MANC:14074)
VFB_jrcv0avs	dorsal median tract of dorsal cervical fasciculus	doi:10.1101/2023.06.05.543757	fasciculates_with	manc:v1.2.1 260817	AN18B006_T2_R (MANC:14104)
VFB_jrcv0avy	dorsal median tract of dorsal cervical fasciculus	doi:10.1101/2023.06.05.543757	fasciculates_with	manc:v1.2.1 260817	SApp04_ADMN_L (MANC:14110)
VFB_jrcv0aw2	ventral median tract of ventral cervical fasciculus	doi:10.1101/2023.06.05.543757	fasciculates_with	manc:v1.2.1 260817	AN05B021_T3_R (MANC:14114)
VFB_jrcv0aw3	ventral median tract of ventral cervical fasciculus	doi:10.1101/2023.06.05.543757	fasciculates_with	manc:v1.2.1 260817	AN05B013_T1_R (MANC:14115)
VFB_jrcv0aw6	dorsal lateral tract of ventral cervical fasciculus	doi:10.1101/2023.06.05.543757	fasciculates_with	manc:v1.2.1 260817	AN08B110_T1_R (MANC:14118)
VFB_jrcv0awg	dorsal lateral tract of ventral cervical fasciculus	doi:10.1101/2023.06.05.543757	fasciculates_with	manc:v1.2.1 260817	AN01B003_T2_L (MANC:14128)
VFB_jrcv0awq	dorsal median tract of dorsal cervical fasciculus	doi:10.1101/2023.06.05.543757	fasciculates_with	manc:v1.2.1 260817	AN06B038_T1_L (MANC:14138)
VFB_jrcv0awt	median dorsal abdominal tract	doi:10.1101/2023.06.05.543757	fasciculates_with	manc:v1.2.1 260817	TBD (MANC:14141)
VFB_jrcv0ax2	ventral median tract of ventral cervical fasciculus	doi:10.1101/2023.06.05.543757	fasciculates_with	manc:v1.2.1 260817	AN09B027_T3_R (MANC:14150)
VFB_jrcv0axe	dorsal median tract of dorsal cervical fasciculus	doi:10.1101/2023.06.05.543757	fasciculates_with	manc:v1.2.1 260817	SApp26_DMetaN_L (MANC:14162)
VFB_jrcv0axp	ventral median tract of ventral cervical fasciculus	doi:10.1101/2023.06.05.543757	fasciculates_with	manc:v1.2.1 260817	AN09B023_T2_L (MANC:14173)
VFB_jrcv0ay3	intermediate tract of dorsal cervical fasciculus - commissure of fine fibers	doi:10.1101/2023.06.05.543757	fasciculates_with	manc:v1.2.1 260817	TBD (MANC:14187)
VFB_jrcv0aya	dorsal median tract of dorsal cervical fasciculus	doi:10.1101/2023.06.05.543757	fasciculates_with	manc:v1.2.1 260817	TBD (MANC:14194)
VFB_jrcv0ayd	dorsal lateral tract of ventral cervical fasciculus	doi:10.1101/2023.06.05.543757	fasciculates_with	manc:v1.2.1 260817	AN08B031_T1_L (MANC:14197)
VFB_jrcv0ayp	dorsal median tract of dorsal cervical fasciculus	doi:10.1101/2023.06.05.543757	fasciculates_with	manc:v1.2.1 260817	SApp04_ADMN_L (MANC:14209)
VFB_jrcv0ays	dorsal median tract of dorsal cervical fasciculus	doi:10.1101/2023.06.05.543757	fasciculates_with	manc:v1.2.1 260817	SApp18_DMetaN_R (MANC:14212)
VFB_jrcv0ayu	dorsal median tract of dorsal cervical fasciculus	doi:10.1101/2023.06.05.543757	fasciculates_with	manc:v1.2.1 260817	AN07B030_T1_L (MANC:14214)
VFB_jrcv0ayw	dorsal lateral tract of dorsal cervical fasciculus	doi:10.1101/2023.06.05.543757	fasciculates_with	manc:v1.2.1 260817	AN19B040_T1_R (MANC:14216)
VFB_jrcv0az7	ventral median tract of ventral cervical fasciculus	doi:10.1101/2023.06.05.543757	fasciculates_with	manc:v1.2.1 260817	AN05A002_T1_L (MANC:14227)
VFB_jrcv0az8	ventral median tract of ventral cervical fasciculus	doi:10.1101/2023.06.05.543757	fasciculates_with	manc:v1.2.1 260817	TBD (MANC:14228)
VFB_jrcv0azo	median dorsal abdominal tract	doi:10.1101/2023.06.05.543757	fasciculates_with	manc:v1.2.1 260817	TBD (MANC:14244)
VFB_jrcv0azs	ventral median tract of ventral cervical fasciculus	doi:10.1101/2023.06.05.543757	fasciculates_with	manc:v1.2.1 260817	TBD (MANC:14248)
VFB_jrcv0b01	intermediate tract of dorsal cervical fasciculus - commissure of fine fibers	doi:10.1101/2023.06.05.543757	fasciculates_with	manc:v1.2.1 260817	TBD (MANC:14257)
VFB_jrcv0b08	ventral median tract of ventral cervical fasciculus	doi:10.1101/2023.06.05.543757	fasciculates_with	manc:v1.2.1 260817	AN09B024_T2_R (MANC:14264)
VFB_jrcv0b0o	dorsal median tract of dorsal cervical fasciculus	doi:10.1101/2023.06.05.543757	fasciculates_with	manc:v1.2.1 260817	AN11B011_T1_R (MANC:14280)
VFB_jrcv0b0p	dorsal median tract of dorsal cervical fasciculus	doi:10.1101/2023.06.05.543757	fasciculates_with	manc:v1.2.1 260817	AN23B001_T2_R (MANC:14281)
VFB_jrcv0b0q	ventral median tract of ventral cervical fasciculus	doi:10.1101/2023.06.05.543757	fasciculates_with	manc:v1.2.1 260817	TBD (MANC:14282)
VFB_jrcv0b0s	dorsal lateral tract of ventral cervical fasciculus	doi:10.1101/2023.06.05.543757	fasciculates_with	manc:v1.2.1 260817	TBD (MANC:14284)
VFB_jrcv0b0t	dorsal lateral tract of dorsal cervical fasciculus	doi:10.1101/2023.06.05.543757	fasciculates_with	manc:v1.2.1 260817	TBD (MANC:14285)
VFB_jrcv0b0x	dorsal lateral tract of ventral cervical fasciculus	doi:10.1101/2023.06.05.543757	fasciculates_with	manc:v1.2.1 260817	AN08B035_T1_R (MANC:14289)
VFB_jrcv0b19	ventral median tract of ventral cervical fasciculus	doi:10.1101/2023.06.05.543757	fasciculates_with	manc:v1.2.1 260817	TBD (MANC:14301)
VFB_jrcv0b1b	median dorsal abdominal tract	doi:10.1101/2023.06.05.543757	fasciculates_with	manc:v1.2.1 260817	TBD (MANC:14303)
VFB_jrcv0b1f	dorsal median tract of dorsal cervical fasciculus	doi:10.1101/2023.06.05.543757	fasciculates_with	manc:v1.2.1 260817	TBD (MANC:14307)
VFB_jrcv0b1q	ventral median tract of ventral cervical fasciculus	doi:10.1101/2023.06.05.543757	fasciculates_with	manc:v1.2.1 260817	AN05B013_T1_L (MANC:14318)
VFB_jrcv0b22	ventral lateral tract of ventral cervical fasciculus	doi:10.1101/2023.06.05.543757	fasciculates_with	manc:v1.2.1 260817	TBD (MANC:14330)
VFB_jrcv0b26	dorsal lateral tract of dorsal cervical fasciculus	doi:10.1101/2023.06.05.543757	fasciculates_with	manc:v1.2.1 260817	AN19B033_T2_L (MANC:14334)
VFB_jrcv0b29	dorsal median tract of dorsal cervical fasciculus	doi:10.1101/2023.06.05.543757	fasciculates_with	manc:v1.2.1 260817	TBD (MANC:14337)
VFB_jrcv0b2c	dorsal median tract of dorsal cervical fasciculus	doi:10.1101/2023.06.05.543757	fasciculates_with	manc:v1.2.1 260817	TBD (MANC:14340)
VFB_jrcv0b2j	ventral median tract of ventral cervical fasciculus	doi:10.1101/2023.06.05.543757	fasciculates_with	manc:v1.2.1 260817	TBD (MANC:14347)
VFB_jrcv0b2m	ventral median tract of ventral cervical fasciculus	doi:10.1101/2023.06.05.543757	fasciculates_with	manc:v1.2.1 260817	TBD (MANC:14350)
VFB_jrcv0b2r	dorsal median tract of dorsal cervical fasciculus	doi:10.1101/2023.06.05.543757	fasciculates_with	manc:v1.2.1 260817	AN07B030_T1_R (MANC:14355)
VFB_jrcv0b3c	median dorsal abdominal tract	doi:10.1101/2023.06.05.543757	fasciculates_with	manc:v1.2.1 260817	AN06B037_T3_L (MANC:14376)
VFB_jrcv0b3v	ventral median tract of ventral cervical fasciculus	doi:10.1101/2023.06.05.543757	fasciculates_with	manc:v1.2.1 260817	AN09B027_T3_L (MANC:14395)
VFB_jrcv0b49	intermediate tract of dorsal cervical fasciculus - commissure of fine fibers	doi:10.1101/2023.06.05.543757	fasciculates_with	manc:v1.2.1 260817	TBD (MANC:14409)
VFB_jrcv0b4c	dorsal lateral tract of dorsal cervical fasciculus	doi:10.1101/2023.06.05.543757	fasciculates_with	manc:v1.2.1 260817	AN19B020_T3_R (MANC:14412)
VFB_jrcv0b4d	intermediate tract of dorsal cervical fasciculus - commissure of fine fibers	doi:10.1101/2023.06.05.543757	fasciculates_with	manc:v1.2.1 260817	AN06B041_T3_L (MANC:14413)
VFB_jrcv0b4e	dorsal median tract of dorsal cervical fasciculus	doi:10.1101/2023.06.05.543757	fasciculates_with	manc:v1.2.1 260817	SApp21_DMetaN_L (MANC:14414)
VFB_jrcv0b4j	dorsal median tract of dorsal cervical fasciculus	doi:10.1101/2023.06.05.543757	fasciculates_with	manc:v1.2.1 260817	TBD (MANC:14419)
VFB_jrcv0b4m	ventral median tract of ventral cervical fasciculus	doi:10.1101/2023.06.05.543757	fasciculates_with	manc:v1.2.1 260817	TBD (MANC:14422)
VFB_jrcv0b56	ventral median tract of ventral cervical fasciculus	doi:10.1101/2023.06.05.543757	fasciculates_with	manc:v1.2.1 260817	AN05A004_T3_L (MANC:14442)
VFB_jrcv0b57	intermediate tract of dorsal cervical fasciculus - commissure of fine fibers	doi:10.1101/2023.06.05.543757	fasciculates_with	manc:v1.2.1 260817	AN07B030_T3_L (MANC:14443)
VFB_jrcv0b58	dorsal lateral tract of ventral cervical fasciculus	doi:10.1101/2023.06.05.543757	fasciculates_with	manc:v1.2.1 260817	AN08B048_T1_R (MANC:14444)
VFB_jrcv0b5i	intermediate tract of dorsal cervical fasciculus - commissure of fine fibers	doi:10.1101/2023.06.05.543757	fasciculates_with	manc:v1.2.1 260817	AN06B049_T2_R (MANC:14454)
VFB_jrcv0b5n	intermediate tract of dorsal cervical fasciculus - commissure of fine fibers	doi:10.1101/2023.06.05.543757	fasciculates_with	manc:v1.2.1 260817	AN06B039_T2_R (MANC:14459)
VFB_jrcv0b5s	dorsal median tract of dorsal cervical fasciculus	doi:10.1101/2023.06.05.543757	fasciculates_with	manc:v1.2.1 260817	AN07B066_T1_R (MANC:14464)
VFB_jrcv0b60	dorsal lateral tract of dorsal cervical fasciculus	doi:10.1101/2023.06.05.543757	fasciculates_with	manc:v1.2.1 260817	AN19B033_T3_L (MANC:14472)
VFB_jrcv0b6d	dorsal median tract of dorsal cervical fasciculus	doi:10.1101/2023.06.05.543757	fasciculates_with	manc:v1.2.1 260817	TBD (MANC:14485)
VFB_jrcv0b6f	ventral median tract of ventral cervical fasciculus	doi:10.1101/2023.06.05.543757	fasciculates_with	manc:v1.2.1 260817	TBD (MANC:14487)
VFB_jrcv0b6i	dorsal median tract of dorsal cervical fasciculus	doi:10.1101/2023.06.05.543757	fasciculates_with	manc:v1.2.1 260817	SApp30_DMetaN_L (MANC:14490)
VFB_jrcv0b6s	ventral median tract of ventral cervical fasciculus	doi:10.1101/2023.06.05.543757	fasciculates_with	manc:v1.2.1 260817	TBD (MANC:14500)
VFB_jrcv0b72	ventral median tract of ventral cervical fasciculus	doi:10.1101/2023.06.05.543757	fasciculates_with	manc:v1.2.1 260817	TBD (MANC:14510)
VFB_jrcv0b77	ventral median tract of ventral cervical fasciculus	doi:10.1101/2023.06.05.543757	fasciculates_with	manc:v1.2.1 260817	AN01A033_T1_R (MANC:14515)
VFB_jrcv0b7e	median dorsal abdominal tract	doi:10.1101/2023.06.05.543757	fasciculates_with	manc:v1.2.1 260817	TBD (MANC:14522)
VFB_jrcv0b7f	dorsal median tract of dorsal cervical fasciculus	doi:10.1101/2023.06.05.543757	fasciculates_with	manc:v1.2.1 260817	TBD (MANC:14523)
VFB_jrcv0b7h	ventral median tract of ventral cervical fasciculus	doi:10.1101/2023.06.05.543757	fasciculates_with	manc:v1.2.1 260817	TBD (MANC:14525)
VFB_jrcv0b7l	dorsal median tract of dorsal cervical fasciculus	doi:10.1101/2023.06.05.543757	fasciculates_with	manc:v1.2.1 260817	AN06B038_T1_R (MANC:14529)
VFB_jrcv0b7n	dorsal lateral tract of ventral cervical fasciculus	doi:10.1101/2023.06.05.543757	fasciculates_with	manc:v1.2.1 260817	AN10B005_T3_R (MANC:14531)
VFB_jrcv0b7o	intermediate tract of dorsal cervical fasciculus - commissure of fine fibers	doi:10.1101/2023.06.05.543757	fasciculates_with	manc:v1.2.1 260817	AN08B091_T3_R (MANC:14532)
VFB_jrcv0b7p	ventral median tract of ventral cervical fasciculus	doi:10.1101/2023.06.05.543757	fasciculates_with	manc:v1.2.1 260817	AN05B019_T2_L (MANC:14533)
VFB_jrcv0b80	dorsal lateral tract of ventral cervical fasciculus	doi:10.1101/2023.06.05.543757	fasciculates_with	manc:v1.2.1 260817	AN08B031_T1_R (MANC:14544)
VFB_jrcv0b82	ventral median tract of ventral cervical fasciculus	doi:10.1101/2023.06.05.543757	fasciculates_with	manc:v1.2.1 260817	AN10B003_T1_R (MANC:14546)
VFB_jrcv0b89	dorsal lateral tract of dorsal cervical fasciculus	doi:10.1101/2023.06.05.543757	fasciculates_with	manc:v1.2.1 260817	AN19B016_T1_R (MANC:14553)
VFB_jrcv0b8d	dorsal lateral tract of ventral cervical fasciculus	doi:10.1101/2023.06.05.543757	fasciculates_with	manc:v1.2.1 260817	TBD (MANC:14557)
VFB_jrcv0b8v	ventral median tract of ventral cervical fasciculus	doi:10.1101/2023.06.05.543757	fasciculates_with	manc:v1.2.1 260817	TBD (MANC:14575)
VFB_jrcv0b95	median dorsal abdominal tract	doi:10.1101/2023.06.05.543757	fasciculates_with	manc:v1.2.1 260817	TBD (MANC:14585)
VFB_jrcv0b9k	dorsal lateral tract of dorsal cervical fasciculus	doi:10.1101/2023.06.05.543757	fasciculates_with	manc:v1.2.1 260817	AN19B026_T3_L (MANC:14600)
VFB_jrcv0b9q	dorsal lateral tract of ventral cervical fasciculus	doi:10.1101/2023.06.05.543757	fasciculates_with	manc:v1.2.1 260817	AN08B065_T1_L (MANC:14606)
VFB_jrcv0ba3	dorsal median tract of dorsal cervical fasciculus	doi:10.1101/2023.06.05.543757	fasciculates_with	manc:v1.2.1 260817	SAppxx_DMetaN_R (MANC:14619)
VFB_jrcv0ba7	ventral median tract of ventral cervical fasciculus	doi:10.1101/2023.06.05.543757	fasciculates_with	manc:v1.2.1 260817	TBD (MANC:14623)
VFB_jrcv0bab	dorsal median tract of dorsal cervical fasciculus	doi:10.1101/2023.06.05.543757	fasciculates_with	manc:v1.2.1 260817	SApp28_DMetaN_R (MANC:14627)
VFB_jrcv0bad	intermediate tract of dorsal cervical fasciculus - commissure of fine fibers	doi:10.1101/2023.06.05.543757	fasciculates_with	manc:v1.2.1 260817	TBD (MANC:14629)
VFB_jrcv0bak	ventral median tract of ventral cervical fasciculus	doi:10.1101/2023.06.05.543757	fasciculates_with	manc:v1.2.1 260817	AN09B023_T1_R (MANC:14636)
VFB_jrcv0bal	dorsal lateral tract of dorsal cervical fasciculus	doi:10.1101/2023.06.05.543757	fasciculates_with	manc:v1.2.1 260817	TBD (MANC:14637)
VFB_jrcv0bam	dorsal lateral tract of dorsal cervical fasciculus	doi:10.1101/2023.06.05.543757	fasciculates_with	manc:v1.2.1 260817	TBD (MANC:14638)
VFB_jrcv0bau	dorsal lateral tract of ventral cervical fasciculus	doi:10.1101/2023.06.05.543757	fasciculates_with	manc:v1.2.1 260817	AN08B044_T1_R (MANC:14646)
VFB_jrcv0bb2	dorsal lateral tract of ventral cervical fasciculus	doi:10.1101/2023.06.05.543757	fasciculates_with	manc:v1.2.1 260817	AN12B004_T1_L (MANC:14654)
VFB_jrcv0bbk	ventral median tract of ventral cervical fasciculus	doi:10.1101/2023.06.05.543757	fasciculates_with	manc:v1.2.1 260817	AN05B009_T2_R (MANC:14672)
VFB_jrcv0bbp	dorsal lateral tract of dorsal cervical fasciculus	doi:10.1101/2023.06.05.543757	fasciculates_with	manc:v1.2.1 260817	TBD (MANC:14677)
VFB_jrcv0bbs	dorsal median tract of dorsal cervical fasciculus	doi:10.1101/2023.06.05.543757	fasciculates_with	manc:v1.2.1 260817	TBD (MANC:14680)
VFB_jrcv0bc5	dorsal median tract of dorsal cervical fasciculus	doi:10.1101/2023.06.05.543757	fasciculates_with	manc:v1.2.1 260817	TBD (MANC:14693)
VFB_jrcv0bc7	ventral lateral tract of ventral cervical fasciculus	doi:10.1101/2023.06.05.543757	fasciculates_with	manc:v1.2.1 260817	TBD (MANC:14695)
VFB_jrcv0bcm	dorsal median tract of dorsal cervical fasciculus	doi:10.1101/2023.06.05.543757	fasciculates_with	manc:v1.2.1 260817	SApp26_DMetaN_R (MANC:14710)
VFB_jrcv0bcs	ventral lateral tract of ventral cervical fasciculus	doi:10.1101/2023.06.05.543757	fasciculates_with	manc:v1.2.1 260817	TBD (MANC:14716)
VFB_jrcv0bd0	dorsal lateral tract of ventral cervical fasciculus	doi:10.1101/2023.06.05.543757	fasciculates_with	manc:v1.2.1 260817	AN10B009_T2_L (MANC:14724)
VFB_jrcv0bdf	median dorsal abdominal tract	doi:10.1101/2023.06.05.543757	fasciculates_with	manc:v1.2.1 260817	TBD (MANC:14739)
VFB_jrcv0be2	ventral median tract of ventral cervical fasciculus	doi:10.1101/2023.06.05.543757	fasciculates_with	manc:v1.2.1 260817	AN05B009_T2_L (MANC:14762)
VFB_jrcv0beq	dorsal lateral tract of dorsal cervical fasciculus	doi:10.1101/2023.06.05.543757	fasciculates_with	manc:v1.2.1 260817	TBD (MANC:14786)
VFB_jrcv0bfi	median dorsal abdominal tract	doi:10.1101/2023.06.05.543757	fasciculates_with	manc:v1.2.1 260817	TBD (MANC:14814)
VFB_jrcv0bfl	dorsal median tract of dorsal cervical fasciculus	doi:10.1101/2023.06.05.543757	fasciculates_with	manc:v1.2.1 260817	SAppxx_DMetaN_L (MANC:14817)
VFB_jrcv0bfo	dorsal lateral tract of dorsal cervical fasciculus	doi:10.1101/2023.06.05.543757	fasciculates_with	manc:v1.2.1 260817	TBD (MANC:14820)
VFB_jrcv0bfz	dorsal median tract of dorsal cervical fasciculus	doi:10.1101/2023.06.05.543757	fasciculates_with	manc:v1.2.1 260817	SAppxx_DMetaN_L (MANC:14831)
VFB_jrcv0bg2	dorsal lateral tract of ventral cervical fasciculus	doi:10.1101/2023.06.05.543757	fasciculates_with	manc:v1.2.1 260817	AN10B005_T1_L (MANC:14834)
VFB_jrcv0bg4	dorsal lateral tract of dorsal cervical fasciculus	doi:10.1101/2023.06.05.543757	fasciculates_with	manc:v1.2.1 260817	TBD (MANC:14836)
VFB_jrcv0bgb	ventral median tract of ventral cervical fasciculus	doi:10.1101/2023.06.05.543757	fasciculates_with	manc:v1.2.1 260817	AN17A044_T2_L (MANC:14843)
VFB_jrcv0bge	intermediate tract of dorsal cervical fasciculus - commissure of fine fibers	doi:10.1101/2023.06.05.543757	fasciculates_with	manc:v1.2.1 260817	AN19B046_T3_R (MANC:14846)
VFB_jrcv0bgf	median dorsal abdominal tract	doi:10.1101/2023.06.05.543757	fasciculates_with	manc:v1.2.1 260817	TBD (MANC:14847)
VFB_jrcv0bgt	dorsal median tract of dorsal cervical fasciculus	doi:10.1101/2023.06.05.543757	fasciculates_with	manc:v1.2.1 260817	SApp31_DMetaN_R (MANC:14861)
VFB_jrcv0bgt	dorsal median tract of dorsal cervical fasciculus	doi:10.1101/2023.06.05.543757	fasciculates_with	manc:v1.2.1 260817	SApp31_DMetaN_R (MANC:14861)
VFB_jrcv0bh0	median dorsal abdominal tract	doi:10.1101/2023.06.05.543757	fasciculates_with	manc:v1.2.1 260817	TBD (MANC:14868)
VFB_jrcv0bh5	dorsal median tract of dorsal cervical fasciculus	doi:10.1101/2023.06.05.543757	fasciculates_with	manc:v1.2.1 260817	SApp04_ADMN_L (MANC:14873)
VFB_jrcv0bh9	ventral median tract of ventral cervical fasciculus	doi:10.1101/2023.06.05.543757	fasciculates_with	manc:v1.2.1 260817	AN09B023_T1_L (MANC:14877)
VFB_jrcv0bha	dorsal median tract of dorsal cervical fasciculus	doi:10.1101/2023.06.05.543757	fasciculates_with	manc:v1.2.1 260817	SApp21_DMetaN_L (MANC:14878)
VFB_jrcv0bho	dorsal lateral tract of ventral cervical fasciculus	doi:10.1101/2023.06.05.543757	fasciculates_with	manc:v1.2.1 260817	TBD (MANC:14892)
VFB_jrcv0bhp	ventral median tract of ventral cervical fasciculus	doi:10.1101/2023.06.05.543757	fasciculates_with	manc:v1.2.1 260817	TBD (MANC:14893)
VFB_jrcv0bhz	dorsal lateral tract of dorsal cervical fasciculus	doi:10.1101/2023.06.05.543757	fasciculates_with	manc:v1.2.1 260817	TBD (MANC:14903)
VFB_jrcv0bi0	median dorsal abdominal tract	doi:10.1101/2023.06.05.543757	fasciculates_with	manc:v1.2.1 260817	TBD (MANC:14904)
VFB_jrcv0bi6	ventral lateral tract of ventral cervical fasciculus	doi:10.1101/2023.06.05.543757	fasciculates_with	manc:v1.2.1 260817	TBD (MANC:14910)
VFB_jrcv0bib	intermediate tract of dorsal cervical fasciculus - commissure of fine fibers	doi:10.1101/2023.06.05.543757	fasciculates_with	manc:v1.2.1 260817	TBD (MANC:14915)
VFB_jrcv0bih	dorsal median tract of dorsal cervical fasciculus	doi:10.1101/2023.06.05.543757	fasciculates_with	manc:v1.2.1 260817	SAppxx_DMetaN_L (MANC:14921)
VFB_jrcv0bik	ventral median tract of ventral cervical fasciculus	doi:10.1101/2023.06.05.543757	fasciculates_with	manc:v1.2.1 260817	AN17A044_T1_L (MANC:14924)
VFB_jrcv0bim	dorsal median tract of dorsal cervical fasciculus	doi:10.1101/2023.06.05.543757	fasciculates_with	manc:v1.2.1 260817	AN07B022_T2_R (MANC:14926)
VFB_jrcv0bir	intermediate tract of dorsal cervical fasciculus - commissure of fine fibers	doi:10.1101/2023.06.05.543757	fasciculates_with	manc:v1.2.1 260817	TBD (MANC:14931)
VFB_jrcv0biv	dorsal median tract of dorsal cervical fasciculus	doi:10.1101/2023.06.05.543757	fasciculates_with	manc:v1.2.1 260817	TBD (MANC:14935)
VFB_jrcv0biz	dorsal median tract of dorsal cervical fasciculus	doi:10.1101/2023.06.05.543757	fasciculates_with	manc:v1.2.1 260817	TBD (MANC:14939)
VFB_jrcv0bj7	dorsal lateral tract of dorsal cervical fasciculus	doi:10.1101/2023.06.05.543757	fasciculates_with	manc:v1.2.1 260817	TBD (MANC:14947)
VFB_jrcv0bj8	dorsal lateral tract of ventral cervical fasciculus	doi:10.1101/2023.06.05.543757	fasciculates_with	manc:v1.2.1 260817	TBD (MANC:14948)
VFB_jrcv0bjh	ventral median tract of ventral cervical fasciculus	doi:10.1101/2023.06.05.543757	fasciculates_with	manc:v1.2.1 260817	AN09B032_A5_R (MANC:14957)
VFB_jrcv0bjl	ventral median tract of ventral cervical fasciculus	doi:10.1101/2023.06.05.543757	fasciculates_with	manc:v1.2.1 260817	AN09B012_A8_R (MANC:14961)
VFB_jrcv0bjp	ventral median tract of ventral cervical fasciculus	doi:10.1101/2023.06.05.543757	fasciculates_with	manc:v1.2.1 260817	AN09B007_T3_L (MANC:14965)
VFB_jrcv0bjq	dorsal median tract of dorsal cervical fasciculus	doi:10.1101/2023.06.05.543757	fasciculates_with	manc:v1.2.1 260817	TBD (MANC:14966)
VFB_jrcv0bjs	dorsal median tract of dorsal cervical fasciculus	doi:10.1101/2023.06.05.543757	fasciculates_with	manc:v1.2.1 260817	SAppxx_DMetaN_L (MANC:14968)
VFB_jrcv0bjt	dorsal median tract of dorsal cervical fasciculus	doi:10.1101/2023.06.05.543757	fasciculates_with	manc:v1.2.1 260817	SApp21_DMetaN_L (MANC:14969)
VFB_jrcv0bk2	dorsal median tract of dorsal cervical fasciculus	doi:10.1101/2023.06.05.543757	fasciculates_with	manc:v1.2.1 260817	SApp28_DMetaN_L (MANC:14978)
VFB_jrcv0bk3	intermediate tract of dorsal cervical fasciculus - commissure of fine fibers	doi:10.1101/2023.06.05.543757	fasciculates_with	manc:v1.2.1 260817	TBD (MANC:14979)
VFB_jrcv0bka	intermediate tract of dorsal cervical fasciculus - commissure of fine fibers	doi:10.1101/2023.06.05.543757	fasciculates_with	manc:v1.2.1 260817	AN06B045_T3_R (MANC:14986)
VFB_jrcv0bkk	intermediate tract of dorsal cervical fasciculus - commissure of fine fibers	doi:10.1101/2023.06.05.543757	fasciculates_with	manc:v1.2.1 260817	AN19B046_T3_R (MANC:14996)
VFB_jrcv0bkn	median dorsal abdominal tract	doi:10.1101/2023.06.05.543757	fasciculates_with	manc:v1.2.1 260817	TBD (MANC:14999)
VFB_jrcv0bl1	ventral median tract of ventral cervical fasciculus	doi:10.1101/2023.06.05.543757	fasciculates_with	manc:v1.2.1 260817	TBD (MANC:15013)
VFB_jrcv0bl4	median dorsal abdominal tract	doi:10.1101/2023.06.05.543757	fasciculates_with	manc:v1.2.1 260817	TBD (MANC:15016)
VFB_jrcv0bl7	ventral median tract of ventral cervical fasciculus	doi:10.1101/2023.06.05.543757	fasciculates_with	manc:v1.2.1 260817	AN09B012_A7_L (MANC:15019)
VFB_jrcv0bld	dorsal median tract of dorsal cervical fasciculus	doi:10.1101/2023.06.05.543757	fasciculates_with	manc:v1.2.1 260817	TBD (MANC:15025)
VFB_jrcv0ble	dorsal lateral tract of dorsal cervical fasciculus	doi:10.1101/2023.06.05.543757	fasciculates_with	manc:v1.2.1 260817	TBD (MANC:15026)
VFB_jrcv0bli	dorsal lateral tract of ventral cervical fasciculus	doi:10.1101/2023.06.05.543757	fasciculates_with	manc:v1.2.1 260817	AN12B004_T1_R (MANC:15030)
VFB_jrcv0blk	dorsal lateral tract of ventral cervical fasciculus	doi:10.1101/2023.06.05.543757	fasciculates_with	manc:v1.2.1 260817	AN08B053_T1_L (MANC:15032)
VFB_jrcv0blw	dorsal median tract of dorsal cervical fasciculus	doi:10.1101/2023.06.05.543757	fasciculates_with	manc:v1.2.1 260817	AN12A032_T1_L (MANC:15044)
VFB_jrcv0bme	dorsal median tract of dorsal cervical fasciculus	doi:10.1101/2023.06.05.543757	fasciculates_with	manc:v1.2.1 260817	AN07B033_T1_R (MANC:15062)
VFB_jrcv0bmi	intermediate tract of dorsal cervical fasciculus - commissure of fine fibers	doi:10.1101/2023.06.05.543757	fasciculates_with	manc:v1.2.1 260817	AN07B030_T3_R (MANC:15066)
VFB_jrcv0bml	dorsal lateral tract of ventral cervical fasciculus	doi:10.1101/2023.06.05.543757	fasciculates_with	manc:v1.2.1 260817	TBD (MANC:15069)
VFB_jrcv0bmn	median dorsal abdominal tract	doi:10.1101/2023.06.05.543757	fasciculates_with	manc:v1.2.1 260817	TBD (MANC:15071)
VFB_jrcv0bmq	dorsal median tract of dorsal cervical fasciculus	doi:10.1101/2023.06.05.543757	fasciculates_with	manc:v1.2.1 260817	TBD (MANC:15074)
VFB_jrcv0bmu	intermediate tract of dorsal cervical fasciculus - commissure of fine fibers	doi:10.1101/2023.06.05.543757	fasciculates_with	manc:v1.2.1 260817	AN06B042_A1_R (MANC:15078)
VFB_jrcv0bn4	dorsal lateral tract of ventral cervical fasciculus	doi:10.1101/2023.06.05.543757	fasciculates_with	manc:v1.2.1 260817	AN08B065_T1_R (MANC:15088)
VFB_jrcv0bn6	ventral median tract of ventral cervical fasciculus	doi:10.1101/2023.06.05.543757	fasciculates_with	manc:v1.2.1 260817	TBD (MANC:15090)
VFB_jrcv0bnf	dorsal lateral tract of ventral cervical fasciculus	doi:10.1101/2023.06.05.543757	fasciculates_with	manc:v1.2.1 260817	TBD (MANC:15099)
VFB_jrcv0bni	intermediate tract of dorsal cervical fasciculus - commissure of fine fibers	doi:10.1101/2023.06.05.543757	fasciculates_with	manc:v1.2.1 260817	AN06A066_T1_R (MANC:15102)
VFB_jrcv0bnm	dorsal median tract of dorsal cervical fasciculus	doi:10.1101/2023.06.05.543757	fasciculates_with	manc:v1.2.1 260817	SApp19_DMetaN_L (MANC:15106)
VFB_jrcv0bno	dorsal lateral tract of ventral cervical fasciculus	doi:10.1101/2023.06.05.543757	fasciculates_with	manc:v1.2.1 260817	AN08B054_T1_R (MANC:15108)
VFB_jrcv0bns	dorsal lateral tract of ventral cervical fasciculus	doi:10.1101/2023.06.05.543757	fasciculates_with	manc:v1.2.1 260817	AN08B110_T1_L (MANC:15112)
VFB_jrcv0bnx	ventral lateral tract of ventral cervical fasciculus	doi:10.1101/2023.06.05.543757	fasciculates_with	manc:v1.2.1 260817	TBD (MANC:15117)
VFB_jrcv0bo1	ventral median tract of ventral cervical fasciculus	doi:10.1101/2023.06.05.543757	fasciculates_with	manc:v1.2.1 260817	AN09B026_A2_R (MANC:15121)
VFB_jrcv0bo7	dorsal lateral tract of ventral cervical fasciculus	doi:10.1101/2023.06.05.543757	fasciculates_with	manc:v1.2.1 260817	TBD (MANC:15127)
VFB_jrcv0bob	dorsal median tract of dorsal cervical fasciculus	doi:10.1101/2023.06.05.543757	fasciculates_with	manc:v1.2.1 260817	TBD (MANC:15131)
VFB_jrcv0boe	median dorsal abdominal tract	doi:10.1101/2023.06.05.543757	fasciculates_with	manc:v1.2.1 260817	TBD (MANC:15134)
VFB_jrcv0bom	dorsal lateral tract of dorsal cervical fasciculus	doi:10.1101/2023.06.05.543757	fasciculates_with	manc:v1.2.1 260817	TBD (MANC:15142)
VFB_jrcv0bon	dorsal median tract of dorsal cervical fasciculus	doi:10.1101/2023.06.05.543757	fasciculates_with	manc:v1.2.1 260817	TBD (MANC:15143)
VFB_jrcv0boq	dorsal median tract of dorsal cervical fasciculus	doi:10.1101/2023.06.05.543757	fasciculates_with	manc:v1.2.1 260817	SApp24_DMetaN_R (MANC:15146)
VFB_jrcv0boz	dorsal lateral tract of ventral cervical fasciculus	doi:10.1101/2023.06.05.543757	fasciculates_with	manc:v1.2.1 260817	TBD (MANC:15155)
VFB_jrcv0bp6	ventral median tract of ventral cervical fasciculus	doi:10.1101/2023.06.05.543757	fasciculates_with	manc:v1.2.1 260817	TBD (MANC:15162)
VFB_jrcv0bp9	ventral median tract of ventral cervical fasciculus	doi:10.1101/2023.06.05.543757	fasciculates_with	manc:v1.2.1 260817	TBD (MANC:15165)
VFB_jrcv0bph	dorsal median tract of dorsal cervical fasciculus	doi:10.1101/2023.06.05.543757	fasciculates_with	manc:v1.2.1 260817	AN07B047_T1_L (MANC:15173)
VFB_jrcv0bpu	ventral median tract of ventral cervical fasciculus	doi:10.1101/2023.06.05.543757	fasciculates_with	manc:v1.2.1 260817	TBD (MANC:15186)
VFB_jrcv0bpv	dorsal median tract of dorsal cervical fasciculus	doi:10.1101/2023.06.05.543757	fasciculates_with	manc:v1.2.1 260817	AN18B014_T1_R (MANC:15187)
VFB_jrcv0bpw	dorsal median tract of dorsal cervical fasciculus	doi:10.1101/2023.06.05.543757	fasciculates_with	manc:v1.2.1 260817	SApp21_DMetaN_L (MANC:15188)
VFB_jrcv0bq9	dorsal median tract of dorsal cervical fasciculus	doi:10.1101/2023.06.05.543757	fasciculates_with	manc:v1.2.1 260817	SAppxx_DMetaN_L (MANC:15201)
VFB_jrcv0bq9	dorsal median tract of dorsal cervical fasciculus	doi:10.1101/2023.06.05.543757	fasciculates_with	manc:v1.2.1 260817	SAppxx_DMetaN_L (MANC:15201)
VFB_jrcv0bqc	intermediate tract of dorsal cervical fasciculus - commissure of fine fibers	doi:10.1101/2023.06.05.543757	fasciculates_with	manc:v1.2.1 260817	AN07B031_T3_L (MANC:15204)
VFB_jrcv0bqq	ventral median tract of ventral cervical fasciculus	doi:10.1101/2023.06.05.543757	fasciculates_with	manc:v1.2.1 260817	AN09B025_T3_L (MANC:15218)
VFB_jrcv0bqt	ventral median tract of ventral cervical fasciculus	doi:10.1101/2023.06.05.543757	fasciculates_with	manc:v1.2.1 260817	AN09B021_T1_R (MANC:15221)
VFB_jrcv0bqw	dorsal median tract of dorsal cervical fasciculus	doi:10.1101/2023.06.05.543757	fasciculates_with	manc:v1.2.1 260817	SApp21_DMetaN_R (MANC:15224)
VFB_jrcv0bqz	ventral median tract of ventral cervical fasciculus	doi:10.1101/2023.06.05.543757	fasciculates_with	manc:v1.2.1 260817	AN01A033_T1_L (MANC:15227)
VFB_jrcv0br1	ventral median tract of ventral cervical fasciculus	doi:10.1101/2023.06.05.543757	fasciculates_with	manc:v1.2.1 260817	TBD (MANC:15229)
VFB_jrcv0brb	ventral median tract of ventral cervical fasciculus	doi:10.1101/2023.06.05.543757	fasciculates_with	manc:v1.2.1 260817	AN05B016_T2_L (MANC:15239)
VFB_jrcv0brl	dorsal lateral tract of dorsal cervical fasciculus	doi:10.1101/2023.06.05.543757	fasciculates_with	manc:v1.2.1 260817	TBD (MANC:15249)
VFB_jrcv0brt	dorsal median tract of dorsal cervical fasciculus	doi:10.1101/2023.06.05.543757	fasciculates_with	manc:v1.2.1 260817	TBD (MANC:15257)
VFB_jrcv0brv	median dorsal abdominal tract	doi:10.1101/2023.06.05.543757	fasciculates_with	manc:v1.2.1 260817	AN06B037_A1_L (MANC:15259)
VFB_jrcv0brw	median dorsal abdominal tract	doi:10.1101/2023.06.05.543757	fasciculates_with	manc:v1.2.1 260817	AN06B037_T3_R (MANC:15260)
VFB_jrcv0bs0	ventral median tract of ventral cervical fasciculus	doi:10.1101/2023.06.05.543757	fasciculates_with	manc:v1.2.1 260817	AN05B016_T2_L (MANC:15264)
VFB_jrcv0bs8	dorsal lateral tract of ventral cervical fasciculus	doi:10.1101/2023.06.05.543757	fasciculates_with	manc:v1.2.1 260817	TBD (MANC:15272)
VFB_jrcv0bsb	ventral median tract of ventral cervical fasciculus	doi:10.1101/2023.06.05.543757	fasciculates_with	manc:v1.2.1 260817	TBD (MANC:15275)
VFB_jrcv0bso	ventral lateral tract of ventral cervical fasciculus	doi:10.1101/2023.06.05.543757	fasciculates_with	manc:v1.2.1 260817	AN04B014_T2_R (MANC:15288)
VFB_jrcv0bsp	dorsal lateral tract of ventral cervical fasciculus	doi:10.1101/2023.06.05.543757	fasciculates_with	manc:v1.2.1 260817	AN10B006_T3_R (MANC:15289)
VFB_jrcv0bsr	ventral median tract of ventral cervical fasciculus	doi:10.1101/2023.06.05.543757	fasciculates_with	manc:v1.2.1 260817	TBD (MANC:15291)
VFB_jrcv0bst	dorsal median tract of dorsal cervical fasciculus	doi:10.1101/2023.06.05.543757	fasciculates_with	manc:v1.2.1 260817	SApp30_DMetaN_R (MANC:15293)
VFB_jrcv0bsx	ventral median tract of ventral cervical fasciculus	doi:10.1101/2023.06.05.543757	fasciculates_with	manc:v1.2.1 260817	TBD (MANC:15297)
VFB_jrcv0bsy	dorsal lateral tract of ventral cervical fasciculus	doi:10.1101/2023.06.05.543757	fasciculates_with	manc:v1.2.1 260817	AN08B058_T1_R (MANC:15298)
VFB_jrcv0bt5	intermediate tract of dorsal cervical fasciculus - commissure of fine fibers	doi:10.1101/2023.06.05.543757	fasciculates_with	manc:v1.2.1 260817	AN06B039_T2_L (MANC:15305)
VFB_jrcv0btr	median dorsal abdominal tract	doi:10.1101/2023.06.05.543757	fasciculates_with	manc:v1.2.1 260817	TBD (MANC:15327)
VFB_jrcv0bts	ventral median tract of ventral cervical fasciculus	doi:10.1101/2023.06.05.543757	fasciculates_with	manc:v1.2.1 260817	AN09B022_A2_R (MANC:15328)
VFB_jrcv0btv	dorsal median tract of dorsal cervical fasciculus	doi:10.1101/2023.06.05.543757	fasciculates_with	manc:v1.2.1 260817	TBD (MANC:15331)
VFB_jrcv0btz	dorsal lateral tract of ventral cervical fasciculus	doi:10.1101/2023.06.05.543757	fasciculates_with	manc:v1.2.1 260817	AN09B014_T1_R (MANC:15335)
VFB_jrcv0bu4	median dorsal abdominal tract	doi:10.1101/2023.06.05.543757	fasciculates_with	manc:v1.2.1 260817	AN06B037_T2_L (MANC:15340)
VFB_jrcv0bu5	intermediate tract of dorsal cervical fasciculus - commissure of fine fibers	doi:10.1101/2023.06.05.543757	fasciculates_with	manc:v1.2.1 260817	AN02A019_T3_L (MANC:15341)
VFB_jrcv0bu8	intermediate tract of dorsal cervical fasciculus - commissure of fine fibers	doi:10.1101/2023.06.05.543757	fasciculates_with	manc:v1.2.1 260817	TBD (MANC:15344)
VFB_jrcv0bua	dorsal lateral tract of ventral cervical fasciculus	doi:10.1101/2023.06.05.543757	fasciculates_with	manc:v1.2.1 260817	AN08B079_T1_R (MANC:15346)
VFB_jrcv0buc	ventral median tract of ventral cervical fasciculus	doi:10.1101/2023.06.05.543757	fasciculates_with	manc:v1.2.1 260817	AN05B013_T1_R (MANC:15348)
VFB_jrcv0bud	intermediate tract of dorsal cervical fasciculus - commissure of fine fibers	doi:10.1101/2023.06.05.543757	fasciculates_with	manc:v1.2.1 260817	AN07B031_T3_R (MANC:15349)
VFB_jrcv0buf	intermediate tract of dorsal cervical fasciculus - commissure of fine fibers	doi:10.1101/2023.06.05.543757	fasciculates_with	manc:v1.2.1 260817	AN07B044_T3_R (MANC:15351)
VFB_jrcv0buk	dorsal median tract of dorsal cervical fasciculus	doi:10.1101/2023.06.05.543757	fasciculates_with	manc:v1.2.1 260817	TBD (MANC:15356)
VFB_jrcv0bup	median dorsal abdominal tract	doi:10.1101/2023.06.05.543757	fasciculates_with	manc:v1.2.1 260817	TBD (MANC:15361)
VFB_jrcv0bur	ventral median tract of ventral cervical fasciculus	doi:10.1101/2023.06.05.543757	fasciculates_with	manc:v1.2.1 260817	AN09B012_A7_R (MANC:15363)
VFB_jrcv0buu	dorsal lateral tract of ventral cervical fasciculus	doi:10.1101/2023.06.05.543757	fasciculates_with	manc:v1.2.1 260817	AN08B053_T1_R (MANC:15366)
VFB_jrcv0bv5	dorsal median tract of dorsal cervical fasciculus	doi:10.1101/2023.06.05.543757	fasciculates_with	manc:v1.2.1 260817	SApp28_DMetaN_R (MANC:15377)
VFB_jrcv0bv7	dorsal median tract of dorsal cervical fasciculus	doi:10.1101/2023.06.05.543757	fasciculates_with	manc:v1.2.1 260817	SAppxx_DMetaN_R (MANC:15379)
VFB_jrcv0bvc	dorsal lateral tract of ventral cervical fasciculus	doi:10.1101/2023.06.05.543757	fasciculates_with	manc:v1.2.1 260817	AN08B038_T3_L (MANC:15384)
VFB_jrcv0bvu	ventral median tract of ventral cervical fasciculus	doi:10.1101/2023.06.05.543757	fasciculates_with	manc:v1.2.1 260817	AN17A044_T1_R (MANC:15402)
VFB_jrcv0bwf	ventral median tract of ventral cervical fasciculus	doi:10.1101/2023.06.05.543757	fasciculates_with	manc:v1.2.1 260817	AN05B016_T2_R (MANC:15423)
VFB_jrcv0bwg	median dorsal abdominal tract	doi:10.1101/2023.06.05.543757	fasciculates_with	manc:v1.2.1 260817	TBD (MANC:15424)
VFB_jrcv0bwh	dorsal median tract of dorsal cervical fasciculus	doi:10.1101/2023.06.05.543757	fasciculates_with	manc:v1.2.1 260817	SApp21_DMetaN_R (MANC:15425)
VFB_jrcv0bwi	dorsal lateral tract of ventral cervical fasciculus	doi:10.1101/2023.06.05.543757	fasciculates_with	manc:v1.2.1 260817	TBD (MANC:15426)
VFB_jrcv0bwj	dorsal median tract of dorsal cervical fasciculus	doi:10.1101/2023.06.05.543757	fasciculates_with	manc:v1.2.1 260817	SApp18_DMetaN_L (MANC:15427)
VFB_jrcv0bwt	dorsal median tract of dorsal cervical fasciculus	doi:10.1101/2023.06.05.543757	fasciculates_with	manc:v1.2.1 260817	SApp24_DMetaN_L (MANC:15437)
VFB_jrcv0bx6	ventral median tract of ventral cervical fasciculus	doi:10.1101/2023.06.05.543757	fasciculates_with	manc:v1.2.1 260817	AN09B029_A4_R (MANC:15450)
VFB_jrcv0bx7	dorsal median tract of dorsal cervical fasciculus	doi:10.1101/2023.06.05.543757	fasciculates_with	manc:v1.2.1 260817	TBD (MANC:15451)
VFB_jrcv0bx9	ventral median tract of ventral cervical fasciculus	doi:10.1101/2023.06.05.543757	fasciculates_with	manc:v1.2.1 260817	AN09B027_T2_L (MANC:15453)
VFB_jrcv0bxc	dorsal lateral tract of ventral cervical fasciculus	doi:10.1101/2023.06.05.543757	fasciculates_with	manc:v1.2.1 260817	AN10B006_T1_L (MANC:15456)
VFB_jrcv0bxd	ventral median tract of ventral cervical fasciculus	doi:10.1101/2023.06.05.543757	fasciculates_with	manc:v1.2.1 260817	AN05B016_T2_R (MANC:15457)
VFB_jrcv0bxs	ventral median tract of ventral cervical fasciculus	doi:10.1101/2023.06.05.543757	fasciculates_with	manc:v1.2.1 260817	AN17A036_T1_L (MANC:15472)
VFB_jrcv0by5	intermediate tract of dorsal cervical fasciculus - commissure of fine fibers	doi:10.1101/2023.06.05.543757	fasciculates_with	manc:v1.2.1 260817	AN19B086_T3_L (MANC:15485)
VFB_jrcv0byg	dorsal lateral tract of ventral cervical fasciculus	doi:10.1101/2023.06.05.543757	fasciculates_with	manc:v1.2.1 260817	AN05A003_T1_R (MANC:15496)
VFB_jrcv0byj	dorsal median tract of dorsal cervical fasciculus	doi:10.1101/2023.06.05.543757	fasciculates_with	manc:v1.2.1 260817	TBD (MANC:15499)
VFB_jrcv0byv	dorsal lateral tract of ventral cervical fasciculus	doi:10.1101/2023.06.05.543757	fasciculates_with	manc:v1.2.1 260817	TBD (MANC:15511)
VFB_jrcv0byx	ventral median tract of ventral cervical fasciculus	doi:10.1101/2023.06.05.543757	fasciculates_with	manc:v1.2.1 260817	TBD (MANC:15513)
VFB_jrcv0bzu	dorsal median tract of dorsal cervical fasciculus	doi:10.1101/2023.06.05.543757	fasciculates_with	manc:v1.2.1 260817	TBD (MANC:15546)
VFB_jrcv0c02	ventral median tract of ventral cervical fasciculus	doi:10.1101/2023.06.05.543757	fasciculates_with	manc:v1.2.1 260817	AN09B021_T1_L (MANC:15554)
VFB_jrcv0c0a	dorsal lateral tract of dorsal cervical fasciculus	doi:10.1101/2023.06.05.543757	fasciculates_with	manc:v1.2.1 260817	AN19B014_T2_R (MANC:15562)
VFB_jrcv0c0b	ventral median tract of ventral cervical fasciculus	doi:10.1101/2023.06.05.543757	fasciculates_with	manc:v1.2.1 260817	AN05B016_T2_R (MANC:15563)
VFB_jrcv0c0e	ventral lateral tract of ventral cervical fasciculus	doi:10.1101/2023.06.05.543757	fasciculates_with	manc:v1.2.1 260817	TBD (MANC:15566)
VFB_jrcv0c0h	dorsal median tract of dorsal cervical fasciculus	doi:10.1101/2023.06.05.543757	fasciculates_with	manc:v1.2.1 260817	AN19B039_T1_L (MANC:15569)
VFB_jrcv0c0o	dorsal median tract of dorsal cervical fasciculus	doi:10.1101/2023.06.05.543757	fasciculates_with	manc:v1.2.1 260817	TBD (MANC:15576)
VFB_jrcv0c0q	dorsal median tract of dorsal cervical fasciculus	doi:10.1101/2023.06.05.543757	fasciculates_with	manc:v1.2.1 260817	TBD (MANC:15578)
VFB_jrcv0c0s	dorsal lateral tract of ventral cervical fasciculus	doi:10.1101/2023.06.05.543757	fasciculates_with	manc:v1.2.1 260817	AN08B043_T1_R (MANC:15580)
VFB_jrcv0c14	dorsal lateral tract of ventral cervical fasciculus	doi:10.1101/2023.06.05.543757	fasciculates_with	manc:v1.2.1 260817	AN08B054_T1_L (MANC:15592)
VFB_jrcv0c19	dorsal median tract of dorsal cervical fasciculus	doi:10.1101/2023.06.05.543757	fasciculates_with	manc:v1.2.1 260817	TBD (MANC:15597)
VFB_jrcv0c1b	dorsal median tract of dorsal cervical fasciculus	doi:10.1101/2023.06.05.543757	fasciculates_with	manc:v1.2.1 260817	SAppxx_DMetaN_L (MANC:15599)
VFB_jrcv0c1g	median dorsal abdominal tract	doi:10.1101/2023.06.05.543757	fasciculates_with	manc:v1.2.1 260817	TBD (MANC:15604)
VFB_jrcv0c1j	dorsal median tract of dorsal cervical fasciculus	doi:10.1101/2023.06.05.543757	fasciculates_with	manc:v1.2.1 260817	SAppxx_DMetaN_L (MANC:15607)
VFB_jrcv0c1m	dorsal lateral tract of ventral cervical fasciculus	doi:10.1101/2023.06.05.543757	fasciculates_with	manc:v1.2.1 260817	AN23B004_A1_R (MANC:15610)
VFB_jrcv0c1p	median dorsal abdominal tract	doi:10.1101/2023.06.05.543757	fasciculates_with	manc:v1.2.1 260817	TBD (MANC:15613)
VFB_jrcv0c23	dorsal lateral tract of ventral cervical fasciculus	doi:10.1101/2023.06.05.543757	fasciculates_with	manc:v1.2.1 260817	AN10B004_T2_L (MANC:15627)
VFB_jrcv0c25	ventral median tract of ventral cervical fasciculus	doi:10.1101/2023.06.05.543757	fasciculates_with	manc:v1.2.1 260817	AN09B017_A3_L (MANC:15629)
VFB_jrcv0c2e	dorsal median tract of dorsal cervical fasciculus	doi:10.1101/2023.06.05.543757	fasciculates_with	manc:v1.2.1 260817	SAppxx_DMetaN_R (MANC:15638)
VFB_jrcv0c2m	dorsal median tract of dorsal cervical fasciculus	doi:10.1101/2023.06.05.543757	fasciculates_with	manc:v1.2.1 260817	SAppxx_DMetaN_L (MANC:15646)
VFB_jrcv0c2q	ventral lateral tract of ventral cervical fasciculus	doi:10.1101/2023.06.05.543757	fasciculates_with	manc:v1.2.1 260817	TBD (MANC:15650)
VFB_jrcv0c30	intermediate tract of dorsal cervical fasciculus - commissure of fine fibers	doi:10.1101/2023.06.05.543757	fasciculates_with	manc:v1.2.1 260817	AN08B091_T3_R (MANC:15660)
VFB_jrcv0c37	ventral median tract of ventral cervical fasciculus	doi:10.1101/2023.06.05.543757	fasciculates_with	manc:v1.2.1 260817	TBD (MANC:15667)
VFB_jrcv0c3e	dorsal median tract of dorsal cervical fasciculus	doi:10.1101/2023.06.05.543757	fasciculates_with	manc:v1.2.1 260817	SApp30_DMetaN_L (MANC:15674)
VFB_jrcv0c3k	dorsal median tract of dorsal cervical fasciculus	doi:10.1101/2023.06.05.543757	fasciculates_with	manc:v1.2.1 260817	TBD (MANC:15680)
VFB_jrcv0c3w	ventral median tract of ventral cervical fasciculus	doi:10.1101/2023.06.05.543757	fasciculates_with	manc:v1.2.1 260817	AN17B010_T2_L (MANC:15692)
VFB_jrcv0c3y	dorsal lateral tract of ventral cervical fasciculus	doi:10.1101/2023.06.05.543757	fasciculates_with	manc:v1.2.1 260817	AN01B003_T2_R (MANC:15694)
VFB_jrcv0c41	dorsal median tract of dorsal cervical fasciculus	doi:10.1101/2023.06.05.543757	fasciculates_with	manc:v1.2.1 260817	AN03B039_T2_R (MANC:15697)
VFB_jrcv0c43	dorsal lateral tract of ventral cervical fasciculus	doi:10.1101/2023.06.05.543757	fasciculates_with	manc:v1.2.1 260817	AN01B003_T3_R (MANC:15699)
VFB_jrcv0c46	intermediate tract of dorsal cervical fasciculus - commissure of fine fibers	doi:10.1101/2023.06.05.543757	fasciculates_with	manc:v1.2.1 260817	AN06A038_T3_R (MANC:15702)
VFB_jrcv0c47	ventral median tract of ventral cervical fasciculus	doi:10.1101/2023.06.05.543757	fasciculates_with	manc:v1.2.1 260817	TBD (MANC:15703)
VFB_jrcv0c4c	median dorsal abdominal tract	doi:10.1101/2023.06.05.543757	fasciculates_with	manc:v1.2.1 260817	TBD (MANC:15708)
VFB_jrcv0c4i	dorsal median tract of dorsal cervical fasciculus	doi:10.1101/2023.06.05.543757	fasciculates_with	manc:v1.2.1 260817	SApp23_DMetaN_L (MANC:15714)
VFB_jrcv0c4l	dorsal lateral tract of dorsal cervical fasciculus	doi:10.1101/2023.06.05.543757	fasciculates_with	manc:v1.2.1 260817	AN27X005_T3_L (MANC:15717)
VFB_jrcv0c4m	intermediate tract of dorsal cervical fasciculus - commissure of fine fibers	doi:10.1101/2023.06.05.543757	fasciculates_with	manc:v1.2.1 260817	TBD (MANC:15718)
VFB_jrcv0c4n	dorsal lateral tract of ventral cervical fasciculus	doi:10.1101/2023.06.05.543757	fasciculates_with	manc:v1.2.1 260817	AN08B064_T1_R (MANC:15719)
VFB_jrcv0c4q	median dorsal abdominal tract	doi:10.1101/2023.06.05.543757	fasciculates_with	manc:v1.2.1 260817	TBD (MANC:15722)
VFB_jrcv0c4t	dorsal median tract of dorsal cervical fasciculus	doi:10.1101/2023.06.05.543757	fasciculates_with	manc:v1.2.1 260817	SApp31_DMetaN_R (MANC:15725)
VFB_jrcv0c4t	dorsal median tract of dorsal cervical fasciculus	doi:10.1101/2023.06.05.543757	fasciculates_with	manc:v1.2.1 260817	SApp31_DMetaN_R (MANC:15725)
VFB_jrcv0c4x	dorsal lateral tract of ventral cervical fasciculus	doi:10.1101/2023.06.05.543757	fasciculates_with	manc:v1.2.1 260817	AN12B023_T1_L (MANC:15729)
VFB_jrcv0c5r	median dorsal abdominal tract	doi:10.1101/2023.06.05.543757	fasciculates_with	manc:v1.2.1 260817	AN06B037_A1_R (MANC:15759)
VFB_jrcv0c61	median dorsal abdominal tract	doi:10.1101/2023.06.05.543757	fasciculates_with	manc:v1.2.1 260817	TBD (MANC:15769)
VFB_jrcv0c64	ventral median tract of ventral cervical fasciculus	doi:10.1101/2023.06.05.543757	fasciculates_with	manc:v1.2.1 260817	TBD (MANC:15772)
VFB_jrcv0c6b	intermediate tract of dorsal cervical fasciculus - commissure of fine fibers	doi:10.1101/2023.06.05.543757	fasciculates_with	manc:v1.2.1 260817	AN08B085_T3_L (MANC:15779)
VFB_jrcv0c6m	dorsal median tract of dorsal cervical fasciculus	doi:10.1101/2023.06.05.543757	fasciculates_with	manc:v1.2.1 260817	SApp26_DMetaN_L (MANC:15790)
VFB_jrcv0c7n	median dorsal abdominal tract	doi:10.1101/2023.06.05.543757	fasciculates_with	manc:v1.2.1 260817	TBD (MANC:15827)
VFB_jrcv0c7p	dorsal lateral tract of dorsal cervical fasciculus	doi:10.1101/2023.06.05.543757	fasciculates_with	manc:v1.2.1 260817	TBD (MANC:15829)
VFB_jrcv0c7t	dorsal lateral tract of ventral cervical fasciculus	doi:10.1101/2023.06.05.543757	fasciculates_with	manc:v1.2.1 260817	AN08B052_T1_L (MANC:15833)
VFB_jrcv0c7y	intermediate tract of dorsal cervical fasciculus - commissure of fine fibers	doi:10.1101/2023.06.05.543757	fasciculates_with	manc:v1.2.1 260817	TBD (MANC:15838)
VFB_jrcv0c7z	dorsal lateral tract of ventral cervical fasciculus	doi:10.1101/2023.06.05.543757	fasciculates_with	manc:v1.2.1 260817	TBD (MANC:15839)
VFB_jrcv0c81	dorsal lateral tract of ventral cervical fasciculus	doi:10.1101/2023.06.05.543757	fasciculates_with	manc:v1.2.1 260817	TBD (MANC:15841)
VFB_jrcv0c84	dorsal lateral tract of dorsal cervical fasciculus	doi:10.1101/2023.06.05.543757	fasciculates_with	manc:v1.2.1 260817	TBD (MANC:15844)
VFB_jrcv0c8f	dorsal median tract of dorsal cervical fasciculus	doi:10.1101/2023.06.05.543757	fasciculates_with	manc:v1.2.1 260817	TBD (MANC:15855)
VFB_jrcv0c8m	intermediate tract of dorsal cervical fasciculus - commissure of fine fibers	doi:10.1101/2023.06.05.543757	fasciculates_with	manc:v1.2.1 260817	AN06B049_T2_L (MANC:15862)
VFB_jrcv0c8v	intermediate tract of dorsal cervical fasciculus - commissure of fine fibers	doi:10.1101/2023.06.05.543757	fasciculates_with	manc:v1.2.1 260817	AN06B045_T3_L (MANC:15871)
VFB_jrcv0c8w	ventral median tract of ventral cervical fasciculus	doi:10.1101/2023.06.05.543757	fasciculates_with	manc:v1.2.1 260817	AN05B013_T1_L (MANC:15872)
VFB_jrcv0c90	dorsal median tract of dorsal cervical fasciculus	doi:10.1101/2023.06.05.543757	fasciculates_with	manc:v1.2.1 260817	SApp21_DMetaN_R (MANC:15876)
VFB_jrcv0c98	dorsal median tract of dorsal cervical fasciculus	doi:10.1101/2023.06.05.543757	fasciculates_with	manc:v1.2.1 260817	SApp30_DMetaN_L (MANC:15884)
VFB_jrcv0c9a	dorsal median tract of dorsal cervical fasciculus	doi:10.1101/2023.06.05.543757	fasciculates_with	manc:v1.2.1 260817	SApp21_DMetaN_L (MANC:15886)
VFB_jrcv0c9i	dorsal lateral tract of dorsal cervical fasciculus	doi:10.1101/2023.06.05.543757	fasciculates_with	manc:v1.2.1 260817	AN27X005_T2_L (MANC:15894)
VFB_jrcv0c9j	dorsal median tract of dorsal cervical fasciculus	doi:10.1101/2023.06.05.543757	fasciculates_with	manc:v1.2.1 260817	TBD (MANC:15895)
VFB_jrcv0c9k	dorsal lateral tract of ventral cervical fasciculus	doi:10.1101/2023.06.05.543757	fasciculates_with	manc:v1.2.1 260817	AN08B044_T1_L (MANC:15896)
VFB_jrcv0c9p	intermediate tract of dorsal cervical fasciculus - commissure of fine fibers	doi:10.1101/2023.06.05.543757	fasciculates_with	manc:v1.2.1 260817	AN19B058_T3_L (MANC:15901)
VFB_jrcv0c9x	median dorsal abdominal tract	doi:10.1101/2023.06.05.543757	fasciculates_with	manc:v1.2.1 260817	TBD (MANC:15909)
VFB_jrcv0ca8	ventral median tract of ventral cervical fasciculus	doi:10.1101/2023.06.05.543757	fasciculates_with	manc:v1.2.1 260817	AN09B012_A6_L (MANC:15920)
VFB_jrcv0cam	dorsal median tract of dorsal cervical fasciculus	doi:10.1101/2023.06.05.543757	fasciculates_with	manc:v1.2.1 260817	TBD (MANC:15934)
VFB_jrcv0cb1	ventral median tract of ventral cervical fasciculus	doi:10.1101/2023.06.05.543757	fasciculates_with	manc:v1.2.1 260817	TBD (MANC:15949)
VFB_jrcv0cb2	dorsal lateral tract of ventral cervical fasciculus	doi:10.1101/2023.06.05.543757	fasciculates_with	manc:v1.2.1 260817	TBD (MANC:15950)
VFB_jrcv0cb8	dorsal median tract of dorsal cervical fasciculus	doi:10.1101/2023.06.05.543757	fasciculates_with	manc:v1.2.1 260817	SApp04_ADMN_L (MANC:15956)
VFB_jrcv0cbg	ventral median tract of ventral cervical fasciculus	doi:10.1101/2023.06.05.543757	fasciculates_with	manc:v1.2.1 260817	AN17A044_T3_R (MANC:15964)
VFB_jrcv0cbn	ventral median tract of ventral cervical fasciculus	doi:10.1101/2023.06.05.543757	fasciculates_with	manc:v1.2.1 260817	TBD (MANC:15971)
VFB_jrcv0cbp	dorsal median tract of dorsal cervical fasciculus	doi:10.1101/2023.06.05.543757	fasciculates_with	manc:v1.2.1 260817	SAppxx_DMetaN_L (MANC:15973)
VFB_jrcv0cbv	intermediate tract of dorsal cervical fasciculus - commissure of fine fibers	doi:10.1101/2023.06.05.543757	fasciculates_with	manc:v1.2.1 260817	AN19B058_T3_R (MANC:15979)
VFB_jrcv0cc8	ventral median tract of ventral cervical fasciculus	doi:10.1101/2023.06.05.543757	fasciculates_with	manc:v1.2.1 260817	AN05B018_T2_R (MANC:15992)
VFB_jrcv0cch	dorsal median tract of dorsal cervical fasciculus	doi:10.1101/2023.06.05.543757	fasciculates_with	manc:v1.2.1 260817	SApp04_ADMN_L (MANC:16001)
VFB_jrcv0ccu	ventral median tract of ventral cervical fasciculus	doi:10.1101/2023.06.05.543757	fasciculates_with	manc:v1.2.1 260817	AN05B018_T2_R (MANC:16014)
VFB_jrcv0cd0	dorsal lateral tract of ventral cervical fasciculus	doi:10.1101/2023.06.05.543757	fasciculates_with	manc:v1.2.1 260817	AN08B065_T1_R (MANC:16020)
VFB_jrcv0cd5	dorsal median tract of dorsal cervical fasciculus	doi:10.1101/2023.06.05.543757	fasciculates_with	manc:v1.2.1 260817	AN03B039_T2_L (MANC:16025)
VFB_jrcv0cd6	ventral median tract of ventral cervical fasciculus	doi:10.1101/2023.06.05.543757	fasciculates_with	manc:v1.2.1 260817	TBD (MANC:16026)
VFB_jrcv0cde	dorsal median tract of dorsal cervical fasciculus	doi:10.1101/2023.06.05.543757	fasciculates_with	manc:v1.2.1 260817	SApp04_ADMN_L (MANC:16034)
VFB_jrcv0cdj	ventral median tract of ventral cervical fasciculus	doi:10.1101/2023.06.05.543757	fasciculates_with	manc:v1.2.1 260817	AN17A036_T1_R (MANC:16039)
VFB_jrcv0cdn	dorsal median tract of dorsal cervical fasciculus	doi:10.1101/2023.06.05.543757	fasciculates_with	manc:v1.2.1 260817	SAppxx_DMetaN_L (MANC:16043)
VFB_jrcv0ce5	dorsal median tract of dorsal cervical fasciculus	doi:10.1101/2023.06.05.543757	fasciculates_with	manc:v1.2.1 260817	SAppxx_DMetaN_L (MANC:16061)
VFB_jrcv0ce5	dorsal median tract of dorsal cervical fasciculus	doi:10.1101/2023.06.05.543757	fasciculates_with	manc:v1.2.1 260817	SAppxx_DMetaN_L (MANC:16061)
VFB_jrcv0ce7	dorsal lateral tract of ventral cervical fasciculus	doi:10.1101/2023.06.05.543757	fasciculates_with	manc:v1.2.1 260817	TBD (MANC:16063)
VFB_jrcv0ceb	intermediate tract of dorsal cervical fasciculus - commissure of fine fibers	doi:10.1101/2023.06.05.543757	fasciculates_with	manc:v1.2.1 260817	AN06B049_T2_L (MANC:16067)
VFB_jrcv0cej	median dorsal abdominal tract	doi:10.1101/2023.06.05.543757	fasciculates_with	manc:v1.2.1 260817	TBD (MANC:16075)
VFB_jrcv0ceq	median dorsal abdominal tract	doi:10.1101/2023.06.05.543757	fasciculates_with	manc:v1.2.1 260817	TBD (MANC:16082)
VFB_jrcv0cer	ventral median tract of ventral cervical fasciculus	doi:10.1101/2023.06.05.543757	fasciculates_with	manc:v1.2.1 260817	AN05B018_T2_R (MANC:16083)
VFB_jrcv0cf3	dorsal median tract of dorsal cervical fasciculus	doi:10.1101/2023.06.05.543757	fasciculates_with	manc:v1.2.1 260817	SAppxx_DMetaN_R (MANC:16095)
VFB_jrcv0cf3	dorsal median tract of dorsal cervical fasciculus	doi:10.1101/2023.06.05.543757	fasciculates_with	manc:v1.2.1 260817	SAppxx_DMetaN_R (MANC:16095)
VFB_jrcv0cf7	ventral median tract of ventral cervical fasciculus	doi:10.1101/2023.06.05.543757	fasciculates_with	manc:v1.2.1 260817	TBD (MANC:16099)
VFB_jrcv0cfc	dorsal median tract of dorsal cervical fasciculus	doi:10.1101/2023.06.05.543757	fasciculates_with	manc:v1.2.1 260817	SApp24_DMetaN_R (MANC:16104)
VFB_jrcv0cfm	dorsal lateral tract of ventral cervical fasciculus	doi:10.1101/2023.06.05.543757	fasciculates_with	manc:v1.2.1 260817	AN08B061_T1_R (MANC:16114)
VFB_jrcv0cfn	median dorsal abdominal tract	doi:10.1101/2023.06.05.543757	fasciculates_with	manc:v1.2.1 260817	AN06A026_A1_L (MANC:16115)
VFB_jrcv0cgk	intermediate tract of dorsal cervical fasciculus - commissure of fine fibers	doi:10.1101/2023.06.05.543757	fasciculates_with	manc:v1.2.1 260817	AN19B058_T3_L (MANC:16148)
VFB_jrcv0cgt	dorsal median tract of dorsal cervical fasciculus	doi:10.1101/2023.06.05.543757	fasciculates_with	manc:v1.2.1 260817	SAppxx_DMetaN_R (MANC:16157)
VFB_jrcv0cgw	dorsal lateral tract of dorsal cervical fasciculus	doi:10.1101/2023.06.05.543757	fasciculates_with	manc:v1.2.1 260817	TBD (MANC:16160)
VFB_jrcv0ch0	dorsal lateral tract of ventral cervical fasciculus	doi:10.1101/2023.06.05.543757	fasciculates_with	manc:v1.2.1 260817	AN08B058_T1_L (MANC:16164)
VFB_jrcv0chh	ventral median tract of ventral cervical fasciculus	doi:10.1101/2023.06.05.543757	fasciculates_with	manc:v1.2.1 260817	AN17A049_T1_R (MANC:16181)
VFB_jrcv0chs	dorsal median tract of dorsal cervical fasciculus	doi:10.1101/2023.06.05.543757	fasciculates_with	manc:v1.2.1 260817	TBD (MANC:16192)
VFB_jrcv0cht	ventral median tract of ventral cervical fasciculus	doi:10.1101/2023.06.05.543757	fasciculates_with	manc:v1.2.1 260817	TBD (MANC:16193)
VFB_jrcv0chu	ventral median tract of ventral cervical fasciculus	doi:10.1101/2023.06.05.543757	fasciculates_with	manc:v1.2.1 260817	AN09B025_T1_L (MANC:16194)
VFB_jrcv0chv	ventral median tract of ventral cervical fasciculus	doi:10.1101/2023.06.05.543757	fasciculates_with	manc:v1.2.1 260817	AN09B027_T1_R (MANC:16195)
VFB_jrcv0chx	intermediate tract of dorsal cervical fasciculus - commissure of fine fibers	doi:10.1101/2023.06.05.543757	fasciculates_with	manc:v1.2.1 260817	TBD (MANC:16197)
VFB_jrcv0cig	ventral median tract of ventral cervical fasciculus	doi:10.1101/2023.06.05.543757	fasciculates_with	manc:v1.2.1 260817	AN05B016_T2_R (MANC:16216)
VFB_jrcv0cik	median dorsal abdominal tract	doi:10.1101/2023.06.05.543757	fasciculates_with	manc:v1.2.1 260817	TBD (MANC:16220)
VFB_jrcv0cip	ventral median tract of ventral cervical fasciculus	doi:10.1101/2023.06.05.543757	fasciculates_with	manc:v1.2.1 260817	AN05B022_T1_R (MANC:16225)
VFB_jrcv0cix	dorsal median tract of dorsal cervical fasciculus	doi:10.1101/2023.06.05.543757	fasciculates_with	manc:v1.2.1 260817	SAppxx_DMetaN_R (MANC:16233)
VFB_jrcv0cjk	ventral median tract of ventral cervical fasciculus	doi:10.1101/2023.06.05.543757	fasciculates_with	manc:v1.2.1 260817	AN17B010_T2_R (MANC:16256)
VFB_jrcv0cjl	ventral median tract of ventral cervical fasciculus	doi:10.1101/2023.06.05.543757	fasciculates_with	manc:v1.2.1 260817	AN05B018_T2_L (MANC:16257)
VFB_jrcv0cjp	ventral median tract of ventral cervical fasciculus	doi:10.1101/2023.06.05.543757	fasciculates_with	manc:v1.2.1 260817	AN17A044_T3_L (MANC:16261)
VFB_jrcv0cjq	ventral median tract of ventral cervical fasciculus	doi:10.1101/2023.06.05.543757	fasciculates_with	manc:v1.2.1 260817	AN09B002_A9_R (MANC:16262)
VFB_jrcv0cjs	median dorsal abdominal tract	doi:10.1101/2023.06.05.543757	fasciculates_with	manc:v1.2.1 260817	TBD (MANC:16264)
VFB_jrcv0cju	dorsal median tract of dorsal cervical fasciculus	doi:10.1101/2023.06.05.543757	fasciculates_with	manc:v1.2.1 260817	AN11B011_T1_L (MANC:16266)
VFB_jrcv0ck9	dorsal median tract of dorsal cervical fasciculus	doi:10.1101/2023.06.05.543757	fasciculates_with	manc:v1.2.1 260817	AN06B012_T2_R (MANC:16281)
VFB_jrcv0cke	median dorsal abdominal tract	doi:10.1101/2023.06.05.543757	fasciculates_with	manc:v1.2.1 260817	TBD (MANC:16286)
VFB_jrcv0cki	dorsal lateral tract of dorsal cervical fasciculus	doi:10.1101/2023.06.05.543757	fasciculates_with	manc:v1.2.1 260817	TBD (MANC:16290)
VFB_jrcv0ckk	dorsal median tract of dorsal cervical fasciculus	doi:10.1101/2023.06.05.543757	fasciculates_with	manc:v1.2.1 260817	SApp04_ADMN_R (MANC:16292)
VFB_jrcv0cl0	ventral median tract of ventral cervical fasciculus	doi:10.1101/2023.06.05.543757	fasciculates_with	manc:v1.2.1 260817	AN17A022_T1_L (MANC:16308)
VFB_jrcv0clh	intermediate tract of dorsal cervical fasciculus - commissure of fine fibers	doi:10.1101/2023.06.05.543757	fasciculates_with	manc:v1.2.1 260817	AN07B061_T2_R (MANC:16325)
VFB_jrcv0cli	dorsal lateral tract of ventral cervical fasciculus	doi:10.1101/2023.06.05.543757	fasciculates_with	manc:v1.2.1 260817	TBD (MANC:16326)
VFB_jrcv0clk	dorsal median tract of dorsal cervical fasciculus	doi:10.1101/2023.06.05.543757	fasciculates_with	manc:v1.2.1 260817	AN07B014_T1_L (MANC:16328)
VFB_jrcv0cln	dorsal median tract of dorsal cervical fasciculus	doi:10.1101/2023.06.05.543757	fasciculates_with	manc:v1.2.1 260817	SAppxx_DMetaN_R (MANC:16331)
VFB_jrcv0clp	median dorsal abdominal tract	doi:10.1101/2023.06.05.543757	fasciculates_with	manc:v1.2.1 260817	TBD (MANC:16333)
VFB_jrcv0cm6	dorsal lateral tract of dorsal cervical fasciculus	doi:10.1101/2023.06.05.543757	fasciculates_with	manc:v1.2.1 260817	TBD (MANC:16350)
VFB_jrcv0cml	dorsal lateral tract of ventral cervical fasciculus	doi:10.1101/2023.06.05.543757	fasciculates_with	manc:v1.2.1 260817	AN08B073_T1_R (MANC:16365)
VFB_jrcv0cms	dorsal median tract of dorsal cervical fasciculus	doi:10.1101/2023.06.05.543757	fasciculates_with	manc:v1.2.1 260817	SApp04_ADMN_R (MANC:16372)
VFB_jrcv0cmt	ventral median tract of ventral cervical fasciculus	doi:10.1101/2023.06.05.543757	fasciculates_with	manc:v1.2.1 260817	AN09B008_T3_L (MANC:16373)
VFB_jrcv0cmx	dorsal median tract of dorsal cervical fasciculus	doi:10.1101/2023.06.05.543757	fasciculates_with	manc:v1.2.1 260817	SAppxx_DMetaN_R (MANC:16377)
VFB_jrcv0cne	intermediate tract of dorsal cervical fasciculus - commissure of fine fibers	doi:10.1101/2023.06.05.543757	fasciculates_with	manc:v1.2.1 260817	AN07B061_T2_R (MANC:16394)
VFB_jrcv0cnn	dorsal median tract of dorsal cervical fasciculus	doi:10.1101/2023.06.05.543757	fasciculates_with	manc:v1.2.1 260817	SAppxx_DMetaN_L (MANC:16403)
VFB_jrcv0cnn	dorsal median tract of dorsal cervical fasciculus	doi:10.1101/2023.06.05.543757	fasciculates_with	manc:v1.2.1 260817	SAppxx_DMetaN_L (MANC:16403)
VFB_jrcv0cny	ventral median tract of ventral cervical fasciculus	doi:10.1101/2023.06.05.543757	fasciculates_with	manc:v1.2.1 260817	AN05B013_T1_R (MANC:16414)
VFB_jrcv0co1	median dorsal abdominal tract	doi:10.1101/2023.06.05.543757	fasciculates_with	manc:v1.2.1 260817	TBD (MANC:16417)
VFB_jrcv0co2	median dorsal abdominal tract	doi:10.1101/2023.06.05.543757	fasciculates_with	manc:v1.2.1 260817	TBD (MANC:16418)
VFB_jrcv0co4	ventral lateral tract of ventral cervical fasciculus	doi:10.1101/2023.06.05.543757	fasciculates_with	manc:v1.2.1 260817	TBD (MANC:16420)
VFB_jrcv0co8	dorsal lateral tract of ventral cervical fasciculus	doi:10.1101/2023.06.05.543757	fasciculates_with	manc:v1.2.1 260817	AN10B006_T2_R (MANC:16424)
VFB_jrcv0coi	dorsal median tract of dorsal cervical fasciculus	doi:10.1101/2023.06.05.543757	fasciculates_with	manc:v1.2.1 260817	SApp26_DMetaN_R (MANC:16434)
VFB_jrcv0coo	intermediate tract of dorsal cervical fasciculus - commissure of fine fibers	doi:10.1101/2023.06.05.543757	fasciculates_with	manc:v1.2.1 260817	AN07B052_T2_L (MANC:16440)
VFB_jrcv0cor	dorsal median tract of dorsal cervical fasciculus	doi:10.1101/2023.06.05.543757	fasciculates_with	manc:v1.2.1 260817	SAppxx_DMetaN_L (MANC:16443)
VFB_jrcv0cp1	ventral median tract of ventral cervical fasciculus	doi:10.1101/2023.06.05.543757	fasciculates_with	manc:v1.2.1 260817	TBD (MANC:16453)
VFB_jrcv0cp2	intermediate tract of dorsal cervical fasciculus - commissure of fine fibers	doi:10.1101/2023.06.05.543757	fasciculates_with	manc:v1.2.1 260817	AN19B046_T3_L (MANC:16454)
VFB_jrcv0cp9	dorsal median tract of dorsal cervical fasciculus	doi:10.1101/2023.06.05.543757	fasciculates_with	manc:v1.2.1 260817	SApp26_DMetaN_L (MANC:16461)
VFB_jrcv0cpo	dorsal lateral tract of dorsal cervical fasciculus	doi:10.1101/2023.06.05.543757	fasciculates_with	manc:v1.2.1 260817	TBD (MANC:16476)
VFB_jrcv0cps	median dorsal abdominal tract	doi:10.1101/2023.06.05.543757	fasciculates_with	manc:v1.2.1 260817	TBD (MANC:16480)
VFB_jrcv0cpv	median dorsal abdominal tract	doi:10.1101/2023.06.05.543757	fasciculates_with	manc:v1.2.1 260817	TBD (MANC:16483)
VFB_jrcv0cqa	dorsal median tract of dorsal cervical fasciculus	doi:10.1101/2023.06.05.543757	fasciculates_with	manc:v1.2.1 260817	SAppxx_DMetaN_L (MANC:16498)
VFB_jrcv0cqc	dorsal median tract of dorsal cervical fasciculus	doi:10.1101/2023.06.05.543757	fasciculates_with	manc:v1.2.1 260817	SApp04_ADMN_L (MANC:16500)
VFB_jrcv0cqe	ventral median tract of ventral cervical fasciculus	doi:10.1101/2023.06.05.543757	fasciculates_with	manc:v1.2.1 260817	AN09B022_A2_L (MANC:16502)
VFB_jrcv0cqf	intermediate tract of dorsal cervical fasciculus - commissure of fine fibers	doi:10.1101/2023.06.05.543757	fasciculates_with	manc:v1.2.1 260817	AN07B077_A1_R (MANC:16503)
VFB_jrcv0cqi	dorsal lateral tract of ventral cervical fasciculus	doi:10.1101/2023.06.05.543757	fasciculates_with	manc:v1.2.1 260817	AN10B006_T1_R (MANC:16506)
VFB_jrcv0cqn	dorsal lateral tract of dorsal cervical fasciculus	doi:10.1101/2023.06.05.543757	fasciculates_with	manc:v1.2.1 260817	TBD (MANC:16511)
VFB_jrcv0cqo	intermediate tract of dorsal cervical fasciculus - commissure of fine fibers	doi:10.1101/2023.06.05.543757	fasciculates_with	manc:v1.2.1 260817	AN06B049_T2_R (MANC:16512)
VFB_jrcv0cqy	dorsal lateral tract of ventral cervical fasciculus	doi:10.1101/2023.06.05.543757	fasciculates_with	manc:v1.2.1 260817	TBD (MANC:16522)
VFB_jrcv0crb	dorsal lateral tract of ventral cervical fasciculus	doi:10.1101/2023.06.05.543757	fasciculates_with	manc:v1.2.1 260817	TBD (MANC:16535)
VFB_jrcv0crc	dorsal median tract of dorsal cervical fasciculus	doi:10.1101/2023.06.05.543757	fasciculates_with	manc:v1.2.1 260817	AN08B112_T3_R (MANC:16536)
VFB_jrcv0cre	intermediate tract of dorsal cervical fasciculus - commissure of fine fibers	doi:10.1101/2023.06.05.543757	fasciculates_with	manc:v1.2.1 260817	AN03B052_T3_L (MANC:16538)
VFB_jrcv0crh	dorsal median tract of dorsal cervical fasciculus	doi:10.1101/2023.06.05.543757	fasciculates_with	manc:v1.2.1 260817	TBD (MANC:16541)
VFB_jrcv0crr	intermediate tract of dorsal cervical fasciculus - commissure of fine fibers	doi:10.1101/2023.06.05.543757	fasciculates_with	manc:v1.2.1 260817	AN07B061_T2_L (MANC:16551)
VFB_jrcv0crt	dorsal lateral tract of ventral cervical fasciculus	doi:10.1101/2023.06.05.543757	fasciculates_with	manc:v1.2.1 260817	TBD (MANC:16553)
VFB_jrcv0cru	dorsal lateral tract of dorsal cervical fasciculus	doi:10.1101/2023.06.05.543757	fasciculates_with	manc:v1.2.1 260817	TBD (MANC:16554)
VFB_jrcv0crw	ventral median tract of ventral cervical fasciculus	doi:10.1101/2023.06.05.543757	fasciculates_with	manc:v1.2.1 260817	AN05B013_T1_L (MANC:16556)
VFB_jrcv0csb	dorsal lateral tract of ventral cervical fasciculus	doi:10.1101/2023.06.05.543757	fasciculates_with	manc:v1.2.1 260817	TBD (MANC:16571)
VFB_jrcv0csj	ventral median tract of ventral cervical fasciculus	doi:10.1101/2023.06.05.543757	fasciculates_with	manc:v1.2.1 260817	AN05B019_T2_L (MANC:16579)
VFB_jrcv0csm	ventral median tract of ventral cervical fasciculus	doi:10.1101/2023.06.05.543757	fasciculates_with	manc:v1.2.1 260817	TBD (MANC:16582)
VFB_jrcv0csr	intermediate tract of dorsal cervical fasciculus - commissure of fine fibers	doi:10.1101/2023.06.05.543757	fasciculates_with	manc:v1.2.1 260817	AN19B046_T3_R (MANC:16587)
VFB_jrcv0csy	dorsal lateral tract of ventral cervical fasciculus	doi:10.1101/2023.06.05.543757	fasciculates_with	manc:v1.2.1 260817	AN10B006_T2_L (MANC:16594)
VFB_jrcv0csz	intermediate tract of dorsal cervical fasciculus - commissure of fine fibers	doi:10.1101/2023.06.05.543757	fasciculates_with	manc:v1.2.1 260817	AN07B052_T2_L (MANC:16595)
VFB_jrcv0ct9	ventral lateral tract of ventral cervical fasciculus	doi:10.1101/2023.06.05.543757	fasciculates_with	manc:v1.2.1 260817	TBD (MANC:16605)
VFB_jrcv0ctd	dorsal median tract of dorsal cervical fasciculus	doi:10.1101/2023.06.05.543757	fasciculates_with	manc:v1.2.1 260817	AN10B001_T2_L (MANC:16609)
VFB_jrcv0cte	intermediate tract of dorsal cervical fasciculus - commissure of fine fibers	doi:10.1101/2023.06.05.543757	fasciculates_with	manc:v1.2.1 260817	AN19B083_T3_R (MANC:16610)
VFB_jrcv0cti	ventral median tract of ventral cervical fasciculus	doi:10.1101/2023.06.05.543757	fasciculates_with	manc:v1.2.1 260817	AN09B025_T1_R (MANC:16614)
VFB_jrcv0ctl	intermediate tract of dorsal cervical fasciculus - commissure of fine fibers	doi:10.1101/2023.06.05.543757	fasciculates_with	manc:v1.2.1 260817	AN06A038_A1_R (MANC:16617)
VFB_jrcv0ctq	dorsal median tract of dorsal cervical fasciculus	doi:10.1101/2023.06.05.543757	fasciculates_with	manc:v1.2.1 260817	AN11B015_T1_R (MANC:16622)
VFB_jrcv0cu4	dorsal median tract of dorsal cervical fasciculus	doi:10.1101/2023.06.05.543757	fasciculates_with	manc:v1.2.1 260817	SApp25_DMetaN_R (MANC:16636)
VFB_jrcv0cud	dorsal median tract of dorsal cervical fasciculus	doi:10.1101/2023.06.05.543757	fasciculates_with	manc:v1.2.1 260817	SApp23_DMetaN_L (MANC:16645)
VFB_jrcv0cug	ventral lateral tract of ventral cervical fasciculus	doi:10.1101/2023.06.05.543757	fasciculates_with	manc:v1.2.1 260817	TBD (MANC:16648)
VFB_jrcv0cuh	dorsal median tract of dorsal cervical fasciculus	doi:10.1101/2023.06.05.543757	fasciculates_with	manc:v1.2.1 260817	AN12A032_T1_R (MANC:16649)
VFB_jrcv0cuo	dorsal lateral tract of ventral cervical fasciculus	doi:10.1101/2023.06.05.543757	fasciculates_with	manc:v1.2.1 260817	TBD (MANC:16656)
VFB_jrcv0cux	dorsal median tract of dorsal cervical fasciculus	doi:10.1101/2023.06.05.543757	fasciculates_with	manc:v1.2.1 260817	SApp04_ADMN_R (MANC:16665)
VFB_jrcv0cv5	dorsal median tract of dorsal cervical fasciculus	doi:10.1101/2023.06.05.543757	fasciculates_with	manc:v1.2.1 260817	SApp21_DMetaN_L (MANC:16673)
VFB_jrcv0cvf	ventral lateral tract of ventral cervical fasciculus	doi:10.1101/2023.06.05.543757	fasciculates_with	manc:v1.2.1 260817	TBD (MANC:16683)
VFB_jrcv0cvk	dorsal median tract of dorsal cervical fasciculus	doi:10.1101/2023.06.05.543757	fasciculates_with	manc:v1.2.1 260817	SApp30_DMetaN_L (MANC:16688)
VFB_jrcv0cvl	dorsal median tract of dorsal cervical fasciculus	doi:10.1101/2023.06.05.543757	fasciculates_with	manc:v1.2.1 260817	SApp19_DMetaN_R (MANC:16689)
VFB_jrcv0cvp	dorsal median tract of dorsal cervical fasciculus	doi:10.1101/2023.06.05.543757	fasciculates_with	manc:v1.2.1 260817	SAppxx_DMetaN_R (MANC:16693)
VFB_jrcv0cvu	dorsal median tract of dorsal cervical fasciculus	doi:10.1101/2023.06.05.543757	fasciculates_with	manc:v1.2.1 260817	SApp04_ADMN_L (MANC:16698)
VFB_jrcv0cvw	intermediate tract of dorsal cervical fasciculus - commissure of fine fibers	doi:10.1101/2023.06.05.543757	fasciculates_with	manc:v1.2.1 260817	AN19B054_T3_L (MANC:16700)
VFB_jrcv0cw2	dorsal median tract of dorsal cervical fasciculus	doi:10.1101/2023.06.05.543757	fasciculates_with	manc:v1.2.1 260817	TBD (MANC:16706)
VFB_jrcv0cw8	dorsal lateral tract of ventral cervical fasciculus	doi:10.1101/2023.06.05.543757	fasciculates_with	manc:v1.2.1 260817	AN08B023_T2_R (MANC:16712)
VFB_jrcv0cwi	median dorsal abdominal tract	doi:10.1101/2023.06.05.543757	fasciculates_with	manc:v1.2.1 260817	TBD (MANC:16722)
VFB_jrcv0cwu	intermediate tract of dorsal cervical fasciculus - commissure of fine fibers	doi:10.1101/2023.06.05.543757	fasciculates_with	manc:v1.2.1 260817	AN06B041_T3_R (MANC:16734)
VFB_jrcv0cxb	dorsal lateral tract of ventral cervical fasciculus	doi:10.1101/2023.06.05.543757	fasciculates_with	manc:v1.2.1 260817	AN08B073_T1_R (MANC:16751)
VFB_jrcv0cxc	median dorsal abdominal tract	doi:10.1101/2023.06.05.543757	fasciculates_with	manc:v1.2.1 260817	SAxx11_AbN4_R (MANC:16752)
VFB_jrcv0cxk	dorsal lateral tract of dorsal cervical fasciculus	doi:10.1101/2023.06.05.543757	fasciculates_with	manc:v1.2.1 260817	TBD (MANC:16760)
VFB_jrcv0cxl	dorsal lateral tract of ventral cervical fasciculus	doi:10.1101/2023.06.05.543757	fasciculates_with	manc:v1.2.1 260817	TBD (MANC:16761)
VFB_jrcv0cxq	dorsal median tract of dorsal cervical fasciculus	doi:10.1101/2023.06.05.543757	fasciculates_with	manc:v1.2.1 260817	SApp18_DMetaN_R (MANC:16766)
VFB_jrcv0cyn	dorsal median tract of dorsal cervical fasciculus	doi:10.1101/2023.06.05.543757	fasciculates_with	manc:v1.2.1 260817	SApp28_DMetaN_L (MANC:16799)
VFB_jrcv0cyp	intermediate tract of dorsal cervical fasciculus - commissure of fine fibers	doi:10.1101/2023.06.05.543757	fasciculates_with	manc:v1.2.1 260817	AN06A038_A1_L (MANC:16801)
VFB_jrcv0cyr	ventral lateral tract of ventral cervical fasciculus	doi:10.1101/2023.06.05.543757	fasciculates_with	manc:v1.2.1 260817	TBD (MANC:16803)
VFB_jrcv0cz2	dorsal median tract of dorsal cervical fasciculus	doi:10.1101/2023.06.05.543757	fasciculates_with	manc:v1.2.1 260817	TBD (MANC:16814)
VFB_jrcv0cz5	ventral lateral tract of ventral cervical fasciculus	doi:10.1101/2023.06.05.543757	fasciculates_with	manc:v1.2.1 260817	TBD (MANC:16817)
VFB_jrcv0cza	ventral lateral tract of ventral cervical fasciculus	doi:10.1101/2023.06.05.543757	fasciculates_with	manc:v1.2.1 260817	TBD (MANC:16822)
VFB_jrcv0czb	intermediate tract of dorsal cervical fasciculus - commissure of fine fibers	doi:10.1101/2023.06.05.543757	fasciculates_with	manc:v1.2.1 260817	SApp17_PrN_L (MANC:16823)
VFB_jrcv0czc	dorsal median tract of dorsal cervical fasciculus	doi:10.1101/2023.06.05.543757	fasciculates_with	manc:v1.2.1 260817	AN07B022_T2_L (MANC:16824)
VFB_jrcv0czk	dorsal lateral tract of ventral cervical fasciculus	doi:10.1101/2023.06.05.543757	fasciculates_with	manc:v1.2.1 260817	AN08B079_T1_L (MANC:16832)
VFB_jrcv0czl	intermediate tract of dorsal cervical fasciculus - commissure of fine fibers	doi:10.1101/2023.06.05.543757	fasciculates_with	manc:v1.2.1 260817	AN07B052_T2_L (MANC:16833)
VFB_jrcv0czn	dorsal median tract of dorsal cervical fasciculus	doi:10.1101/2023.06.05.543757	fasciculates_with	manc:v1.2.1 260817	SAppxx_DMetaN_L (MANC:16835)
VFB_jrcv0czp	dorsal lateral tract of ventral cervical fasciculus	doi:10.1101/2023.06.05.543757	fasciculates_with	manc:v1.2.1 260817	TBD (MANC:16837)
VFB_jrcv0czu	ventral median tract of ventral cervical fasciculus	doi:10.1101/2023.06.05.543757	fasciculates_with	manc:v1.2.1 260817	TBD (MANC:16842)
VFB_jrcv0d09	ventral median tract of ventral cervical fasciculus	doi:10.1101/2023.06.05.543757	fasciculates_with	manc:v1.2.1 260817	AN05B019_T2_R (MANC:16857)
VFB_jrcv0d0a	intermediate tract of dorsal cervical fasciculus - commissure of fine fibers	doi:10.1101/2023.06.05.543757	fasciculates_with	manc:v1.2.1 260817	TBD (MANC:16858)
VFB_jrcv0d0b	dorsal median tract of dorsal cervical fasciculus	doi:10.1101/2023.06.05.543757	fasciculates_with	manc:v1.2.1 260817	TBD (MANC:16859)
VFB_jrcv0d0f	dorsal median tract of dorsal cervical fasciculus	doi:10.1101/2023.06.05.543757	fasciculates_with	manc:v1.2.1 260817	SApp28_DMetaN_L (MANC:16863)
VFB_jrcv0d0m	intermediate tract of dorsal cervical fasciculus - commissure of fine fibers	doi:10.1101/2023.06.05.543757	fasciculates_with	manc:v1.2.1 260817	AN07B039_T3_L (MANC:16870)
VFB_jrcv0d0n	median dorsal abdominal tract	doi:10.1101/2023.06.05.543757	fasciculates_with	manc:v1.2.1 260817	TBD (MANC:16871)
VFB_jrcv0d0t	dorsal median tract of dorsal cervical fasciculus	doi:10.1101/2023.06.05.543757	fasciculates_with	manc:v1.2.1 260817	SAppxx_DMetaN_L (MANC:16877)
VFB_jrcv0d18	ventral median tract of ventral cervical fasciculus	doi:10.1101/2023.06.05.543757	fasciculates_with	manc:v1.2.1 260817	AN05B018_T2_L (MANC:16892)
VFB_jrcv0d1e	dorsal median tract of dorsal cervical fasciculus	doi:10.1101/2023.06.05.543757	fasciculates_with	manc:v1.2.1 260817	TBD (MANC:16898)
VFB_jrcv0d1g	dorsal lateral tract of ventral cervical fasciculus	doi:10.1101/2023.06.05.543757	fasciculates_with	manc:v1.2.1 260817	AN08B115_T1_L (MANC:16900)
VFB_jrcv0d1r	dorsal median tract of dorsal cervical fasciculus	doi:10.1101/2023.06.05.543757	fasciculates_with	manc:v1.2.1 260817	TBD (MANC:16911)
VFB_jrcv0d25	dorsal lateral tract of ventral cervical fasciculus	doi:10.1101/2023.06.05.543757	fasciculates_with	manc:v1.2.1 260817	AN08B065_T1_L (MANC:16925)
VFB_jrcv0d26	dorsal lateral tract of dorsal cervical fasciculus	doi:10.1101/2023.06.05.543757	fasciculates_with	manc:v1.2.1 260817	TBD (MANC:16926)
VFB_jrcv0d27	dorsal median tract of dorsal cervical fasciculus	doi:10.1101/2023.06.05.543757	fasciculates_with	manc:v1.2.1 260817	SApp24_DMetaN_L (MANC:16927)
VFB_jrcv0d2m	ventral lateral tract of ventral cervical fasciculus	doi:10.1101/2023.06.05.543757	fasciculates_with	manc:v1.2.1 260817	TBD (MANC:16942)
VFB_jrcv0d2w	dorsal lateral tract of dorsal cervical fasciculus	doi:10.1101/2023.06.05.543757	fasciculates_with	manc:v1.2.1 260817	AN19B044_T1_R (MANC:16952)
VFB_jrcv0d36	median dorsal abdominal tract	doi:10.1101/2023.06.05.543757	fasciculates_with	manc:v1.2.1 260817	AN06A026_A1_R (MANC:16962)
VFB_jrcv0d39	ventral median tract of ventral cervical fasciculus	doi:10.1101/2023.06.05.543757	fasciculates_with	manc:v1.2.1 260817	AN09B032_A8_R (MANC:16965)
VFB_jrcv0d3b	ventral median tract of ventral cervical fasciculus	doi:10.1101/2023.06.05.543757	fasciculates_with	manc:v1.2.1 260817	AN01A046_T1_L (MANC:16967)
VFB_jrcv0d3k	ventral median tract of ventral cervical fasciculus	doi:10.1101/2023.06.05.543757	fasciculates_with	manc:v1.2.1 260817	AN09B029_A4_L (MANC:16976)
VFB_jrcv0d3s	ventral median tract of ventral cervical fasciculus	doi:10.1101/2023.06.05.543757	fasciculates_with	manc:v1.2.1 260817	AN09B028_A2_L (MANC:16984)
VFB_jrcv0d49	ventral median tract of ventral cervical fasciculus	doi:10.1101/2023.06.05.543757	fasciculates_with	manc:v1.2.1 260817	AN05B019_T2_R (MANC:17001)
VFB_jrcv0d4c	median dorsal abdominal tract	doi:10.1101/2023.06.05.543757	fasciculates_with	manc:v1.2.1 260817	TBD (MANC:17004)
VFB_jrcv0d4h	dorsal lateral tract of ventral cervical fasciculus	doi:10.1101/2023.06.05.543757	fasciculates_with	manc:v1.2.1 260817	AN10B006_T3_L (MANC:17009)
VFB_jrcv0d4k	dorsal median tract of dorsal cervical fasciculus	doi:10.1101/2023.06.05.543757	fasciculates_with	manc:v1.2.1 260817	SAppxx_DMetaN_L (MANC:17012)
VFB_jrcv0d4k	dorsal median tract of dorsal cervical fasciculus	doi:10.1101/2023.06.05.543757	fasciculates_with	manc:v1.2.1 260817	SAppxx_DMetaN_L (MANC:17012)
VFB_jrcv0d4o	dorsal median tract of dorsal cervical fasciculus	doi:10.1101/2023.06.05.543757	fasciculates_with	manc:v1.2.1 260817	SApp28_DMetaN_L (MANC:17016)
VFB_jrcv0d4p	dorsal median tract of dorsal cervical fasciculus	doi:10.1101/2023.06.05.543757	fasciculates_with	manc:v1.2.1 260817	SApp19_DMetaN_L (MANC:17017)
VFB_jrcv0d4r	ventral median tract of ventral cervical fasciculus	doi:10.1101/2023.06.05.543757	fasciculates_with	manc:v1.2.1 260817	AN17A044_T2_R (MANC:17019)
VFB_jrcv0d53	dorsal median tract of dorsal cervical fasciculus	doi:10.1101/2023.06.05.543757	fasciculates_with	manc:v1.2.1 260817	TBD (MANC:17031)
VFB_jrcv0d59	intermediate tract of dorsal cervical fasciculus - commissure of fine fibers	doi:10.1101/2023.06.05.543757	fasciculates_with	manc:v1.2.1 260817	AN06B067_T2_L (MANC:17037)
VFB_jrcv0d5d	intermediate tract of dorsal cervical fasciculus - commissure of fine fibers	doi:10.1101/2023.06.05.543757	fasciculates_with	manc:v1.2.1 260817	AN06A018_T1_R (MANC:17041)
VFB_jrcv0d5x	ventral median tract of ventral cervical fasciculus	doi:10.1101/2023.06.05.543757	fasciculates_with	manc:v1.2.1 260817	TBD (MANC:17061)
VFB_jrcv0d6b	ventral median tract of ventral cervical fasciculus	doi:10.1101/2023.06.05.543757	fasciculates_with	manc:v1.2.1 260817	AN01A046_T1_R (MANC:17075)
VFB_jrcv0d6i	dorsal lateral tract of ventral cervical fasciculus	doi:10.1101/2023.06.05.543757	fasciculates_with	manc:v1.2.1 260817	AN08B121_T1_L (MANC:17082)
VFB_jrcv0d6m	dorsal lateral tract of ventral cervical fasciculus	doi:10.1101/2023.06.05.543757	fasciculates_with	manc:v1.2.1 260817	AN08B090_T1_R (MANC:17086)
VFB_jrcv0d6t	intermediate tract of dorsal cervical fasciculus - commissure of fine fibers	doi:10.1101/2023.06.05.543757	fasciculates_with	manc:v1.2.1 260817	AN08B074_T3_L (MANC:17093)
VFB_jrcv0d76	ventral median tract of ventral cervical fasciculus	doi:10.1101/2023.06.05.543757	fasciculates_with	manc:v1.2.1 260817	AN05A004_A8_L (MANC:17106)
VFB_jrcv0d7a	dorsal median tract of dorsal cervical fasciculus	doi:10.1101/2023.06.05.543757	fasciculates_with	manc:v1.2.1 260817	SAppxx_DMetaN_R (MANC:17110)
VFB_jrcv0d7d	median dorsal abdominal tract	doi:10.1101/2023.06.05.543757	fasciculates_with	manc:v1.2.1 260817	TBD (MANC:17113)
VFB_jrcv0d7n	dorsal median tract of dorsal cervical fasciculus	doi:10.1101/2023.06.05.543757	fasciculates_with	manc:v1.2.1 260817	SApp04_ADMN_L (MANC:17123)
VFB_jrcv0d8e	intermediate tract of dorsal cervical fasciculus - commissure of fine fibers	doi:10.1101/2023.06.05.543757	fasciculates_with	manc:v1.2.1 260817	AN08B085_T3_R (MANC:17150)
VFB_jrcv0d8j	dorsal median tract of dorsal cervical fasciculus	doi:10.1101/2023.06.05.543757	fasciculates_with	manc:v1.2.1 260817	TBD (MANC:17155)
VFB_jrcv0d8r	dorsal median tract of dorsal cervical fasciculus	doi:10.1101/2023.06.05.543757	fasciculates_with	manc:v1.2.1 260817	AN07B038_T1_R (MANC:17163)
VFB_jrcv0d9b	dorsal lateral tract of ventral cervical fasciculus	doi:10.1101/2023.06.05.543757	fasciculates_with	manc:v1.2.1 260817	AN05B012_T2_L (MANC:17183)
VFB_jrcv0d9p	dorsal lateral tract of ventral cervical fasciculus	doi:10.1101/2023.06.05.543757	fasciculates_with	manc:v1.2.1 260817	AN17B004_T2_R (MANC:17197)
VFB_jrcv0d9w	dorsal median tract of dorsal cervical fasciculus	doi:10.1101/2023.06.05.543757	fasciculates_with	manc:v1.2.1 260817	SApp04_ADMN_L (MANC:17204)
VFB_jrcv0d9z	dorsal median tract of dorsal cervical fasciculus	doi:10.1101/2023.06.05.543757	fasciculates_with	manc:v1.2.1 260817	AN19B039_T1_R (MANC:17207)
VFB_jrcv0da3	dorsal median tract of dorsal cervical fasciculus	doi:10.1101/2023.06.05.543757	fasciculates_with	manc:v1.2.1 260817	TBD (MANC:17211)
VFB_jrcv0daw	dorsal lateral tract of ventral cervical fasciculus	doi:10.1101/2023.06.05.543757	fasciculates_with	manc:v1.2.1 260817	AN09B014_T1_L (MANC:17240)
VFB_jrcv0db0	dorsal lateral tract of ventral cervical fasciculus	doi:10.1101/2023.06.05.543757	fasciculates_with	manc:v1.2.1 260817	TBD (MANC:17244)
VFB_jrcv0db4	ventral median tract of ventral cervical fasciculus	doi:10.1101/2023.06.05.543757	fasciculates_with	manc:v1.2.1 260817	AN05B012_T2_R (MANC:17248)
VFB_jrcv0db6	dorsal median tract of dorsal cervical fasciculus	doi:10.1101/2023.06.05.543757	fasciculates_with	manc:v1.2.1 260817	AN06B012_T2_L (MANC:17250)
VFB_jrcv0dba	ventral median tract of ventral cervical fasciculus	doi:10.1101/2023.06.05.543757	fasciculates_with	manc:v1.2.1 260817	AN05B016_T2_L (MANC:17254)
VFB_jrcv0dbb	ventral median tract of ventral cervical fasciculus	doi:10.1101/2023.06.05.543757	fasciculates_with	manc:v1.2.1 260817	AN05B019_T2_L (MANC:17255)
VFB_jrcv0dbo	ventral median tract of ventral cervical fasciculus	doi:10.1101/2023.06.05.543757	fasciculates_with	manc:v1.2.1 260817	TBD (MANC:17268)
VFB_jrcv0dbv	ventral median tract of ventral cervical fasciculus	doi:10.1101/2023.06.05.543757	fasciculates_with	manc:v1.2.1 260817	TBD (MANC:17275)
VFB_jrcv0dc4	intermediate tract of dorsal cervical fasciculus - commissure of fine fibers	doi:10.1101/2023.06.05.543757	fasciculates_with	manc:v1.2.1 260817	AN06B067_T2_R (MANC:17284)
VFB_jrcv0dc7	dorsal median tract of dorsal cervical fasciculus	doi:10.1101/2023.06.05.543757	fasciculates_with	manc:v1.2.1 260817	AN07B038_T1_L (MANC:17287)
VFB_jrcv0dcb	dorsal lateral tract of ventral cervical fasciculus	doi:10.1101/2023.06.05.543757	fasciculates_with	manc:v1.2.1 260817	TBD (MANC:17291)
VFB_jrcv0dcx	dorsal median tract of dorsal cervical fasciculus	doi:10.1101/2023.06.05.543757	fasciculates_with	manc:v1.2.1 260817	SAppxx_DMetaN_L (MANC:17313)
VFB_jrcv0dd8	dorsal lateral tract of ventral cervical fasciculus	doi:10.1101/2023.06.05.543757	fasciculates_with	manc:v1.2.1 260817	AN08B073_T1_L (MANC:17324)
VFB_jrcv0ddd	dorsal median tract of dorsal cervical fasciculus	doi:10.1101/2023.06.05.543757	fasciculates_with	manc:v1.2.1 260817	TBD (MANC:17329)
VFB_jrcv0ddi	ventral median tract of ventral cervical fasciculus	doi:10.1101/2023.06.05.543757	fasciculates_with	manc:v1.2.1 260817	AN05A004_A8_R (MANC:17334)
VFB_jrcv0de8	ventral median tract of ventral cervical fasciculus	doi:10.1101/2023.06.05.543757	fasciculates_with	manc:v1.2.1 260817	AN05B016_T1_L (MANC:17360)
VFB_jrcv0ded	ventral median tract of ventral cervical fasciculus	doi:10.1101/2023.06.05.543757	fasciculates_with	manc:v1.2.1 260817	AN05B016_T2_L (MANC:17365)
VFB_jrcv0dee	median dorsal abdominal tract	doi:10.1101/2023.06.05.543757	fasciculates_with	manc:v1.2.1 260817	TBD (MANC:17366)
VFB_jrcv0dej	dorsal median tract of dorsal cervical fasciculus	doi:10.1101/2023.06.05.543757	fasciculates_with	manc:v1.2.1 260817	SApp24_DMetaN_R (MANC:17371)
VFB_jrcv0deo	dorsal median tract of dorsal cervical fasciculus	doi:10.1101/2023.06.05.543757	fasciculates_with	manc:v1.2.1 260817	TBD (MANC:17376)
VFB_jrcv0des	dorsal lateral tract of ventral cervical fasciculus	doi:10.1101/2023.06.05.543757	fasciculates_with	manc:v1.2.1 260817	AN23B004_A1_L (MANC:17380)
VFB_jrcv0df0	dorsal median tract of dorsal cervical fasciculus	doi:10.1101/2023.06.05.543757	fasciculates_with	manc:v1.2.1 260817	SAppxx_DMetaN_R (MANC:17388)
VFB_jrcv0df7	dorsal lateral tract of ventral cervical fasciculus	doi:10.1101/2023.06.05.543757	fasciculates_with	manc:v1.2.1 260817	AN04B003_T1_L (MANC:17395)
VFB_jrcv0df8	ventral lateral tract of ventral cervical fasciculus	doi:10.1101/2023.06.05.543757	fasciculates_with	manc:v1.2.1 260817	TBD (MANC:17396)
VFB_jrcv0dfe	dorsal median tract of dorsal cervical fasciculus	doi:10.1101/2023.06.05.543757	fasciculates_with	manc:v1.2.1 260817	SApp28_DMetaN_L (MANC:17402)
VFB_jrcv0dfo	dorsal lateral tract of ventral cervical fasciculus	doi:10.1101/2023.06.05.543757	fasciculates_with	manc:v1.2.1 260817	AN08B064_T1_L (MANC:17412)
VFB_jrcv0dfs	ventral median tract of ventral cervical fasciculus	doi:10.1101/2023.06.05.543757	fasciculates_with	manc:v1.2.1 260817	AN09B027_T2_R (MANC:17416)
VFB_jrcv0dg1	dorsal median tract of dorsal cervical fasciculus	doi:10.1101/2023.06.05.543757	fasciculates_with	manc:v1.2.1 260817	SApp21_DMetaN_R (MANC:17425)
VFB_jrcv0dg7	ventral median tract of ventral cervical fasciculus	doi:10.1101/2023.06.05.543757	fasciculates_with	manc:v1.2.1 260817	AN05B016_T1_R (MANC:17431)
VFB_jrcv0dg8	ventral median tract of ventral cervical fasciculus	doi:10.1101/2023.06.05.543757	fasciculates_with	manc:v1.2.1 260817	AN05B016_T2_R (MANC:17432)
VFB_jrcv0dge	ventral median tract of ventral cervical fasciculus	doi:10.1101/2023.06.05.543757	fasciculates_with	manc:v1.2.1 260817	AN09B032_A8_L (MANC:17438)
VFB_jrcv0dgt	ventral median tract of ventral cervical fasciculus	doi:10.1101/2023.06.05.543757	fasciculates_with	manc:v1.2.1 260817	AN05B016_T1_R (MANC:17453)
VFB_jrcv0dh7	median dorsal abdominal tract	doi:10.1101/2023.06.05.543757	fasciculates_with	manc:v1.2.1 260817	TBD (MANC:17467)
VFB_jrcv0dh9	dorsal lateral tract of ventral cervical fasciculus	doi:10.1101/2023.06.05.543757	fasciculates_with	manc:v1.2.1 260817	AN08B084_T1_R (MANC:17469)
VFB_jrcv0dhb	ventral median tract of ventral cervical fasciculus	doi:10.1101/2023.06.05.543757	fasciculates_with	manc:v1.2.1 260817	AN05B019_T2_R (MANC:17471)
VFB_jrcv0dhe	ventral lateral tract of ventral cervical fasciculus	doi:10.1101/2023.06.05.543757	fasciculates_with	manc:v1.2.1 260817	TBD (MANC:17474)
VFB_jrcv0dhg	intermediate tract of dorsal cervical fasciculus - commissure of fine fibers	doi:10.1101/2023.06.05.543757	fasciculates_with	manc:v1.2.1 260817	AN08B085_T3_R (MANC:17476)
VFB_jrcv0dhn	dorsal median tract of dorsal cervical fasciculus	doi:10.1101/2023.06.05.543757	fasciculates_with	manc:v1.2.1 260817	AN07B033_T1_R (MANC:17483)
VFB_jrcv0dib	median dorsal abdominal tract	doi:10.1101/2023.06.05.543757	fasciculates_with	manc:v1.2.1 260817	TBD (MANC:17507)
VFB_jrcv0diq	dorsal median tract of dorsal cervical fasciculus	doi:10.1101/2023.06.05.543757	fasciculates_with	manc:v1.2.1 260817	TBD (MANC:17522)
VFB_jrcv0diu	median dorsal abdominal tract	doi:10.1101/2023.06.05.543757	fasciculates_with	manc:v1.2.1 260817	TBD (MANC:17526)
VFB_jrcv0div	intermediate tract of dorsal cervical fasciculus - commissure of fine fibers	doi:10.1101/2023.06.05.543757	fasciculates_with	manc:v1.2.1 260817	AN06A081_T1_R (MANC:17527)
VFB_jrcv0dj4	dorsal lateral tract of ventral cervical fasciculus	doi:10.1101/2023.06.05.543757	fasciculates_with	manc:v1.2.1 260817	AN08B052_T1_R (MANC:17536)
VFB_jrcv0djd	dorsal median tract of dorsal cervical fasciculus	doi:10.1101/2023.06.05.543757	fasciculates_with	manc:v1.2.1 260817	SApp04_ADMN_L (MANC:17545)
VFB_jrcv0djg	dorsal lateral tract of ventral cervical fasciculus	doi:10.1101/2023.06.05.543757	fasciculates_with	manc:v1.2.1 260817	AN08B084_T1_L (MANC:17548)
VFB_jrcv0djm	intermediate tract of dorsal cervical fasciculus - commissure of fine fibers	doi:10.1101/2023.06.05.543757	fasciculates_with	manc:v1.2.1 260817	AN19B054_T3_R (MANC:17554)
VFB_jrcv0djn	dorsal lateral tract of ventral cervical fasciculus	doi:10.1101/2023.06.05.543757	fasciculates_with	manc:v1.2.1 260817	AN08B052_T1_R (MANC:17555)
VFB_jrcv0dk7	ventral median tract of ventral cervical fasciculus	doi:10.1101/2023.06.05.543757	fasciculates_with	manc:v1.2.1 260817	TBD (MANC:17575)
VFB_jrcv0dkv	ventral median tract of ventral cervical fasciculus	doi:10.1101/2023.06.05.543757	fasciculates_with	manc:v1.2.1 260817	AN17A053_T1_R (MANC:17599)
VFB_jrcv0dky	dorsal lateral tract of dorsal cervical fasciculus	doi:10.1101/2023.06.05.543757	fasciculates_with	manc:v1.2.1 260817	AN19B047_A2_R (MANC:17602)
VFB_jrcv0dkz	ventral median tract of ventral cervical fasciculus	doi:10.1101/2023.06.05.543757	fasciculates_with	manc:v1.2.1 260817	AN05B004_A1_R (MANC:17603)
VFB_jrcv0dl5	ventral median tract of ventral cervical fasciculus	doi:10.1101/2023.06.05.543757	fasciculates_with	manc:v1.2.1 260817	TBD (MANC:17609)
VFB_jrcv0dle	ventral median tract of ventral cervical fasciculus	doi:10.1101/2023.06.05.543757	fasciculates_with	manc:v1.2.1 260817	TBD (MANC:17618)
VFB_jrcv0dlh	dorsal lateral tract of ventral cervical fasciculus	doi:10.1101/2023.06.05.543757	fasciculates_with	manc:v1.2.1 260817	TBD (MANC:17621)
VFB_jrcv0dlk	ventral median tract of ventral cervical fasciculus	doi:10.1101/2023.06.05.543757	fasciculates_with	manc:v1.2.1 260817	AN05B016_T1_L (MANC:17624)
VFB_jrcv0dln	dorsal median tract of dorsal cervical fasciculus	doi:10.1101/2023.06.05.543757	fasciculates_with	manc:v1.2.1 260817	AN07B033_T1_L (MANC:17627)
VFB_jrcv0dlq	dorsal median tract of dorsal cervical fasciculus	doi:10.1101/2023.06.05.543757	fasciculates_with	manc:v1.2.1 260817	TBD (MANC:17630)
VFB_jrcv0dlr	dorsal median tract of dorsal cervical fasciculus	doi:10.1101/2023.06.05.543757	fasciculates_with	manc:v1.2.1 260817	AN07B043_T1_R (MANC:17631)
VFB_jrcv0dm3	dorsal lateral tract of ventral cervical fasciculus	doi:10.1101/2023.06.05.543757	fasciculates_with	manc:v1.2.1 260817	TBD (MANC:17643)
VFB_jrcv0dmt	dorsal median tract of dorsal cervical fasciculus	doi:10.1101/2023.06.05.543757	fasciculates_with	manc:v1.2.1 260817	TBD (MANC:17669)
VFB_jrcv0dny	ventral lateral tract of ventral cervical fasciculus	doi:10.1101/2023.06.05.543757	fasciculates_with	manc:v1.2.1 260817	TBD (MANC:17710)
VFB_jrcv0do1	median dorsal abdominal tract	doi:10.1101/2023.06.05.543757	fasciculates_with	manc:v1.2.1 260817	TBD (MANC:17713)
VFB_jrcv0dob	intermediate tract of dorsal cervical fasciculus - commissure of fine fibers	doi:10.1101/2023.06.05.543757	fasciculates_with	manc:v1.2.1 260817	AN19B046_T3_L (MANC:17723)
VFB_jrcv0doc	dorsal median tract of dorsal cervical fasciculus	doi:10.1101/2023.06.05.543757	fasciculates_with	manc:v1.2.1 260817	SApp28_DMetaN_R (MANC:17724)
VFB_jrcv0dog	dorsal lateral tract of dorsal cervical fasciculus	doi:10.1101/2023.06.05.543757	fasciculates_with	manc:v1.2.1 260817	AN19B040_T1_L (MANC:17728)
VFB_jrcv0dol	ventral median tract of ventral cervical fasciculus	doi:10.1101/2023.06.05.543757	fasciculates_with	manc:v1.2.1 260817	AN05B013_T1_L (MANC:17733)
VFB_jrcv0dp3	dorsal median tract of dorsal cervical fasciculus	doi:10.1101/2023.06.05.543757	fasciculates_with	manc:v1.2.1 260817	TBD (MANC:17751)
VFB_jrcv0dp8	dorsal lateral tract of ventral cervical fasciculus	doi:10.1101/2023.06.05.543757	fasciculates_with	manc:v1.2.1 260817	AN08B084_T1_L (MANC:17756)
VFB_jrcv0dpk	dorsal median tract of dorsal cervical fasciculus	doi:10.1101/2023.06.05.543757	fasciculates_with	manc:v1.2.1 260817	AN11B015_T1_L (MANC:17768)
VFB_jrcv0dpo	dorsal median tract of dorsal cervical fasciculus	doi:10.1101/2023.06.05.543757	fasciculates_with	manc:v1.2.1 260817	TBD (MANC:17772)
VFB_jrcv0dpt	dorsal median tract of dorsal cervical fasciculus	doi:10.1101/2023.06.05.543757	fasciculates_with	manc:v1.2.1 260817	TBD (MANC:17777)
VFB_jrcv0dpy	dorsal lateral tract of ventral cervical fasciculus	doi:10.1101/2023.06.05.543757	fasciculates_with	manc:v1.2.1 260817	TBD (MANC:17782)
VFB_jrcv0dq0	dorsal median tract of dorsal cervical fasciculus	doi:10.1101/2023.06.05.543757	fasciculates_with	manc:v1.2.1 260817	SApp21_DMetaN_L (MANC:17784)
VFB_jrcv0dq1	dorsal median tract of dorsal cervical fasciculus	doi:10.1101/2023.06.05.543757	fasciculates_with	manc:v1.2.1 260817	AN07B043_T1_R (MANC:17785)
VFB_jrcv0dq8	dorsal median tract of dorsal cervical fasciculus	doi:10.1101/2023.06.05.543757	fasciculates_with	manc:v1.2.1 260817	SAppxx_DMetaN_L (MANC:17792)
VFB_jrcv0dqa	intermediate tract of dorsal cervical fasciculus - commissure of fine fibers	doi:10.1101/2023.06.05.543757	fasciculates_with	manc:v1.2.1 260817	TBD (MANC:17794)
VFB_jrcv0dqc	dorsal lateral tract of dorsal cervical fasciculus	doi:10.1101/2023.06.05.543757	fasciculates_with	manc:v1.2.1 260817	SAta08_PDMN_L (MANC:17796)
VFB_jrcv0dqe	ventral lateral tract of ventral cervical fasciculus	doi:10.1101/2023.06.05.543757	fasciculates_with	manc:v1.2.1 260817	TBD (MANC:17798)
VFB_jrcv0dqm	ventral lateral tract of ventral cervical fasciculus	doi:10.1101/2023.06.05.543757	fasciculates_with	manc:v1.2.1 260817	TBD (MANC:17806)
VFB_jrcv0dqs	dorsal lateral tract of ventral cervical fasciculus	doi:10.1101/2023.06.05.543757	fasciculates_with	manc:v1.2.1 260817	AN08B056_T1_R (MANC:17812)
VFB_jrcv0dr1	dorsal median tract of dorsal cervical fasciculus	doi:10.1101/2023.06.05.543757	fasciculates_with	manc:v1.2.1 260817	SApp28_DMetaN_L (MANC:17821)
VFB_jrcv0dr8	dorsal median tract of dorsal cervical fasciculus	doi:10.1101/2023.06.05.543757	fasciculates_with	manc:v1.2.1 260817	SApp21_DMetaN_L (MANC:17828)
VFB_jrcv0dra	ventral lateral tract of ventral cervical fasciculus	doi:10.1101/2023.06.05.543757	fasciculates_with	manc:v1.2.1 260817	TBD (MANC:17830)
VFB_jrcv0drp	dorsal median tract of dorsal cervical fasciculus	doi:10.1101/2023.06.05.543757	fasciculates_with	manc:v1.2.1 260817	SApp04_ADMN_R (MANC:17845)
VFB_jrcv0ds1	intermediate tract of dorsal cervical fasciculus - commissure of fine fibers	doi:10.1101/2023.06.05.543757	fasciculates_with	manc:v1.2.1 260817	AN12A043_T1_L (MANC:17857)
VFB_jrcv0ds6	dorsal median tract of dorsal cervical fasciculus	doi:10.1101/2023.06.05.543757	fasciculates_with	manc:v1.2.1 260817	TBD (MANC:17862)
VFB_jrcv0ds9	dorsal median tract of dorsal cervical fasciculus	doi:10.1101/2023.06.05.543757	fasciculates_with	manc:v1.2.1 260817	TBD (MANC:17865)
VFB_jrcv0dse	dorsal median tract of dorsal cervical fasciculus	doi:10.1101/2023.06.05.543757	fasciculates_with	manc:v1.2.1 260817	SAppxx_DMetaN_L (MANC:17870)
VFB_jrcv0dsf	intermediate tract of dorsal cervical fasciculus - commissure of fine fibers	doi:10.1101/2023.06.05.543757	fasciculates_with	manc:v1.2.1 260817	TBD (MANC:17871)
VFB_jrcv0dsn	dorsal median tract of dorsal cervical fasciculus	doi:10.1101/2023.06.05.543757	fasciculates_with	manc:v1.2.1 260817	SApp28_DMetaN_R (MANC:17879)
VFB_jrcv0dsr	dorsal median tract of dorsal cervical fasciculus	doi:10.1101/2023.06.05.543757	fasciculates_with	manc:v1.2.1 260817	TBD (MANC:17883)
VFB_jrcv0dss	dorsal median tract of dorsal cervical fasciculus	doi:10.1101/2023.06.05.543757	fasciculates_with	manc:v1.2.1 260817	TBD (MANC:17884)
VFB_jrcv0dt0	dorsal median tract of dorsal cervical fasciculus	doi:10.1101/2023.06.05.543757	fasciculates_with	manc:v1.2.1 260817	SApp04_ADMN_L (MANC:17892)
VFB_jrcv0dt6	dorsal median tract of dorsal cervical fasciculus	doi:10.1101/2023.06.05.543757	fasciculates_with	manc:v1.2.1 260817	TBD (MANC:17898)
VFB_jrcv0dug	dorsal median tract of dorsal cervical fasciculus	doi:10.1101/2023.06.05.543757	fasciculates_with	manc:v1.2.1 260817	AN07B053_T1_R (MANC:17944)
VFB_jrcv0duk	dorsal median tract of dorsal cervical fasciculus	doi:10.1101/2023.06.05.543757	fasciculates_with	manc:v1.2.1 260817	TBD (MANC:17948)
VFB_jrcv0duo	dorsal median tract of dorsal cervical fasciculus	doi:10.1101/2023.06.05.543757	fasciculates_with	manc:v1.2.1 260817	SApp28_DMetaN_L (MANC:17952)
VFB_jrcv0duq	dorsal lateral tract of dorsal cervical fasciculus	doi:10.1101/2023.06.05.543757	fasciculates_with	manc:v1.2.1 260817	AN27X005_T3_R (MANC:17954)
VFB_jrcv0duz	intermediate tract of dorsal cervical fasciculus - commissure of fine fibers	doi:10.1101/2023.06.05.543757	fasciculates_with	manc:v1.2.1 260817	TBD (MANC:17963)
VFB_jrcv0dvj	median dorsal abdominal tract	doi:10.1101/2023.06.05.543757	fasciculates_with	manc:v1.2.1 260817	TBD (MANC:17983)
VFB_jrcv0dvm	dorsal lateral tract of ventral cervical fasciculus	doi:10.1101/2023.06.05.543757	fasciculates_with	manc:v1.2.1 260817	AN08B125_T1_R (MANC:17986)
VFB_jrcv0dvp	dorsal median tract of dorsal cervical fasciculus	doi:10.1101/2023.06.05.543757	fasciculates_with	manc:v1.2.1 260817	TBD (MANC:17989)
VFB_jrcv0dw1	dorsal lateral tract of ventral cervical fasciculus	doi:10.1101/2023.06.05.543757	fasciculates_with	manc:v1.2.1 260817	AN08B056_T1_L (MANC:18001)
VFB_jrcv0dw9	ventral median tract of ventral cervical fasciculus	doi:10.1101/2023.06.05.543757	fasciculates_with	manc:v1.2.1 260817	AN05B016_T2_R (MANC:18009)
VFB_jrcv0dwa	dorsal lateral tract of ventral cervical fasciculus	doi:10.1101/2023.06.05.543757	fasciculates_with	manc:v1.2.1 260817	TBD (MANC:18010)
VFB_jrcv0dwd	intermediate tract of dorsal cervical fasciculus - commissure of fine fibers	doi:10.1101/2023.06.05.543757	fasciculates_with	manc:v1.2.1 260817	AN08B091_T3_L (MANC:18013)
VFB_jrcv0dwe	dorsal lateral tract of ventral cervical fasciculus	doi:10.1101/2023.06.05.543757	fasciculates_with	manc:v1.2.1 260817	AN08B052_T1_L (MANC:18014)
VFB_jrcv0dwm	dorsal lateral tract of dorsal cervical fasciculus	doi:10.1101/2023.06.05.543757	fasciculates_with	manc:v1.2.1 260817	AN19B040_T1_R (MANC:18022)
VFB_jrcv0dwx	median dorsal abdominal tract	doi:10.1101/2023.06.05.543757	fasciculates_with	manc:v1.2.1 260817	TBD (MANC:18033)
VFB_jrcv0dx5	median dorsal abdominal tract	doi:10.1101/2023.06.05.543757	fasciculates_with	manc:v1.2.1 260817	TBD (MANC:18041)
VFB_jrcv0dxa	median dorsal abdominal tract	doi:10.1101/2023.06.05.543757	fasciculates_with	manc:v1.2.1 260817	TBD (MANC:18046)
VFB_jrcv0dxp	dorsal lateral tract of dorsal cervical fasciculus	doi:10.1101/2023.06.05.543757	fasciculates_with	manc:v1.2.1 260817	AN19B040_T1_L (MANC:18061)
VFB_jrcv0dxy	dorsal median tract of dorsal cervical fasciculus	doi:10.1101/2023.06.05.543757	fasciculates_with	manc:v1.2.1 260817	SApp28_DMetaN_R (MANC:18070)
VFB_jrcv0dy0	intermediate tract of dorsal cervical fasciculus - commissure of fine fibers	doi:10.1101/2023.06.05.543757	fasciculates_with	manc:v1.2.1 260817	AN07B063_T3_R (MANC:18072)
VFB_jrcv0dy4	ventral lateral tract of ventral cervical fasciculus	doi:10.1101/2023.06.05.543757	fasciculates_with	manc:v1.2.1 260817	TBD (MANC:18076)
VFB_jrcv0dyj	intermediate tract of dorsal cervical fasciculus - commissure of fine fibers	doi:10.1101/2023.06.05.543757	fasciculates_with	manc:v1.2.1 260817	AN19B083_T3_L (MANC:18091)
VFB_jrcv0dyk	dorsal median tract of dorsal cervical fasciculus	doi:10.1101/2023.06.05.543757	fasciculates_with	manc:v1.2.1 260817	TBD (MANC:18092)
VFB_jrcv0dyl	intermediate tract of dorsal cervical fasciculus - commissure of fine fibers	doi:10.1101/2023.06.05.543757	fasciculates_with	manc:v1.2.1 260817	AN06B043_T2_R (MANC:18093)
VFB_jrcv0dyr	ventral lateral tract of ventral cervical fasciculus	doi:10.1101/2023.06.05.543757	fasciculates_with	manc:v1.2.1 260817	TBD (MANC:18099)
VFB_jrcv0dyy	dorsal median tract of dorsal cervical fasciculus	doi:10.1101/2023.06.05.543757	fasciculates_with	manc:v1.2.1 260817	SAppxx_DMetaN_L (MANC:18106)
VFB_jrcv0dyz	dorsal median tract of dorsal cervical fasciculus	doi:10.1101/2023.06.05.543757	fasciculates_with	manc:v1.2.1 260817	TBD (MANC:18107)
VFB_jrcv0dz3	dorsal median tract of dorsal cervical fasciculus	doi:10.1101/2023.06.05.543757	fasciculates_with	manc:v1.2.1 260817	AN07B033_T1_R (MANC:18111)
VFB_jrcv0dz5	dorsal lateral tract of dorsal cervical fasciculus	doi:10.1101/2023.06.05.543757	fasciculates_with	manc:v1.2.1 260817	TBD (MANC:18113)
VFB_jrcv0dzp	dorsal lateral tract of ventral cervical fasciculus	doi:10.1101/2023.06.05.543757	fasciculates_with	manc:v1.2.1 260817	AN08B052_T1_L (MANC:18133)
VFB_jrcv0e01	dorsal median tract of dorsal cervical fasciculus	doi:10.1101/2023.06.05.543757	fasciculates_with	manc:v1.2.1 260817	TBD (MANC:18145)
VFB_jrcv0e09	intermediate tract of dorsal cervical fasciculus - commissure of fine fibers	doi:10.1101/2023.06.05.543757	fasciculates_with	manc:v1.2.1 260817	TBD (MANC:18153)
VFB_jrcv0e0h	intermediate tract of dorsal cervical fasciculus - commissure of fine fibers	doi:10.1101/2023.06.05.543757	fasciculates_with	manc:v1.2.1 260817	AN07B044_T3_R (MANC:18161)
VFB_jrcv0e0m	dorsal median tract of dorsal cervical fasciculus	doi:10.1101/2023.06.05.543757	fasciculates_with	manc:v1.2.1 260817	SApp28_DMetaN_L (MANC:18166)
VFB_jrcv0e0u	ventral median tract of ventral cervical fasciculus	doi:10.1101/2023.06.05.543757	fasciculates_with	manc:v1.2.1 260817	TBD (MANC:18174)
VFB_jrcv0e13	ventral median tract of ventral cervical fasciculus	doi:10.1101/2023.06.05.543757	fasciculates_with	manc:v1.2.1 260817	AN05B018_T2_R (MANC:18183)
VFB_jrcv0e15	dorsal median tract of dorsal cervical fasciculus	doi:10.1101/2023.06.05.543757	fasciculates_with	manc:v1.2.1 260817	SAppxx_DMetaN_R (MANC:18185)
VFB_jrcv0e19	dorsal lateral tract of ventral cervical fasciculus	doi:10.1101/2023.06.05.543757	fasciculates_with	manc:v1.2.1 260817	TBD (MANC:18189)
VFB_jrcv0e1d	dorsal median tract of dorsal cervical fasciculus	doi:10.1101/2023.06.05.543757	fasciculates_with	manc:v1.2.1 260817	SApp28_DMetaN_R (MANC:18193)
VFB_jrcv0e1t	dorsal lateral tract of ventral cervical fasciculus	doi:10.1101/2023.06.05.543757	fasciculates_with	manc:v1.2.1 260817	AN08B084_T1_R (MANC:18209)
VFB_jrcv0e1x	dorsal median tract of dorsal cervical fasciculus	doi:10.1101/2023.06.05.543757	fasciculates_with	manc:v1.2.1 260817	SApp21_DMetaN_R (MANC:18213)
VFB_jrcv0e2s	intermediate tract of dorsal cervical fasciculus - commissure of fine fibers	doi:10.1101/2023.06.05.543757	fasciculates_with	manc:v1.2.1 260817	TBD (MANC:18244)
VFB_jrcv0e30	dorsal median tract of dorsal cervical fasciculus	doi:10.1101/2023.06.05.543757	fasciculates_with	manc:v1.2.1 260817	TBD (MANC:18252)
VFB_jrcv0e3d	dorsal lateral tract of ventral cervical fasciculus	doi:10.1101/2023.06.05.543757	fasciculates_with	manc:v1.2.1 260817	TBD (MANC:18265)
VFB_jrcv0e3i	dorsal median tract of dorsal cervical fasciculus	doi:10.1101/2023.06.05.543757	fasciculates_with	manc:v1.2.1 260817	SApp04_ADMN_L (MANC:18270)
VFB_jrcv0e3r	intermediate tract of dorsal cervical fasciculus - commissure of fine fibers	doi:10.1101/2023.06.05.543757	fasciculates_with	manc:v1.2.1 260817	TBD (MANC:18279)
VFB_jrcv0e3w	median dorsal abdominal tract	doi:10.1101/2023.06.05.543757	fasciculates_with	manc:v1.2.1 260817	TBD (MANC:18284)
VFB_jrcv0e40	dorsal lateral tract of ventral cervical fasciculus	doi:10.1101/2023.06.05.543757	fasciculates_with	manc:v1.2.1 260817	AN10B008_T1_R (MANC:18288)
VFB_jrcv0e4h	ventral lateral tract of ventral cervical fasciculus	doi:10.1101/2023.06.05.543757	fasciculates_with	manc:v1.2.1 260817	TBD (MANC:18305)
VFB_jrcv0e4n	ventral median tract of ventral cervical fasciculus	doi:10.1101/2023.06.05.543757	fasciculates_with	manc:v1.2.1 260817	AN05B016_T2_L (MANC:18311)
VFB_jrcv0e4o	median dorsal abdominal tract	doi:10.1101/2023.06.05.543757	fasciculates_with	manc:v1.2.1 260817	TBD (MANC:18312)
VFB_jrcv0e4w	dorsal lateral tract of ventral cervical fasciculus	doi:10.1101/2023.06.05.543757	fasciculates_with	manc:v1.2.1 260817	AN08B095_T1_L (MANC:18320)
VFB_jrcv0e52	dorsal lateral tract of ventral cervical fasciculus	doi:10.1101/2023.06.05.543757	fasciculates_with	manc:v1.2.1 260817	AN01B012_T1_L (MANC:18326)
VFB_jrcv0e5f	dorsal median tract of dorsal cervical fasciculus	doi:10.1101/2023.06.05.543757	fasciculates_with	manc:v1.2.1 260817	TBD (MANC:18339)
VFB_jrcv0e5k	dorsal median tract of dorsal cervical fasciculus	doi:10.1101/2023.06.05.543757	fasciculates_with	manc:v1.2.1 260817	SApp04_ADMN_R (MANC:18344)
VFB_jrcv0e5n	median dorsal abdominal tract	doi:10.1101/2023.06.05.543757	fasciculates_with	manc:v1.2.1 260817	AN06A022_T1_L (MANC:18347)
VFB_jrcv0e5o	dorsal median tract of dorsal cervical fasciculus	doi:10.1101/2023.06.05.543757	fasciculates_with	manc:v1.2.1 260817	SApp04_ADMN_R (MANC:18348)
VFB_jrcv0e5r	ventral median tract of ventral cervical fasciculus	doi:10.1101/2023.06.05.543757	fasciculates_with	manc:v1.2.1 260817	TBD (MANC:18351)
VFB_jrcv0e5t	dorsal median tract of dorsal cervical fasciculus	doi:10.1101/2023.06.05.543757	fasciculates_with	manc:v1.2.1 260817	TBD (MANC:18353)
VFB_jrcv0e67	intermediate tract of dorsal cervical fasciculus - commissure of fine fibers	doi:10.1101/2023.06.05.543757	fasciculates_with	manc:v1.2.1 260817	AN19B055_T3_R (MANC:18367)
VFB_jrcv0e6o	intermediate tract of dorsal cervical fasciculus - commissure of fine fibers	doi:10.1101/2023.06.05.543757	fasciculates_with	manc:v1.2.1 260817	AN19B054_T3_R (MANC:18384)
VFB_jrcv0e6s	ventral median tract of ventral cervical fasciculus	doi:10.1101/2023.06.05.543757	fasciculates_with	manc:v1.2.1 260817	TBD (MANC:18388)
VFB_jrcv0e6t	dorsal lateral tract of ventral cervical fasciculus	doi:10.1101/2023.06.05.543757	fasciculates_with	manc:v1.2.1 260817	AN08B095_T1_L (MANC:18389)
VFB_jrcv0e6x	intermediate tract of dorsal cervical fasciculus - commissure of fine fibers	doi:10.1101/2023.06.05.543757	fasciculates_with	manc:v1.2.1 260817	AN19B057_T3_R (MANC:18393)
VFB_jrcv0e7c	intermediate tract of dorsal cervical fasciculus - commissure of fine fibers	doi:10.1101/2023.06.05.543757	fasciculates_with	manc:v1.2.1 260817	AN19B067_T3_R (MANC:18408)
VFB_jrcv0e7j	intermediate tract of dorsal cervical fasciculus - commissure of fine fibers	doi:10.1101/2023.06.05.543757	fasciculates_with	manc:v1.2.1 260817	TBD (MANC:18415)
VFB_jrcv0e7s	ventral median tract of ventral cervical fasciculus	doi:10.1101/2023.06.05.543757	fasciculates_with	manc:v1.2.1 260817	TBD (MANC:18424)
VFB_jrcv0e7z	dorsal median tract of dorsal cervical fasciculus	doi:10.1101/2023.06.05.543757	fasciculates_with	manc:v1.2.1 260817	TBD (MANC:18431)
VFB_jrcv0e85	dorsal median tract of dorsal cervical fasciculus	doi:10.1101/2023.06.05.543757	fasciculates_with	manc:v1.2.1 260817	AN07B067_T1_L (MANC:18437)
VFB_jrcv0e8d	intermediate tract of dorsal cervical fasciculus - commissure of fine fibers	doi:10.1101/2023.06.05.543757	fasciculates_with	manc:v1.2.1 260817	TBD (MANC:18445)
VFB_jrcv0e8h	dorsal lateral tract of ventral cervical fasciculus	doi:10.1101/2023.06.05.543757	fasciculates_with	manc:v1.2.1 260817	AN08B125_T1_R (MANC:18449)
VFB_jrcv0e8l	dorsal median tract of dorsal cervical fasciculus	doi:10.1101/2023.06.05.543757	fasciculates_with	manc:v1.2.1 260817	SAppxx_DMetaN_L (MANC:18453)
VFB_jrcv0e94	dorsal median tract of dorsal cervical fasciculus	doi:10.1101/2023.06.05.543757	fasciculates_with	manc:v1.2.1 260817	SApp04_ADMN_L (MANC:18472)
VFB_jrcv0e96	ventral median tract of ventral cervical fasciculus	doi:10.1101/2023.06.05.543757	fasciculates_with	manc:v1.2.1 260817	AN17A052_T2_R (MANC:18474)
VFB_jrcv0eaa	intermediate tract of dorsal cervical fasciculus - commissure of fine fibers	doi:10.1101/2023.06.05.543757	fasciculates_with	manc:v1.2.1 260817	AN06A081_T1_L (MANC:18514)
VFB_jrcv0eae	intermediate tract of dorsal cervical fasciculus - commissure of fine fibers	doi:10.1101/2023.06.05.543757	fasciculates_with	manc:v1.2.1 260817	TBD (MANC:18518)
VFB_jrcv0ean	dorsal lateral tract of ventral cervical fasciculus	doi:10.1101/2023.06.05.543757	fasciculates_with	manc:v1.2.1 260817	AN08B073_T1_L (MANC:18527)
VFB_jrcv0eb6	dorsal lateral tract of ventral cervical fasciculus	doi:10.1101/2023.06.05.543757	fasciculates_with	manc:v1.2.1 260817	AN08B084_T1_L (MANC:18546)
VFB_jrcv0eb7	intermediate tract of dorsal cervical fasciculus - commissure of fine fibers	doi:10.1101/2023.06.05.543757	fasciculates_with	manc:v1.2.1 260817	AN19B058_T3_R (MANC:18547)
VFB_jrcv0ebs	dorsal median tract of dorsal cervical fasciculus	doi:10.1101/2023.06.05.543757	fasciculates_with	manc:v1.2.1 260817	TBD (MANC:18568)
VFB_jrcv0ec2	dorsal lateral tract of ventral cervical fasciculus	doi:10.1101/2023.06.05.543757	fasciculates_with	manc:v1.2.1 260817	AN08B084_T1_R (MANC:18578)
VFB_jrcv0ecd	ventral median tract of ventral cervical fasciculus	doi:10.1101/2023.06.05.543757	fasciculates_with	manc:v1.2.1 260817	TBD (MANC:18589)
VFB_jrcv0eck	median dorsal abdominal tract	doi:10.1101/2023.06.05.543757	fasciculates_with	manc:v1.2.1 260817	TBD (MANC:18596)
VFB_jrcv0ecn	ventral median tract of ventral cervical fasciculus	doi:10.1101/2023.06.05.543757	fasciculates_with	manc:v1.2.1 260817	TBD (MANC:18599)
VFB_jrcv0ecx	dorsal median tract of dorsal cervical fasciculus	doi:10.1101/2023.06.05.543757	fasciculates_with	manc:v1.2.1 260817	SAxxxx_DMetaN_L (MANC:18609)
VFB_jrcv0ecy	dorsal median tract of dorsal cervical fasciculus	doi:10.1101/2023.06.05.543757	fasciculates_with	manc:v1.2.1 260817	SAppxx_DMetaN_R (MANC:18610)
VFB_jrcv0ed0	dorsal median tract of dorsal cervical fasciculus	doi:10.1101/2023.06.05.543757	fasciculates_with	manc:v1.2.1 260817	AN07B053_T1_L (MANC:18612)
VFB_jrcv0ed2	ventral lateral tract of ventral cervical fasciculus	doi:10.1101/2023.06.05.543757	fasciculates_with	manc:v1.2.1 260817	TBD (MANC:18614)
VFB_jrcv0ed3	dorsal median tract of dorsal cervical fasciculus	doi:10.1101/2023.06.05.543757	fasciculates_with	manc:v1.2.1 260817	SApp04_ADMN_L (MANC:18615)
VFB_jrcv0edm	dorsal median tract of dorsal cervical fasciculus	doi:10.1101/2023.06.05.543757	fasciculates_with	manc:v1.2.1 260817	SAppxx_DMetaN_L (MANC:18634)
VFB_jrcv0edo	dorsal lateral tract of ventral cervical fasciculus	doi:10.1101/2023.06.05.543757	fasciculates_with	manc:v1.2.1 260817	TBD (MANC:18636)
VFB_jrcv0edp	intermediate tract of dorsal cervical fasciculus - commissure of fine fibers	doi:10.1101/2023.06.05.543757	fasciculates_with	manc:v1.2.1 260817	AN19B065_T3_R (MANC:18637)
VFB_jrcv0edx	median dorsal abdominal tract	doi:10.1101/2023.06.05.543757	fasciculates_with	manc:v1.2.1 260817	TBD (MANC:18645)
VFB_jrcv0eed	ventral median tract of ventral cervical fasciculus	doi:10.1101/2023.06.05.543757	fasciculates_with	manc:v1.2.1 260817	AN05B021_T3_L (MANC:18661)
VFB_jrcv0eee	intermediate tract of dorsal cervical fasciculus - commissure of fine fibers	doi:10.1101/2023.06.05.543757	fasciculates_with	manc:v1.2.1 260817	AN19B067_T3_L (MANC:18662)
VFB_jrcv0ef7	intermediate tract of dorsal cervical fasciculus - commissure of fine fibers	doi:10.1101/2023.06.05.543757	fasciculates_with	manc:v1.2.1 260817	AN08B085_T3_L (MANC:18691)
VFB_jrcv0efc	dorsal lateral tract of ventral cervical fasciculus	doi:10.1101/2023.06.05.543757	fasciculates_with	manc:v1.2.1 260817	AN10B010_T2_R (MANC:18696)
VFB_jrcv0efg	intermediate tract of dorsal cervical fasciculus - commissure of fine fibers	doi:10.1101/2023.06.05.543757	fasciculates_with	manc:v1.2.1 260817	AN08B091_T3_R (MANC:18700)
VFB_jrcv0efk	dorsal median tract of dorsal cervical fasciculus	doi:10.1101/2023.06.05.543757	fasciculates_with	manc:v1.2.1 260817	SApp04_ADMN_R (MANC:18704)
VFB_jrcv0efl	ventral median tract of ventral cervical fasciculus	doi:10.1101/2023.06.05.543757	fasciculates_with	manc:v1.2.1 260817	AN05B018_T2_L (MANC:18705)
VFB_jrcv0efr	dorsal lateral tract of dorsal cervical fasciculus	doi:10.1101/2023.06.05.543757	fasciculates_with	manc:v1.2.1 260817	AN19B044_T1_L (MANC:18711)
VFB_jrcv0efy	dorsal median tract of dorsal cervical fasciculus	doi:10.1101/2023.06.05.543757	fasciculates_with	manc:v1.2.1 260817	SAppxx_DMetaN_L (MANC:18718)
VFB_jrcv0eg0	intermediate tract of dorsal cervical fasciculus - commissure of fine fibers	doi:10.1101/2023.06.05.543757	fasciculates_with	manc:v1.2.1 260817	AN07B040_T2_R (MANC:18720)
VFB_jrcv0eg1	dorsal median tract of dorsal cervical fasciculus	doi:10.1101/2023.06.05.543757	fasciculates_with	manc:v1.2.1 260817	SApp04_ADMN_R (MANC:18721)
VFB_jrcv0ega	ventral median tract of ventral cervical fasciculus	doi:10.1101/2023.06.05.543757	fasciculates_with	manc:v1.2.1 260817	TBD (MANC:18730)
VFB_jrcv0egf	dorsal median tract of dorsal cervical fasciculus	doi:10.1101/2023.06.05.543757	fasciculates_with	manc:v1.2.1 260817	SApp21_DMetaN_R (MANC:18735)
VFB_jrcv0egn	intermediate tract of dorsal cervical fasciculus - commissure of fine fibers	doi:10.1101/2023.06.05.543757	fasciculates_with	manc:v1.2.1 260817	TBD (MANC:18743)
VFB_jrcv0egp	ventral median tract of ventral cervical fasciculus	doi:10.1101/2023.06.05.543757	fasciculates_with	manc:v1.2.1 260817	AN05B019_T3_R (MANC:18745)
VFB_jrcv0egs	median dorsal abdominal tract	doi:10.1101/2023.06.05.543757	fasciculates_with	manc:v1.2.1 260817	TBD (MANC:18748)
VFB_jrcv0eh9	dorsal median tract of dorsal cervical fasciculus	doi:10.1101/2023.06.05.543757	fasciculates_with	manc:v1.2.1 260817	TBD (MANC:18765)
VFB_jrcv0eha	ventral median tract of ventral cervical fasciculus	doi:10.1101/2023.06.05.543757	fasciculates_with	manc:v1.2.1 260817	AN05B016_T2_L (MANC:18766)
VFB_jrcv0ehl	median dorsal abdominal tract	doi:10.1101/2023.06.05.543757	fasciculates_with	manc:v1.2.1 260817	TBD (MANC:18777)
VFB_jrcv0ehu	intermediate tract of dorsal cervical fasciculus - commissure of fine fibers	doi:10.1101/2023.06.05.543757	fasciculates_with	manc:v1.2.1 260817	AN19B055_T3_L (MANC:18786)
VFB_jrcv0ei5	ventral median tract of ventral cervical fasciculus	doi:10.1101/2023.06.05.543757	fasciculates_with	manc:v1.2.1 260817	AN01A051_T1_R (MANC:18797)
VFB_jrcv0eim	median dorsal abdominal tract	doi:10.1101/2023.06.05.543757	fasciculates_with	manc:v1.2.1 260817	TBD (MANC:18814)
VFB_jrcv0eip	dorsal median tract of dorsal cervical fasciculus	doi:10.1101/2023.06.05.543757	fasciculates_with	manc:v1.2.1 260817	SApp04_ADMN_L (MANC:18817)
VFB_jrcv0eir	dorsal lateral tract of ventral cervical fasciculus	doi:10.1101/2023.06.05.543757	fasciculates_with	manc:v1.2.1 260817	AN10B008_T3_L (MANC:18819)
VFB_jrcv0eit	dorsal median tract of dorsal cervical fasciculus	doi:10.1101/2023.06.05.543757	fasciculates_with	manc:v1.2.1 260817	SApp04_ADMN_R (MANC:18821)
VFB_jrcv0ej9	dorsal median tract of dorsal cervical fasciculus	doi:10.1101/2023.06.05.543757	fasciculates_with	manc:v1.2.1 260817	SApp28_DMetaN_R (MANC:18837)
VFB_jrcv0ejc	dorsal median tract of dorsal cervical fasciculus	doi:10.1101/2023.06.05.543757	fasciculates_with	manc:v1.2.1 260817	TBD (MANC:18840)
VFB_jrcv0eji	dorsal lateral tract of ventral cervical fasciculus	doi:10.1101/2023.06.05.543757	fasciculates_with	manc:v1.2.1 260817	AN08B095_T1_R (MANC:18846)
VFB_jrcv0ejo	dorsal median tract of dorsal cervical fasciculus	doi:10.1101/2023.06.05.543757	fasciculates_with	manc:v1.2.1 260817	TBD (MANC:18852)
VFB_jrcv0ejs	dorsal lateral tract of ventral cervical fasciculus	doi:10.1101/2023.06.05.543757	fasciculates_with	manc:v1.2.1 260817	TBD (MANC:18856)
VFB_jrcv0ejv	dorsal lateral tract of ventral cervical fasciculus	doi:10.1101/2023.06.05.543757	fasciculates_with	manc:v1.2.1 260817	AN10B017_T3_R (MANC:18859)
VFB_jrcv0ek8	intermediate tract of dorsal cervical fasciculus - commissure of fine fibers	doi:10.1101/2023.06.05.543757	fasciculates_with	manc:v1.2.1 260817	AN19B046_T3_L (MANC:18872)
VFB_jrcv0eka	intermediate tract of dorsal cervical fasciculus - commissure of fine fibers	doi:10.1101/2023.06.05.543757	fasciculates_with	manc:v1.2.1 260817	AN12A043_T1_R (MANC:18874)
VFB_jrcv0ekn	ventral lateral tract of ventral cervical fasciculus	doi:10.1101/2023.06.05.543757	fasciculates_with	manc:v1.2.1 260817	TBD (MANC:18887)
VFB_jrcv0ekt	dorsal median tract of dorsal cervical fasciculus	doi:10.1101/2023.06.05.543757	fasciculates_with	manc:v1.2.1 260817	TBD (MANC:18893)
VFB_jrcv0ekw	dorsal lateral tract of ventral cervical fasciculus	doi:10.1101/2023.06.05.543757	fasciculates_with	manc:v1.2.1 260817	AN10B010_T1_R (MANC:18896)
VFB_jrcv0el3	dorsal median tract of dorsal cervical fasciculus	doi:10.1101/2023.06.05.543757	fasciculates_with	manc:v1.2.1 260817	SAppxx_DMetaN_R (MANC:18903)
VFB_jrcv0ele	dorsal median tract of dorsal cervical fasciculus	doi:10.1101/2023.06.05.543757	fasciculates_with	manc:v1.2.1 260817	SApp04_ADMN_L (MANC:18914)
VFB_jrcv0elu	dorsal median tract of dorsal cervical fasciculus	doi:10.1101/2023.06.05.543757	fasciculates_with	manc:v1.2.1 260817	SApp21_DMetaN_R (MANC:18930)
VFB_jrcv0emh	intermediate tract of dorsal cervical fasciculus - commissure of fine fibers	doi:10.1101/2023.06.05.543757	fasciculates_with	manc:v1.2.1 260817	TBD (MANC:18953)
VFB_jrcv0emk	dorsal median tract of dorsal cervical fasciculus	doi:10.1101/2023.06.05.543757	fasciculates_with	manc:v1.2.1 260817	SApp21_DMetaN_L (MANC:18956)
VFB_jrcv0emq	dorsal median tract of dorsal cervical fasciculus	doi:10.1101/2023.06.05.543757	fasciculates_with	manc:v1.2.1 260817	SAppxx_DMetaN_L (MANC:18962)
VFB_jrcv0en7	dorsal median tract of dorsal cervical fasciculus	doi:10.1101/2023.06.05.543757	fasciculates_with	manc:v1.2.1 260817	SApp04_ADMN_L (MANC:18979)
VFB_jrcv0enp	median dorsal abdominal tract	doi:10.1101/2023.06.05.543757	fasciculates_with	manc:v1.2.1 260817	TBD (MANC:18997)
VFB_jrcv0enw	intermediate tract of dorsal cervical fasciculus - commissure of fine fibers	doi:10.1101/2023.06.05.543757	fasciculates_with	manc:v1.2.1 260817	AN08B093_T3_R (MANC:19004)
VFB_jrcv0eo9	dorsal median tract of dorsal cervical fasciculus	doi:10.1101/2023.06.05.543757	fasciculates_with	manc:v1.2.1 260817	SApp34_DMetaN_L (MANC:19017)
VFB_jrcv0eob	dorsal lateral tract of ventral cervical fasciculus	doi:10.1101/2023.06.05.543757	fasciculates_with	manc:v1.2.1 260817	AN10B008_T3_R (MANC:19019)
VFB_jrcv0eoh	ventral lateral tract of ventral cervical fasciculus	doi:10.1101/2023.06.05.543757	fasciculates_with	manc:v1.2.1 260817	TBD (MANC:19025)
VFB_jrcv0eox	dorsal median tract of dorsal cervical fasciculus	doi:10.1101/2023.06.05.543757	fasciculates_with	manc:v1.2.1 260817	SAppxx_DMetaN_R (MANC:19041)
VFB_jrcv0ep1	ventral lateral tract of ventral cervical fasciculus	doi:10.1101/2023.06.05.543757	fasciculates_with	manc:v1.2.1 260817	TBD (MANC:19045)
VFB_jrcv0ep2	dorsal median tract of dorsal cervical fasciculus	doi:10.1101/2023.06.05.543757	fasciculates_with	manc:v1.2.1 260817	TBD (MANC:19046)
VFB_jrcv0epd	dorsal lateral tract of ventral cervical fasciculus	doi:10.1101/2023.06.05.543757	fasciculates_with	manc:v1.2.1 260817	TBD (MANC:19057)
VFB_jrcv0epg	dorsal median tract of dorsal cervical fasciculus	doi:10.1101/2023.06.05.543757	fasciculates_with	manc:v1.2.1 260817	SApp21_DMetaN_L (MANC:19060)
VFB_jrcv0eq0	dorsal lateral tract of ventral cervical fasciculus	doi:10.1101/2023.06.05.543757	fasciculates_with	manc:v1.2.1 260817	TBD (MANC:19080)
VFB_jrcv0eq5	dorsal median tract of dorsal cervical fasciculus	doi:10.1101/2023.06.05.543757	fasciculates_with	manc:v1.2.1 260817	SApp04_ADMN_L (MANC:19085)
VFB_jrcv0eqf	dorsal median tract of dorsal cervical fasciculus	doi:10.1101/2023.06.05.543757	fasciculates_with	manc:v1.2.1 260817	SApp04_ADMN_L (MANC:19095)
VFB_jrcv0er2	intermediate tract of dorsal cervical fasciculus - commissure of fine fibers	doi:10.1101/2023.06.05.543757	fasciculates_with	manc:v1.2.1 260817	AN06B067_T2_L (MANC:19118)
VFB_jrcv0er4	dorsal median tract of dorsal cervical fasciculus	doi:10.1101/2023.06.05.543757	fasciculates_with	manc:v1.2.1 260817	TBD (MANC:19120)
VFB_jrcv0er7	intermediate tract of dorsal cervical fasciculus - commissure of fine fibers	doi:10.1101/2023.06.05.543757	fasciculates_with	manc:v1.2.1 260817	AN06B056_T1_L (MANC:19123)
VFB_jrcv0ere	intermediate tract of dorsal cervical fasciculus - commissure of fine fibers	doi:10.1101/2023.06.05.543757	fasciculates_with	manc:v1.2.1 260817	AN06A046_T1_R (MANC:19130)
VFB_jrcv0erf	dorsal median tract of dorsal cervical fasciculus	doi:10.1101/2023.06.05.543757	fasciculates_with	manc:v1.2.1 260817	SApp04_ADMN_R (MANC:19131)
VFB_jrcv0err	dorsal median tract of dorsal cervical fasciculus	doi:10.1101/2023.06.05.543757	fasciculates_with	manc:v1.2.1 260817	AN07B067_T1_R (MANC:19143)
VFB_jrcv0esj	dorsal median tract of dorsal cervical fasciculus	doi:10.1101/2023.06.05.543757	fasciculates_with	manc:v1.2.1 260817	SApp04_ADMN_R (MANC:19171)
VFB_jrcv0esm	dorsal median tract of dorsal cervical fasciculus	doi:10.1101/2023.06.05.543757	fasciculates_with	manc:v1.2.1 260817	TBD (MANC:19174)
VFB_jrcv0eso	dorsal median tract of dorsal cervical fasciculus	doi:10.1101/2023.06.05.543757	fasciculates_with	manc:v1.2.1 260817	SApp04_ADMN_R (MANC:19176)
VFB_jrcv0est	dorsal median tract of dorsal cervical fasciculus	doi:10.1101/2023.06.05.543757	fasciculates_with	manc:v1.2.1 260817	SApp04_ADMN_R (MANC:19181)
VFB_jrcv0esu	dorsal median tract of dorsal cervical fasciculus	doi:10.1101/2023.06.05.543757	fasciculates_with	manc:v1.2.1 260817	TBD (MANC:19182)
VFB_jrcv0et1	dorsal median tract of dorsal cervical fasciculus	doi:10.1101/2023.06.05.543757	fasciculates_with	manc:v1.2.1 260817	TBD (MANC:19189)
VFB_jrcv0et2	ventral median tract of ventral cervical fasciculus	doi:10.1101/2023.06.05.543757	fasciculates_with	manc:v1.2.1 260817	AN09B027_T1_L (MANC:19190)
VFB_jrcv0ety	ventral median tract of ventral cervical fasciculus	doi:10.1101/2023.06.05.543757	fasciculates_with	manc:v1.2.1 260817	AN01A051_T1_L (MANC:19222)
VFB_jrcv0eu6	dorsal median tract of dorsal cervical fasciculus	doi:10.1101/2023.06.05.543757	fasciculates_with	manc:v1.2.1 260817	SApp04_ADMN_L (MANC:19230)
VFB_jrcv0eu7	intermediate tract of dorsal cervical fasciculus - commissure of fine fibers	doi:10.1101/2023.06.05.543757	fasciculates_with	manc:v1.2.1 260817	AN06B067_T2_R (MANC:19231)
VFB_jrcv0eug	intermediate tract of dorsal cervical fasciculus - commissure of fine fibers	doi:10.1101/2023.06.05.543757	fasciculates_with	manc:v1.2.1 260817	AN08B091_T3_R (MANC:19240)
VFB_jrcv0eul	intermediate tract of dorsal cervical fasciculus - commissure of fine fibers	doi:10.1101/2023.06.05.543757	fasciculates_with	manc:v1.2.1 260817	AN19B057_T3_R (MANC:19245)
VFB_jrcv0euo	dorsal median tract of dorsal cervical fasciculus	doi:10.1101/2023.06.05.543757	fasciculates_with	manc:v1.2.1 260817	AN07B067_T1_L (MANC:19248)
VFB_jrcv0ev3	dorsal median tract of dorsal cervical fasciculus	doi:10.1101/2023.06.05.543757	fasciculates_with	manc:v1.2.1 260817	SApp04_ADMN_L (MANC:19263)
VFB_jrcv0eva	dorsal median tract of dorsal cervical fasciculus	doi:10.1101/2023.06.05.543757	fasciculates_with	manc:v1.2.1 260817	AN07B022_T2_L (MANC:19270)
VFB_jrcv0ewb	dorsal lateral tract of ventral cervical fasciculus	doi:10.1101/2023.06.05.543757	fasciculates_with	manc:v1.2.1 260817	AN10B010_T3_R (MANC:19307)
VFB_jrcv0ews	intermediate tract of dorsal cervical fasciculus - commissure of fine fibers	doi:10.1101/2023.06.05.543757	fasciculates_with	manc:v1.2.1 260817	AN19B055_T3_R (MANC:19324)
VFB_jrcv0exj	intermediate tract of dorsal cervical fasciculus - commissure of fine fibers	doi:10.1101/2023.06.05.543757	fasciculates_with	manc:v1.2.1 260817	AN06B059_T2_R (MANC:19351)
VFB_jrcv0exr	dorsal median tract of dorsal cervical fasciculus	doi:10.1101/2023.06.05.543757	fasciculates_with	manc:v1.2.1 260817	SApp04_ADMN_R (MANC:19359)
VFB_jrcv0exw	intermediate tract of dorsal cervical fasciculus - commissure of fine fibers	doi:10.1101/2023.06.05.543757	fasciculates_with	manc:v1.2.1 260817	AN07B049_T2_L (MANC:19364)
VFB_jrcv0exx	intermediate tract of dorsal cervical fasciculus - commissure of fine fibers	doi:10.1101/2023.06.05.543757	fasciculates_with	manc:v1.2.1 260817	AN07B063_T3_R (MANC:19365)
VFB_jrcv0exz	median dorsal abdominal tract	doi:10.1101/2023.06.05.543757	fasciculates_with	manc:v1.2.1 260817	TBD (MANC:19367)
VFB_jrcv0ey2	dorsal median tract of dorsal cervical fasciculus	doi:10.1101/2023.06.05.543757	fasciculates_with	manc:v1.2.1 260817	AN07B047_T1_R (MANC:19370)
VFB_jrcv0eyh	ventral median tract of ventral cervical fasciculus	doi:10.1101/2023.06.05.543757	fasciculates_with	manc:v1.2.1 260817	TBD (MANC:19385)
VFB_jrcv0eyt	intermediate tract of dorsal cervical fasciculus - commissure of fine fibers	doi:10.1101/2023.06.05.543757	fasciculates_with	manc:v1.2.1 260817	AN02A005_T2_L (MANC:19397)
VFB_jrcv0eza	median dorsal abdominal tract	doi:10.1101/2023.06.05.543757	fasciculates_with	manc:v1.2.1 260817	TBD (MANC:19414)
VFB_jrcv0ezh	dorsal median tract of dorsal cervical fasciculus	doi:10.1101/2023.06.05.543757	fasciculates_with	manc:v1.2.1 260817	AN07B038_T1_L (MANC:19421)
VFB_jrcv0ezl	dorsal median tract of dorsal cervical fasciculus	doi:10.1101/2023.06.05.543757	fasciculates_with	manc:v1.2.1 260817	SAppxx_DMetaN_L (MANC:19425)
VFB_jrcv0ezp	dorsal median tract of dorsal cervical fasciculus	doi:10.1101/2023.06.05.543757	fasciculates_with	manc:v1.2.1 260817	AN07B066_T1_R (MANC:19429)
VFB_jrcv0f04	intermediate tract of dorsal cervical fasciculus - commissure of fine fibers	doi:10.1101/2023.06.05.543757	fasciculates_with	manc:v1.2.1 260817	TBD (MANC:19444)
VFB_jrcv0f09	intermediate tract of dorsal cervical fasciculus - commissure of fine fibers	doi:10.1101/2023.06.05.543757	fasciculates_with	manc:v1.2.1 260817	AN08B091_T3_L (MANC:19449)
VFB_jrcv0f0c	median dorsal abdominal tract	doi:10.1101/2023.06.05.543757	fasciculates_with	manc:v1.2.1 260817	TBD (MANC:19452)
VFB_jrcv0f0l	intermediate tract of dorsal cervical fasciculus - commissure of fine fibers	doi:10.1101/2023.06.05.543757	fasciculates_with	manc:v1.2.1 260817	AN19B054_T3_R (MANC:19461)
VFB_jrcv0f0m	dorsal lateral tract of ventral cervical fasciculus	doi:10.1101/2023.06.05.543757	fasciculates_with	manc:v1.2.1 260817	TBD (MANC:19462)
VFB_jrcv0f0o	intermediate tract of dorsal cervical fasciculus - commissure of fine fibers	doi:10.1101/2023.06.05.543757	fasciculates_with	manc:v1.2.1 260817	AN06B067_T2_R (MANC:19464)
VFB_jrcv0f0u	dorsal median tract of dorsal cervical fasciculus	doi:10.1101/2023.06.05.543757	fasciculates_with	manc:v1.2.1 260817	SApp21_DMetaN_R (MANC:19470)
VFB_jrcv0f22	dorsal lateral tract of ventral cervical fasciculus	doi:10.1101/2023.06.05.543757	fasciculates_with	manc:v1.2.1 260817	AN08B099_T1_R (MANC:19514)
VFB_jrcv0f29	median dorsal abdominal tract	doi:10.1101/2023.06.05.543757	fasciculates_with	manc:v1.2.1 260817	TBD (MANC:19521)
VFB_jrcv0f2f	dorsal median tract of dorsal cervical fasciculus	doi:10.1101/2023.06.05.543757	fasciculates_with	manc:v1.2.1 260817	SApp18_DMetaN_L (MANC:19527)
VFB_jrcv0f2m	dorsal median tract of dorsal cervical fasciculus	doi:10.1101/2023.06.05.543757	fasciculates_with	manc:v1.2.1 260817	SApp04_ADMN_L (MANC:19534)
VFB_jrcv0f2n	dorsal median tract of dorsal cervical fasciculus	doi:10.1101/2023.06.05.543757	fasciculates_with	manc:v1.2.1 260817	TBD (MANC:19535)
VFB_jrcv0f2x	dorsal median tract of dorsal cervical fasciculus	doi:10.1101/2023.06.05.543757	fasciculates_with	manc:v1.2.1 260817	SApp21_DMetaN_L (MANC:19545)
VFB_jrcv0f2z	ventral median tract of ventral cervical fasciculus	doi:10.1101/2023.06.05.543757	fasciculates_with	manc:v1.2.1 260817	AN09B034_T3_L (MANC:19547)
VFB_jrcv0f3c	ventral median tract of ventral cervical fasciculus	doi:10.1101/2023.06.05.543757	fasciculates_with	manc:v1.2.1 260817	AN05B017_T1_L (MANC:19560)
VFB_jrcv0f3k	dorsal median tract of dorsal cervical fasciculus	doi:10.1101/2023.06.05.543757	fasciculates_with	manc:v1.2.1 260817	SApp04_ADMN_L (MANC:19568)
VFB_jrcv0f3x	dorsal median tract of dorsal cervical fasciculus	doi:10.1101/2023.06.05.543757	fasciculates_with	manc:v1.2.1 260817	AN07B043_T1_R (MANC:19581)
VFB_jrcv0f46	dorsal median tract of dorsal cervical fasciculus	doi:10.1101/2023.06.05.543757	fasciculates_with	manc:v1.2.1 260817	AN07B043_T1_R (MANC:19590)
VFB_jrcv0f4k	dorsal lateral tract of ventral cervical fasciculus	doi:10.1101/2023.06.05.543757	fasciculates_with	manc:v1.2.1 260817	AN08B097_T1_L (MANC:19604)
VFB_jrcv0f5n	dorsal median tract of dorsal cervical fasciculus	doi:10.1101/2023.06.05.543757	fasciculates_with	manc:v1.2.1 260817	SApp04_ADMN_L (MANC:19643)
VFB_jrcv0f64	dorsal lateral tract of ventral cervical fasciculus	doi:10.1101/2023.06.05.543757	fasciculates_with	manc:v1.2.1 260817	TBD (MANC:19660)
VFB_jrcv0f6k	dorsal lateral tract of ventral cervical fasciculus	doi:10.1101/2023.06.05.543757	fasciculates_with	manc:v1.2.1 260817	AN08B114_T1_L (MANC:19676)
VFB_jrcv0f6l	dorsal median tract of dorsal cervical fasciculus	doi:10.1101/2023.06.05.543757	fasciculates_with	manc:v1.2.1 260817	AN07B046_T1_R (MANC:19677)
VFB_jrcv0f6m	intermediate tract of dorsal cervical fasciculus - commissure of fine fibers	doi:10.1101/2023.06.05.543757	fasciculates_with	manc:v1.2.1 260817	AN07B040_T2_R (MANC:19678)
VFB_jrcv0f6q	dorsal median tract of dorsal cervical fasciculus	doi:10.1101/2023.06.05.543757	fasciculates_with	manc:v1.2.1 260817	TBD (MANC:19682)
VFB_jrcv0f7n	intermediate tract of dorsal cervical fasciculus - commissure of fine fibers	doi:10.1101/2023.06.05.543757	fasciculates_with	manc:v1.2.1 260817	AN16X037_T1_L (MANC:19715)
VFB_jrcv0f7s	ventral median tract of ventral cervical fasciculus	doi:10.1101/2023.06.05.543757	fasciculates_with	manc:v1.2.1 260817	AN05B017_T1_R (MANC:19720)
VFB_jrcv0f82	ventral median tract of ventral cervical fasciculus	doi:10.1101/2023.06.05.543757	fasciculates_with	manc:v1.2.1 260817	AN09B037_T3_R (MANC:19730)
VFB_jrcv0f8b	dorsal median tract of dorsal cervical fasciculus	doi:10.1101/2023.06.05.543757	fasciculates_with	manc:v1.2.1 260817	SApp19_DMetaN_L (MANC:19739)
VFB_jrcv0f8e	ventral median tract of ventral cervical fasciculus	doi:10.1101/2023.06.05.543757	fasciculates_with	manc:v1.2.1 260817	AN05B019_T3_R (MANC:19742)
VFB_jrcv0f8f	dorsal lateral tract of ventral cervical fasciculus	doi:10.1101/2023.06.05.543757	fasciculates_with	manc:v1.2.1 260817	AN08B065_T1_R (MANC:19743)
VFB_jrcv0f8j	dorsal median tract of dorsal cervical fasciculus	doi:10.1101/2023.06.05.543757	fasciculates_with	manc:v1.2.1 260817	SAppxx_DMetaN_L (MANC:19747)
VFB_jrcv0f8p	dorsal median tract of dorsal cervical fasciculus	doi:10.1101/2023.06.05.543757	fasciculates_with	manc:v1.2.1 260817	SApp23_DMetaN_L (MANC:19753)
VFB_jrcv0f9i	dorsal median tract of dorsal cervical fasciculus	doi:10.1101/2023.06.05.543757	fasciculates_with	manc:v1.2.1 260817	AN07B047_T1_R (MANC:19782)
VFB_jrcv0fa4	ventral median tract of ventral cervical fasciculus	doi:10.1101/2023.06.05.543757	fasciculates_with	manc:v1.2.1 260817	TBD (MANC:19804)
VFB_jrcv0fal	ventral lateral tract of ventral cervical fasciculus	doi:10.1101/2023.06.05.543757	fasciculates_with	manc:v1.2.1 260817	TBD (MANC:19821)
VFB_jrcv0faq	dorsal lateral tract of ventral cervical fasciculus	doi:10.1101/2023.06.05.543757	fasciculates_with	manc:v1.2.1 260817	AN08B097_T1_R (MANC:19826)
VFB_jrcv0fb5	intermediate tract of dorsal cervical fasciculus - commissure of fine fibers	doi:10.1101/2023.06.05.543757	fasciculates_with	manc:v1.2.1 260817	AN07B063_T3_L (MANC:19841)
VFB_jrcv0fbn	dorsal median tract of dorsal cervical fasciculus	doi:10.1101/2023.06.05.543757	fasciculates_with	manc:v1.2.1 260817	SApp21_DMetaN_L (MANC:19859)
VFB_jrcv0fbp	dorsal lateral tract of ventral cervical fasciculus	doi:10.1101/2023.06.05.543757	fasciculates_with	manc:v1.2.1 260817	AN08B099_T1_L (MANC:19861)
VFB_jrcv0fbw	ventral median tract of ventral cervical fasciculus	doi:10.1101/2023.06.05.543757	fasciculates_with	manc:v1.2.1 260817	TBD (MANC:19868)
VFB_jrcv0fbz	intermediate tract of dorsal cervical fasciculus - commissure of fine fibers	doi:10.1101/2023.06.05.543757	fasciculates_with	manc:v1.2.1 260817	AN07B063_T3_L (MANC:19871)
VFB_jrcv0fc2	ventral median tract of ventral cervical fasciculus	doi:10.1101/2023.06.05.543757	fasciculates_with	manc:v1.2.1 260817	AN05B018_T3_R (MANC:19874)
VFB_jrcv0fc6	dorsal median tract of dorsal cervical fasciculus	doi:10.1101/2023.06.05.543757	fasciculates_with	manc:v1.2.1 260817	TBD (MANC:19878)
VFB_jrcv0fcb	ventral median tract of ventral cervical fasciculus	doi:10.1101/2023.06.05.543757	fasciculates_with	manc:v1.2.1 260817	TBD (MANC:19883)
VFB_jrcv0fcd	intermediate tract of dorsal cervical fasciculus - commissure of fine fibers	doi:10.1101/2023.06.05.543757	fasciculates_with	manc:v1.2.1 260817	AN19B065_T3_L (MANC:19885)
VFB_jrcv0fd1	dorsal lateral tract of ventral cervical fasciculus	doi:10.1101/2023.06.05.543757	fasciculates_with	manc:v1.2.1 260817	AN08B061_T1_L (MANC:19909)
VFB_jrcv0fdi	dorsal median tract of dorsal cervical fasciculus	doi:10.1101/2023.06.05.543757	fasciculates_with	manc:v1.2.1 260817	AN06B074_T1_R (MANC:19926)
VFB_jrcv0fdt	intermediate tract of dorsal cervical fasciculus - commissure of fine fibers	doi:10.1101/2023.06.05.543757	fasciculates_with	manc:v1.2.1 260817	AN03B052_T3_R (MANC:19937)
VFB_jrcv0fe4	dorsal median tract of dorsal cervical fasciculus	doi:10.1101/2023.06.05.543757	fasciculates_with	manc:v1.2.1 260817	SApp20_DMetaN_R (MANC:19948)
VFB_jrcv0fee	dorsal median tract of dorsal cervical fasciculus	doi:10.1101/2023.06.05.543757	fasciculates_with	manc:v1.2.1 260817	SAppxx_DMetaN_R (MANC:19958)
VFB_jrcv0fel	dorsal median tract of dorsal cervical fasciculus	doi:10.1101/2023.06.05.543757	fasciculates_with	manc:v1.2.1 260817	SApp28_DMetaN_R (MANC:19965)
VFB_jrcv0fet	dorsal median tract of dorsal cervical fasciculus	doi:10.1101/2023.06.05.543757	fasciculates_with	manc:v1.2.1 260817	SApp04_ADMN_R (MANC:19973)
VFB_jrcv0feu	ventral median tract of ventral cervical fasciculus	doi:10.1101/2023.06.05.543757	fasciculates_with	manc:v1.2.1 260817	TBD (MANC:19974)
VFB_jrcv0fev	intermediate tract of dorsal cervical fasciculus - commissure of fine fibers	doi:10.1101/2023.06.05.543757	fasciculates_with	manc:v1.2.1 260817	AN06A048_T1_L (MANC:19975)
VFB_jrcv0ff6	dorsal lateral tract of ventral cervical fasciculus	doi:10.1101/2023.06.05.543757	fasciculates_with	manc:v1.2.1 260817	AN10B010_T3_R (MANC:19986)
VFB_jrcv0ffk	ventral median tract of ventral cervical fasciculus	doi:10.1101/2023.06.05.543757	fasciculates_with	manc:v1.2.1 260817	AN05B022_T1_R (MANC:20000)
VFB_jrcv0ffq	intermediate tract of dorsal cervical fasciculus - commissure of fine fibers	doi:10.1101/2023.06.05.543757	fasciculates_with	manc:v1.2.1 260817	TBD (MANC:20006)
VFB_jrcv0ffw	dorsal median tract of dorsal cervical fasciculus	doi:10.1101/2023.06.05.543757	fasciculates_with	manc:v1.2.1 260817	AN07B067_T1_R (MANC:20012)
VFB_jrcv0ffx	ventral median tract of ventral cervical fasciculus	doi:10.1101/2023.06.05.543757	fasciculates_with	manc:v1.2.1 260817	TBD (MANC:20013)
VFB_jrcv0ffz	dorsal median tract of dorsal cervical fasciculus	doi:10.1101/2023.06.05.543757	fasciculates_with	manc:v1.2.1 260817	AN07B067_T1_L (MANC:20015)
VFB_jrcv0fg2	intermediate tract of dorsal cervical fasciculus - commissure of fine fibers	doi:10.1101/2023.06.05.543757	fasciculates_with	manc:v1.2.1 260817	AN07B040_T2_L (MANC:20018)
VFB_jrcv0fg8	dorsal lateral tract of ventral cervical fasciculus	doi:10.1101/2023.06.05.543757	fasciculates_with	manc:v1.2.1 260817	AN08B090_T1_L (MANC:20024)
VFB_jrcv0fg9	dorsal median tract of dorsal cervical fasciculus	doi:10.1101/2023.06.05.543757	fasciculates_with	manc:v1.2.1 260817	AN07B051_T1_R (MANC:20025)
VFB_jrcv0fgd	dorsal median tract of dorsal cervical fasciculus	doi:10.1101/2023.06.05.543757	fasciculates_with	manc:v1.2.1 260817	TBD (MANC:20029)
VFB_jrcv0fge	intermediate tract of dorsal cervical fasciculus - commissure of fine fibers	doi:10.1101/2023.06.05.543757	fasciculates_with	manc:v1.2.1 260817	TBD (MANC:20030)
VFB_jrcv0fgq	intermediate tract of dorsal cervical fasciculus - commissure of fine fibers	doi:10.1101/2023.06.05.543757	fasciculates_with	manc:v1.2.1 260817	TBD (MANC:20042)
VFB_jrcv0fgr	dorsal median tract of dorsal cervical fasciculus	doi:10.1101/2023.06.05.543757	fasciculates_with	manc:v1.2.1 260817	SApp28_DMetaN_L (MANC:20043)
VFB_jrcv0fhu	dorsal median tract of dorsal cervical fasciculus	doi:10.1101/2023.06.05.543757	fasciculates_with	manc:v1.2.1 260817	TBD (MANC:20082)
VFB_jrcv0fi6	dorsal lateral tract of ventral cervical fasciculus	doi:10.1101/2023.06.05.543757	fasciculates_with	manc:v1.2.1 260817	TBD (MANC:20094)
VFB_jrcv0fig	dorsal median tract of dorsal cervical fasciculus	doi:10.1101/2023.06.05.543757	fasciculates_with	manc:v1.2.1 260817	TBD (MANC:20104)
VFB_jrcv0fio	ventral median tract of ventral cervical fasciculus	doi:10.1101/2023.06.05.543757	fasciculates_with	manc:v1.2.1 260817	AN05B016_T1_R (MANC:20112)
VFB_jrcv0fj5	ventral median tract of ventral cervical fasciculus	doi:10.1101/2023.06.05.543757	fasciculates_with	manc:v1.2.1 260817	AN09B012_A6_R (MANC:20129)
VFB_jrcv0fjm	dorsal lateral tract of ventral cervical fasciculus	doi:10.1101/2023.06.05.543757	fasciculates_with	manc:v1.2.1 260817	AN10B010_T2_R (MANC:20146)
VFB_jrcv0fjo	intermediate tract of dorsal cervical fasciculus - commissure of fine fibers	doi:10.1101/2023.06.05.543757	fasciculates_with	manc:v1.2.1 260817	AN16X037_T1_L (MANC:20148)
VFB_jrcv0fjx	dorsal lateral tract of ventral cervical fasciculus	doi:10.1101/2023.06.05.543757	fasciculates_with	manc:v1.2.1 260817	AN08B010_A1_L (MANC:20157)
VFB_jrcv0fkn	dorsal median tract of dorsal cervical fasciculus	doi:10.1101/2023.06.05.543757	fasciculates_with	manc:v1.2.1 260817	SApp23_DMetaN_R (MANC:20183)
VFB_jrcv0fkp	intermediate tract of dorsal cervical fasciculus - commissure of fine fibers	doi:10.1101/2023.06.05.543757	fasciculates_with	manc:v1.2.1 260817	AN08B093_T3_L (MANC:20185)
VFB_jrcv0fks	median dorsal abdominal tract	doi:10.1101/2023.06.05.543757	fasciculates_with	manc:v1.2.1 260817	TBD (MANC:20188)
VFB_jrcv0fl0	ventral median tract of ventral cervical fasciculus	doi:10.1101/2023.06.05.543757	fasciculates_with	manc:v1.2.1 260817	AN09B034_T2_L (MANC:20196)
VFB_jrcv0fl9	dorsal median tract of dorsal cervical fasciculus	doi:10.1101/2023.06.05.543757	fasciculates_with	manc:v1.2.1 260817	AN07B067_T1_R (MANC:20205)
VFB_jrcv0flk	dorsal lateral tract of ventral cervical fasciculus	doi:10.1101/2023.06.05.543757	fasciculates_with	manc:v1.2.1 260817	AN04A001_T2_L (MANC:20216)
VFB_jrcv0flx	dorsal median tract of dorsal cervical fasciculus	doi:10.1101/2023.06.05.543757	fasciculates_with	manc:v1.2.1 260817	AN07B066_T1_L (MANC:20229)
VFB_jrcv0fm5	intermediate tract of dorsal cervical fasciculus - commissure of fine fibers	doi:10.1101/2023.06.05.543757	fasciculates_with	manc:v1.2.1 260817	AN06B043_T2_L (MANC:20237)
VFB_jrcv0fmb	dorsal median tract of dorsal cervical fasciculus	doi:10.1101/2023.06.05.543757	fasciculates_with	manc:v1.2.1 260817	SApp04_ADMN_L (MANC:20243)
VFB_jrcv0fmc	dorsal median tract of dorsal cervical fasciculus	doi:10.1101/2023.06.05.543757	fasciculates_with	manc:v1.2.1 260817	SApp04_ADMN_R (MANC:20244)
VFB_jrcv0fmk	median dorsal abdominal tract	doi:10.1101/2023.06.05.543757	fasciculates_with	manc:v1.2.1 260817	TBD (MANC:20252)
VFB_jrcv0fml	intermediate tract of dorsal cervical fasciculus - commissure of fine fibers	doi:10.1101/2023.06.05.543757	fasciculates_with	manc:v1.2.1 260817	TBD (MANC:20253)
VFB_jrcv0fmn	ventral median tract of ventral cervical fasciculus	doi:10.1101/2023.06.05.543757	fasciculates_with	manc:v1.2.1 260817	TBD (MANC:20255)
VFB_jrcv0fn0	dorsal lateral tract of ventral cervical fasciculus	doi:10.1101/2023.06.05.543757	fasciculates_with	manc:v1.2.1 260817	AN10B015_T3_L (MANC:20268)
VFB_jrcv0fn3	dorsal lateral tract of ventral cervical fasciculus	doi:10.1101/2023.06.05.543757	fasciculates_with	manc:v1.2.1 260817	AN08B119_T1_R (MANC:20271)
VFB_jrcv0fnc	intermediate tract of dorsal cervical fasciculus - commissure of fine fibers	doi:10.1101/2023.06.05.543757	fasciculates_with	manc:v1.2.1 260817	AN19B089_T3_R (MANC:20280)
VFB_jrcv0fne	dorsal median tract of dorsal cervical fasciculus	doi:10.1101/2023.06.05.543757	fasciculates_with	manc:v1.2.1 260817	SApp04_ADMN_R (MANC:20282)
VFB_jrcv0fnz	dorsal lateral tract of ventral cervical fasciculus	doi:10.1101/2023.06.05.543757	fasciculates_with	manc:v1.2.1 260817	AN08B095_T1_R (MANC:20303)
VFB_jrcv0fo8	dorsal median tract of dorsal cervical fasciculus	doi:10.1101/2023.06.05.543757	fasciculates_with	manc:v1.2.1 260817	AN07B043_T1_R (MANC:20312)
VFB_jrcv0fpc	dorsal median tract of dorsal cervical fasciculus	doi:10.1101/2023.06.05.543757	fasciculates_with	manc:v1.2.1 260817	SApp19_DMetaN_R (MANC:20352)
VFB_jrcv0fpj	dorsal median tract of dorsal cervical fasciculus	doi:10.1101/2023.06.05.543757	fasciculates_with	manc:v1.2.1 260817	AN07B053_T1_R (MANC:20359)
VFB_jrcv0fq6	dorsal median tract of dorsal cervical fasciculus	doi:10.1101/2023.06.05.543757	fasciculates_with	manc:v1.2.1 260817	SApp18_DMetaN_L (MANC:20382)
VFB_jrcv0fqq	dorsal median tract of dorsal cervical fasciculus	doi:10.1101/2023.06.05.543757	fasciculates_with	manc:v1.2.1 260817	SApp04_ADMN_R (MANC:20402)
VFB_jrcv0fqt	dorsal lateral tract of ventral cervical fasciculus	doi:10.1101/2023.06.05.543757	fasciculates_with	manc:v1.2.1 260817	TBD (MANC:20405)
VFB_jrcv0fr6	dorsal median tract of dorsal cervical fasciculus	doi:10.1101/2023.06.05.543757	fasciculates_with	manc:v1.2.1 260817	AN07B067_T1_L (MANC:20418)
VFB_jrcv0frf	dorsal median tract of dorsal cervical fasciculus	doi:10.1101/2023.06.05.543757	fasciculates_with	manc:v1.2.1 260817	SAppxx_DMetaN_L (MANC:20427)
VFB_jrcv0frk	median dorsal abdominal tract	doi:10.1101/2023.06.05.543757	fasciculates_with	manc:v1.2.1 260817	TBD (MANC:20432)
VFB_jrcv0frm	dorsal lateral tract of ventral cervical fasciculus	doi:10.1101/2023.06.05.543757	fasciculates_with	manc:v1.2.1 260817	AN10B008_T2_L (MANC:20434)
VFB_jrcv0frr	dorsal median tract of dorsal cervical fasciculus	doi:10.1101/2023.06.05.543757	fasciculates_with	manc:v1.2.1 260817	AN06B074_T1_L (MANC:20439)
VFB_jrcv0fru	dorsal median tract of dorsal cervical fasciculus	doi:10.1101/2023.06.05.543757	fasciculates_with	manc:v1.2.1 260817	AN07B043_T1_L (MANC:20442)
VFB_jrcv0frw	dorsal lateral tract of ventral cervical fasciculus	doi:10.1101/2023.06.05.543757	fasciculates_with	manc:v1.2.1 260817	AN08B115_T1_L (MANC:20444)
VFB_jrcv0frz	ventral median tract of ventral cervical fasciculus	doi:10.1101/2023.06.05.543757	fasciculates_with	manc:v1.2.1 260817	AN05B012_T2_R (MANC:20447)
VFB_jrcv0fs1	dorsal median tract of dorsal cervical fasciculus	doi:10.1101/2023.06.05.543757	fasciculates_with	manc:v1.2.1 260817	SApp18_DMetaN_L (MANC:20449)
VFB_jrcv0fsf	dorsal median tract of dorsal cervical fasciculus	doi:10.1101/2023.06.05.543757	fasciculates_with	manc:v1.2.1 260817	AN07B033_T1_L (MANC:20463)
VFB_jrcv0fsg	dorsal lateral tract of ventral cervical fasciculus	doi:10.1101/2023.06.05.543757	fasciculates_with	manc:v1.2.1 260817	TBD (MANC:20464)
VFB_jrcv0fsu	dorsal median tract of dorsal cervical fasciculus	doi:10.1101/2023.06.05.543757	fasciculates_with	manc:v1.2.1 260817	AN07B043_T1_L (MANC:20478)
VFB_jrcv0ft5	dorsal lateral tract of ventral cervical fasciculus	doi:10.1101/2023.06.05.543757	fasciculates_with	manc:v1.2.1 260817	AN12B017_T1_L (MANC:20489)
VFB_jrcv0ftm	intermediate tract of dorsal cervical fasciculus - commissure of fine fibers	doi:10.1101/2023.06.05.543757	fasciculates_with	manc:v1.2.1 260817	AN19B065_T3_R (MANC:20506)
VFB_jrcv0ftp	dorsal lateral tract of ventral cervical fasciculus	doi:10.1101/2023.06.05.543757	fasciculates_with	manc:v1.2.1 260817	AN08B103_T1_R (MANC:20509)
VFB_jrcv0fu2	intermediate tract of dorsal cervical fasciculus - commissure of fine fibers	doi:10.1101/2023.06.05.543757	fasciculates_with	manc:v1.2.1 260817	AN07B064_T3_L (MANC:20522)
VFB_jrcv0fu9	dorsal median tract of dorsal cervical fasciculus	doi:10.1101/2023.06.05.543757	fasciculates_with	manc:v1.2.1 260817	SApp04_ADMN_R (MANC:20529)
VFB_jrcv0fua	ventral median tract of ventral cervical fasciculus	doi:10.1101/2023.06.05.543757	fasciculates_with	manc:v1.2.1 260817	AN05B022_T1_R (MANC:20530)
VFB_jrcv0fub	dorsal median tract of dorsal cervical fasciculus	doi:10.1101/2023.06.05.543757	fasciculates_with	manc:v1.2.1 260817	SApp18_DMetaN_R (MANC:20531)
VFB_jrcv0fuc	dorsal median tract of dorsal cervical fasciculus	doi:10.1101/2023.06.05.543757	fasciculates_with	manc:v1.2.1 260817	AN07B066_T1_L (MANC:20532)
VFB_jrcv0fuf	dorsal lateral tract of dorsal cervical fasciculus	doi:10.1101/2023.06.05.543757	fasciculates_with	manc:v1.2.1 260817	TBD (MANC:20535)
VFB_jrcv0fui	dorsal median tract of dorsal cervical fasciculus	doi:10.1101/2023.06.05.543757	fasciculates_with	manc:v1.2.1 260817	TBD (MANC:20538)
VFB_jrcv0ful	dorsal median tract of dorsal cervical fasciculus	doi:10.1101/2023.06.05.543757	fasciculates_with	manc:v1.2.1 260817	SAppxx_DMetaN_R (MANC:20541)
VFB_jrcv0fun	dorsal median tract of dorsal cervical fasciculus	doi:10.1101/2023.06.05.543757	fasciculates_with	manc:v1.2.1 260817	AN07B051_T1_L (MANC:20543)
VFB_jrcv0fut	dorsal median tract of dorsal cervical fasciculus	doi:10.1101/2023.06.05.543757	fasciculates_with	manc:v1.2.1 260817	SApp31_DMetaN_L (MANC:20549)
VFB_jrcv0fut	dorsal median tract of dorsal cervical fasciculus	doi:10.1101/2023.06.05.543757	fasciculates_with	manc:v1.2.1 260817	SApp31_DMetaN_L (MANC:20549)
VFB_jrcv0fuu	dorsal median tract of dorsal cervical fasciculus	doi:10.1101/2023.06.05.543757	fasciculates_with	manc:v1.2.1 260817	SApp21_DMetaN_R (MANC:20550)
VFB_jrcv0fv5	dorsal median tract of dorsal cervical fasciculus	doi:10.1101/2023.06.05.543757	fasciculates_with	manc:v1.2.1 260817	SApp04_ADMN_L (MANC:20561)
VFB_jrcv0fvm	intermediate tract of dorsal cervical fasciculus - commissure of fine fibers	doi:10.1101/2023.06.05.543757	fasciculates_with	manc:v1.2.1 260817	AN07B049_T2_R (MANC:20578)
VFB_jrcv0fvs	dorsal lateral tract of ventral cervical fasciculus	doi:10.1101/2023.06.05.543757	fasciculates_with	manc:v1.2.1 260817	AN12B023_T1_R (MANC:20584)
VFB_jrcv0fw5	intermediate tract of dorsal cervical fasciculus - commissure of fine fibers	doi:10.1101/2023.06.05.543757	fasciculates_with	manc:v1.2.1 260817	AN07B054_T2_R (MANC:20597)
VFB_jrcv0fwy	ventral median tract of ventral cervical fasciculus	doi:10.1101/2023.06.05.543757	fasciculates_with	manc:v1.2.1 260817	AN05B016_T1_L (MANC:20626)
VFB_jrcv0fx4	dorsal median tract of dorsal cervical fasciculus	doi:10.1101/2023.06.05.543757	fasciculates_with	manc:v1.2.1 260817	AN07B043_T1_L (MANC:20632)
VFB_jrcv0fx6	ventral median tract of ventral cervical fasciculus	doi:10.1101/2023.06.05.543757	fasciculates_with	manc:v1.2.1 260817	AN09B034_T2_R (MANC:20634)
VFB_jrcv0fx7	intermediate tract of dorsal cervical fasciculus - commissure of fine fibers	doi:10.1101/2023.06.05.543757	fasciculates_with	manc:v1.2.1 260817	AN07B044_T3_L (MANC:20635)
VFB_jrcv0fxh	intermediate tract of dorsal cervical fasciculus - commissure of fine fibers	doi:10.1101/2023.06.05.543757	fasciculates_with	manc:v1.2.1 260817	AN08B074_T3_R (MANC:20645)
VFB_jrcv0fxj	intermediate tract of dorsal cervical fasciculus - commissure of fine fibers	doi:10.1101/2023.06.05.543757	fasciculates_with	manc:v1.2.1 260817	TBD (MANC:20647)
VFB_jrcv0fxl	ventral median tract of ventral cervical fasciculus	doi:10.1101/2023.06.05.543757	fasciculates_with	manc:v1.2.1 260817	TBD (MANC:20649)
VFB_jrcv0fxt	intermediate tract of dorsal cervical fasciculus - commissure of fine fibers	doi:10.1101/2023.06.05.543757	fasciculates_with	manc:v1.2.1 260817	AN07B064_T3_L (MANC:20657)
VFB_jrcv0fy6	intermediate tract of dorsal cervical fasciculus - commissure of fine fibers	doi:10.1101/2023.06.05.543757	fasciculates_with	manc:v1.2.1 260817	AN19B046_T3_L (MANC:20670)
VFB_jrcv0fy8	ventral median tract of ventral cervical fasciculus	doi:10.1101/2023.06.05.543757	fasciculates_with	manc:v1.2.1 260817	AN17A049_T1_L (MANC:20672)
VFB_jrcv0fya	dorsal lateral tract of ventral cervical fasciculus	doi:10.1101/2023.06.05.543757	fasciculates_with	manc:v1.2.1 260817	AN08B109_T1_L (MANC:20674)
VFB_jrcv0fye	dorsal lateral tract of dorsal cervical fasciculus	doi:10.1101/2023.06.05.543757	fasciculates_with	manc:v1.2.1 260817	TBD (MANC:20678)
VFB_jrcv0fyk	dorsal lateral tract of ventral cervical fasciculus	doi:10.1101/2023.06.05.543757	fasciculates_with	manc:v1.2.1 260817	TBD (MANC:20684)
VFB_jrcv0fyz	ventral median tract of ventral cervical fasciculus	doi:10.1101/2023.06.05.543757	fasciculates_with	manc:v1.2.1 260817	AN05B021_T3_R (MANC:20699)
VFB_jrcv0fz5	dorsal lateral tract of ventral cervical fasciculus	doi:10.1101/2023.06.05.543757	fasciculates_with	manc:v1.2.1 260817	TBD (MANC:20705)
VFB_jrcv0fz9	ventral median tract of ventral cervical fasciculus	doi:10.1101/2023.06.05.543757	fasciculates_with	manc:v1.2.1 260817	AN09B034_T1_L (MANC:20709)
VFB_jrcv0fzw	dorsal median tract of dorsal cervical fasciculus	doi:10.1101/2023.06.05.543757	fasciculates_with	manc:v1.2.1 260817	SApp04_ADMN_R (MANC:20732)
VFB_jrcv0g01	dorsal lateral tract of ventral cervical fasciculus	doi:10.1101/2023.06.05.543757	fasciculates_with	manc:v1.2.1 260817	AN10B012_T2_R (MANC:20737)
VFB_jrcv0g0f	intermediate tract of dorsal cervical fasciculus - commissure of fine fibers	doi:10.1101/2023.06.05.543757	fasciculates_with	manc:v1.2.1 260817	AN07B063_T3_R (MANC:20751)
VFB_jrcv0g0h	dorsal median tract of dorsal cervical fasciculus	doi:10.1101/2023.06.05.543757	fasciculates_with	manc:v1.2.1 260817	SApp04_ADMN_R (MANC:20753)
VFB_jrcv0g14	dorsal median tract of dorsal cervical fasciculus	doi:10.1101/2023.06.05.543757	fasciculates_with	manc:v1.2.1 260817	SApp28_DMetaN_L (MANC:20776)
VFB_jrcv0g16	dorsal lateral tract of ventral cervical fasciculus	doi:10.1101/2023.06.05.543757	fasciculates_with	manc:v1.2.1 260817	AN08B113_T1_L (MANC:20778)
VFB_jrcv0g1r	median dorsal abdominal tract	doi:10.1101/2023.06.05.543757	fasciculates_with	manc:v1.2.1 260817	TBD (MANC:20799)
VFB_jrcv0g2c	dorsal median tract of dorsal cervical fasciculus	doi:10.1101/2023.06.05.543757	fasciculates_with	manc:v1.2.1 260817	AN07B067_T1_L (MANC:20820)
VFB_jrcv0g2h	ventral lateral tract of ventral cervical fasciculus	doi:10.1101/2023.06.05.543757	fasciculates_with	manc:v1.2.1 260817	TBD (MANC:20825)
VFB_jrcv0g2q	dorsal lateral tract of ventral cervical fasciculus	doi:10.1101/2023.06.05.543757	fasciculates_with	manc:v1.2.1 260817	AN08B109_T1_R (MANC:20834)
VFB_jrcv0g2v	intermediate tract of dorsal cervical fasciculus - commissure of fine fibers	doi:10.1101/2023.06.05.543757	fasciculates_with	manc:v1.2.1 260817	AN19B083_T3_L (MANC:20839)
VFB_jrcv0g2z	dorsal median tract of dorsal cervical fasciculus	doi:10.1101/2023.06.05.543757	fasciculates_with	manc:v1.2.1 260817	TBD (MANC:20843)
VFB_jrcv0g33	dorsal median tract of dorsal cervical fasciculus	doi:10.1101/2023.06.05.543757	fasciculates_with	manc:v1.2.1 260817	TBD (MANC:20847)
VFB_jrcv0g35	ventral median tract of ventral cervical fasciculus	doi:10.1101/2023.06.05.543757	fasciculates_with	manc:v1.2.1 260817	AN05B022_T1_R (MANC:20849)
VFB_jrcv0g3e	dorsal median tract of dorsal cervical fasciculus	doi:10.1101/2023.06.05.543757	fasciculates_with	manc:v1.2.1 260817	AN07B067_T1_L (MANC:20858)
VFB_jrcv0g3i	dorsal median tract of dorsal cervical fasciculus	doi:10.1101/2023.06.05.543757	fasciculates_with	manc:v1.2.1 260817	SApp30_DMetaN_R (MANC:20862)
VFB_jrcv0g3j	intermediate tract of dorsal cervical fasciculus - commissure of fine fibers	doi:10.1101/2023.06.05.543757	fasciculates_with	manc:v1.2.1 260817	AN19B085_T3_L (MANC:20863)
VFB_jrcv0g3q	dorsal median tract of dorsal cervical fasciculus	doi:10.1101/2023.06.05.543757	fasciculates_with	manc:v1.2.1 260817	SAppxx_DMetaN_R (MANC:20870)
VFB_jrcv0g3t	intermediate tract of dorsal cervical fasciculus - commissure of fine fibers	doi:10.1101/2023.06.05.543757	fasciculates_with	manc:v1.2.1 260817	AN06A046_T1_L (MANC:20873)
VFB_jrcv0g3u	dorsal median tract of dorsal cervical fasciculus	doi:10.1101/2023.06.05.543757	fasciculates_with	manc:v1.2.1 260817	AN07B070_T1_L (MANC:20874)
VFB_jrcv0g3v	dorsal median tract of dorsal cervical fasciculus	doi:10.1101/2023.06.05.543757	fasciculates_with	manc:v1.2.1 260817	SApp21_DMetaN_R (MANC:20875)
VFB_jrcv0g3w	ventral median tract of ventral cervical fasciculus	doi:10.1101/2023.06.05.543757	fasciculates_with	manc:v1.2.1 260817	AN05B012_T2_L (MANC:20876)
VFB_jrcv0g4i	intermediate tract of dorsal cervical fasciculus - commissure of fine fibers	doi:10.1101/2023.06.05.543757	fasciculates_with	manc:v1.2.1 260817	TBD (MANC:20898)
VFB_jrcv0g4y	dorsal median tract of dorsal cervical fasciculus	doi:10.1101/2023.06.05.543757	fasciculates_with	manc:v1.2.1 260817	SApp04_ADMN_R (MANC:20914)
VFB_jrcv0g54	median dorsal abdominal tract	doi:10.1101/2023.06.05.543757	fasciculates_with	manc:v1.2.1 260817	TBD (MANC:20920)
VFB_jrcv0g62	dorsal median tract of dorsal cervical fasciculus	doi:10.1101/2023.06.05.543757	fasciculates_with	manc:v1.2.1 260817	AN07B051_T1_L (MANC:20954)
VFB_jrcv0g64	dorsal lateral tract of ventral cervical fasciculus	doi:10.1101/2023.06.05.543757	fasciculates_with	manc:v1.2.1 260817	AN10B008_T1_R (MANC:20956)
VFB_jrcv0g6q	dorsal median tract of dorsal cervical fasciculus	doi:10.1101/2023.06.05.543757	fasciculates_with	manc:v1.2.1 260817	TBD (MANC:20978)
VFB_jrcv0g7g	ventral median tract of ventral cervical fasciculus	doi:10.1101/2023.06.05.543757	fasciculates_with	manc:v1.2.1 260817	TBD (MANC:21004)
VFB_jrcv0g7w	dorsal median tract of dorsal cervical fasciculus	doi:10.1101/2023.06.05.543757	fasciculates_with	manc:v1.2.1 260817	AN07B067_T1_R (MANC:21020)
VFB_jrcv0g8d	dorsal median tract of dorsal cervical fasciculus	doi:10.1101/2023.06.05.543757	fasciculates_with	manc:v1.2.1 260817	SApp21_DMetaN_L (MANC:21037)
VFB_jrcv0g8h	dorsal lateral tract of ventral cervical fasciculus	doi:10.1101/2023.06.05.543757	fasciculates_with	manc:v1.2.1 260817	AN08B115_T1_R (MANC:21041)
VFB_jrcv0g8p	intermediate tract of dorsal cervical fasciculus - commissure of fine fibers	doi:10.1101/2023.06.05.543757	fasciculates_with	manc:v1.2.1 260817	AN19B054_T3_L (MANC:21049)
VFB_jrcv0g91	dorsal median tract of dorsal cervical fasciculus	doi:10.1101/2023.06.05.543757	fasciculates_with	manc:v1.2.1 260817	SApp25_DMetaN_L (MANC:21061)
VFB_jrcv0g99	median dorsal abdominal tract	doi:10.1101/2023.06.05.543757	fasciculates_with	manc:v1.2.1 260817	TBD (MANC:21069)
VFB_jrcv0g9n	ventral median tract of ventral cervical fasciculus	doi:10.1101/2023.06.05.543757	fasciculates_with	manc:v1.2.1 260817	AN05B022_T1_L (MANC:21083)
VFB_jrcv0g9r	dorsal median tract of dorsal cervical fasciculus	doi:10.1101/2023.06.05.543757	fasciculates_with	manc:v1.2.1 260817	SApp18_DMetaN_L (MANC:21087)
VFB_jrcv0ga7	dorsal median tract of dorsal cervical fasciculus	doi:10.1101/2023.06.05.543757	fasciculates_with	manc:v1.2.1 260817	AN07B053_T1_L (MANC:21103)
VFB_jrcv0gag	dorsal lateral tract of ventral cervical fasciculus	doi:10.1101/2023.06.05.543757	fasciculates_with	manc:v1.2.1 260817	AN10B008_T1_L (MANC:21112)
VFB_jrcv0gah	intermediate tract of dorsal cervical fasciculus - commissure of fine fibers	doi:10.1101/2023.06.05.543757	fasciculates_with	manc:v1.2.1 260817	AN07B044_T3_L (MANC:21113)
VFB_jrcv0gas	dorsal median tract of dorsal cervical fasciculus	doi:10.1101/2023.06.05.543757	fasciculates_with	manc:v1.2.1 260817	TBD (MANC:21124)
VFB_jrcv0gb3	ventral median tract of ventral cervical fasciculus	doi:10.1101/2023.06.05.543757	fasciculates_with	manc:v1.2.1 260817	AN05B022_T1_L (MANC:21135)
VFB_jrcv0gb5	ventral median tract of ventral cervical fasciculus	doi:10.1101/2023.06.05.543757	fasciculates_with	manc:v1.2.1 260817	AN05B019_T3_L (MANC:21137)
VFB_jrcv0gb7	dorsal lateral tract of ventral cervical fasciculus	doi:10.1101/2023.06.05.543757	fasciculates_with	manc:v1.2.1 260817	TBD (MANC:21139)
VFB_jrcv0gbh	dorsal lateral tract of ventral cervical fasciculus	doi:10.1101/2023.06.05.543757	fasciculates_with	manc:v1.2.1 260817	AN08B114_T1_R (MANC:21149)
VFB_jrcv0gbi	intermediate tract of dorsal cervical fasciculus - commissure of fine fibers	doi:10.1101/2023.06.05.543757	fasciculates_with	manc:v1.2.1 260817	TBD (MANC:21150)
VFB_jrcv0gbj	dorsal median tract of dorsal cervical fasciculus	doi:10.1101/2023.06.05.543757	fasciculates_with	manc:v1.2.1 260817	SAppxx_DMetaN_L (MANC:21151)
VFB_jrcv0gbm	dorsal lateral tract of ventral cervical fasciculus	doi:10.1101/2023.06.05.543757	fasciculates_with	manc:v1.2.1 260817	AN08B117_T1_L (MANC:21154)
VFB_jrcv0gbq	dorsal median tract of dorsal cervical fasciculus	doi:10.1101/2023.06.05.543757	fasciculates_with	manc:v1.2.1 260817	TBD (MANC:21158)
VFB_jrcv0gdu	dorsal median tract of dorsal cervical fasciculus	doi:10.1101/2023.06.05.543757	fasciculates_with	manc:v1.2.1 260817	SAppxx_DMetaN_L (MANC:21234)
VFB_jrcv0gdv	ventral lateral tract of ventral cervical fasciculus	doi:10.1101/2023.06.05.543757	fasciculates_with	manc:v1.2.1 260817	TBD (MANC:21235)
VFB_jrcv0ge0	intermediate tract of dorsal cervical fasciculus - commissure of fine fibers	doi:10.1101/2023.06.05.543757	fasciculates_with	manc:v1.2.1 260817	AN19B065_T3_L (MANC:21240)
VFB_jrcv0ge2	dorsal median tract of dorsal cervical fasciculus	doi:10.1101/2023.06.05.543757	fasciculates_with	manc:v1.2.1 260817	SApp04_ADMN_R (MANC:21242)
VFB_jrcv0gea	ventral median tract of ventral cervical fasciculus	doi:10.1101/2023.06.05.543757	fasciculates_with	manc:v1.2.1 260817	TBD (MANC:21250)
VFB_jrcv0gee	ventral median tract of ventral cervical fasciculus	doi:10.1101/2023.06.05.543757	fasciculates_with	manc:v1.2.1 260817	AN05B017_T1_R (MANC:21254)
VFB_jrcv0get	ventral median tract of ventral cervical fasciculus	doi:10.1101/2023.06.05.543757	fasciculates_with	manc:v1.2.1 260817	AN05B016_T1_R (MANC:21269)
VFB_jrcv0geu	ventral lateral tract of ventral cervical fasciculus	doi:10.1101/2023.06.05.543757	fasciculates_with	manc:v1.2.1 260817	TBD (MANC:21270)
VFB_jrcv0gf3	ventral median tract of ventral cervical fasciculus	doi:10.1101/2023.06.05.543757	fasciculates_with	manc:v1.2.1 260817	AN05B017_T1_L (MANC:21279)
VFB_jrcv0gfc	intermediate tract of dorsal cervical fasciculus - commissure of fine fibers	doi:10.1101/2023.06.05.543757	fasciculates_with	manc:v1.2.1 260817	AN06A066_T1_L (MANC:21288)
VFB_jrcv0gfg	dorsal median tract of dorsal cervical fasciculus	doi:10.1101/2023.06.05.543757	fasciculates_with	manc:v1.2.1 260817	SAppxx_DMetaN_L (MANC:21292)
VFB_jrcv0gfk	ventral lateral tract of ventral cervical fasciculus	doi:10.1101/2023.06.05.543757	fasciculates_with	manc:v1.2.1 260817	TBD (MANC:21296)
VFB_jrcv0gfl	dorsal median tract of dorsal cervical fasciculus	doi:10.1101/2023.06.05.543757	fasciculates_with	manc:v1.2.1 260817	AN08B112_T3_L (MANC:21297)
VFB_jrcv0gfw	dorsal median tract of dorsal cervical fasciculus	doi:10.1101/2023.06.05.543757	fasciculates_with	manc:v1.2.1 260817	SApp19_DMetaN_L (MANC:21308)
VFB_jrcv0gfz	intermediate tract of dorsal cervical fasciculus - commissure of fine fibers	doi:10.1101/2023.06.05.543757	fasciculates_with	manc:v1.2.1 260817	AN07B066_T3_L (MANC:21311)
VFB_jrcv0gg3	ventral median tract of ventral cervical fasciculus	doi:10.1101/2023.06.05.543757	fasciculates_with	manc:v1.2.1 260817	TBD (MANC:21315)
VFB_jrcv0ggc	dorsal median tract of dorsal cervical fasciculus	doi:10.1101/2023.06.05.543757	fasciculates_with	manc:v1.2.1 260817	AN07B043_T1_L (MANC:21324)
VFB_jrcv0ggn	dorsal median tract of dorsal cervical fasciculus	doi:10.1101/2023.06.05.543757	fasciculates_with	manc:v1.2.1 260817	AN08B112_T3_L (MANC:21335)
VFB_jrcv0ggw	intermediate tract of dorsal cervical fasciculus - commissure of fine fibers	doi:10.1101/2023.06.05.543757	fasciculates_with	manc:v1.2.1 260817	TBD (MANC:21344)
VFB_jrcv0gha	dorsal median tract of dorsal cervical fasciculus	doi:10.1101/2023.06.05.543757	fasciculates_with	manc:v1.2.1 260817	TBD (MANC:21358)
VFB_jrcv0ghd	ventral median tract of ventral cervical fasciculus	doi:10.1101/2023.06.05.543757	fasciculates_with	manc:v1.2.1 260817	AN05B019_T3_L (MANC:21361)
VFB_jrcv0ghk	intermediate tract of dorsal cervical fasciculus - commissure of fine fibers	doi:10.1101/2023.06.05.543757	fasciculates_with	manc:v1.2.1 260817	AN07B040_T2_L (MANC:21368)
VFB_jrcv0ghw	dorsal median tract of dorsal cervical fasciculus	doi:10.1101/2023.06.05.543757	fasciculates_with	manc:v1.2.1 260817	TBD (MANC:21380)
VFB_jrcv0gi2	dorsal median tract of dorsal cervical fasciculus	doi:10.1101/2023.06.05.543757	fasciculates_with	manc:v1.2.1 260817	TBD (MANC:21386)
VFB_jrcv0gib	dorsal median tract of dorsal cervical fasciculus	doi:10.1101/2023.06.05.543757	fasciculates_with	manc:v1.2.1 260817	SApp21_DMetaN_L (MANC:21395)
VFB_jrcv0gik	dorsal median tract of dorsal cervical fasciculus	doi:10.1101/2023.06.05.543757	fasciculates_with	manc:v1.2.1 260817	SApp04_ADMN_L (MANC:21404)
VFB_jrcv0gip	intermediate tract of dorsal cervical fasciculus - commissure of fine fibers	doi:10.1101/2023.06.05.543757	fasciculates_with	manc:v1.2.1 260817	AN07B064_T3_L (MANC:21409)
VFB_jrcv0giq	dorsal lateral tract of ventral cervical fasciculus	doi:10.1101/2023.06.05.543757	fasciculates_with	manc:v1.2.1 260817	AN12B001_T2_R (MANC:21410)
VFB_jrcv0gj5	dorsal median tract of dorsal cervical fasciculus	doi:10.1101/2023.06.05.543757	fasciculates_with	manc:v1.2.1 260817	SApp18_DMetaN_L (MANC:21425)
VFB_jrcv0gjb	median dorsal abdominal tract	doi:10.1101/2023.06.05.543757	fasciculates_with	manc:v1.2.1 260817	TBD (MANC:21431)
VFB_jrcv0gjc	ventral median tract of ventral cervical fasciculus	doi:10.1101/2023.06.05.543757	fasciculates_with	manc:v1.2.1 260817	AN05B022_T1_L (MANC:21432)
VFB_jrcv0gje	ventral median tract of ventral cervical fasciculus	doi:10.1101/2023.06.05.543757	fasciculates_with	manc:v1.2.1 260817	AN05B017_T1_R (MANC:21434)
VFB_jrcv0gjk	ventral lateral tract of ventral cervical fasciculus	doi:10.1101/2023.06.05.543757	fasciculates_with	manc:v1.2.1 260817	TBD (MANC:21440)
VFB_jrcv0gjv	dorsal lateral tract of ventral cervical fasciculus	doi:10.1101/2023.06.05.543757	fasciculates_with	manc:v1.2.1 260817	AN10B012_T3_R (MANC:21451)
VFB_jrcv0gjy	dorsal median tract of dorsal cervical fasciculus	doi:10.1101/2023.06.05.543757	fasciculates_with	manc:v1.2.1 260817	TBD (MANC:21454)
VFB_jrcv0gk5	dorsal median tract of dorsal cervical fasciculus	doi:10.1101/2023.06.05.543757	fasciculates_with	manc:v1.2.1 260817	SApp04_ADMN_R (MANC:21461)
VFB_jrcv0gk6	intermediate tract of dorsal cervical fasciculus - commissure of fine fibers	doi:10.1101/2023.06.05.543757	fasciculates_with	manc:v1.2.1 260817	AN07B052_T2_R (MANC:21462)
VFB_jrcv0gkv	ventral median tract of ventral cervical fasciculus	doi:10.1101/2023.06.05.543757	fasciculates_with	manc:v1.2.1 260817	TBD (MANC:21487)
VFB_jrcv0gl6	intermediate tract of dorsal cervical fasciculus - commissure of fine fibers	doi:10.1101/2023.06.05.543757	fasciculates_with	manc:v1.2.1 260817	AN16X037_T1_R (MANC:21498)
VFB_jrcv0gla	ventral median tract of ventral cervical fasciculus	doi:10.1101/2023.06.05.543757	fasciculates_with	manc:v1.2.1 260817	AN05B017_T1_L (MANC:21502)
VFB_jrcv0glb	intermediate tract of dorsal cervical fasciculus - commissure of fine fibers	doi:10.1101/2023.06.05.543757	fasciculates_with	manc:v1.2.1 260817	AN19B067_T3_L (MANC:21503)
VFB_jrcv0glc	intermediate tract of dorsal cervical fasciculus - commissure of fine fibers	doi:10.1101/2023.06.05.543757	fasciculates_with	manc:v1.2.1 260817	AN19B067_T3_R (MANC:21504)
VFB_jrcv0glz	ventral median tract of ventral cervical fasciculus	doi:10.1101/2023.06.05.543757	fasciculates_with	manc:v1.2.1 260817	AN05B018_T3_L (MANC:21527)
VFB_jrcv0gm7	dorsal lateral tract of ventral cervical fasciculus	doi:10.1101/2023.06.05.543757	fasciculates_with	manc:v1.2.1 260817	AN08B113_T1_R (MANC:21535)
VFB_jrcv0gm8	dorsal median tract of dorsal cervical fasciculus	doi:10.1101/2023.06.05.543757	fasciculates_with	manc:v1.2.1 260817	SApp04_ADMN_R (MANC:21536)
VFB_jrcv0gml	dorsal lateral tract of ventral cervical fasciculus	doi:10.1101/2023.06.05.543757	fasciculates_with	manc:v1.2.1 260817	AN12B017_T1_R (MANC:21549)
VFB_jrcv0gmm	median dorsal abdominal tract	doi:10.1101/2023.06.05.543757	fasciculates_with	manc:v1.2.1 260817	SAxx11_AbN3_L (MANC:21550)
VFB_jrcv0gmo	median dorsal abdominal tract	doi:10.1101/2023.06.05.543757	fasciculates_with	manc:v1.2.1 260817	AN27X003_T1_R (MANC:21552)
VFB_jrcv0gms	dorsal median tract of dorsal cervical fasciculus	doi:10.1101/2023.06.05.543757	fasciculates_with	manc:v1.2.1 260817	SApp30_DMetaN_L (MANC:21556)
VFB_jrcv0gmu	ventral median tract of ventral cervical fasciculus	doi:10.1101/2023.06.05.543757	fasciculates_with	manc:v1.2.1 260817	AN05B017_T1_R (MANC:21558)
VFB_jrcv0gmw	intermediate tract of dorsal cervical fasciculus - commissure of fine fibers	doi:10.1101/2023.06.05.543757	fasciculates_with	manc:v1.2.1 260817	AN07B052_T2_R (MANC:21560)
VFB_jrcv0gn1	ventral median tract of ventral cervical fasciculus	doi:10.1101/2023.06.05.543757	fasciculates_with	manc:v1.2.1 260817	TBD (MANC:21565)
VFB_jrcv0gn8	dorsal median tract of dorsal cervical fasciculus	doi:10.1101/2023.06.05.543757	fasciculates_with	manc:v1.2.1 260817	SApp19_DMetaN_L (MANC:21572)
VFB_jrcv0gnp	dorsal lateral tract of ventral cervical fasciculus	doi:10.1101/2023.06.05.543757	fasciculates_with	manc:v1.2.1 260817	AN08B115_T1_R (MANC:21589)
VFB_jrcv0gnx	dorsal lateral tract of ventral cervical fasciculus	doi:10.1101/2023.06.05.543757	fasciculates_with	manc:v1.2.1 260817	AN08B114_T1_L (MANC:21597)
VFB_jrcv0go5	dorsal median tract of dorsal cervical fasciculus	doi:10.1101/2023.06.05.543757	fasciculates_with	manc:v1.2.1 260817	AN07B067_T1_L (MANC:21605)
VFB_jrcv0go8	dorsal median tract of dorsal cervical fasciculus	doi:10.1101/2023.06.05.543757	fasciculates_with	manc:v1.2.1 260817	AN07B053_T1_R (MANC:21608)
VFB_jrcv0gos	intermediate tract of dorsal cervical fasciculus - commissure of fine fibers	doi:10.1101/2023.06.05.543757	fasciculates_with	manc:v1.2.1 260817	AN07B040_T2_R (MANC:21628)
VFB_jrcv0gov	intermediate tract of dorsal cervical fasciculus - commissure of fine fibers	doi:10.1101/2023.06.05.543757	fasciculates_with	manc:v1.2.1 260817	AN06B020_T2_L (MANC:21631)
VFB_jrcv0gp1	dorsal median tract of dorsal cervical fasciculus	doi:10.1101/2023.06.05.543757	fasciculates_with	manc:v1.2.1 260817	AN07B064_T1_R (MANC:21637)
VFB_jrcv0gp2	dorsal median tract of dorsal cervical fasciculus	doi:10.1101/2023.06.05.543757	fasciculates_with	manc:v1.2.1 260817	TBD (MANC:21638)
VFB_jrcv0gpa	dorsal median tract of dorsal cervical fasciculus	doi:10.1101/2023.06.05.543757	fasciculates_with	manc:v1.2.1 260817	AN07B053_T1_L (MANC:21646)
VFB_jrcv0gpb	intermediate tract of dorsal cervical fasciculus - commissure of fine fibers	doi:10.1101/2023.06.05.543757	fasciculates_with	manc:v1.2.1 260817	AN07B063_T3_L (MANC:21647)
VFB_jrcv0gpg	dorsal lateral tract of ventral cervical fasciculus	doi:10.1101/2023.06.05.543757	fasciculates_with	manc:v1.2.1 260817	AN12B023_T1_L (MANC:21652)
VFB_jrcv0gpm	dorsal median tract of dorsal cervical fasciculus	doi:10.1101/2023.06.05.543757	fasciculates_with	manc:v1.2.1 260817	SApp04_ADMN_R (MANC:21658)
VFB_jrcv0gps	dorsal lateral tract of ventral cervical fasciculus	doi:10.1101/2023.06.05.543757	fasciculates_with	manc:v1.2.1 260817	AN10B004_T2_R (MANC:21664)
VFB_jrcv0gpx	ventral median tract of ventral cervical fasciculus	doi:10.1101/2023.06.05.543757	fasciculates_with	manc:v1.2.1 260817	AN09B029_A5_R (MANC:21669)
VFB_jrcv0gq7	dorsal median tract of dorsal cervical fasciculus	doi:10.1101/2023.06.05.543757	fasciculates_with	manc:v1.2.1 260817	SApp04_ADMN_L (MANC:21679)
VFB_jrcv0gqa	intermediate tract of dorsal cervical fasciculus - commissure of fine fibers	doi:10.1101/2023.06.05.543757	fasciculates_with	manc:v1.2.1 260817	AN06A048_T1_R (MANC:21682)
VFB_jrcv0gqd	dorsal median tract of dorsal cervical fasciculus	doi:10.1101/2023.06.05.543757	fasciculates_with	manc:v1.2.1 260817	TBD (MANC:21685)
VFB_jrcv0gqe	intermediate tract of dorsal cervical fasciculus - commissure of fine fibers	doi:10.1101/2023.06.05.543757	fasciculates_with	manc:v1.2.1 260817	AN19B067_T3_R (MANC:21686)
VFB_jrcv0gqo	dorsal median tract of dorsal cervical fasciculus	doi:10.1101/2023.06.05.543757	fasciculates_with	manc:v1.2.1 260817	TBD (MANC:21696)
VFB_jrcv0gr0	dorsal median tract of dorsal cervical fasciculus	doi:10.1101/2023.06.05.543757	fasciculates_with	manc:v1.2.1 260817	AN07B067_T1_R (MANC:21708)
VFB_jrcv0gr6	dorsal median tract of dorsal cervical fasciculus	doi:10.1101/2023.06.05.543757	fasciculates_with	manc:v1.2.1 260817	TBD (MANC:21714)
VFB_jrcv0grp	dorsal median tract of dorsal cervical fasciculus	doi:10.1101/2023.06.05.543757	fasciculates_with	manc:v1.2.1 260817	SApp04_ADMN_R (MANC:21733)
VFB_jrcv0grr	dorsal lateral tract of ventral cervical fasciculus	doi:10.1101/2023.06.05.543757	fasciculates_with	manc:v1.2.1 260817	TBD (MANC:21735)
VFB_jrcv0grv	dorsal lateral tract of ventral cervical fasciculus	doi:10.1101/2023.06.05.543757	fasciculates_with	manc:v1.2.1 260817	AN10B012_T3_L (MANC:21739)
VFB_jrcv0gs2	dorsal median tract of dorsal cervical fasciculus	doi:10.1101/2023.06.05.543757	fasciculates_with	manc:v1.2.1 260817	AN07B066_T1_R (MANC:21746)
VFB_jrcv0gs4	dorsal lateral tract of ventral cervical fasciculus	doi:10.1101/2023.06.05.543757	fasciculates_with	manc:v1.2.1 260817	AN08B119_T1_L (MANC:21748)
VFB_jrcv0gs6	ventral median tract of ventral cervical fasciculus	doi:10.1101/2023.06.05.543757	fasciculates_with	manc:v1.2.1 260817	TBD (MANC:21750)
VFB_jrcv0gsc	intermediate tract of dorsal cervical fasciculus - commissure of fine fibers	doi:10.1101/2023.06.05.543757	fasciculates_with	manc:v1.2.1 260817	TBD (MANC:21756)
VFB_jrcv0gse	dorsal median tract of dorsal cervical fasciculus	doi:10.1101/2023.06.05.543757	fasciculates_with	manc:v1.2.1 260817	SApp20_DMetaN_R (MANC:21758)
VFB_jrcv0gsm	dorsal median tract of dorsal cervical fasciculus	doi:10.1101/2023.06.05.543757	fasciculates_with	manc:v1.2.1 260817	SApp19_DMetaN_R (MANC:21766)
VFB_jrcv0gt0	dorsal lateral tract of ventral cervical fasciculus	doi:10.1101/2023.06.05.543757	fasciculates_with	manc:v1.2.1 260817	AN08B119_T1_L (MANC:21780)
VFB_jrcv0gta	intermediate tract of dorsal cervical fasciculus - commissure of fine fibers	doi:10.1101/2023.06.05.543757	fasciculates_with	manc:v1.2.1 260817	AN07B052_T2_R (MANC:21790)
VFB_jrcv0gty	dorsal lateral tract of ventral cervical fasciculus	doi:10.1101/2023.06.05.543757	fasciculates_with	manc:v1.2.1 260817	AN08B114_T1_R (MANC:21814)
VFB_jrcv0gup	intermediate tract of dorsal cervical fasciculus - commissure of fine fibers	doi:10.1101/2023.06.05.543757	fasciculates_with	manc:v1.2.1 260817	AN19B046_T3_R (MANC:21841)
VFB_jrcv0gv5	dorsal median tract of dorsal cervical fasciculus	doi:10.1101/2023.06.05.543757	fasciculates_with	manc:v1.2.1 260817	SApp23_DMetaN_L (MANC:21857)
VFB_jrcv0gw0	dorsal lateral tract of ventral cervical fasciculus	doi:10.1101/2023.06.05.543757	fasciculates_with	manc:v1.2.1 260817	AN10B010_T1_L (MANC:21888)
VFB_jrcv0gw4	intermediate tract of dorsal cervical fasciculus - commissure of fine fibers	doi:10.1101/2023.06.05.543757	fasciculates_with	manc:v1.2.1 260817	AN19B079_T3_R (MANC:21892)
VFB_jrcv0gw7	intermediate tract of dorsal cervical fasciculus - commissure of fine fibers	doi:10.1101/2023.06.05.543757	fasciculates_with	manc:v1.2.1 260817	AN16X037_T1_R (MANC:21895)
VFB_jrcv0gwb	dorsal median tract of dorsal cervical fasciculus	doi:10.1101/2023.06.05.543757	fasciculates_with	manc:v1.2.1 260817	SAppxx_DMetaN_R (MANC:21899)
VFB_jrcv0gwc	intermediate tract of dorsal cervical fasciculus - commissure of fine fibers	doi:10.1101/2023.06.05.543757	fasciculates_with	manc:v1.2.1 260817	AN08B091_T3_L (MANC:21900)
VFB_jrcv0gwh	median dorsal abdominal tract	doi:10.1101/2023.06.05.543757	fasciculates_with	manc:v1.2.1 260817	TBD (MANC:21905)
VFB_jrcv0gwj	dorsal median tract of dorsal cervical fasciculus	doi:10.1101/2023.06.05.543757	fasciculates_with	manc:v1.2.1 260817	SApp04_ADMN_L (MANC:21907)
VFB_jrcv0gwk	dorsal median tract of dorsal cervical fasciculus	doi:10.1101/2023.06.05.543757	fasciculates_with	manc:v1.2.1 260817	TBD (MANC:21908)
VFB_jrcv0gwl	dorsal lateral tract of ventral cervical fasciculus	doi:10.1101/2023.06.05.543757	fasciculates_with	manc:v1.2.1 260817	TBD (MANC:21909)
VFB_jrcv0gws	median dorsal abdominal tract	doi:10.1101/2023.06.05.543757	fasciculates_with	manc:v1.2.1 260817	TBD (MANC:21916)
VFB_jrcv0gx0	dorsal median tract of dorsal cervical fasciculus	doi:10.1101/2023.06.05.543757	fasciculates_with	manc:v1.2.1 260817	SAppxx_DMetaN_L (MANC:21924)
VFB_jrcv0gxt	dorsal median tract of dorsal cervical fasciculus	doi:10.1101/2023.06.05.543757	fasciculates_with	manc:v1.2.1 260817	SApp18_DMetaN_L (MANC:21953)
VFB_jrcv0gy8	dorsal median tract of dorsal cervical fasciculus	doi:10.1101/2023.06.05.543757	fasciculates_with	manc:v1.2.1 260817	SAppxx_DMetaN_L (MANC:21968)
VFB_jrcv0gyw	intermediate tract of dorsal cervical fasciculus - commissure of fine fibers	doi:10.1101/2023.06.05.543757	fasciculates_with	manc:v1.2.1 260817	AN16X041_T1_L (MANC:21992)
VFB_jrcv0gz4	dorsal median tract of dorsal cervical fasciculus	doi:10.1101/2023.06.05.543757	fasciculates_with	manc:v1.2.1 260817	SApp04_ADMN_L (MANC:22000)
VFB_jrcv0gz6	dorsal median tract of dorsal cervical fasciculus	doi:10.1101/2023.06.05.543757	fasciculates_with	manc:v1.2.1 260817	TBD (MANC:22002)
VFB_jrcv0gz8	dorsal median tract of dorsal cervical fasciculus	doi:10.1101/2023.06.05.543757	fasciculates_with	manc:v1.2.1 260817	TBD (MANC:22004)
VFB_jrcv0gzk	ventral median tract of ventral cervical fasciculus	doi:10.1101/2023.06.05.543757	fasciculates_with	manc:v1.2.1 260817	AN05B017_A9_L (MANC:22016)
VFB_jrcv0gzn	intermediate tract of dorsal cervical fasciculus - commissure of fine fibers	doi:10.1101/2023.06.05.543757	fasciculates_with	manc:v1.2.1 260817	AN19B079_T3_L (MANC:22019)
VFB_jrcv0h06	intermediate tract of dorsal cervical fasciculus - commissure of fine fibers	doi:10.1101/2023.06.05.543757	fasciculates_with	manc:v1.2.1 260817	AN07B054_T2_L (MANC:22038)
VFB_jrcv0h0f	dorsal median tract of dorsal cervical fasciculus	doi:10.1101/2023.06.05.543757	fasciculates_with	manc:v1.2.1 260817	AN07B067_T1_L (MANC:22047)
VFB_jrcv0h0k	dorsal median tract of dorsal cervical fasciculus	doi:10.1101/2023.06.05.543757	fasciculates_with	manc:v1.2.1 260817	SApp25_DMetaN_R (MANC:22052)
VFB_jrcv0h0t	intermediate tract of dorsal cervical fasciculus - commissure of fine fibers	doi:10.1101/2023.06.05.543757	fasciculates_with	manc:v1.2.1 260817	AN06B067_T2_L (MANC:22061)
VFB_jrcv0h11	intermediate tract of dorsal cervical fasciculus - commissure of fine fibers	doi:10.1101/2023.06.05.543757	fasciculates_with	manc:v1.2.1 260817	AN07B064_T3_R (MANC:22069)
VFB_jrcv0h17	dorsal median tract of dorsal cervical fasciculus	doi:10.1101/2023.06.05.543757	fasciculates_with	manc:v1.2.1 260817	AN07B064_T1_R (MANC:22075)
VFB_jrcv0h1j	dorsal lateral tract of ventral cervical fasciculus	doi:10.1101/2023.06.05.543757	fasciculates_with	manc:v1.2.1 260817	AN10B008_T2_R (MANC:22087)
VFB_jrcv0h1o	ventral median tract of ventral cervical fasciculus	doi:10.1101/2023.06.05.543757	fasciculates_with	manc:v1.2.1 260817	AN05B021_T3_R (MANC:22092)
VFB_jrcv0h1u	intermediate tract of dorsal cervical fasciculus - commissure of fine fibers	doi:10.1101/2023.06.05.543757	fasciculates_with	manc:v1.2.1 260817	AN07B064_T3_R (MANC:22098)
VFB_jrcv0h1y	dorsal median tract of dorsal cervical fasciculus	doi:10.1101/2023.06.05.543757	fasciculates_with	manc:v1.2.1 260817	SAppxx_DMetaN_L (MANC:22102)
VFB_jrcv0h25	ventral median tract of ventral cervical fasciculus	doi:10.1101/2023.06.05.543757	fasciculates_with	manc:v1.2.1 260817	AN17A053_T1_L (MANC:22109)
VFB_jrcv0h26	dorsal median tract of dorsal cervical fasciculus	doi:10.1101/2023.06.05.543757	fasciculates_with	manc:v1.2.1 260817	SApp04_ADMN_L (MANC:22110)
VFB_jrcv0h2w	dorsal lateral tract of ventral cervical fasciculus	doi:10.1101/2023.06.05.543757	fasciculates_with	manc:v1.2.1 260817	AN12B017_T1_R (MANC:22136)
VFB_jrcv0h35	dorsal median tract of dorsal cervical fasciculus	doi:10.1101/2023.06.05.543757	fasciculates_with	manc:v1.2.1 260817	SApp04_ADMN_L (MANC:22145)
VFB_jrcv0h3c	dorsal median tract of dorsal cervical fasciculus	doi:10.1101/2023.06.05.543757	fasciculates_with	manc:v1.2.1 260817	AN18B019_T2_L (MANC:22152)
VFB_jrcv0h3h	dorsal median tract of dorsal cervical fasciculus	doi:10.1101/2023.06.05.543757	fasciculates_with	manc:v1.2.1 260817	SAppxx_DMetaN_L (MANC:22157)
VFB_jrcv0h3k	dorsal median tract of dorsal cervical fasciculus	doi:10.1101/2023.06.05.543757	fasciculates_with	manc:v1.2.1 260817	AN07B051_T1_R (MANC:22160)
VFB_jrcv0h44	dorsal lateral tract of ventral cervical fasciculus	doi:10.1101/2023.06.05.543757	fasciculates_with	manc:v1.2.1 260817	AN12B023_T1_L (MANC:22180)
VFB_jrcv0h4b	dorsal median tract of dorsal cervical fasciculus	doi:10.1101/2023.06.05.543757	fasciculates_with	manc:v1.2.1 260817	AN07B066_T1_L (MANC:22187)
VFB_jrcv0h5h	dorsal median tract of dorsal cervical fasciculus	doi:10.1101/2023.06.05.543757	fasciculates_with	manc:v1.2.1 260817	SApp04_ADMN_R (MANC:22229)
VFB_jrcv0h5j	dorsal median tract of dorsal cervical fasciculus	doi:10.1101/2023.06.05.543757	fasciculates_with	manc:v1.2.1 260817	SApp04_ADMN_R (MANC:22231)
VFB_jrcv0h5o	ventral median tract of ventral cervical fasciculus	doi:10.1101/2023.06.05.543757	fasciculates_with	manc:v1.2.1 260817	AN09B034_T1_R (MANC:22236)
VFB_jrcv0h5s	median dorsal abdominal tract	doi:10.1101/2023.06.05.543757	fasciculates_with	manc:v1.2.1 260817	TBD (MANC:22240)
VFB_jrcv0h60	dorsal median tract of dorsal cervical fasciculus	doi:10.1101/2023.06.05.543757	fasciculates_with	manc:v1.2.1 260817	SApp18_DMetaN_L (MANC:22248)
VFB_jrcv0h6a	ventral median tract of ventral cervical fasciculus	doi:10.1101/2023.06.05.543757	fasciculates_with	manc:v1.2.1 260817	AN05B016_T1_L (MANC:22258)
VFB_jrcv0h6h	dorsal lateral tract of ventral cervical fasciculus	doi:10.1101/2023.06.05.543757	fasciculates_with	manc:v1.2.1 260817	AN08B118_T1_L (MANC:22265)
VFB_jrcv0h6r	dorsal lateral tract of ventral cervical fasciculus	doi:10.1101/2023.06.05.543757	fasciculates_with	manc:v1.2.1 260817	AN08B115_T1_L (MANC:22275)
VFB_jrcv0h76	intermediate tract of dorsal cervical fasciculus - commissure of fine fibers	doi:10.1101/2023.06.05.543757	fasciculates_with	manc:v1.2.1 260817	TBD (MANC:22290)
VFB_jrcv0h7d	ventral median tract of ventral cervical fasciculus	doi:10.1101/2023.06.05.543757	fasciculates_with	manc:v1.2.1 260817	TBD (MANC:22297)
VFB_jrcv0h7g	dorsal median tract of dorsal cervical fasciculus	doi:10.1101/2023.06.05.543757	fasciculates_with	manc:v1.2.1 260817	SApp19_DMetaN_L (MANC:22300)
VFB_jrcv0h84	dorsal median tract of dorsal cervical fasciculus	doi:10.1101/2023.06.05.543757	fasciculates_with	manc:v1.2.1 260817	AN07B051_T1_R (MANC:22324)
VFB_jrcv0h8a	dorsal median tract of dorsal cervical fasciculus	doi:10.1101/2023.06.05.543757	fasciculates_with	manc:v1.2.1 260817	AN07B067_T1_R (MANC:22330)
VFB_jrcv0h8i	intermediate tract of dorsal cervical fasciculus - commissure of fine fibers	doi:10.1101/2023.06.05.543757	fasciculates_with	manc:v1.2.1 260817	AN06A066_T1_L (MANC:22338)
VFB_jrcv0h8l	dorsal median tract of dorsal cervical fasciculus	doi:10.1101/2023.06.05.543757	fasciculates_with	manc:v1.2.1 260817	SApp19_DMetaN_R (MANC:22341)
VFB_jrcv0h8p	ventral median tract of ventral cervical fasciculus	doi:10.1101/2023.06.05.543757	fasciculates_with	manc:v1.2.1 260817	AN09B032_A5_L (MANC:22345)
VFB_jrcv0h91	ventral median tract of ventral cervical fasciculus	doi:10.1101/2023.06.05.543757	fasciculates_with	manc:v1.2.1 260817	AN05B022_T1_L (MANC:22357)
VFB_jrcv0h96	dorsal median tract of dorsal cervical fasciculus	doi:10.1101/2023.06.05.543757	fasciculates_with	manc:v1.2.1 260817	SAppxx_DMetaN_R (MANC:22362)
VFB_jrcv0h9g	intermediate tract of dorsal cervical fasciculus - commissure of fine fibers	doi:10.1101/2023.06.05.543757	fasciculates_with	manc:v1.2.1 260817	TBD (MANC:22372)
VFB_jrcv0ha5	intermediate tract of dorsal cervical fasciculus - commissure of fine fibers	doi:10.1101/2023.06.05.543757	fasciculates_with	manc:v1.2.1 260817	AN06A048_T1_L (MANC:22397)
VFB_jrcv0haa	dorsal median tract of dorsal cervical fasciculus	doi:10.1101/2023.06.05.543757	fasciculates_with	manc:v1.2.1 260817	SAppxx_DMetaN_L (MANC:22402)
VFB_jrcv0hak	dorsal median tract of dorsal cervical fasciculus	doi:10.1101/2023.06.05.543757	fasciculates_with	manc:v1.2.1 260817	TBD (MANC:22412)
VFB_jrcv0hal	median dorsal abdominal tract	doi:10.1101/2023.06.05.543757	fasciculates_with	manc:v1.2.1 260817	SAxx11_AbN3_R (MANC:22413)
VFB_jrcv0hao	dorsal median tract of dorsal cervical fasciculus	doi:10.1101/2023.06.05.543757	fasciculates_with	manc:v1.2.1 260817	TBD (MANC:22416)
VFB_jrcv0hap	intermediate tract of dorsal cervical fasciculus - commissure of fine fibers	doi:10.1101/2023.06.05.543757	fasciculates_with	manc:v1.2.1 260817	AN06A066_T1_R (MANC:22417)
VFB_jrcv0hb2	dorsal median tract of dorsal cervical fasciculus	doi:10.1101/2023.06.05.543757	fasciculates_with	manc:v1.2.1 260817	TBD (MANC:22430)
VFB_jrcv0hb6	intermediate tract of dorsal cervical fasciculus - commissure of fine fibers	doi:10.1101/2023.06.05.543757	fasciculates_with	manc:v1.2.1 260817	AN07B063_T3_L (MANC:22434)
VFB_jrcv0hbd	dorsal median tract of dorsal cervical fasciculus	doi:10.1101/2023.06.05.543757	fasciculates_with	manc:v1.2.1 260817	SAppxx_DMetaN_L (MANC:22441)
VFB_jrcv0hbe	dorsal median tract of dorsal cervical fasciculus	doi:10.1101/2023.06.05.543757	fasciculates_with	manc:v1.2.1 260817	SAppxx_DMetaN_L (MANC:22442)
VFB_jrcv0hbm	dorsal median tract of dorsal cervical fasciculus	doi:10.1101/2023.06.05.543757	fasciculates_with	manc:v1.2.1 260817	SApp04_ADMN_L (MANC:22450)
VFB_jrcv0hbp	ventral median tract of ventral cervical fasciculus	doi:10.1101/2023.06.05.543757	fasciculates_with	manc:v1.2.1 260817	AN09B002_A3_R (MANC:22453)
VFB_jrcv0hbv	ventral median tract of ventral cervical fasciculus	doi:10.1101/2023.06.05.543757	fasciculates_with	manc:v1.2.1 260817	TBD (MANC:22459)
VFB_jrcv0hcb	dorsal median tract of dorsal cervical fasciculus	doi:10.1101/2023.06.05.543757	fasciculates_with	manc:v1.2.1 260817	TBD (MANC:22475)
VFB_jrcv0hce	dorsal lateral tract of ventral cervical fasciculus	doi:10.1101/2023.06.05.543757	fasciculates_with	manc:v1.2.1 260817	AN12B023_T1_R (MANC:22478)
VFB_jrcv0hcu	dorsal median tract of dorsal cervical fasciculus	doi:10.1101/2023.06.05.543757	fasciculates_with	manc:v1.2.1 260817	SApp25_DMetaN_L (MANC:22494)
VFB_jrcv0hcv	dorsal median tract of dorsal cervical fasciculus	doi:10.1101/2023.06.05.543757	fasciculates_with	manc:v1.2.1 260817	SAppxx_DMetaN_L (MANC:22495)
VFB_jrcv0hcy	dorsal median tract of dorsal cervical fasciculus	doi:10.1101/2023.06.05.543757	fasciculates_with	manc:v1.2.1 260817	SApp25_DMetaN_R (MANC:22498)
VFB_jrcv0hcz	dorsal median tract of dorsal cervical fasciculus	doi:10.1101/2023.06.05.543757	fasciculates_with	manc:v1.2.1 260817	SAppxx_DMetaN_L (MANC:22499)
VFB_jrcv0hdm	dorsal median tract of dorsal cervical fasciculus	doi:10.1101/2023.06.05.543757	fasciculates_with	manc:v1.2.1 260817	SApp19_DMetaN_L (MANC:22522)
VFB_jrcv0hdx	dorsal median tract of dorsal cervical fasciculus	doi:10.1101/2023.06.05.543757	fasciculates_with	manc:v1.2.1 260817	AN07B066_T1_L (MANC:22533)
VFB_jrcv0heh	dorsal lateral tract of ventral cervical fasciculus	doi:10.1101/2023.06.05.543757	fasciculates_with	manc:v1.2.1 260817	AN10B009_T3_L (MANC:22553)
VFB_jrcv0heo	dorsal median tract of dorsal cervical fasciculus	doi:10.1101/2023.06.05.543757	fasciculates_with	manc:v1.2.1 260817	AN07B066_T1_R (MANC:22560)
VFB_jrcv0hf1	dorsal median tract of dorsal cervical fasciculus	doi:10.1101/2023.06.05.543757	fasciculates_with	manc:v1.2.1 260817	SApp18_DMetaN_R (MANC:22573)
VFB_jrcv0hf5	dorsal median tract of dorsal cervical fasciculus	doi:10.1101/2023.06.05.543757	fasciculates_with	manc:v1.2.1 260817	AN07B067_T1_L (MANC:22577)
VFB_jrcv0hf8	dorsal median tract of dorsal cervical fasciculus	doi:10.1101/2023.06.05.543757	fasciculates_with	manc:v1.2.1 260817	AN07B070_T1_R (MANC:22580)
VFB_jrcv0hfd	intermediate tract of dorsal cervical fasciculus - commissure of fine fibers	doi:10.1101/2023.06.05.543757	fasciculates_with	manc:v1.2.1 260817	AN16X037_T1_R (MANC:22585)
VFB_jrcv0hfe	dorsal median tract of dorsal cervical fasciculus	doi:10.1101/2023.06.05.543757	fasciculates_with	manc:v1.2.1 260817	TBD (MANC:22586)
VFB_jrcv0hfm	ventral median tract of ventral cervical fasciculus	doi:10.1101/2023.06.05.543757	fasciculates_with	manc:v1.2.1 260817	AN09B012_A8_L (MANC:22594)
VFB_jrcv0hfn	median dorsal abdominal tract	doi:10.1101/2023.06.05.543757	fasciculates_with	manc:v1.2.1 260817	AN10B001_T3_R (MANC:22595)
VFB_jrcv0hfp	intermediate tract of dorsal cervical fasciculus - commissure of fine fibers	doi:10.1101/2023.06.05.543757	fasciculates_with	manc:v1.2.1 260817	AN07B064_T3_L (MANC:22597)
VFB_jrcv0hft	dorsal lateral tract of ventral cervical fasciculus	doi:10.1101/2023.06.05.543757	fasciculates_with	manc:v1.2.1 260817	AN08B122_T1_L (MANC:22601)
VFB_jrcv0hg7	dorsal median tract of dorsal cervical fasciculus	doi:10.1101/2023.06.05.543757	fasciculates_with	manc:v1.2.1 260817	SApp19_DMetaN_R (MANC:22615)
VFB_jrcv0hg9	ventral median tract of ventral cervical fasciculus	doi:10.1101/2023.06.05.543757	fasciculates_with	manc:v1.2.1 260817	AN05B019_T3_R (MANC:22617)
VFB_jrcv0hgo	intermediate tract of dorsal cervical fasciculus - commissure of fine fibers	doi:10.1101/2023.06.05.543757	fasciculates_with	manc:v1.2.1 260817	AN19B067_T3_R (MANC:22632)
VFB_jrcv0hgs	dorsal median tract of dorsal cervical fasciculus	doi:10.1101/2023.06.05.543757	fasciculates_with	manc:v1.2.1 260817	AN07B066_T1_L (MANC:22636)
VFB_jrcv0hh3	dorsal median tract of dorsal cervical fasciculus	doi:10.1101/2023.06.05.543757	fasciculates_with	manc:v1.2.1 260817	SAppxx_DMetaN_L (MANC:22647)
VFB_jrcv0hhi	dorsal median tract of dorsal cervical fasciculus	doi:10.1101/2023.06.05.543757	fasciculates_with	manc:v1.2.1 260817	SApp04_ADMN_R (MANC:22662)
VFB_jrcv0hhw	dorsal median tract of dorsal cervical fasciculus	doi:10.1101/2023.06.05.543757	fasciculates_with	manc:v1.2.1 260817	TBD (MANC:22676)
VFB_jrcv0hhy	intermediate tract of dorsal cervical fasciculus - commissure of fine fibers	doi:10.1101/2023.06.05.543757	fasciculates_with	manc:v1.2.1 260817	AN16X037_T1_L (MANC:22678)
VFB_jrcv0hie	dorsal median tract of dorsal cervical fasciculus	doi:10.1101/2023.06.05.543757	fasciculates_with	manc:v1.2.1 260817	SApp04_ADMN_R (MANC:22694)
VFB_jrcv0hil	dorsal lateral tract of ventral cervical fasciculus	doi:10.1101/2023.06.05.543757	fasciculates_with	manc:v1.2.1 260817	AN10B012_T2_L (MANC:22701)
VFB_jrcv0hiu	intermediate tract of dorsal cervical fasciculus - commissure of fine fibers	doi:10.1101/2023.06.05.543757	fasciculates_with	manc:v1.2.1 260817	TBD (MANC:22710)
VFB_jrcv0hjo	dorsal median tract of dorsal cervical fasciculus	doi:10.1101/2023.06.05.543757	fasciculates_with	manc:v1.2.1 260817	AN07B043_T1_L (MANC:22740)
VFB_jrcv0hk6	intermediate tract of dorsal cervical fasciculus - commissure of fine fibers	doi:10.1101/2023.06.05.543757	fasciculates_with	manc:v1.2.1 260817	TBD (MANC:22758)
VFB_jrcv0hkn	dorsal lateral tract of ventral cervical fasciculus	doi:10.1101/2023.06.05.543757	fasciculates_with	manc:v1.2.1 260817	AN08B118_T1_R (MANC:22775)
VFB_jrcv0hle	dorsal median tract of dorsal cervical fasciculus	doi:10.1101/2023.06.05.543757	fasciculates_with	manc:v1.2.1 260817	SApp25_DMetaN_R (MANC:22802)
VFB_jrcv0hlq	ventral median tract of ventral cervical fasciculus	doi:10.1101/2023.06.05.543757	fasciculates_with	manc:v1.2.1 260817	AN05B022_T1_R (MANC:22814)
VFB_jrcv0hm3	intermediate tract of dorsal cervical fasciculus - commissure of fine fibers	doi:10.1101/2023.06.05.543757	fasciculates_with	manc:v1.2.1 260817	AN16X041_T1_R (MANC:22827)
VFB_jrcv0hmd	ventral median tract of ventral cervical fasciculus	doi:10.1101/2023.06.05.543757	fasciculates_with	manc:v1.2.1 260817	AN09B034_T3_R (MANC:22837)
VFB_jrcv0hme	dorsal median tract of dorsal cervical fasciculus	doi:10.1101/2023.06.05.543757	fasciculates_with	manc:v1.2.1 260817	SApp18_DMetaN_R (MANC:22838)
VFB_jrcv0hnn	dorsal lateral tract of ventral cervical fasciculus	doi:10.1101/2023.06.05.543757	fasciculates_with	manc:v1.2.1 260817	AN17B006_T2_L (MANC:22883)
VFB_jrcv0hnw	dorsal lateral tract of ventral cervical fasciculus	doi:10.1101/2023.06.05.543757	fasciculates_with	manc:v1.2.1 260817	AN10B010_T2_L (MANC:22892)
VFB_jrcv0ho0	ventral lateral tract of ventral cervical fasciculus	doi:10.1101/2023.06.05.543757	fasciculates_with	manc:v1.2.1 260817	AN26X004_T1_L (MANC:22896)
VFB_jrcv0hoj	ventral median tract of ventral cervical fasciculus	doi:10.1101/2023.06.05.543757	fasciculates_with	manc:v1.2.1 260817	AN01A051_T1_R (MANC:22915)
VFB_jrcv0hom	dorsal lateral tract of ventral cervical fasciculus	doi:10.1101/2023.06.05.543757	fasciculates_with	manc:v1.2.1 260817	AN12B017_T1_L (MANC:22918)
VFB_jrcv0hos	dorsal median tract of dorsal cervical fasciculus	doi:10.1101/2023.06.05.543757	fasciculates_with	manc:v1.2.1 260817	SApp04_ADMN_L (MANC:22924)
VFB_jrcv0hp0	dorsal median tract of dorsal cervical fasciculus	doi:10.1101/2023.06.05.543757	fasciculates_with	manc:v1.2.1 260817	SApp04_ADMN_L (MANC:22932)
VFB_jrcv0hpn	intermediate tract of dorsal cervical fasciculus - commissure of fine fibers	doi:10.1101/2023.06.05.543757	fasciculates_with	manc:v1.2.1 260817	AN07B064_T3_L (MANC:22955)
VFB_jrcv0hq0	dorsal median tract of dorsal cervical fasciculus	doi:10.1101/2023.06.05.543757	fasciculates_with	manc:v1.2.1 260817	AN07B066_T1_R (MANC:22968)
VFB_jrcv0hq6	dorsal lateral tract of ventral cervical fasciculus	doi:10.1101/2023.06.05.543757	fasciculates_with	manc:v1.2.1 260817	AN08B116_T1_R (MANC:22974)
VFB_jrcv0hq7	intermediate tract of dorsal cervical fasciculus - commissure of fine fibers	doi:10.1101/2023.06.05.543757	fasciculates_with	manc:v1.2.1 260817	AN19B079_T3_R (MANC:22975)
VFB_jrcv0hq8	dorsal median tract of dorsal cervical fasciculus	doi:10.1101/2023.06.05.543757	fasciculates_with	manc:v1.2.1 260817	AN07B067_T1_R (MANC:22976)
VFB_jrcv0hqi	dorsal lateral tract of ventral cervical fasciculus	doi:10.1101/2023.06.05.543757	fasciculates_with	manc:v1.2.1 260817	AN08B117_T1_R (MANC:22986)
VFB_jrcv0hqx	ventral median tract of ventral cervical fasciculus	doi:10.1101/2023.06.05.543757	fasciculates_with	manc:v1.2.1 260817	SAxx23_DProN_L (MANC:23001)
VFB_jrcv0hr4	dorsal lateral tract of ventral cervical fasciculus	doi:10.1101/2023.06.05.543757	fasciculates_with	manc:v1.2.1 260817	AN10B012_T2_L (MANC:23008)
VFB_jrcv0hrm	intermediate tract of dorsal cervical fasciculus - commissure of fine fibers	doi:10.1101/2023.06.05.543757	fasciculates_with	manc:v1.2.1 260817	TBD (MANC:23026)
VFB_jrcv0hru	dorsal lateral tract of ventral cervical fasciculus	doi:10.1101/2023.06.05.543757	fasciculates_with	manc:v1.2.1 260817	AN10B010_T2_L (MANC:23034)
VFB_jrcv0hsr	dorsal lateral tract of ventral cervical fasciculus	doi:10.1101/2023.06.05.543757	fasciculates_with	manc:v1.2.1 260817	AN08B121_T1_R (MANC:23067)
VFB_jrcv0hto	dorsal median tract of dorsal cervical fasciculus	doi:10.1101/2023.06.05.543757	fasciculates_with	manc:v1.2.1 260817	AN07B067_T1_R (MANC:23100)
VFB_jrcv0htt	ventral median tract of ventral cervical fasciculus	doi:10.1101/2023.06.05.543757	fasciculates_with	manc:v1.2.1 260817	AN05B021_T3_L (MANC:23105)
VFB_jrcv0hu6	dorsal lateral tract of ventral cervical fasciculus	doi:10.1101/2023.06.05.543757	fasciculates_with	manc:v1.2.1 260817	AN10B012_T3_R (MANC:23118)
VFB_jrcv0hue	dorsal median tract of dorsal cervical fasciculus	doi:10.1101/2023.06.05.543757	fasciculates_with	manc:v1.2.1 260817	SApp18_DMetaN_L (MANC:23126)
VFB_jrcv0hvf	ventral median tract of ventral cervical fasciculus	doi:10.1101/2023.06.05.543757	fasciculates_with	manc:v1.2.1 260817	AN09B032_A4_L (MANC:23163)
VFB_jrcv0hvi	dorsal median tract of dorsal cervical fasciculus	doi:10.1101/2023.06.05.543757	fasciculates_with	manc:v1.2.1 260817	AN07B067_T1_L (MANC:23166)
VFB_jrcv0hw6	intermediate tract of dorsal cervical fasciculus - commissure of fine fibers	doi:10.1101/2023.06.05.543757	fasciculates_with	manc:v1.2.1 260817	TBD (MANC:23190)
VFB_jrcv0hwm	dorsal median tract of dorsal cervical fasciculus	doi:10.1101/2023.06.05.543757	fasciculates_with	manc:v1.2.1 260817	AN07B066_T1_R (MANC:23206)
VFB_jrcv0hxn	dorsal lateral tract of ventral cervical fasciculus	doi:10.1101/2023.06.05.543757	fasciculates_with	manc:v1.2.1 260817	AN12B017_T1_R (MANC:23243)
VFB_jrcv0hy0	dorsal lateral tract of ventral cervical fasciculus	doi:10.1101/2023.06.05.543757	fasciculates_with	manc:v1.2.1 260817	AN08B119_T1_R (MANC:23256)
VFB_jrcv0hy4	intermediate tract of dorsal cervical fasciculus - commissure of fine fibers	doi:10.1101/2023.06.05.543757	fasciculates_with	manc:v1.2.1 260817	AN07B064_T3_R (MANC:23260)
VFB_jrcv0hyf	dorsal lateral tract of ventral cervical fasciculus	doi:10.1101/2023.06.05.543757	fasciculates_with	manc:v1.2.1 260817	AN10B009_T1_R (MANC:23271)
VFB_jrcv0hyr	dorsal median tract of dorsal cervical fasciculus	doi:10.1101/2023.06.05.543757	fasciculates_with	manc:v1.2.1 260817	SApp18_DMetaN_L (MANC:23283)
VFB_jrcv0hyv	ventral median tract of ventral cervical fasciculus	doi:10.1101/2023.06.05.543757	fasciculates_with	manc:v1.2.1 260817	AN05B021_T3_L (MANC:23287)
VFB_jrcv0hz0	intermediate tract of dorsal cervical fasciculus - commissure of fine fibers	doi:10.1101/2023.06.05.543757	fasciculates_with	manc:v1.2.1 260817	TBD (MANC:23292)
VFB_jrcv0hz4	dorsal median tract of dorsal cervical fasciculus	doi:10.1101/2023.06.05.543757	fasciculates_with	manc:v1.2.1 260817	SApp19_DMetaN_L (MANC:23296)
VFB_jrcv0hz4	dorsal median tract of dorsal cervical fasciculus	doi:10.1101/2023.06.05.543757	fasciculates_with	manc:v1.2.1 260817	SApp19_DMetaN_L (MANC:23296)
VFB_jrcv0hzl	dorsal median tract of dorsal cervical fasciculus	doi:10.1101/2023.06.05.543757	fasciculates_with	manc:v1.2.1 260817	AN07B070_T1_L (MANC:23313)
VFB_jrcv0i0g	dorsal lateral tract of ventral cervical fasciculus	doi:10.1101/2023.06.05.543757	fasciculates_with	manc:v1.2.1 260817	AN10B010_T2_R (MANC:23344)
VFB_jrcv0i0o	dorsal median tract of dorsal cervical fasciculus	doi:10.1101/2023.06.05.543757	fasciculates_with	manc:v1.2.1 260817	SAppxx_DMetaN_R (MANC:23352)
VFB_jrcv0i0r	dorsal lateral tract of ventral cervical fasciculus	doi:10.1101/2023.06.05.543757	fasciculates_with	manc:v1.2.1 260817	AN10B009_T2_R (MANC:23355)
VFB_jrcv0i2f	dorsal lateral tract of ventral cervical fasciculus	doi:10.1101/2023.06.05.543757	fasciculates_with	manc:v1.2.1 260817	AN08B125_T1_L (MANC:23415)
VFB_jrcv0i2i	dorsal lateral tract of ventral cervical fasciculus	doi:10.1101/2023.06.05.543757	fasciculates_with	manc:v1.2.1 260817	AN08B122_T1_R (MANC:23418)
VFB_jrcv0i2u	dorsal lateral tract of ventral cervical fasciculus	doi:10.1101/2023.06.05.543757	fasciculates_with	manc:v1.2.1 260817	AN12B017_T1_L (MANC:23430)
VFB_jrcv0i2v	ventral lateral tract of ventral cervical fasciculus	doi:10.1101/2023.06.05.543757	fasciculates_with	manc:v1.2.1 260817	AN10B001_T2_R (MANC:23431)
VFB_jrcv0i33	dorsal lateral tract of ventral cervical fasciculus	doi:10.1101/2023.06.05.543757	fasciculates_with	manc:v1.2.1 260817	AN12B017_T1_R (MANC:23439)
VFB_jrcv0i3c	dorsal lateral tract of dorsal cervical fasciculus	doi:10.1101/2023.06.05.543757	fasciculates_with	manc:v1.2.1 260817	TBD (MANC:23448)
VFB_jrcv0i3r	dorsal lateral tract of ventral cervical fasciculus	doi:10.1101/2023.06.05.543757	fasciculates_with	manc:v1.2.1 260817	AN08B125_T1_L (MANC:23463)
VFB_jrcv0i3y	median dorsal abdominal tract	doi:10.1101/2023.06.05.543757	fasciculates_with	manc:v1.2.1 260817	SAxx11_AbN4_R (MANC:23470)
VFB_jrcv0i4i	dorsal lateral tract of ventral cervical fasciculus	doi:10.1101/2023.06.05.543757	fasciculates_with	manc:v1.2.1 260817	AN12B023_T1_L (MANC:23490)
VFB_jrcv0i5a	intermediate tract of dorsal cervical fasciculus - commissure of fine fibers	doi:10.1101/2023.06.05.543757	fasciculates_with	manc:v1.2.1 260817	TBD (MANC:23518)
VFB_jrcv0i5l	intermediate tract of dorsal cervical fasciculus - commissure of fine fibers	doi:10.1101/2023.06.05.543757	fasciculates_with	manc:v1.2.1 260817	AN06A058_T1_R (MANC:23529)
VFB_jrcv0i5p	intermediate tract of dorsal cervical fasciculus - commissure of fine fibers	doi:10.1101/2023.06.05.543757	fasciculates_with	manc:v1.2.1 260817	AN16X047_T1_L (MANC:23533)
VFB_jrcv0i5q	intermediate tract of dorsal cervical fasciculus - commissure of fine fibers	doi:10.1101/2023.06.05.543757	fasciculates_with	manc:v1.2.1 260817	AN19B055_T3_L (MANC:23534)
VFB_jrcv0i5w	ventral median tract of ventral cervical fasciculus	doi:10.1101/2023.06.05.543757	fasciculates_with	manc:v1.2.1 260817	AN09B032_A4_R (MANC:23540)
VFB_jrcv0i5z	dorsal median tract of dorsal cervical fasciculus	doi:10.1101/2023.06.05.543757	fasciculates_with	manc:v1.2.1 260817	AN07B047_T1_L (MANC:23543)
VFB_jrcv0i60	dorsal median tract of dorsal cervical fasciculus	doi:10.1101/2023.06.05.543757	fasciculates_with	manc:v1.2.1 260817	SApp04_ADMN_L (MANC:23544)
VFB_jrcv0i6e	dorsal lateral tract of ventral cervical fasciculus	doi:10.1101/2023.06.05.543757	fasciculates_with	manc:v1.2.1 260817	AN10B010_T3_L (MANC:23558)
VFB_jrcv0i6t	intermediate tract of dorsal cervical fasciculus - commissure of fine fibers	doi:10.1101/2023.06.05.543757	fasciculates_with	manc:v1.2.1 260817	TBD (MANC:23573)
VFB_jrcv0i6x	intermediate tract of dorsal cervical fasciculus - commissure of fine fibers	doi:10.1101/2023.06.05.543757	fasciculates_with	manc:v1.2.1 260817	AN06A066_T1_L (MANC:23577)
VFB_jrcv0i70	intermediate tract of dorsal cervical fasciculus - commissure of fine fibers	doi:10.1101/2023.06.05.543757	fasciculates_with	manc:v1.2.1 260817	TBD (MANC:23580)
VFB_jrcv0i73	dorsal lateral tract of ventral cervical fasciculus	doi:10.1101/2023.06.05.543757	fasciculates_with	manc:v1.2.1 260817	AN12B023_T1_L (MANC:23583)
VFB_jrcv0i74	dorsal median tract of dorsal cervical fasciculus	doi:10.1101/2023.06.05.543757	fasciculates_with	manc:v1.2.1 260817	SApp21_DMetaN_R (MANC:23584)
VFB_jrcv0i75	dorsal lateral tract of dorsal cervical fasciculus	doi:10.1101/2023.06.05.543757	fasciculates_with	manc:v1.2.1 260817	TBD (MANC:23585)
VFB_jrcv0i7b	ventral median tract of ventral cervical fasciculus	doi:10.1101/2023.06.05.543757	fasciculates_with	manc:v1.2.1 260817	AN05B021_T3_R (MANC:23591)
VFB_jrcv0i7t	dorsal lateral tract of ventral cervical fasciculus	doi:10.1101/2023.06.05.543757	fasciculates_with	manc:v1.2.1 260817	TBD (MANC:23609)
VFB_jrcv0i7z	intermediate tract of dorsal cervical fasciculus - commissure of fine fibers	doi:10.1101/2023.06.05.543757	fasciculates_with	manc:v1.2.1 260817	TBD (MANC:23615)
VFB_jrcv0i80	ventral median tract of ventral cervical fasciculus	doi:10.1101/2023.06.05.543757	fasciculates_with	manc:v1.2.1 260817	AN01A084_T1_R (MANC:23616)
VFB_jrcv0i8o	dorsal median tract of dorsal cervical fasciculus	doi:10.1101/2023.06.05.543757	fasciculates_with	manc:v1.2.1 260817	SApp19_DMetaN_R (MANC:23640)
VFB_jrcv0i8s	median dorsal abdominal tract	doi:10.1101/2023.06.05.543757	fasciculates_with	manc:v1.2.1 260817	SAxx11_AbN2_L (MANC:23644)
VFB_jrcv0i8u	dorsal median tract of dorsal cervical fasciculus	doi:10.1101/2023.06.05.543757	fasciculates_with	manc:v1.2.1 260817	TBD (MANC:23646)
VFB_jrcv0i8z	dorsal median tract of dorsal cervical fasciculus	doi:10.1101/2023.06.05.543757	fasciculates_with	manc:v1.2.1 260817	SApp04_ADMN_R (MANC:23651)
VFB_jrcv0i90	dorsal median tract of dorsal cervical fasciculus	doi:10.1101/2023.06.05.543757	fasciculates_with	manc:v1.2.1 260817	SApp04_ADMN_L (MANC:23652)
VFB_jrcv0i97	dorsal median tract of dorsal cervical fasciculus	doi:10.1101/2023.06.05.543757	fasciculates_with	manc:v1.2.1 260817	SApp19_DMetaN_L (MANC:23659)
VFB_jrcv0i9b	median dorsal abdominal tract	doi:10.1101/2023.06.05.543757	fasciculates_with	manc:v1.2.1 260817	TBD (MANC:23663)
VFB_jrcv0i9n	dorsal median tract of dorsal cervical fasciculus	doi:10.1101/2023.06.05.543757	fasciculates_with	manc:v1.2.1 260817	SApp18_DMetaN_L (MANC:23675)
VFB_jrcv0i9r	dorsal lateral tract of ventral cervical fasciculus	doi:10.1101/2023.06.05.543757	fasciculates_with	manc:v1.2.1 260817	AN10B010_T3_L (MANC:23679)
VFB_jrcv0i9u	ventral median tract of ventral cervical fasciculus	doi:10.1101/2023.06.05.543757	fasciculates_with	manc:v1.2.1 260817	AN09B002_A2_L (MANC:23682)
VFB_jrcv0ia0	intermediate tract of dorsal cervical fasciculus - commissure of fine fibers	doi:10.1101/2023.06.05.543757	fasciculates_with	manc:v1.2.1 260817	TBD (MANC:23688)
VFB_jrcv0ia2	dorsal median tract of dorsal cervical fasciculus	doi:10.1101/2023.06.05.543757	fasciculates_with	manc:v1.2.1 260817	TBD (MANC:23690)
VFB_jrcv0ia7	ventral median tract of ventral cervical fasciculus	doi:10.1101/2023.06.05.543757	fasciculates_with	manc:v1.2.1 260817	TBD (MANC:23695)
VFB_jrcv0ib6	ventral median tract of ventral cervical fasciculus	doi:10.1101/2023.06.05.543757	fasciculates_with	manc:v1.2.1 260817	TBD (MANC:23730)
VFB_jrcv0ibe	intermediate tract of dorsal cervical fasciculus - commissure of fine fibers	doi:10.1101/2023.06.05.543757	fasciculates_with	manc:v1.2.1 260817	AN19B084_T3_L (MANC:23738)
VFB_jrcv0icq	dorsal lateral tract of ventral cervical fasciculus	doi:10.1101/2023.06.05.543757	fasciculates_with	manc:v1.2.1 260817	AN08B116_T1_R (MANC:23786)
VFB_jrcv0ics	dorsal median tract of dorsal cervical fasciculus	doi:10.1101/2023.06.05.543757	fasciculates_with	manc:v1.2.1 260817	SApp19_DMetaN_L (MANC:23788)
VFB_jrcv0id2	dorsal lateral tract of ventral cervical fasciculus	doi:10.1101/2023.06.05.543757	fasciculates_with	manc:v1.2.1 260817	AN10B010_T1_R (MANC:23798)
VFB_jrcv0idc	dorsal median tract of dorsal cervical fasciculus	doi:10.1101/2023.06.05.543757	fasciculates_with	manc:v1.2.1 260817	SApp18_DMetaN_R (MANC:23808)
VFB_jrcv0idf	intermediate tract of dorsal cervical fasciculus - commissure of fine fibers	doi:10.1101/2023.06.05.543757	fasciculates_with	manc:v1.2.1 260817	TBD (MANC:23811)
VFB_jrcv0idh	intermediate tract of dorsal cervical fasciculus - commissure of fine fibers	doi:10.1101/2023.06.05.543757	fasciculates_with	manc:v1.2.1 260817	TBD (MANC:23813)
VFB_jrcv0idw	dorsal median tract of dorsal cervical fasciculus	doi:10.1101/2023.06.05.543757	fasciculates_with	manc:v1.2.1 260817	AN07B067_T1_R (MANC:23828)
VFB_jrcv0ie2	intermediate tract of dorsal cervical fasciculus - commissure of fine fibers	doi:10.1101/2023.06.05.543757	fasciculates_with	manc:v1.2.1 260817	TBD (MANC:23834)
VFB_jrcv0ie3	dorsal median tract of dorsal cervical fasciculus	doi:10.1101/2023.06.05.543757	fasciculates_with	manc:v1.2.1 260817	SApp04_ADMN_R (MANC:23835)
VFB_jrcv0iec	dorsal median tract of dorsal cervical fasciculus	doi:10.1101/2023.06.05.543757	fasciculates_with	manc:v1.2.1 260817	SApp19_DMetaN_L (MANC:23844)
VFB_jrcv0ieh	intermediate tract of dorsal cervical fasciculus - commissure of fine fibers	doi:10.1101/2023.06.05.543757	fasciculates_with	manc:v1.2.1 260817	TBD (MANC:23849)
VFB_jrcv0iei	dorsal median tract of dorsal cervical fasciculus	doi:10.1101/2023.06.05.543757	fasciculates_with	manc:v1.2.1 260817	SApp19_DMetaN_R (MANC:23850)
VFB_jrcv0iei	dorsal median tract of dorsal cervical fasciculus	doi:10.1101/2023.06.05.543757	fasciculates_with	manc:v1.2.1 260817	SApp19_DMetaN_R (MANC:23850)
VFB_jrcv0ien	intermediate tract of dorsal cervical fasciculus - commissure of fine fibers	doi:10.1101/2023.06.05.543757	fasciculates_with	manc:v1.2.1 260817	TBD (MANC:23855)
VFB_jrcv0ifi	dorsal median tract of dorsal cervical fasciculus	doi:10.1101/2023.06.05.543757	fasciculates_with	manc:v1.2.1 260817	SApp04_ADMN_L (MANC:23886)
VFB_jrcv0ifs	dorsal lateral tract of ventral cervical fasciculus	doi:10.1101/2023.06.05.543757	fasciculates_with	manc:v1.2.1 260817	AN10B015_T1_L (MANC:23896)
VFB_jrcv0ig1	dorsal median tract of dorsal cervical fasciculus	doi:10.1101/2023.06.05.543757	fasciculates_with	manc:v1.2.1 260817	AN07B067_T1_R (MANC:23905)
VFB_jrcv0ig7	dorsal lateral tract of ventral cervical fasciculus	doi:10.1101/2023.06.05.543757	fasciculates_with	manc:v1.2.1 260817	AN10B009_T2_R (MANC:23911)
VFB_jrcv0ige	dorsal lateral tract of ventral cervical fasciculus	doi:10.1101/2023.06.05.543757	fasciculates_with	manc:v1.2.1 260817	AN08B119_T1_L (MANC:23918)
VFB_jrcv0igp	dorsal lateral tract of ventral cervical fasciculus	doi:10.1101/2023.06.05.543757	fasciculates_with	manc:v1.2.1 260817	AN08B119_T1_R (MANC:23929)
VFB_jrcv0igq	dorsal lateral tract of ventral cervical fasciculus	doi:10.1101/2023.06.05.543757	fasciculates_with	manc:v1.2.1 260817	AN08B126_T1_L (MANC:23930)
VFB_jrcv0igy	dorsal median tract of dorsal cervical fasciculus	doi:10.1101/2023.06.05.543757	fasciculates_with	manc:v1.2.1 260817	SApp21_DMetaN_R (MANC:23938)
VFB_jrcv0ih1	dorsal median tract of dorsal cervical fasciculus	doi:10.1101/2023.06.05.543757	fasciculates_with	manc:v1.2.1 260817	SApp19_DMetaN_L (MANC:23941)
VFB_jrcv0ih9	dorsal lateral tract of ventral cervical fasciculus	doi:10.1101/2023.06.05.543757	fasciculates_with	manc:v1.2.1 260817	AN08B115_T1_R (MANC:23949)
VFB_jrcv0ihf	ventral median tract of ventral cervical fasciculus	doi:10.1101/2023.06.05.543757	fasciculates_with	manc:v1.2.1 260817	TBD (MANC:23955)
VFB_jrcv0ihj	ventral median tract of ventral cervical fasciculus	doi:10.1101/2023.06.05.543757	fasciculates_with	manc:v1.2.1 260817	SAxx23_MetaLN_R (MANC:23959)
VFB_jrcv0ihm	ventral median tract of ventral cervical fasciculus	doi:10.1101/2023.06.05.543757	fasciculates_with	manc:v1.2.1 260817	TBD (MANC:23962)
VFB_jrcv0iik	dorsal median tract of dorsal cervical fasciculus	doi:10.1101/2023.06.05.543757	fasciculates_with	manc:v1.2.1 260817	AN07B066_T1_L (MANC:23996)
VFB_jrcv0iim	dorsal lateral tract of ventral cervical fasciculus	doi:10.1101/2023.06.05.543757	fasciculates_with	manc:v1.2.1 260817	AN12B023_T1_L (MANC:23998)
VFB_jrcv0iiu	dorsal median tract of dorsal cervical fasciculus	doi:10.1101/2023.06.05.543757	fasciculates_with	manc:v1.2.1 260817	AN08B120_T2_L (MANC:24006)
VFB_jrcv0ijd	intermediate tract of dorsal cervical fasciculus - commissure of fine fibers	doi:10.1101/2023.06.05.543757	fasciculates_with	manc:v1.2.1 260817	AN16X037_T1_R (MANC:24025)
VFB_jrcv0ijl	ventral median tract of ventral cervical fasciculus	doi:10.1101/2023.06.05.543757	fasciculates_with	manc:v1.2.1 260817	AN05B021_T3_L (MANC:24033)
VFB_jrcv0ijo	intermediate tract of dorsal cervical fasciculus - commissure of fine fibers	doi:10.1101/2023.06.05.543757	fasciculates_with	manc:v1.2.1 260817	AN06A066_T1_L (MANC:24036)
VFB_jrcv0ijp	ventral median tract of ventral cervical fasciculus	doi:10.1101/2023.06.05.543757	fasciculates_with	manc:v1.2.1 260817	AN09B002_A2_R (MANC:24037)
VFB_jrcv0ijq	dorsal lateral tract of ventral cervical fasciculus	doi:10.1101/2023.06.05.543757	fasciculates_with	manc:v1.2.1 260817	AN08B115_T1_L (MANC:24038)
VFB_jrcv0iju	dorsal median tract of dorsal cervical fasciculus	doi:10.1101/2023.06.05.543757	fasciculates_with	manc:v1.2.1 260817	SApp04_ADMN_L (MANC:24042)
VFB_jrcv0ik4	dorsal median tract of dorsal cervical fasciculus	doi:10.1101/2023.06.05.543757	fasciculates_with	manc:v1.2.1 260817	AN18B023_T2_L (MANC:24052)
VFB_jrcv0ik5	intermediate tract of dorsal cervical fasciculus - commissure of fine fibers	doi:10.1101/2023.06.05.543757	fasciculates_with	manc:v1.2.1 260817	AN07B064_T3_L (MANC:24053)
VFB_jrcv0ikc	median dorsal abdominal tract	doi:10.1101/2023.06.05.543757	fasciculates_with	manc:v1.2.1 260817	TBD (MANC:24060)
VFB_jrcv0ikf	dorsal lateral tract of ventral cervical fasciculus	doi:10.1101/2023.06.05.543757	fasciculates_with	manc:v1.2.1 260817	AN10B012_T1_L (MANC:24063)
VFB_jrcv0ili	intermediate tract of dorsal cervical fasciculus - commissure of fine fibers	doi:10.1101/2023.06.05.543757	fasciculates_with	manc:v1.2.1 260817	TBD (MANC:24102)
VFB_jrcv0ilp	dorsal lateral tract of ventral cervical fasciculus	doi:10.1101/2023.06.05.543757	fasciculates_with	manc:v1.2.1 260817	AN10B010_T1_L (MANC:24109)
VFB_jrcv0ilr	dorsal lateral tract of ventral cervical fasciculus	doi:10.1101/2023.06.05.543757	fasciculates_with	manc:v1.2.1 260817	AN10B009_T1_R (MANC:24111)
VFB_jrcv0ils	intermediate tract of dorsal cervical fasciculus - commissure of fine fibers	doi:10.1101/2023.06.05.543757	fasciculates_with	manc:v1.2.1 260817	AN19B085_T3_L (MANC:24112)
VFB_jrcv0ilv	dorsal lateral tract of ventral cervical fasciculus	doi:10.1101/2023.06.05.543757	fasciculates_with	manc:v1.2.1 260817	AN12B017_T1_L (MANC:24115)
VFB_jrcv0im5	ventral lateral tract of ventral cervical fasciculus	doi:10.1101/2023.06.05.543757	fasciculates_with	manc:v1.2.1 260817	TBD (MANC:24125)
VFB_jrcv0im9	intermediate tract of dorsal cervical fasciculus - commissure of fine fibers	doi:10.1101/2023.06.05.543757	fasciculates_with	manc:v1.2.1 260817	TBD (MANC:24129)
VFB_jrcv0imb	dorsal median tract of dorsal cervical fasciculus	doi:10.1101/2023.06.05.543757	fasciculates_with	manc:v1.2.1 260817	TBD (MANC:24131)
VFB_jrcv0imd	dorsal lateral tract of ventral cervical fasciculus	doi:10.1101/2023.06.05.543757	fasciculates_with	manc:v1.2.1 260817	AN10B012_T2_L (MANC:24133)
VFB_jrcv0img	ventral median tract of ventral cervical fasciculus	doi:10.1101/2023.06.05.543757	fasciculates_with	manc:v1.2.1 260817	SAtaxx_PDMN_L (MANC:24136)
VFB_jrcv0imy	intermediate tract of dorsal cervical fasciculus - commissure of fine fibers	doi:10.1101/2023.06.05.543757	fasciculates_with	manc:v1.2.1 260817	AN07B077_A1_R (MANC:24154)
VFB_jrcv0in0	dorsal median tract of dorsal cervical fasciculus	doi:10.1101/2023.06.05.543757	fasciculates_with	manc:v1.2.1 260817	AN07B067_T1_R (MANC:24156)
VFB_jrcv0inu	dorsal median tract of dorsal cervical fasciculus	doi:10.1101/2023.06.05.543757	fasciculates_with	manc:v1.2.1 260817	TBD (MANC:24186)
VFB_jrcv0io2	intermediate tract of dorsal cervical fasciculus - commissure of fine fibers	doi:10.1101/2023.06.05.543757	fasciculates_with	manc:v1.2.1 260817	AN16X037_T1_L (MANC:24194)
VFB_jrcv0iof	dorsal lateral tract of ventral cervical fasciculus	doi:10.1101/2023.06.05.543757	fasciculates_with	manc:v1.2.1 260817	AN05A003_T1_L (MANC:24207)
VFB_jrcv0iov	dorsal lateral tract of ventral cervical fasciculus	doi:10.1101/2023.06.05.543757	fasciculates_with	manc:v1.2.1 260817	AN10B012_T3_L (MANC:24223)
VFB_jrcv0ipi	dorsal lateral tract of ventral cervical fasciculus	doi:10.1101/2023.06.05.543757	fasciculates_with	manc:v1.2.1 260817	AN08B119_T1_L (MANC:24246)
VFB_jrcv0iq3	ventral lateral tract of ventral cervical fasciculus	doi:10.1101/2023.06.05.543757	fasciculates_with	manc:v1.2.1 260817	TBD (MANC:24267)
VFB_jrcv0iq5	dorsal median tract of dorsal cervical fasciculus	doi:10.1101/2023.06.05.543757	fasciculates_with	manc:v1.2.1 260817	SAppxx_DMetaN_L (MANC:24269)
VFB_jrcv0iqk	dorsal lateral tract of ventral cervical fasciculus	doi:10.1101/2023.06.05.543757	fasciculates_with	manc:v1.2.1 260817	AN08B119_T1_R (MANC:24284)
VFB_jrcv0iqq	dorsal median tract of dorsal cervical fasciculus	doi:10.1101/2023.06.05.543757	fasciculates_with	manc:v1.2.1 260817	SApp21_DMetaN_R (MANC:24290)
VFB_jrcv0iqr	dorsal median tract of dorsal cervical fasciculus	doi:10.1101/2023.06.05.543757	fasciculates_with	manc:v1.2.1 260817	SApp19_DMetaN_R (MANC:24291)
VFB_jrcv0ir0	dorsal lateral tract of ventral cervical fasciculus	doi:10.1101/2023.06.05.543757	fasciculates_with	manc:v1.2.1 260817	AN08B129_T1_R (MANC:24300)
VFB_jrcv0ir4	dorsal median tract of dorsal cervical fasciculus	doi:10.1101/2023.06.05.543757	fasciculates_with	manc:v1.2.1 260817	SApp21_DMetaN_R (MANC:24304)
VFB_jrcv0ir6	dorsal median tract of dorsal cervical fasciculus	doi:10.1101/2023.06.05.543757	fasciculates_with	manc:v1.2.1 260817	TBD (MANC:24306)
VFB_jrcv0ira	ventral median tract of ventral cervical fasciculus	doi:10.1101/2023.06.05.543757	fasciculates_with	manc:v1.2.1 260817	AN05B022_T1_R (MANC:24310)
VFB_jrcv0irb	median dorsal abdominal tract	doi:10.1101/2023.06.05.543757	fasciculates_with	manc:v1.2.1 260817	TBD (MANC:24311)
VFB_jrcv0irc	dorsal lateral tract of ventral cervical fasciculus	doi:10.1101/2023.06.05.543757	fasciculates_with	manc:v1.2.1 260817	AN10B010_T3_L (MANC:24312)
VFB_jrcv0ird	dorsal lateral tract of ventral cervical fasciculus	doi:10.1101/2023.06.05.543757	fasciculates_with	manc:v1.2.1 260817	AN10B012_T3_L (MANC:24313)
VFB_jrcv0irg	ventral lateral tract of ventral cervical fasciculus	doi:10.1101/2023.06.05.543757	fasciculates_with	manc:v1.2.1 260817	TBD (MANC:24316)
VFB_jrcv0irl	intermediate tract of dorsal cervical fasciculus - commissure of fine fibers	doi:10.1101/2023.06.05.543757	fasciculates_with	manc:v1.2.1 260817	AN19B084_T3_L (MANC:24321)
VFB_jrcv0iro	median dorsal abdominal tract	doi:10.1101/2023.06.05.543757	fasciculates_with	manc:v1.2.1 260817	TBD (MANC:24324)
VFB_jrcv0irv	intermediate tract of dorsal cervical fasciculus - commissure of fine fibers	doi:10.1101/2023.06.05.543757	fasciculates_with	manc:v1.2.1 260817	AN06A047_T1_L (MANC:24331)
VFB_jrcv0irw	intermediate tract of dorsal cervical fasciculus - commissure of fine fibers	doi:10.1101/2023.06.05.543757	fasciculates_with	manc:v1.2.1 260817	TBD (MANC:24332)
VFB_jrcv0is1	dorsal median tract of dorsal cervical fasciculus	doi:10.1101/2023.06.05.543757	fasciculates_with	manc:v1.2.1 260817	TBD (MANC:24337)
VFB_jrcv0is2	dorsal median tract of dorsal cervical fasciculus	doi:10.1101/2023.06.05.543757	fasciculates_with	manc:v1.2.1 260817	SApp18_DMetaN_L (MANC:24338)
VFB_jrcv0is8	median dorsal abdominal tract	doi:10.1101/2023.06.05.543757	fasciculates_with	manc:v1.2.1 260817	SAxx11_AbN4_L (MANC:24344)
VFB_jrcv0isr	intermediate tract of dorsal cervical fasciculus - commissure of fine fibers	doi:10.1101/2023.06.05.543757	fasciculates_with	manc:v1.2.1 260817	AN19B088_T3_L (MANC:24363)
VFB_jrcv0ist	dorsal median tract of dorsal cervical fasciculus	doi:10.1101/2023.06.05.543757	fasciculates_with	manc:v1.2.1 260817	SApp04_ADMN_R (MANC:24365)
VFB_jrcv0isw	intermediate tract of dorsal cervical fasciculus - commissure of fine fibers	doi:10.1101/2023.06.05.543757	fasciculates_with	manc:v1.2.1 260817	TBD (MANC:24368)
VFB_jrcv0itr	dorsal lateral tract of ventral cervical fasciculus	doi:10.1101/2023.06.05.543757	fasciculates_with	manc:v1.2.1 260817	AN08B097_T1_L (MANC:24399)
VFB_jrcv0ity	ventral median tract of ventral cervical fasciculus	doi:10.1101/2023.06.05.543757	fasciculates_with	manc:v1.2.1 260817	AN01A084_T1_L (MANC:24406)
VFB_jrcv0iup	dorsal median tract of dorsal cervical fasciculus	doi:10.1101/2023.06.05.543757	fasciculates_with	manc:v1.2.1 260817	SApp04_ADMN_L (MANC:24433)
VFB_jrcv0iv9	intermediate tract of dorsal cervical fasciculus - commissure of fine fibers	doi:10.1101/2023.06.05.543757	fasciculates_with	manc:v1.2.1 260817	TBD (MANC:24453)
VFB_jrcv0ivc	dorsal median tract of dorsal cervical fasciculus	doi:10.1101/2023.06.05.543757	fasciculates_with	manc:v1.2.1 260817	AN07B067_T1_L (MANC:24456)
VFB_jrcv0ive	intermediate tract of dorsal cervical fasciculus - commissure of fine fibers	doi:10.1101/2023.06.05.543757	fasciculates_with	manc:v1.2.1 260817	TBD (MANC:24458)
VFB_jrcv0ix1	dorsal lateral tract of ventral cervical fasciculus	doi:10.1101/2023.06.05.543757	fasciculates_with	manc:v1.2.1 260817	AN10B012_T3_L (MANC:24517)
VFB_jrcv0ix9	intermediate tract of dorsal cervical fasciculus - commissure of fine fibers	doi:10.1101/2023.06.05.543757	fasciculates_with	manc:v1.2.1 260817	AN07B077_A1_L (MANC:24525)
VFB_jrcv0iy3	intermediate tract of dorsal cervical fasciculus - commissure of fine fibers	doi:10.1101/2023.06.05.543757	fasciculates_with	manc:v1.2.1 260817	AN07B064_T3_R (MANC:24555)
VFB_jrcv0iyf	dorsal lateral tract of ventral cervical fasciculus	doi:10.1101/2023.06.05.543757	fasciculates_with	manc:v1.2.1 260817	AN08B116_T1_L (MANC:24567)
VFB_jrcv0iyp	dorsal lateral tract of ventral cervical fasciculus	doi:10.1101/2023.06.05.543757	fasciculates_with	manc:v1.2.1 260817	AN10B005_T3_L (MANC:24577)
VFB_jrcv0iz1	dorsal lateral tract of ventral cervical fasciculus	doi:10.1101/2023.06.05.543757	fasciculates_with	manc:v1.2.1 260817	AN10B015_T2_R (MANC:24589)
VFB_jrcv0izo	intermediate tract of dorsal cervical fasciculus - commissure of fine fibers	doi:10.1101/2023.06.05.543757	fasciculates_with	manc:v1.2.1 260817	AN16X047_T1_L (MANC:24612)
VFB_jrcv0izt	dorsal lateral tract of ventral cervical fasciculus	doi:10.1101/2023.06.05.543757	fasciculates_with	manc:v1.2.1 260817	AN10B009_T3_R (MANC:24617)
VFB_jrcv0j03	dorsal lateral tract of ventral cervical fasciculus	doi:10.1101/2023.06.05.543757	fasciculates_with	manc:v1.2.1 260817	AN08B119_T1_L (MANC:24627)
VFB_jrcv0j09	intermediate tract of dorsal cervical fasciculus - commissure of fine fibers	doi:10.1101/2023.06.05.543757	fasciculates_with	manc:v1.2.1 260817	AN06A058_T1_L (MANC:24633)
VFB_jrcv0j0b	ventral median tract of ventral cervical fasciculus	doi:10.1101/2023.06.05.543757	fasciculates_with	manc:v1.2.1 260817	SAchxx_ProLN_R (MANC:24635)
VFB_jrcv0j0b	ventral median tract of ventral cervical fasciculus	doi:10.1101/2023.06.05.543757	fasciculates_with	manc:v1.2.1 260817	SAchxx_ProLN_R (MANC:24635)
VFB_jrcv0j0c	dorsal median tract of dorsal cervical fasciculus	doi:10.1101/2023.06.05.543757	fasciculates_with	manc:v1.2.1 260817	SApp04_ADMN_R (MANC:24636)
VFB_jrcv0j0o	dorsal median tract of dorsal cervical fasciculus	doi:10.1101/2023.06.05.543757	fasciculates_with	manc:v1.2.1 260817	AN08B120_T2_R (MANC:24648)
VFB_jrcv0j0w	intermediate tract of dorsal cervical fasciculus - commissure of fine fibers	doi:10.1101/2023.06.05.543757	fasciculates_with	manc:v1.2.1 260817	TBD (MANC:24656)
VFB_jrcv0j16	dorsal lateral tract of ventral cervical fasciculus	doi:10.1101/2023.06.05.543757	fasciculates_with	manc:v1.2.1 260817	AN10B010_T1_R (MANC:24666)
VFB_jrcv0j1j	dorsal median tract of dorsal cervical fasciculus	doi:10.1101/2023.06.05.543757	fasciculates_with	manc:v1.2.1 260817	TBD (MANC:24679)
VFB_jrcv0j22	ventral lateral tract of ventral cervical fasciculus	doi:10.1101/2023.06.05.543757	fasciculates_with	manc:v1.2.1 260817	AN26X004_T1_R (MANC:24698)
VFB_jrcv0j26	intermediate tract of dorsal cervical fasciculus - commissure of fine fibers	doi:10.1101/2023.06.05.543757	fasciculates_with	manc:v1.2.1 260817	AN16X037_T1_R (MANC:24702)
VFB_jrcv0j27	intermediate tract of dorsal cervical fasciculus - commissure of fine fibers	doi:10.1101/2023.06.05.543757	fasciculates_with	manc:v1.2.1 260817	TBD (MANC:24703)
VFB_jrcv0j29	dorsal median tract of dorsal cervical fasciculus	doi:10.1101/2023.06.05.543757	fasciculates_with	manc:v1.2.1 260817	TBD (MANC:24705)
VFB_jrcv0j2g	dorsal lateral tract of ventral cervical fasciculus	doi:10.1101/2023.06.05.543757	fasciculates_with	manc:v1.2.1 260817	AN10B015_T1_L (MANC:24712)
VFB_jrcv0j2l	dorsal median tract of dorsal cervical fasciculus	doi:10.1101/2023.06.05.543757	fasciculates_with	manc:v1.2.1 260817	SApp19_DMetaN_L (MANC:24717)
VFB_jrcv0j2l	dorsal median tract of dorsal cervical fasciculus	doi:10.1101/2023.06.05.543757	fasciculates_with	manc:v1.2.1 260817	SApp19_DMetaN_L (MANC:24717)
VFB_jrcv0j35	ventral median tract of ventral cervical fasciculus	doi:10.1101/2023.06.05.543757	fasciculates_with	manc:v1.2.1 260817	TBD (MANC:24737)
VFB_jrcv0j3n	median dorsal abdominal tract	doi:10.1101/2023.06.05.543757	fasciculates_with	manc:v1.2.1 260817	TBD (MANC:24755)
VFB_jrcv0j3q	intermediate tract of dorsal cervical fasciculus - commissure of fine fibers	doi:10.1101/2023.06.05.543757	fasciculates_with	manc:v1.2.1 260817	TBD (MANC:24758)
VFB_jrcv0j43	dorsal lateral tract of ventral cervical fasciculus	doi:10.1101/2023.06.05.543757	fasciculates_with	manc:v1.2.1 260817	AN08B119_T1_R (MANC:24771)
VFB_jrcv0j4z	intermediate tract of dorsal cervical fasciculus - commissure of fine fibers	doi:10.1101/2023.06.05.543757	fasciculates_with	manc:v1.2.1 260817	AN16X047_T1_L (MANC:24803)
VFB_jrcv0j57	intermediate tract of dorsal cervical fasciculus - commissure of fine fibers	doi:10.1101/2023.06.05.543757	fasciculates_with	manc:v1.2.1 260817	AN07B064_T3_L (MANC:24811)
VFB_jrcv0j5g	dorsal median tract of dorsal cervical fasciculus	doi:10.1101/2023.06.05.543757	fasciculates_with	manc:v1.2.1 260817	SApp27_DMetaN_R (MANC:24820)
VFB_jrcv0j5y	dorsal lateral tract of ventral cervical fasciculus	doi:10.1101/2023.06.05.543757	fasciculates_with	manc:v1.2.1 260817	AN08B119_T1_L (MANC:24838)
VFB_jrcv0j60	intermediate tract of dorsal cervical fasciculus - commissure of fine fibers	doi:10.1101/2023.06.05.543757	fasciculates_with	manc:v1.2.1 260817	TBD (MANC:24840)
VFB_jrcv0j61	dorsal lateral tract of ventral cervical fasciculus	doi:10.1101/2023.06.05.543757	fasciculates_with	manc:v1.2.1 260817	AN10B012_T2_L (MANC:24841)
VFB_jrcv0j65	dorsal median tract of dorsal cervical fasciculus	doi:10.1101/2023.06.05.543757	fasciculates_with	manc:v1.2.1 260817	TBD (MANC:24845)
VFB_jrcv0j6c	median dorsal abdominal tract	doi:10.1101/2023.06.05.543757	fasciculates_with	manc:v1.2.1 260817	TBD (MANC:24852)
VFB_jrcv0j72	ventral median tract of ventral cervical fasciculus	doi:10.1101/2023.06.05.543757	fasciculates_with	manc:v1.2.1 260817	TBD (MANC:24878)
VFB_jrcv0j79	dorsal lateral tract of ventral cervical fasciculus	doi:10.1101/2023.06.05.543757	fasciculates_with	manc:v1.2.1 260817	AN10B012_T3_L (MANC:24885)
VFB_jrcv0j7g	ventral lateral tract of ventral cervical fasciculus	doi:10.1101/2023.06.05.543757	fasciculates_with	manc:v1.2.1 260817	TBD (MANC:24892)
VFB_jrcv0j87	intermediate tract of dorsal cervical fasciculus - commissure of fine fibers	doi:10.1101/2023.06.05.543757	fasciculates_with	manc:v1.2.1 260817	TBD (MANC:24919)
VFB_jrcv0j8n	dorsal lateral tract of ventral cervical fasciculus	doi:10.1101/2023.06.05.543757	fasciculates_with	manc:v1.2.1 260817	AN10B015_T2_R (MANC:24935)
VFB_jrcv0j95	dorsal median tract of dorsal cervical fasciculus	doi:10.1101/2023.06.05.543757	fasciculates_with	manc:v1.2.1 260817	SAppxx_DMetaN_L (MANC:24953)
VFB_jrcv0j9b	dorsal median tract of dorsal cervical fasciculus	doi:10.1101/2023.06.05.543757	fasciculates_with	manc:v1.2.1 260817	TBD (MANC:24959)
VFB_jrcv0j9h	intermediate tract of dorsal cervical fasciculus - commissure of fine fibers	doi:10.1101/2023.06.05.543757	fasciculates_with	manc:v1.2.1 260817	TBD (MANC:24965)
VFB_jrcv0ja5	dorsal median tract of dorsal cervical fasciculus	doi:10.1101/2023.06.05.543757	fasciculates_with	manc:v1.2.1 260817	TBD (MANC:24989)
VFB_jrcv0ja8	dorsal lateral tract of ventral cervical fasciculus	doi:10.1101/2023.06.05.543757	fasciculates_with	manc:v1.2.1 260817	AN08B127_T1_L (MANC:24992)
VFB_jrcv0jad	intermediate tract of dorsal cervical fasciculus - commissure of fine fibers	doi:10.1101/2023.06.05.543757	fasciculates_with	manc:v1.2.1 260817	AN07B079_T1_R (MANC:24997)
VFB_jrcv0jag	intermediate tract of dorsal cervical fasciculus - commissure of fine fibers	doi:10.1101/2023.06.05.543757	fasciculates_with	manc:v1.2.1 260817	AN19B089_T3_R (MANC:25000)
VFB_jrcv0jai	intermediate tract of dorsal cervical fasciculus - commissure of fine fibers	doi:10.1101/2023.06.05.543757	fasciculates_with	manc:v1.2.1 260817	TBD (MANC:25002)
VFB_jrcv0jay	dorsal lateral tract of dorsal cervical fasciculus	doi:10.1101/2023.06.05.543757	fasciculates_with	manc:v1.2.1 260817	TBD (MANC:25018)
VFB_jrcv0jb8	dorsal lateral tract of ventral cervical fasciculus	doi:10.1101/2023.06.05.543757	fasciculates_with	manc:v1.2.1 260817	AN08B129_T1_L (MANC:25028)
VFB_jrcv0jbk	dorsal lateral tract of ventral cervical fasciculus	doi:10.1101/2023.06.05.543757	fasciculates_with	manc:v1.2.1 260817	AN10B015_T1_R (MANC:25040)
VFB_jrcv0jbl	dorsal median tract of dorsal cervical fasciculus	doi:10.1101/2023.06.05.543757	fasciculates_with	manc:v1.2.1 260817	TBD (MANC:25041)
VFB_jrcv0jbm	dorsal median tract of dorsal cervical fasciculus	doi:10.1101/2023.06.05.543757	fasciculates_with	manc:v1.2.1 260817	AN08B120_T2_R (MANC:25042)
VFB_jrcv0jbu	intermediate tract of dorsal cervical fasciculus - commissure of fine fibers	doi:10.1101/2023.06.05.543757	fasciculates_with	manc:v1.2.1 260817	TBD (MANC:25050)
VFB_jrcv0jck	intermediate tract of dorsal cervical fasciculus - commissure of fine fibers	doi:10.1101/2023.06.05.543757	fasciculates_with	manc:v1.2.1 260817	AN19B084_T3_R (MANC:25076)
VFB_jrcv0jcx	intermediate tract of dorsal cervical fasciculus - commissure of fine fibers	doi:10.1101/2023.06.05.543757	fasciculates_with	manc:v1.2.1 260817	AN07B064_T3_R (MANC:25089)
VFB_jrcv0jd7	dorsal lateral tract of ventral cervical fasciculus	doi:10.1101/2023.06.05.543757	fasciculates_with	manc:v1.2.1 260817	AN10B015_T1_R (MANC:25099)
VFB_jrcv0jdi	intermediate tract of dorsal cervical fasciculus - commissure of fine fibers	doi:10.1101/2023.06.05.543757	fasciculates_with	manc:v1.2.1 260817	TBD (MANC:25110)
VFB_jrcv0jdy	intermediate tract of dorsal cervical fasciculus - commissure of fine fibers	doi:10.1101/2023.06.05.543757	fasciculates_with	manc:v1.2.1 260817	AN16X037_T1_L (MANC:25126)
VFB_jrcv0je0	intermediate tract of dorsal cervical fasciculus - commissure of fine fibers	doi:10.1101/2023.06.05.543757	fasciculates_with	manc:v1.2.1 260817	TBD (MANC:25128)
VFB_jrcv0je2	intermediate tract of dorsal cervical fasciculus - commissure of fine fibers	doi:10.1101/2023.06.05.543757	fasciculates_with	manc:v1.2.1 260817	TBD (MANC:25130)
VFB_jrcv0je6	intermediate tract of dorsal cervical fasciculus - commissure of fine fibers	doi:10.1101/2023.06.05.543757	fasciculates_with	manc:v1.2.1 260817	AN07B079_T1_L (MANC:25134)
VFB_jrcv0jeb	dorsal lateral tract of ventral cervical fasciculus	doi:10.1101/2023.06.05.543757	fasciculates_with	manc:v1.2.1 260817	AN12B023_T1_R (MANC:25139)
VFB_jrcv0jei	intermediate tract of dorsal cervical fasciculus - commissure of fine fibers	doi:10.1101/2023.06.05.543757	fasciculates_with	manc:v1.2.1 260817	AN19B089_T3_R (MANC:25146)
VFB_jrcv0jer	ventral median tract of ventral cervical fasciculus	doi:10.1101/2023.06.05.543757	fasciculates_with	manc:v1.2.1 260817	TBD (MANC:25155)
VFB_jrcv0jev	intermediate tract of dorsal cervical fasciculus - commissure of fine fibers	doi:10.1101/2023.06.05.543757	fasciculates_with	manc:v1.2.1 260817	AN07B077_A1_L (MANC:25159)
VFB_jrcv0jf7	dorsal median tract of dorsal cervical fasciculus	doi:10.1101/2023.06.05.543757	fasciculates_with	manc:v1.2.1 260817	TBD (MANC:25171)
VFB_jrcv0jgx	intermediate tract of dorsal cervical fasciculus - commissure of fine fibers	doi:10.1101/2023.06.05.543757	fasciculates_with	manc:v1.2.1 260817	AN07B064_T3_R (MANC:25233)
VFB_jrcv0jgz	intermediate tract of dorsal cervical fasciculus - commissure of fine fibers	doi:10.1101/2023.06.05.543757	fasciculates_with	manc:v1.2.1 260817	AN07B066_T3_L (MANC:25235)
VFB_jrcv0jh3	intermediate tract of dorsal cervical fasciculus - commissure of fine fibers	doi:10.1101/2023.06.05.543757	fasciculates_with	manc:v1.2.1 260817	TBD (MANC:25239)
VFB_jrcv0jh4	dorsal median tract of dorsal cervical fasciculus	doi:10.1101/2023.06.05.543757	fasciculates_with	manc:v1.2.1 260817	SApp23_DMetaN_R (MANC:25240)
VFB_jrcv0jhi	intermediate tract of dorsal cervical fasciculus - commissure of fine fibers	doi:10.1101/2023.06.05.543757	fasciculates_with	manc:v1.2.1 260817	AN16X037_T1_R (MANC:25254)
VFB_jrcv0jhq	dorsal lateral tract of ventral cervical fasciculus	doi:10.1101/2023.06.05.543757	fasciculates_with	manc:v1.2.1 260817	AN08B130_T1_L (MANC:25262)
VFB_jrcv0jib	intermediate tract of dorsal cervical fasciculus - commissure of fine fibers	doi:10.1101/2023.06.05.543757	fasciculates_with	manc:v1.2.1 260817	TBD (MANC:25283)
VFB_jrcv0jih	dorsal median tract of dorsal cervical fasciculus	doi:10.1101/2023.06.05.543757	fasciculates_with	manc:v1.2.1 260817	SApp19_DMetaN_L (MANC:25289)
VFB_jrcv0jiu	dorsal lateral tract of ventral cervical fasciculus	doi:10.1101/2023.06.05.543757	fasciculates_with	manc:v1.2.1 260817	AN10B012_T3_R (MANC:25302)
VFB_jrcv0jjc	intermediate tract of dorsal cervical fasciculus - commissure of fine fibers	doi:10.1101/2023.06.05.543757	fasciculates_with	manc:v1.2.1 260817	AN19B089_T3_R (MANC:25320)
VFB_jrcv0jjs	intermediate tract of dorsal cervical fasciculus - commissure of fine fibers	doi:10.1101/2023.06.05.543757	fasciculates_with	manc:v1.2.1 260817	TBD (MANC:25336)
VFB_jrcv0jk5	intermediate tract of dorsal cervical fasciculus - commissure of fine fibers	doi:10.1101/2023.06.05.543757	fasciculates_with	manc:v1.2.1 260817	TBD (MANC:25349)
VFB_jrcv0jkm	intermediate tract of dorsal cervical fasciculus - commissure of fine fibers	doi:10.1101/2023.06.05.543757	fasciculates_with	manc:v1.2.1 260817	AN07B077_A1_L (MANC:25366)
VFB_jrcv0jkq	intermediate tract of dorsal cervical fasciculus - commissure of fine fibers	doi:10.1101/2023.06.05.543757	fasciculates_with	manc:v1.2.1 260817	AN07B064_T3_R (MANC:25370)
VFB_jrcv0jku	median dorsal abdominal tract	doi:10.1101/2023.06.05.543757	fasciculates_with	manc:v1.2.1 260817	SAxx11_AbN2_R (MANC:25374)
VFB_jrcv0jl4	dorsal median tract of dorsal cervical fasciculus	doi:10.1101/2023.06.05.543757	fasciculates_with	manc:v1.2.1 260817	TBD (MANC:25384)
VFB_jrcv0jlp	ventral median tract of ventral cervical fasciculus	doi:10.1101/2023.06.05.543757	fasciculates_with	manc:v1.2.1 260817	TBD (MANC:25405)
VFB_jrcv0jlt	dorsal median tract of dorsal cervical fasciculus	doi:10.1101/2023.06.05.543757	fasciculates_with	manc:v1.2.1 260817	TBD (MANC:25409)
VFB_jrcv0jlx	dorsal lateral tract of ventral cervical fasciculus	doi:10.1101/2023.06.05.543757	fasciculates_with	manc:v1.2.1 260817	AN10B010_T1_R (MANC:25413)
VFB_jrcv0jm6	intermediate tract of dorsal cervical fasciculus - commissure of fine fibers	doi:10.1101/2023.06.05.543757	fasciculates_with	manc:v1.2.1 260817	AN07B063_T3_R (MANC:25422)
VFB_jrcv0jms	dorsal median tract of dorsal cervical fasciculus	doi:10.1101/2023.06.05.543757	fasciculates_with	manc:v1.2.1 260817	AN07B070_T1_R (MANC:25444)
VFB_jrcv0jmx	dorsal median tract of dorsal cervical fasciculus	doi:10.1101/2023.06.05.543757	fasciculates_with	manc:v1.2.1 260817	TBD (MANC:25449)
VFB_jrcv0jn2	dorsal median tract of dorsal cervical fasciculus	doi:10.1101/2023.06.05.543757	fasciculates_with	manc:v1.2.1 260817	TBD (MANC:25454)
VFB_jrcv0jnl	dorsal median tract of dorsal cervical fasciculus	doi:10.1101/2023.06.05.543757	fasciculates_with	manc:v1.2.1 260817	TBD (MANC:25473)
VFB_jrcv0jnp	intermediate tract of dorsal cervical fasciculus - commissure of fine fibers	doi:10.1101/2023.06.05.543757	fasciculates_with	manc:v1.2.1 260817	AN06A047_T1_R (MANC:25477)
VFB_jrcv0jnq	intermediate tract of dorsal cervical fasciculus - commissure of fine fibers	doi:10.1101/2023.06.05.543757	fasciculates_with	manc:v1.2.1 260817	AN19B057_T3_L (MANC:25478)
VFB_jrcv0jnr	dorsal median tract of dorsal cervical fasciculus	doi:10.1101/2023.06.05.543757	fasciculates_with	manc:v1.2.1 260817	TBD (MANC:25479)
VFB_jrcv0joc	dorsal median tract of dorsal cervical fasciculus	doi:10.1101/2023.06.05.543757	fasciculates_with	manc:v1.2.1 260817	SAppxx_DMetaN_R (MANC:25500)
VFB_jrcv0jof	dorsal lateral tract of ventral cervical fasciculus	doi:10.1101/2023.06.05.543757	fasciculates_with	manc:v1.2.1 260817	AN08B119_T1_R (MANC:25503)
VFB_jrcv0jow	dorsal lateral tract of ventral cervical fasciculus	doi:10.1101/2023.06.05.543757	fasciculates_with	manc:v1.2.1 260817	AN10B010_T2_R (MANC:25520)
VFB_jrcv0jp5	intermediate tract of dorsal cervical fasciculus - commissure of fine fibers	doi:10.1101/2023.06.05.543757	fasciculates_with	manc:v1.2.1 260817	TBD (MANC:25529)
VFB_jrcv0jpj	dorsal median tract of dorsal cervical fasciculus	doi:10.1101/2023.06.05.543757	fasciculates_with	manc:v1.2.1 260817	TBD (MANC:25543)
VFB_jrcv0jqs	intermediate tract of dorsal cervical fasciculus - commissure of fine fibers	doi:10.1101/2023.06.05.543757	fasciculates_with	manc:v1.2.1 260817	AN19B083_T3_R (MANC:25588)
VFB_jrcv0jra	intermediate tract of dorsal cervical fasciculus - commissure of fine fibers	doi:10.1101/2023.06.05.543757	fasciculates_with	manc:v1.2.1 260817	TBD (MANC:25606)
VFB_jrcv0jri	ventral median tract of ventral cervical fasciculus	doi:10.1101/2023.06.05.543757	fasciculates_with	manc:v1.2.1 260817	SAxx23_DProN_R (MANC:25614)
VFB_jrcv0jry	dorsal median tract of dorsal cervical fasciculus	doi:10.1101/2023.06.05.543757	fasciculates_with	manc:v1.2.1 260817	TBD (MANC:25630)
VFB_jrcv0js7	dorsal median tract of dorsal cervical fasciculus	doi:10.1101/2023.06.05.543757	fasciculates_with	manc:v1.2.1 260817	AN07B084_T1_L (MANC:25639)
VFB_jrcv0js9	dorsal lateral tract of ventral cervical fasciculus	doi:10.1101/2023.06.05.543757	fasciculates_with	manc:v1.2.1 260817	AN10B010_T1_L (MANC:25641)
VFB_jrcv0jsa	intermediate tract of dorsal cervical fasciculus - commissure of fine fibers	doi:10.1101/2023.06.05.543757	fasciculates_with	manc:v1.2.1 260817	TBD (MANC:25642)
VFB_jrcv0jsd	intermediate tract of dorsal cervical fasciculus - commissure of fine fibers	doi:10.1101/2023.06.05.543757	fasciculates_with	manc:v1.2.1 260817	TBD (MANC:25645)
VFB_jrcv0jso	ventral median tract of ventral cervical fasciculus	doi:10.1101/2023.06.05.543757	fasciculates_with	manc:v1.2.1 260817	AN01A084_T1_L (MANC:25656)
VFB_jrcv0jsy	dorsal median tract of dorsal cervical fasciculus	doi:10.1101/2023.06.05.543757	fasciculates_with	manc:v1.2.1 260817	SAppxx_DMetaN_R (MANC:25666)
VFB_jrcv0jtc	intermediate tract of dorsal cervical fasciculus - commissure of fine fibers	doi:10.1101/2023.06.05.543757	fasciculates_with	manc:v1.2.1 260817	AN19B088_T3_R (MANC:25680)
VFB_jrcv0jtf	dorsal median tract of dorsal cervical fasciculus	doi:10.1101/2023.06.05.543757	fasciculates_with	manc:v1.2.1 260817	TBD (MANC:25683)
VFB_jrcv0jti	dorsal median tract of dorsal cervical fasciculus	doi:10.1101/2023.06.05.543757	fasciculates_with	manc:v1.2.1 260817	AN08B120_T2_L (MANC:25686)
VFB_jrcv0jtk	dorsal lateral tract of dorsal cervical fasciculus	doi:10.1101/2023.06.05.543757	fasciculates_with	manc:v1.2.1 260817	TBD (MANC:25688)
VFB_jrcv0jto	intermediate tract of dorsal cervical fasciculus - commissure of fine fibers	doi:10.1101/2023.06.05.543757	fasciculates_with	manc:v1.2.1 260817	AN06A066_T1_L (MANC:25692)
VFB_jrcv0jtq	intermediate tract of dorsal cervical fasciculus - commissure of fine fibers	doi:10.1101/2023.06.05.543757	fasciculates_with	manc:v1.2.1 260817	TBD (MANC:25694)
VFB_jrcv0jty	ventral median tract of ventral cervical fasciculus	doi:10.1101/2023.06.05.543757	fasciculates_with	manc:v1.2.1 260817	SAtaxx_PDMN_R (MANC:25702)
VFB_jrcv0jtz	dorsal lateral tract of ventral cervical fasciculus	doi:10.1101/2023.06.05.543757	fasciculates_with	manc:v1.2.1 260817	AN10B009_T1_L (MANC:25703)
VFB_jrcv0ju5	intermediate tract of dorsal cervical fasciculus - commissure of fine fibers	doi:10.1101/2023.06.05.543757	fasciculates_with	manc:v1.2.1 260817	TBD (MANC:25709)
VFB_jrcv0juu	intermediate tract of dorsal cervical fasciculus - commissure of fine fibers	doi:10.1101/2023.06.05.543757	fasciculates_with	manc:v1.2.1 260817	TBD (MANC:25734)
VFB_jrcv0jv2	intermediate tract of dorsal cervical fasciculus - commissure of fine fibers	doi:10.1101/2023.06.05.543757	fasciculates_with	manc:v1.2.1 260817	TBD (MANC:25742)
VFB_jrcv0jvd	dorsal lateral tract of ventral cervical fasciculus	doi:10.1101/2023.06.05.543757	fasciculates_with	manc:v1.2.1 260817	AN10B015_T1_L (MANC:25753)
VFB_jrcv0jw8	dorsal lateral tract of ventral cervical fasciculus	doi:10.1101/2023.06.05.543757	fasciculates_with	manc:v1.2.1 260817	AN10B007_T1_L (MANC:25784)
VFB_jrcv0jwa	dorsal median tract of dorsal cervical fasciculus	doi:10.1101/2023.06.05.543757	fasciculates_with	manc:v1.2.1 260817	TBD (MANC:25786)
VFB_jrcv0jwc	dorsal lateral tract of ventral cervical fasciculus	doi:10.1101/2023.06.05.543757	fasciculates_with	manc:v1.2.1 260817	AN10B015_T2_R (MANC:25788)
VFB_jrcv0jwk	intermediate tract of dorsal cervical fasciculus - commissure of fine fibers	doi:10.1101/2023.06.05.543757	fasciculates_with	manc:v1.2.1 260817	TBD (MANC:25796)
VFB_jrcv0jx2	dorsal median tract of dorsal cervical fasciculus	doi:10.1101/2023.06.05.543757	fasciculates_with	manc:v1.2.1 260817	TBD (MANC:25814)
VFB_jrcv0jxd	dorsal median tract of dorsal cervical fasciculus	doi:10.1101/2023.06.05.543757	fasciculates_with	manc:v1.2.1 260817	TBD (MANC:25825)
VFB_jrcv0jxs	ventral median tract of ventral cervical fasciculus	doi:10.1101/2023.06.05.543757	fasciculates_with	manc:v1.2.1 260817	AN17A022_T1_R (MANC:25840)
VFB_jrcv0jxy	dorsal lateral tract of ventral cervical fasciculus	doi:10.1101/2023.06.05.543757	fasciculates_with	manc:v1.2.1 260817	AN10B010_T3_R (MANC:25846)
VFB_jrcv0jy8	intermediate tract of dorsal cervical fasciculus - commissure of fine fibers	doi:10.1101/2023.06.05.543757	fasciculates_with	manc:v1.2.1 260817	AN19B089_T3_R (MANC:25856)
VFB_jrcv0jym	ventral median tract of ventral cervical fasciculus	doi:10.1101/2023.06.05.543757	fasciculates_with	manc:v1.2.1 260817	TBD (MANC:25870)
VFB_jrcv0jyn	intermediate tract of dorsal cervical fasciculus - commissure of fine fibers	doi:10.1101/2023.06.05.543757	fasciculates_with	manc:v1.2.1 260817	AN06A047_T1_L (MANC:25871)
VFB_jrcv0jyp	ventral median tract of ventral cervical fasciculus	doi:10.1101/2023.06.05.543757	fasciculates_with	manc:v1.2.1 260817	TBD (MANC:25873)
VFB_jrcv0jyu	intermediate tract of dorsal cervical fasciculus - commissure of fine fibers	doi:10.1101/2023.06.05.543757	fasciculates_with	manc:v1.2.1 260817	AN19B085_T3_R (MANC:25878)
VFB_jrcv0jz6	dorsal lateral tract of ventral cervical fasciculus	doi:10.1101/2023.06.05.543757	fasciculates_with	manc:v1.2.1 260817	AN10B010_T1_R (MANC:25890)
VFB_jrcv0jze	dorsal median tract of dorsal cervical fasciculus	doi:10.1101/2023.06.05.543757	fasciculates_with	manc:v1.2.1 260817	SAppxx_DMetaN_L (MANC:25898)
VFB_jrcv0jzk	intermediate tract of dorsal cervical fasciculus - commissure of fine fibers	doi:10.1101/2023.06.05.543757	fasciculates_with	manc:v1.2.1 260817	AN16X037_T1_L (MANC:25904)
VFB_jrcv0jzu	median dorsal abdominal tract	doi:10.1101/2023.06.05.543757	fasciculates_with	manc:v1.2.1 260817	TBD (MANC:25914)
VFB_jrcv0k04	dorsal lateral tract of dorsal cervical fasciculus	doi:10.1101/2023.06.05.543757	fasciculates_with	manc:v1.2.1 260817	TBD (MANC:25924)
VFB_jrcv0k05	dorsal median tract of dorsal cervical fasciculus	doi:10.1101/2023.06.05.543757	fasciculates_with	manc:v1.2.1 260817	TBD (MANC:25925)
VFB_jrcv0k0b	dorsal median tract of dorsal cervical fasciculus	doi:10.1101/2023.06.05.543757	fasciculates_with	manc:v1.2.1 260817	TBD (MANC:25931)
VFB_jrcv0k0h	dorsal lateral tract of ventral cervical fasciculus	doi:10.1101/2023.06.05.543757	fasciculates_with	manc:v1.2.1 260817	AN10B017_T1_R (MANC:25937)
VFB_jrcv0k0m	dorsal lateral tract of ventral cervical fasciculus	doi:10.1101/2023.06.05.543757	fasciculates_with	manc:v1.2.1 260817	AN10B015_T1_R (MANC:25942)
VFB_jrcv0k0y	dorsal lateral tract of ventral cervical fasciculus	doi:10.1101/2023.06.05.543757	fasciculates_with	manc:v1.2.1 260817	AN10B015_T2_L (MANC:25954)
VFB_jrcv0k14	ventral median tract of ventral cervical fasciculus	doi:10.1101/2023.06.05.543757	fasciculates_with	manc:v1.2.1 260817	TBD (MANC:25960)
VFB_jrcv0k19	intermediate tract of dorsal cervical fasciculus - commissure of fine fibers	doi:10.1101/2023.06.05.543757	fasciculates_with	manc:v1.2.1 260817	TBD (MANC:25965)
VFB_jrcv0k1a	intermediate tract of dorsal cervical fasciculus - commissure of fine fibers	doi:10.1101/2023.06.05.543757	fasciculates_with	manc:v1.2.1 260817	AN16X037_T1_R (MANC:25966)
VFB_jrcv0k1c	dorsal lateral tract of ventral cervical fasciculus	doi:10.1101/2023.06.05.543757	fasciculates_with	manc:v1.2.1 260817	AN10B010_T2_R (MANC:25968)
VFB_jrcv0k1d	intermediate tract of dorsal cervical fasciculus - commissure of fine fibers	doi:10.1101/2023.06.05.543757	fasciculates_with	manc:v1.2.1 260817	TBD (MANC:25969)
VFB_jrcv0k1h	dorsal lateral tract of ventral cervical fasciculus	doi:10.1101/2023.06.05.543757	fasciculates_with	manc:v1.2.1 260817	AN10B015_T2_R (MANC:25973)
VFB_jrcv0k1j	dorsal median tract of dorsal cervical fasciculus	doi:10.1101/2023.06.05.543757	fasciculates_with	manc:v1.2.1 260817	SApp21_DMetaN_R (MANC:25975)
VFB_jrcv0k1l	dorsal lateral tract of ventral cervical fasciculus	doi:10.1101/2023.06.05.543757	fasciculates_with	manc:v1.2.1 260817	AN10B012_T1_R (MANC:25977)
VFB_jrcv0k1m	intermediate tract of dorsal cervical fasciculus - commissure of fine fibers	doi:10.1101/2023.06.05.543757	fasciculates_with	manc:v1.2.1 260817	AN19B079_T3_L (MANC:25978)
VFB_jrcv0k1x	intermediate tract of dorsal cervical fasciculus - commissure of fine fibers	doi:10.1101/2023.06.05.543757	fasciculates_with	manc:v1.2.1 260817	TBD (MANC:25989)
VFB_jrcv0k20	intermediate tract of dorsal cervical fasciculus - commissure of fine fibers	doi:10.1101/2023.06.05.543757	fasciculates_with	manc:v1.2.1 260817	AN06A066_T1_R (MANC:25992)
VFB_jrcv0k21	dorsal lateral tract of ventral cervical fasciculus	doi:10.1101/2023.06.05.543757	fasciculates_with	manc:v1.2.1 260817	AN10B008_T3_L (MANC:25993)
VFB_jrcv0k22	median dorsal abdominal tract	doi:10.1101/2023.06.05.543757	fasciculates_with	manc:v1.2.1 260817	TBD (MANC:53591964492)
VFB_jrcv0k24	dorsal lateral tract of ventral cervical fasciculus	doi:10.1101/2023.06.05.543757	fasciculates_with	manc:v1.2.1 260817	AN10B012_T1_R (MANC:25996)
VFB_jrcv0k26	dorsal lateral tract of ventral cervical fasciculus	doi:10.1101/2023.06.05.543757	fasciculates_with	manc:v1.2.1 260817	AN10B008_T2_R (MANC:25998)
VFB_jrcv0k2b	intermediate tract of dorsal cervical fasciculus - commissure of fine fibers	doi:10.1101/2023.06.05.543757	fasciculates_with	manc:v1.2.1 260817	TBD (MANC:26003)
VFB_jrcv0k2r	dorsal lateral tract of ventral cervical fasciculus	doi:10.1101/2023.06.05.543757	fasciculates_with	manc:v1.2.1 260817	AN10B010_T3_L (MANC:26019)
VFB_jrcv0k2t	dorsal median tract of dorsal cervical fasciculus	doi:10.1101/2023.06.05.543757	fasciculates_with	manc:v1.2.1 260817	SAppxx_DMetaN_L (MANC:26021)
VFB_jrcv0k2z	intermediate tract of dorsal cervical fasciculus - commissure of fine fibers	doi:10.1101/2023.06.05.543757	fasciculates_with	manc:v1.2.1 260817	AN19B089_T3_L (MANC:26027)
VFB_jrcv0k3b	intermediate tract of dorsal cervical fasciculus - commissure of fine fibers	doi:10.1101/2023.06.05.543757	fasciculates_with	manc:v1.2.1 260817	TBD (MANC:26039)
VFB_jrcv0k3j	intermediate tract of dorsal cervical fasciculus - commissure of fine fibers	doi:10.1101/2023.06.05.543757	fasciculates_with	manc:v1.2.1 260817	TBD (MANC:26047)
VFB_jrcv0k3s	dorsal lateral tract of ventral cervical fasciculus	doi:10.1101/2023.06.05.543757	fasciculates_with	manc:v1.2.1 260817	AN10B015_T2_L (MANC:26056)
VFB_jrcv0k4f	dorsal lateral tract of ventral cervical fasciculus	doi:10.1101/2023.06.05.543757	fasciculates_with	manc:v1.2.1 260817	AN10B017_T2_R (MANC:26079)
VFB_jrcv0k4l	dorsal median tract of dorsal cervical fasciculus	doi:10.1101/2023.06.05.543757	fasciculates_with	manc:v1.2.1 260817	SApp04_ADMN_R (MANC:26085)
VFB_jrcv0k4p	intermediate tract of dorsal cervical fasciculus - commissure of fine fibers	doi:10.1101/2023.06.05.543757	fasciculates_with	manc:v1.2.1 260817	TBD (MANC:26089)
VFB_jrcv0k5c	dorsal lateral tract of ventral cervical fasciculus	doi:10.1101/2023.06.05.543757	fasciculates_with	manc:v1.2.1 260817	AN12B023_T1_L (MANC:26112)
VFB_jrcv0k5e	intermediate tract of dorsal cervical fasciculus - commissure of fine fibers	doi:10.1101/2023.06.05.543757	fasciculates_with	manc:v1.2.1 260817	AN06A047_T1_R (MANC:26114)
VFB_jrcv0k5y	dorsal median tract of dorsal cervical fasciculus	doi:10.1101/2023.06.05.543757	fasciculates_with	manc:v1.2.1 260817	SApp24_DMetaN_R (MANC:26134)
VFB_jrcv0k6c	intermediate tract of dorsal cervical fasciculus - commissure of fine fibers	doi:10.1101/2023.06.05.543757	fasciculates_with	manc:v1.2.1 260817	TBD (MANC:26148)
VFB_jrcv0k6n	dorsal lateral tract of dorsal cervical fasciculus	doi:10.1101/2023.06.05.543757	fasciculates_with	manc:v1.2.1 260817	TBD (MANC:26159)
VFB_jrcv0k6p	dorsal lateral tract of ventral cervical fasciculus	doi:10.1101/2023.06.05.543757	fasciculates_with	manc:v1.2.1 260817	AN10B015_T2_L (MANC:26161)
VFB_jrcv0k6q	dorsal median tract of dorsal cervical fasciculus	doi:10.1101/2023.06.05.543757	fasciculates_with	manc:v1.2.1 260817	SApp04_ADMN_R (MANC:26162)
VFB_jrcv0k75	intermediate tract of dorsal cervical fasciculus - commissure of fine fibers	doi:10.1101/2023.06.05.543757	fasciculates_with	manc:v1.2.1 260817	AN16X047_T1_R (MANC:26177)
VFB_jrcv0k76	intermediate tract of dorsal cervical fasciculus - commissure of fine fibers	doi:10.1101/2023.06.05.543757	fasciculates_with	manc:v1.2.1 260817	TBD (MANC:26178)
VFB_jrcv0k7h	dorsal median tract of dorsal cervical fasciculus	doi:10.1101/2023.06.05.543757	fasciculates_with	manc:v1.2.1 260817	TBD (MANC:26189)
VFB_jrcv0k7n	dorsal lateral tract of ventral cervical fasciculus	doi:10.1101/2023.06.05.543757	fasciculates_with	manc:v1.2.1 260817	AN10B005_T3_R (MANC:26195)
VFB_jrcv0k7q	intermediate tract of dorsal cervical fasciculus - commissure of fine fibers	doi:10.1101/2023.06.05.543757	fasciculates_with	manc:v1.2.1 260817	AN06A066_T1_R (MANC:26198)
VFB_jrcv0k81	intermediate tract of dorsal cervical fasciculus - commissure of fine fibers	doi:10.1101/2023.06.05.543757	fasciculates_with	manc:v1.2.1 260817	TBD (MANC:26209)
VFB_jrcv0k8j	dorsal lateral tract of ventral cervical fasciculus	doi:10.1101/2023.06.05.543757	fasciculates_with	manc:v1.2.1 260817	AN01B003_T1_L (MANC:26227)
VFB_jrcv0k8l	dorsal lateral tract of ventral cervical fasciculus	doi:10.1101/2023.06.05.543757	fasciculates_with	manc:v1.2.1 260817	AN10B017_T3_L (MANC:26229)
VFB_jrcv0k8p	intermediate tract of dorsal cervical fasciculus - commissure of fine fibers	doi:10.1101/2023.06.05.543757	fasciculates_with	manc:v1.2.1 260817	AN06A066_T1_R (MANC:26233)
VFB_jrcv0k8t	dorsal median tract of dorsal cervical fasciculus	doi:10.1101/2023.06.05.543757	fasciculates_with	manc:v1.2.1 260817	SApp26_DMetaN_R (MANC:26237)
VFB_jrcv0k8y	dorsal median tract of dorsal cervical fasciculus	doi:10.1101/2023.06.05.543757	fasciculates_with	manc:v1.2.1 260817	TBD (MANC:26242)
VFB_jrcv0k97	intermediate tract of dorsal cervical fasciculus - commissure of fine fibers	doi:10.1101/2023.06.05.543757	fasciculates_with	manc:v1.2.1 260817	TBD (MANC:26251)
VFB_jrcv0k9d	dorsal median tract of dorsal cervical fasciculus	doi:10.1101/2023.06.05.543757	fasciculates_with	manc:v1.2.1 260817	AN07B081_T1_R (MANC:26257)
VFB_jrcv0k9l	intermediate tract of dorsal cervical fasciculus - commissure of fine fibers	doi:10.1101/2023.06.05.543757	fasciculates_with	manc:v1.2.1 260817	AN06A058_T1_R (MANC:26265)
VFB_jrcv0k9r	dorsal lateral tract of ventral cervical fasciculus	doi:10.1101/2023.06.05.543757	fasciculates_with	manc:v1.2.1 260817	AN08B010_A2_R (MANC:26271)
VFB_jrcv0ka5	intermediate tract of dorsal cervical fasciculus - commissure of fine fibers	doi:10.1101/2023.06.05.543757	fasciculates_with	manc:v1.2.1 260817	TBD (MANC:26285)
VFB_jrcv0ka8	dorsal median tract of dorsal cervical fasciculus	doi:10.1101/2023.06.05.543757	fasciculates_with	manc:v1.2.1 260817	TBD (MANC:26288)
VFB_jrcv0kag	dorsal median tract of dorsal cervical fasciculus	doi:10.1101/2023.06.05.543757	fasciculates_with	manc:v1.2.1 260817	TBD (MANC:26296)
VFB_jrcv0kb2	ventral lateral tract of ventral cervical fasciculus	doi:10.1101/2023.06.05.543757	fasciculates_with	manc:v1.2.1 260817	TBD (MANC:26318)
VFB_jrcv0kb5	dorsal median tract of dorsal cervical fasciculus	doi:10.1101/2023.06.05.543757	fasciculates_with	manc:v1.2.1 260817	TBD (MANC:26321)
VFB_jrcv0kbe	dorsal lateral tract of ventral cervical fasciculus	doi:10.1101/2023.06.05.543757	fasciculates_with	manc:v1.2.1 260817	AN10B012_T2_R (MANC:26330)
VFB_jrcv0kbl	intermediate tract of dorsal cervical fasciculus - commissure of fine fibers	doi:10.1101/2023.06.05.543757	fasciculates_with	manc:v1.2.1 260817	TBD (MANC:26337)
VFB_jrcv0kbn	dorsal lateral tract of ventral cervical fasciculus	doi:10.1101/2023.06.05.543757	fasciculates_with	manc:v1.2.1 260817	SApp40_MetaLN_R (MANC:26339)
VFB_jrcv0kc1	dorsal median tract of dorsal cervical fasciculus	doi:10.1101/2023.06.05.543757	fasciculates_with	manc:v1.2.1 260817	SApp04_ADMN_R (MANC:26353)
VFB_jrcv0kc7	dorsal median tract of dorsal cervical fasciculus	doi:10.1101/2023.06.05.543757	fasciculates_with	manc:v1.2.1 260817	AN07B067_T1_R (MANC:26359)
VFB_jrcv0kca	dorsal median tract of dorsal cervical fasciculus	doi:10.1101/2023.06.05.543757	fasciculates_with	manc:v1.2.1 260817	TBD (MANC:26362)
VFB_jrcv0kcc	ventral median tract of ventral cervical fasciculus	doi:10.1101/2023.06.05.543757	fasciculates_with	manc:v1.2.1 260817	SAxx23_MetaLN_L (MANC:26364)
VFB_jrcv0kcp	intermediate tract of dorsal cervical fasciculus - commissure of fine fibers	doi:10.1101/2023.06.05.543757	fasciculates_with	manc:v1.2.1 260817	TBD (MANC:26377)
VFB_jrcv0kct	dorsal median tract of dorsal cervical fasciculus	doi:10.1101/2023.06.05.543757	fasciculates_with	manc:v1.2.1 260817	AN18B019_T2_R (MANC:26381)
VFB_jrcv0kcz	intermediate tract of dorsal cervical fasciculus - commissure of fine fibers	doi:10.1101/2023.06.05.543757	fasciculates_with	manc:v1.2.1 260817	AN07B077_A1_L (MANC:26387)
VFB_jrcv0kd3	intermediate tract of dorsal cervical fasciculus - commissure of fine fibers	doi:10.1101/2023.06.05.543757	fasciculates_with	manc:v1.2.1 260817	TBD (MANC:26391)
VFB_jrcv0kde	dorsal lateral tract of ventral cervical fasciculus	doi:10.1101/2023.06.05.543757	fasciculates_with	manc:v1.2.1 260817	AN08B126_T1_R (MANC:26402)
VFB_jrcv0kdt	dorsal lateral tract of ventral cervical fasciculus	doi:10.1101/2023.06.05.543757	fasciculates_with	manc:v1.2.1 260817	AN10B017_T2_L (MANC:26417)
VFB_jrcv0ke4	dorsal median tract of dorsal cervical fasciculus	doi:10.1101/2023.06.05.543757	fasciculates_with	manc:v1.2.1 260817	SAppxx_DMetaN_R (MANC:26428)
VFB_jrcv0ke8	dorsal lateral tract of ventral cervical fasciculus	doi:10.1101/2023.06.05.543757	fasciculates_with	manc:v1.2.1 260817	AN10B012_T2_R (MANC:26432)
VFB_jrcv0keo	ventral median tract of ventral cervical fasciculus	doi:10.1101/2023.06.05.543757	fasciculates_with	manc:v1.2.1 260817	TBD (MANC:26448)
VFB_jrcv0kf2	dorsal median tract of dorsal cervical fasciculus	doi:10.1101/2023.06.05.543757	fasciculates_with	manc:v1.2.1 260817	TBD (MANC:26462)
VFB_jrcv0kf4	dorsal median tract of dorsal cervical fasciculus	doi:10.1101/2023.06.05.543757	fasciculates_with	manc:v1.2.1 260817	TBD (MANC:26464)
VFB_jrcv0kf7	intermediate tract of dorsal cervical fasciculus - commissure of fine fibers	doi:10.1101/2023.06.05.543757	fasciculates_with	manc:v1.2.1 260817	TBD (MANC:26467)
VFB_jrcv0kfn	dorsal lateral tract of ventral cervical fasciculus	doi:10.1101/2023.06.05.543757	fasciculates_with	manc:v1.2.1 260817	AN10B015_T2_L (MANC:26483)
VFB_jrcv0kg5	intermediate tract of dorsal cervical fasciculus - commissure of fine fibers	doi:10.1101/2023.06.05.543757	fasciculates_with	manc:v1.2.1 260817	AN06B020_T1_L (MANC:26501)
VFB_jrcv0kgl	dorsal median tract of dorsal cervical fasciculus	doi:10.1101/2023.06.05.543757	fasciculates_with	manc:v1.2.1 260817	TBD (MANC:26517)
VFB_jrcv0kgt	dorsal median tract of dorsal cervical fasciculus	doi:10.1101/2023.06.05.543757	fasciculates_with	manc:v1.2.1 260817	SApp21_DMetaN_R (MANC:26525)
VFB_jrcv0kh8	dorsal lateral tract of ventral cervical fasciculus	doi:10.1101/2023.06.05.543757	fasciculates_with	manc:v1.2.1 260817	AN10B008_T1_L (MANC:26540)
VFB_jrcv0kha	ventral median tract of ventral cervical fasciculus	doi:10.1101/2023.06.05.543757	fasciculates_with	manc:v1.2.1 260817	SAxx23_MetaLN_L (MANC:26542)
VFB_jrcv0ki3	intermediate tract of dorsal cervical fasciculus - commissure of fine fibers	doi:10.1101/2023.06.05.543757	fasciculates_with	manc:v1.2.1 260817	TBD (MANC:26571)
VFB_jrcv0ki6	dorsal lateral tract of dorsal cervical fasciculus	doi:10.1101/2023.06.05.543757	fasciculates_with	manc:v1.2.1 260817	TBD (MANC:26574)
VFB_jrcv0ki9	dorsal lateral tract of ventral cervical fasciculus	doi:10.1101/2023.06.05.543757	fasciculates_with	manc:v1.2.1 260817	AN10B010_T2_L (MANC:26577)
VFB_jrcv0kig	intermediate tract of dorsal cervical fasciculus - commissure of fine fibers	doi:10.1101/2023.06.05.543757	fasciculates_with	manc:v1.2.1 260817	AN06A066_T1_R (MANC:26584)
VFB_jrcv0kij	intermediate tract of dorsal cervical fasciculus - commissure of fine fibers	doi:10.1101/2023.06.05.543757	fasciculates_with	manc:v1.2.1 260817	TBD (MANC:26587)
VFB_jrcv0kiz	ventral median tract of ventral cervical fasciculus	doi:10.1101/2023.06.05.543757	fasciculates_with	manc:v1.2.1 260817	TBD (MANC:26603)
VFB_jrcv0kjm	intermediate tract of dorsal cervical fasciculus - commissure of fine fibers	doi:10.1101/2023.06.05.543757	fasciculates_with	manc:v1.2.1 260817	TBD (MANC:26626)
VFB_jrcv0kkm	intermediate tract of dorsal cervical fasciculus - commissure of fine fibers	doi:10.1101/2023.06.05.543757	fasciculates_with	manc:v1.2.1 260817	TBD (MANC:26662)
VFB_jrcv0kkx	dorsal lateral tract of ventral cervical fasciculus	doi:10.1101/2023.06.05.543757	fasciculates_with	manc:v1.2.1 260817	AN08B114_T1_R (MANC:26673)
VFB_jrcv0kld	dorsal median tract of dorsal cervical fasciculus	doi:10.1101/2023.06.05.543757	fasciculates_with	manc:v1.2.1 260817	SAppxx_DMetaN_R (MANC:26689)
VFB_jrcv0kld	dorsal median tract of dorsal cervical fasciculus	doi:10.1101/2023.06.05.543757	fasciculates_with	manc:v1.2.1 260817	SAppxx_DMetaN_R (MANC:26689)
VFB_jrcv0klm	ventral median tract of ventral cervical fasciculus	doi:10.1101/2023.06.05.543757	fasciculates_with	manc:v1.2.1 260817	AN09B037_T3_L (MANC:26698)
VFB_jrcv0klt	dorsal lateral tract of ventral cervical fasciculus	doi:10.1101/2023.06.05.543757	fasciculates_with	manc:v1.2.1 260817	AN10B017_T3_R (MANC:26705)
VFB_jrcv0km1	dorsal median tract of dorsal cervical fasciculus	doi:10.1101/2023.06.05.543757	fasciculates_with	manc:v1.2.1 260817	TBD (MANC:26713)
VFB_jrcv0kmj	dorsal median tract of dorsal cervical fasciculus	doi:10.1101/2023.06.05.543757	fasciculates_with	manc:v1.2.1 260817	AN07B081_T1_L (MANC:26731)
VFB_jrcv0kmw	dorsal median tract of dorsal cervical fasciculus	doi:10.1101/2023.06.05.543757	fasciculates_with	manc:v1.2.1 260817	TBD (MANC:26744)
VFB_jrcv0knf	ventral median tract of ventral cervical fasciculus	doi:10.1101/2023.06.05.543757	fasciculates_with	manc:v1.2.1 260817	TBD (MANC:26763)
VFB_jrcv0knj	median dorsal abdominal tract	doi:10.1101/2023.06.05.543757	fasciculates_with	manc:v1.2.1 260817	TBD (MANC:26767)
VFB_jrcv0koh	intermediate tract of dorsal cervical fasciculus - commissure of fine fibers	doi:10.1101/2023.06.05.543757	fasciculates_with	manc:v1.2.1 260817	AN07B077_A1_L (MANC:26801)
VFB_jrcv0koz	intermediate tract of dorsal cervical fasciculus - commissure of fine fibers	doi:10.1101/2023.06.05.543757	fasciculates_with	manc:v1.2.1 260817	AN07B066_T3_L (MANC:26819)
VFB_jrcv0kpe	dorsal lateral tract of ventral cervical fasciculus	doi:10.1101/2023.06.05.543757	fasciculates_with	manc:v1.2.1 260817	AN10B008_T2_R (MANC:26834)
VFB_jrcv0kpi	intermediate tract of dorsal cervical fasciculus - commissure of fine fibers	doi:10.1101/2023.06.05.543757	fasciculates_with	manc:v1.2.1 260817	TBD (MANC:26838)
VFB_jrcv0kpl	dorsal median tract of dorsal cervical fasciculus	doi:10.1101/2023.06.05.543757	fasciculates_with	manc:v1.2.1 260817	AN07B079_T1_R (MANC:26841)
VFB_jrcv0kpq	ventral median tract of ventral cervical fasciculus	doi:10.1101/2023.06.05.543757	fasciculates_with	manc:v1.2.1 260817	TBD (MANC:26846)
VFB_jrcv0kpu	dorsal median tract of dorsal cervical fasciculus	doi:10.1101/2023.06.05.543757	fasciculates_with	manc:v1.2.1 260817	TBD (MANC:26850)
VFB_jrcv0kqu	dorsal lateral tract of ventral cervical fasciculus	doi:10.1101/2023.06.05.543757	fasciculates_with	manc:v1.2.1 260817	AN10B017_T2_L (MANC:26886)
VFB_jrcv0krd	dorsal lateral tract of ventral cervical fasciculus	doi:10.1101/2023.06.05.543757	fasciculates_with	manc:v1.2.1 260817	AN10B015_T1_R (MANC:26905)
VFB_jrcv0krf	intermediate tract of dorsal cervical fasciculus - commissure of fine fibers	doi:10.1101/2023.06.05.543757	fasciculates_with	manc:v1.2.1 260817	AN07B077_A1_R (MANC:26907)
VFB_jrcv0krq	intermediate tract of dorsal cervical fasciculus - commissure of fine fibers	doi:10.1101/2023.06.05.543757	fasciculates_with	manc:v1.2.1 260817	AN19B089_T3_L (MANC:26918)
VFB_jrcv0krt	dorsal median tract of dorsal cervical fasciculus	doi:10.1101/2023.06.05.543757	fasciculates_with	manc:v1.2.1 260817	AN07B067_T1_L (MANC:26921)
VFB_jrcv0kry	dorsal lateral tract of dorsal cervical fasciculus	doi:10.1101/2023.06.05.543757	fasciculates_with	manc:v1.2.1 260817	TBD (MANC:26926)
VFB_jrcv0ks7	dorsal median tract of dorsal cervical fasciculus	doi:10.1101/2023.06.05.543757	fasciculates_with	manc:v1.2.1 260817	SApp26_DMetaN_R (MANC:26935)
VFB_jrcv0ks8	ventral median tract of ventral cervical fasciculus	doi:10.1101/2023.06.05.543757	fasciculates_with	manc:v1.2.1 260817	SAxx23_MesoLN_R (MANC:26936)
VFB_jrcv0ksb	dorsal median tract of dorsal cervical fasciculus	doi:10.1101/2023.06.05.543757	fasciculates_with	manc:v1.2.1 260817	TBD (MANC:26939)
VFB_jrcv0kse	ventral median tract of ventral cervical fasciculus	doi:10.1101/2023.06.05.543757	fasciculates_with	manc:v1.2.1 260817	SAxx23_MesoLN_L (MANC:26942)
VFB_jrcv0ksi	dorsal lateral tract of ventral cervical fasciculus	doi:10.1101/2023.06.05.543757	fasciculates_with	manc:v1.2.1 260817	AN08B133_T1_L (MANC:26946)
VFB_jrcv0ktb	dorsal median tract of dorsal cervical fasciculus	doi:10.1101/2023.06.05.543757	fasciculates_with	manc:v1.2.1 260817	SAppxx_DMetaN_R (MANC:26975)
VFB_jrcv0ktf	dorsal median tract of dorsal cervical fasciculus	doi:10.1101/2023.06.05.543757	fasciculates_with	manc:v1.2.1 260817	TBD (MANC:26979)
VFB_jrcv0ktr	intermediate tract of dorsal cervical fasciculus - commissure of fine fibers	doi:10.1101/2023.06.05.543757	fasciculates_with	manc:v1.2.1 260817	TBD (MANC:26991)
VFB_jrcv0ktu	intermediate tract of dorsal cervical fasciculus - commissure of fine fibers	doi:10.1101/2023.06.05.543757	fasciculates_with	manc:v1.2.1 260817	TBD (MANC:26994)
VFB_jrcv0kub	ventral median tract of ventral cervical fasciculus	doi:10.1101/2023.06.05.543757	fasciculates_with	manc:v1.2.1 260817	TBD (MANC:27011)
VFB_jrcv0kun	intermediate tract of dorsal cervical fasciculus - commissure of fine fibers	doi:10.1101/2023.06.05.543757	fasciculates_with	manc:v1.2.1 260817	AN07B066_T3_R (MANC:27023)
VFB_jrcv0kuy	dorsal median tract of dorsal cervical fasciculus	doi:10.1101/2023.06.05.543757	fasciculates_with	manc:v1.2.1 260817	AN07B067_T1_R (MANC:27034)
VFB_jrcv0kv3	median dorsal abdominal tract	doi:10.1101/2023.06.05.543757	fasciculates_with	manc:v1.2.1 260817	TBD (MANC:27039)
VFB_jrcv0kva	dorsal lateral tract of ventral cervical fasciculus	doi:10.1101/2023.06.05.543757	fasciculates_with	manc:v1.2.1 260817	AN12B023_T1_R (MANC:27046)
VFB_jrcv0kve	dorsal lateral tract of ventral cervical fasciculus	doi:10.1101/2023.06.05.543757	fasciculates_with	manc:v1.2.1 260817	AN10B008_T3_R (MANC:27050)
VFB_jrcv0kvn	ventral median tract of ventral cervical fasciculus	doi:10.1101/2023.06.05.543757	fasciculates_with	manc:v1.2.1 260817	AN01A084_T1_R (MANC:27059)
VFB_jrcv0kvo	dorsal lateral tract of ventral cervical fasciculus	doi:10.1101/2023.06.05.543757	fasciculates_with	manc:v1.2.1 260817	AN10B010_T3_L (MANC:27060)
VFB_jrcv0kvz	dorsal lateral tract of ventral cervical fasciculus	doi:10.1101/2023.06.05.543757	fasciculates_with	manc:v1.2.1 260817	AN10B008_T3_L (MANC:27071)
VFB_jrcv0kwp	dorsal median tract of dorsal cervical fasciculus	doi:10.1101/2023.06.05.543757	fasciculates_with	manc:v1.2.1 260817	TBD (MANC:27097)
VFB_jrcv0kwq	intermediate tract of dorsal cervical fasciculus - commissure of fine fibers	doi:10.1101/2023.06.05.543757	fasciculates_with	manc:v1.2.1 260817	TBD (MANC:27098)
VFB_jrcv0kwt	dorsal lateral tract of ventral cervical fasciculus	doi:10.1101/2023.06.05.543757	fasciculates_with	manc:v1.2.1 260817	AN10B012_T3_R (MANC:27101)
VFB_jrcv0kx5	dorsal lateral tract of ventral cervical fasciculus	doi:10.1101/2023.06.05.543757	fasciculates_with	manc:v1.2.1 260817	AN10B008_T1_L (MANC:27113)
VFB_jrcv0kxb	intermediate tract of dorsal cervical fasciculus - commissure of fine fibers	doi:10.1101/2023.06.05.543757	fasciculates_with	manc:v1.2.1 260817	TBD (MANC:27119)
VFB_jrcv0kxh	dorsal lateral tract of ventral cervical fasciculus	doi:10.1101/2023.06.05.543757	fasciculates_with	manc:v1.2.1 260817	TBD (MANC:27125)
VFB_jrcv0kxl	dorsal lateral tract of ventral cervical fasciculus	doi:10.1101/2023.06.05.543757	fasciculates_with	manc:v1.2.1 260817	AN10B015_T3_L (MANC:27129)
VFB_jrcv0kxp	intermediate tract of dorsal cervical fasciculus - commissure of fine fibers	doi:10.1101/2023.06.05.543757	fasciculates_with	manc:v1.2.1 260817	AN07B077_A1_L (MANC:27133)
VFB_jrcv0ky8	dorsal median tract of dorsal cervical fasciculus	doi:10.1101/2023.06.05.543757	fasciculates_with	manc:v1.2.1 260817	TBD (MANC:27152)
VFB_jrcv0ky9	intermediate tract of dorsal cervical fasciculus - commissure of fine fibers	doi:10.1101/2023.06.05.543757	fasciculates_with	manc:v1.2.1 260817	AN16X047_T1_R (MANC:27153)
VFB_jrcv0kym	dorsal lateral tract of ventral cervical fasciculus	doi:10.1101/2023.06.05.543757	fasciculates_with	manc:v1.2.1 260817	SApp40_MetaLN_L (MANC:27166)
VFB_jrcv0kyu	dorsal median tract of dorsal cervical fasciculus	doi:10.1101/2023.06.05.543757	fasciculates_with	manc:v1.2.1 260817	TBD (MANC:27174)
VFB_jrcv0kzj	intermediate tract of dorsal cervical fasciculus - commissure of fine fibers	doi:10.1101/2023.06.05.543757	fasciculates_with	manc:v1.2.1 260817	AN06A047_T1_L (MANC:27199)
VFB_jrcv0kzr	dorsal median tract of dorsal cervical fasciculus	doi:10.1101/2023.06.05.543757	fasciculates_with	manc:v1.2.1 260817	TBD (MANC:27207)
VFB_jrcv0kzs	dorsal lateral tract of ventral cervical fasciculus	doi:10.1101/2023.06.05.543757	fasciculates_with	manc:v1.2.1 260817	AN10B010_T1_L (MANC:27208)
VFB_jrcv0l04	dorsal lateral tract of ventral cervical fasciculus	doi:10.1101/2023.06.05.543757	fasciculates_with	manc:v1.2.1 260817	AN08B127_T1_R (MANC:27220)
VFB_jrcv0l0c	dorsal lateral tract of ventral cervical fasciculus	doi:10.1101/2023.06.05.543757	fasciculates_with	manc:v1.2.1 260817	AN08B130_T1_R (MANC:27228)
VFB_jrcv0l0r	intermediate tract of dorsal cervical fasciculus - commissure of fine fibers	doi:10.1101/2023.06.05.543757	fasciculates_with	manc:v1.2.1 260817	SApp17_PrN_L (MANC:27243)
VFB_jrcv0l10	intermediate tract of dorsal cervical fasciculus - commissure of fine fibers	doi:10.1101/2023.06.05.543757	fasciculates_with	manc:v1.2.1 260817	TBD (MANC:27252)
VFB_jrcv0l1q	dorsal median tract of dorsal cervical fasciculus	doi:10.1101/2023.06.05.543757	fasciculates_with	manc:v1.2.1 260817	SApp21_DMetaN_R (MANC:27278)
VFB_jrcv0l1r	dorsal lateral tract of ventral cervical fasciculus	doi:10.1101/2023.06.05.543757	fasciculates_with	manc:v1.2.1 260817	TBD (MANC:27279)
VFB_jrcv0l2a	dorsal lateral tract of ventral cervical fasciculus	doi:10.1101/2023.06.05.543757	fasciculates_with	manc:v1.2.1 260817	AN10B010_T1_L (MANC:27298)
VFB_jrcv0l2o	dorsal median tract of dorsal cervical fasciculus	doi:10.1101/2023.06.05.543757	fasciculates_with	manc:v1.2.1 260817	SApp26_DMetaN_R (MANC:27312)
VFB_jrcv0l3e	intermediate tract of dorsal cervical fasciculus - commissure of fine fibers	doi:10.1101/2023.06.05.543757	fasciculates_with	manc:v1.2.1 260817	TBD (MANC:27338)
VFB_jrcv0l3q	dorsal lateral tract of dorsal cervical fasciculus	doi:10.1101/2023.06.05.543757	fasciculates_with	manc:v1.2.1 260817	TBD (MANC:27350)
VFB_jrcv0l3y	dorsal median tract of dorsal cervical fasciculus	doi:10.1101/2023.06.05.543757	fasciculates_with	manc:v1.2.1 260817	TBD (MANC:27358)
VFB_jrcv0l3z	ventral median tract of ventral cervical fasciculus	doi:10.1101/2023.06.05.543757	fasciculates_with	manc:v1.2.1 260817	TBD (MANC:27359)
VFB_jrcv0l40	dorsal median tract of dorsal cervical fasciculus	doi:10.1101/2023.06.05.543757	fasciculates_with	manc:v1.2.1 260817	SAppxx_DMetaN_L (MANC:27360)
VFB_jrcv0l41	dorsal median tract of dorsal cervical fasciculus	doi:10.1101/2023.06.05.543757	fasciculates_with	manc:v1.2.1 260817	TBD (MANC:27361)
VFB_jrcv0l4b	dorsal median tract of dorsal cervical fasciculus	doi:10.1101/2023.06.05.543757	fasciculates_with	manc:v1.2.1 260817	TBD (MANC:27371)
VFB_jrcv0l4l	intermediate tract of dorsal cervical fasciculus - commissure of fine fibers	doi:10.1101/2023.06.05.543757	fasciculates_with	manc:v1.2.1 260817	AN19B085_T3_R (MANC:27381)
VFB_jrcv0l4n	intermediate tract of dorsal cervical fasciculus - commissure of fine fibers	doi:10.1101/2023.06.05.543757	fasciculates_with	manc:v1.2.1 260817	AN19B089_T3_L (MANC:27383)
VFB_jrcv0l4z	intermediate tract of dorsal cervical fasciculus - commissure of fine fibers	doi:10.1101/2023.06.05.543757	fasciculates_with	manc:v1.2.1 260817	AN19B084_T3_R (MANC:27395)
VFB_jrcv0l53	dorsal lateral tract of ventral cervical fasciculus	doi:10.1101/2023.06.05.543757	fasciculates_with	manc:v1.2.1 260817	AN12B023_T1_R (MANC:27399)
VFB_jrcv0l5f	dorsal median tract of dorsal cervical fasciculus	doi:10.1101/2023.06.05.543757	fasciculates_with	manc:v1.2.1 260817	AN07B064_T1_L (MANC:27411)
VFB_jrcv0l5q	dorsal lateral tract of ventral cervical fasciculus	doi:10.1101/2023.06.05.543757	fasciculates_with	manc:v1.2.1 260817	AN10B015_T3_R (MANC:27422)
VFB_jrcv0l6c	dorsal lateral tract of ventral cervical fasciculus	doi:10.1101/2023.06.05.543757	fasciculates_with	manc:v1.2.1 260817	AN08B132_T1_L (MANC:27444)
VFB_jrcv0l6g	intermediate tract of dorsal cervical fasciculus - commissure of fine fibers	doi:10.1101/2023.06.05.543757	fasciculates_with	manc:v1.2.1 260817	TBD (MANC:27448)
VFB_jrcv0l6i	dorsal median tract of dorsal cervical fasciculus	doi:10.1101/2023.06.05.543757	fasciculates_with	manc:v1.2.1 260817	TBD (MANC:27450)
VFB_jrcv0l6n	dorsal median tract of dorsal cervical fasciculus	doi:10.1101/2023.06.05.543757	fasciculates_with	manc:v1.2.1 260817	SApp30_DMetaN_L (MANC:27455)
VFB_jrcv0l6x	dorsal lateral tract of ventral cervical fasciculus	doi:10.1101/2023.06.05.543757	fasciculates_with	manc:v1.2.1 260817	AN10B008_T3_R (MANC:27465)
VFB_jrcv0l70	dorsal lateral tract of ventral cervical fasciculus	doi:10.1101/2023.06.05.543757	fasciculates_with	manc:v1.2.1 260817	AN08B133_T1_L (MANC:27468)
VFB_jrcv0l7e	dorsal median tract of dorsal cervical fasciculus	doi:10.1101/2023.06.05.543757	fasciculates_with	manc:v1.2.1 260817	TBD (MANC:27482)
VFB_jrcv0l7z	dorsal lateral tract of ventral cervical fasciculus	doi:10.1101/2023.06.05.543757	fasciculates_with	manc:v1.2.1 260817	SApp40_MetaLN_R (MANC:27503)
VFB_jrcv0l8c	dorsal median tract of dorsal cervical fasciculus	doi:10.1101/2023.06.05.543757	fasciculates_with	manc:v1.2.1 260817	TBD (MANC:27516)
VFB_jrcv0l8k	ventral median tract of ventral cervical fasciculus	doi:10.1101/2023.06.05.543757	fasciculates_with	manc:v1.2.1 260817	TBD (MANC:27524)
VFB_jrcv0l8u	intermediate tract of dorsal cervical fasciculus - commissure of fine fibers	doi:10.1101/2023.06.05.543757	fasciculates_with	manc:v1.2.1 260817	TBD (MANC:27534)
VFB_jrcv0l98	dorsal median tract of dorsal cervical fasciculus	doi:10.1101/2023.06.05.543757	fasciculates_with	manc:v1.2.1 260817	SApp21_DMetaN_L (MANC:27548)
VFB_jrcv0l9e	ventral median tract of ventral cervical fasciculus	doi:10.1101/2023.06.05.543757	fasciculates_with	manc:v1.2.1 260817	TBD (MANC:27554)
VFB_jrcv0l9x	dorsal lateral tract of ventral cervical fasciculus	doi:10.1101/2023.06.05.543757	fasciculates_with	manc:v1.2.1 260817	SApp40_MetaLN_L (MANC:27573)
VFB_jrcv0la3	dorsal median tract of dorsal cervical fasciculus	doi:10.1101/2023.06.05.543757	fasciculates_with	manc:v1.2.1 260817	AN07B067_T1_L (MANC:27579)
VFB_jrcv0la9	dorsal lateral tract of ventral cervical fasciculus	doi:10.1101/2023.06.05.543757	fasciculates_with	manc:v1.2.1 260817	AN10B010_T3_R (MANC:27585)
VFB_jrcv0lba	dorsal median tract of dorsal cervical fasciculus	doi:10.1101/2023.06.05.543757	fasciculates_with	manc:v1.2.1 260817	TBD (MANC:27622)
VFB_jrcv0lbc	intermediate tract of dorsal cervical fasciculus - commissure of fine fibers	doi:10.1101/2023.06.05.543757	fasciculates_with	manc:v1.2.1 260817	TBD (MANC:27624)
VFB_jrcv0lbs	intermediate tract of dorsal cervical fasciculus - commissure of fine fibers	doi:10.1101/2023.06.05.543757	fasciculates_with	manc:v1.2.1 260817	TBD (MANC:27640)
VFB_jrcv0lbv	dorsal lateral tract of ventral cervical fasciculus	doi:10.1101/2023.06.05.543757	fasciculates_with	manc:v1.2.1 260817	AN10B012_T1_L (MANC:27643)
VFB_jrcv0lc6	dorsal median tract of dorsal cervical fasciculus	doi:10.1101/2023.06.05.543757	fasciculates_with	manc:v1.2.1 260817	AN07B067_T1_R (MANC:27654)
VFB_jrcv0lcf	dorsal median tract of dorsal cervical fasciculus	doi:10.1101/2023.06.05.543757	fasciculates_with	manc:v1.2.1 260817	TBD (MANC:27663)
VFB_jrcv0lcj	dorsal median tract of dorsal cervical fasciculus	doi:10.1101/2023.06.05.543757	fasciculates_with	manc:v1.2.1 260817	SApp21_DMetaN_L (MANC:27667)
VFB_jrcv0lcw	dorsal lateral tract of ventral cervical fasciculus	doi:10.1101/2023.06.05.543757	fasciculates_with	manc:v1.2.1 260817	AN10B010_T3_L (MANC:27680)
VFB_jrcv0ldn	dorsal lateral tract of ventral cervical fasciculus	doi:10.1101/2023.06.05.543757	fasciculates_with	manc:v1.2.1 260817	AN10B017_T1_R (MANC:27707)
VFB_jrcv0ldv	ventral median tract of ventral cervical fasciculus	doi:10.1101/2023.06.05.543757	fasciculates_with	manc:v1.2.1 260817	TBD (MANC:27715)
VFB_jrcv0le3	dorsal median tract of dorsal cervical fasciculus	doi:10.1101/2023.06.05.543757	fasciculates_with	manc:v1.2.1 260817	TBD (MANC:27723)
VFB_jrcv0le4	intermediate tract of dorsal cervical fasciculus - commissure of fine fibers	doi:10.1101/2023.06.05.543757	fasciculates_with	manc:v1.2.1 260817	TBD (MANC:27724)
VFB_jrcv0leh	intermediate tract of dorsal cervical fasciculus - commissure of fine fibers	doi:10.1101/2023.06.05.543757	fasciculates_with	manc:v1.2.1 260817	TBD (MANC:27737)
VFB_jrcv0lex	dorsal median tract of dorsal cervical fasciculus	doi:10.1101/2023.06.05.543757	fasciculates_with	manc:v1.2.1 260817	AN07B084_T1_L (MANC:27753)
VFB_jrcv0lf7	dorsal median tract of dorsal cervical fasciculus	doi:10.1101/2023.06.05.543757	fasciculates_with	manc:v1.2.1 260817	SAppxx_DMetaN_R (MANC:27763)
VFB_jrcv0lf9	dorsal lateral tract of ventral cervical fasciculus	doi:10.1101/2023.06.05.543757	fasciculates_with	manc:v1.2.1 260817	AN12B023_T1_R (MANC:27765)
VFB_jrcv0lgj	dorsal lateral tract of ventral cervical fasciculus	doi:10.1101/2023.06.05.543757	fasciculates_with	manc:v1.2.1 260817	AN08B116_T1_L (MANC:27811)
VFB_jrcv0lhc	dorsal median tract of dorsal cervical fasciculus	doi:10.1101/2023.06.05.543757	fasciculates_with	manc:v1.2.1 260817	SApp27_DMetaN_R (MANC:27840)
VFB_jrcv0li1	dorsal lateral tract of ventral cervical fasciculus	doi:10.1101/2023.06.05.543757	fasciculates_with	manc:v1.2.1 260817	AN10B015_T2_R (MANC:27865)
VFB_jrcv0lic	ventral median tract of ventral cervical fasciculus	doi:10.1101/2023.06.05.543757	fasciculates_with	manc:v1.2.1 260817	AN05B019_T3_L (MANC:27876)
VFB_jrcv0lid	dorsal median tract of dorsal cervical fasciculus	doi:10.1101/2023.06.05.543757	fasciculates_with	manc:v1.2.1 260817	TBD (MANC:27877)
VFB_jrcv0lim	intermediate tract of dorsal cervical fasciculus - commissure of fine fibers	doi:10.1101/2023.06.05.543757	fasciculates_with	manc:v1.2.1 260817	TBD (MANC:27886)
VFB_jrcv0liz	intermediate tract of dorsal cervical fasciculus - commissure of fine fibers	doi:10.1101/2023.06.05.543757	fasciculates_with	manc:v1.2.1 260817	TBD (MANC:27899)
VFB_jrcv0lj6	intermediate tract of dorsal cervical fasciculus - commissure of fine fibers	doi:10.1101/2023.06.05.543757	fasciculates_with	manc:v1.2.1 260817	TBD (MANC:27906)
VFB_jrcv0lj7	dorsal median tract of dorsal cervical fasciculus	doi:10.1101/2023.06.05.543757	fasciculates_with	manc:v1.2.1 260817	AN07B067_T1_L (MANC:27907)
VFB_jrcv0ljn	median dorsal abdominal tract	doi:10.1101/2023.06.05.543757	fasciculates_with	manc:v1.2.1 260817	SAxx11_AbN4_L (MANC:27923)
VFB_jrcv0ljy	dorsal lateral tract of ventral cervical fasciculus	doi:10.1101/2023.06.05.543757	fasciculates_with	manc:v1.2.1 260817	AN10B012_T2_L (MANC:27934)
VFB_jrcv0ljz	ventral median tract of ventral cervical fasciculus	doi:10.1101/2023.06.05.543757	fasciculates_with	manc:v1.2.1 260817	TBD (MANC:27935)
VFB_jrcv0lka	dorsal lateral tract of ventral cervical fasciculus	doi:10.1101/2023.06.05.543757	fasciculates_with	manc:v1.2.1 260817	AN10B017_T2_R (MANC:27946)
VFB_jrcv0lkd	dorsal median tract of dorsal cervical fasciculus	doi:10.1101/2023.06.05.543757	fasciculates_with	manc:v1.2.1 260817	AN07B084_T1_R (MANC:27949)
VFB_jrcv0lkg	dorsal median tract of dorsal cervical fasciculus	doi:10.1101/2023.06.05.543757	fasciculates_with	manc:v1.2.1 260817	AN07B067_T1_L (MANC:27952)
VFB_jrcv0ll5	dorsal lateral tract of ventral cervical fasciculus	doi:10.1101/2023.06.05.543757	fasciculates_with	manc:v1.2.1 260817	AN12B023_T1_R (MANC:27977)
VFB_jrcv0lli	median dorsal abdominal tract	doi:10.1101/2023.06.05.543757	fasciculates_with	manc:v1.2.1 260817	TBD (MANC:27990)
VFB_jrcv0llm	dorsal lateral tract of ventral cervical fasciculus	doi:10.1101/2023.06.05.543757	fasciculates_with	manc:v1.2.1 260817	AN10B008_T2_L (MANC:27994)
VFB_jrcv0llw	median dorsal abdominal tract	doi:10.1101/2023.06.05.543757	fasciculates_with	manc:v1.2.1 260817	TBD (MANC:28004)
VFB_jrcv0ln4	dorsal median tract of dorsal cervical fasciculus	doi:10.1101/2023.06.05.543757	fasciculates_with	manc:v1.2.1 260817	TBD (MANC:28048)
VFB_jrcv0lnt	dorsal median tract of dorsal cervical fasciculus	doi:10.1101/2023.06.05.543757	fasciculates_with	manc:v1.2.1 260817	TBD (MANC:28073)
VFB_jrcv0lnv	dorsal lateral tract of ventral cervical fasciculus	doi:10.1101/2023.06.05.543757	fasciculates_with	manc:v1.2.1 260817	AN08B132_T1_R (MANC:28075)
VFB_jrcv0lpm	intermediate tract of dorsal cervical fasciculus - commissure of fine fibers	doi:10.1101/2023.06.05.543757	fasciculates_with	manc:v1.2.1 260817	TBD (MANC:28138)
VFB_jrcv0lqb	intermediate tract of dorsal cervical fasciculus - commissure of fine fibers	doi:10.1101/2023.06.05.543757	fasciculates_with	manc:v1.2.1 260817	TBD (MANC:28163)
VFB_jrcv0lqk	dorsal median tract of dorsal cervical fasciculus	doi:10.1101/2023.06.05.543757	fasciculates_with	manc:v1.2.1 260817	TBD (MANC:28172)
VFB_jrcv0lqo	dorsal lateral tract of dorsal cervical fasciculus	doi:10.1101/2023.06.05.543757	fasciculates_with	manc:v1.2.1 260817	TBD (MANC:28176)
VFB_jrcv0lqp	ventral median tract of ventral cervical fasciculus	doi:10.1101/2023.06.05.543757	fasciculates_with	manc:v1.2.1 260817	AN01A051_T1_L (MANC:28177)
VFB_jrcv0lrb	dorsal median tract of dorsal cervical fasciculus	doi:10.1101/2023.06.05.543757	fasciculates_with	manc:v1.2.1 260817	SAppxx_DMetaN_R (MANC:28199)
VFB_jrcv0lrg	dorsal lateral tract of ventral cervical fasciculus	doi:10.1101/2023.06.05.543757	fasciculates_with	manc:v1.2.1 260817	AN10B012_T1_L (MANC:28204)
VFB_jrcv0lro	intermediate tract of dorsal cervical fasciculus - commissure of fine fibers	doi:10.1101/2023.06.05.543757	fasciculates_with	manc:v1.2.1 260817	AN19B089_T3_L (MANC:28212)
VFB_jrcv0ls0	intermediate tract of dorsal cervical fasciculus - commissure of fine fibers	doi:10.1101/2023.06.05.543757	fasciculates_with	manc:v1.2.1 260817	TBD (MANC:28224)
VFB_jrcv0lt3	ventral lateral tract of ventral cervical fasciculus	doi:10.1101/2023.06.05.543757	fasciculates_with	manc:v1.2.1 260817	TBD (MANC:28263)
VFB_jrcv0ltt	dorsal median tract of dorsal cervical fasciculus	doi:10.1101/2023.06.05.543757	fasciculates_with	manc:v1.2.1 260817	AN07B084_T1_R (MANC:28289)
VFB_jrcv0lu1	dorsal lateral tract of ventral cervical fasciculus	doi:10.1101/2023.06.05.543757	fasciculates_with	manc:v1.2.1 260817	AN10B010_T2_L (MANC:28297)
VFB_jrcv0lu7	dorsal median tract of dorsal cervical fasciculus	doi:10.1101/2023.06.05.543757	fasciculates_with	manc:v1.2.1 260817	TBD (MANC:28303)
VFB_jrcv0lub	intermediate tract of dorsal cervical fasciculus - commissure of fine fibers	doi:10.1101/2023.06.05.543757	fasciculates_with	manc:v1.2.1 260817	TBD (MANC:28307)
VFB_jrcv0lug	dorsal lateral tract of ventral cervical fasciculus	doi:10.1101/2023.06.05.543757	fasciculates_with	manc:v1.2.1 260817	AN10B015_T1_R (MANC:28312)
VFB_jrcv0lux	intermediate tract of dorsal cervical fasciculus - commissure of fine fibers	doi:10.1101/2023.06.05.543757	fasciculates_with	manc:v1.2.1 260817	TBD (MANC:28329)
VFB_jrcv0lvi	dorsal median tract of dorsal cervical fasciculus	doi:10.1101/2023.06.05.543757	fasciculates_with	manc:v1.2.1 260817	TBD (MANC:28350)
VFB_jrcv0lw4	dorsal median tract of dorsal cervical fasciculus	doi:10.1101/2023.06.05.543757	fasciculates_with	manc:v1.2.1 260817	TBD (MANC:28372)
VFB_jrcv0lws	dorsal median tract of dorsal cervical fasciculus	doi:10.1101/2023.06.05.543757	fasciculates_with	manc:v1.2.1 260817	TBD (MANC:28396)
VFB_jrcv0lx4	median dorsal abdominal tract	doi:10.1101/2023.06.05.543757	fasciculates_with	manc:v1.2.1 260817	SAxx11_AbN4_L (MANC:28408)
VFB_jrcv0lxi	dorsal lateral tract of ventral cervical fasciculus	doi:10.1101/2023.06.05.543757	fasciculates_with	manc:v1.2.1 260817	AN08B131_T1_R (MANC:28422)
VFB_jrcv0lz8	intermediate tract of dorsal cervical fasciculus - commissure of fine fibers	doi:10.1101/2023.06.05.543757	fasciculates_with	manc:v1.2.1 260817	AN16X047_T1_R (MANC:28484)
VFB_jrcv0lz9	dorsal median tract of dorsal cervical fasciculus	doi:10.1101/2023.06.05.543757	fasciculates_with	manc:v1.2.1 260817	SApp04_ADMN_L (MANC:28485)
VFB_jrcv0lza	dorsal median tract of dorsal cervical fasciculus	doi:10.1101/2023.06.05.543757	fasciculates_with	manc:v1.2.1 260817	SApp04_ADMN_R (MANC:28486)
VFB_jrcv0lzt	dorsal median tract of dorsal cervical fasciculus	doi:10.1101/2023.06.05.543757	fasciculates_with	manc:v1.2.1 260817	TBD (MANC:28505)
VFB_jrcv0m06	intermediate tract of dorsal cervical fasciculus - commissure of fine fibers	doi:10.1101/2023.06.05.543757	fasciculates_with	manc:v1.2.1 260817	TBD (MANC:28518)
VFB_jrcv0m0f	dorsal median tract of dorsal cervical fasciculus	doi:10.1101/2023.06.05.543757	fasciculates_with	manc:v1.2.1 260817	TBD (MANC:28527)
VFB_jrcv0m0h	dorsal lateral tract of ventral cervical fasciculus	doi:10.1101/2023.06.05.543757	fasciculates_with	manc:v1.2.1 260817	AN10B015_T1_L (MANC:28529)
VFB_jrcv0m0q	median dorsal abdominal tract	doi:10.1101/2023.06.05.543757	fasciculates_with	manc:v1.2.1 260817	TBD (MANC:28538)
VFB_jrcv0m0w	intermediate tract of dorsal cervical fasciculus - commissure of fine fibers	doi:10.1101/2023.06.05.543757	fasciculates_with	manc:v1.2.1 260817	TBD (MANC:28544)
VFB_jrcv0m1n	dorsal lateral tract of ventral cervical fasciculus	doi:10.1101/2023.06.05.543757	fasciculates_with	manc:v1.2.1 260817	SApp40_MetaLN_R (MANC:28571)
VFB_jrcv0m1o	intermediate tract of dorsal cervical fasciculus - commissure of fine fibers	doi:10.1101/2023.06.05.543757	fasciculates_with	manc:v1.2.1 260817	TBD (MANC:28572)
VFB_jrcv0m26	ventral median tract of ventral cervical fasciculus	doi:10.1101/2023.06.05.543757	fasciculates_with	manc:v1.2.1 260817	SAxx23_ProLN_L (MANC:28590)
VFB_jrcv0m2a	dorsal median tract of dorsal cervical fasciculus	doi:10.1101/2023.06.05.543757	fasciculates_with	manc:v1.2.1 260817	TBD (MANC:28594)
VFB_jrcv0m2x	median dorsal abdominal tract	doi:10.1101/2023.06.05.543757	fasciculates_with	manc:v1.2.1 260817	TBD (MANC:28617)
VFB_jrcv0m31	dorsal median tract of dorsal cervical fasciculus	doi:10.1101/2023.06.05.543757	fasciculates_with	manc:v1.2.1 260817	SApp20_DMetaN_R (MANC:28621)
VFB_jrcv0m3c	dorsal median tract of dorsal cervical fasciculus	doi:10.1101/2023.06.05.543757	fasciculates_with	manc:v1.2.1 260817	SAppxx_DMetaN_L (MANC:28632)
VFB_jrcv0m3x	dorsal lateral tract of ventral cervical fasciculus	doi:10.1101/2023.06.05.543757	fasciculates_with	manc:v1.2.1 260817	AN10B008_T2_L (MANC:28653)
VFB_jrcv0m4b	intermediate tract of dorsal cervical fasciculus - commissure of fine fibers	doi:10.1101/2023.06.05.543757	fasciculates_with	manc:v1.2.1 260817	TBD (MANC:28667)
VFB_jrcv0m4o	dorsal median tract of dorsal cervical fasciculus	doi:10.1101/2023.06.05.543757	fasciculates_with	manc:v1.2.1 260817	TBD (MANC:28680)
VFB_jrcv0m58	dorsal median tract of dorsal cervical fasciculus	doi:10.1101/2023.06.05.543757	fasciculates_with	manc:v1.2.1 260817	TBD (MANC:28700)
VFB_jrcv0m5y	dorsal lateral tract of ventral cervical fasciculus	doi:10.1101/2023.06.05.543757	fasciculates_with	manc:v1.2.1 260817	SApp40_MesoLN_R (MANC:28726)
VFB_jrcv0m63	median dorsal abdominal tract	doi:10.1101/2023.06.05.543757	fasciculates_with	manc:v1.2.1 260817	AN05A002_T3_L (MANC:28731)
VFB_jrcv0m6o	dorsal median tract of dorsal cervical fasciculus	doi:10.1101/2023.06.05.543757	fasciculates_with	manc:v1.2.1 260817	TBD (MANC:28752)
VFB_jrcv0m6w	dorsal lateral tract of ventral cervical fasciculus	doi:10.1101/2023.06.05.543757	fasciculates_with	manc:v1.2.1 260817	AN10B012_T1_R (MANC:28760)
VFB_jrcv0m70	intermediate tract of dorsal cervical fasciculus - commissure of fine fibers	doi:10.1101/2023.06.05.543757	fasciculates_with	manc:v1.2.1 260817	AN07B062_A1_R (MANC:28764)
VFB_jrcv0m82	intermediate tract of dorsal cervical fasciculus - commissure of fine fibers	doi:10.1101/2023.06.05.543757	fasciculates_with	manc:v1.2.1 260817	AN07B079_T1_L (MANC:28802)
VFB_jrcv0m88	dorsal median tract of dorsal cervical fasciculus	doi:10.1101/2023.06.05.543757	fasciculates_with	manc:v1.2.1 260817	SApp21_DMetaN_L (MANC:28808)
VFB_jrcv0m8c	intermediate tract of dorsal cervical fasciculus - commissure of fine fibers	doi:10.1101/2023.06.05.543757	fasciculates_with	manc:v1.2.1 260817	TBD (MANC:28812)
VFB_jrcv0m8n	intermediate tract of dorsal cervical fasciculus - commissure of fine fibers	doi:10.1101/2023.06.05.543757	fasciculates_with	manc:v1.2.1 260817	TBD (MANC:28823)
VFB_jrcv0ma2	intermediate tract of dorsal cervical fasciculus - commissure of fine fibers	doi:10.1101/2023.06.05.543757	fasciculates_with	manc:v1.2.1 260817	TBD (MANC:28874)
VFB_jrcv0mb1	intermediate tract of dorsal cervical fasciculus - commissure of fine fibers	doi:10.1101/2023.06.05.543757	fasciculates_with	manc:v1.2.1 260817	AN19B085_T3_R (MANC:28909)
VFB_jrcv0mbq	dorsal median tract of dorsal cervical fasciculus	doi:10.1101/2023.06.05.543757	fasciculates_with	manc:v1.2.1 260817	SAppxx_DMetaN_R (MANC:28934)
VFB_jrcv0mby	dorsal lateral tract of ventral cervical fasciculus	doi:10.1101/2023.06.05.543757	fasciculates_with	manc:v1.2.1 260817	AN08B017_T2_R (MANC:28942)
VFB_jrcv0mcf	intermediate tract of dorsal cervical fasciculus - commissure of fine fibers	doi:10.1101/2023.06.05.543757	fasciculates_with	manc:v1.2.1 260817	TBD (MANC:28959)
VFB_jrcv0mcl	dorsal lateral tract of ventral cervical fasciculus	doi:10.1101/2023.06.05.543757	fasciculates_with	manc:v1.2.1 260817	AN10B017_T1_L (MANC:28965)
VFB_jrcv0mdb	ventral median tract of ventral cervical fasciculus	doi:10.1101/2023.06.05.543757	fasciculates_with	manc:v1.2.1 260817	SAch09_MetaLN_L (MANC:28991)
VFB_jrcv0mdj	dorsal median tract of dorsal cervical fasciculus	doi:10.1101/2023.06.05.543757	fasciculates_with	manc:v1.2.1 260817	SAppxx_DMetaN_L (MANC:28999)
VFB_jrcv0mdw	dorsal median tract of dorsal cervical fasciculus	doi:10.1101/2023.06.05.543757	fasciculates_with	manc:v1.2.1 260817	SAppxx_DMetaN_L (MANC:29012)
VFB_jrcv0me2	dorsal lateral tract of ventral cervical fasciculus	doi:10.1101/2023.06.05.543757	fasciculates_with	manc:v1.2.1 260817	AN08B133_T1_R (MANC:29018)
VFB_jrcv0me5	dorsal median tract of dorsal cervical fasciculus	doi:10.1101/2023.06.05.543757	fasciculates_with	manc:v1.2.1 260817	TBD (MANC:29021)
VFB_jrcv0mej	dorsal median tract of dorsal cervical fasciculus	doi:10.1101/2023.06.05.543757	fasciculates_with	manc:v1.2.1 260817	AN07B064_T1_L (MANC:29035)
VFB_jrcv0meo	intermediate tract of dorsal cervical fasciculus - commissure of fine fibers	doi:10.1101/2023.06.05.543757	fasciculates_with	manc:v1.2.1 260817	TBD (MANC:29040)
VFB_jrcv0mf6	dorsal median tract of dorsal cervical fasciculus	doi:10.1101/2023.06.05.543757	fasciculates_with	manc:v1.2.1 260817	TBD (MANC:29058)
VFB_jrcv0mft	dorsal lateral tract of dorsal cervical fasciculus	doi:10.1101/2023.06.05.543757	fasciculates_with	manc:v1.2.1 260817	TBD (MANC:29081)
VFB_jrcv0mga	dorsal lateral tract of ventral cervical fasciculus	doi:10.1101/2023.06.05.543757	fasciculates_with	manc:v1.2.1 260817	AN10B012_T1_R (MANC:29098)
VFB_jrcv0mgf	dorsal lateral tract of ventral cervical fasciculus	doi:10.1101/2023.06.05.543757	fasciculates_with	manc:v1.2.1 260817	AN10B015_T3_R (MANC:29103)
VFB_jrcv0mhr	intermediate tract of dorsal cervical fasciculus - commissure of fine fibers	doi:10.1101/2023.06.05.543757	fasciculates_with	manc:v1.2.1 260817	TBD (MANC:29151)
VFB_jrcv0mif	dorsal median tract of dorsal cervical fasciculus	doi:10.1101/2023.06.05.543757	fasciculates_with	manc:v1.2.1 260817	TBD (MANC:29175)
VFB_jrcv0mim	ventral lateral tract of ventral cervical fasciculus	doi:10.1101/2023.06.05.543757	fasciculates_with	manc:v1.2.1 260817	TBD (MANC:29182)
VFB_jrcv0mjp	intermediate tract of dorsal cervical fasciculus - commissure of fine fibers	doi:10.1101/2023.06.05.543757	fasciculates_with	manc:v1.2.1 260817	TBD (MANC:29221)
VFB_jrcv0mk6	intermediate tract of dorsal cervical fasciculus - commissure of fine fibers	doi:10.1101/2023.06.05.543757	fasciculates_with	manc:v1.2.1 260817	TBD (MANC:29238)
VFB_jrcv0mm8	ventral lateral tract of ventral cervical fasciculus	doi:10.1101/2023.06.05.543757	fasciculates_with	manc:v1.2.1 260817	TBD (MANC:29312)
VFB_jrcv0mmd	intermediate tract of dorsal cervical fasciculus - commissure of fine fibers	doi:10.1101/2023.06.05.543757	fasciculates_with	manc:v1.2.1 260817	TBD (MANC:29317)
VFB_jrcv0mmg	dorsal lateral tract of ventral cervical fasciculus	doi:10.1101/2023.06.05.543757	fasciculates_with	manc:v1.2.1 260817	AN10B015_T1_L (MANC:29320)
VFB_jrcv0mmq	dorsal lateral tract of ventral cervical fasciculus	doi:10.1101/2023.06.05.543757	fasciculates_with	manc:v1.2.1 260817	AN10B015_T3_L (MANC:29330)
VFB_jrcv0mmy	intermediate tract of dorsal cervical fasciculus - commissure of fine fibers	doi:10.1101/2023.06.05.543757	fasciculates_with	manc:v1.2.1 260817	TBD (MANC:29338)
VFB_jrcv0mnt	intermediate tract of dorsal cervical fasciculus - commissure of fine fibers	doi:10.1101/2023.06.05.543757	fasciculates_with	manc:v1.2.1 260817	AN07B064_T3_L (MANC:29369)
VFB_jrcv0mpz	dorsal median tract of dorsal cervical fasciculus	doi:10.1101/2023.06.05.543757	fasciculates_with	manc:v1.2.1 260817	TBD (MANC:29447)
VFB_jrcv0mr8	dorsal lateral tract of ventral cervical fasciculus	doi:10.1101/2023.06.05.543757	fasciculates_with	manc:v1.2.1 260817	AN10B012_T1_L (MANC:29492)
VFB_jrcv0mrh	dorsal lateral tract of ventral cervical fasciculus	doi:10.1101/2023.06.05.543757	fasciculates_with	manc:v1.2.1 260817	AN10B012_T1_R (MANC:29501)
VFB_jrcv0ms1	intermediate tract of dorsal cervical fasciculus - commissure of fine fibers	doi:10.1101/2023.06.05.543757	fasciculates_with	manc:v1.2.1 260817	TBD (MANC:29521)
VFB_jrcv0ms4	dorsal median tract of dorsal cervical fasciculus	doi:10.1101/2023.06.05.543757	fasciculates_with	manc:v1.2.1 260817	TBD (MANC:29524)
VFB_jrcv0msi	intermediate tract of dorsal cervical fasciculus - commissure of fine fibers	doi:10.1101/2023.06.05.543757	fasciculates_with	manc:v1.2.1 260817	TBD (MANC:29538)
VFB_jrcv0muf	median dorsal abdominal tract	doi:10.1101/2023.06.05.543757	fasciculates_with	manc:v1.2.1 260817	SAxx11_AbN4_L (MANC:29607)
VFB_jrcv0muy	dorsal lateral tract of ventral cervical fasciculus	doi:10.1101/2023.06.05.543757	fasciculates_with	manc:v1.2.1 260817	SApp40_ProLN_L (MANC:29626)
VFB_jrcv0mwv	intermediate tract of dorsal cervical fasciculus - commissure of fine fibers	doi:10.1101/2023.06.05.543757	fasciculates_with	manc:v1.2.1 260817	TBD (MANC:29695)
VFB_jrcv0mx1	intermediate tract of dorsal cervical fasciculus - commissure of fine fibers	doi:10.1101/2023.06.05.543757	fasciculates_with	manc:v1.2.1 260817	AN07B064_T3_R (MANC:29701)
VFB_jrcv0my8	dorsal median tract of dorsal cervical fasciculus	doi:10.1101/2023.06.05.543757	fasciculates_with	manc:v1.2.1 260817	SAppxx_DMetaN_R (MANC:29744)
VFB_jrcv0myo	intermediate tract of dorsal cervical fasciculus - commissure of fine fibers	doi:10.1101/2023.06.05.543757	fasciculates_with	manc:v1.2.1 260817	TBD (MANC:29760)
VFB_jrcv0myv	ventral median tract of ventral cervical fasciculus	doi:10.1101/2023.06.05.543757	fasciculates_with	manc:v1.2.1 260817	TBD (MANC:29767)
VFB_jrcv0mz9	intermediate tract of dorsal cervical fasciculus - commissure of fine fibers	doi:10.1101/2023.06.05.543757	fasciculates_with	manc:v1.2.1 260817	TBD (MANC:29781)
VFB_jrcv0n03	intermediate tract of dorsal cervical fasciculus - commissure of fine fibers	doi:10.1101/2023.06.05.543757	fasciculates_with	manc:v1.2.1 260817	TBD (MANC:29811)
VFB_jrcv0n0n	dorsal median tract of dorsal cervical fasciculus	doi:10.1101/2023.06.05.543757	fasciculates_with	manc:v1.2.1 260817	TBD (MANC:29831)
VFB_jrcv0n1c	intermediate tract of dorsal cervical fasciculus - commissure of fine fibers	doi:10.1101/2023.06.05.543757	fasciculates_with	manc:v1.2.1 260817	TBD (MANC:29856)
VFB_jrcv0n22	median dorsal abdominal tract	doi:10.1101/2023.06.05.543757	fasciculates_with	manc:v1.2.1 260817	TBD (MANC:29882)
VFB_jrcv0n29	intermediate tract of dorsal cervical fasciculus - commissure of fine fibers	doi:10.1101/2023.06.05.543757	fasciculates_with	manc:v1.2.1 260817	TBD (MANC:29889)
VFB_jrcv0n2m	intermediate tract of dorsal cervical fasciculus - commissure of fine fibers	doi:10.1101/2023.06.05.543757	fasciculates_with	manc:v1.2.1 260817	TBD (MANC:29902)
VFB_jrcv0n2o	intermediate tract of dorsal cervical fasciculus - commissure of fine fibers	doi:10.1101/2023.06.05.543757	fasciculates_with	manc:v1.2.1 260817	TBD (MANC:29904)
VFB_jrcv0n43	dorsal lateral tract of ventral cervical fasciculus	doi:10.1101/2023.06.05.543757	fasciculates_with	manc:v1.2.1 260817	SApp40_ProLN_R (MANC:29955)
VFB_jrcv0n4f	dorsal lateral tract of ventral cervical fasciculus	doi:10.1101/2023.06.05.543757	fasciculates_with	manc:v1.2.1 260817	AN10B008_T2_L (MANC:29967)
VFB_jrcv0n4o	ventral median tract of ventral cervical fasciculus	doi:10.1101/2023.06.05.543757	fasciculates_with	manc:v1.2.1 260817	TBD (MANC:29976)
VFB_jrcv0n4v	intermediate tract of dorsal cervical fasciculus - commissure of fine fibers	doi:10.1101/2023.06.05.543757	fasciculates_with	manc:v1.2.1 260817	TBD (MANC:29983)
VFB_jrcv0n5g	dorsal lateral tract of ventral cervical fasciculus	doi:10.1101/2023.06.05.543757	fasciculates_with	manc:v1.2.1 260817	AN08B133_T1_R (MANC:30004)
VFB_jrcv0n61	dorsal lateral tract of ventral cervical fasciculus	doi:10.1101/2023.06.05.543757	fasciculates_with	manc:v1.2.1 260817	SApp40_MesoLN_R (MANC:30025)
VFB_jrcv0n6b	intermediate tract of dorsal cervical fasciculus - commissure of fine fibers	doi:10.1101/2023.06.05.543757	fasciculates_with	manc:v1.2.1 260817	AN19B085_T3_L (MANC:30035)
VFB_jrcv0n74	intermediate tract of dorsal cervical fasciculus - commissure of fine fibers	doi:10.1101/2023.06.05.543757	fasciculates_with	manc:v1.2.1 260817	AN07B077_A1_R (MANC:30064)
VFB_jrcv0n7r	dorsal lateral tract of ventral cervical fasciculus	doi:10.1101/2023.06.05.543757	fasciculates_with	manc:v1.2.1 260817	AN10B009_T3_L (MANC:30087)
VFB_jrcv0n8n	intermediate tract of dorsal cervical fasciculus - commissure of fine fibers	doi:10.1101/2023.06.05.543757	fasciculates_with	manc:v1.2.1 260817	TBD (MANC:30119)
VFB_jrcv0n9d	intermediate tract of dorsal cervical fasciculus - commissure of fine fibers	doi:10.1101/2023.06.05.543757	fasciculates_with	manc:v1.2.1 260817	AN19B089_T3_L (MANC:30145)
VFB_jrcv0nac	dorsal median tract of dorsal cervical fasciculus	doi:10.1101/2023.06.05.543757	fasciculates_with	manc:v1.2.1 260817	TBD (MANC:30180)
VFB_jrcv0nb8	dorsal median tract of dorsal cervical fasciculus	doi:10.1101/2023.06.05.543757	fasciculates_with	manc:v1.2.1 260817	TBD (MANC:30212)
VFB_jrcv0nbh	dorsal lateral tract of ventral cervical fasciculus	doi:10.1101/2023.06.05.543757	fasciculates_with	manc:v1.2.1 260817	AN10B008_T2_R (MANC:30221)
VFB_jrcv0nbv	median dorsal abdominal tract	doi:10.1101/2023.06.05.543757	fasciculates_with	manc:v1.2.1 260817	TBD (MANC:30235)
VFB_jrcv0nc2	ventral lateral tract of ventral cervical fasciculus	doi:10.1101/2023.06.05.543757	fasciculates_with	manc:v1.2.1 260817	TBD (MANC:30242)
VFB_jrcv0nc9	dorsal median tract of dorsal cervical fasciculus	doi:10.1101/2023.06.05.543757	fasciculates_with	manc:v1.2.1 260817	AN07B079_T1_L (MANC:30249)
VFB_jrcv0ndh	dorsal median tract of dorsal cervical fasciculus	doi:10.1101/2023.06.05.543757	fasciculates_with	manc:v1.2.1 260817	SApp28_DMetaN_R (MANC:30293)
VFB_jrcv0nds	dorsal median tract of dorsal cervical fasciculus	doi:10.1101/2023.06.05.543757	fasciculates_with	manc:v1.2.1 260817	TBD (MANC:30304)
VFB_jrcv0nek	intermediate tract of dorsal cervical fasciculus - commissure of fine fibers	doi:10.1101/2023.06.05.543757	fasciculates_with	manc:v1.2.1 260817	TBD (MANC:30332)
VFB_jrcv0ng5	ventral lateral tract of ventral cervical fasciculus	doi:10.1101/2023.06.05.543757	fasciculates_with	manc:v1.2.1 260817	TBD (MANC:30389)
VFB_jrcv0nhl	dorsal median tract of dorsal cervical fasciculus	doi:10.1101/2023.06.05.543757	fasciculates_with	manc:v1.2.1 260817	TBD (MANC:30441)
VFB_jrcv0nhr	dorsal lateral tract of ventral cervical fasciculus	doi:10.1101/2023.06.05.543757	fasciculates_with	manc:v1.2.1 260817	SApp40_MesoLN_L (MANC:30447)
VFB_jrcv0ni2	dorsal lateral tract of ventral cervical fasciculus	doi:10.1101/2023.06.05.543757	fasciculates_with	manc:v1.2.1 260817	SApp40_MetaLN_L (MANC:30458)
VFB_jrcv0ni8	ventral median tract of ventral cervical fasciculus	doi:10.1101/2023.06.05.543757	fasciculates_with	manc:v1.2.1 260817	AN09B029_A5_L (MANC:30464)
VFB_jrcv0niz	dorsal median tract of dorsal cervical fasciculus	doi:10.1101/2023.06.05.543757	fasciculates_with	manc:v1.2.1 260817	SApp18_DMetaN_R (MANC:30491)
VFB_jrcv0nk3	intermediate tract of dorsal cervical fasciculus - commissure of fine fibers	doi:10.1101/2023.06.05.543757	fasciculates_with	manc:v1.2.1 260817	TBD (MANC:30531)
VFB_jrcv0nka	intermediate tract of dorsal cervical fasciculus - commissure of fine fibers	doi:10.1101/2023.06.05.543757	fasciculates_with	manc:v1.2.1 260817	TBD (MANC:30538)
VFB_jrcv0nkv	ventral median tract of ventral cervical fasciculus	doi:10.1101/2023.06.05.543757	fasciculates_with	manc:v1.2.1 260817	TBD (MANC:30559)
VFB_jrcv0nky	dorsal median tract of dorsal cervical fasciculus	doi:10.1101/2023.06.05.543757	fasciculates_with	manc:v1.2.1 260817	SAppxx_DMetaN_R (MANC:30562)
VFB_jrcv0nly	dorsal median tract of dorsal cervical fasciculus	doi:10.1101/2023.06.05.543757	fasciculates_with	manc:v1.2.1 260817	SAppxx_DMetaN_L (MANC:30598)
VFB_jrcv0nn1	dorsal median tract of dorsal cervical fasciculus	doi:10.1101/2023.06.05.543757	fasciculates_with	manc:v1.2.1 260817	SAppxx_DMetaN_R (MANC:30637)
VFB_jrcv0nns	intermediate tract of dorsal cervical fasciculus - commissure of fine fibers	doi:10.1101/2023.06.05.543757	fasciculates_with	manc:v1.2.1 260817	TBD (MANC:30664)
VFB_jrcv0nod	intermediate tract of dorsal cervical fasciculus - commissure of fine fibers	doi:10.1101/2023.06.05.543757	fasciculates_with	manc:v1.2.1 260817	TBD (MANC:30685)
VFB_jrcv0npf	intermediate tract of dorsal cervical fasciculus - commissure of fine fibers	doi:10.1101/2023.06.05.543757	fasciculates_with	manc:v1.2.1 260817	TBD (MANC:30723)
VFB_jrcv0npu	intermediate tract of dorsal cervical fasciculus - commissure of fine fibers	doi:10.1101/2023.06.05.543757	fasciculates_with	manc:v1.2.1 260817	TBD (MANC:30738)
VFB_jrcv0nrh	dorsal median tract of dorsal cervical fasciculus	doi:10.1101/2023.06.05.543757	fasciculates_with	manc:v1.2.1 260817	SAppxx_DMetaN_R (MANC:30797)
VFB_jrcv0nrt	intermediate tract of dorsal cervical fasciculus - commissure of fine fibers	doi:10.1101/2023.06.05.543757	fasciculates_with	manc:v1.2.1 260817	TBD (MANC:30809)
VFB_jrcv0nth	intermediate tract of dorsal cervical fasciculus - commissure of fine fibers	doi:10.1101/2023.06.05.543757	fasciculates_with	manc:v1.2.1 260817	TBD (MANC:30869)
VFB_jrcv0nud	dorsal median tract of dorsal cervical fasciculus	doi:10.1101/2023.06.05.543757	fasciculates_with	manc:v1.2.1 260817	SAppxx_DMetaN_L (MANC:30901)
VFB_jrcv0nuo	ventral lateral tract of ventral cervical fasciculus	doi:10.1101/2023.06.05.543757	fasciculates_with	manc:v1.2.1 260817	TBD (MANC:30912)
VFB_jrcv0nut	dorsal lateral tract of ventral cervical fasciculus	doi:10.1101/2023.06.05.543757	fasciculates_with	manc:v1.2.1 260817	AN12B023_T1_L (MANC:30917)
VFB_jrcv0nx2	intermediate tract of dorsal cervical fasciculus - commissure of fine fibers	doi:10.1101/2023.06.05.543757	fasciculates_with	manc:v1.2.1 260817	TBD (MANC:30998)
VFB_jrcv0nxa	dorsal median tract of dorsal cervical fasciculus	doi:10.1101/2023.06.05.543757	fasciculates_with	manc:v1.2.1 260817	TBD (MANC:31006)
VFB_jrcv0nxd	dorsal median tract of dorsal cervical fasciculus	doi:10.1101/2023.06.05.543757	fasciculates_with	manc:v1.2.1 260817	SAppxx_DMetaN_L (MANC:31009)
VFB_jrcv0ny0	dorsal median tract of dorsal cervical fasciculus	doi:10.1101/2023.06.05.543757	fasciculates_with	manc:v1.2.1 260817	SApp20_DMetaN_R (MANC:31032)
VFB_jrcv0o08	intermediate tract of dorsal cervical fasciculus - commissure of fine fibers	doi:10.1101/2023.06.05.543757	fasciculates_with	manc:v1.2.1 260817	TBD (MANC:31112)
VFB_jrcv0o0g	dorsal lateral tract of ventral cervical fasciculus	doi:10.1101/2023.06.05.543757	fasciculates_with	manc:v1.2.1 260817	AN12B023_T1_L (MANC:31120)
VFB_jrcv0o11	dorsal median tract of dorsal cervical fasciculus	doi:10.1101/2023.06.05.543757	fasciculates_with	manc:v1.2.1 260817	TBD (MANC:31141)
VFB_jrcv0o1u	intermediate tract of dorsal cervical fasciculus - commissure of fine fibers	doi:10.1101/2023.06.05.543757	fasciculates_with	manc:v1.2.1 260817	TBD (MANC:31170)
VFB_jrcv0o4q	intermediate tract of dorsal cervical fasciculus - commissure of fine fibers	doi:10.1101/2023.06.05.543757	fasciculates_with	manc:v1.2.1 260817	TBD (MANC:31274)
VFB_jrcv0o60	dorsal median tract of dorsal cervical fasciculus	doi:10.1101/2023.06.05.543757	fasciculates_with	manc:v1.2.1 260817	SApp31_DMetaN_L (MANC:31320)
VFB_jrcv0o6x	dorsal median tract of dorsal cervical fasciculus	doi:10.1101/2023.06.05.543757	fasciculates_with	manc:v1.2.1 260817	SApp24_DMetaN_R (MANC:31353)
VFB_jrcv0o7l	dorsal median tract of dorsal cervical fasciculus	doi:10.1101/2023.06.05.543757	fasciculates_with	manc:v1.2.1 260817	TBD (MANC:31377)
VFB_jrcv0o7p	ventral lateral tract of ventral cervical fasciculus	doi:10.1101/2023.06.05.543757	fasciculates_with	manc:v1.2.1 260817	TBD (MANC:31381)
VFB_jrcv0o84	intermediate tract of dorsal cervical fasciculus - commissure of fine fibers	doi:10.1101/2023.06.05.543757	fasciculates_with	manc:v1.2.1 260817	TBD (MANC:31396)
VFB_jrcv0o88	dorsal median tract of dorsal cervical fasciculus	doi:10.1101/2023.06.05.543757	fasciculates_with	manc:v1.2.1 260817	AN03A004_T1_R (MANC:31400)
VFB_jrcv0oai	dorsal median tract of dorsal cervical fasciculus	doi:10.1101/2023.06.05.543757	fasciculates_with	manc:v1.2.1 260817	TBD (MANC:31482)
VFB_jrcv0oax	intermediate tract of dorsal cervical fasciculus - commissure of fine fibers	doi:10.1101/2023.06.05.543757	fasciculates_with	manc:v1.2.1 260817	TBD (MANC:31497)
VFB_jrcv0obn	intermediate tract of dorsal cervical fasciculus - commissure of fine fibers	doi:10.1101/2023.06.05.543757	fasciculates_with	manc:v1.2.1 260817	TBD (MANC:31523)
VFB_jrcv0obv	ventral lateral tract of ventral cervical fasciculus	doi:10.1101/2023.06.05.543757	fasciculates_with	manc:v1.2.1 260817	TBD (MANC:31531)
VFB_jrcv0obz	dorsal median tract of dorsal cervical fasciculus	doi:10.1101/2023.06.05.543757	fasciculates_with	manc:v1.2.1 260817	SAppxx_DMetaN_R (MANC:31535)
VFB_jrcv0ocr	dorsal median tract of dorsal cervical fasciculus	doi:10.1101/2023.06.05.543757	fasciculates_with	manc:v1.2.1 260817	SApp20_DMetaN_R (MANC:31563)
VFB_jrcv0ocu	intermediate tract of dorsal cervical fasciculus - commissure of fine fibers	doi:10.1101/2023.06.05.543757	fasciculates_with	manc:v1.2.1 260817	TBD (MANC:31566)
VFB_jrcv0odk	intermediate tract of dorsal cervical fasciculus - commissure of fine fibers	doi:10.1101/2023.06.05.543757	fasciculates_with	manc:v1.2.1 260817	TBD (MANC:31592)
VFB_jrcv0of4	dorsal median tract of dorsal cervical fasciculus	doi:10.1101/2023.06.05.543757	fasciculates_with	manc:v1.2.1 260817	TBD (MANC:31648)
VFB_jrcv0ogt	intermediate tract of dorsal cervical fasciculus - commissure of fine fibers	doi:10.1101/2023.06.05.543757	fasciculates_with	manc:v1.2.1 260817	TBD (MANC:31709)
VFB_jrcv0oi5	dorsal lateral tract of ventral cervical fasciculus	doi:10.1101/2023.06.05.543757	fasciculates_with	manc:v1.2.1 260817	AN12B023_T1_R (MANC:31757)
VFB_jrcv0oij	dorsal median tract of dorsal cervical fasciculus	doi:10.1101/2023.06.05.543757	fasciculates_with	manc:v1.2.1 260817	TBD (MANC:31771)
VFB_jrcv0oiz	ventral lateral tract of ventral cervical fasciculus	doi:10.1101/2023.06.05.543757	fasciculates_with	manc:v1.2.1 260817	TBD (MANC:31787)
VFB_jrcv0ojc	intermediate tract of dorsal cervical fasciculus - commissure of fine fibers	doi:10.1101/2023.06.05.543757	fasciculates_with	manc:v1.2.1 260817	AN19B089_T3_L (MANC:31800)
VFB_jrcv0ojx	intermediate tract of dorsal cervical fasciculus - commissure of fine fibers	doi:10.1101/2023.06.05.543757	fasciculates_with	manc:v1.2.1 260817	TBD (MANC:31821)
VFB_jrcv0ok1	dorsal median tract of dorsal cervical fasciculus	doi:10.1101/2023.06.05.543757	fasciculates_with	manc:v1.2.1 260817	SAppxx_DMetaN_R (MANC:31825)
VFB_jrcv0okv	intermediate tract of dorsal cervical fasciculus - commissure of fine fibers	doi:10.1101/2023.06.05.543757	fasciculates_with	manc:v1.2.1 260817	TBD (MANC:31855)
VFB_jrcv0oov	intermediate tract of dorsal cervical fasciculus - commissure of fine fibers	doi:10.1101/2023.06.05.543757	fasciculates_with	manc:v1.2.1 260817	TBD (MANC:31999)
VFB_jrcv0oox	dorsal median tract of dorsal cervical fasciculus	doi:10.1101/2023.06.05.543757	fasciculates_with	manc:v1.2.1 260817	TBD (MANC:32001)
VFB_jrcv0op2	dorsal median tract of dorsal cervical fasciculus	doi:10.1101/2023.06.05.543757	fasciculates_with	manc:v1.2.1 260817	SAppxx_DMetaN_R (MANC:32006)
VFB_jrcv0op6	intermediate tract of dorsal cervical fasciculus - commissure of fine fibers	doi:10.1101/2023.06.05.543757	fasciculates_with	manc:v1.2.1 260817	TBD (MANC:32010)
VFB_jrcv0opp	dorsal median tract of dorsal cervical fasciculus	doi:10.1101/2023.06.05.543757	fasciculates_with	manc:v1.2.1 260817	SApp24_DMetaN_L (MANC:32029)
VFB_jrcv0opz	intermediate tract of dorsal cervical fasciculus - commissure of fine fibers	doi:10.1101/2023.06.05.543757	fasciculates_with	manc:v1.2.1 260817	TBD (MANC:32039)
VFB_jrcv0oqs	dorsal lateral tract of ventral cervical fasciculus	doi:10.1101/2023.06.05.543757	fasciculates_with	manc:v1.2.1 260817	AN10B010_T3_R (MANC:32068)
VFB_jrcv0orj	dorsal median tract of dorsal cervical fasciculus	doi:10.1101/2023.06.05.543757	fasciculates_with	manc:v1.2.1 260817	AN18B023_T2_L (MANC:32095)
VFB_jrcv0oru	intermediate tract of dorsal cervical fasciculus - commissure of fine fibers	doi:10.1101/2023.06.05.543757	fasciculates_with	manc:v1.2.1 260817	TBD (MANC:32106)
VFB_jrcv0osy	intermediate tract of dorsal cervical fasciculus - commissure of fine fibers	doi:10.1101/2023.06.05.543757	fasciculates_with	manc:v1.2.1 260817	TBD (MANC:32146)
VFB_jrcv0ot6	intermediate tract of dorsal cervical fasciculus - commissure of fine fibers	doi:10.1101/2023.06.05.543757	fasciculates_with	manc:v1.2.1 260817	TBD (MANC:32154)
VFB_jrcv0otl	dorsal median tract of dorsal cervical fasciculus	doi:10.1101/2023.06.05.543757	fasciculates_with	manc:v1.2.1 260817	TBD (MANC:32169)
VFB_jrcv0oum	dorsal median tract of dorsal cervical fasciculus	doi:10.1101/2023.06.05.543757	fasciculates_with	manc:v1.2.1 260817	SApp23_DMetaN_L (MANC:32206)
VFB_jrcv0ovu	dorsal median tract of dorsal cervical fasciculus	doi:10.1101/2023.06.05.543757	fasciculates_with	manc:v1.2.1 260817	SApp30_DMetaN_R (MANC:32250)
VFB_jrcv0oxb	intermediate tract of dorsal cervical fasciculus - commissure of fine fibers	doi:10.1101/2023.06.05.543757	fasciculates_with	manc:v1.2.1 260817	TBD (MANC:32303)
VFB_jrcv0oxk	intermediate tract of dorsal cervical fasciculus - commissure of fine fibers	doi:10.1101/2023.06.05.543757	fasciculates_with	manc:v1.2.1 260817	TBD (MANC:32312)
VFB_jrcv0oyw	dorsal median tract of dorsal cervical fasciculus	doi:10.1101/2023.06.05.543757	fasciculates_with	manc:v1.2.1 260817	TBD (MANC:32360)
VFB_jrcv0ozj	intermediate tract of dorsal cervical fasciculus - commissure of fine fibers	doi:10.1101/2023.06.05.543757	fasciculates_with	manc:v1.2.1 260817	TBD (MANC:32383)
VFB_jrcv0ozo	intermediate tract of dorsal cervical fasciculus - commissure of fine fibers	doi:10.1101/2023.06.05.543757	fasciculates_with	manc:v1.2.1 260817	TBD (MANC:32388)
VFB_jrcv0ozu	dorsal median tract of dorsal cervical fasciculus	doi:10.1101/2023.06.05.543757	fasciculates_with	manc:v1.2.1 260817	SAppxx_DMetaN_L (MANC:32394)
VFB_jrcv0p0v	intermediate tract of dorsal cervical fasciculus - commissure of fine fibers	doi:10.1101/2023.06.05.543757	fasciculates_with	manc:v1.2.1 260817	TBD (MANC:32431)
VFB_jrcv0p11	intermediate tract of dorsal cervical fasciculus - commissure of fine fibers	doi:10.1101/2023.06.05.543757	fasciculates_with	manc:v1.2.1 260817	TBD (MANC:32437)
VFB_jrcv0p1p	dorsal median tract of dorsal cervical fasciculus	doi:10.1101/2023.06.05.543757	fasciculates_with	manc:v1.2.1 260817	TBD (MANC:32461)
VFB_jrcv0p2c	dorsal median tract of dorsal cervical fasciculus	doi:10.1101/2023.06.05.543757	fasciculates_with	manc:v1.2.1 260817	SAppxx_DMetaN_R (MANC:32484)
VFB_jrcv0p2l	intermediate tract of dorsal cervical fasciculus - commissure of fine fibers	doi:10.1101/2023.06.05.543757	fasciculates_with	manc:v1.2.1 260817	TBD (MANC:32493)
VFB_jrcv0p2q	dorsal median tract of dorsal cervical fasciculus	doi:10.1101/2023.06.05.543757	fasciculates_with	manc:v1.2.1 260817	TBD (MANC:32498)
VFB_jrcv0p2r	intermediate tract of dorsal cervical fasciculus - commissure of fine fibers	doi:10.1101/2023.06.05.543757	fasciculates_with	manc:v1.2.1 260817	TBD (MANC:32499)
VFB_jrcv0p2w	dorsal lateral tract of dorsal cervical fasciculus	doi:10.1101/2023.06.05.543757	fasciculates_with	manc:v1.2.1 260817	TBD (MANC:32504)
VFB_jrcv0p3r	intermediate tract of dorsal cervical fasciculus - commissure of fine fibers	doi:10.1101/2023.06.05.543757	fasciculates_with	manc:v1.2.1 260817	TBD (MANC:32535)
VFB_jrcv0p4o	dorsal median tract of dorsal cervical fasciculus	doi:10.1101/2023.06.05.543757	fasciculates_with	manc:v1.2.1 260817	TBD (MANC:32568)
VFB_jrcv0p55	intermediate tract of dorsal cervical fasciculus - commissure of fine fibers	doi:10.1101/2023.06.05.543757	fasciculates_with	manc:v1.2.1 260817	TBD (MANC:32585)
VFB_jrcv0p68	dorsal median tract of dorsal cervical fasciculus	doi:10.1101/2023.06.05.543757	fasciculates_with	manc:v1.2.1 260817	SAppxx_DMetaN_R (MANC:32624)
VFB_jrcv0p6p	dorsal median tract of dorsal cervical fasciculus	doi:10.1101/2023.06.05.543757	fasciculates_with	manc:v1.2.1 260817	SAppxx_DMetaN_L (MANC:32641)
VFB_jrcv0p6u	intermediate tract of dorsal cervical fasciculus - commissure of fine fibers	doi:10.1101/2023.06.05.543757	fasciculates_with	manc:v1.2.1 260817	TBD (MANC:32646)
VFB_jrcv0p74	dorsal median tract of dorsal cervical fasciculus	doi:10.1101/2023.06.05.543757	fasciculates_with	manc:v1.2.1 260817	TBD (MANC:32656)
VFB_jrcv0p9f	dorsal median tract of dorsal cervical fasciculus	doi:10.1101/2023.06.05.543757	fasciculates_with	manc:v1.2.1 260817	SApp21_DMetaN_R (MANC:32739)
VFB_jrcv0p9k	intermediate tract of dorsal cervical fasciculus - commissure of fine fibers	doi:10.1101/2023.06.05.543757	fasciculates_with	manc:v1.2.1 260817	TBD (MANC:32744)
VFB_jrcv0pa7	intermediate tract of dorsal cervical fasciculus - commissure of fine fibers	doi:10.1101/2023.06.05.543757	fasciculates_with	manc:v1.2.1 260817	TBD (MANC:32767)
VFB_jrcv0pag	intermediate tract of dorsal cervical fasciculus - commissure of fine fibers	doi:10.1101/2023.06.05.543757	fasciculates_with	manc:v1.2.1 260817	TBD (MANC:32776)
VFB_jrcv0pe0	intermediate tract of dorsal cervical fasciculus - commissure of fine fibers	doi:10.1101/2023.06.05.543757	fasciculates_with	manc:v1.2.1 260817	TBD (MANC:32904)
VFB_jrcv0pec	intermediate tract of dorsal cervical fasciculus - commissure of fine fibers	doi:10.1101/2023.06.05.543757	fasciculates_with	manc:v1.2.1 260817	TBD (MANC:32916)
VFB_jrcv0pf8	intermediate tract of dorsal cervical fasciculus - commissure of fine fibers	doi:10.1101/2023.06.05.543757	fasciculates_with	manc:v1.2.1 260817	AN07B064_T3_L (MANC:32948)
VFB_jrcv0pfa	dorsal median tract of dorsal cervical fasciculus	doi:10.1101/2023.06.05.543757	fasciculates_with	manc:v1.2.1 260817	TBD (MANC:32950)
VFB_jrcv0pgo	dorsal median tract of dorsal cervical fasciculus	doi:10.1101/2023.06.05.543757	fasciculates_with	manc:v1.2.1 260817	TBD (MANC:33000)
VFB_jrcv0piq	intermediate tract of dorsal cervical fasciculus - commissure of fine fibers	doi:10.1101/2023.06.05.543757	fasciculates_with	manc:v1.2.1 260817	TBD (MANC:33074)
VFB_jrcv0pks	intermediate tract of dorsal cervical fasciculus - commissure of fine fibers	doi:10.1101/2023.06.05.543757	fasciculates_with	manc:v1.2.1 260817	TBD (MANC:33148)
VFB_jrcv0pkv	intermediate tract of dorsal cervical fasciculus - commissure of fine fibers	doi:10.1101/2023.06.05.543757	fasciculates_with	manc:v1.2.1 260817	TBD (MANC:33151)
VFB_jrcv0plr	dorsal median tract of dorsal cervical fasciculus	doi:10.1101/2023.06.05.543757	fasciculates_with	manc:v1.2.1 260817	TBD (MANC:33183)
VFB_jrcv0pls	intermediate tract of dorsal cervical fasciculus - commissure of fine fibers	doi:10.1101/2023.06.05.543757	fasciculates_with	manc:v1.2.1 260817	TBD (MANC:33184)
VFB_jrcv0pmd	intermediate tract of dorsal cervical fasciculus - commissure of fine fibers	doi:10.1101/2023.06.05.543757	fasciculates_with	manc:v1.2.1 260817	TBD (MANC:33205)
VFB_jrcv0pq3	ventral median tract of ventral cervical fasciculus	doi:10.1101/2023.06.05.543757	fasciculates_with	manc:v1.2.1 260817	TBD (MANC:33339)
VFB_jrcv0psl	dorsal median tract of dorsal cervical fasciculus	doi:10.1101/2023.06.05.543757	fasciculates_with	manc:v1.2.1 260817	TBD (MANC:33429)
VFB_jrcv0pvt	ventral lateral tract of ventral cervical fasciculus	doi:10.1101/2023.06.05.543757	fasciculates_with	manc:v1.2.1 260817	TBD (MANC:33545)
VFB_jrcv0pw2	dorsal median tract of dorsal cervical fasciculus	doi:10.1101/2023.06.05.543757	fasciculates_with	manc:v1.2.1 260817	TBD (MANC:33554)
VFB_jrcv0pxm	intermediate tract of dorsal cervical fasciculus - commissure of fine fibers	doi:10.1101/2023.06.05.543757	fasciculates_with	manc:v1.2.1 260817	AN06A048_T1_R (MANC:33610)
VFB_jrcv0pyh	intermediate tract of dorsal cervical fasciculus - commissure of fine fibers	doi:10.1101/2023.06.05.543757	fasciculates_with	manc:v1.2.1 260817	TBD (MANC:33641)
VFB_jrcv0pz3	intermediate tract of dorsal cervical fasciculus - commissure of fine fibers	doi:10.1101/2023.06.05.543757	fasciculates_with	manc:v1.2.1 260817	TBD (MANC:33663)
VFB_jrcv0pzd	intermediate tract of dorsal cervical fasciculus - commissure of fine fibers	doi:10.1101/2023.06.05.543757	fasciculates_with	manc:v1.2.1 260817	TBD (MANC:33673)
VFB_jrcv0q0t	intermediate tract of dorsal cervical fasciculus - commissure of fine fibers	doi:10.1101/2023.06.05.543757	fasciculates_with	manc:v1.2.1 260817	TBD (MANC:33725)
VFB_jrcv0q36	dorsal median tract of dorsal cervical fasciculus	doi:10.1101/2023.06.05.543757	fasciculates_with	manc:v1.2.1 260817	AN18B023_T2_L (MANC:33810)
VFB_jrcv0q5f	intermediate tract of dorsal cervical fasciculus - commissure of fine fibers	doi:10.1101/2023.06.05.543757	fasciculates_with	manc:v1.2.1 260817	TBD (MANC:33891)
VFB_jrcv0q6v	intermediate tract of dorsal cervical fasciculus - commissure of fine fibers	doi:10.1101/2023.06.05.543757	fasciculates_with	manc:v1.2.1 260817	TBD (MANC:33943)
VFB_jrcv0q79	intermediate tract of dorsal cervical fasciculus - commissure of fine fibers	doi:10.1101/2023.06.05.543757	fasciculates_with	manc:v1.2.1 260817	TBD (MANC:33957)
VFB_jrcv0q7m	dorsal median tract of dorsal cervical fasciculus	doi:10.1101/2023.06.05.543757	fasciculates_with	manc:v1.2.1 260817	AN18B023_T2_R (MANC:33970)
VFB_jrcv0q83	ventral median tract of ventral cervical fasciculus	doi:10.1101/2023.06.05.543757	fasciculates_with	manc:v1.2.1 260817	TBD (MANC:33987)
VFB_jrcv0q8m	dorsal median tract of dorsal cervical fasciculus	doi:10.1101/2023.06.05.543757	fasciculates_with	manc:v1.2.1 260817	TBD (MANC:34006)
VFB_jrcv0q8x	dorsal median tract of dorsal cervical fasciculus	doi:10.1101/2023.06.05.543757	fasciculates_with	manc:v1.2.1 260817	SApp21_DMetaN_R (MANC:34017)
VFB_jrcv0q9w	intermediate tract of dorsal cervical fasciculus - commissure of fine fibers	doi:10.1101/2023.06.05.543757	fasciculates_with	manc:v1.2.1 260817	TBD (MANC:34052)
VFB_jrcv0qa4	intermediate tract of dorsal cervical fasciculus - commissure of fine fibers	doi:10.1101/2023.06.05.543757	fasciculates_with	manc:v1.2.1 260817	TBD (MANC:34060)
VFB_jrcv0qap	intermediate tract of dorsal cervical fasciculus - commissure of fine fibers	doi:10.1101/2023.06.05.543757	fasciculates_with	manc:v1.2.1 260817	TBD (MANC:34081)
VFB_jrcv0qb2	intermediate tract of dorsal cervical fasciculus - commissure of fine fibers	doi:10.1101/2023.06.05.543757	fasciculates_with	manc:v1.2.1 260817	TBD (MANC:34094)
VFB_jrcv0qcg	dorsal median tract of dorsal cervical fasciculus	doi:10.1101/2023.06.05.543757	fasciculates_with	manc:v1.2.1 260817	TBD (MANC:34144)
VFB_jrcv0qdg	intermediate tract of dorsal cervical fasciculus - commissure of fine fibers	doi:10.1101/2023.06.05.543757	fasciculates_with	manc:v1.2.1 260817	TBD (MANC:34180)
VFB_jrcv0qfl	intermediate tract of dorsal cervical fasciculus - commissure of fine fibers	doi:10.1101/2023.06.05.543757	fasciculates_with	manc:v1.2.1 260817	TBD (MANC:34257)
VFB_jrcv0qja	intermediate tract of dorsal cervical fasciculus - commissure of fine fibers	doi:10.1101/2023.06.05.543757	fasciculates_with	manc:v1.2.1 260817	TBD (MANC:34390)
VFB_jrcv0qjt	dorsal median tract of dorsal cervical fasciculus	doi:10.1101/2023.06.05.543757	fasciculates_with	manc:v1.2.1 260817	TBD (MANC:34409)
VFB_jrcv0qka	dorsal median tract of dorsal cervical fasciculus	doi:10.1101/2023.06.05.543757	fasciculates_with	manc:v1.2.1 260817	TBD (MANC:34426)
VFB_jrcv0qla	dorsal median tract of dorsal cervical fasciculus	doi:10.1101/2023.06.05.543757	fasciculates_with	manc:v1.2.1 260817	TBD (MANC:34462)
VFB_jrcv0qpt	intermediate tract of dorsal cervical fasciculus - commissure of fine fibers	doi:10.1101/2023.06.05.543757	fasciculates_with	manc:v1.2.1 260817	AN07B062_A1_L (MANC:34625)
VFB_jrcv0qqb	intermediate tract of dorsal cervical fasciculus - commissure of fine fibers	doi:10.1101/2023.06.05.543757	fasciculates_with	manc:v1.2.1 260817	TBD (MANC:34643)
VFB_jrcv0qr1	intermediate tract of dorsal cervical fasciculus - commissure of fine fibers	doi:10.1101/2023.06.05.543757	fasciculates_with	manc:v1.2.1 260817	TBD (MANC:34669)
VFB_jrcv0qsx	dorsal lateral tract of dorsal cervical fasciculus	doi:10.1101/2023.06.05.543757	fasciculates_with	manc:v1.2.1 260817	TBD (MANC:34737)
VFB_jrcv0qva	intermediate tract of dorsal cervical fasciculus - commissure of fine fibers	doi:10.1101/2023.06.05.543757	fasciculates_with	manc:v1.2.1 260817	TBD (MANC:34822)
VFB_jrcv0qwf	intermediate tract of dorsal cervical fasciculus - commissure of fine fibers	doi:10.1101/2023.06.05.543757	fasciculates_with	manc:v1.2.1 260817	TBD (MANC:34863)
VFB_jrcv0r2w	dorsal median tract of dorsal cervical fasciculus	doi:10.1101/2023.06.05.543757	fasciculates_with	manc:v1.2.1 260817	SApp23_DMetaN_R (MANC:35096)
VFB_jrcv0r39	intermediate tract of dorsal cervical fasciculus - commissure of fine fibers	doi:10.1101/2023.06.05.543757	fasciculates_with	manc:v1.2.1 260817	AN19B086_T3_R (MANC:35109)
VFB_jrcv0r56	intermediate tract of dorsal cervical fasciculus - commissure of fine fibers	doi:10.1101/2023.06.05.543757	fasciculates_with	manc:v1.2.1 260817	TBD (MANC:35178)
VFB_jrcv0rj1	dorsal median tract of dorsal cervical fasciculus	doi:10.1101/2023.06.05.543757	fasciculates_with	manc:v1.2.1 260817	TBD (MANC:35677)
VFB_jrcv0rkt	dorsal lateral tract of ventral cervical fasciculus	doi:10.1101/2023.06.05.543757	fasciculates_with	manc:v1.2.1 260817	AN10B012_T1_L (MANC:35741)
VFB_jrcv0rl2	intermediate tract of dorsal cervical fasciculus - commissure of fine fibers	doi:10.1101/2023.06.05.543757	fasciculates_with	manc:v1.2.1 260817	AN19B054_T3_L (MANC:35750)
VFB_jrcv0rm5	dorsal median tract of dorsal cervical fasciculus	doi:10.1101/2023.06.05.543757	fasciculates_with	manc:v1.2.1 260817	TBD (MANC:35789)
VFB_jrcv0rmd	intermediate tract of dorsal cervical fasciculus - commissure of fine fibers	doi:10.1101/2023.06.05.543757	fasciculates_with	manc:v1.2.1 260817	TBD (MANC:35797)
VFB_jrcv0rp5	intermediate tract of dorsal cervical fasciculus - commissure of fine fibers	doi:10.1101/2023.06.05.543757	fasciculates_with	manc:v1.2.1 260817	TBD (MANC:35897)
VFB_jrcv0rpa	dorsal median tract of dorsal cervical fasciculus	doi:10.1101/2023.06.05.543757	fasciculates_with	manc:v1.2.1 260817	TBD (MANC:35902)
VFB_jrcv0rro	intermediate tract of dorsal cervical fasciculus - commissure of fine fibers	doi:10.1101/2023.06.05.543757	fasciculates_with	manc:v1.2.1 260817	AN07B063_T3_L (MANC:35988)
VFB_jrcv0rrs	dorsal median tract of dorsal cervical fasciculus	doi:10.1101/2023.06.05.543757	fasciculates_with	manc:v1.2.1 260817	TBD (MANC:35992)
VFB_jrcv0rtt	dorsal median tract of dorsal cervical fasciculus	doi:10.1101/2023.06.05.543757	fasciculates_with	manc:v1.2.1 260817	SApp21_DMetaN_L (MANC:36065)
VFB_jrcv0s50	intermediate tract of dorsal cervical fasciculus - commissure of fine fibers	doi:10.1101/2023.06.05.543757	fasciculates_with	manc:v1.2.1 260817	TBD (MANC:36468)
VFB_jrcv0s5d	intermediate tract of dorsal cervical fasciculus - commissure of fine fibers	doi:10.1101/2023.06.05.543757	fasciculates_with	manc:v1.2.1 260817	AN19B057_T3_L (MANC:36481)
VFB_jrcv0s5l	intermediate tract of dorsal cervical fasciculus - commissure of fine fibers	doi:10.1101/2023.06.05.543757	fasciculates_with	manc:v1.2.1 260817	TBD (MANC:36489)
VFB_jrcv0s5r	intermediate tract of dorsal cervical fasciculus - commissure of fine fibers	doi:10.1101/2023.06.05.543757	fasciculates_with	manc:v1.2.1 260817	TBD (MANC:36495)
VFB_jrcv0s83	intermediate tract of dorsal cervical fasciculus - commissure of fine fibers	doi:10.1101/2023.06.05.543757	fasciculates_with	manc:v1.2.1 260817	TBD (MANC:36579)
VFB_jrcv0s8m	intermediate tract of dorsal cervical fasciculus - commissure of fine fibers	doi:10.1101/2023.06.05.543757	fasciculates_with	manc:v1.2.1 260817	TBD (MANC:36598)
VFB_jrcv0sby	dorsal lateral tract of dorsal cervical fasciculus	doi:10.1101/2023.06.05.543757	fasciculates_with	manc:v1.2.1 260817	TBD (MANC:36718)
VFB_jrcv0sfh	intermediate tract of dorsal cervical fasciculus - commissure of fine fibers	doi:10.1101/2023.06.05.543757	fasciculates_with	manc:v1.2.1 260817	TBD (MANC:36845)
VFB_jrcv0shu	intermediate tract of dorsal cervical fasciculus - commissure of fine fibers	doi:10.1101/2023.06.05.543757	fasciculates_with	manc:v1.2.1 260817	TBD (MANC:36930)
VFB_jrcv0sje	intermediate tract of dorsal cervical fasciculus - commissure of fine fibers	doi:10.1101/2023.06.05.543757	fasciculates_with	manc:v1.2.1 260817	AN19B065_T3_L (MANC:36986)
VFB_jrcv0sk0	dorsal median tract of dorsal cervical fasciculus	doi:10.1101/2023.06.05.543757	fasciculates_with	manc:v1.2.1 260817	SAppxx_DMetaN_L (MANC:37008)
VFB_jrcv0snn	dorsal median tract of dorsal cervical fasciculus	doi:10.1101/2023.06.05.543757	fasciculates_with	manc:v1.2.1 260817	TBD (MANC:37139)
VFB_jrcv0sqd	dorsal lateral tract of ventral cervical fasciculus	doi:10.1101/2023.06.05.543757	fasciculates_with	manc:v1.2.1 260817	AN10B010_T1_L (MANC:37237)
VFB_jrcv0sru	dorsal median tract of dorsal cervical fasciculus	doi:10.1101/2023.06.05.543757	fasciculates_with	manc:v1.2.1 260817	TBD (MANC:37290)
VFB_jrcv0sv1	median dorsal abdominal tract	doi:10.1101/2023.06.05.543757	fasciculates_with	manc:v1.2.1 260817	TBD (MANC:37405)
VFB_jrcv0sxj	dorsal median tract of dorsal cervical fasciculus	doi:10.1101/2023.06.05.543757	fasciculates_with	manc:v1.2.1 260817	SApp18_DMetaN_R (MANC:37495)
VFB_jrcv0t1v	intermediate tract of dorsal cervical fasciculus - commissure of fine fibers	doi:10.1101/2023.06.05.543757	fasciculates_with	manc:v1.2.1 260817	TBD (MANC:37651)
VFB_jrcv0t2j	intermediate tract of dorsal cervical fasciculus - commissure of fine fibers	doi:10.1101/2023.06.05.543757	fasciculates_with	manc:v1.2.1 260817	TBD (MANC:37675)
VFB_jrcv0t38	intermediate tract of dorsal cervical fasciculus - commissure of fine fibers	doi:10.1101/2023.06.05.543757	fasciculates_with	manc:v1.2.1 260817	TBD (MANC:37700)
VFB_jrcv0t3k	intermediate tract of dorsal cervical fasciculus - commissure of fine fibers	doi:10.1101/2023.06.05.543757	fasciculates_with	manc:v1.2.1 260817	TBD (MANC:37712)
VFB_jrcv0t5z	intermediate tract of dorsal cervical fasciculus - commissure of fine fibers	doi:10.1101/2023.06.05.543757	fasciculates_with	manc:v1.2.1 260817	TBD (MANC:37799)
VFB_jrcv0t6f	dorsal median tract of dorsal cervical fasciculus	doi:10.1101/2023.06.05.543757	fasciculates_with	manc:v1.2.1 260817	SAppxx_DMetaN_R (MANC:37815)
VFB_jrcv0t7g	dorsal median tract of dorsal cervical fasciculus	doi:10.1101/2023.06.05.543757	fasciculates_with	manc:v1.2.1 260817	TBD (MANC:37852)
VFB_jrcv0t84	intermediate tract of dorsal cervical fasciculus - commissure of fine fibers	doi:10.1101/2023.06.05.543757	fasciculates_with	manc:v1.2.1 260817	TBD (MANC:37876)
VFB_jrcv0taw	dorsal median tract of dorsal cervical fasciculus	doi:10.1101/2023.06.05.543757	fasciculates_with	manc:v1.2.1 260817	SAppxx_DMetaN_L (MANC:37976)
VFB_jrcv0tbh	intermediate tract of dorsal cervical fasciculus - commissure of fine fibers	doi:10.1101/2023.06.05.543757	fasciculates_with	manc:v1.2.1 260817	TBD (MANC:37997)
VFB_jrcv0tf4	dorsal median tract of dorsal cervical fasciculus	doi:10.1101/2023.06.05.543757	fasciculates_with	manc:v1.2.1 260817	TBD (MANC:38128)
VFB_jrcv0tg7	intermediate tract of dorsal cervical fasciculus - commissure of fine fibers	doi:10.1101/2023.06.05.543757	fasciculates_with	manc:v1.2.1 260817	TBD (MANC:38167)
VFB_jrcv0tql	dorsal lateral tract of dorsal cervical fasciculus	doi:10.1101/2023.06.05.543757	fasciculates_with	manc:v1.2.1 260817	AN19B047_A2_L (MANC:38541)
VFB_jrcv0tt1	intermediate tract of dorsal cervical fasciculus - commissure of fine fibers	doi:10.1101/2023.06.05.543757	fasciculates_with	manc:v1.2.1 260817	TBD (MANC:38629)
VFB_jrcv0tty	dorsal median tract of dorsal cervical fasciculus	doi:10.1101/2023.06.05.543757	fasciculates_with	manc:v1.2.1 260817	SApp24_DMetaN_R (MANC:38662)
VFB_jrcv0tue	dorsal median tract of dorsal cervical fasciculus	doi:10.1101/2023.06.05.543757	fasciculates_with	manc:v1.2.1 260817	SApp28_DMetaN_R (MANC:38678)
VFB_jrcv0tx6	dorsal lateral tract of ventral cervical fasciculus	doi:10.1101/2023.06.05.543757	fasciculates_with	manc:v1.2.1 260817	SApp40_ProLN_R (MANC:38778)
VFB_jrcv0txd	intermediate tract of dorsal cervical fasciculus - commissure of fine fibers	doi:10.1101/2023.06.05.543757	fasciculates_with	manc:v1.2.1 260817	TBD (MANC:38785)
VFB_jrcv0u2p	ventral median tract of ventral cervical fasciculus	doi:10.1101/2023.06.05.543757	fasciculates_with	manc:v1.2.1 260817	TBD (MANC:38977)
VFB_jrcv0u39	intermediate tract of dorsal cervical fasciculus - commissure of fine fibers	doi:10.1101/2023.06.05.543757	fasciculates_with	manc:v1.2.1 260817	TBD (MANC:38997)
VFB_jrcv0u3d	intermediate tract of dorsal cervical fasciculus - commissure of fine fibers	doi:10.1101/2023.06.05.543757	fasciculates_with	manc:v1.2.1 260817	TBD (MANC:39001)
VFB_jrcv0u4l	intermediate tract of dorsal cervical fasciculus - commissure of fine fibers	doi:10.1101/2023.06.05.543757	fasciculates_with	manc:v1.2.1 260817	TBD (MANC:39045)
VFB_jrcv0u9c	dorsal lateral tract of dorsal cervical fasciculus	doi:10.1101/2023.06.05.543757	fasciculates_with	manc:v1.2.1 260817	TBD (MANC:39216)
VFB_jrcv0uag	intermediate tract of dorsal cervical fasciculus - commissure of fine fibers	doi:10.1101/2023.06.05.543757	fasciculates_with	manc:v1.2.1 260817	TBD (MANC:39256)
VFB_jrcv0ucs	ventral median tract of ventral cervical fasciculus	doi:10.1101/2023.06.05.543757	fasciculates_with	manc:v1.2.1 260817	SAch09_MetaLN_L (MANC:39340)
VFB_jrcv0udv	intermediate tract of dorsal cervical fasciculus - commissure of fine fibers	doi:10.1101/2023.06.05.543757	fasciculates_with	manc:v1.2.1 260817	TBD (MANC:39379)
VFB_jrcv0uga	dorsal median tract of dorsal cervical fasciculus	doi:10.1101/2023.06.05.543757	fasciculates_with	manc:v1.2.1 260817	SAppxx_DMetaN_R (MANC:39466)
VFB_jrcv0ugj	median dorsal abdominal tract	doi:10.1101/2023.06.05.543757	fasciculates_with	manc:v1.2.1 260817	TBD (MANC:39475)
VFB_jrcv0ugt	dorsal median tract of dorsal cervical fasciculus	doi:10.1101/2023.06.05.543757	fasciculates_with	manc:v1.2.1 260817	SAppxx_DMetaN_R (MANC:39485)
VFB_jrcv0uk2	dorsal median tract of dorsal cervical fasciculus	doi:10.1101/2023.06.05.543757	fasciculates_with	manc:v1.2.1 260817	SApp21_DMetaN_R (MANC:39602)
VFB_jrcv0uls	intermediate tract of dorsal cervical fasciculus - commissure of fine fibers	doi:10.1101/2023.06.05.543757	fasciculates_with	manc:v1.2.1 260817	TBD (MANC:39664)
VFB_jrcv0um6	dorsal median tract of dorsal cervical fasciculus	doi:10.1101/2023.06.05.543757	fasciculates_with	manc:v1.2.1 260817	SApp21_DMetaN_R (MANC:39678)
VFB_jrcv0umx	intermediate tract of dorsal cervical fasciculus - commissure of fine fibers	doi:10.1101/2023.06.05.543757	fasciculates_with	manc:v1.2.1 260817	TBD (MANC:39705)
VFB_jrcv0ung	ventral median tract of ventral cervical fasciculus	doi:10.1101/2023.06.05.543757	fasciculates_with	manc:v1.2.1 260817	TBD (MANC:39724)
VFB_jrcv0unw	dorsal median tract of dorsal cervical fasciculus	doi:10.1101/2023.06.05.543757	fasciculates_with	manc:v1.2.1 260817	SApp04_ADMN_R (MANC:39740)
VFB_jrcv0uo7	intermediate tract of dorsal cervical fasciculus - commissure of fine fibers	doi:10.1101/2023.06.05.543757	fasciculates_with	manc:v1.2.1 260817	TBD (MANC:39751)
VFB_jrcv0upl	ventral median tract of ventral cervical fasciculus	doi:10.1101/2023.06.05.543757	fasciculates_with	manc:v1.2.1 260817	AN05B022_T1_L (MANC:39801)
VFB_jrcv0urx	intermediate tract of dorsal cervical fasciculus - commissure of fine fibers	doi:10.1101/2023.06.05.543757	fasciculates_with	manc:v1.2.1 260817	TBD (MANC:39885)
VFB_jrcv0utz	intermediate tract of dorsal cervical fasciculus - commissure of fine fibers	doi:10.1101/2023.06.05.543757	fasciculates_with	manc:v1.2.1 260817	TBD (MANC:39959)
VFB_jrcv0uxw	dorsal median tract of dorsal cervical fasciculus	doi:10.1101/2023.06.05.543757	fasciculates_with	manc:v1.2.1 260817	AN18B023_T2_R (MANC:40100)
VFB_jrcv0v1m	dorsal median tract of dorsal cervical fasciculus	doi:10.1101/2023.06.05.543757	fasciculates_with	manc:v1.2.1 260817	TBD (MANC:40234)
VFB_jrcv0v24	intermediate tract of dorsal cervical fasciculus - commissure of fine fibers	doi:10.1101/2023.06.05.543757	fasciculates_with	manc:v1.2.1 260817	TBD (MANC:40252)
VFB_jrcv0v2n	intermediate tract of dorsal cervical fasciculus - commissure of fine fibers	doi:10.1101/2023.06.05.543757	fasciculates_with	manc:v1.2.1 260817	TBD (MANC:40271)
VFB_jrcv0v5u	intermediate tract of dorsal cervical fasciculus - commissure of fine fibers	doi:10.1101/2023.06.05.543757	fasciculates_with	manc:v1.2.1 260817	TBD (MANC:40386)
VFB_jrcv0v72	intermediate tract of dorsal cervical fasciculus - commissure of fine fibers	doi:10.1101/2023.06.05.543757	fasciculates_with	manc:v1.2.1 260817	TBD (MANC:40430)
VFB_jrcv0v91	intermediate tract of dorsal cervical fasciculus - commissure of fine fibers	doi:10.1101/2023.06.05.543757	fasciculates_with	manc:v1.2.1 260817	TBD (MANC:40501)
VFB_jrcv0v9q	ventral median tract of ventral cervical fasciculus	doi:10.1101/2023.06.05.543757	fasciculates_with	manc:v1.2.1 260817	SAchxx_ProLN_L (MANC:40526)
VFB_jrcv0v9q	ventral median tract of ventral cervical fasciculus	doi:10.1101/2023.06.05.543757	fasciculates_with	manc:v1.2.1 260817	SAchxx_ProLN_L (MANC:40526)
VFB_jrcv0vlg	intermediate tract of dorsal cervical fasciculus - commissure of fine fibers	doi:10.1101/2023.06.05.543757	fasciculates_with	manc:v1.2.1 260817	TBD (MANC:40948)
VFB_jrcv0vne	intermediate tract of dorsal cervical fasciculus - commissure of fine fibers	doi:10.1101/2023.06.05.543757	fasciculates_with	manc:v1.2.1 260817	TBD (MANC:41018)
VFB_jrcv0vqd	dorsal lateral tract of dorsal cervical fasciculus	doi:10.1101/2023.06.05.543757	fasciculates_with	manc:v1.2.1 260817	TBD (MANC:41125)
VFB_jrcv0vsl	intermediate tract of dorsal cervical fasciculus - commissure of fine fibers	doi:10.1101/2023.06.05.543757	fasciculates_with	manc:v1.2.1 260817	TBD (MANC:41205)
VFB_jrcv0vtj	intermediate tract of dorsal cervical fasciculus - commissure of fine fibers	doi:10.1101/2023.06.05.543757	fasciculates_with	manc:v1.2.1 260817	TBD (MANC:41239)
VFB_jrcv0vu5	intermediate tract of dorsal cervical fasciculus - commissure of fine fibers	doi:10.1101/2023.06.05.543757	fasciculates_with	manc:v1.2.1 260817	TBD (MANC:41261)
VFB_jrcv0vut	intermediate tract of dorsal cervical fasciculus - commissure of fine fibers	doi:10.1101/2023.06.05.543757	fasciculates_with	manc:v1.2.1 260817	TBD (MANC:41285)
VFB_jrcv0vw8	intermediate tract of dorsal cervical fasciculus - commissure of fine fibers	doi:10.1101/2023.06.05.543757	fasciculates_with	manc:v1.2.1 260817	TBD (MANC:41336)
VFB_jrcv0vxk	intermediate tract of dorsal cervical fasciculus - commissure of fine fibers	doi:10.1101/2023.06.05.543757	fasciculates_with	manc:v1.2.1 260817	TBD (MANC:41384)
VFB_jrcv0vxn	intermediate tract of dorsal cervical fasciculus - commissure of fine fibers	doi:10.1101/2023.06.05.543757	fasciculates_with	manc:v1.2.1 260817	TBD (MANC:41387)
VFB_jrcv0vyk	intermediate tract of dorsal cervical fasciculus - commissure of fine fibers	doi:10.1101/2023.06.05.543757	fasciculates_with	manc:v1.2.1 260817	TBD (MANC:41420)
VFB_jrcv0vzk	median dorsal abdominal tract	doi:10.1101/2023.06.05.543757	fasciculates_with	manc:v1.2.1 260817	TBD (MANC:41456)
VFB_jrcv0w00	dorsal median tract of dorsal cervical fasciculus	doi:10.1101/2023.06.05.543757	fasciculates_with	manc:v1.2.1 260817	SApp21_DMetaN_R (MANC:41472)
VFB_jrcv0w7f	ventral median tract of ventral cervical fasciculus	doi:10.1101/2023.06.05.543757	fasciculates_with	manc:v1.2.1 260817	TBD (MANC:41739)
VFB_jrcv0w7i	dorsal median tract of dorsal cervical fasciculus	doi:10.1101/2023.06.05.543757	fasciculates_with	manc:v1.2.1 260817	SApp18_DMetaN_R (MANC:41742)
VFB_jrcv0w86	intermediate tract of dorsal cervical fasciculus - commissure of fine fibers	doi:10.1101/2023.06.05.543757	fasciculates_with	manc:v1.2.1 260817	TBD (MANC:41766)
VFB_jrcv0wcs	dorsal median tract of dorsal cervical fasciculus	doi:10.1101/2023.06.05.543757	fasciculates_with	manc:v1.2.1 260817	SApp23_DMetaN_R (MANC:41932)
VFB_jrcv0wfe	dorsal median tract of dorsal cervical fasciculus	doi:10.1101/2023.06.05.543757	fasciculates_with	manc:v1.2.1 260817	SApp21_DMetaN_R (MANC:42026)
VFB_jrcv0wgr	intermediate tract of dorsal cervical fasciculus - commissure of fine fibers	doi:10.1101/2023.06.05.543757	fasciculates_with	manc:v1.2.1 260817	TBD (MANC:42075)
VFB_jrcv0wgt	intermediate tract of dorsal cervical fasciculus - commissure of fine fibers	doi:10.1101/2023.06.05.543757	fasciculates_with	manc:v1.2.1 260817	TBD (MANC:42077)
VFB_jrcv0wi8	intermediate tract of dorsal cervical fasciculus - commissure of fine fibers	doi:10.1101/2023.06.05.543757	fasciculates_with	manc:v1.2.1 260817	TBD (MANC:42128)
VFB_jrcv0wia	intermediate tract of dorsal cervical fasciculus - commissure of fine fibers	doi:10.1101/2023.06.05.543757	fasciculates_with	manc:v1.2.1 260817	TBD (MANC:42130)
VFB_jrcv0wj5	intermediate tract of dorsal cervical fasciculus - commissure of fine fibers	doi:10.1101/2023.06.05.543757	fasciculates_with	manc:v1.2.1 260817	TBD (MANC:42161)
VFB_jrcv0wk0	intermediate tract of dorsal cervical fasciculus - commissure of fine fibers	doi:10.1101/2023.06.05.543757	fasciculates_with	manc:v1.2.1 260817	TBD (MANC:42192)
VFB_jrcv0wl7	intermediate tract of dorsal cervical fasciculus - commissure of fine fibers	doi:10.1101/2023.06.05.543757	fasciculates_with	manc:v1.2.1 260817	TBD (MANC:42235)
VFB_jrcv0wm9	intermediate tract of dorsal cervical fasciculus - commissure of fine fibers	doi:10.1101/2023.06.05.543757	fasciculates_with	manc:v1.2.1 260817	TBD (MANC:42273)
VFB_jrcv0wme	intermediate tract of dorsal cervical fasciculus - commissure of fine fibers	doi:10.1101/2023.06.05.543757	fasciculates_with	manc:v1.2.1 260817	TBD (MANC:42278)
VFB_jrcv0wtm	ventral median tract of ventral cervical fasciculus	doi:10.1101/2023.06.05.543757	fasciculates_with	manc:v1.2.1 260817	SAch09_MesoLN_R (MANC:42538)
VFB_jrcv0wuj	dorsal median tract of dorsal cervical fasciculus	doi:10.1101/2023.06.05.543757	fasciculates_with	manc:v1.2.1 260817	SApp21_DMetaN_R (MANC:42571)
VFB_jrcv0wvl	intermediate tract of dorsal cervical fasciculus - commissure of fine fibers	doi:10.1101/2023.06.05.543757	fasciculates_with	manc:v1.2.1 260817	TBD (MANC:42609)
VFB_jrcv0wxd	intermediate tract of dorsal cervical fasciculus - commissure of fine fibers	doi:10.1101/2023.06.05.543757	fasciculates_with	manc:v1.2.1 260817	TBD (MANC:42673)
VFB_jrcv0wyk	intermediate tract of dorsal cervical fasciculus - commissure of fine fibers	doi:10.1101/2023.06.05.543757	fasciculates_with	manc:v1.2.1 260817	TBD (MANC:42716)
VFB_jrcv0wzx	ventral median tract of ventral cervical fasciculus	doi:10.1101/2023.06.05.543757	fasciculates_with	manc:v1.2.1 260817	SAch11_MesoLN_L (MANC:42765)
VFB_jrcv0x1f	dorsal lateral tract of dorsal cervical fasciculus	doi:10.1101/2023.06.05.543757	fasciculates_with	manc:v1.2.1 260817	AN27X002_T3_L (MANC:42819)
VFB_jrcv0x4i	intermediate tract of dorsal cervical fasciculus - commissure of fine fibers	doi:10.1101/2023.06.05.543757	fasciculates_with	manc:v1.2.1 260817	TBD (MANC:42930)
VFB_jrcv0x63	intermediate tract of dorsal cervical fasciculus - commissure of fine fibers	doi:10.1101/2023.06.05.543757	fasciculates_with	manc:v1.2.1 260817	TBD (MANC:42987)
VFB_jrcv0x6r	dorsal median tract of dorsal cervical fasciculus	doi:10.1101/2023.06.05.543757	fasciculates_with	manc:v1.2.1 260817	TBD (MANC:43011)
VFB_jrcv0x8c	intermediate tract of dorsal cervical fasciculus - commissure of fine fibers	doi:10.1101/2023.06.05.543757	fasciculates_with	manc:v1.2.1 260817	TBD (MANC:43068)
VFB_jrcv0xcy	intermediate tract of dorsal cervical fasciculus - commissure of fine fibers	doi:10.1101/2023.06.05.543757	fasciculates_with	manc:v1.2.1 260817	TBD (MANC:43234)
VFB_jrcv0xd4	intermediate tract of dorsal cervical fasciculus - commissure of fine fibers	doi:10.1101/2023.06.05.543757	fasciculates_with	manc:v1.2.1 260817	AN19B067_T3_L (MANC:43240)
VFB_jrcv0xgi	intermediate tract of dorsal cervical fasciculus - commissure of fine fibers	doi:10.1101/2023.06.05.543757	fasciculates_with	manc:v1.2.1 260817	TBD (MANC:43362)
VFB_jrcv0xhu	ventral median tract of ventral cervical fasciculus	doi:10.1101/2023.06.05.543757	fasciculates_with	manc:v1.2.1 260817	SAch09_MesoLN_L (MANC:43410)
VFB_jrcv0xie	intermediate tract of dorsal cervical fasciculus - commissure of fine fibers	doi:10.1101/2023.06.05.543757	fasciculates_with	manc:v1.2.1 260817	TBD (MANC:43430)
VFB_jrcv0xk4	dorsal lateral tract of ventral cervical fasciculus	doi:10.1101/2023.06.05.543757	fasciculates_with	manc:v1.2.1 260817	AN10B017_T1_L (MANC:43492)
VFB_jrcv0xmw	ventral median tract of ventral cervical fasciculus	doi:10.1101/2023.06.05.543757	fasciculates_with	manc:v1.2.1 260817	SAch09_ProLN_L (MANC:43592)
VFB_jrcv0xnk	intermediate tract of dorsal cervical fasciculus - commissure of fine fibers	doi:10.1101/2023.06.05.543757	fasciculates_with	manc:v1.2.1 260817	TBD (MANC:43616)
VFB_jrcv0xqm	ventral median tract of ventral cervical fasciculus	doi:10.1101/2023.06.05.543757	fasciculates_with	manc:v1.2.1 260817	SAchxx_ProLN_R (MANC:43726)
VFB_jrcv0xqm	ventral median tract of ventral cervical fasciculus	doi:10.1101/2023.06.05.543757	fasciculates_with	manc:v1.2.1 260817	SAchxx_ProLN_R (MANC:43726)
VFB_jrcv0xqo	intermediate tract of dorsal cervical fasciculus - commissure of fine fibers	doi:10.1101/2023.06.05.543757	fasciculates_with	manc:v1.2.1 260817	TBD (MANC:43728)
VFB_jrcv0xs2	intermediate tract of dorsal cervical fasciculus - commissure of fine fibers	doi:10.1101/2023.06.05.543757	fasciculates_with	manc:v1.2.1 260817	TBD (MANC:43778)
VFB_jrcv0xsj	intermediate tract of dorsal cervical fasciculus - commissure of fine fibers	doi:10.1101/2023.06.05.543757	fasciculates_with	manc:v1.2.1 260817	TBD (MANC:43795)
VFB_jrcv0xsp	intermediate tract of dorsal cervical fasciculus - commissure of fine fibers	doi:10.1101/2023.06.05.543757	fasciculates_with	manc:v1.2.1 260817	TBD (MANC:43801)
VFB_jrcv0xtq	ventral median tract of ventral cervical fasciculus	doi:10.1101/2023.06.05.543757	fasciculates_with	manc:v1.2.1 260817	SAch09_MesoLN_R (MANC:43838)
VFB_jrcv0xul	intermediate tract of dorsal cervical fasciculus - commissure of fine fibers	doi:10.1101/2023.06.05.543757	fasciculates_with	manc:v1.2.1 260817	TBD (MANC:43869)
VFB_jrcv0xvk	dorsal median tract of dorsal cervical fasciculus	doi:10.1101/2023.06.05.543757	fasciculates_with	manc:v1.2.1 260817	SApp23_DMetaN_R (MANC:43904)
VFB_jrcv0xy9	intermediate tract of dorsal cervical fasciculus - commissure of fine fibers	doi:10.1101/2023.06.05.543757	fasciculates_with	manc:v1.2.1 260817	TBD (MANC:44001)
VFB_jrcv0y29	intermediate tract of dorsal cervical fasciculus - commissure of fine fibers	doi:10.1101/2023.06.05.543757	fasciculates_with	manc:v1.2.1 260817	TBD (MANC:44145)
VFB_jrcv0y2u	ventral median tract of ventral cervical fasciculus	doi:10.1101/2023.06.05.543757	fasciculates_with	manc:v1.2.1 260817	TBD (MANC:44166)
VFB_jrcv0y3r	intermediate tract of dorsal cervical fasciculus - commissure of fine fibers	doi:10.1101/2023.06.05.543757	fasciculates_with	manc:v1.2.1 260817	TBD (MANC:44199)
VFB_jrcv0y3t	median dorsal abdominal tract	doi:10.1101/2023.06.05.543757	fasciculates_with	manc:v1.2.1 260817	TBD (MANC:44201)
VFB_jrcv0y6a	intermediate tract of dorsal cervical fasciculus - commissure of fine fibers	doi:10.1101/2023.06.05.543757	fasciculates_with	manc:v1.2.1 260817	TBD (MANC:44290)
VFB_jrcv0y6m	intermediate tract of dorsal cervical fasciculus - commissure of fine fibers	doi:10.1101/2023.06.05.543757	fasciculates_with	manc:v1.2.1 260817	TBD (MANC:44302)
VFB_jrcv0y75	dorsal median tract of dorsal cervical fasciculus	doi:10.1101/2023.06.05.543757	fasciculates_with	manc:v1.2.1 260817	TBD (MANC:44321)
VFB_jrcv0y86	intermediate tract of dorsal cervical fasciculus - commissure of fine fibers	doi:10.1101/2023.06.05.543757	fasciculates_with	manc:v1.2.1 260817	TBD (MANC:44358)
VFB_jrcv0y9w	intermediate tract of dorsal cervical fasciculus - commissure of fine fibers	doi:10.1101/2023.06.05.543757	fasciculates_with	manc:v1.2.1 260817	TBD (MANC:44420)
VFB_jrcv0ybz	ventral median tract of ventral cervical fasciculus	doi:10.1101/2023.06.05.543757	fasciculates_with	manc:v1.2.1 260817	SAch09_ProLN_R (MANC:44495)
VFB_jrcv0ycz	ventral median tract of ventral cervical fasciculus	doi:10.1101/2023.06.05.543757	fasciculates_with	manc:v1.2.1 260817	SAch09_MesoLN_R (MANC:44531)
VFB_jrcv0yfl	ventral median tract of ventral cervical fasciculus	doi:10.1101/2023.06.05.543757	fasciculates_with	manc:v1.2.1 260817	SAch09_MesoLN_R (MANC:44625)
VFB_jrcv0yhg	intermediate tract of dorsal cervical fasciculus - commissure of fine fibers	doi:10.1101/2023.06.05.543757	fasciculates_with	manc:v1.2.1 260817	TBD (MANC:44692)
VFB_jrcv0yk3	ventral median tract of ventral cervical fasciculus	doi:10.1101/2023.06.05.543757	fasciculates_with	manc:v1.2.1 260817	SAchxx_ProLN_L (MANC:44787)
VFB_jrcv0yk3	ventral median tract of ventral cervical fasciculus	doi:10.1101/2023.06.05.543757	fasciculates_with	manc:v1.2.1 260817	SAchxx_ProLN_L (MANC:44787)
VFB_jrcv0yly	ventral median tract of ventral cervical fasciculus	doi:10.1101/2023.06.05.543757	fasciculates_with	manc:v1.2.1 260817	SAch09_ProLN_L (MANC:44854)
VFB_jrcv0ynt	intermediate tract of dorsal cervical fasciculus - commissure of fine fibers	doi:10.1101/2023.06.05.543757	fasciculates_with	manc:v1.2.1 260817	TBD (MANC:44921)
VFB_jrcv0yov	ventral median tract of ventral cervical fasciculus	doi:10.1101/2023.06.05.543757	fasciculates_with	manc:v1.2.1 260817	SAch09_MetaLN_R (MANC:44959)
VFB_jrcv0yte	ventral median tract of ventral cervical fasciculus	doi:10.1101/2023.06.05.543757	fasciculates_with	manc:v1.2.1 260817	SAch09_MetaLN_L (MANC:45122)
VFB_jrcv0ytp	ventral median tract of ventral cervical fasciculus	doi:10.1101/2023.06.05.543757	fasciculates_with	manc:v1.2.1 260817	SAch09_MetaLN_R (MANC:45133)
VFB_jrcv0yvy	intermediate tract of dorsal cervical fasciculus - commissure of fine fibers	doi:10.1101/2023.06.05.543757	fasciculates_with	manc:v1.2.1 260817	TBD (MANC:45214)
VFB_jrcv0yxu	intermediate tract of dorsal cervical fasciculus - commissure of fine fibers	doi:10.1101/2023.06.05.543757	fasciculates_with	manc:v1.2.1 260817	TBD (MANC:45282)
VFB_jrcv0yxv	dorsal median tract of dorsal cervical fasciculus	doi:10.1101/2023.06.05.543757	fasciculates_with	manc:v1.2.1 260817	SAppxx_DMetaN_R (MANC:45283)
VFB_jrcv0yyn	intermediate tract of dorsal cervical fasciculus - commissure of fine fibers	doi:10.1101/2023.06.05.543757	fasciculates_with	manc:v1.2.1 260817	TBD (MANC:45311)
VFB_jrcv0z14	intermediate tract of dorsal cervical fasciculus - commissure of fine fibers	doi:10.1101/2023.06.05.543757	fasciculates_with	manc:v1.2.1 260817	TBD (MANC:45400)
VFB_jrcv0z2b	intermediate tract of dorsal cervical fasciculus - commissure of fine fibers	doi:10.1101/2023.06.05.543757	fasciculates_with	manc:v1.2.1 260817	TBD (MANC:45443)
VFB_jrcv0z3a	ventral median tract of ventral cervical fasciculus	doi:10.1101/2023.06.05.543757	fasciculates_with	manc:v1.2.1 260817	SAch09_ProLN_R (MANC:45478)
VFB_jrcv0z3k	intermediate tract of dorsal cervical fasciculus - commissure of fine fibers	doi:10.1101/2023.06.05.543757	fasciculates_with	manc:v1.2.1 260817	TBD (MANC:45488)
VFB_jrcv0z41	ventral median tract of ventral cervical fasciculus	doi:10.1101/2023.06.05.543757	fasciculates_with	manc:v1.2.1 260817	SAch11_ProLN_R (MANC:45505)
VFB_jrcv0z48	ventral median tract of ventral cervical fasciculus	doi:10.1101/2023.06.05.543757	fasciculates_with	manc:v1.2.1 260817	SAch11_MesoLN_R (MANC:45512)
VFB_jrcv0z4j	dorsal median tract of dorsal cervical fasciculus	doi:10.1101/2023.06.05.543757	fasciculates_with	manc:v1.2.1 260817	TBD (MANC:45523)
VFB_jrcv0z76	dorsal median tract of dorsal cervical fasciculus	doi:10.1101/2023.06.05.543757	fasciculates_with	manc:v1.2.1 260817	TBD (MANC:45618)
VFB_jrcv0zdl	intermediate tract of dorsal cervical fasciculus - commissure of fine fibers	doi:10.1101/2023.06.05.543757	fasciculates_with	manc:v1.2.1 260817	TBD (MANC:45849)
VFB_jrcv0zfb	dorsal lateral tract of dorsal cervical fasciculus	doi:10.1101/2023.06.05.543757	fasciculates_with	manc:v1.2.1 260817	TBD (MANC:45911)
VFB_jrcv0zfr	ventral median tract of ventral cervical fasciculus	doi:10.1101/2023.06.05.543757	fasciculates_with	manc:v1.2.1 260817	SAch09_MetaLN_R (MANC:45927)
VFB_jrcv0zpc	ventral median tract of ventral cervical fasciculus	doi:10.1101/2023.06.05.543757	fasciculates_with	manc:v1.2.1 260817	SAch11_MetaLN_R (MANC:46272)
VFB_jrcv0zq9	ventral median tract of ventral cervical fasciculus	doi:10.1101/2023.06.05.543757	fasciculates_with	manc:v1.2.1 260817	SAxx25_MesoLN_L (MANC:46305)
VFB_jrcv0zwh	dorsal median tract of dorsal cervical fasciculus	doi:10.1101/2023.06.05.543757	fasciculates_with	manc:v1.2.1 260817	SAppxx_DMetaN_L (MANC:46529)
VFB_jrcv0zyb	intermediate tract of dorsal cervical fasciculus - commissure of fine fibers	doi:10.1101/2023.06.05.543757	fasciculates_with	manc:v1.2.1 260817	TBD (MANC:46595)
VFB_jrcv103n	dorsal median tract of dorsal cervical fasciculus	doi:10.1101/2023.06.05.543757	fasciculates_with	manc:v1.2.1 260817	AN18B023_T2_R (MANC:46787)
VFB_jrcv107e	intermediate tract of dorsal cervical fasciculus - commissure of fine fibers	doi:10.1101/2023.06.05.543757	fasciculates_with	manc:v1.2.1 260817	TBD (MANC:46922)
VFB_jrcv10cc	ventral median tract of ventral cervical fasciculus	doi:10.1101/2023.06.05.543757	fasciculates_with	manc:v1.2.1 260817	SAch09_ProLN_R (MANC:47100)
VFB_jrcv10d0	intermediate tract of dorsal cervical fasciculus - commissure of fine fibers	doi:10.1101/2023.06.05.543757	fasciculates_with	manc:v1.2.1 260817	TBD (MANC:47124)
VFB_jrcv10fy	intermediate tract of dorsal cervical fasciculus - commissure of fine fibers	doi:10.1101/2023.06.05.543757	fasciculates_with	manc:v1.2.1 260817	TBD (MANC:47230)
VFB_jrcv10h1	ventral median tract of ventral cervical fasciculus	doi:10.1101/2023.06.05.543757	fasciculates_with	manc:v1.2.1 260817	SAch09_MetaLN_R (MANC:47269)
VFB_jrcv10m9	ventral median tract of ventral cervical fasciculus	doi:10.1101/2023.06.05.543757	fasciculates_with	manc:v1.2.1 260817	SAch09_ProLN_R (MANC:47457)
VFB_jrcv10ox	ventral median tract of ventral cervical fasciculus	doi:10.1101/2023.06.05.543757	fasciculates_with	manc:v1.2.1 260817	SAch09_MetaLN_L (MANC:47553)
VFB_jrcv10x1	ventral median tract of ventral cervical fasciculus	doi:10.1101/2023.06.05.543757	fasciculates_with	manc:v1.2.1 260817	SAch09_MetaLN_L (MANC:47845)
VFB_jrcv10xt	dorsal median tract of dorsal cervical fasciculus	doi:10.1101/2023.06.05.543757	fasciculates_with	manc:v1.2.1 260817	SAppxx_DMetaN_R (MANC:47873)
VFB_jrcv1123	dorsal median tract of dorsal cervical fasciculus	doi:10.1101/2023.06.05.543757	fasciculates_with	manc:v1.2.1 260817	TBD (MANC:48027)
VFB_jrcv112h	ventral median tract of ventral cervical fasciculus	doi:10.1101/2023.06.05.543757	fasciculates_with	manc:v1.2.1 260817	SAxx25_MesoLN_L (MANC:48041)
VFB_jrcv1174	intermediate tract of dorsal cervical fasciculus - commissure of fine fibers	doi:10.1101/2023.06.05.543757	fasciculates_with	manc:v1.2.1 260817	TBD (MANC:48208)
VFB_jrcv11eh	intermediate tract of dorsal cervical fasciculus - commissure of fine fibers	doi:10.1101/2023.06.05.543757	fasciculates_with	manc:v1.2.1 260817	TBD (MANC:48473)
VFB_jrcv11g4	ventral median tract of ventral cervical fasciculus	doi:10.1101/2023.06.05.543757	fasciculates_with	manc:v1.2.1 260817	SAchxx_ProLN_R (MANC:48532)
VFB_jrcv11g4	ventral median tract of ventral cervical fasciculus	doi:10.1101/2023.06.05.543757	fasciculates_with	manc:v1.2.1 260817	SAchxx_ProLN_R (MANC:48532)
VFB_jrcv11g6	ventral median tract of ventral cervical fasciculus	doi:10.1101/2023.06.05.543757	fasciculates_with	manc:v1.2.1 260817	SAxx23_ProLN_R (MANC:48534)
VFB_jrcv11h7	dorsal median tract of dorsal cervical fasciculus	doi:10.1101/2023.06.05.543757	fasciculates_with	manc:v1.2.1 260817	SApp21_DMetaN_R (MANC:48571)
VFB_jrcv11he	ventral median tract of ventral cervical fasciculus	doi:10.1101/2023.06.05.543757	fasciculates_with	manc:v1.2.1 260817	SAch09_MetaLN_R (MANC:48578)
VFB_jrcv11t5	dorsal median tract of dorsal cervical fasciculus	doi:10.1101/2023.06.05.543757	fasciculates_with	manc:v1.2.1 260817	SApp21_DMetaN_R (MANC:49001)
VFB_jrcv11w9	intermediate tract of dorsal cervical fasciculus - commissure of fine fibers	doi:10.1101/2023.06.05.543757	fasciculates_with	manc:v1.2.1 260817	TBD (MANC:49113)
VFB_jrcv125a	ventral median tract of ventral cervical fasciculus	doi:10.1101/2023.06.05.543757	fasciculates_with	manc:v1.2.1 260817	SAch09_ProLN_R (MANC:49438)
VFB_jrcv12bh	ventral median tract of ventral cervical fasciculus	doi:10.1101/2023.06.05.543757	fasciculates_with	manc:v1.2.1 260817	SAch11_MetaLN_L (MANC:49661)
VFB_jrcv12dt	median dorsal abdominal tract	doi:10.1101/2023.06.05.543757	fasciculates_with	manc:v1.2.1 260817	TBD (MANC:49745)
VFB_jrcv12ib	ventral median tract of ventral cervical fasciculus	doi:10.1101/2023.06.05.543757	fasciculates_with	manc:v1.2.1 260817	SAch09_ProLN_R (MANC:49907)
VFB_jrcv12iy	intermediate tract of dorsal cervical fasciculus - commissure of fine fibers	doi:10.1101/2023.06.05.543757	fasciculates_with	manc:v1.2.1 260817	TBD (MANC:49930)
VFB_jrcv12jp	ventral median tract of ventral cervical fasciculus	doi:10.1101/2023.06.05.543757	fasciculates_with	manc:v1.2.1 260817	SAch09_ProLN_R (MANC:49957)
VFB_jrcv12ns	ventral lateral tract of ventral cervical fasciculus	doi:10.1101/2023.06.05.543757	fasciculates_with	manc:v1.2.1 260817	TBD (MANC:50104)
VFB_jrcv12si	dorsal median tract of dorsal cervical fasciculus	doi:10.1101/2023.06.05.543757	fasciculates_with	manc:v1.2.1 260817	SApp23_DMetaN_R (MANC:50274)
VFB_jrcv12xe	ventral median tract of ventral cervical fasciculus	doi:10.1101/2023.06.05.543757	fasciculates_with	manc:v1.2.1 260817	SAch09_MesoLN_R (MANC:50450)
VFB_jrcv12xs	median dorsal abdominal tract	doi:10.1101/2023.06.05.543757	fasciculates_with	manc:v1.2.1 260817	TBD (MANC:50464)
VFB_jrcv12zw	dorsal median tract of dorsal cervical fasciculus	doi:10.1101/2023.06.05.543757	fasciculates_with	manc:v1.2.1 260817	SApp21_DMetaN_L (MANC:50540)
VFB_jrcv136y	intermediate tract of dorsal cervical fasciculus - commissure of fine fibers	doi:10.1101/2023.06.05.543757	fasciculates_with	manc:v1.2.1 260817	TBD (MANC:50794)
VFB_jrcv13t0	ventral median tract of ventral cervical fasciculus	doi:10.1101/2023.06.05.543757	fasciculates_with	manc:v1.2.1 260817	SAch09_MetaLN_R (MANC:51588)
VFB_jrcv13z2	intermediate tract of dorsal cervical fasciculus - commissure of fine fibers	doi:10.1101/2023.06.05.543757	fasciculates_with	manc:v1.2.1 260817	TBD (MANC:51806)
VFB_jrcv14ir	dorsal median tract of dorsal cervical fasciculus	doi:10.1101/2023.06.05.543757	fasciculates_with	manc:v1.2.1 260817	SApp19_DMetaN_R (MANC:52515)
VFB_jrcv14m6	ventral median tract of ventral cervical fasciculus	doi:10.1101/2023.06.05.543757	fasciculates_with	manc:v1.2.1 260817	SAxx23_ProLN_L (MANC:52638)
VFB_jrcv14xy	intermediate tract of dorsal cervical fasciculus - commissure of fine fibers	doi:10.1101/2023.06.05.543757	fasciculates_with	manc:v1.2.1 260817	TBD (MANC:53062)
VFB_jrcv15da	dorsal median tract of dorsal cervical fasciculus	doi:10.1101/2023.06.05.543757	fasciculates_with	manc:v1.2.1 260817	SApp31_DMetaN_R (MANC:53614)
VFB_jrcv15lm	ventral median tract of ventral cervical fasciculus	doi:10.1101/2023.06.05.543757	fasciculates_with	manc:v1.2.1 260817	SAch09_MesoLN_R (MANC:53914)
VFB_jrcv15qf	ventral median tract of ventral cervical fasciculus	doi:10.1101/2023.06.05.543757	fasciculates_with	manc:v1.2.1 260817	SAxxxx_MesoLN_L (MANC:54087)
VFB_jrcv15qf	ventral median tract of ventral cervical fasciculus	doi:10.1101/2023.06.05.543757	fasciculates_with	manc:v1.2.1 260817	SAxxxx_MesoLN_L (MANC:54087)
VFB_jrcv16at	ventral median tract of ventral cervical fasciculus	doi:10.1101/2023.06.05.543757	fasciculates_with	manc:v1.2.1 260817	TBD (MANC:54821)
VFB_jrcv16ps	dorsal median tract of dorsal cervical fasciculus	doi:10.1101/2023.06.05.543757	fasciculates_with	manc:v1.2.1 260817	SApp24_DMetaN_R (MANC:55360)
VFB_jrcv16ts	dorsal median tract of dorsal cervical fasciculus	doi:10.1101/2023.06.05.543757	fasciculates_with	manc:v1.2.1 260817	SApp19_DMetaN_R (MANC:55504)
VFB_jrcv1804	ventral median tract of ventral cervical fasciculus	doi:10.1101/2023.06.05.543757	fasciculates_with	manc:v1.2.1 260817	SAch09_MesoLN_L (MANC:57028)
VFB_jrcv183i	ventral median tract of ventral cervical fasciculus	doi:10.1101/2023.06.05.543757	fasciculates_with	manc:v1.2.1 260817	SAch09_MesoLN_L (MANC:57150)
VFB_jrcv18gv	ventral median tract of ventral cervical fasciculus	doi:10.1101/2023.06.05.543757	fasciculates_with	manc:v1.2.1 260817	SAch09_MetaLN_L (MANC:57631)
VFB_jrcv18r2	ventral median tract of ventral cervical fasciculus	doi:10.1101/2023.06.05.543757	fasciculates_with	manc:v1.2.1 260817	SAxxxx_ProLN_L (MANC:57998)
VFB_jrcv18r2	ventral median tract of ventral cervical fasciculus	doi:10.1101/2023.06.05.543757	fasciculates_with	manc:v1.2.1 260817	SAxxxx_ProLN_L (MANC:57998)
VFB_jrcv18t5	ventral median tract of ventral cervical fasciculus	doi:10.1101/2023.06.05.543757	fasciculates_with	manc:v1.2.1 260817	SAxxxx_AbN4_R (MANC:58073)
VFB_jrcv18t5	ventral median tract of ventral cervical fasciculus	doi:10.1101/2023.06.05.543757	fasciculates_with	manc:v1.2.1 260817	SAxxxx_AbN4_R (MANC:58073)
VFB_jrcv18un	ventral median tract of ventral cervical fasciculus	doi:10.1101/2023.06.05.543757	fasciculates_with	manc:v1.2.1 260817	SAch11_MetaLN_L (MANC:58127)
VFB_jrcv19gx	ventral median tract of ventral cervical fasciculus	doi:10.1101/2023.06.05.543757	fasciculates_with	manc:v1.2.1 260817	SAchxx_ProLN_L (MANC:58929)
VFB_jrcv19gx	ventral median tract of ventral cervical fasciculus	doi:10.1101/2023.06.05.543757	fasciculates_with	manc:v1.2.1 260817	SAchxx_ProLN_L (MANC:58929)
VFB_jrcv19ua	ventral median tract of ventral cervical fasciculus	doi:10.1101/2023.06.05.543757	fasciculates_with	manc:v1.2.1 260817	SAch11_MesoLN_R (MANC:59410)
VFB_jrcv1a4a	ventral median tract of ventral cervical fasciculus	doi:10.1101/2023.06.05.543757	fasciculates_with	manc:v1.2.1 260817	SAxx23_MesoLN_L (MANC:59770)
VFB_jrcv1b2p	ventral median tract of ventral cervical fasciculus	doi:10.1101/2023.06.05.543757	fasciculates_with	manc:v1.2.1 260817	SAch09_MesoLN_R (MANC:61009)
VFB_jrcv1b4s	ventral median tract of ventral cervical fasciculus	doi:10.1101/2023.06.05.543757	fasciculates_with	manc:v1.2.1 260817	SAchxx_ProLN_L (MANC:61084)
VFB_jrcv1b4s	ventral median tract of ventral cervical fasciculus	doi:10.1101/2023.06.05.543757	fasciculates_with	manc:v1.2.1 260817	SAchxx_ProLN_L (MANC:61084)
VFB_jrcv1b74	ventral median tract of ventral cervical fasciculus	doi:10.1101/2023.06.05.543757	fasciculates_with	manc:v1.2.1 260817	SAch11_MesoLN_L (MANC:61168)
VFB_jrcv1bfj	ventral median tract of ventral cervical fasciculus	doi:10.1101/2023.06.05.543757	fasciculates_with	manc:v1.2.1 260817	SAxxxx_MesoLN_R (MANC:61471)
VFB_jrcv1bfj	ventral median tract of ventral cervical fasciculus	doi:10.1101/2023.06.05.543757	fasciculates_with	manc:v1.2.1 260817	SAxxxx_MesoLN_R (MANC:61471)
VFB_jrcv1cl9	dorsal lateral tract of ventral cervical fasciculus	doi:10.1101/2023.06.05.543757	fasciculates_with	manc:v1.2.1 260817	SApp40_ProLN_R (MANC:62973)
VFB_jrcv1d1s	dorsal median tract of dorsal cervical fasciculus	doi:10.1101/2023.06.05.543757	fasciculates_with	manc:v1.2.1 260817	SApp23_DMetaN_R (MANC:63568)
VFB_jrcv1d8f	dorsal median tract of dorsal cervical fasciculus	doi:10.1101/2023.06.05.543757	fasciculates_with	manc:v1.2.1 260817	SApp28_DMetaN_L (MANC:63807)
VFB_jrcv1e23	dorsal median tract of dorsal cervical fasciculus	doi:10.1101/2023.06.05.543757	fasciculates_with	manc:v1.2.1 260817	SAppxx_DMetaN_L (MANC:64875)
VFB_jrcv1gjn	ventral median tract of ventral cervical fasciculus	doi:10.1101/2023.06.05.543757	fasciculates_with	manc:v1.2.1 260817	SAxx25_ProLN_L (MANC:68099)
VFB_jrcv1gr1	ventral median tract of ventral cervical fasciculus	doi:10.1101/2023.06.05.543757	fasciculates_with	manc:v1.2.1 260817	SAxxxx_MetaLN_L (MANC:68365)
VFB_jrcv1gr1	ventral median tract of ventral cervical fasciculus	doi:10.1101/2023.06.05.543757	fasciculates_with	manc:v1.2.1 260817	SAxxxx_MetaLN_L (MANC:68365)
VFB_jrcv1hk9	dorsal median tract of dorsal cervical fasciculus	doi:10.1101/2023.06.05.543757	fasciculates_with	manc:v1.2.1 260817	TBD (MANC:69417)
VFB_jrcv1i8d	dorsal median tract of dorsal cervical fasciculus	doi:10.1101/2023.06.05.543757	fasciculates_with	manc:v1.2.1 260817	TBD (MANC:70285)
VFB_jrcv1n3w	dorsal median tract of dorsal cervical fasciculus	doi:10.1101/2023.06.05.543757	fasciculates_with	manc:v1.2.1 260817	SApp18_DMetaN_R (MANC:76604)
VFB_jrcv1naa	ventral median tract of ventral cervical fasciculus	doi:10.1101/2023.06.05.543757	fasciculates_with	manc:v1.2.1 260817	SAxx23_MesoLN_R (MANC:76834)
VFB_jrcv1p0l	ventral median tract of ventral cervical fasciculus	doi:10.1101/2023.06.05.543757	fasciculates_with	manc:v1.2.1 260817	SAxxxx_MetaLN_R (MANC:79077)
VFB_jrcv1p0l	ventral median tract of ventral cervical fasciculus	doi:10.1101/2023.06.05.543757	fasciculates_with	manc:v1.2.1 260817	SAxxxx_MetaLN_R (MANC:79077)
VFB_jrcv1p46	dorsal lateral tract of ventral cervical fasciculus	doi:10.1101/2023.06.05.543757	fasciculates_with	manc:v1.2.1 260817	AN01B003_T3_L (MANC:79206)
VFB_jrcv1vn1	intermediate tract of dorsal cervical fasciculus - commissure of fine fibers	doi:10.1101/2023.06.05.543757	fasciculates_with	manc:v1.2.1 260817	TBD (MANC:87661)
VFB_jrcv1xup	dorsal lateral tract of ventral cervical fasciculus	doi:10.1101/2023.06.05.543757	fasciculates_with	manc:v1.2.1 260817	SApp40_ProLN_L (MANC:90529)
VFB_jrcv21tb	ventral median tract of ventral cervical fasciculus	doi:10.1101/2023.06.05.543757	fasciculates_with	manc:v1.2.1 260817	SAch09_ProLN_L (MANC:95663)
VFB_jrcv239q	ventral median tract of ventral cervical fasciculus	doi:10.1101/2023.06.05.543757	fasciculates_with	manc:v1.2.1 260817	SAch09_MetaLN_R (MANC:97550)
VFB_jrcv2519	ventral median tract of ventral cervical fasciculus	doi:10.1101/2023.06.05.543757	fasciculates_with	manc:v1.2.1 260817	SAxx23_DProN_L (MANC:99837)
VFB_jrcv256n	ventral median tract of ventral cervical fasciculus	doi:10.1101/2023.06.05.543757	fasciculates_with	manc:v1.2.1 260817	SAch11_ProLN_L (MANC:100031)
VFB_jrcv25af	intermediate tract of dorsal cervical fasciculus - commissure of fine fibers	doi:10.1101/2023.06.05.543757	fasciculates_with	manc:v1.2.1 260817	AN07B040_T2_L (MANC:100167)
VFB_jrcv25ay	dorsal lateral tract of ventral cervical fasciculus	doi:10.1101/2023.06.05.543757	fasciculates_with	manc:v1.2.1 260817	AN08B097_T1_R (MANC:100186)
VFB_jrcv25bb	dorsal lateral tract of ventral cervical fasciculus	doi:10.1101/2023.06.05.543757	fasciculates_with	manc:v1.2.1 260817	AN10B009_T1_L (MANC:100199)
VFB_jrcv25ei	dorsal lateral tract of ventral cervical fasciculus	doi:10.1101/2023.06.05.543757	fasciculates_with	manc:v1.2.1 260817	TBD (MANC:100314)
VFB_jrcv25ji	dorsal median tract of dorsal cervical fasciculus	doi:10.1101/2023.06.05.543757	fasciculates_with	manc:v1.2.1 260817	AN07B011_T1_L (MANC:100494)
VFB_jrcv25l5	dorsal lateral tract of ventral cervical fasciculus	doi:10.1101/2023.06.05.543757	fasciculates_with	manc:v1.2.1 260817	AN12B017_T1_R (MANC:100553)
VFB_jrcv25no	intermediate tract of dorsal cervical fasciculus - commissure of fine fibers	doi:10.1101/2023.06.05.543757	fasciculates_with	manc:v1.2.1 260817	AN07B066_T3_R (MANC:100644)
VFB_jrcv25o7	intermediate tract of dorsal cervical fasciculus - commissure of fine fibers	doi:10.1101/2023.06.05.543757	fasciculates_with	manc:v1.2.1 260817	AN02A019_T3_R (MANC:100663)
VFB_jrcv25p0	dorsal lateral tract of ventral cervical fasciculus	doi:10.1101/2023.06.05.543757	fasciculates_with	manc:v1.2.1 260817	AN10B015_T3_R (MANC:100692)
VFB_jrcv25p1	dorsal lateral tract of ventral cervical fasciculus	doi:10.1101/2023.06.05.543757	fasciculates_with	manc:v1.2.1 260817	AN10B015_T3_R (MANC:100693)
VFB_jrcv25ra	dorsal median tract of dorsal cervical fasciculus	doi:10.1101/2023.06.05.543757	fasciculates_with	manc:v1.2.1 260817	SAppxx_DMetaN_L (MANC:100774)
VFB_jrcv25y9	intermediate tract of dorsal cervical fasciculus - commissure of fine fibers	doi:10.1101/2023.06.05.543757	fasciculates_with	manc:v1.2.1 260817	TBD (MANC:101025)
VFB_jrcv25yx	ventral median tract of ventral cervical fasciculus	doi:10.1101/2023.06.05.543757	fasciculates_with	manc:v1.2.1 260817	AN17B008_A1_L (MANC:101049)
VFB_jrcv263m	intermediate tract of dorsal cervical fasciculus - commissure of fine fibers	doi:10.1101/2023.06.05.543757	fasciculates_with	manc:v1.2.1 260817	AN07B040_T2_R (MANC:101218)
VFB_jrcv268x	dorsal lateral tract of ventral cervical fasciculus	doi:10.1101/2023.06.05.543757	fasciculates_with	manc:v1.2.1 260817	AN10B010_T3_R (MANC:101409)
VFB_jrcv26b9	ventral median tract of ventral cervical fasciculus	doi:10.1101/2023.06.05.543757	fasciculates_with	manc:v1.2.1 260817	AN17A052_T2_L (MANC:101493)
VFB_jrcv26l7	intermediate tract of dorsal cervical fasciculus - commissure of fine fibers	doi:10.1101/2023.06.05.543757	fasciculates_with	manc:v1.2.1 260817	TBD (MANC:101851)
VFB_jrcv26pt	dorsal median tract of dorsal cervical fasciculus	doi:10.1101/2023.06.05.543757	fasciculates_with	manc:v1.2.1 260817	SApp18_DMetaN_R (MANC:102017)
VFB_jrcv26r2	intermediate tract of dorsal cervical fasciculus - commissure of fine fibers	doi:10.1101/2023.06.05.543757	fasciculates_with	manc:v1.2.1 260817	AN06B059_T2_L (MANC:102062)
VFB_jrcv26sl	intermediate tract of dorsal cervical fasciculus - commissure of fine fibers	doi:10.1101/2023.06.05.543757	fasciculates_with	manc:v1.2.1 260817	TBD (MANC:102117)
VFB_jrcv26v7	dorsal lateral tract of ventral cervical fasciculus	doi:10.1101/2023.06.05.543757	fasciculates_with	manc:v1.2.1 260817	AN10B009_T3_R (MANC:102211)
VFB_jrcv275s	intermediate tract of dorsal cervical fasciculus - commissure of fine fibers	doi:10.1101/2023.06.05.543757	fasciculates_with	manc:v1.2.1 260817	AN07B039_T3_R (MANC:102592)
VFB_jrcv2763	dorsal lateral tract of ventral cervical fasciculus	doi:10.1101/2023.06.05.543757	fasciculates_with	manc:v1.2.1 260817	AN08B131_T1_L (MANC:102603)
VFB_jrcv28cs	intermediate tract of dorsal cervical fasciculus - commissure of fine fibers	doi:10.1101/2023.06.05.543757	fasciculates_with	manc:v1.2.1 260817	TBD (MANC:104140)
VFB_jrcv28ct	intermediate tract of dorsal cervical fasciculus - commissure of fine fibers	doi:10.1101/2023.06.05.543757	fasciculates_with	manc:v1.2.1 260817	TBD (MANC:104141)
VFB_jrcv28gq	dorsal median tract of dorsal cervical fasciculus	doi:10.1101/2023.06.05.543757	fasciculates_with	manc:v1.2.1 260817	SApp21_DMetaN_R (MANC:104282)
VFB_jrcv28h4	intermediate tract of dorsal cervical fasciculus - commissure of fine fibers	doi:10.1101/2023.06.05.543757	fasciculates_with	manc:v1.2.1 260817	TBD (MANC:104296)
VFB_jrcv28vz	intermediate tract of dorsal cervical fasciculus - commissure of fine fibers	doi:10.1101/2023.06.05.543757	fasciculates_with	manc:v1.2.1 260817	TBD (MANC:104831)
VFB_jrcv2937	intermediate tract of dorsal cervical fasciculus - commissure of fine fibers	doi:10.1101/2023.06.05.543757	fasciculates_with	manc:v1.2.1 260817	TBD (MANC:105091)
VFB_jrcv293y	ventral median tract of ventral cervical fasciculus	doi:10.1101/2023.06.05.543757	fasciculates_with	manc:v1.2.1 260817	SAch09_MesoLN_L (MANC:105118)
VFB_jrcv293z	ventral median tract of ventral cervical fasciculus	doi:10.1101/2023.06.05.543757	fasciculates_with	manc:v1.2.1 260817	SAch09_MesoLN_L (MANC:105119)
VFB_jrcv29d4	ventral median tract of ventral cervical fasciculus	doi:10.1101/2023.06.05.543757	fasciculates_with	manc:v1.2.1 260817	SAchxx_ProLN_R (MANC:53613193093)
VFB_jrcv29d4	ventral median tract of ventral cervical fasciculus	doi:10.1101/2023.06.05.543757	fasciculates_with	manc:v1.2.1 260817	SAchxx_ProLN_R (MANC:53613193093)
VFB_jrcv34x0	ventral median tract of ventral cervical fasciculus	doi:10.1101/2023.06.05.543757	fasciculates_with	manc:v1.2.1 260817	SAxxxx_ProLN_L (MANC:51151028029)
VFB_jrcv34x0	ventral median tract of ventral cervical fasciculus	doi:10.1101/2023.06.05.543757	fasciculates_with	manc:v1.2.1 260817	SAxxxx_ProLN_L (MANC:51151028029)
VFB_jrcv391l	ventral median tract of ventral cervical fasciculus	doi:10.1101/2023.06.05.543757	fasciculates_with	manc:v1.2.1 260817	SAch11_MetaLN_L (MANC:151689)
VFB_jrcv391w	ventral median tract of ventral cervical fasciculus	doi:10.1101/2023.06.05.543757	fasciculates_with	manc:v1.2.1 260817	SAch09_MetaLN_L (MANC:151700)
VFB_jrcv391y	ventral median tract of ventral cervical fasciculus	doi:10.1101/2023.06.05.543757	fasciculates_with	manc:v1.2.1 260817	SAch09_MesoLN_R (MANC:151702)
VFB_jrcv3921	ventral median tract of ventral cervical fasciculus	doi:10.1101/2023.06.05.543757	fasciculates_with	manc:v1.2.1 260817	SAch09_ProLN_L (MANC:151705)
VFB_jrcv3922	ventral median tract of ventral cervical fasciculus	doi:10.1101/2023.06.05.543757	fasciculates_with	manc:v1.2.1 260817	SAch09_ProLN_L (MANC:151706)
VFB_jrcv392b	intermediate tract of dorsal cervical fasciculus - commissure of fine fibers	doi:10.1101/2023.06.05.543757	fasciculates_with	manc:v1.2.1 260817	TBD (MANC:151715)
VFB_jrcv392h	dorsal lateral tract of ventral cervical fasciculus	doi:10.1101/2023.06.05.543757	fasciculates_with	manc:v1.2.1 260817	SApp40_MesoLN_R (MANC:151721)
VFB_jrcv392p	ventral median tract of ventral cervical fasciculus	doi:10.1101/2023.06.05.543757	fasciculates_with	manc:v1.2.1 260817	TBD (MANC:151729)
VFB_jrcv392q	ventral median tract of ventral cervical fasciculus	doi:10.1101/2023.06.05.543757	fasciculates_with	manc:v1.2.1 260817	SAxxxx_MesoLN_L (MANC:151730)
VFB_jrcv392q	ventral median tract of ventral cervical fasciculus	doi:10.1101/2023.06.05.543757	fasciculates_with	manc:v1.2.1 260817	SAxxxx_MesoLN_L (MANC:151730)
VFB_jrcv392z	ventral median tract of ventral cervical fasciculus	doi:10.1101/2023.06.05.543757	fasciculates_with	manc:v1.2.1 260817	TBD (MANC:151739)
VFB_jrcv3931	dorsal median tract of dorsal cervical fasciculus	doi:10.1101/2023.06.05.543757	fasciculates_with	manc:v1.2.1 260817	SApp21_DMetaN_R (MANC:151741)
VFB_jrcv3935	dorsal lateral tract of ventral cervical fasciculus	doi:10.1101/2023.06.05.543757	fasciculates_with	manc:v1.2.1 260817	SApp40_MesoLN_R (MANC:151745)
VFB_jrcv39dl	dorsal median tract of dorsal cervical fasciculus	doi:10.1101/2023.06.05.543757	fasciculates_with	manc:v1.2.1 260817	SApp04_ADMN_R (MANC:152121)
VFB_jrcv39hh	dorsal lateral tract of ventral cervical fasciculus	doi:10.1101/2023.06.05.543757	fasciculates_with	manc:v1.2.1 260817	AN08B115_T1_R (MANC:152261)
VFB_jrcv39hy	ventral median tract of ventral cervical fasciculus	doi:10.1101/2023.06.05.543757	fasciculates_with	manc:v1.2.1 260817	TBD (MANC:152278)
VFB_jrcv39j8	intermediate tract of dorsal cervical fasciculus - commissure of fine fibers	doi:10.1101/2023.06.05.543757	fasciculates_with	manc:v1.2.1 260817	TBD (MANC:152324)
VFB_jrcv3a2l	ventral median tract of ventral cervical fasciculus	doi:10.1101/2023.06.05.543757	fasciculates_with	manc:v1.2.1 260817	TBD (MANC:153021)
VFB_jrcv3a44	dorsal median tract of dorsal cervical fasciculus	doi:10.1101/2023.06.05.543757	fasciculates_with	manc:v1.2.1 260817	AN23B001_T3_R (MANC:153076)
VFB_jrcv3a69	dorsal median tract of dorsal cervical fasciculus	doi:10.1101/2023.06.05.543757	fasciculates_with	manc:v1.2.1 260817	TBD (MANC:153153)
VFB_jrcv3adn	dorsal lateral tract of ventral cervical fasciculus	doi:10.1101/2023.06.05.543757	fasciculates_with	manc:v1.2.1 260817	AN12B007_T3_L (MANC:153419)
VFB_jrcv3ahz	dorsal lateral tract of dorsal cervical fasciculus	doi:10.1101/2023.06.05.543757	fasciculates_with	manc:v1.2.1 260817	AN19B047_A3_L (MANC:153575)
VFB_jrcv3aog	dorsal lateral tract of dorsal cervical fasciculus	doi:10.1101/2023.06.05.543757	fasciculates_with	manc:v1.2.1 260817	AN19B047_A3_R (MANC:153808)
VFB_jrcv3atj	intermediate tract of dorsal cervical fasciculus - commissure of fine fibers	doi:10.1101/2023.06.05.543757	fasciculates_with	manc:v1.2.1 260817	AN06B007_T1_R (MANC:153991)
VFB_jrcv3atn	intermediate tract of dorsal cervical fasciculus - commissure of fine fibers	doi:10.1101/2023.06.05.543757	fasciculates_with	manc:v1.2.1 260817	AN06A047_T1_R (MANC:153995)
VFB_jrcv3aw3	dorsal median tract of dorsal cervical fasciculus	doi:10.1101/2023.06.05.543757	fasciculates_with	manc:v1.2.1 260817	TBD (MANC:154083)
VFB_jrcv3awt	intermediate tract of dorsal cervical fasciculus - commissure of fine fibers	doi:10.1101/2023.06.05.543757	fasciculates_with	manc:v1.2.1 260817	AN07B064_T3_L (MANC:154109)
VFB_jrcv3b44	intermediate tract of dorsal cervical fasciculus - commissure of fine fibers	doi:10.1101/2023.06.05.543757	fasciculates_with	manc:v1.2.1 260817	AN07B064_T3_R (MANC:154372)
VFB_jrcv3b4x	median dorsal abdominal tract	doi:10.1101/2023.06.05.543757	fasciculates_with	manc:v1.2.1 260817	TBD (MANC:154401)
VFB_jrcv3b5s	dorsal lateral tract of ventral cervical fasciculus	doi:10.1101/2023.06.05.543757	fasciculates_with	manc:v1.2.1 260817	AN10B009_T2_L (MANC:154432)
VFB_jrcv3b62	dorsal median tract of dorsal cervical fasciculus	doi:10.1101/2023.06.05.543757	fasciculates_with	manc:v1.2.1 260817	SApp31_DMetaN_R (MANC:154442)
VFB_jrcv3b6t	dorsal lateral tract of ventral cervical fasciculus	doi:10.1101/2023.06.05.543757	fasciculates_with	manc:v1.2.1 260817	AN01B012_T1_R (MANC:154469)
VFB_jrcv3bah	ventral median tract of ventral cervical fasciculus	doi:10.1101/2023.06.05.543757	fasciculates_with	manc:v1.2.1 260817	TBD (MANC:154601)
VFB_jrcv3bi9	dorsal median tract of dorsal cervical fasciculus	doi:10.1101/2023.06.05.543757	fasciculates_with	manc:v1.2.1 260817	SApp19_DMetaN_R (MANC:154881)
VFB_jrcv3bjk	dorsal lateral tract of ventral cervical fasciculus	doi:10.1101/2023.06.05.543757	fasciculates_with	manc:v1.2.1 260817	AN12B023_T1_R (MANC:154928)
VFB_jrcv3buf	ventral median tract of ventral cervical fasciculus	doi:10.1101/2023.06.05.543757	fasciculates_with	manc:v1.2.1 260817	SAxx23_ProLN_R (MANC:155319)
VFB_jrcv3bxj	intermediate tract of dorsal cervical fasciculus - commissure of fine fibers	doi:10.1101/2023.06.05.543757	fasciculates_with	manc:v1.2.1 260817	AN06A058_T1_L (MANC:155431)
VFB_jrcv3c7g	dorsal median tract of dorsal cervical fasciculus	doi:10.1101/2023.06.05.543757	fasciculates_with	manc:v1.2.1 260817	SApp04_ADMN_R (MANC:155788)
VFB_jrcv3c8f	dorsal lateral tract of ventral cervical fasciculus	doi:10.1101/2023.06.05.543757	fasciculates_with	manc:v1.2.1 260817	AN10B017_T3_L (MANC:155823)
VFB_jrcv3csn	dorsal lateral tract of ventral cervical fasciculus	doi:10.1101/2023.06.05.543757	fasciculates_with	manc:v1.2.1 260817	AN01B003_T1_R (MANC:156551)
VFB_jrcv3cx9	dorsal median tract of dorsal cervical fasciculus	doi:10.1101/2023.06.05.543757	fasciculates_with	manc:v1.2.1 260817	SApp25_DMetaN_R (MANC:156717)
VFB_jrcv3cxp	intermediate tract of dorsal cervical fasciculus - commissure of fine fibers	doi:10.1101/2023.06.05.543757	fasciculates_with	manc:v1.2.1 260817	TBD (MANC:156733)
VFB_jrcv3d0o	median dorsal abdominal tract	doi:10.1101/2023.06.05.543757	fasciculates_with	manc:v1.2.1 260817	SAxx11_AbN4_R (MANC:156840)
VFB_jrcv3d2l	dorsal lateral tract of ventral cervical fasciculus	doi:10.1101/2023.06.05.543757	fasciculates_with	manc:v1.2.1 260817	AN10B007_T1_R (MANC:156909)
VFB_jrcv3d5o	ventral median tract of ventral cervical fasciculus	doi:10.1101/2023.06.05.543757	fasciculates_with	manc:v1.2.1 260817	TBD (MANC:157020)
VFB_jrcv3da1	ventral median tract of ventral cervical fasciculus	doi:10.1101/2023.06.05.543757	fasciculates_with	manc:v1.2.1 260817	AN05B017_T1_R (MANC:157177)
VFB_jrcv3dgm	intermediate tract of dorsal cervical fasciculus - commissure of fine fibers	doi:10.1101/2023.06.05.543757	fasciculates_with	manc:v1.2.1 260817	AN19B085_T3_R (MANC:157414)
VFB_jrcv3e3m	intermediate tract of dorsal cervical fasciculus - commissure of fine fibers	doi:10.1101/2023.06.05.543757	fasciculates_with	manc:v1.2.1 260817	AN07B077_A1_R (MANC:158242)
VFB_jrcv3ea6	dorsal lateral tract of ventral cervical fasciculus	doi:10.1101/2023.06.05.543757	fasciculates_with	manc:v1.2.1 260817	AN08B119_T1_R (MANC:158478)
VFB_jrcv3eag	ventral median tract of ventral cervical fasciculus	doi:10.1101/2023.06.05.543757	fasciculates_with	manc:v1.2.1 260817	AN17A027_T2_L (MANC:158488)
VFB_jrcv3ehu	intermediate tract of dorsal cervical fasciculus - commissure of fine fibers	doi:10.1101/2023.06.05.543757	fasciculates_with	manc:v1.2.1 260817	AN07B077_A1_R (MANC:158754)
VFB_jrcv3eub	dorsal median tract of dorsal cervical fasciculus	doi:10.1101/2023.06.05.543757	fasciculates_with	manc:v1.2.1 260817	AN07B067_T1_R (MANC:159203)
VFB_jrcv3f1q	intermediate tract of dorsal cervical fasciculus - commissure of fine fibers	doi:10.1101/2023.06.05.543757	fasciculates_with	manc:v1.2.1 260817	AN19B085_T3_L (MANC:159470)
VFB_jrcv3f4n	intermediate tract of dorsal cervical fasciculus - commissure of fine fibers	doi:10.1101/2023.06.05.543757	fasciculates_with	manc:v1.2.1 260817	AN07B079_T1_R (MANC:159575)
VFB_jrcv3f90	dorsal lateral tract of ventral cervical fasciculus	doi:10.1101/2023.06.05.543757	fasciculates_with	manc:v1.2.1 260817	AN10B008_T1_R (MANC:159732)
VFB_jrcv3feg	dorsal lateral tract of ventral cervical fasciculus	doi:10.1101/2023.06.05.543757	fasciculates_with	manc:v1.2.1 260817	AN10B015_T2_L (MANC:159928)
VFB_jrcv3fna	dorsal lateral tract of ventral cervical fasciculus	doi:10.1101/2023.06.05.543757	fasciculates_with	manc:v1.2.1 260817	SApp40_MesoLN_L (MANC:160246)
VFB_jrcv3hlw	dorsal lateral tract of ventral cervical fasciculus	doi:10.1101/2023.06.05.543757	fasciculates_with	manc:v1.2.1 260817	AN08B103_T1_L (MANC:162788)
VFB_jrcv3htr	dorsal lateral tract of ventral cervical fasciculus	doi:10.1101/2023.06.05.543757	fasciculates_with	manc:v1.2.1 260817	AN10B010_T2_L (MANC:163071)
VFB_jrcv3huk	dorsal lateral tract of ventral cervical fasciculus	doi:10.1101/2023.06.05.543757	fasciculates_with	manc:v1.2.1 260817	SApp40_MesoLN_L (MANC:163100)
VFB_jrcv3i9j	dorsal median tract of dorsal cervical fasciculus	doi:10.1101/2023.06.05.543757	fasciculates_with	manc:v1.2.1 260817	TBD (MANC:163639)
VFB_jrcv3idj	dorsal lateral tract of ventral cervical fasciculus	doi:10.1101/2023.06.05.543757	fasciculates_with	manc:v1.2.1 260817	AN08B023_T3_L (MANC:163783)
VFB_jrcv3igl	dorsal median tract of dorsal cervical fasciculus	doi:10.1101/2023.06.05.543757	fasciculates_with	manc:v1.2.1 260817	TBD (MANC:163893)
VFB_jrcv3ip1	dorsal lateral tract of ventral cervical fasciculus	doi:10.1101/2023.06.05.543757	fasciculates_with	manc:v1.2.1 260817	AN10B015_T3_L (MANC:164197)
VFB_jrcv3jpi	ventral median tract of ventral cervical fasciculus	doi:10.1101/2023.06.05.543757	fasciculates_with	manc:v1.2.1 260817	AN05B017_T1_L (MANC:165510)
VFB_jrcv3jzi	intermediate tract of dorsal cervical fasciculus - commissure of fine fibers	doi:10.1101/2023.06.05.543757	fasciculates_with	manc:v1.2.1 260817	AN07B066_T3_R (MANC:165870)
VFB_jrcv3k4f	intermediate tract of dorsal cervical fasciculus - commissure of fine fibers	doi:10.1101/2023.06.05.543757	fasciculates_with	manc:v1.2.1 260817	AN06A015_T1_L (MANC:166047)
VFB_jrcv3kbk	median dorsal abdominal tract	doi:10.1101/2023.06.05.543757	fasciculates_with	manc:v1.2.1 260817	TBD (MANC:166304)
VFB_jrcv3kh0	ventral median tract of ventral cervical fasciculus	doi:10.1101/2023.06.05.543757	fasciculates_with	manc:v1.2.1 260817	SAxx23_MetaLN_R (MANC:166500)
VFB_jrcv3khm	intermediate tract of dorsal cervical fasciculus - commissure of fine fibers	doi:10.1101/2023.06.05.543757	fasciculates_with	manc:v1.2.1 260817	TBD (MANC:166522)
VFB_jrcv3kix	median dorsal abdominal tract	doi:10.1101/2023.06.05.543757	fasciculates_with	manc:v1.2.1 260817	SAxx11_AbN4_R (MANC:166569)
VFB_jrcv3kjp	intermediate tract of dorsal cervical fasciculus - commissure of fine fibers	doi:10.1101/2023.06.05.543757	fasciculates_with	manc:v1.2.1 260817	TBD (MANC:166597)
VFB_jrcv3kmz	dorsal lateral tract of ventral cervical fasciculus	doi:10.1101/2023.06.05.543757	fasciculates_with	manc:v1.2.1 260817	AN10B010_T1_R (MANC:166715)
VFB_jrcv3ko1	dorsal lateral tract of ventral cervical fasciculus	doi:10.1101/2023.06.05.543757	fasciculates_with	manc:v1.2.1 260817	SApp40_ProLN_R (MANC:166753)
VFB_jrcv3koq	dorsal median tract of dorsal cervical fasciculus	doi:10.1101/2023.06.05.543757	fasciculates_with	manc:v1.2.1 260817	AN07B030_T1_L (MANC:166778)
VFB_jrcv3kq3	intermediate tract of dorsal cervical fasciculus - commissure of fine fibers	doi:10.1101/2023.06.05.543757	fasciculates_with	manc:v1.2.1 260817	AN19B065_T3_R (MANC:166827)
VFB_jrcv3kt2	dorsal lateral tract of ventral cervical fasciculus	doi:10.1101/2023.06.05.543757	fasciculates_with	manc:v1.2.1 260817	AN08B031_T1_L (MANC:166934)
VFB_jrcv3l6d	median dorsal abdominal tract	doi:10.1101/2023.06.05.543757	fasciculates_with	manc:v1.2.1 260817	TBD (MANC:167413)
VFB_jrcv3l87	dorsal median tract of dorsal cervical fasciculus	doi:10.1101/2023.06.05.543757	fasciculates_with	manc:v1.2.1 260817	SApp21_DMetaN_L (MANC:167479)
VFB_jrcv3lh3	dorsal lateral tract of ventral cervical fasciculus	doi:10.1101/2023.06.05.543757	fasciculates_with	manc:v1.2.1 260817	SApp40_MetaLN_R (MANC:167799)
VFB_jrcv3ljj	ventral median tract of ventral cervical fasciculus	doi:10.1101/2023.06.05.543757	fasciculates_with	manc:v1.2.1 260817	SAxx25_ProLN_R (MANC:167887)
VFB_jrcv3llp	dorsal median tract of dorsal cervical fasciculus	doi:10.1101/2023.06.05.543757	fasciculates_with	manc:v1.2.1 260817	TBD (MANC:167965)
VFB_jrcv3m0b	intermediate tract of dorsal cervical fasciculus - commissure of fine fibers	doi:10.1101/2023.06.05.543757	fasciculates_with	manc:v1.2.1 260817	AN06B056_T1_R (MANC:168491)
VFB_jrcv3n26	intermediate tract of dorsal cervical fasciculus - commissure of fine fibers	doi:10.1101/2023.06.05.543757	fasciculates_with	manc:v1.2.1 260817	TBD (MANC:169854)
VFB_jrcv3sde	dorsal median tract of dorsal cervical fasciculus	doi:10.1101/2023.06.05.543757	fasciculates_with	manc:v1.2.1 260817	SApp28_DMetaN_L (MANC:176738)
VFB_jrcv3sew	dorsal lateral tract of dorsal cervical fasciculus	doi:10.1101/2023.06.05.543757	fasciculates_with	manc:v1.2.1 260817	TBD (MANC:176792)
VFB_jrcv3sn4	ventral median tract of ventral cervical fasciculus	doi:10.1101/2023.06.05.543757	fasciculates_with	manc:v1.2.1 260817	TBD (MANC:177088)
VFB_jrcv3szn	dorsal median tract of dorsal cervical fasciculus	doi:10.1101/2023.06.05.543757	fasciculates_with	manc:v1.2.1 260817	SApp19_DMetaN_R (MANC:177539)
VFB_jrcv3v58	ventral median tract of ventral cervical fasciculus	doi:10.1101/2023.06.05.543757	fasciculates_with	manc:v1.2.1 260817	SAxx23_DProN_R (MANC:51151062021)
VFB_jrcv3xld	ventral median tract of ventral cervical fasciculus	doi:10.1101/2023.06.05.543757	fasciculates_with	manc:v1.2.1 260817	SAch09_MetaLN_R (MANC:49919962216)
VFB_jrcv3y5r	median dorsal abdominal tract	doi:10.1101/2023.06.05.543757	fasciculates_with	manc:v1.2.1 260817	TBD (MANC:53595462076)
VFB_jrcv42qf	median dorsal abdominal tract	doi:10.1101/2023.06.05.543757	fasciculates_with	manc:v1.2.1 260817	TBD (MANC:190167)
VFB_jrcv44bg	dorsal lateral tract of dorsal cervical fasciculus	doi:10.1101/2023.06.05.543757	fasciculates_with	manc:v1.2.1 260817	TBD (MANC:192220)
VFB_jrcv4rly	ventral median tract of ventral cervical fasciculus	doi:10.1101/2023.06.05.543757	fasciculates_with	manc:v1.2.1 260817	SAch09_MetaLN_R (MANC:49920001117)
VFB_jrcvb7wr	ventral median tract of ventral cervical fasciculus	doi:10.1101/2023.06.05.543757	fasciculates_with	manc:v1.2.1 260817	SAchxx_ProLN_R (MANC:51971769437)
VFB_jrcvb7wr	ventral median tract of ventral cervical fasciculus	doi:10.1101/2023.06.05.543757	fasciculates_with	manc:v1.2.1 260817	SAchxx_ProLN_R (MANC:51971769437)
VFB_jrcvb813	ventral median tract of ventral cervical fasciculus	doi:10.1101/2023.06.05.543757	fasciculates_with	manc:v1.2.1 260817	SAch09_MetaLN_L (MANC:50740666615)
VFB_jrcvbaej	ventral median tract of ventral cervical fasciculus	doi:10.1101/2023.06.05.543757	fasciculates_with	manc:v1.2.1 260817	SAch09_ProLN_L (MANC:50740669691)
VFB_jrcvbbuu	ventral median tract of ventral cervical fasciculus	doi:10.1101/2023.06.05.543757	fasciculates_with	manc:v1.2.1 260817	TBD (MANC:53202877530)
VFB_jrcvdx6s	dorsal median tract of dorsal cervical fasciculus	doi:10.1101/2023.06.05.543757	fasciculates_with	manc:v1.2.1 260817	SApp19_DMetaN_R (MANC:53181849341)
VFB_jrcveeu2	ventral median tract of ventral cervical fasciculus	doi:10.1101/2023.06.05.543757	fasciculates_with	manc:v1.2.1 260817	SAxxxx_MetaLN_R (MANC:52788943322)
VFB_jrcveeu2	ventral median tract of ventral cervical fasciculus	doi:10.1101/2023.06.05.543757	fasciculates_with	manc:v1.2.1 260817	SAxxxx_MetaLN_R (MANC:52788943322)
VFB_jrcvf473	dorsal median tract of dorsal cervical fasciculus	doi:10.1101/2023.06.05.543757	fasciculates_with	manc:v1.2.1 260817	SApp21_DMetaN_L (MANC:53588191325)
VFB_jrcvheq4	intermediate tract of dorsal cervical fasciculus - commissure of fine fibers	doi:10.1101/2023.06.05.543757	fasciculates_with	manc:v1.2.1 260817	TBD (MANC:51939777929)
VFB_jrcvhf5a	intermediate tract of dorsal cervical fasciculus - commissure of fine fibers	doi:10.1101/2023.06.05.543757	fasciculates_with	manc:v1.2.1 260817	TBD (MANC:53170881453)
VFB_jrcvhnc0	dorsal median tract of dorsal cervical fasciculus	doi:10.1101/2023.06.05.543757	fasciculates_with	manc:v1.2.1 260817	TBD (MANC:53588309438)
VFB_jrcvhoow	intermediate tract of dorsal cervical fasciculus - commissure of fine fibers	doi:10.1101/2023.06.05.543757	fasciculates_with	manc:v1.2.1 260817	TBD (MANC:52357208220)
VFB_jrcvimrw	ventral median tract of ventral cervical fasciculus	doi:10.1101/2023.06.05.543757	fasciculates_with	manc:v1.2.1 260817	SAch11_ProLN_R (MANC:52792479575)
VFB_jrcvinn4	ventral median tract of ventral cervical fasciculus	doi:10.1101/2023.06.05.543757	fasciculates_with	manc:v1.2.1 260817	SAxxxx_MesoLN_R (MANC:52792480699)
VFB_jrcvinn4	ventral median tract of ventral cervical fasciculus	doi:10.1101/2023.06.05.543757	fasciculates_with	manc:v1.2.1 260817	SAxxxx_MesoLN_R (MANC:52792480699)
VFB_jrcvk2zy	dorsal lateral tract of ventral cervical fasciculus	doi:10.1101/2023.06.05.543757	fasciculates_with	manc:v1.2.1 260817	SApp40_ProLN_R (MANC:53606232860)
VFB_jrcvl0np	ventral median tract of ventral cervical fasciculus	doi:10.1101/2023.06.05.543757	fasciculates_with	manc:v1.2.1 260817	SAch11_ProLN_L (MANC:53609615822)
VFB_jrcvl25y	ventral median tract of ventral cervical fasciculus	doi:10.1101/2023.06.05.543757	fasciculates_with	manc:v1.2.1 260817	SAxxxx_MetaLN_L (MANC:53609617775)
VFB_jrcvl25y	ventral median tract of ventral cervical fasciculus	doi:10.1101/2023.06.05.543757	fasciculates_with	manc:v1.2.1 260817	SAxxxx_MetaLN_L (MANC:53609617775)
VFB_jrcvnjz2	ventral median tract of ventral cervical fasciculus	doi:10.1101/2023.06.05.543757	fasciculates_with	manc:v1.2.1 260817	SAxxxx_MesoLN_L (MANC:48685322255)
VFB_jrcvnjz2	ventral median tract of ventral cervical fasciculus	doi:10.1101/2023.06.05.543757	fasciculates_with	manc:v1.2.1 260817	SAxxxx_MesoLN_L (MANC:48685322255)
