subject_id	subject_name	object	relation	hemilineage_FBbt_id	hemilineage_FBbt_name	subject_external_db	pub	comment
VFB_00107a8q	BANC_888:720575940381905254	left side of organism	has_soma_location			BANC888	doi:10.1038/s41586-026-10735-w	BANC_v888 260702
VFB_00107a8r	BANC_888:720575940382537062	left side of organism	has_soma_location			BANC888	doi:10.1038/s41586-026-10735-w	BANC_v888 260702
VFB_00107a8s	BANC_888:720575940458767967	right side of organism	has_soma_location			BANC888	doi:10.1038/s41586-026-10735-w	BANC_v888 260702
VFB_00107a8t	BANC_888:720575940458921823	right side of organism	has_soma_location			BANC888	doi:10.1038/s41586-026-10735-w	BANC_v888 260702
VFB_00107a8u	BANC_888:720575940474451979	right side of organism	has_soma_location			BANC888	doi:10.1038/s41586-026-10735-w	BANC_v888 260702
VFB_00107a8v	BANC_888:720575940480438737	right side of organism	has_soma_location			BANC888	doi:10.1038/s41586-026-10735-w	BANC_v888 260702
VFB_00107a8w	BANC_888:720575940558854362	right side of organism	has_soma_location			BANC888	doi:10.1038/s41586-026-10735-w	BANC_v888 260702
VFB_00107a8x	BANC_888:720575940576386568	right side of organism	has_soma_location			BANC888	doi:10.1038/s41586-026-10735-w	BANC_v888 260702
VFB_00107a8y	BANC_888:720575940576661000	right side of organism	has_soma_location			BANC888	doi:10.1038/s41586-026-10735-w	BANC_v888 260702
VFB_00107a8z	BANC_888:720575940600410583	left side of organism	has_soma_location			BANC888	doi:10.1038/s41586-026-10735-w	BANC_v888 260702
VFB_00107a90	BANC_888:720575940600521431	left side of organism	has_soma_location			BANC888	doi:10.1038/s41586-026-10735-w	BANC_v888 260702
VFB_00107a91	BANC_888:720575940600555223	left side of organism	has_soma_location			BANC888	doi:10.1038/s41586-026-10735-w	BANC_v888 260702
VFB_00107a92	BANC_888:720575940600555991	left side of organism	has_soma_location			BANC888	doi:10.1038/s41586-026-10735-w	BANC_v888 260702
VFB_00107a93	BANC_888:720575940601123543	left side of organism	has_soma_location			BANC888	doi:10.1038/s41586-026-10735-w	BANC_v888 260702
VFB_00107a94	BANC_888:720575940624672541	left side of organism	has_soma_location			BANC888	doi:10.1038/s41586-026-10735-w	BANC_v888 260702
VFB_00107a95	BANC_888:720575940624866589	left side of organism	has_soma_location			BANC888	doi:10.1038/s41586-026-10735-w	BANC_v888 260702
VFB_00107a96	BANC_888:720575940635018602	left side of organism	has_soma_location			BANC888	doi:10.1038/s41586-026-10735-w	BANC_v888 260702
VFB_00107a97	BANC_888:720575940642119958	left side of organism	has_soma_location			BANC888	doi:10.1038/s41586-026-10735-w	BANC_v888 260702
VFB_00107a98	BANC_888:720575940645061496	right side of organism	has_soma_location			BANC888	doi:10.1038/s41586-026-10735-w	BANC_v888 260702
VFB_00107a99	BANC_888:720575940659484495	left side of organism	has_soma_location			BANC888	doi:10.1038/s41586-026-10735-w	BANC_v888 260702
VFB_00106e7b	BANC_888:720575940664354626	left side of organism	has_soma_location			BANC888	doi:10.1038/s41586-026-10735-w	BANC_v888 260702
VFB_00107a9a	BANC_888:720575940664356162	left side of organism	has_soma_location			BANC888	doi:10.1038/s41586-026-10735-w	BANC_v888 260702
VFB_00107a9b	BANC_888:720575940664382786	left side of organism	has_soma_location			BANC888	doi:10.1038/s41586-026-10735-w	BANC_v888 260702
VFB_00107a9c	BANC_888:720575940665826882	left side of organism	has_soma_location			BANC888	doi:10.1038/s41586-026-10735-w	BANC_v888 260702
VFB_00107a9d	BANC_888:720575940666302530	left side of organism	has_soma_location			BANC888	doi:10.1038/s41586-026-10735-w	BANC_v888 260702
VFB_00107a9e	BANC_888:720575940669364471	left side of organism	has_soma_location			BANC888	doi:10.1038/s41586-026-10735-w	BANC_v888 260702
VFB_00107a9f	BANC_888:720575940669442807	left side of organism	has_soma_location			BANC888	doi:10.1038/s41586-026-10735-w	BANC_v888 260702
VFB_00107a9g	BANC_888:720575940689934223	left side of organism	has_soma_location			BANC888	doi:10.1038/s41586-026-10735-w	BANC_v888 260702
VFB_00107a9h	BANC_888:720575940695721823	right side of organism	has_soma_location			BANC888	doi:10.1038/s41586-026-10735-w	BANC_v888 260702
VFB_00107a9i	BANC_888:720575940705587349	left side of organism	has_soma_location			BANC888	doi:10.1038/s41586-026-10735-w	BANC_v888 260702
VFB_00107a9j	BANC_888:720575940721349653	right side of organism	has_soma_location			BANC888	doi:10.1038/s41586-026-10735-w	BANC_v888 260702
VFB_00107a9k	BANC_888:720575940732206607	left side of organism	has_soma_location			BANC888	doi:10.1038/s41586-026-10735-w	BANC_v888 260702
VFB_00107a9l	BANC_888:720575940732742159	left side of organism	has_soma_location			BANC888	doi:10.1038/s41586-026-10735-w	BANC_v888 260702
VFB_00107a9m	BANC_888:720575940736493030	right side of organism	has_soma_location			BANC888	doi:10.1038/s41586-026-10735-w	BANC_v888 260702
VFB_00107a9n	BANC_888:720575940768736214	left side of organism	has_soma_location			BANC888	doi:10.1038/s41586-026-10735-w	BANC_v888 260702
VFB_00107a9o	BANC_888:720575940769067004	right side of organism	has_soma_location			BANC888	doi:10.1038/s41586-026-10735-w	BANC_v888 260702
VFB_00107a9p	BANC_888:720575940769863894	left side of organism	has_soma_location			BANC888	doi:10.1038/s41586-026-10735-w	BANC_v888 260702
VFB_00107a9q	BANC_888:720575940773621332	right side of organism	has_soma_location			BANC888	doi:10.1038/s41586-026-10735-w	BANC_v888 260702
VFB_00107a9r	BANC_888:720575940792318160	left side of organism	has_soma_location			BANC888	doi:10.1038/s41586-026-10735-w	BANC_v888 260702
VFB_00107a9s	BANC_888:720575940792319696	left side of organism	has_soma_location			BANC888	doi:10.1038/s41586-026-10735-w	BANC_v888 260702
VFB_00107a9t	BANC_888:720575940793131728	left side of organism	has_soma_location			BANC888	doi:10.1038/s41586-026-10735-w	BANC_v888 260702
VFB_00107a9u	BANC_888:720575940793494992	left side of organism	has_soma_location			BANC888	doi:10.1038/s41586-026-10735-w	BANC_v888 260702
VFB_00107a9v	BANC_888:720575940793633232	left side of organism	has_soma_location			BANC888	doi:10.1038/s41586-026-10735-w	BANC_v888 260702
VFB_00107a9w	BANC_888:720575940799827688	left side of organism	has_soma_location			BANC888	doi:10.1038/s41586-026-10735-w	BANC_v888 260702
VFB_00107a9x	BANC_888:720575940801211112	left side of organism	has_soma_location			BANC888	doi:10.1038/s41586-026-10735-w	BANC_v888 260702
VFB_00107a9y	BANC_888:720575940806556203	left side of organism	has_soma_location			BANC888	doi:10.1038/s41586-026-10735-w	BANC_v888 260702
VFB_00107a9z	BANC_888:720575940808584725	left side of organism	has_soma_location			BANC888	doi:10.1038/s41586-026-10735-w	BANC_v888 260702
VFB_00107aa0	BANC_888:720575940808773909	left side of organism	has_soma_location			BANC888	doi:10.1038/s41586-026-10735-w	BANC_v888 260702
VFB_00107aa1	BANC_888:720575940814940534	left side of organism	has_soma_location			BANC888	doi:10.1038/s41586-026-10735-w	BANC_v888 260702
VFB_00107aa2	BANC_888:720575940815136118	left side of organism	has_soma_location			BANC888	doi:10.1038/s41586-026-10735-w	BANC_v888 260702
VFB_00107aa3	BANC_888:720575940815542646	left side of organism	has_soma_location			BANC888	doi:10.1038/s41586-026-10735-w	BANC_v888 260702
VFB_00107aa4	BANC_888:720575940815590774	left side of organism	has_soma_location			BANC888	doi:10.1038/s41586-026-10735-w	BANC_v888 260702
VFB_00107aa5	BANC_888:720575940815595382	left side of organism	has_soma_location			BANC888	doi:10.1038/s41586-026-10735-w	BANC_v888 260702
VFB_00107aa6	BANC_888:720575940815622006	left side of organism	has_soma_location			BANC888	doi:10.1038/s41586-026-10735-w	BANC_v888 260702
VFB_00107aa7	BANC_888:720575940815746678	left side of organism	has_soma_location			BANC888	doi:10.1038/s41586-026-10735-w	BANC_v888 260702
VFB_00107aa8	BANC_888:720575940815800950	left side of organism	has_soma_location			BANC888	doi:10.1038/s41586-026-10735-w	BANC_v888 260702
VFB_00107aa9	BANC_888:720575940815803766	left side of organism	has_soma_location			BANC888	doi:10.1038/s41586-026-10735-w	BANC_v888 260702
VFB_00107aaa	BANC_888:720575940816087562	right side of organism	has_soma_location			BANC888	doi:10.1038/s41586-026-10735-w	BANC_v888 260702
VFB_00107aab	BANC_888:720575940824786642	left side of organism	has_soma_location			BANC888	doi:10.1038/s41586-026-10735-w	BANC_v888 260702
VFB_00107aac	BANC_888:720575940824810450	left side of organism	has_soma_location			BANC888	doi:10.1038/s41586-026-10735-w	BANC_v888 260702
VFB_00107aad	BANC_888:720575940824970810	left side of organism	has_soma_location			BANC888	doi:10.1038/s41586-026-10735-w	BANC_v888 260702
VFB_00107aae	BANC_888:720575940825320506	left side of organism	has_soma_location			BANC888	doi:10.1038/s41586-026-10735-w	BANC_v888 260702
VFB_00107aaf	BANC_888:720575940825413434	left side of organism	has_soma_location			BANC888	doi:10.1038/s41586-026-10735-w	BANC_v888 260702
VFB_00107aag	BANC_888:720575940825635130	left side of organism	has_soma_location			BANC888	doi:10.1038/s41586-026-10735-w	BANC_v888 260702
VFB_00107aah	BANC_888:720575940833094163	left side of organism	has_soma_location			BANC888	doi:10.1038/s41586-026-10735-w	BANC_v888 260702
VFB_00107aai	BANC_888:720575940845139718	left side of organism	has_soma_location			BANC888	doi:10.1038/s41586-026-10735-w	BANC_v888 260702
VFB_00107aaj	BANC_888:720575940882996410	left side of organism	has_soma_location			BANC888	doi:10.1038/s41586-026-10735-w	BANC_v888 260702
VFB_00107aak	BANC_888:720575940893533636	left side of organism	has_soma_location			BANC888	doi:10.1038/s41586-026-10735-w	BANC_v888 260702
VFB_00107aal	BANC_888:720575940919281021	left side of organism	has_soma_location			BANC888	doi:10.1038/s41586-026-10735-w	BANC_v888 260702
VFB_00107aam	BANC_888:720575940919593341	left side of organism	has_soma_location			BANC888	doi:10.1038/s41586-026-10735-w	BANC_v888 260702
VFB_00107aan	BANC_888:720575940921426836	right side of organism	has_soma_location			BANC888	doi:10.1038/s41586-026-10735-w	BANC_v888 260702
VFB_00107aao	BANC_888:720575940922241172	right side of organism	has_soma_location			BANC888	doi:10.1038/s41586-026-10735-w	BANC_v888 260702
VFB_00107aap	BANC_888:720575940922284180	right side of organism	has_soma_location			BANC888	doi:10.1038/s41586-026-10735-w	BANC_v888 260702
VFB_00107aaq	BANC_888:720575940925728421	left side of organism	has_soma_location			BANC888	doi:10.1038/s41586-026-10735-w	BANC_v888 260702
VFB_00107aar	BANC_888:720575940925834149	left side of organism	has_soma_location			BANC888	doi:10.1038/s41586-026-10735-w	BANC_v888 260702
VFB_00107aas	BANC_888:720575940926478501	left side of organism	has_soma_location			BANC888	doi:10.1038/s41586-026-10735-w	BANC_v888 260702
VFB_00107aat	BANC_888:720575940935816858	left side of organism	has_soma_location			BANC888	doi:10.1038/s41586-026-10735-w	BANC_v888 260702
VFB_00107aau	BANC_888:720575940935827866	left side of organism	has_soma_location			BANC888	doi:10.1038/s41586-026-10735-w	BANC_v888 260702
VFB_00107aav	BANC_888:720575940935911322	left side of organism	has_soma_location			BANC888	doi:10.1038/s41586-026-10735-w	BANC_v888 260702
VFB_00107aaw	BANC_888:720575940958518443	right side of organism	has_soma_location			BANC888	doi:10.1038/s41586-026-10735-w	BANC_v888 260702
VFB_00107aax	BANC_888:720575940961938702	left side of organism	has_soma_location			BANC888	doi:10.1038/s41586-026-10735-w	BANC_v888 260702
VFB_00107aay	BANC_888:720575940963373257	right side of organism	has_soma_location			BANC888	doi:10.1038/s41586-026-10735-w	BANC_v888 260702
VFB_00107aaz	BANC_888:720575940982042539	right side of organism	has_soma_location			BANC888	doi:10.1038/s41586-026-10735-w	BANC_v888 260702
VFB_00107ab0	BANC_888:720575940982369451	right side of organism	has_soma_location			BANC888	doi:10.1038/s41586-026-10735-w	BANC_v888 260702
VFB_00107ab1	BANC_888:720575940984666539	right side of organism	has_soma_location			BANC888	doi:10.1038/s41586-026-10735-w	BANC_v888 260702
VFB_00107ab2	BANC_888:720575940992055482	right side of organism	has_soma_location			BANC888	doi:10.1038/s41586-026-10735-w	BANC_v888 260702
VFB_00107ab3	BANC_888:720575940992446394	right side of organism	has_soma_location			BANC888	doi:10.1038/s41586-026-10735-w	BANC_v888 260702
VFB_00107ab4	BANC_888:720575941024022116	left side of organism	has_soma_location			BANC888	doi:10.1038/s41586-026-10735-w	BANC_v888 260702
VFB_00107ab5	BANC_888:720575941024050532	left side of organism	has_soma_location			BANC888	doi:10.1038/s41586-026-10735-w	BANC_v888 260702
VFB_00107ab6	BANC_888:720575941024139620	left side of organism	has_soma_location			BANC888	doi:10.1038/s41586-026-10735-w	BANC_v888 260702
VFB_00107ab7	BANC_888:720575941024231268	left side of organism	has_soma_location			BANC888	doi:10.1038/s41586-026-10735-w	BANC_v888 260702
VFB_00107ab8	BANC_888:720575941024448100	left side of organism	has_soma_location			BANC888	doi:10.1038/s41586-026-10735-w	BANC_v888 260702
VFB_00107ab9	BANC_888:720575941024507952	left side of organism	has_soma_location			BANC888	doi:10.1038/s41586-026-10735-w	BANC_v888 260702
VFB_00107aba	BANC_888:720575941024632932	left side of organism	has_soma_location			BANC888	doi:10.1038/s41586-026-10735-w	BANC_v888 260702
VFB_00107abb	BANC_888:720575941024657200	left side of organism	has_soma_location			BANC888	doi:10.1038/s41586-026-10735-w	BANC_v888 260702
VFB_00107abc	BANC_888:720575941024783972	left side of organism	has_soma_location			BANC888	doi:10.1038/s41586-026-10735-w	BANC_v888 260702
VFB_00107abd	BANC_888:720575941025737316	left side of organism	has_soma_location			BANC888	doi:10.1038/s41586-026-10735-w	BANC_v888 260702
VFB_00107abe	BANC_888:720575941027992112	left side of organism	has_soma_location			BANC888	doi:10.1038/s41586-026-10735-w	BANC_v888 260702
VFB_00107abf	BANC_888:720575941051082017	right side of organism	has_soma_location			BANC888	doi:10.1038/s41586-026-10735-w	BANC_v888 260702
VFB_00107abg	BANC_888:720575941051099937	right side of organism	has_soma_location			BANC888	doi:10.1038/s41586-026-10735-w	BANC_v888 260702
VFB_00107abh	BANC_888:720575941068316342	right side of organism	has_soma_location			BANC888	doi:10.1038/s41586-026-10735-w	BANC_v888 260702
VFB_00107abi	BANC_888:720575941074940354	left side of organism	has_soma_location			BANC888	doi:10.1038/s41586-026-10735-w	BANC_v888 260702
VFB_00107abj	BANC_888:720575941086253138	right side of organism	has_soma_location			BANC888	doi:10.1038/s41586-026-10735-w	BANC_v888 260702
VFB_00107abk	BANC_888:720575941094744852	right side of organism	has_soma_location			BANC888	doi:10.1038/s41586-026-10735-w	BANC_v888 260702
VFB_00107abl	BANC_888:720575941102517124	right side of organism	has_soma_location			BANC888	doi:10.1038/s41586-026-10735-w	BANC_v888 260702
VFB_00107abm	BANC_888:720575941102621060	right side of organism	has_soma_location			BANC888	doi:10.1038/s41586-026-10735-w	BANC_v888 260702
VFB_00107abn	BANC_888:720575941102874244	right side of organism	has_soma_location			BANC888	doi:10.1038/s41586-026-10735-w	BANC_v888 260702
VFB_00107abo	BANC_888:720575941113361947	right side of organism	has_soma_location			BANC888	doi:10.1038/s41586-026-10735-w	BANC_v888 260702
VFB_00107abp	BANC_888:720575941169522259	left side of organism	has_soma_location			BANC888	doi:10.1038/s41586-026-10735-w	BANC_v888 260702
VFB_00107abq	BANC_888:720575941169934163	left side of organism	has_soma_location			BANC888	doi:10.1038/s41586-026-10735-w	BANC_v888 260702
VFB_00107abr	BANC_888:720575941180714395	left side of organism	has_soma_location			BANC888	doi:10.1038/s41586-026-10735-w	BANC_v888 260702
VFB_00107abs	BANC_888:720575941180747675	left side of organism	has_soma_location			BANC888	doi:10.1038/s41586-026-10735-w	BANC_v888 260702
VFB_00107abt	BANC_888:720575941187333356	right side of organism	has_soma_location			BANC888	doi:10.1038/s41586-026-10735-w	BANC_v888 260702
VFB_00107abu	BANC_888:720575941224011012	right side of organism	has_soma_location			BANC888	doi:10.1038/s41586-026-10735-w	BANC_v888 260702
VFB_00107abv	BANC_888:720575941224124932	right side of organism	has_soma_location			BANC888	doi:10.1038/s41586-026-10735-w	BANC_v888 260702
VFB_00107abw	BANC_888:720575941229940801	right side of organism	has_soma_location			BANC888	doi:10.1038/s41586-026-10735-w	BANC_v888 260702
VFB_00107abx	BANC_888:720575941250795615	left side of organism	has_soma_location			BANC888	doi:10.1038/s41586-026-10735-w	BANC_v888 260702
VFB_00107aby	BANC_888:720575941250965087	left side of organism	has_soma_location			BANC888	doi:10.1038/s41586-026-10735-w	BANC_v888 260702
VFB_00107abz	BANC_888:720575941250994271	left side of organism	has_soma_location			BANC888	doi:10.1038/s41586-026-10735-w	BANC_v888 260702
VFB_00107ac0	BANC_888:720575941256272899	right side of organism	has_soma_location			BANC888	doi:10.1038/s41586-026-10735-w	BANC_v888 260702
VFB_00107ac1	BANC_888:720575941261282230	left side of organism	has_soma_location			BANC888	doi:10.1038/s41586-026-10735-w	BANC_v888 260702
VFB_00107ac2	BANC_888:720575941267141994	left side of organism	has_soma_location			BANC888	doi:10.1038/s41586-026-10735-w	BANC_v888 260702
VFB_00107ac3	BANC_888:720575941277008645	left side of organism	has_soma_location			BANC888	doi:10.1038/s41586-026-10735-w	BANC_v888 260702
VFB_00107ac4	BANC_888:720575941288412423	right side of organism	has_soma_location			BANC888	doi:10.1038/s41586-026-10735-w	BANC_v888 260702
VFB_00107ac5	BANC_888:720575941289331889	right side of organism	has_soma_location			BANC888	doi:10.1038/s41586-026-10735-w	BANC_v888 260702
VFB_00107ac6	BANC_888:720575941292574444	left side of organism	has_soma_location			BANC888	doi:10.1038/s41586-026-10735-w	BANC_v888 260702
VFB_00107ac7	BANC_888:720575941307689387	right side of organism	has_soma_location			BANC888	doi:10.1038/s41586-026-10735-w	BANC_v888 260702
VFB_00107ac8	BANC_888:720575941308406320	left side of organism	has_soma_location			BANC888	doi:10.1038/s41586-026-10735-w	BANC_v888 260702
VFB_00107ac9	BANC_888:720575941323656816	right side of organism	has_soma_location			BANC888	doi:10.1038/s41586-026-10735-w	BANC_v888 260702
VFB_00107aca	BANC_888:720575941325391670	right side of organism	has_soma_location			BANC888	doi:10.1038/s41586-026-10735-w	BANC_v888 260702
VFB_00107acb	BANC_888:720575941335401236	left side of organism	has_soma_location			BANC888	doi:10.1038/s41586-026-10735-w	BANC_v888 260702
VFB_00107acc	BANC_888:720575941335934740	left side of organism	has_soma_location			BANC888	doi:10.1038/s41586-026-10735-w	BANC_v888 260702
VFB_00107acd	BANC_888:720575941335940116	left side of organism	has_soma_location			BANC888	doi:10.1038/s41586-026-10735-w	BANC_v888 260702
VFB_00107ace	BANC_888:720575941336070932	left side of organism	has_soma_location			BANC888	doi:10.1038/s41586-026-10735-w	BANC_v888 260702
VFB_00107acf	BANC_888:720575941336211732	left side of organism	has_soma_location			BANC888	doi:10.1038/s41586-026-10735-w	BANC_v888 260702
VFB_00107acg	BANC_888:720575941343170595	right side of organism	has_soma_location			BANC888	doi:10.1038/s41586-026-10735-w	BANC_v888 260702
VFB_00107ach	BANC_888:720575941345363039	left side of organism	has_soma_location			BANC888	doi:10.1038/s41586-026-10735-w	BANC_v888 260702
VFB_00107aci	BANC_888:720575941346907673	left side of organism	has_soma_location			BANC888	doi:10.1038/s41586-026-10735-w	BANC_v888 260702
VFB_00106e7c	BANC_888:720575941350274352	left side of organism	has_soma_location			BANC888	doi:10.1038/s41586-026-10735-w	BANC_v888 260702
VFB_00106e7d	BANC_888:720575941350334256	left side of organism	has_soma_location			BANC888	doi:10.1038/s41586-026-10735-w	BANC_v888 260702
VFB_00106e7e	BANC_888:720575941350352176	left side of organism	has_soma_location			BANC888	doi:10.1038/s41586-026-10735-w	BANC_v888 260702
VFB_00106e7f	BANC_888:720575941350354224	right side of organism	has_soma_location			BANC888	doi:10.1038/s41586-026-10735-w	BANC_v888 260702
VFB_00106e7g	BANC_888:720575941350374960	right side of organism	has_soma_location			BANC888	doi:10.1038/s41586-026-10735-w	BANC_v888 260702
VFB_00106e7h	BANC_888:720575941350393904	right side of organism	has_soma_location			BANC888	doi:10.1038/s41586-026-10735-w	BANC_v888 260702
VFB_00106e7i	BANC_888:720575941350395952	left side of organism	has_soma_location			BANC888	doi:10.1038/s41586-026-10735-w	BANC_v888 260702
VFB_00106e7j	BANC_888:720575941350396464	left side of organism	has_soma_location			BANC888	doi:10.1038/s41586-026-10735-w	BANC_v888 260702
VFB_00106e7k	BANC_888:720575941350409264	right side of organism	has_soma_location			BANC888	doi:10.1038/s41586-026-10735-w	BANC_v888 260702
VFB_00107acj	BANC_888:720575941350411824	left side of organism	has_soma_location			BANC888	doi:10.1038/s41586-026-10735-w	BANC_v888 260702
VFB_00106e7l	BANC_888:720575941350413360	right side of organism	has_soma_location			BANC888	doi:10.1038/s41586-026-10735-w	BANC_v888 260702
VFB_00106e7m	BANC_888:720575941350420016	left side of organism	has_soma_location			BANC888	doi:10.1038/s41586-026-10735-w	BANC_v888 260702
VFB_00106e7n	BANC_888:720575941350424112	left side of organism	has_soma_location			BANC888	doi:10.1038/s41586-026-10735-w	BANC_v888 260702
VFB_00106e7o	BANC_888:720575941350427696	right side of organism	has_soma_location			BANC888	doi:10.1038/s41586-026-10735-w	BANC_v888 260702
VFB_00106e7p	BANC_888:720575941350441008	left side of organism	has_soma_location			BANC888	doi:10.1038/s41586-026-10735-w	BANC_v888 260702
VFB_00106e7q	BANC_888:720575941350441264	left side of organism	has_soma_location			BANC888	doi:10.1038/s41586-026-10735-w	BANC_v888 260702
VFB_00106e7r	BANC_888:720575941350443312	right side of organism	has_soma_location			BANC888	doi:10.1038/s41586-026-10735-w	BANC_v888 260702
VFB_00106e7s	BANC_888:720575941350444592	right side of organism	has_soma_location			BANC888	doi:10.1038/s41586-026-10735-w	BANC_v888 260702
VFB_00106e7t	BANC_888:720575941350455344	left side of organism	has_soma_location			BANC888	doi:10.1038/s41586-026-10735-w	BANC_v888 260702
VFB_00106e7u	BANC_888:720575941350471472	left side of organism	has_soma_location			BANC888	doi:10.1038/s41586-026-10735-w	BANC_v888 260702
VFB_00106e7v	BANC_888:720575941350473008	right side of organism	has_soma_location			BANC888	doi:10.1038/s41586-026-10735-w	BANC_v888 260702
VFB_00107ack	BANC_888:720575941350480905	right side of organism	has_soma_location			BANC888	doi:10.1038/s41586-026-10735-w	BANC_v888 260702
VFB_00106e7w	BANC_888:720575941350482992	right side of organism	has_soma_location			BANC888	doi:10.1038/s41586-026-10735-w	BANC_v888 260702
VFB_00106e7x	BANC_888:720575941350526512	right side of organism	has_soma_location			BANC888	doi:10.1038/s41586-026-10735-w	BANC_v888 260702
VFB_00106e7y	BANC_888:720575941350528560	right side of organism	has_soma_location			BANC888	doi:10.1038/s41586-026-10735-w	BANC_v888 260702
VFB_00107acl	BANC_888:720575941350531376	right side of organism	has_soma_location			BANC888	doi:10.1038/s41586-026-10735-w	BANC_v888 260702
VFB_00106e7z	BANC_888:720575941350550320	right side of organism	has_soma_location			BANC888	doi:10.1038/s41586-026-10735-w	BANC_v888 260702
VFB_00106e80	BANC_888:720575941350568496	right side of organism	has_soma_location			BANC888	doi:10.1038/s41586-026-10735-w	BANC_v888 260702
VFB_00106e81	BANC_888:720575941350569776	right side of organism	has_soma_location			BANC888	doi:10.1038/s41586-026-10735-w	BANC_v888 260702
VFB_00106e82	BANC_888:720575941350604336	right side of organism	has_soma_location			BANC888	doi:10.1038/s41586-026-10735-w	BANC_v888 260702
VFB_00107acm	BANC_888:720575941350645808	left side of organism	has_soma_location			BANC888	doi:10.1038/s41586-026-10735-w	BANC_v888 260702
VFB_00106e83	BANC_888:720575941350764336	right side of organism	has_soma_location			BANC888	doi:10.1038/s41586-026-10735-w	BANC_v888 260702
VFB_00106e84	BANC_888:720575941350878768	left side of organism	has_soma_location			BANC888	doi:10.1038/s41586-026-10735-w	BANC_v888 260702
VFB_00106e86	BANC_888:720575941350979376	left side of organism	has_soma_location			BANC888	doi:10.1038/s41586-026-10735-w	BANC_v888 260702
VFB_00106e87	BANC_888:720575941351040048	right side of organism	has_soma_location			BANC888	doi:10.1038/s41586-026-10735-w	BANC_v888 260702
VFB_00106e88	BANC_888:720575941351040304	left side of organism	has_soma_location			BANC888	doi:10.1038/s41586-026-10735-w	BANC_v888 260702
VFB_00106e8a	BANC_888:720575941351118640	left side of organism	has_soma_location			BANC888	doi:10.1038/s41586-026-10735-w	BANC_v888 260702
VFB_00106e8c	BANC_888:720575941351164208	right side of organism	has_soma_location			BANC888	doi:10.1038/s41586-026-10735-w	BANC_v888 260702
VFB_00106e8d	BANC_888:720575941351164464	right side of organism	has_soma_location			BANC888	doi:10.1038/s41586-026-10735-w	BANC_v888 260702
VFB_00107acn	BANC_888:720575941351169840	left side of organism	has_soma_location			BANC888	doi:10.1038/s41586-026-10735-w	BANC_v888 260702
VFB_00106e8f	BANC_888:720575941351170352	right side of organism	has_soma_location			BANC888	doi:10.1038/s41586-026-10735-w	BANC_v888 260702
VFB_00106e8g	BANC_888:720575941351173424	right side of organism	has_soma_location			BANC888	doi:10.1038/s41586-026-10735-w	BANC_v888 260702
VFB_00106e8h	BANC_888:720575941351174704	right side of organism	has_soma_location			BANC888	doi:10.1038/s41586-026-10735-w	BANC_v888 260702
VFB_00106e8i	BANC_888:720575941351178288	right side of organism	has_soma_location			BANC888	doi:10.1038/s41586-026-10735-w	BANC_v888 260702
VFB_00107aco	BANC_888:720575941351179824	left side of organism	has_soma_location			BANC888	doi:10.1038/s41586-026-10735-w	BANC_v888 260702
VFB_00107acp	BANC_888:720575941351182640	right side of organism	has_soma_location			BANC888	doi:10.1038/s41586-026-10735-w	BANC_v888 260702
VFB_00107acq	BANC_888:720575941351183664	right side of organism	has_soma_location			BANC888	doi:10.1038/s41586-026-10735-w	BANC_v888 260702
VFB_00106e8j	BANC_888:720575941351188272	right side of organism	has_soma_location			BANC888	doi:10.1038/s41586-026-10735-w	BANC_v888 260702
VFB_00106e8k	BANC_888:720575941351189040	right side of organism	has_soma_location			BANC888	doi:10.1038/s41586-026-10735-w	BANC_v888 260702
VFB_00106e8l	BANC_888:720575941351191344	right side of organism	has_soma_location			BANC888	doi:10.1038/s41586-026-10735-w	BANC_v888 260702
VFB_00106e8m	BANC_888:720575941351191856	right side of organism	has_soma_location			BANC888	doi:10.1038/s41586-026-10735-w	BANC_v888 260702
VFB_00106e8n	BANC_888:720575941351220784	right side of organism	has_soma_location			BANC888	doi:10.1038/s41586-026-10735-w	BANC_v888 260702
VFB_00107acr	BANC_888:720575941351226160	right side of organism	has_soma_location			BANC888	doi:10.1038/s41586-026-10735-w	BANC_v888 260702
VFB_00106e8o	BANC_888:720575941351251248	right side of organism	has_soma_location			BANC888	doi:10.1038/s41586-026-10735-w	BANC_v888 260702
VFB_00106e8p	BANC_888:720575941351260208	right side of organism	has_soma_location			BANC888	doi:10.1038/s41586-026-10735-w	BANC_v888 260702
VFB_00106e8q	BANC_888:720575941351269936	right side of organism	has_soma_location			BANC888	doi:10.1038/s41586-026-10735-w	BANC_v888 260702
VFB_00107acs	BANC_888:720575941351300144	right side of organism	has_soma_location			BANC888	doi:10.1038/s41586-026-10735-w	BANC_v888 260702
VFB_00106e8r	BANC_888:720575941351323440	right side of organism	has_soma_location			BANC888	doi:10.1038/s41586-026-10735-w	BANC_v888 260702
VFB_00106e8s	BANC_888:720575941351325232	right side of organism	has_soma_location			BANC888	doi:10.1038/s41586-026-10735-w	BANC_v888 260702
VFB_00106e8u	BANC_888:720575941351347760	right side of organism	has_soma_location			BANC888	doi:10.1038/s41586-026-10735-w	BANC_v888 260702
VFB_00107act	BANC_888:720575941351350576	right side of organism	has_soma_location			BANC888	doi:10.1038/s41586-026-10735-w	BANC_v888 260702
VFB_00106e8v	BANC_888:720575941351357232	right side of organism	has_soma_location			BANC888	doi:10.1038/s41586-026-10735-w	BANC_v888 260702
VFB_00106e8w	BANC_888:720575941351367984	right side of organism	has_soma_location			BANC888	doi:10.1038/s41586-026-10735-w	BANC_v888 260702
VFB_00106e8x	BANC_888:720575941351369520	right side of organism	has_soma_location			BANC888	doi:10.1038/s41586-026-10735-w	BANC_v888 260702
VFB_00107acu	BANC_888:720575941351371824	right side of organism	has_soma_location			BANC888	doi:10.1038/s41586-026-10735-w	BANC_v888 260702
VFB_00106e8y	BANC_888:720575941351384112	right side of organism	has_soma_location			BANC888	doi:10.1038/s41586-026-10735-w	BANC_v888 260702
VFB_00106e8z	BANC_888:720575941351387440	right side of organism	has_soma_location			BANC888	doi:10.1038/s41586-026-10735-w	BANC_v888 260702
VFB_00106e90	BANC_888:720575941351388464	right side of organism	has_soma_location			BANC888	doi:10.1038/s41586-026-10735-w	BANC_v888 260702
VFB_00107acv	BANC_888:720575941351388720	right side of organism	has_soma_location			BANC888	doi:10.1038/s41586-026-10735-w	BANC_v888 260702
VFB_00106e91	BANC_888:720575941351390512	right side of organism	has_soma_location			BANC888	doi:10.1038/s41586-026-10735-w	BANC_v888 260702
VFB_00106e92	BANC_888:720575941351392048	right side of organism	has_soma_location			BANC888	doi:10.1038/s41586-026-10735-w	BANC_v888 260702
VFB_00106e93	BANC_888:720575941351393840	right side of organism	has_soma_location			BANC888	doi:10.1038/s41586-026-10735-w	BANC_v888 260702
VFB_00106e94	BANC_888:720575941351394096	right side of organism	has_soma_location			BANC888	doi:10.1038/s41586-026-10735-w	BANC_v888 260702
VFB_00106e95	BANC_888:720575941351399728	right side of organism	has_soma_location			BANC888	doi:10.1038/s41586-026-10735-w	BANC_v888 260702
VFB_00106e96	BANC_888:720575941351407664	right side of organism	has_soma_location			BANC888	doi:10.1038/s41586-026-10735-w	BANC_v888 260702
VFB_00107acw	BANC_888:720575941351408688	right side of organism	has_soma_location			BANC888	doi:10.1038/s41586-026-10735-w	BANC_v888 260702
VFB_00106e98	BANC_888:720575941351427888	right side of organism	has_soma_location			BANC888	doi:10.1038/s41586-026-10735-w	BANC_v888 260702
VFB_00107acx	BANC_888:720575941351429936	right side of organism	has_soma_location			BANC888	doi:10.1038/s41586-026-10735-w	BANC_v888 260702
VFB_00106e99	BANC_888:720575941351431216	right side of organism	has_soma_location			BANC888	doi:10.1038/s41586-026-10735-w	BANC_v888 260702
VFB_00106e9a	BANC_888:720575941351436336	right side of organism	has_soma_location			BANC888	doi:10.1038/s41586-026-10735-w	BANC_v888 260702
VFB_00106e9b	BANC_888:720575941351438384	right side of organism	has_soma_location			BANC888	doi:10.1038/s41586-026-10735-w	BANC_v888 260702
VFB_00106e9c	BANC_888:720575941351444272	right side of organism	has_soma_location			BANC888	doi:10.1038/s41586-026-10735-w	BANC_v888 260702
VFB_00106e9d	BANC_888:720575941351446576	right side of organism	has_soma_location			BANC888	doi:10.1038/s41586-026-10735-w	BANC_v888 260702
VFB_00107acy	BANC_888:720575941351451184	right side of organism	has_soma_location			BANC888	doi:10.1038/s41586-026-10735-w	BANC_v888 260702
VFB_00107acz	BANC_888:720575941351471152	right side of organism	has_soma_location			BANC888	doi:10.1038/s41586-026-10735-w	BANC_v888 260702
VFB_00106e9f	BANC_888:720575941351478064	right side of organism	has_soma_location			BANC888	doi:10.1038/s41586-026-10735-w	BANC_v888 260702
VFB_00106e9h	BANC_888:720575941351504944	right side of organism	has_soma_location			BANC888	doi:10.1038/s41586-026-10735-w	BANC_v888 260702
VFB_00107ad0	BANC_888:720575941351505200	right side of organism	has_soma_location			BANC888	doi:10.1038/s41586-026-10735-w	BANC_v888 260702
VFB_00106e9i	BANC_888:720575941351511088	right side of organism	has_soma_location			BANC888	doi:10.1038/s41586-026-10735-w	BANC_v888 260702
VFB_00106e9k	BANC_888:720575941351530032	left side of organism	has_soma_location			BANC888	doi:10.1038/s41586-026-10735-w	BANC_v888 260702
VFB_00106e9l	BANC_888:720575941351536688	right side of organism	has_soma_location			BANC888	doi:10.1038/s41586-026-10735-w	BANC_v888 260702
VFB_00106e9m	BANC_888:720575941351552816	right side of organism	has_soma_location			BANC888	doi:10.1038/s41586-026-10735-w	BANC_v888 260702
VFB_00106e9n	BANC_888:720575941351629104	right side of organism	has_soma_location			BANC888	doi:10.1038/s41586-026-10735-w	BANC_v888 260702
VFB_00106e9o	BANC_888:720575941351652400	left side of organism	has_soma_location			BANC888	doi:10.1038/s41586-026-10735-w	BANC_v888 260702
VFB_00106e9p	BANC_888:720575941351655984	right side of organism	has_soma_location			BANC888	doi:10.1038/s41586-026-10735-w	BANC_v888 260702
VFB_00106e9r	BANC_888:720575941351666224	right side of organism	has_soma_location			BANC888	doi:10.1038/s41586-026-10735-w	BANC_v888 260702
VFB_00107ad1	BANC_888:720575941351676720	right side of organism	has_soma_location			BANC888	doi:10.1038/s41586-026-10735-w	BANC_v888 260702
VFB_00106e9t	BANC_888:720575941351681072	right side of organism	has_soma_location			BANC888	doi:10.1038/s41586-026-10735-w	BANC_v888 260702
VFB_00106e9u	BANC_888:720575941351686192	right side of organism	has_soma_location			BANC888	doi:10.1038/s41586-026-10735-w	BANC_v888 260702
VFB_00106e9v	BANC_888:720575941351688240	right side of organism	has_soma_location			BANC888	doi:10.1038/s41586-026-10735-w	BANC_v888 260702
VFB_00106e9w	BANC_888:720575941351704624	right side of organism	has_soma_location			BANC888	doi:10.1038/s41586-026-10735-w	BANC_v888 260702
VFB_00107ad2	BANC_888:720575941351711024	right side of organism	has_soma_location			BANC888	doi:10.1038/s41586-026-10735-w	BANC_v888 260702
VFB_00106e9x	BANC_888:720575941351711280	right side of organism	has_soma_location			BANC888	doi:10.1038/s41586-026-10735-w	BANC_v888 260702
VFB_00106e9y	BANC_888:720575941351717168	right side of organism	has_soma_location			BANC888	doi:10.1038/s41586-026-10735-w	BANC_v888 260702
VFB_00106e9z	BANC_888:720575941351768112	left side of organism	has_soma_location			BANC888	doi:10.1038/s41586-026-10735-w	BANC_v888 260702
VFB_00106ea1	BANC_888:720575941351775792	right side of organism	has_soma_location			BANC888	doi:10.1038/s41586-026-10735-w	BANC_v888 260702
VFB_00106ea2	BANC_888:720575941351776560	right side of organism	has_soma_location			BANC888	doi:10.1038/s41586-026-10735-w	BANC_v888 260702
VFB_00106ea3	BANC_888:720575941351784496	right side of organism	has_soma_location			BANC888	doi:10.1038/s41586-026-10735-w	BANC_v888 260702
VFB_00106ea4	BANC_888:720575941351797552	right side of organism	has_soma_location			BANC888	doi:10.1038/s41586-026-10735-w	BANC_v888 260702
VFB_00106ea5	BANC_888:720575941351833904	right side of organism	has_soma_location			BANC888	doi:10.1038/s41586-026-10735-w	BANC_v888 260702
VFB_00107ad3	BANC_888:720575941351839280	right side of organism	has_soma_location			BANC888	doi:10.1038/s41586-026-10735-w	BANC_v888 260702
VFB_00107ad4	BANC_888:720575941351872291	right side of organism	has_soma_location			BANC888	doi:10.1038/s41586-026-10735-w	BANC_v888 260702
VFB_00106ea6	BANC_888:720575941351873072	left side of organism	has_soma_location			BANC888	doi:10.1038/s41586-026-10735-w	BANC_v888 260702
VFB_00106ea7	BANC_888:720575941351882544	right side of organism	has_soma_location			BANC888	doi:10.1038/s41586-026-10735-w	BANC_v888 260702
VFB_00106ea8	BANC_888:720575941351883568	left side of organism	has_soma_location			BANC888	doi:10.1038/s41586-026-10735-w	BANC_v888 260702
VFB_00106ea9	BANC_888:720575941351888688	right side of organism	has_soma_location			BANC888	doi:10.1038/s41586-026-10735-w	BANC_v888 260702
VFB_00106eaa	BANC_888:720575941351902256	right side of organism	has_soma_location			BANC888	doi:10.1038/s41586-026-10735-w	BANC_v888 260702
VFB_00106eab	BANC_888:720575941351909680	left side of organism	has_soma_location			BANC888	doi:10.1038/s41586-026-10735-w	BANC_v888 260702
VFB_00106eac	BANC_888:720575941351912496	right side of organism	has_soma_location			BANC888	doi:10.1038/s41586-026-10735-w	BANC_v888 260702
VFB_00106ead	BANC_888:720575941351912752	left side of organism	has_soma_location			BANC888	doi:10.1038/s41586-026-10735-w	BANC_v888 260702
VFB_00106eae	BANC_888:720575941351919408	right side of organism	has_soma_location			BANC888	doi:10.1038/s41586-026-10735-w	BANC_v888 260702
VFB_00106eaf	BANC_888:720575941351927600	right side of organism	has_soma_location			BANC888	doi:10.1038/s41586-026-10735-w	BANC_v888 260702
VFB_00107ad5	BANC_888:720575941351937840	left side of organism	has_soma_location			BANC888	doi:10.1038/s41586-026-10735-w	BANC_v888 260702
VFB_00107ad6	BANC_888:720575941351973680	left side of organism	has_soma_location			BANC888	doi:10.1038/s41586-026-10735-w	BANC_v888 260702
VFB_00106eag	BANC_888:720575941351990832	right side of organism	has_soma_location			BANC888	doi:10.1038/s41586-026-10735-w	BANC_v888 260702
VFB_00106eah	BANC_888:720575941352015920	left side of organism	has_soma_location			BANC888	doi:10.1038/s41586-026-10735-w	BANC_v888 260702
VFB_00106eai	BANC_888:720575941352016432	right side of organism	has_soma_location			BANC888	doi:10.1038/s41586-026-10735-w	BANC_v888 260702
VFB_00106eaj	BANC_888:720575941352042288	left side of organism	has_soma_location			BANC888	doi:10.1038/s41586-026-10735-w	BANC_v888 260702
VFB_00106eak	BANC_888:720575941352043312	left side of organism	has_soma_location			BANC888	doi:10.1038/s41586-026-10735-w	BANC_v888 260702
VFB_00106eal	BANC_888:720575941352049712	left side of organism	has_soma_location			BANC888	doi:10.1038/s41586-026-10735-w	BANC_v888 260702
VFB_00107ad7	BANC_888:720575941352057392	right side of organism	has_soma_location			BANC888	doi:10.1038/s41586-026-10735-w	BANC_v888 260702
VFB_00106eam	BANC_888:720575941352057904	right side of organism	has_soma_location			BANC888	doi:10.1038/s41586-026-10735-w	BANC_v888 260702
VFB_00106ean	BANC_888:720575941352068656	right side of organism	has_soma_location			BANC888	doi:10.1038/s41586-026-10735-w	BANC_v888 260702
VFB_00106eao	BANC_888:720575941352075568	right side of organism	has_soma_location			BANC888	doi:10.1038/s41586-026-10735-w	BANC_v888 260702
VFB_00106eap	BANC_888:720575941352076848	right side of organism	has_soma_location			BANC888	doi:10.1038/s41586-026-10735-w	BANC_v888 260702
VFB_00106eaq	BANC_888:720575941352077104	right side of organism	has_soma_location			BANC888	doi:10.1038/s41586-026-10735-w	BANC_v888 260702
VFB_00106ear	BANC_888:720575941352082224	right side of organism	has_soma_location			BANC888	doi:10.1038/s41586-026-10735-w	BANC_v888 260702
VFB_00106eas	BANC_888:720575941352084784	left side of organism	has_soma_location			BANC888	doi:10.1038/s41586-026-10735-w	BANC_v888 260702
VFB_00106eat	BANC_888:720575941352087344	right side of organism	has_soma_location			BANC888	doi:10.1038/s41586-026-10735-w	BANC_v888 260702
VFB_00106eau	BANC_888:720575941352088624	left side of organism	has_soma_location			BANC888	doi:10.1038/s41586-026-10735-w	BANC_v888 260702
VFB_00106eaw	BANC_888:720575941352132912	left side of organism	has_soma_location			BANC888	doi:10.1038/s41586-026-10735-w	BANC_v888 260702
VFB_00106eax	BANC_888:720575941352155952	left side of organism	has_soma_location			BANC888	doi:10.1038/s41586-026-10735-w	BANC_v888 260702
VFB_00106eaz	BANC_888:720575941352181040	right side of organism	has_soma_location			BANC888	doi:10.1038/s41586-026-10735-w	BANC_v888 260702
VFB_00106eb0	BANC_888:720575941352181296	right side of organism	has_soma_location			BANC888	doi:10.1038/s41586-026-10735-w	BANC_v888 260702
VFB_00106eb1	BANC_888:720575941352187184	right side of organism	has_soma_location			BANC888	doi:10.1038/s41586-026-10735-w	BANC_v888 260702
VFB_00106eb2	BANC_888:720575941352199472	right side of organism	has_soma_location			BANC888	doi:10.1038/s41586-026-10735-w	BANC_v888 260702
VFB_00107ad8	BANC_888:720575941352201264	right side of organism	has_soma_location			BANC888	doi:10.1038/s41586-026-10735-w	BANC_v888 260702
VFB_00106eb3	BANC_888:720575941352202800	left side of organism	has_soma_location			BANC888	doi:10.1038/s41586-026-10735-w	BANC_v888 260702
VFB_00106eb4	BANC_888:720575941352223280	left side of organism	has_soma_location			BANC888	doi:10.1038/s41586-026-10735-w	BANC_v888 260702
VFB_00106eb6	BANC_888:720575941352236336	left side of organism	has_soma_location			BANC888	doi:10.1038/s41586-026-10735-w	BANC_v888 260702
VFB_00106eb7	BANC_888:720575941352244016	right side of organism	has_soma_location			BANC888	doi:10.1038/s41586-026-10735-w	BANC_v888 260702
VFB_00106eb8	BANC_888:720575941352258864	right side of organism	has_soma_location			BANC888	doi:10.1038/s41586-026-10735-w	BANC_v888 260702
VFB_00106ebb	BANC_888:720575941352286512	left side of organism	has_soma_location			BANC888	doi:10.1038/s41586-026-10735-w	BANC_v888 260702
VFB_00106ebc	BANC_888:720575941352320560	right side of organism	has_soma_location			BANC888	doi:10.1038/s41586-026-10735-w	BANC_v888 260702
VFB_00107ad9	BANC_888:720575941352344368	right side of organism	has_soma_location			BANC888	doi:10.1038/s41586-026-10735-w	BANC_v888 260702
VFB_00107ada	BANC_888:720575941352358960	right side of organism	has_soma_location			BANC888	doi:10.1038/s41586-026-10735-w	BANC_v888 260702
VFB_00107adb	BANC_888:720575941352359472	left side of organism	has_soma_location			BANC888	doi:10.1038/s41586-026-10735-w	BANC_v888 260702
VFB_00107adc	BANC_888:720575941352364336	right side of organism	has_soma_location			BANC888	doi:10.1038/s41586-026-10735-w	BANC_v888 260702
VFB_00106ebd	BANC_888:720575941352368688	left side of organism	has_soma_location			BANC888	doi:10.1038/s41586-026-10735-w	BANC_v888 260702
VFB_00107add	BANC_888:720575941352372528	right side of organism	has_soma_location			BANC888	doi:10.1038/s41586-026-10735-w	BANC_v888 260702
VFB_00107ade	BANC_888:720575941352401456	right side of organism	has_soma_location			BANC888	doi:10.1038/s41586-026-10735-w	BANC_v888 260702
VFB_00106ebe	BANC_888:720575941352405552	right side of organism	has_soma_location			BANC888	doi:10.1038/s41586-026-10735-w	BANC_v888 260702
VFB_00107adf	BANC_888:720575941352427056	right side of organism	has_soma_location			BANC888	doi:10.1038/s41586-026-10735-w	BANC_v888 260702
VFB_00106ebf	BANC_888:720575941352445744	right side of organism	has_soma_location			BANC888	doi:10.1038/s41586-026-10735-w	BANC_v888 260702
VFB_00106ebg	BANC_888:720575941352448816	left side of organism	has_soma_location			BANC888	doi:10.1038/s41586-026-10735-w	BANC_v888 260702
VFB_00107adg	BANC_888:720575941352458800	right side of organism	has_soma_location			BANC888	doi:10.1038/s41586-026-10735-w	BANC_v888 260702
VFB_00106ebh	BANC_888:720575941352460080	right side of organism	has_soma_location			BANC888	doi:10.1038/s41586-026-10735-w	BANC_v888 260702
VFB_00107adh	BANC_888:720575941352470576	right side of organism	has_soma_location			BANC888	doi:10.1038/s41586-026-10735-w	BANC_v888 260702
VFB_00106ebl	BANC_888:720575941352525872	right side of organism	has_soma_location			BANC888	doi:10.1038/s41586-026-10735-w	BANC_v888 260702
VFB_00106ebn	BANC_888:720575941352534576	right side of organism	has_soma_location			BANC888	doi:10.1038/s41586-026-10735-w	BANC_v888 260702
VFB_00106ebo	BANC_888:720575941352535088	right side of organism	has_soma_location			BANC888	doi:10.1038/s41586-026-10735-w	BANC_v888 260702
VFB_00106ebp	BANC_888:720575941352539440	left side of organism	has_soma_location			BANC888	doi:10.1038/s41586-026-10735-w	BANC_v888 260702
VFB_00106ebq	BANC_888:720575941352544304	right side of organism	has_soma_location			BANC888	doi:10.1038/s41586-026-10735-w	BANC_v888 260702
VFB_00106ebr	BANC_888:720575941352552240	left side of organism	has_soma_location			BANC888	doi:10.1038/s41586-026-10735-w	BANC_v888 260702
VFB_00106ebs	BANC_888:720575941352556080	right side of organism	has_soma_location			BANC888	doi:10.1038/s41586-026-10735-w	BANC_v888 260702
VFB_00107adi	BANC_888:720575941352580912	right side of organism	has_soma_location			BANC888	doi:10.1038/s41586-026-10735-w	BANC_v888 260702
VFB_00106ebt	BANC_888:720575941352587056	right side of organism	has_soma_location			BANC888	doi:10.1038/s41586-026-10735-w	BANC_v888 260702
VFB_00107adj	BANC_888:720575941352589360	left side of organism	has_soma_location			BANC888	doi:10.1038/s41586-026-10735-w	BANC_v888 260702
VFB_00106ebu	BANC_888:720575941352598832	right side of organism	has_soma_location			BANC888	doi:10.1038/s41586-026-10735-w	BANC_v888 260702
VFB_00106ebv	BANC_888:720575941352611888	left side of organism	has_soma_location			BANC888	doi:10.1038/s41586-026-10735-w	BANC_v888 260702
VFB_00106ebw	BANC_888:720575941352612912	right side of organism	has_soma_location			BANC888	doi:10.1038/s41586-026-10735-w	BANC_v888 260702
VFB_00106ebx	BANC_888:720575941352616240	right side of organism	has_soma_location			BANC888	doi:10.1038/s41586-026-10735-w	BANC_v888 260702
VFB_00107adk	BANC_888:720575941352617776	left side of organism	has_soma_location			BANC888	doi:10.1038/s41586-026-10735-w	BANC_v888 260702
VFB_00106eby	BANC_888:720575941352620080	right side of organism	has_soma_location			BANC888	doi:10.1038/s41586-026-10735-w	BANC_v888 260702
VFB_00107adl	BANC_888:720575941352627504	right side of organism	has_soma_location			BANC888	doi:10.1038/s41586-026-10735-w	BANC_v888 260702
VFB_00107adm	BANC_888:720575941352631600	right side of organism	has_soma_location			BANC888	doi:10.1038/s41586-026-10735-w	BANC_v888 260702
VFB_00107adn	BANC_888:720575941352632368	right side of organism	has_soma_location			BANC888	doi:10.1038/s41586-026-10735-w	BANC_v888 260702
VFB_00107ado	BANC_888:720575941352647728	right side of organism	has_soma_location			BANC888	doi:10.1038/s41586-026-10735-w	BANC_v888 260702
VFB_00106ec0	BANC_888:720575941352651568	right side of organism	has_soma_location			BANC888	doi:10.1038/s41586-026-10735-w	BANC_v888 260702
VFB_00107adp	BANC_888:720575941352668208	right side of organism	has_soma_location			BANC888	doi:10.1038/s41586-026-10735-w	BANC_v888 260702
VFB_00107adq	BANC_888:720575941352669488	right side of organism	has_soma_location			BANC888	doi:10.1038/s41586-026-10735-w	BANC_v888 260702
VFB_00107adr	BANC_888:720575941352670768	right side of organism	has_soma_location			BANC888	doi:10.1038/s41586-026-10735-w	BANC_v888 260702
VFB_00107ads	BANC_888:720575941352676144	right side of organism	has_soma_location			BANC888	doi:10.1038/s41586-026-10735-w	BANC_v888 260702
VFB_00106ec2	BANC_888:720575941352678192	right side of organism	has_soma_location			BANC888	doi:10.1038/s41586-026-10735-w	BANC_v888 260702
VFB_00106ec3	BANC_888:720575941352694320	right side of organism	has_soma_location			BANC888	doi:10.1038/s41586-026-10735-w	BANC_v888 260702
VFB_00107adt	BANC_888:720575941352714288	left side of organism	has_soma_location			BANC888	doi:10.1038/s41586-026-10735-w	BANC_v888 260702
VFB_00106ec4	BANC_888:720575941352714544	left side of organism	has_soma_location			BANC888	doi:10.1038/s41586-026-10735-w	BANC_v888 260702
VFB_00106ec5	BANC_888:720575941352725808	right side of organism	has_soma_location			BANC888	doi:10.1038/s41586-026-10735-w	BANC_v888 260702
VFB_00107adu	BANC_888:720575941352726832	left side of organism	has_soma_location			BANC888	doi:10.1038/s41586-026-10735-w	BANC_v888 260702
VFB_00107adv	BANC_888:720575941352734512	left side of organism	has_soma_location			BANC888	doi:10.1038/s41586-026-10735-w	BANC_v888 260702
VFB_00106ec6	BANC_888:720575941352735792	right side of organism	has_soma_location			BANC888	doi:10.1038/s41586-026-10735-w	BANC_v888 260702
VFB_00107adw	BANC_888:720575941352739888	right side of organism	has_soma_location			BANC888	doi:10.1038/s41586-026-10735-w	BANC_v888 260702
VFB_00106ec7	BANC_888:720575941352743472	right side of organism	has_soma_location			BANC888	doi:10.1038/s41586-026-10735-w	BANC_v888 260702
VFB_00107adx	BANC_888:720575941352755504	right side of organism	has_soma_location			BANC888	doi:10.1038/s41586-026-10735-w	BANC_v888 260702
VFB_00107ady	BANC_888:720575941352775984	right side of organism	has_soma_location			BANC888	doi:10.1038/s41586-026-10735-w	BANC_v888 260702
VFB_00107adz	BANC_888:720575941352778544	left side of organism	has_soma_location			BANC888	doi:10.1038/s41586-026-10735-w	BANC_v888 260702
VFB_00107ae0	BANC_888:720575941352779824	right side of organism	has_soma_location			BANC888	doi:10.1038/s41586-026-10735-w	BANC_v888 260702
VFB_00107ae1	BANC_888:720575941352782384	left side of organism	has_soma_location			BANC888	doi:10.1038/s41586-026-10735-w	BANC_v888 260702
VFB_00107ae2	BANC_888:720575941352782640	right side of organism	has_soma_location			BANC888	doi:10.1038/s41586-026-10735-w	BANC_v888 260702
VFB_00106ec9	BANC_888:720575941352800048	right side of organism	has_soma_location			BANC888	doi:10.1038/s41586-026-10735-w	BANC_v888 260702
VFB_00107ae3	BANC_888:720575941352804144	right side of organism	has_soma_location			BANC888	doi:10.1038/s41586-026-10735-w	BANC_v888 260702
VFB_00106ecb	BANC_888:720575941352816176	left side of organism	has_soma_location			BANC888	doi:10.1038/s41586-026-10735-w	BANC_v888 260702
VFB_00106ecd	BANC_888:720575941352825904	left side of organism	has_soma_location			BANC888	doi:10.1038/s41586-026-10735-w	BANC_v888 260702
VFB_00106ece	BANC_888:720575941352844336	left side of organism	has_soma_location			BANC888	doi:10.1038/s41586-026-10735-w	BANC_v888 260702
VFB_00107ae4	BANC_888:720575941352847664	left side of organism	has_soma_location			BANC888	doi:10.1038/s41586-026-10735-w	BANC_v888 260702
VFB_00107ae5	BANC_888:720575941352861744	right side of organism	has_soma_location			BANC888	doi:10.1038/s41586-026-10735-w	BANC_v888 260702
VFB_00106ecg	BANC_888:720575941352867120	right side of organism	has_soma_location			BANC888	doi:10.1038/s41586-026-10735-w	BANC_v888 260702
VFB_00106ech	BANC_888:720575941352877616	left side of organism	has_soma_location			BANC888	doi:10.1038/s41586-026-10735-w	BANC_v888 260702
VFB_00107ae6	BANC_888:720575941352896816	left side of organism	has_soma_location			BANC888	doi:10.1038/s41586-026-10735-w	BANC_v888 260702
VFB_00107ae7	BANC_888:720575941352898608	right side of organism	has_soma_location			BANC888	doi:10.1038/s41586-026-10735-w	BANC_v888 260702
VFB_00106eci	BANC_888:720575941352900400	left side of organism	has_soma_location			BANC888	doi:10.1038/s41586-026-10735-w	BANC_v888 260702
VFB_00106eck	BANC_888:720575941352906800	left side of organism	has_soma_location			BANC888	doi:10.1038/s41586-026-10735-w	BANC_v888 260702
VFB_00106ecl	BANC_888:720575941352907824	left side of organism	has_soma_location			BANC888	doi:10.1038/s41586-026-10735-w	BANC_v888 260702
VFB_00107ae8	BANC_888:720575941352911664	right side of organism	has_soma_location			BANC888	doi:10.1038/s41586-026-10735-w	BANC_v888 260702
VFB_00107ae9	BANC_888:720575941352911920	left side of organism	has_soma_location			BANC888	doi:10.1038/s41586-026-10735-w	BANC_v888 260702
VFB_00106ecm	BANC_888:720575941352917296	left side of organism	has_soma_location			BANC888	doi:10.1038/s41586-026-10735-w	BANC_v888 260702
VFB_00106ecn	BANC_888:720575941352918576	left side of organism	has_soma_location			BANC888	doi:10.1038/s41586-026-10735-w	BANC_v888 260702
VFB_00106eco	BANC_888:720575941352919856	right side of organism	has_soma_location			BANC888	doi:10.1038/s41586-026-10735-w	BANC_v888 260702
VFB_00106ecp	BANC_888:720575941352922928	left side of organism	has_soma_location			BANC888	doi:10.1038/s41586-026-10735-w	BANC_v888 260702
VFB_00106ecq	BANC_888:720575941352925744	right side of organism	has_soma_location			BANC888	doi:10.1038/s41586-026-10735-w	BANC_v888 260702
VFB_00106ecr	BANC_888:720575941352934192	left side of organism	has_soma_location			BANC888	doi:10.1038/s41586-026-10735-w	BANC_v888 260702
VFB_00106ecs	BANC_888:720575941352939312	right side of organism	has_soma_location			BANC888	doi:10.1038/s41586-026-10735-w	BANC_v888 260702
VFB_00106ect	BANC_888:720575941352941360	right side of organism	has_soma_location			BANC888	doi:10.1038/s41586-026-10735-w	BANC_v888 260702
VFB_00106ecu	BANC_888:720575941352943152	left side of organism	has_soma_location			BANC888	doi:10.1038/s41586-026-10735-w	BANC_v888 260702
VFB_00106ecv	BANC_888:720575941352943920	left side of organism	has_soma_location			BANC888	doi:10.1038/s41586-026-10735-w	BANC_v888 260702
VFB_00106ecw	BANC_888:720575941352944176	left side of organism	has_soma_location			BANC888	doi:10.1038/s41586-026-10735-w	BANC_v888 260702
VFB_00106ecx	BANC_888:720575941352944432	right side of organism	has_soma_location			BANC888	doi:10.1038/s41586-026-10735-w	BANC_v888 260702
VFB_00106ecy	BANC_888:720575941352944688	right side of organism	has_soma_location			BANC888	doi:10.1038/s41586-026-10735-w	BANC_v888 260702
VFB_00106ecz	BANC_888:720575941352944944	left side of organism	has_soma_location			BANC888	doi:10.1038/s41586-026-10735-w	BANC_v888 260702
VFB_00106ed1	BANC_888:720575941352946736	left side of organism	has_soma_location			BANC888	doi:10.1038/s41586-026-10735-w	BANC_v888 260702
VFB_00106ed2	BANC_888:720575941352965936	right side of organism	has_soma_location			BANC888	doi:10.1038/s41586-026-10735-w	BANC_v888 260702
VFB_00106ed3	BANC_888:720575941352968496	left side of organism	has_soma_location			BANC888	doi:10.1038/s41586-026-10735-w	BANC_v888 260702
VFB_00106ed4	BANC_888:720575941352972080	right side of organism	has_soma_location			BANC888	doi:10.1038/s41586-026-10735-w	BANC_v888 260702
VFB_00107aea	BANC_888:720575941352972848	left side of organism	has_soma_location			BANC888	doi:10.1038/s41586-026-10735-w	BANC_v888 260702
VFB_00106ed5	BANC_888:720575941352978224	right side of organism	has_soma_location			BANC888	doi:10.1038/s41586-026-10735-w	BANC_v888 260702
VFB_00107aeb	BANC_888:720575941352981040	right side of organism	has_soma_location			BANC888	doi:10.1038/s41586-026-10735-w	BANC_v888 260702
VFB_00106ed6	BANC_888:720575941352987696	left side of organism	has_soma_location			BANC888	doi:10.1038/s41586-026-10735-w	BANC_v888 260702
VFB_00106ed7	BANC_888:720575941352998960	left side of organism	has_soma_location			BANC888	doi:10.1038/s41586-026-10735-w	BANC_v888 260702
VFB_00107aec	BANC_888:720575941353006896	right side of organism	has_soma_location			BANC888	doi:10.1038/s41586-026-10735-w	BANC_v888 260702
VFB_00107aed	BANC_888:720575941353013040	right side of organism	has_soma_location			BANC888	doi:10.1038/s41586-026-10735-w	BANC_v888 260702
VFB_00107aee	BANC_888:720575941353031728	left side of organism	has_soma_location			BANC888	doi:10.1038/s41586-026-10735-w	BANC_v888 260702
VFB_00107aef	BANC_888:720575941353040432	left side of organism	has_soma_location			BANC888	doi:10.1038/s41586-026-10735-w	BANC_v888 260702
VFB_00106eda	BANC_888:720575941353056048	right side of organism	has_soma_location			BANC888	doi:10.1038/s41586-026-10735-w	BANC_v888 260702
VFB_00107aeg	BANC_888:720575941353056816	right side of organism	has_soma_location			BANC888	doi:10.1038/s41586-026-10735-w	BANC_v888 260702
VFB_00107aeh	BANC_888:720575941353064240	left side of organism	has_soma_location			BANC888	doi:10.1038/s41586-026-10735-w	BANC_v888 260702
VFB_00106edd	BANC_888:720575941353074480	left side of organism	has_soma_location			BANC888	doi:10.1038/s41586-026-10735-w	BANC_v888 260702
VFB_00106ede	BANC_888:720575941353080624	right side of organism	has_soma_location			BANC888	doi:10.1038/s41586-026-10735-w	BANC_v888 260702
VFB_00107aei	BANC_888:720575941353081648	right side of organism	has_soma_location			BANC888	doi:10.1038/s41586-026-10735-w	BANC_v888 260702
VFB_00107aej	BANC_888:720575941353082672	right side of organism	has_soma_location			BANC888	doi:10.1038/s41586-026-10735-w	BANC_v888 260702
VFB_00106edf	BANC_888:720575941353089328	left side of organism	has_soma_location			BANC888	doi:10.1038/s41586-026-10735-w	BANC_v888 260702
VFB_00107aek	BANC_888:720575941353091632	right side of organism	has_soma_location			BANC888	doi:10.1038/s41586-026-10735-w	BANC_v888 260702
VFB_00107ael	BANC_888:720575941353092400	right side of organism	has_soma_location			BANC888	doi:10.1038/s41586-026-10735-w	BANC_v888 260702
VFB_00106edg	BANC_888:720575941353092656	right side of organism	has_soma_location			BANC888	doi:10.1038/s41586-026-10735-w	BANC_v888 260702
VFB_00106edh	BANC_888:720575941353100336	left side of organism	has_soma_location			BANC888	doi:10.1038/s41586-026-10735-w	BANC_v888 260702
VFB_00107aem	BANC_888:720575941353103920	left side of organism	has_soma_location			BANC888	doi:10.1038/s41586-026-10735-w	BANC_v888 260702
VFB_00107aen	BANC_888:720575941353104432	right side of organism	has_soma_location			BANC888	doi:10.1038/s41586-026-10735-w	BANC_v888 260702
VFB_00106edi	BANC_888:720575941353107760	right side of organism	has_soma_location			BANC888	doi:10.1038/s41586-026-10735-w	BANC_v888 260702
VFB_00106edj	BANC_888:720575941353112112	left side of organism	has_soma_location			BANC888	doi:10.1038/s41586-026-10735-w	BANC_v888 260702
VFB_00106edk	BANC_888:720575941353112880	right side of organism	has_soma_location			BANC888	doi:10.1038/s41586-026-10735-w	BANC_v888 260702
VFB_00106edl	BANC_888:720575941353113136	left side of organism	has_soma_location			BANC888	doi:10.1038/s41586-026-10735-w	BANC_v888 260702
VFB_00106edm	BANC_888:720575941353115440	right side of organism	has_soma_location			BANC888	doi:10.1038/s41586-026-10735-w	BANC_v888 260702
VFB_00107aeo	BANC_888:720575941353130032	right side of organism	has_soma_location			BANC888	doi:10.1038/s41586-026-10735-w	BANC_v888 260702
VFB_00107aep	BANC_888:720575941353130544	left side of organism	has_soma_location			BANC888	doi:10.1038/s41586-026-10735-w	BANC_v888 260702
VFB_00107aeq	BANC_888:720575941353136176	right side of organism	has_soma_location			BANC888	doi:10.1038/s41586-026-10735-w	BANC_v888 260702
VFB_00107aer	BANC_888:720575941353136688	right side of organism	has_soma_location			BANC888	doi:10.1038/s41586-026-10735-w	BANC_v888 260702
VFB_00106edp	BANC_888:720575941353147440	right side of organism	has_soma_location			BANC888	doi:10.1038/s41586-026-10735-w	BANC_v888 260702
VFB_00106edq	BANC_888:720575941353152304	right side of organism	has_soma_location			BANC888	doi:10.1038/s41586-026-10735-w	BANC_v888 260702
VFB_00106edr	BANC_888:720575941353157168	left side of organism	has_soma_location			BANC888	doi:10.1038/s41586-026-10735-w	BANC_v888 260702
VFB_00107aes	BANC_888:720575941353164592	left side of organism	has_soma_location			BANC888	doi:10.1038/s41586-026-10735-w	BANC_v888 260702
VFB_00106edt	BANC_888:720575941353175088	left side of organism	has_soma_location			BANC888	doi:10.1038/s41586-026-10735-w	BANC_v888 260702
VFB_00106edu	BANC_888:720575941353177392	left side of organism	has_soma_location			BANC888	doi:10.1038/s41586-026-10735-w	BANC_v888 260702
VFB_00107aet	BANC_888:720575941353183280	right side of organism	has_soma_location			BANC888	doi:10.1038/s41586-026-10735-w	BANC_v888 260702
VFB_00106edy	BANC_888:720575941353199152	right side of organism	has_soma_location			BANC888	doi:10.1038/s41586-026-10735-w	BANC_v888 260702
VFB_00106edz	BANC_888:720575941353201200	left side of organism	has_soma_location			BANC888	doi:10.1038/s41586-026-10735-w	BANC_v888 260702
VFB_00107aeu	BANC_888:720575941353201712	left side of organism	has_soma_location			BANC888	doi:10.1038/s41586-026-10735-w	BANC_v888 260702
VFB_00106ee0	BANC_888:720575941353204016	right side of organism	has_soma_location			BANC888	doi:10.1038/s41586-026-10735-w	BANC_v888 260702
VFB_00106ee1	BANC_888:720575941353204272	left side of organism	has_soma_location			BANC888	doi:10.1038/s41586-026-10735-w	BANC_v888 260702
VFB_00107aev	BANC_888:720575941353210672	left side of organism	has_soma_location			BANC888	doi:10.1038/s41586-026-10735-w	BANC_v888 260702
VFB_00107aew	BANC_888:720575941353211440	left side of organism	has_soma_location			BANC888	doi:10.1038/s41586-026-10735-w	BANC_v888 260702
VFB_00106ee4	BANC_888:720575941353213744	right side of organism	has_soma_location			BANC888	doi:10.1038/s41586-026-10735-w	BANC_v888 260702
VFB_00107aex	BANC_888:720575941353225008	left side of organism	has_soma_location			BANC888	doi:10.1038/s41586-026-10735-w	BANC_v888 260702
VFB_00106ee5	BANC_888:720575941353229872	right side of organism	has_soma_location			BANC888	doi:10.1038/s41586-026-10735-w	BANC_v888 260702
VFB_00106ee6	BANC_888:720575941353247536	right side of organism	has_soma_location			BANC888	doi:10.1038/s41586-026-10735-w	BANC_v888 260702
VFB_00107aey	BANC_888:720575941353248816	left side of organism	has_soma_location			BANC888	doi:10.1038/s41586-026-10735-w	BANC_v888 260702
VFB_00106ee7	BANC_888:720575941353261360	left side of organism	has_soma_location			BANC888	doi:10.1038/s41586-026-10735-w	BANC_v888 260702
VFB_00106ee9	BANC_888:720575941353268016	right side of organism	has_soma_location			BANC888	doi:10.1038/s41586-026-10735-w	BANC_v888 260702
VFB_00107aez	BANC_888:720575941353269040	left side of organism	has_soma_location			BANC888	doi:10.1038/s41586-026-10735-w	BANC_v888 260702
VFB_00107af0	BANC_888:720575941353283376	left side of organism	has_soma_location			BANC888	doi:10.1038/s41586-026-10735-w	BANC_v888 260702
VFB_00107af1	BANC_888:720575941353292592	left side of organism	has_soma_location			BANC888	doi:10.1038/s41586-026-10735-w	BANC_v888 260702
VFB_00107af2	BANC_888:720575941353298992	left side of organism	has_soma_location			BANC888	doi:10.1038/s41586-026-10735-w	BANC_v888 260702
VFB_00106eea	BANC_888:720575941353301552	right side of organism	has_soma_location			BANC888	doi:10.1038/s41586-026-10735-w	BANC_v888 260702
VFB_00107af3	BANC_888:720575941353307184	left side of organism	has_soma_location			BANC888	doi:10.1038/s41586-026-10735-w	BANC_v888 260702
VFB_00107af4	BANC_888:720575941353312560	left side of organism	has_soma_location			BANC888	doi:10.1038/s41586-026-10735-w	BANC_v888 260702
VFB_00107af5	BANC_888:720575941353313072	left side of organism	has_soma_location			BANC888	doi:10.1038/s41586-026-10735-w	BANC_v888 260702
VFB_00106eec	BANC_888:720575941353320496	left side of organism	has_soma_location			BANC888	doi:10.1038/s41586-026-10735-w	BANC_v888 260702
VFB_00106eed	BANC_888:720575941353327920	left side of organism	has_soma_location			BANC888	doi:10.1038/s41586-026-10735-w	BANC_v888 260702
VFB_00107af6	BANC_888:720575941353337136	left side of organism	has_soma_location			BANC888	doi:10.1038/s41586-026-10735-w	BANC_v888 260702
VFB_00106eee	BANC_888:720575941353338672	right side of organism	has_soma_location			BANC888	doi:10.1038/s41586-026-10735-w	BANC_v888 260702
VFB_00107af7	BANC_888:720575941353361200	left side of organism	has_soma_location			BANC888	doi:10.1038/s41586-026-10735-w	BANC_v888 260702
VFB_00106eef	BANC_888:720575941353376048	left side of organism	has_soma_location			BANC888	doi:10.1038/s41586-026-10735-w	BANC_v888 260702
VFB_00106eeg	BANC_888:720575941353388848	left side of organism	has_soma_location			BANC888	doi:10.1038/s41586-026-10735-w	BANC_v888 260702
VFB_00107af8	BANC_888:720575941353389616	left side of organism	has_soma_location			BANC888	doi:10.1038/s41586-026-10735-w	BANC_v888 260702
VFB_00107af9	BANC_888:720575941353391152	left side of organism	has_soma_location			BANC888	doi:10.1038/s41586-026-10735-w	BANC_v888 260702
VFB_00107afa	BANC_888:720575941353395760	left side of organism	has_soma_location			BANC888	doi:10.1038/s41586-026-10735-w	BANC_v888 260702
VFB_00106eeh	BANC_888:720575941353396016	right side of organism	has_soma_location			BANC888	doi:10.1038/s41586-026-10735-w	BANC_v888 260702
VFB_00107afb	BANC_888:720575941353397808	left side of organism	has_soma_location			BANC888	doi:10.1038/s41586-026-10735-w	BANC_v888 260702
VFB_00107afc	BANC_888:720575941353402928	right side of organism	has_soma_location			BANC888	doi:10.1038/s41586-026-10735-w	BANC_v888 260702
VFB_00107afd	BANC_888:720575941353408304	left side of organism	has_soma_location			BANC888	doi:10.1038/s41586-026-10735-w	BANC_v888 260702
VFB_00107afe	BANC_888:720575941353418288	left side of organism	has_soma_location			BANC888	doi:10.1038/s41586-026-10735-w	BANC_v888 260702
VFB_00107aff	BANC_888:720575941353420336	left side of organism	has_soma_location			BANC888	doi:10.1038/s41586-026-10735-w	BANC_v888 260702
VFB_00107afg	BANC_888:720575941353433136	left side of organism	has_soma_location			BANC888	doi:10.1038/s41586-026-10735-w	BANC_v888 260702
VFB_00107afh	BANC_888:720575941353442096	left side of organism	has_soma_location			BANC888	doi:10.1038/s41586-026-10735-w	BANC_v888 260702
VFB_00107afi	BANC_888:720575941353443120	left side of organism	has_soma_location			BANC888	doi:10.1038/s41586-026-10735-w	BANC_v888 260702
VFB_00107afj	BANC_888:720575941353444144	left side of organism	has_soma_location			BANC888	doi:10.1038/s41586-026-10735-w	BANC_v888 260702
VFB_00107afk	BANC_888:720575941353457968	left side of organism	has_soma_location			BANC888	doi:10.1038/s41586-026-10735-w	BANC_v888 260702
VFB_00106eek	BANC_888:720575941353462832	left side of organism	has_soma_location			BANC888	doi:10.1038/s41586-026-10735-w	BANC_v888 260702
VFB_00107afl	BANC_888:720575941353467696	left side of organism	has_soma_location			BANC888	doi:10.1038/s41586-026-10735-w	BANC_v888 260702
VFB_00107afm	BANC_888:720575941353469488	left side of organism	has_soma_location			BANC888	doi:10.1038/s41586-026-10735-w	BANC_v888 260702
VFB_00107afn	BANC_888:720575941353475632	left side of organism	has_soma_location			BANC888	doi:10.1038/s41586-026-10735-w	BANC_v888 260702
VFB_00107afo	BANC_888:720575941353486896	left side of organism	has_soma_location			BANC888	doi:10.1038/s41586-026-10735-w	BANC_v888 260702
VFB_00107afp	BANC_888:720575941353521456	left side of organism	has_soma_location			BANC888	doi:10.1038/s41586-026-10735-w	BANC_v888 260702
VFB_00107afq	BANC_888:720575941353525808	left side of organism	has_soma_location			BANC888	doi:10.1038/s41586-026-10735-w	BANC_v888 260702
VFB_00107afr	BANC_888:720575941353545776	left side of organism	has_soma_location			BANC888	doi:10.1038/s41586-026-10735-w	BANC_v888 260702
VFB_00106een	BANC_888:720575941353553712	right side of organism	has_soma_location			BANC888	doi:10.1038/s41586-026-10735-w	BANC_v888 260702
VFB_00106eeo	BANC_888:720575941353564208	left side of organism	has_soma_location			BANC888	doi:10.1038/s41586-026-10735-w	BANC_v888 260702
VFB_00107afs	BANC_888:720575941353592880	right side of organism	has_soma_location			BANC888	doi:10.1038/s41586-026-10735-w	BANC_v888 260702
VFB_00107aft	BANC_888:720575941353593648	right side of organism	has_soma_location			BANC888	doi:10.1038/s41586-026-10735-w	BANC_v888 260702
VFB_00107afu	BANC_888:720575941353606960	right side of organism	has_soma_location			BANC888	doi:10.1038/s41586-026-10735-w	BANC_v888 260702
VFB_00107afv	BANC_888:720575941353613616	right side of organism	has_soma_location			BANC888	doi:10.1038/s41586-026-10735-w	BANC_v888 260702
VFB_00107afw	BANC_888:720575941353632048	right side of organism	has_soma_location			BANC888	doi:10.1038/s41586-026-10735-w	BANC_v888 260702
VFB_00107afx	BANC_888:720575941353634608	right side of organism	has_soma_location			BANC888	doi:10.1038/s41586-026-10735-w	BANC_v888 260702
VFB_00107afy	BANC_888:720575941353641520	right side of organism	has_soma_location			BANC888	doi:10.1038/s41586-026-10735-w	BANC_v888 260702
VFB_00107afz	BANC_888:720575941353646640	left side of organism	has_soma_location			BANC888	doi:10.1038/s41586-026-10735-w	BANC_v888 260702
VFB_00107ag0	BANC_888:720575941353653808	left side of organism	has_soma_location			BANC888	doi:10.1038/s41586-026-10735-w	BANC_v888 260702
VFB_00107ag1	BANC_888:720575941353658416	left side of organism	has_soma_location			BANC888	doi:10.1038/s41586-026-10735-w	BANC_v888 260702
VFB_00107ag2	BANC_888:720575941353675568	left side of organism	has_soma_location			BANC888	doi:10.1038/s41586-026-10735-w	BANC_v888 260702
VFB_00107ag3	BANC_888:720575941353694256	right side of organism	has_soma_location			BANC888	doi:10.1038/s41586-026-10735-w	BANC_v888 260702
VFB_00107ag4	BANC_888:720575941353699376	right side of organism	has_soma_location			BANC888	doi:10.1038/s41586-026-10735-w	BANC_v888 260702
VFB_00107ag5	BANC_888:720575941353709360	right side of organism	has_soma_location			BANC888	doi:10.1038/s41586-026-10735-w	BANC_v888 260702
VFB_00107ag6	BANC_888:720575941353725744	left side of organism	has_soma_location			BANC888	doi:10.1038/s41586-026-10735-w	BANC_v888 260702
VFB_00107ag7	BANC_888:720575941353728816	right side of organism	has_soma_location			BANC888	doi:10.1038/s41586-026-10735-w	BANC_v888 260702
VFB_00107ag8	BANC_888:720575941353736752	right side of organism	has_soma_location			BANC888	doi:10.1038/s41586-026-10735-w	BANC_v888 260702
VFB_00107ag9	BANC_888:720575941353748784	left side of organism	has_soma_location			BANC888	doi:10.1038/s41586-026-10735-w	BANC_v888 260702
VFB_00107aga	BANC_888:720575941353754928	left side of organism	has_soma_location			BANC888	doi:10.1038/s41586-026-10735-w	BANC_v888 260702
VFB_00107agb	BANC_888:720575941353761328	right side of organism	has_soma_location			BANC888	doi:10.1038/s41586-026-10735-w	BANC_v888 260702
VFB_00107agc	BANC_888:720575941353766448	right side of organism	has_soma_location			BANC888	doi:10.1038/s41586-026-10735-w	BANC_v888 260702
VFB_00107agd	BANC_888:720575941353771056	left side of organism	has_soma_location			BANC888	doi:10.1038/s41586-026-10735-w	BANC_v888 260702
VFB_00107age	BANC_888:720575941353785136	left side of organism	has_soma_location			BANC888	doi:10.1038/s41586-026-10735-w	BANC_v888 260702
VFB_00107agf	BANC_888:720575941353808176	right side of organism	has_soma_location			BANC888	doi:10.1038/s41586-026-10735-w	BANC_v888 260702
VFB_00107agg	BANC_888:720575941353839408	right side of organism	has_soma_location			BANC888	doi:10.1038/s41586-026-10735-w	BANC_v888 260702
VFB_00107agh	BANC_888:720575941353859376	left side of organism	has_soma_location			BANC888	doi:10.1038/s41586-026-10735-w	BANC_v888 260702
VFB_00107agi	BANC_888:720575941353871664	left side of organism	has_soma_location			BANC888	doi:10.1038/s41586-026-10735-w	BANC_v888 260702
VFB_00107agj	BANC_888:720575941353871920	left side of organism	has_soma_location			BANC888	doi:10.1038/s41586-026-10735-w	BANC_v888 260702
VFB_00107agk	BANC_888:720575941353872688	left side of organism	has_soma_location			BANC888	doi:10.1038/s41586-026-10735-w	BANC_v888 260702
VFB_00107agl	BANC_888:720575941353883184	right side of organism	has_soma_location			BANC888	doi:10.1038/s41586-026-10735-w	BANC_v888 260702
VFB_00107agm	BANC_888:720575941353886256	left side of organism	has_soma_location			BANC888	doi:10.1038/s41586-026-10735-w	BANC_v888 260702
VFB_00107agn	BANC_888:720575941353886768	left side of organism	has_soma_location			BANC888	doi:10.1038/s41586-026-10735-w	BANC_v888 260702
VFB_00107ago	BANC_888:720575941353891632	left side of organism	has_soma_location			BANC888	doi:10.1038/s41586-026-10735-w	BANC_v888 260702
VFB_00107agp	BANC_888:720575941353897264	right side of organism	has_soma_location			BANC888	doi:10.1038/s41586-026-10735-w	BANC_v888 260702
VFB_00107agq	BANC_888:720575941353897520	left side of organism	has_soma_location			BANC888	doi:10.1038/s41586-026-10735-w	BANC_v888 260702
VFB_00107agr	BANC_888:720575941353899568	right side of organism	has_soma_location			BANC888	doi:10.1038/s41586-026-10735-w	BANC_v888 260702
VFB_00107ags	BANC_888:720575941353901104	left side of organism	has_soma_location			BANC888	doi:10.1038/s41586-026-10735-w	BANC_v888 260702
VFB_00107agt	BANC_888:720575941353901360	right side of organism	has_soma_location			BANC888	doi:10.1038/s41586-026-10735-w	BANC_v888 260702
VFB_00107agu	BANC_888:720575941353901616	left side of organism	has_soma_location			BANC888	doi:10.1038/s41586-026-10735-w	BANC_v888 260702
VFB_00107agv	BANC_888:720575941353902384	left side of organism	has_soma_location			BANC888	doi:10.1038/s41586-026-10735-w	BANC_v888 260702
VFB_00107agw	BANC_888:720575941353907760	right side of organism	has_soma_location			BANC888	doi:10.1038/s41586-026-10735-w	BANC_v888 260702
VFB_00107agx	BANC_888:720575941353908528	left side of organism	has_soma_location			BANC888	doi:10.1038/s41586-026-10735-w	BANC_v888 260702
VFB_00107agy	BANC_888:720575941353908784	left side of organism	has_soma_location			BANC888	doi:10.1038/s41586-026-10735-w	BANC_v888 260702
VFB_00107agz	BANC_888:720575941353910320	left side of organism	has_soma_location			BANC888	doi:10.1038/s41586-026-10735-w	BANC_v888 260702
VFB_00107ah0	BANC_888:720575941353912368	right side of organism	has_soma_location			BANC888	doi:10.1038/s41586-026-10735-w	BANC_v888 260702
VFB_00107ah1	BANC_888:720575941353913136	right side of organism	has_soma_location			BANC888	doi:10.1038/s41586-026-10735-w	BANC_v888 260702
VFB_00107ah2	BANC_888:720575941353913392	right side of organism	has_soma_location			BANC888	doi:10.1038/s41586-026-10735-w	BANC_v888 260702
VFB_00107ah3	BANC_888:720575941353914928	right side of organism	has_soma_location			BANC888	doi:10.1038/s41586-026-10735-w	BANC_v888 260702
VFB_00107ah4	BANC_888:720575941353915952	left side of organism	has_soma_location			BANC888	doi:10.1038/s41586-026-10735-w	BANC_v888 260702
VFB_00107ah5	BANC_888:720575941353918768	right side of organism	has_soma_location			BANC888	doi:10.1038/s41586-026-10735-w	BANC_v888 260702
VFB_00107ah6	BANC_888:720575941353919280	left side of organism	has_soma_location			BANC888	doi:10.1038/s41586-026-10735-w	BANC_v888 260702
VFB_00107ah7	BANC_888:720575941353919536	left side of organism	has_soma_location			BANC888	doi:10.1038/s41586-026-10735-w	BANC_v888 260702
VFB_00107ah8	BANC_888:720575941353920048	left side of organism	has_soma_location			BANC888	doi:10.1038/s41586-026-10735-w	BANC_v888 260702
VFB_00107ah9	BANC_888:720575941353930800	left side of organism	has_soma_location			BANC888	doi:10.1038/s41586-026-10735-w	BANC_v888 260702
VFB_00107aha	BANC_888:720575941353931568	left side of organism	has_soma_location			BANC888	doi:10.1038/s41586-026-10735-w	BANC_v888 260702
VFB_00107ahb	BANC_888:720575941353950768	right side of organism	has_soma_location			BANC888	doi:10.1038/s41586-026-10735-w	BANC_v888 260702
VFB_00107ahc	BANC_888:720575941353960752	left side of organism	has_soma_location			BANC888	doi:10.1038/s41586-026-10735-w	BANC_v888 260702
VFB_00107ahd	BANC_888:720575941353964336	right side of organism	has_soma_location			BANC888	doi:10.1038/s41586-026-10735-w	BANC_v888 260702
VFB_00107ahe	BANC_888:720575941353964592	left side of organism	has_soma_location			BANC888	doi:10.1038/s41586-026-10735-w	BANC_v888 260702
VFB_00107ahf	BANC_888:720575941353969712	left side of organism	has_soma_location			BANC888	doi:10.1038/s41586-026-10735-w	BANC_v888 260702
VFB_00107ahg	BANC_888:720575941353976880	left side of organism	has_soma_location			BANC888	doi:10.1038/s41586-026-10735-w	BANC_v888 260702
VFB_00107ahh	BANC_888:720575941353977648	left side of organism	has_soma_location			BANC888	doi:10.1038/s41586-026-10735-w	BANC_v888 260702
VFB_00107ahi	BANC_888:720575941353990960	right side of organism	has_soma_location			BANC888	doi:10.1038/s41586-026-10735-w	BANC_v888 260702
VFB_00107ahj	BANC_888:720575941353991216	left side of organism	has_soma_location			BANC888	doi:10.1038/s41586-026-10735-w	BANC_v888 260702
VFB_00107ahk	BANC_888:720575941354012720	left side of organism	has_soma_location			BANC888	doi:10.1038/s41586-026-10735-w	BANC_v888 260702
VFB_00107ahl	BANC_888:720575941354022704	left side of organism	has_soma_location			BANC888	doi:10.1038/s41586-026-10735-w	BANC_v888 260702
VFB_00107ahm	BANC_888:720575941354024240	left side of organism	has_soma_location			BANC888	doi:10.1038/s41586-026-10735-w	BANC_v888 260702
VFB_00107ahn	BANC_888:720575941354027312	left side of organism	has_soma_location			BANC888	doi:10.1038/s41586-026-10735-w	BANC_v888 260702
VFB_00107aho	BANC_888:720575941354032944	right side of organism	has_soma_location			BANC888	doi:10.1038/s41586-026-10735-w	BANC_v888 260702
VFB_00107ahp	BANC_888:720575941354033968	left side of organism	has_soma_location			BANC888	doi:10.1038/s41586-026-10735-w	BANC_v888 260702
VFB_00107ahq	BANC_888:720575941354040368	left side of organism	has_soma_location			BANC888	doi:10.1038/s41586-026-10735-w	BANC_v888 260702
VFB_00107ahr	BANC_888:720575941354042160	left side of organism	has_soma_location			BANC888	doi:10.1038/s41586-026-10735-w	BANC_v888 260702
VFB_00107ahs	BANC_888:720575941354043696	right side of organism	has_soma_location			BANC888	doi:10.1038/s41586-026-10735-w	BANC_v888 260702
VFB_00107aht	BANC_888:720575941354044208	left side of organism	has_soma_location			BANC888	doi:10.1038/s41586-026-10735-w	BANC_v888 260702
VFB_00107ahu	BANC_888:720575941354044976	left side of organism	has_soma_location			BANC888	doi:10.1038/s41586-026-10735-w	BANC_v888 260702
VFB_00107ahv	BANC_888:720575941354048304	left side of organism	has_soma_location			BANC888	doi:10.1038/s41586-026-10735-w	BANC_v888 260702
VFB_00107ahw	BANC_888:720575941354060592	right side of organism	has_soma_location			BANC888	doi:10.1038/s41586-026-10735-w	BANC_v888 260702
VFB_00107ahx	BANC_888:720575941354063408	right side of organism	has_soma_location			BANC888	doi:10.1038/s41586-026-10735-w	BANC_v888 260702
VFB_00107ahy	BANC_888:720575941354066224	right side of organism	has_soma_location			BANC888	doi:10.1038/s41586-026-10735-w	BANC_v888 260702
VFB_00107ahz	BANC_888:720575941354071344	left side of organism	has_soma_location			BANC888	doi:10.1038/s41586-026-10735-w	BANC_v888 260702
VFB_00107ai0	BANC_888:720575941354072112	left side of organism	has_soma_location			BANC888	doi:10.1038/s41586-026-10735-w	BANC_v888 260702
VFB_00107ai1	BANC_888:720575941354073648	left side of organism	has_soma_location			BANC888	doi:10.1038/s41586-026-10735-w	BANC_v888 260702
VFB_00107ai2	BANC_888:720575941354078000	left side of organism	has_soma_location			BANC888	doi:10.1038/s41586-026-10735-w	BANC_v888 260702
VFB_00107ai3	BANC_888:720575941354079280	right side of organism	has_soma_location			BANC888	doi:10.1038/s41586-026-10735-w	BANC_v888 260702
VFB_00107ai4	BANC_888:720575941354080560	left side of organism	has_soma_location			BANC888	doi:10.1038/s41586-026-10735-w	BANC_v888 260702
VFB_00107ai5	BANC_888:720575941354084144	left side of organism	has_soma_location			BANC888	doi:10.1038/s41586-026-10735-w	BANC_v888 260702
VFB_00107ai6	BANC_888:720575941354087472	right side of organism	has_soma_location			BANC888	doi:10.1038/s41586-026-10735-w	BANC_v888 260702
VFB_00107ai7	BANC_888:720575941354087728	right side of organism	has_soma_location			BANC888	doi:10.1038/s41586-026-10735-w	BANC_v888 260702
VFB_00107ai8	BANC_888:720575941354092336	right side of organism	has_soma_location			BANC888	doi:10.1038/s41586-026-10735-w	BANC_v888 260702
VFB_00107ai9	BANC_888:720575941354093872	right side of organism	has_soma_location			BANC888	doi:10.1038/s41586-026-10735-w	BANC_v888 260702
VFB_00107aia	BANC_888:720575941354103600	left side of organism	has_soma_location			BANC888	doi:10.1038/s41586-026-10735-w	BANC_v888 260702
VFB_00107aib	BANC_888:720575941354104368	right side of organism	has_soma_location			BANC888	doi:10.1038/s41586-026-10735-w	BANC_v888 260702
VFB_00107aic	BANC_888:720575941354104624	left side of organism	has_soma_location			BANC888	doi:10.1038/s41586-026-10735-w	BANC_v888 260702
VFB_00107aid	BANC_888:720575941354105392	left side of organism	has_soma_location			BANC888	doi:10.1038/s41586-026-10735-w	BANC_v888 260702
VFB_00107aie	BANC_888:720575941354107952	left side of organism	has_soma_location			BANC888	doi:10.1038/s41586-026-10735-w	BANC_v888 260702
VFB_00107aif	BANC_888:720575941354115888	right side of organism	has_soma_location			BANC888	doi:10.1038/s41586-026-10735-w	BANC_v888 260702
VFB_00107aig	BANC_888:720575941354119216	right side of organism	has_soma_location			BANC888	doi:10.1038/s41586-026-10735-w	BANC_v888 260702
VFB_00107aih	BANC_888:720575941354121520	left side of organism	has_soma_location			BANC888	doi:10.1038/s41586-026-10735-w	BANC_v888 260702
VFB_00107aii	BANC_888:720575941354122544	right side of organism	has_soma_location			BANC888	doi:10.1038/s41586-026-10735-w	BANC_v888 260702
VFB_00107aij	BANC_888:720575941354124592	right side of organism	has_soma_location			BANC888	doi:10.1038/s41586-026-10735-w	BANC_v888 260702
VFB_00107aik	BANC_888:720575941354132528	right side of organism	has_soma_location			BANC888	doi:10.1038/s41586-026-10735-w	BANC_v888 260702
VFB_00107ail	BANC_888:720575941354133040	left side of organism	has_soma_location			BANC888	doi:10.1038/s41586-026-10735-w	BANC_v888 260702
VFB_00107aim	BANC_888:720575941354136112	right side of organism	has_soma_location			BANC888	doi:10.1038/s41586-026-10735-w	BANC_v888 260702
VFB_00107ain	BANC_888:720575941354139440	right side of organism	has_soma_location			BANC888	doi:10.1038/s41586-026-10735-w	BANC_v888 260702
VFB_00107aio	BANC_888:720575941354142256	right side of organism	has_soma_location			BANC888	doi:10.1038/s41586-026-10735-w	BANC_v888 260702
VFB_00107aip	BANC_888:720575941354149424	right side of organism	has_soma_location			BANC888	doi:10.1038/s41586-026-10735-w	BANC_v888 260702
VFB_00107aiq	BANC_888:720575941354161968	right side of organism	has_soma_location			BANC888	doi:10.1038/s41586-026-10735-w	BANC_v888 260702
VFB_00107air	BANC_888:720575941354162480	right side of organism	has_soma_location			BANC888	doi:10.1038/s41586-026-10735-w	BANC_v888 260702
VFB_00107ais	BANC_888:720575941354162992	right side of organism	has_soma_location			BANC888	doi:10.1038/s41586-026-10735-w	BANC_v888 260702
VFB_00107ait	BANC_888:720575941354167600	right side of organism	has_soma_location			BANC888	doi:10.1038/s41586-026-10735-w	BANC_v888 260702
VFB_00107aiu	BANC_888:720575941354168368	right side of organism	has_soma_location			BANC888	doi:10.1038/s41586-026-10735-w	BANC_v888 260702
VFB_00107aiv	BANC_888:720575941354168880	right side of organism	has_soma_location			BANC888	doi:10.1038/s41586-026-10735-w	BANC_v888 260702
VFB_00107aiw	BANC_888:720575941354177072	right side of organism	has_soma_location			BANC888	doi:10.1038/s41586-026-10735-w	BANC_v888 260702
VFB_00107aix	BANC_888:720575941354178608	right side of organism	has_soma_location			BANC888	doi:10.1038/s41586-026-10735-w	BANC_v888 260702
VFB_00107aiy	BANC_888:720575941354179376	right side of organism	has_soma_location			BANC888	doi:10.1038/s41586-026-10735-w	BANC_v888 260702
VFB_00107aiz	BANC_888:720575941354188080	left side of organism	has_soma_location			BANC888	doi:10.1038/s41586-026-10735-w	BANC_v888 260702
VFB_00107aj0	BANC_888:720575941354188848	left side of organism	has_soma_location			BANC888	doi:10.1038/s41586-026-10735-w	BANC_v888 260702
VFB_00107aj1	BANC_888:720575941354190128	left side of organism	has_soma_location			BANC888	doi:10.1038/s41586-026-10735-w	BANC_v888 260702
VFB_00107aj2	BANC_888:720575941354190896	left side of organism	has_soma_location			BANC888	doi:10.1038/s41586-026-10735-w	BANC_v888 260702
VFB_00107aj3	BANC_888:720575941354191152	left side of organism	has_soma_location			BANC888	doi:10.1038/s41586-026-10735-w	BANC_v888 260702
VFB_00107aj4	BANC_888:720575941354194992	left side of organism	has_soma_location			BANC888	doi:10.1038/s41586-026-10735-w	BANC_v888 260702
VFB_00107aj5	BANC_888:720575941354199088	right side of organism	has_soma_location			BANC888	doi:10.1038/s41586-026-10735-w	BANC_v888 260702
VFB_00107aj6	BANC_888:720575941354199600	right side of organism	has_soma_location			BANC888	doi:10.1038/s41586-026-10735-w	BANC_v888 260702
VFB_00107aj7	BANC_888:720575941354201904	left side of organism	has_soma_location			BANC888	doi:10.1038/s41586-026-10735-w	BANC_v888 260702
VFB_00107aj8	BANC_888:720575941354203184	right side of organism	has_soma_location			BANC888	doi:10.1038/s41586-026-10735-w	BANC_v888 260702
VFB_00107aj9	BANC_888:720575941354204720	left side of organism	has_soma_location			BANC888	doi:10.1038/s41586-026-10735-w	BANC_v888 260702
VFB_00107aja	BANC_888:720575941354214960	left side of organism	has_soma_location			BANC888	doi:10.1038/s41586-026-10735-w	BANC_v888 260702
VFB_00107ajb	BANC_888:720575941354218288	left side of organism	has_soma_location			BANC888	doi:10.1038/s41586-026-10735-w	BANC_v888 260702
VFB_00107ajc	BANC_888:720575941354219312	right side of organism	has_soma_location			BANC888	doi:10.1038/s41586-026-10735-w	BANC_v888 260702
VFB_00107ajd	BANC_888:720575941354221872	right side of organism	has_soma_location			BANC888	doi:10.1038/s41586-026-10735-w	BANC_v888 260702
VFB_00107aje	BANC_888:720575941354226736	right side of organism	has_soma_location			BANC888	doi:10.1038/s41586-026-10735-w	BANC_v888 260702
VFB_00107ajf	BANC_888:720575941354230576	right side of organism	has_soma_location			BANC888	doi:10.1038/s41586-026-10735-w	BANC_v888 260702
VFB_00107ajg	BANC_888:720575941354230832	right side of organism	has_soma_location			BANC888	doi:10.1038/s41586-026-10735-w	BANC_v888 260702
VFB_00107ajh	BANC_888:720575941354231344	right side of organism	has_soma_location			BANC888	doi:10.1038/s41586-026-10735-w	BANC_v888 260702
VFB_00107aji	BANC_888:720575941354232624	right side of organism	has_soma_location			BANC888	doi:10.1038/s41586-026-10735-w	BANC_v888 260702
VFB_00107ajj	BANC_888:720575941354232880	right side of organism	has_soma_location			BANC888	doi:10.1038/s41586-026-10735-w	BANC_v888 260702
VFB_00107ajk	BANC_888:720575941354235952	right side of organism	has_soma_location			BANC888	doi:10.1038/s41586-026-10735-w	BANC_v888 260702
VFB_00107ajl	BANC_888:720575941354236720	right side of organism	has_soma_location			BANC888	doi:10.1038/s41586-026-10735-w	BANC_v888 260702
VFB_00107ajm	BANC_888:720575941354239024	left side of organism	has_soma_location			BANC888	doi:10.1038/s41586-026-10735-w	BANC_v888 260702
VFB_00107ajn	BANC_888:720575941354242608	right side of organism	has_soma_location			BANC888	doi:10.1038/s41586-026-10735-w	BANC_v888 260702
VFB_00107ajo	BANC_888:720575941354243888	left side of organism	has_soma_location			BANC888	doi:10.1038/s41586-026-10735-w	BANC_v888 260702
VFB_00107ajp	BANC_888:720575941354244912	right side of organism	has_soma_location			BANC888	doi:10.1038/s41586-026-10735-w	BANC_v888 260702
VFB_00107ajq	BANC_888:720575941354246960	left side of organism	has_soma_location			BANC888	doi:10.1038/s41586-026-10735-w	BANC_v888 260702
VFB_00107ajr	BANC_888:720575941354248496	left side of organism	has_soma_location			BANC888	doi:10.1038/s41586-026-10735-w	BANC_v888 260702
VFB_00107ajs	BANC_888:720575941354249776	right side of organism	has_soma_location			BANC888	doi:10.1038/s41586-026-10735-w	BANC_v888 260702
VFB_00107ajt	BANC_888:720575941354251568	right side of organism	has_soma_location			BANC888	doi:10.1038/s41586-026-10735-w	BANC_v888 260702
VFB_00107aju	BANC_888:720575941354252592	left side of organism	has_soma_location			BANC888	doi:10.1038/s41586-026-10735-w	BANC_v888 260702
VFB_00107ajv	BANC_888:720575941354261808	left side of organism	has_soma_location			BANC888	doi:10.1038/s41586-026-10735-w	BANC_v888 260702
VFB_00107ajw	BANC_888:720575941354264368	right side of organism	has_soma_location			BANC888	doi:10.1038/s41586-026-10735-w	BANC_v888 260702
VFB_00107ajx	BANC_888:720575941354274608	left side of organism	has_soma_location			BANC888	doi:10.1038/s41586-026-10735-w	BANC_v888 260702
VFB_00107ajy	BANC_888:720575941354279216	left side of organism	has_soma_location			BANC888	doi:10.1038/s41586-026-10735-w	BANC_v888 260702
VFB_00107ajz	BANC_888:720575941354281776	right side of organism	has_soma_location			BANC888	doi:10.1038/s41586-026-10735-w	BANC_v888 260702
VFB_00107ak0	BANC_888:720575941354300208	left side of organism	has_soma_location			BANC888	doi:10.1038/s41586-026-10735-w	BANC_v888 260702
VFB_00107ak1	BANC_888:720575941354315312	left side of organism	has_soma_location			BANC888	doi:10.1038/s41586-026-10735-w	BANC_v888 260702
VFB_00107ak2	BANC_888:720575941354319408	left side of organism	has_soma_location			BANC888	doi:10.1038/s41586-026-10735-w	BANC_v888 260702
VFB_00107ak3	BANC_888:720575941354323760	left side of organism	has_soma_location			BANC888	doi:10.1038/s41586-026-10735-w	BANC_v888 260702
VFB_00107ak4	BANC_888:720575941354324528	left side of organism	has_soma_location			BANC888	doi:10.1038/s41586-026-10735-w	BANC_v888 260702
VFB_00107ak5	BANC_888:720575941354326576	left side of organism	has_soma_location			BANC888	doi:10.1038/s41586-026-10735-w	BANC_v888 260702
VFB_00107ak6	BANC_888:720575941354328112	left side of organism	has_soma_location			BANC888	doi:10.1038/s41586-026-10735-w	BANC_v888 260702
VFB_00107ak7	BANC_888:720575941354351152	left side of organism	has_soma_location			BANC888	doi:10.1038/s41586-026-10735-w	BANC_v888 260702
VFB_00107ak8	BANC_888:720575941354351408	left side of organism	has_soma_location			BANC888	doi:10.1038/s41586-026-10735-w	BANC_v888 260702
VFB_00107ak9	BANC_888:720575941354352176	left side of organism	has_soma_location			BANC888	doi:10.1038/s41586-026-10735-w	BANC_v888 260702
VFB_00107aka	BANC_888:720575941354355504	left side of organism	has_soma_location			BANC888	doi:10.1038/s41586-026-10735-w	BANC_v888 260702
VFB_00107akb	BANC_888:720575941354366000	left side of organism	has_soma_location			BANC888	doi:10.1038/s41586-026-10735-w	BANC_v888 260702
VFB_00107akc	BANC_888:720575941354367280	left side of organism	has_soma_location			BANC888	doi:10.1038/s41586-026-10735-w	BANC_v888 260702
VFB_00107akd	BANC_888:720575941354378032	right side of organism	has_soma_location			BANC888	doi:10.1038/s41586-026-10735-w	BANC_v888 260702
VFB_00107ake	BANC_888:720575941354381104	right side of organism	has_soma_location			BANC888	doi:10.1038/s41586-026-10735-w	BANC_v888 260702
VFB_00107akf	BANC_888:720575941354384176	left side of organism	has_soma_location			BANC888	doi:10.1038/s41586-026-10735-w	BANC_v888 260702
VFB_00107akg	BANC_888:720575941354386480	left side of organism	has_soma_location			BANC888	doi:10.1038/s41586-026-10735-w	BANC_v888 260702
VFB_00107akh	BANC_888:720575941354397232	left side of organism	has_soma_location			BANC888	doi:10.1038/s41586-026-10735-w	BANC_v888 260702
VFB_00107aki	BANC_888:720575941354397744	right side of organism	has_soma_location			BANC888	doi:10.1038/s41586-026-10735-w	BANC_v888 260702
VFB_00107akj	BANC_888:720575941354400560	left side of organism	has_soma_location			BANC888	doi:10.1038/s41586-026-10735-w	BANC_v888 260702
VFB_00107akk	BANC_888:720575941354401328	left side of organism	has_soma_location			BANC888	doi:10.1038/s41586-026-10735-w	BANC_v888 260702
VFB_00107akl	BANC_888:720575941354403376	left side of organism	has_soma_location			BANC888	doi:10.1038/s41586-026-10735-w	BANC_v888 260702
VFB_00107akm	BANC_888:720575941354403888	left side of organism	has_soma_location			BANC888	doi:10.1038/s41586-026-10735-w	BANC_v888 260702
VFB_00107akn	BANC_888:720575941354407472	left side of organism	has_soma_location			BANC888	doi:10.1038/s41586-026-10735-w	BANC_v888 260702
VFB_00107ako	BANC_888:720575941354408496	left side of organism	has_soma_location			BANC888	doi:10.1038/s41586-026-10735-w	BANC_v888 260702
VFB_00107akp	BANC_888:720575941354411568	left side of organism	has_soma_location			BANC888	doi:10.1038/s41586-026-10735-w	BANC_v888 260702
VFB_00107akq	BANC_888:720575941354412848	left side of organism	has_soma_location			BANC888	doi:10.1038/s41586-026-10735-w	BANC_v888 260702
VFB_00107akr	BANC_888:720575941354416176	left side of organism	has_soma_location			BANC888	doi:10.1038/s41586-026-10735-w	BANC_v888 260702
VFB_00107aks	BANC_888:720575941354416688	left side of organism	has_soma_location			BANC888	doi:10.1038/s41586-026-10735-w	BANC_v888 260702
VFB_00107akt	BANC_888:720575941354418992	left side of organism	has_soma_location			BANC888	doi:10.1038/s41586-026-10735-w	BANC_v888 260702
VFB_00107aku	BANC_888:720575941354422576	left side of organism	has_soma_location			BANC888	doi:10.1038/s41586-026-10735-w	BANC_v888 260702
VFB_00107akv	BANC_888:720575941354427696	left side of organism	has_soma_location			BANC888	doi:10.1038/s41586-026-10735-w	BANC_v888 260702
VFB_00107akw	BANC_888:720575941354448944	left side of organism	has_soma_location			BANC888	doi:10.1038/s41586-026-10735-w	BANC_v888 260702
VFB_00107akx	BANC_888:720575941354456368	left side of organism	has_soma_location			BANC888	doi:10.1038/s41586-026-10735-w	BANC_v888 260702
VFB_00107aky	BANC_888:720575941354465840	left side of organism	has_soma_location			BANC888	doi:10.1038/s41586-026-10735-w	BANC_v888 260702
VFB_00107akz	BANC_888:720575941354468144	right side of organism	has_soma_location			BANC888	doi:10.1038/s41586-026-10735-w	BANC_v888 260702
VFB_00107al0	BANC_888:720575941354478896	left side of organism	has_soma_location			BANC888	doi:10.1038/s41586-026-10735-w	BANC_v888 260702
VFB_00107al1	BANC_888:720575941354483504	left side of organism	has_soma_location			BANC888	doi:10.1038/s41586-026-10735-w	BANC_v888 260702
VFB_00107al2	BANC_888:720575941354488624	left side of organism	has_soma_location			BANC888	doi:10.1038/s41586-026-10735-w	BANC_v888 260702
VFB_00107al3	BANC_888:720575941354498352	left side of organism	has_soma_location			BANC888	doi:10.1038/s41586-026-10735-w	BANC_v888 260702
VFB_00107al4	BANC_888:720575941354504752	left side of organism	has_soma_location			BANC888	doi:10.1038/s41586-026-10735-w	BANC_v888 260702
VFB_00107al5	BANC_888:720575941354505520	left side of organism	has_soma_location			BANC888	doi:10.1038/s41586-026-10735-w	BANC_v888 260702
VFB_00107al6	BANC_888:720575941354516016	left side of organism	has_soma_location			BANC888	doi:10.1038/s41586-026-10735-w	BANC_v888 260702
VFB_00107al7	BANC_888:720575941354523440	left side of organism	has_soma_location			BANC888	doi:10.1038/s41586-026-10735-w	BANC_v888 260702
VFB_00107al8	BANC_888:720575941354528560	left side of organism	has_soma_location			BANC888	doi:10.1038/s41586-026-10735-w	BANC_v888 260702
VFB_00107al9	BANC_888:720575941354529584	left side of organism	has_soma_location			BANC888	doi:10.1038/s41586-026-10735-w	BANC_v888 260702
VFB_00107ala	BANC_888:720575941354535984	left side of organism	has_soma_location			BANC888	doi:10.1038/s41586-026-10735-w	BANC_v888 260702
VFB_00107alb	BANC_888:720575941354537520	left side of organism	has_soma_location			BANC888	doi:10.1038/s41586-026-10735-w	BANC_v888 260702
VFB_00107alc	BANC_888:720575941354538032	left side of organism	has_soma_location			BANC888	doi:10.1038/s41586-026-10735-w	BANC_v888 260702
VFB_00107ald	BANC_888:720575941354546736	right side of organism	has_soma_location			BANC888	doi:10.1038/s41586-026-10735-w	BANC_v888 260702
VFB_00107ale	BANC_888:720575941354549040	right side of organism	has_soma_location			BANC888	doi:10.1038/s41586-026-10735-w	BANC_v888 260702
VFB_00107alf	BANC_888:720575941354554672	right side of organism	has_soma_location			BANC888	doi:10.1038/s41586-026-10735-w	BANC_v888 260702
VFB_00107alg	BANC_888:720575941354558000	right side of organism	has_soma_location			BANC888	doi:10.1038/s41586-026-10735-w	BANC_v888 260702
VFB_00107alh	BANC_888:720575941354562864	right side of organism	has_soma_location			BANC888	doi:10.1038/s41586-026-10735-w	BANC_v888 260702
VFB_00107ali	BANC_888:720575941354563120	right side of organism	has_soma_location			BANC888	doi:10.1038/s41586-026-10735-w	BANC_v888 260702
VFB_00107alj	BANC_888:720575941354568752	left side of organism	has_soma_location			BANC888	doi:10.1038/s41586-026-10735-w	BANC_v888 260702
VFB_00107alk	BANC_888:720575941354569776	right side of organism	has_soma_location			BANC888	doi:10.1038/s41586-026-10735-w	BANC_v888 260702
VFB_00107all	BANC_888:720575941354572592	left side of organism	has_soma_location			BANC888	doi:10.1038/s41586-026-10735-w	BANC_v888 260702
VFB_00107alm	BANC_888:720575941354574640	right side of organism	has_soma_location			BANC888	doi:10.1038/s41586-026-10735-w	BANC_v888 260702
VFB_00107aln	BANC_888:720575941354574896	right side of organism	has_soma_location			BANC888	doi:10.1038/s41586-026-10735-w	BANC_v888 260702
VFB_00107alo	BANC_888:720575941354577200	right side of organism	has_soma_location			BANC888	doi:10.1038/s41586-026-10735-w	BANC_v888 260702
VFB_00107alp	BANC_888:720575941354577968	right side of organism	has_soma_location			BANC888	doi:10.1038/s41586-026-10735-w	BANC_v888 260702
VFB_00107alq	BANC_888:720575941354581040	right side of organism	has_soma_location			BANC888	doi:10.1038/s41586-026-10735-w	BANC_v888 260702
VFB_00107alr	BANC_888:720575941354581552	right side of organism	has_soma_location			BANC888	doi:10.1038/s41586-026-10735-w	BANC_v888 260702
VFB_00107als	BANC_888:720575941354582832	right side of organism	has_soma_location			BANC888	doi:10.1038/s41586-026-10735-w	BANC_v888 260702
VFB_00107alt	BANC_888:720575941360867233	left side of organism	has_soma_location			BANC888	doi:10.1038/s41586-026-10735-w	BANC_v888 260702
VFB_00106eeq	BANC_888:720575941365796976	left side of organism	has_soma_location			BANC888	doi:10.1038/s41586-026-10735-w	BANC_v888 260702
VFB_00106eer	BANC_888:720575941366999190	left side of organism	has_soma_location			BANC888	doi:10.1038/s41586-026-10735-w	BANC_v888 260702
VFB_00106ees	BANC_888:720575941366999702	left side of organism	has_soma_location			BANC888	doi:10.1038/s41586-026-10735-w	BANC_v888 260702
VFB_00107alu	BANC_888:720575941368486472	right side of organism	has_soma_location			BANC888	doi:10.1038/s41586-026-10735-w	BANC_v888 260702
VFB_00107alv	BANC_888:720575941374985943	right side of organism	has_soma_location			BANC888	doi:10.1038/s41586-026-10735-w	BANC_v888 260702
VFB_00107alw	BANC_888:720575941375769891	right side of organism	has_soma_location			BANC888	doi:10.1038/s41586-026-10735-w	BANC_v888 260702
VFB_00107alx	BANC_888:720575941375779619	right side of organism	has_soma_location			BANC888	doi:10.1038/s41586-026-10735-w	BANC_v888 260702
VFB_00107aly	BANC_888:720575941375780643	right side of organism	has_soma_location			BANC888	doi:10.1038/s41586-026-10735-w	BANC_v888 260702
VFB_00107alz	BANC_888:720575941376262583	right side of organism	has_soma_location			BANC888	doi:10.1038/s41586-026-10735-w	BANC_v888 260702
VFB_00107am0	BANC_888:720575941378751338	left side of organism	has_soma_location			BANC888	doi:10.1038/s41586-026-10735-w	BANC_v888 260702
VFB_00107am1	BANC_888:720575941383597635	right side of organism	has_soma_location			BANC888	doi:10.1038/s41586-026-10735-w	BANC_v888 260702
VFB_00107am2	BANC_888:720575941383680323	right side of organism	has_soma_location			BANC888	doi:10.1038/s41586-026-10735-w	BANC_v888 260702
VFB_00107am3	BANC_888:720575941385393066	right side of organism	has_soma_location			BANC888	doi:10.1038/s41586-026-10735-w	BANC_v888 260702
VFB_00107am4	BANC_888:720575941385633706	right side of organism	has_soma_location			BANC888	doi:10.1038/s41586-026-10735-w	BANC_v888 260702
VFB_00106eet	BANC_888:720575941390135044	right side of organism	has_soma_location			BANC888	doi:10.1038/s41586-026-10735-w	BANC_v888 260702
VFB_00106eeu	BANC_888:720575941390136324	right side of organism	has_soma_location			BANC888	doi:10.1038/s41586-026-10735-w	BANC_v888 260702
VFB_00106eev	BANC_888:720575941390193156	right side of organism	has_soma_location			BANC888	doi:10.1038/s41586-026-10735-w	BANC_v888 260702
VFB_00106eew	BANC_888:720575941390243332	left side of organism	has_soma_location			BANC888	doi:10.1038/s41586-026-10735-w	BANC_v888 260702
VFB_00106eex	BANC_888:720575941390264580	left side of organism	has_soma_location			BANC888	doi:10.1038/s41586-026-10735-w	BANC_v888 260702
VFB_00106eey	BANC_888:720575941390268164	right side of organism	has_soma_location			BANC888	doi:10.1038/s41586-026-10735-w	BANC_v888 260702
VFB_00106eez	BANC_888:720575941390273796	left side of organism	has_soma_location			BANC888	doi:10.1038/s41586-026-10735-w	BANC_v888 260702
VFB_00106ef0	BANC_888:720575941390279940	left side of organism	has_soma_location			BANC888	doi:10.1038/s41586-026-10735-w	BANC_v888 260702
VFB_00106ef1	BANC_888:720575941390280452	left side of organism	has_soma_location			BANC888	doi:10.1038/s41586-026-10735-w	BANC_v888 260702
VFB_00106ef2	BANC_888:720575941390285462	right side of organism	has_soma_location			BANC888	doi:10.1038/s41586-026-10735-w	BANC_v888 260702
VFB_00106ef3	BANC_888:720575941390292996	left side of organism	has_soma_location			BANC888	doi:10.1038/s41586-026-10735-w	BANC_v888 260702
VFB_00106ef4	BANC_888:720575941390308246	left side of organism	has_soma_location			BANC888	doi:10.1038/s41586-026-10735-w	BANC_v888 260702
VFB_00106ef5	BANC_888:720575941390313988	right side of organism	has_soma_location			BANC888	doi:10.1038/s41586-026-10735-w	BANC_v888 260702
VFB_00106ef6	BANC_888:720575941390320644	left side of organism	has_soma_location			BANC888	doi:10.1038/s41586-026-10735-w	BANC_v888 260702
VFB_00106ef7	BANC_888:720575941390326532	right side of organism	has_soma_location			BANC888	doi:10.1038/s41586-026-10735-w	BANC_v888 260702
VFB_00106ef8	BANC_888:720575941390330372	right side of organism	has_soma_location			BANC888	doi:10.1038/s41586-026-10735-w	BANC_v888 260702
VFB_00106ef9	BANC_888:720575941390336260	left side of organism	has_soma_location			BANC888	doi:10.1038/s41586-026-10735-w	BANC_v888 260702
VFB_00106efa	BANC_888:720575941390352388	left side of organism	has_soma_location			BANC888	doi:10.1038/s41586-026-10735-w	BANC_v888 260702
VFB_00106efb	BANC_888:720575941390352900	right side of organism	has_soma_location			BANC888	doi:10.1038/s41586-026-10735-w	BANC_v888 260702
VFB_00106efc	BANC_888:720575941390358788	left side of organism	has_soma_location			BANC888	doi:10.1038/s41586-026-10735-w	BANC_v888 260702
VFB_00106efd	BANC_888:720575941390360836	right side of organism	has_soma_location			BANC888	doi:10.1038/s41586-026-10735-w	BANC_v888 260702
VFB_00106efe	BANC_888:720575941390363396	right side of organism	has_soma_location			BANC888	doi:10.1038/s41586-026-10735-w	BANC_v888 260702
VFB_00106efg	BANC_888:720575941390420996	right side of organism	has_soma_location			BANC888	doi:10.1038/s41586-026-10735-w	BANC_v888 260702
VFB_00106efh	BANC_888:720575941390510486	right side of organism	has_soma_location			BANC888	doi:10.1038/s41586-026-10735-w	BANC_v888 260702
VFB_00107am5	BANC_888:720575941390518788	left side of organism	has_soma_location			BANC888	doi:10.1038/s41586-026-10735-w	BANC_v888 260702
VFB_00106efi	BANC_888:720575941390521750	left side of organism	has_soma_location			BANC888	doi:10.1038/s41586-026-10735-w	BANC_v888 260702
VFB_00106efj	BANC_888:720575941390527638	left side of organism	has_soma_location			BANC888	doi:10.1038/s41586-026-10735-w	BANC_v888 260702
VFB_00106efk	BANC_888:720575941390532868	right side of organism	has_soma_location			BANC888	doi:10.1038/s41586-026-10735-w	BANC_v888 260702
VFB_00106efl	BANC_888:720575941390572950	right side of organism	has_soma_location			BANC888	doi:10.1038/s41586-026-10735-w	BANC_v888 260702
VFB_00106efm	BANC_888:720575941390604438	right side of organism	has_soma_location			BANC888	doi:10.1038/s41586-026-10735-w	BANC_v888 260702
VFB_00106efn	BANC_888:720575941390619140	right side of organism	has_soma_location			BANC888	doi:10.1038/s41586-026-10735-w	BANC_v888 260702
VFB_00106efo	BANC_888:720575941390623382	right side of organism	has_soma_location			BANC888	doi:10.1038/s41586-026-10735-w	BANC_v888 260702
VFB_00106efp	BANC_888:720575941390627222	right side of organism	has_soma_location			BANC888	doi:10.1038/s41586-026-10735-w	BANC_v888 260702
VFB_00106efq	BANC_888:720575941390632342	left side of organism	has_soma_location			BANC888	doi:10.1038/s41586-026-10735-w	BANC_v888 260702
VFB_00106efr	BANC_888:720575941390634134	right side of organism	has_soma_location			BANC888	doi:10.1038/s41586-026-10735-w	BANC_v888 260702
VFB_00106efs	BANC_888:720575941390655236	right side of organism	has_soma_location			BANC888	doi:10.1038/s41586-026-10735-w	BANC_v888 260702
VFB_00106eft	BANC_888:720575941390660502	left side of organism	has_soma_location			BANC888	doi:10.1038/s41586-026-10735-w	BANC_v888 260702
VFB_00106efu	BANC_888:720575941390663574	left side of organism	has_soma_location			BANC888	doi:10.1038/s41586-026-10735-w	BANC_v888 260702
VFB_00106efv	BANC_888:720575941390671766	right side of organism	has_soma_location			BANC888	doi:10.1038/s41586-026-10735-w	BANC_v888 260702
VFB_00106efw	BANC_888:720575941390672790	right side of organism	has_soma_location			BANC888	doi:10.1038/s41586-026-10735-w	BANC_v888 260702
VFB_00106efx	BANC_888:720575941390677654	left side of organism	has_soma_location			BANC888	doi:10.1038/s41586-026-10735-w	BANC_v888 260702
VFB_00106efy	BANC_888:720575941390682262	left side of organism	has_soma_location			BANC888	doi:10.1038/s41586-026-10735-w	BANC_v888 260702
VFB_00106efz	BANC_888:720575941390684310	left side of organism	has_soma_location			BANC888	doi:10.1038/s41586-026-10735-w	BANC_v888 260702
VFB_00106eg0	BANC_888:720575941390688150	left side of organism	has_soma_location			BANC888	doi:10.1038/s41586-026-10735-w	BANC_v888 260702
VFB_00106eg1	BANC_888:720575941390690966	left side of organism	has_soma_location			BANC888	doi:10.1038/s41586-026-10735-w	BANC_v888 260702
VFB_00106eg2	BANC_888:720575941390702742	right side of organism	has_soma_location			BANC888	doi:10.1038/s41586-026-10735-w	BANC_v888 260702
VFB_00106eg3	BANC_888:720575941390713238	right side of organism	has_soma_location			BANC888	doi:10.1038/s41586-026-10735-w	BANC_v888 260702
VFB_00106eg4	BANC_888:720575941390722710	right side of organism	has_soma_location			BANC888	doi:10.1038/s41586-026-10735-w	BANC_v888 260702
VFB_00106eg5	BANC_888:720575941390723076	left side of organism	has_soma_location			BANC888	doi:10.1038/s41586-026-10735-w	BANC_v888 260702
VFB_00106eg6	BANC_888:720575941390724246	left side of organism	has_soma_location			BANC888	doi:10.1038/s41586-026-10735-w	BANC_v888 260702
VFB_00106eg7	BANC_888:720575941390725270	left side of organism	has_soma_location			BANC888	doi:10.1038/s41586-026-10735-w	BANC_v888 260702
VFB_00106eg8	BANC_888:720575941390728598	right side of organism	has_soma_location			BANC888	doi:10.1038/s41586-026-10735-w	BANC_v888 260702
VFB_00106eg9	BANC_888:720575941390733974	left side of organism	has_soma_location			BANC888	doi:10.1038/s41586-026-10735-w	BANC_v888 260702
VFB_00106ega	BANC_888:720575941390734852	left side of organism	has_soma_location			BANC888	doi:10.1038/s41586-026-10735-w	BANC_v888 260702
VFB_00106egb	BANC_888:720575941390740118	left side of organism	has_soma_location			BANC888	doi:10.1038/s41586-026-10735-w	BANC_v888 260702
VFB_00106egc	BANC_888:720575941390742934	left side of organism	has_soma_location			BANC888	doi:10.1038/s41586-026-10735-w	BANC_v888 260702
VFB_00106egd	BANC_888:720575941390750358	left side of organism	has_soma_location			BANC888	doi:10.1038/s41586-026-10735-w	BANC_v888 260702
VFB_00106ege	BANC_888:720575941390761878	right side of organism	has_soma_location			BANC888	doi:10.1038/s41586-026-10735-w	BANC_v888 260702
VFB_00106egf	BANC_888:720575941390767254	right side of organism	has_soma_location			BANC888	doi:10.1038/s41586-026-10735-w	BANC_v888 260702
VFB_00106egh	BANC_888:720575941390784918	right side of organism	has_soma_location			BANC888	doi:10.1038/s41586-026-10735-w	BANC_v888 260702
VFB_00106egi	BANC_888:720575941390787076	left side of organism	has_soma_location			BANC888	doi:10.1038/s41586-026-10735-w	BANC_v888 260702
VFB_00106egj	BANC_888:720575941390787478	right side of organism	has_soma_location			BANC888	doi:10.1038/s41586-026-10735-w	BANC_v888 260702
VFB_00106egl	BANC_888:720575941390798742	right side of organism	has_soma_location			BANC888	doi:10.1038/s41586-026-10735-w	BANC_v888 260702
VFB_00106egm	BANC_888:720575941390812566	right side of organism	has_soma_location			BANC888	doi:10.1038/s41586-026-10735-w	BANC_v888 260702
VFB_00106egn	BANC_888:720575941390819222	right side of organism	has_soma_location			BANC888	doi:10.1038/s41586-026-10735-w	BANC_v888 260702
VFB_00106ego	BANC_888:720575941390822404	right side of organism	has_soma_location			BANC888	doi:10.1038/s41586-026-10735-w	BANC_v888 260702
VFB_00106egs	BANC_888:720575941390850564	left side of organism	has_soma_location			BANC888	doi:10.1038/s41586-026-10735-w	BANC_v888 260702
VFB_00107am6	BANC_888:720575941390858244	left side of organism	has_soma_location			BANC888	doi:10.1038/s41586-026-10735-w	BANC_v888 260702
VFB_00106egt	BANC_888:720575941390877444	left side of organism	has_soma_location			BANC888	doi:10.1038/s41586-026-10735-w	BANC_v888 260702
VFB_00106egu	BANC_888:720575941390883478	left side of organism	has_soma_location			BANC888	doi:10.1038/s41586-026-10735-w	BANC_v888 260702
VFB_00106egv	BANC_888:720575941390885636	right side of organism	has_soma_location			BANC888	doi:10.1038/s41586-026-10735-w	BANC_v888 260702
VFB_00106egx	BANC_888:720575941390911492	right side of organism	has_soma_location			BANC888	doi:10.1038/s41586-026-10735-w	BANC_v888 260702
VFB_00107am7	BANC_888:720575941390920452	left side of organism	has_soma_location			BANC888	doi:10.1038/s41586-026-10735-w	BANC_v888 260702
VFB_00106eh0	BANC_888:720575941390978710	right side of organism	has_soma_location			BANC888	doi:10.1038/s41586-026-10735-w	BANC_v888 260702
VFB_00106eh1	BANC_888:720575941390989060	right side of organism	has_soma_location			BANC888	doi:10.1038/s41586-026-10735-w	BANC_v888 260702
VFB_00106eh2	BANC_888:720575941390994948	right side of organism	has_soma_location			BANC888	doi:10.1038/s41586-026-10735-w	BANC_v888 260702
VFB_00106eh3	BANC_888:720575941391007126	left side of organism	has_soma_location			BANC888	doi:10.1038/s41586-026-10735-w	BANC_v888 260702
VFB_00106eh4	BANC_888:720575941391018244	right side of organism	has_soma_location			BANC888	doi:10.1038/s41586-026-10735-w	BANC_v888 260702
VFB_00106eh5	BANC_888:720575941391024900	right side of organism	has_soma_location			BANC888	doi:10.1038/s41586-026-10735-w	BANC_v888 260702
VFB_00106eh6	BANC_888:720575941391029398	right side of organism	has_soma_location			BANC888	doi:10.1038/s41586-026-10735-w	BANC_v888 260702
VFB_00106eh7	BANC_888:720575941391034006	right side of organism	has_soma_location			BANC888	doi:10.1038/s41586-026-10735-w	BANC_v888 260702
VFB_00106eh8	BANC_888:720575941391038358	right side of organism	has_soma_location			BANC888	doi:10.1038/s41586-026-10735-w	BANC_v888 260702
VFB_00106eh9	BANC_888:720575941391038468	left side of organism	has_soma_location			BANC888	doi:10.1038/s41586-026-10735-w	BANC_v888 260702
VFB_00106eha	BANC_888:720575941391039236	right side of organism	has_soma_location			BANC888	doi:10.1038/s41586-026-10735-w	BANC_v888 260702
VFB_00106ehb	BANC_888:720575941391078404	right side of organism	has_soma_location			BANC888	doi:10.1038/s41586-026-10735-w	BANC_v888 260702
VFB_00106ehc	BANC_888:720575941391081110	right side of organism	has_soma_location			BANC888	doi:10.1038/s41586-026-10735-w	BANC_v888 260702
VFB_00106ehd	BANC_888:720575941391084804	right side of organism	has_soma_location			BANC888	doi:10.1038/s41586-026-10735-w	BANC_v888 260702
VFB_00107am8	BANC_888:720575941391104516	right side of organism	has_soma_location			BANC888	doi:10.1038/s41586-026-10735-w	BANC_v888 260702
VFB_00107am9	BANC_888:720575941391106308	right side of organism	has_soma_location			BANC888	doi:10.1038/s41586-026-10735-w	BANC_v888 260702
VFB_00107ama	BANC_888:720575941391110660	right side of organism	has_soma_location			BANC888	doi:10.1038/s41586-026-10735-w	BANC_v888 260702
VFB_00106ehe	BANC_888:720575941391122070	left side of organism	has_soma_location			BANC888	doi:10.1038/s41586-026-10735-w	BANC_v888 260702
VFB_00106ehg	BANC_888:720575941391126276	right side of organism	has_soma_location			BANC888	doi:10.1038/s41586-026-10735-w	BANC_v888 260702
VFB_00106ehh	BANC_888:720575941391127958	left side of organism	has_soma_location			BANC888	doi:10.1038/s41586-026-10735-w	BANC_v888 260702
VFB_00106ehi	BANC_888:720575941391130628	right side of organism	has_soma_location			BANC888	doi:10.1038/s41586-026-10735-w	BANC_v888 260702
VFB_00106ehk	BANC_888:720575941391137028	right side of organism	has_soma_location			BANC888	doi:10.1038/s41586-026-10735-w	BANC_v888 260702
VFB_00107amb	BANC_888:720575941391151108	right side of organism	has_soma_location			BANC888	doi:10.1038/s41586-026-10735-w	BANC_v888 260702
VFB_00106ehl	BANC_888:720575941391151620	right side of organism	has_soma_location			BANC888	doi:10.1038/s41586-026-10735-w	BANC_v888 260702
VFB_00106ehm	BANC_888:720575941391154436	right side of organism	has_soma_location			BANC888	doi:10.1038/s41586-026-10735-w	BANC_v888 260702
VFB_00106ehn	BANC_888:720575941391163140	left side of organism	has_soma_location			BANC888	doi:10.1038/s41586-026-10735-w	BANC_v888 260702
VFB_00106eho	BANC_888:720575941391170052	right side of organism	has_soma_location			BANC888	doi:10.1038/s41586-026-10735-w	BANC_v888 260702
VFB_00106ehq	BANC_888:720575941391178756	right side of organism	has_soma_location			BANC888	doi:10.1038/s41586-026-10735-w	BANC_v888 260702
VFB_00106ehr	BANC_888:720575941391183108	right side of organism	has_soma_location			BANC888	doi:10.1038/s41586-026-10735-w	BANC_v888 260702
VFB_00106ehs	BANC_888:720575941391186436	right side of organism	has_soma_location			BANC888	doi:10.1038/s41586-026-10735-w	BANC_v888 260702
VFB_00106ehu	BANC_888:720575941391210756	right side of organism	has_soma_location			BANC888	doi:10.1038/s41586-026-10735-w	BANC_v888 260702
VFB_00106ehv	BANC_888:720575941391212548	right side of organism	has_soma_location			BANC888	doi:10.1038/s41586-026-10735-w	BANC_v888 260702
VFB_00107amc	BANC_888:720575941391213316	right side of organism	has_soma_location			BANC888	doi:10.1038/s41586-026-10735-w	BANC_v888 260702
VFB_00106ehw	BANC_888:720575941391216022	right side of organism	has_soma_location			BANC888	doi:10.1038/s41586-026-10735-w	BANC_v888 260702
VFB_00106ehx	BANC_888:720575941391226116	right side of organism	has_soma_location			BANC888	doi:10.1038/s41586-026-10735-w	BANC_v888 260702
VFB_00106ehy	BANC_888:720575941391229188	right side of organism	has_soma_location			BANC888	doi:10.1038/s41586-026-10735-w	BANC_v888 260702
VFB_00106ehz	BANC_888:720575941391230212	right side of organism	has_soma_location			BANC888	doi:10.1038/s41586-026-10735-w	BANC_v888 260702
VFB_00106ei0	BANC_888:720575941391233284	right side of organism	has_soma_location			BANC888	doi:10.1038/s41586-026-10735-w	BANC_v888 260702
VFB_00107amd	BANC_888:720575941391235332	left side of organism	has_soma_location			BANC888	doi:10.1038/s41586-026-10735-w	BANC_v888 260702
VFB_00106ei1	BANC_888:720575941391237380	right side of organism	has_soma_location			BANC888	doi:10.1038/s41586-026-10735-w	BANC_v888 260702
VFB_00106ei2	BANC_888:720575941391244548	right side of organism	has_soma_location			BANC888	doi:10.1038/s41586-026-10735-w	BANC_v888 260702
VFB_00106ei3	BANC_888:720575941391252630	left side of organism	has_soma_location			BANC888	doi:10.1038/s41586-026-10735-w	BANC_v888 260702
VFB_00106ei4	BANC_888:720575941391252886	right side of organism	has_soma_location			BANC888	doi:10.1038/s41586-026-10735-w	BANC_v888 260702
VFB_00106ei5	BANC_888:720575941391255556	right side of organism	has_soma_location			BANC888	doi:10.1038/s41586-026-10735-w	BANC_v888 260702
VFB_00106ei6	BANC_888:720575941391275780	right side of organism	has_soma_location			BANC888	doi:10.1038/s41586-026-10735-w	BANC_v888 260702
VFB_00106ei7	BANC_888:720575941391278084	right side of organism	has_soma_location			BANC888	doi:10.1038/s41586-026-10735-w	BANC_v888 260702
VFB_00107ame	BANC_888:720575941391304452	left side of organism	has_soma_location			BANC888	doi:10.1038/s41586-026-10735-w	BANC_v888 260702
VFB_00106ei8	BANC_888:720575941391307670	left side of organism	has_soma_location			BANC888	doi:10.1038/s41586-026-10735-w	BANC_v888 260702
VFB_00106ei9	BANC_888:720575941391349252	right side of organism	has_soma_location			BANC888	doi:10.1038/s41586-026-10735-w	BANC_v888 260702
VFB_00106eia	BANC_888:720575941391354116	right side of organism	has_soma_location			BANC888	doi:10.1038/s41586-026-10735-w	BANC_v888 260702
VFB_00107amf	BANC_888:720575941391371158	right side of organism	has_soma_location			BANC888	doi:10.1038/s41586-026-10735-w	BANC_v888 260702
VFB_00106eib	BANC_888:720575941391385750	right side of organism	has_soma_location			BANC888	doi:10.1038/s41586-026-10735-w	BANC_v888 260702
VFB_00106eic	BANC_888:720575941391387030	left side of organism	has_soma_location			BANC888	doi:10.1038/s41586-026-10735-w	BANC_v888 260702
VFB_00106eid	BANC_888:720575941391393174	right side of organism	has_soma_location			BANC888	doi:10.1038/s41586-026-10735-w	BANC_v888 260702
VFB_00106eif	BANC_888:720575941391403926	left side of organism	has_soma_location			BANC888	doi:10.1038/s41586-026-10735-w	BANC_v888 260702
VFB_00106eig	BANC_888:720575941391408790	right side of organism	has_soma_location			BANC888	doi:10.1038/s41586-026-10735-w	BANC_v888 260702
VFB_00106eih	BANC_888:720575941391410582	right side of organism	has_soma_location			BANC888	doi:10.1038/s41586-026-10735-w	BANC_v888 260702
VFB_00106eii	BANC_888:720575941391416726	right side of organism	has_soma_location			BANC888	doi:10.1038/s41586-026-10735-w	BANC_v888 260702
VFB_00106eik	BANC_888:720575941391425540	left side of organism	has_soma_location			BANC888	doi:10.1038/s41586-026-10735-w	BANC_v888 260702
VFB_00106eil	BANC_888:720575941391432598	right side of organism	has_soma_location			BANC888	doi:10.1038/s41586-026-10735-w	BANC_v888 260702
VFB_00106eim	BANC_888:720575941391433732	right side of organism	has_soma_location			BANC888	doi:10.1038/s41586-026-10735-w	BANC_v888 260702
VFB_00106ein	BANC_888:720575941391444886	right side of organism	has_soma_location			BANC888	doi:10.1038/s41586-026-10735-w	BANC_v888 260702
VFB_00106eio	BANC_888:720575941391445910	right side of organism	has_soma_location			BANC888	doi:10.1038/s41586-026-10735-w	BANC_v888 260702
VFB_00106eip	BANC_888:720575941391446788	right side of organism	has_soma_location			BANC888	doi:10.1038/s41586-026-10735-w	BANC_v888 260702
VFB_00106eiq	BANC_888:720575941391451908	right side of organism	has_soma_location			BANC888	doi:10.1038/s41586-026-10735-w	BANC_v888 260702
VFB_00106eir	BANC_888:720575941391458710	right side of organism	has_soma_location			BANC888	doi:10.1038/s41586-026-10735-w	BANC_v888 260702
VFB_00106eis	BANC_888:720575941391460758	right side of organism	has_soma_location			BANC888	doi:10.1038/s41586-026-10735-w	BANC_v888 260702
VFB_00106eit	BANC_888:720575941391464196	right side of organism	has_soma_location			BANC888	doi:10.1038/s41586-026-10735-w	BANC_v888 260702
VFB_00107amg	BANC_888:720575941391464598	right side of organism	has_soma_location			BANC888	doi:10.1038/s41586-026-10735-w	BANC_v888 260702
VFB_00106eiu	BANC_888:720575941391465476	right side of organism	has_soma_location			BANC888	doi:10.1038/s41586-026-10735-w	BANC_v888 260702
VFB_00106eiv	BANC_888:720575941391465732	right side of organism	has_soma_location			BANC888	doi:10.1038/s41586-026-10735-w	BANC_v888 260702
VFB_00106eiw	BANC_888:720575941391465988	right side of organism	has_soma_location			BANC888	doi:10.1038/s41586-026-10735-w	BANC_v888 260702
VFB_00106eiz	BANC_888:720575941391468292	right side of organism	has_soma_location			BANC888	doi:10.1038/s41586-026-10735-w	BANC_v888 260702
VFB_00106ej0	BANC_888:720575941391468438	right side of organism	has_soma_location			BANC888	doi:10.1038/s41586-026-10735-w	BANC_v888 260702
VFB_00106ej1	BANC_888:720575941391476118	right side of organism	has_soma_location			BANC888	doi:10.1038/s41586-026-10735-w	BANC_v888 260702
VFB_00106ej2	BANC_888:720575941391476886	right side of organism	has_soma_location			BANC888	doi:10.1038/s41586-026-10735-w	BANC_v888 260702
VFB_00106ej3	BANC_888:720575941391477910	right side of organism	has_soma_location			BANC888	doi:10.1038/s41586-026-10735-w	BANC_v888 260702
VFB_00106ej4	BANC_888:720575941391478788	right side of organism	has_soma_location			BANC888	doi:10.1038/s41586-026-10735-w	BANC_v888 260702
VFB_00107amh	BANC_888:720575941391484932	right side of organism	has_soma_location			BANC888	doi:10.1038/s41586-026-10735-w	BANC_v888 260702
VFB_00106ej5	BANC_888:720575941391485078	right side of organism	has_soma_location			BANC888	doi:10.1038/s41586-026-10735-w	BANC_v888 260702
VFB_00106ej6	BANC_888:720575941391489796	right side of organism	has_soma_location			BANC888	doi:10.1038/s41586-026-10735-w	BANC_v888 260702
VFB_00106ej7	BANC_888:720575941391491588	right side of organism	has_soma_location			BANC888	doi:10.1038/s41586-026-10735-w	BANC_v888 260702
VFB_00106ej8	BANC_888:720575941391492246	right side of organism	has_soma_location			BANC888	doi:10.1038/s41586-026-10735-w	BANC_v888 260702
VFB_00106ej9	BANC_888:720575941391492758	right side of organism	has_soma_location			BANC888	doi:10.1038/s41586-026-10735-w	BANC_v888 260702
VFB_00106eja	BANC_888:720575941391498390	right side of organism	has_soma_location			BANC888	doi:10.1038/s41586-026-10735-w	BANC_v888 260702
VFB_00106ejb	BANC_888:720575941391506582	right side of organism	has_soma_location			BANC888	doi:10.1038/s41586-026-10735-w	BANC_v888 260702
VFB_00106ejc	BANC_888:720575941391509910	right side of organism	has_soma_location			BANC888	doi:10.1038/s41586-026-10735-w	BANC_v888 260702
VFB_00106ejd	BANC_888:720575941391511446	right side of organism	has_soma_location			BANC888	doi:10.1038/s41586-026-10735-w	BANC_v888 260702
VFB_00107ami	BANC_888:720575941391514006	right side of organism	has_soma_location			BANC888	doi:10.1038/s41586-026-10735-w	BANC_v888 260702
VFB_00106eje	BANC_888:720575941391516420	right side of organism	has_soma_location			BANC888	doi:10.1038/s41586-026-10735-w	BANC_v888 260702
VFB_00106ejf	BANC_888:720575941391516932	right side of organism	has_soma_location			BANC888	doi:10.1038/s41586-026-10735-w	BANC_v888 260702
VFB_00106ejg	BANC_888:720575941391517700	right side of organism	has_soma_location			BANC888	doi:10.1038/s41586-026-10735-w	BANC_v888 260702
VFB_00106ejh	BANC_888:720575941391519894	right side of organism	has_soma_location			BANC888	doi:10.1038/s41586-026-10735-w	BANC_v888 260702
VFB_00106eji	BANC_888:720575941391522198	right side of organism	has_soma_location			BANC888	doi:10.1038/s41586-026-10735-w	BANC_v888 260702
VFB_00106ejj	BANC_888:720575941391527684	right side of organism	has_soma_location			BANC888	doi:10.1038/s41586-026-10735-w	BANC_v888 260702
VFB_00106ejk	BANC_888:720575941391529476	right side of organism	has_soma_location			BANC888	doi:10.1038/s41586-026-10735-w	BANC_v888 260702
VFB_00106ejl	BANC_888:720575941391531670	right side of organism	has_soma_location			BANC888	doi:10.1038/s41586-026-10735-w	BANC_v888 260702
VFB_00106ejm	BANC_888:720575941391537668	right side of organism	has_soma_location			BANC888	doi:10.1038/s41586-026-10735-w	BANC_v888 260702
VFB_00107amj	BANC_888:720575941391550358	right side of organism	has_soma_location			BANC888	doi:10.1038/s41586-026-10735-w	BANC_v888 260702
VFB_00107amk	BANC_888:720575941391551748	right side of organism	has_soma_location			BANC888	doi:10.1038/s41586-026-10735-w	BANC_v888 260702
VFB_00106ejo	BANC_888:720575941391555990	right side of organism	has_soma_location			BANC888	doi:10.1038/s41586-026-10735-w	BANC_v888 260702
VFB_00107aml	BANC_888:720575941391563012	right side of organism	has_soma_location			BANC888	doi:10.1038/s41586-026-10735-w	BANC_v888 260702
VFB_00106ejp	BANC_888:720575941391563926	right side of organism	has_soma_location			BANC888	doi:10.1038/s41586-026-10735-w	BANC_v888 260702
VFB_00106ejq	BANC_888:720575941391564548	right side of organism	has_soma_location			BANC888	doi:10.1038/s41586-026-10735-w	BANC_v888 260702
VFB_00106ejs	BANC_888:720575941391572740	right side of organism	has_soma_location			BANC888	doi:10.1038/s41586-026-10735-w	BANC_v888 260702
VFB_00107amm	BANC_888:720575941391572996	right side of organism	has_soma_location			BANC888	doi:10.1038/s41586-026-10735-w	BANC_v888 260702
VFB_00106ejt	BANC_888:720575941391580164	right side of organism	has_soma_location			BANC888	doi:10.1038/s41586-026-10735-w	BANC_v888 260702
VFB_00106eju	BANC_888:720575941391584150	right side of organism	has_soma_location			BANC888	doi:10.1038/s41586-026-10735-w	BANC_v888 260702
VFB_00106ejv	BANC_888:720575941391589380	left side of organism	has_soma_location			BANC888	doi:10.1038/s41586-026-10735-w	BANC_v888 260702
VFB_00107amn	BANC_888:720575941391589782	right side of organism	has_soma_location			BANC888	doi:10.1038/s41586-026-10735-w	BANC_v888 260702
VFB_00106ejw	BANC_888:720575941391608580	right side of organism	has_soma_location			BANC888	doi:10.1038/s41586-026-10735-w	BANC_v888 260702
VFB_00106ejx	BANC_888:720575941391630486	right side of organism	has_soma_location			BANC888	doi:10.1038/s41586-026-10735-w	BANC_v888 260702
VFB_00106ejz	BANC_888:720575941391648406	right side of organism	has_soma_location			BANC888	doi:10.1038/s41586-026-10735-w	BANC_v888 260702
VFB_00107amo	BANC_888:720575941391652758	right side of organism	has_soma_location			BANC888	doi:10.1038/s41586-026-10735-w	BANC_v888 260702
VFB_00107amp	BANC_888:720575941391653526	right side of organism	has_soma_location			BANC888	doi:10.1038/s41586-026-10735-w	BANC_v888 260702
VFB_00106ek0	BANC_888:720575941391655318	right side of organism	has_soma_location			BANC888	doi:10.1038/s41586-026-10735-w	BANC_v888 260702
VFB_00106ek3	BANC_888:720575941391678980	right side of organism	has_soma_location			BANC888	doi:10.1038/s41586-026-10735-w	BANC_v888 260702
VFB_00106ek4	BANC_888:720575941391679236	right side of organism	has_soma_location			BANC888	doi:10.1038/s41586-026-10735-w	BANC_v888 260702
VFB_00106ek5	BANC_888:720575941391682052	left side of organism	has_soma_location			BANC888	doi:10.1038/s41586-026-10735-w	BANC_v888 260702
VFB_00106ek7	BANC_888:720575941391691268	right side of organism	has_soma_location			BANC888	doi:10.1038/s41586-026-10735-w	BANC_v888 260702
VFB_00107amq	BANC_888:720575941391692438	right side of organism	has_soma_location			BANC888	doi:10.1038/s41586-026-10735-w	BANC_v888 260702
VFB_00106ek9	BANC_888:720575941391703446	right side of organism	has_soma_location			BANC888	doi:10.1038/s41586-026-10735-w	BANC_v888 260702
VFB_00107amr	BANC_888:720575941391706774	right side of organism	has_soma_location			BANC888	doi:10.1038/s41586-026-10735-w	BANC_v888 260702
VFB_00106ekb	BANC_888:720575941391723670	right side of organism	has_soma_location			BANC888	doi:10.1038/s41586-026-10735-w	BANC_v888 260702
VFB_00107ams	BANC_888:720575941391731606	right side of organism	has_soma_location			BANC888	doi:10.1038/s41586-026-10735-w	BANC_v888 260702
VFB_00106ekd	BANC_888:720575941391740676	right side of organism	has_soma_location			BANC888	doi:10.1038/s41586-026-10735-w	BANC_v888 260702
VFB_00107amt	BANC_888:720575941391741956	right side of organism	has_soma_location			BANC888	doi:10.1038/s41586-026-10735-w	BANC_v888 260702
VFB_00106eke	BANC_888:720575941391749380	right side of organism	has_soma_location			BANC888	doi:10.1038/s41586-026-10735-w	BANC_v888 260702
VFB_00106ekg	BANC_888:720575941391756548	left side of organism	has_soma_location			BANC888	doi:10.1038/s41586-026-10735-w	BANC_v888 260702
VFB_00107amu	BANC_888:720575941391763460	right side of organism	has_soma_location			BANC888	doi:10.1038/s41586-026-10735-w	BANC_v888 260702
VFB_00106eki	BANC_888:720575941391770116	right side of organism	has_soma_location			BANC888	doi:10.1038/s41586-026-10735-w	BANC_v888 260702
VFB_00106ekk	BANC_888:720575941391786646	right side of organism	has_soma_location			BANC888	doi:10.1038/s41586-026-10735-w	BANC_v888 260702
VFB_00106ekm	BANC_888:720575941391792388	right side of organism	has_soma_location			BANC888	doi:10.1038/s41586-026-10735-w	BANC_v888 260702
VFB_00106ekn	BANC_888:720575941391802372	right side of organism	has_soma_location			BANC888	doi:10.1038/s41586-026-10735-w	BANC_v888 260702
VFB_00106eko	BANC_888:720575941391803140	left side of organism	has_soma_location			BANC888	doi:10.1038/s41586-026-10735-w	BANC_v888 260702
VFB_00106ekp	BANC_888:720575941391811076	left side of organism	has_soma_location			BANC888	doi:10.1038/s41586-026-10735-w	BANC_v888 260702
VFB_00107amv	BANC_888:720575941391816452	right side of organism	has_soma_location			BANC888	doi:10.1038/s41586-026-10735-w	BANC_v888 260702
VFB_00106ekq	BANC_888:720575941391840918	left side of organism	has_soma_location			BANC888	doi:10.1038/s41586-026-10735-w	BANC_v888 260702
VFB_00106ekr	BANC_888:720575941391853572	right side of organism	has_soma_location			BANC888	doi:10.1038/s41586-026-10735-w	BANC_v888 260702
VFB_00107amw	BANC_888:720575941391857814	left side of organism	has_soma_location			BANC888	doi:10.1038/s41586-026-10735-w	BANC_v888 260702
VFB_00106eks	BANC_888:720575941391859716	right side of organism	has_soma_location			BANC888	doi:10.1038/s41586-026-10735-w	BANC_v888 260702
VFB_00106ekw	BANC_888:720575941391873540	right side of organism	has_soma_location			BANC888	doi:10.1038/s41586-026-10735-w	BANC_v888 260702
VFB_00106ekx	BANC_888:720575941391873796	left side of organism	has_soma_location			BANC888	doi:10.1038/s41586-026-10735-w	BANC_v888 260702
VFB_00106eky	BANC_888:720575941391874052	right side of organism	has_soma_location			BANC888	doi:10.1038/s41586-026-10735-w	BANC_v888 260702
VFB_00106el0	BANC_888:720575941391879172	left side of organism	has_soma_location			BANC888	doi:10.1038/s41586-026-10735-w	BANC_v888 260702
VFB_00106el1	BANC_888:720575941391879940	right side of organism	has_soma_location			BANC888	doi:10.1038/s41586-026-10735-w	BANC_v888 260702
VFB_00107amx	BANC_888:720575941391889302	left side of organism	has_soma_location			BANC888	doi:10.1038/s41586-026-10735-w	BANC_v888 260702
VFB_00106el2	BANC_888:720575941391906052	right side of organism	has_soma_location			BANC888	doi:10.1038/s41586-026-10735-w	BANC_v888 260702
VFB_00107amy	BANC_888:720575941391907588	right side of organism	has_soma_location			BANC888	doi:10.1038/s41586-026-10735-w	BANC_v888 260702
VFB_00107amz	BANC_888:720575941391910148	right side of organism	has_soma_location			BANC888	doi:10.1038/s41586-026-10735-w	BANC_v888 260702
VFB_00106el3	BANC_888:720575941391912854	left side of organism	has_soma_location			BANC888	doi:10.1038/s41586-026-10735-w	BANC_v888 260702
VFB_00106el4	BANC_888:720575941391925508	left side of organism	has_soma_location			BANC888	doi:10.1038/s41586-026-10735-w	BANC_v888 260702
VFB_00106el5	BANC_888:720575941391926020	left side of organism	has_soma_location			BANC888	doi:10.1038/s41586-026-10735-w	BANC_v888 260702
VFB_00106el6	BANC_888:720575941391928580	left side of organism	has_soma_location			BANC888	doi:10.1038/s41586-026-10735-w	BANC_v888 260702
VFB_00106el7	BANC_888:720575941391930884	left side of organism	has_soma_location			BANC888	doi:10.1038/s41586-026-10735-w	BANC_v888 260702
VFB_00106el9	BANC_888:720575941391936918	right side of organism	has_soma_location			BANC888	doi:10.1038/s41586-026-10735-w	BANC_v888 260702
VFB_00106elb	BANC_888:720575941391943684	left side of organism	has_soma_location			BANC888	doi:10.1038/s41586-026-10735-w	BANC_v888 260702
VFB_00106eld	BANC_888:720575941391945732	right side of organism	has_soma_location			BANC888	doi:10.1038/s41586-026-10735-w	BANC_v888 260702
VFB_00106elf	BANC_888:720575941391952900	left side of organism	has_soma_location			BANC888	doi:10.1038/s41586-026-10735-w	BANC_v888 260702
VFB_00106elg	BANC_888:720575941391953156	left side of organism	has_soma_location			BANC888	doi:10.1038/s41586-026-10735-w	BANC_v888 260702
VFB_00106elh	BANC_888:720575941391958020	left side of organism	has_soma_location			BANC888	doi:10.1038/s41586-026-10735-w	BANC_v888 260702
VFB_00106eli	BANC_888:720575941391961238	left side of organism	has_soma_location			BANC888	doi:10.1038/s41586-026-10735-w	BANC_v888 260702
VFB_00106elj	BANC_888:720575941391962628	right side of organism	has_soma_location			BANC888	doi:10.1038/s41586-026-10735-w	BANC_v888 260702
VFB_00106elk	BANC_888:720575941391964932	left side of organism	has_soma_location			BANC888	doi:10.1038/s41586-026-10735-w	BANC_v888 260702
VFB_00106ell	BANC_888:720575941391966212	right side of organism	has_soma_location			BANC888	doi:10.1038/s41586-026-10735-w	BANC_v888 260702
VFB_00106elm	BANC_888:720575941391968150	right side of organism	has_soma_location			BANC888	doi:10.1038/s41586-026-10735-w	BANC_v888 260702
VFB_00106elo	BANC_888:720575941391969284	right side of organism	has_soma_location			BANC888	doi:10.1038/s41586-026-10735-w	BANC_v888 260702
VFB_00106elp	BANC_888:720575941391970710	right side of organism	has_soma_location			BANC888	doi:10.1038/s41586-026-10735-w	BANC_v888 260702
VFB_00106elq	BANC_888:720575941391982084	left side of organism	has_soma_location			BANC888	doi:10.1038/s41586-026-10735-w	BANC_v888 260702
VFB_00106els	BANC_888:720575941391983364	right side of organism	has_soma_location			BANC888	doi:10.1038/s41586-026-10735-w	BANC_v888 260702
VFB_00106elt	BANC_888:720575941391990532	right side of organism	has_soma_location			BANC888	doi:10.1038/s41586-026-10735-w	BANC_v888 260702
VFB_00106elu	BANC_888:720575941391990788	left side of organism	has_soma_location			BANC888	doi:10.1038/s41586-026-10735-w	BANC_v888 260702
VFB_00106elv	BANC_888:720575941391991044	right side of organism	has_soma_location			BANC888	doi:10.1038/s41586-026-10735-w	BANC_v888 260702
VFB_00106elw	BANC_888:720575941391992836	right side of organism	has_soma_location			BANC888	doi:10.1038/s41586-026-10735-w	BANC_v888 260702
VFB_00106elx	BANC_888:720575941391996310	right side of organism	has_soma_location			BANC888	doi:10.1038/s41586-026-10735-w	BANC_v888 260702
VFB_00106ely	BANC_888:720575941392001686	right side of organism	has_soma_location			BANC888	doi:10.1038/s41586-026-10735-w	BANC_v888 260702
VFB_00106elz	BANC_888:720575941392001796	left side of organism	has_soma_location			BANC888	doi:10.1038/s41586-026-10735-w	BANC_v888 260702
VFB_00106em0	BANC_888:720575941392018436	left side of organism	has_soma_location			BANC888	doi:10.1038/s41586-026-10735-w	BANC_v888 260702
VFB_00107an0	BANC_888:720575941392018582	right side of organism	has_soma_location			BANC888	doi:10.1038/s41586-026-10735-w	BANC_v888 260702
VFB_00106em1	BANC_888:720575941392019606	right side of organism	has_soma_location			BANC888	doi:10.1038/s41586-026-10735-w	BANC_v888 260702
VFB_00106em2	BANC_888:720575941392030614	right side of organism	has_soma_location			BANC888	doi:10.1038/s41586-026-10735-w	BANC_v888 260702
VFB_00106em3	BANC_888:720575941392034198	left side of organism	has_soma_location			BANC888	doi:10.1038/s41586-026-10735-w	BANC_v888 260702
VFB_00106em4	BANC_888:720575941392036246	right side of organism	has_soma_location			BANC888	doi:10.1038/s41586-026-10735-w	BANC_v888 260702
VFB_00106em6	BANC_888:720575941392039574	right side of organism	has_soma_location			BANC888	doi:10.1038/s41586-026-10735-w	BANC_v888 260702
VFB_00106em7	BANC_888:720575941392049046	right side of organism	has_soma_location			BANC888	doi:10.1038/s41586-026-10735-w	BANC_v888 260702
VFB_00106em8	BANC_888:720575941392057238	right side of organism	has_soma_location			BANC888	doi:10.1038/s41586-026-10735-w	BANC_v888 260702
VFB_00107an1	BANC_888:720575941392063126	right side of organism	has_soma_location			BANC888	doi:10.1038/s41586-026-10735-w	BANC_v888 260702
VFB_00106ema	BANC_888:720575941392070550	right side of organism	has_soma_location			BANC888	doi:10.1038/s41586-026-10735-w	BANC_v888 260702
VFB_00106emb	BANC_888:720575941392074134	left side of organism	has_soma_location			BANC888	doi:10.1038/s41586-026-10735-w	BANC_v888 260702
VFB_00106emc	BANC_888:720575941392097686	right side of organism	has_soma_location			BANC888	doi:10.1038/s41586-026-10735-w	BANC_v888 260702
VFB_00106emd	BANC_888:720575941392108036	right side of organism	has_soma_location			BANC888	doi:10.1038/s41586-026-10735-w	BANC_v888 260702
VFB_00106eme	BANC_888:720575941392111254	right side of organism	has_soma_location			BANC888	doi:10.1038/s41586-026-10735-w	BANC_v888 260702
VFB_00106emf	BANC_888:720575941392113156	right side of organism	has_soma_location			BANC888	doi:10.1038/s41586-026-10735-w	BANC_v888 260702
VFB_00107an2	BANC_888:720575941392113668	left side of organism	has_soma_location			BANC888	doi:10.1038/s41586-026-10735-w	BANC_v888 260702
VFB_00106emg	BANC_888:720575941392115716	left side of organism	has_soma_location			BANC888	doi:10.1038/s41586-026-10735-w	BANC_v888 260702
VFB_00106emh	BANC_888:720575941392131844	right side of organism	has_soma_location			BANC888	doi:10.1038/s41586-026-10735-w	BANC_v888 260702
VFB_00106emi	BANC_888:720575941392134806	right side of organism	has_soma_location			BANC888	doi:10.1038/s41586-026-10735-w	BANC_v888 260702
VFB_00106emj	BANC_888:720575941392137366	right side of organism	has_soma_location			BANC888	doi:10.1038/s41586-026-10735-w	BANC_v888 260702
VFB_00106emk	BANC_888:720575941392149142	left side of organism	has_soma_location			BANC888	doi:10.1038/s41586-026-10735-w	BANC_v888 260702
VFB_00106eml	BANC_888:720575941392151556	right side of organism	has_soma_location			BANC888	doi:10.1038/s41586-026-10735-w	BANC_v888 260702
VFB_00106emm	BANC_888:720575941392153604	right side of organism	has_soma_location			BANC888	doi:10.1038/s41586-026-10735-w	BANC_v888 260702
VFB_00106emn	BANC_888:720575941392158102	right side of organism	has_soma_location			BANC888	doi:10.1038/s41586-026-10735-w	BANC_v888 260702
VFB_00107an3	BANC_888:720575941392159236	right side of organism	has_soma_location			BANC888	doi:10.1038/s41586-026-10735-w	BANC_v888 260702
VFB_00106emo	BANC_888:720575941392160004	right side of organism	has_soma_location			BANC888	doi:10.1038/s41586-026-10735-w	BANC_v888 260702
VFB_00106emp	BANC_888:720575941392163734	right side of organism	has_soma_location			BANC888	doi:10.1038/s41586-026-10735-w	BANC_v888 260702
VFB_00106emq	BANC_888:720575941392170134	right side of organism	has_soma_location			BANC888	doi:10.1038/s41586-026-10735-w	BANC_v888 260702
VFB_00106emr	BANC_888:720575941392171926	right side of organism	has_soma_location			BANC888	doi:10.1038/s41586-026-10735-w	BANC_v888 260702
VFB_00106emt	BANC_888:720575941392174340	left side of organism	has_soma_location			BANC888	doi:10.1038/s41586-026-10735-w	BANC_v888 260702
VFB_00107an4	BANC_888:720575941392176534	right side of organism	has_soma_location			BANC888	doi:10.1038/s41586-026-10735-w	BANC_v888 260702
VFB_00106emu	BANC_888:720575941392178326	left side of organism	has_soma_location			BANC888	doi:10.1038/s41586-026-10735-w	BANC_v888 260702
VFB_00106emv	BANC_888:720575941392178838	left side of organism	has_soma_location			BANC888	doi:10.1038/s41586-026-10735-w	BANC_v888 260702
VFB_00106emw	BANC_888:720575941392178948	left side of organism	has_soma_location			BANC888	doi:10.1038/s41586-026-10735-w	BANC_v888 260702
VFB_00107an5	BANC_888:720575941392184068	left side of organism	has_soma_location			BANC888	doi:10.1038/s41586-026-10735-w	BANC_v888 260702
VFB_00106emx	BANC_888:720575941392186884	right side of organism	has_soma_location			BANC888	doi:10.1038/s41586-026-10735-w	BANC_v888 260702
VFB_00106emy	BANC_888:720575941392197270	left side of organism	has_soma_location			BANC888	doi:10.1038/s41586-026-10735-w	BANC_v888 260702
VFB_00107an6	BANC_888:720575941392199684	left side of organism	has_soma_location			BANC888	doi:10.1038/s41586-026-10735-w	BANC_v888 260702
VFB_00106emz	BANC_888:720575941392210436	right side of organism	has_soma_location			BANC888	doi:10.1038/s41586-026-10735-w	BANC_v888 260702
VFB_00106en0	BANC_888:720575941392219542	left side of organism	has_soma_location			BANC888	doi:10.1038/s41586-026-10735-w	BANC_v888 260702
VFB_00106en1	BANC_888:720575941392220932	right side of organism	has_soma_location			BANC888	doi:10.1038/s41586-026-10735-w	BANC_v888 260702
VFB_00106en2	BANC_888:720575941392231940	left side of organism	has_soma_location			BANC888	doi:10.1038/s41586-026-10735-w	BANC_v888 260702
VFB_00107an7	BANC_888:720575941392238852	right side of organism	has_soma_location			BANC888	doi:10.1038/s41586-026-10735-w	BANC_v888 260702
VFB_00106en4	BANC_888:720575941392240534	right side of organism	has_soma_location			BANC888	doi:10.1038/s41586-026-10735-w	BANC_v888 260702
VFB_00106en5	BANC_888:720575941392250006	right side of organism	has_soma_location			BANC888	doi:10.1038/s41586-026-10735-w	BANC_v888 260702
VFB_00106en6	BANC_888:720575941392252310	left side of organism	has_soma_location			BANC888	doi:10.1038/s41586-026-10735-w	BANC_v888 260702
VFB_00106en8	BANC_888:720575941392278678	left side of organism	has_soma_location			BANC888	doi:10.1038/s41586-026-10735-w	BANC_v888 260702
VFB_00106en9	BANC_888:720575941392289028	right side of organism	has_soma_location			BANC888	doi:10.1038/s41586-026-10735-w	BANC_v888 260702
VFB_00106ena	BANC_888:720575941392296342	right side of organism	has_soma_location			BANC888	doi:10.1038/s41586-026-10735-w	BANC_v888 260702
VFB_00106enb	BANC_888:720575941392302852	left side of organism	has_soma_location			BANC888	doi:10.1038/s41586-026-10735-w	BANC_v888 260702
VFB_00106enc	BANC_888:720575941392306582	right side of organism	has_soma_location			BANC888	doi:10.1038/s41586-026-10735-w	BANC_v888 260702
VFB_00107an8	BANC_888:720575941392307204	left side of organism	has_soma_location			BANC888	doi:10.1038/s41586-026-10735-w	BANC_v888 260702
VFB_00106end	BANC_888:720575941392316676	left side of organism	has_soma_location			BANC888	doi:10.1038/s41586-026-10735-w	BANC_v888 260702
VFB_00106ene	BANC_888:720575941392321284	right side of organism	has_soma_location			BANC888	doi:10.1038/s41586-026-10735-w	BANC_v888 260702
VFB_00106enf	BANC_888:720575941392321686	right side of organism	has_soma_location			BANC888	doi:10.1038/s41586-026-10735-w	BANC_v888 260702
VFB_00106eng	BANC_888:720575941392321942	left side of organism	has_soma_location			BANC888	doi:10.1038/s41586-026-10735-w	BANC_v888 260702
VFB_00106eni	BANC_888:720575941392327428	left side of organism	has_soma_location			BANC888	doi:10.1038/s41586-026-10735-w	BANC_v888 260702
VFB_00106enj	BANC_888:720575941392332548	right side of organism	has_soma_location			BANC888	doi:10.1038/s41586-026-10735-w	BANC_v888 260702
VFB_00106enk	BANC_888:720575941392334852	right side of organism	has_soma_location			BANC888	doi:10.1038/s41586-026-10735-w	BANC_v888 260702
VFB_00106enl	BANC_888:720575941392348054	right side of organism	has_soma_location			BANC888	doi:10.1038/s41586-026-10735-w	BANC_v888 260702
VFB_00107an9	BANC_888:720575941392349590	right side of organism	has_soma_location			BANC888	doi:10.1038/s41586-026-10735-w	BANC_v888 260702
VFB_00106enn	BANC_888:720575941392353430	right side of organism	has_soma_location			BANC888	doi:10.1038/s41586-026-10735-w	BANC_v888 260702
VFB_00107ana	BANC_888:720575941392358660	right side of organism	has_soma_location			BANC888	doi:10.1038/s41586-026-10735-w	BANC_v888 260702
VFB_00106enp	BANC_888:720575941392359830	right side of organism	has_soma_location			BANC888	doi:10.1038/s41586-026-10735-w	BANC_v888 260702
VFB_00107anb	BANC_888:720575941392382724	right side of organism	has_soma_location			BANC888	doi:10.1038/s41586-026-10735-w	BANC_v888 260702
VFB_00106enq	BANC_888:720575941392389380	right side of organism	has_soma_location			BANC888	doi:10.1038/s41586-026-10735-w	BANC_v888 260702
VFB_00106enr	BANC_888:720575941392390660	right side of organism	has_soma_location			BANC888	doi:10.1038/s41586-026-10735-w	BANC_v888 260702
VFB_00106ens	BANC_888:720575941392390916	left side of organism	has_soma_location			BANC888	doi:10.1038/s41586-026-10735-w	BANC_v888 260702
VFB_00106env	BANC_888:720575941392405654	right side of organism	has_soma_location			BANC888	doi:10.1038/s41586-026-10735-w	BANC_v888 260702
VFB_00106enw	BANC_888:720575941392408580	right side of organism	has_soma_location			BANC888	doi:10.1038/s41586-026-10735-w	BANC_v888 260702
VFB_00106enx	BANC_888:720575941392417174	right side of organism	has_soma_location			BANC888	doi:10.1038/s41586-026-10735-w	BANC_v888 260702
VFB_00106eny	BANC_888:720575941392418710	right side of organism	has_soma_location			BANC888	doi:10.1038/s41586-026-10735-w	BANC_v888 260702
VFB_00106eo0	BANC_888:720575941392419844	right side of organism	has_soma_location			BANC888	doi:10.1038/s41586-026-10735-w	BANC_v888 260702
VFB_00106eo1	BANC_888:720575941392423830	right side of organism	has_soma_location			BANC888	doi:10.1038/s41586-026-10735-w	BANC_v888 260702
VFB_00106eo2	BANC_888:720575941392424598	right side of organism	has_soma_location			BANC888	doi:10.1038/s41586-026-10735-w	BANC_v888 260702
VFB_00107anc	BANC_888:720575941392445846	left side of organism	has_soma_location			BANC888	doi:10.1038/s41586-026-10735-w	BANC_v888 260702
VFB_00107and	BANC_888:720575941392449540	left side of organism	has_soma_location			BANC888	doi:10.1038/s41586-026-10735-w	BANC_v888 260702
VFB_00107ane	BANC_888:720575941392452612	left side of organism	has_soma_location			BANC888	doi:10.1038/s41586-026-10735-w	BANC_v888 260702
VFB_00106eo3	BANC_888:720575941392458646	left side of organism	has_soma_location			BANC888	doi:10.1038/s41586-026-10735-w	BANC_v888 260702
VFB_00106eo5	BANC_888:720575941392460950	left side of organism	has_soma_location			BANC888	doi:10.1038/s41586-026-10735-w	BANC_v888 260702
VFB_00106eo6	BANC_888:720575941392463620	right side of organism	has_soma_location			BANC888	doi:10.1038/s41586-026-10735-w	BANC_v888 260702
VFB_00106eo8	BANC_888:720575941392484612	right side of organism	has_soma_location			BANC888	doi:10.1038/s41586-026-10735-w	BANC_v888 260702
VFB_00106eo9	BANC_888:720575941392487428	right side of organism	has_soma_location			BANC888	doi:10.1038/s41586-026-10735-w	BANC_v888 260702
VFB_00106eoa	BANC_888:720575941392491268	right side of organism	has_soma_location			BANC888	doi:10.1038/s41586-026-10735-w	BANC_v888 260702
VFB_00106eob	BANC_888:720575941392492804	left side of organism	has_soma_location			BANC888	doi:10.1038/s41586-026-10735-w	BANC_v888 260702
VFB_00106eoc	BANC_888:720575941392493060	right side of organism	has_soma_location			BANC888	doi:10.1038/s41586-026-10735-w	BANC_v888 260702
VFB_00106eod	BANC_888:720575941392495876	left side of organism	has_soma_location			BANC888	doi:10.1038/s41586-026-10735-w	BANC_v888 260702
VFB_00106eoe	BANC_888:720575941392504836	right side of organism	has_soma_location			BANC888	doi:10.1038/s41586-026-10735-w	BANC_v888 260702
VFB_00106eof	BANC_888:720575941392509188	right side of organism	has_soma_location			BANC888	doi:10.1038/s41586-026-10735-w	BANC_v888 260702
VFB_00106eog	BANC_888:720575941392509700	right side of organism	has_soma_location			BANC888	doi:10.1038/s41586-026-10735-w	BANC_v888 260702
VFB_00107anf	BANC_888:720575941392515076	right side of organism	has_soma_location			BANC888	doi:10.1038/s41586-026-10735-w	BANC_v888 260702
VFB_00106eoh	BANC_888:720575941392518916	right side of organism	has_soma_location			BANC888	doi:10.1038/s41586-026-10735-w	BANC_v888 260702
VFB_00107ang	BANC_888:720575941392523268	right side of organism	has_soma_location			BANC888	doi:10.1038/s41586-026-10735-w	BANC_v888 260702
VFB_00107anh	BANC_888:720575941392523780	right side of organism	has_soma_location			BANC888	doi:10.1038/s41586-026-10735-w	BANC_v888 260702
VFB_00107ani	BANC_888:720575941392524292	right side of organism	has_soma_location			BANC888	doi:10.1038/s41586-026-10735-w	BANC_v888 260702
VFB_00106eoi	BANC_888:720575941392524438	right side of organism	has_soma_location			BANC888	doi:10.1038/s41586-026-10735-w	BANC_v888 260702
VFB_00107anj	BANC_888:720575941392525828	left side of organism	has_soma_location			BANC888	doi:10.1038/s41586-026-10735-w	BANC_v888 260702
VFB_00107ank	BANC_888:720575941392527108	right side of organism	has_soma_location			BANC888	doi:10.1038/s41586-026-10735-w	BANC_v888 260702
VFB_00107anl	BANC_888:720575941392530436	left side of organism	has_soma_location			BANC888	doi:10.1038/s41586-026-10735-w	BANC_v888 260702
VFB_00107anm	BANC_888:720575941392554756	left side of organism	has_soma_location			BANC888	doi:10.1038/s41586-026-10735-w	BANC_v888 260702
VFB_00106eoj	BANC_888:720575941392556438	left side of organism	has_soma_location			BANC888	doi:10.1038/s41586-026-10735-w	BANC_v888 260702
VFB_00106eok	BANC_888:720575941392556548	left side of organism	has_soma_location			BANC888	doi:10.1038/s41586-026-10735-w	BANC_v888 260702
VFB_00106eol	BANC_888:720575941392556804	right side of organism	has_soma_location			BANC888	doi:10.1038/s41586-026-10735-w	BANC_v888 260702
VFB_00106eom	BANC_888:720575941392561558	left side of organism	has_soma_location			BANC888	doi:10.1038/s41586-026-10735-w	BANC_v888 260702
VFB_00106eon	BANC_888:720575941392562948	right side of organism	has_soma_location			BANC888	doi:10.1038/s41586-026-10735-w	BANC_v888 260702
VFB_00107ann	BANC_888:720575941392571908	left side of organism	has_soma_location			BANC888	doi:10.1038/s41586-026-10735-w	BANC_v888 260702
VFB_00106eoq	BANC_888:720575941392577284	left side of organism	has_soma_location			BANC888	doi:10.1038/s41586-026-10735-w	BANC_v888 260702
VFB_00107ano	BANC_888:720575941392581380	left side of organism	has_soma_location			BANC888	doi:10.1038/s41586-026-10735-w	BANC_v888 260702
VFB_00106eor	BANC_888:720575941392587414	right side of organism	has_soma_location			BANC888	doi:10.1038/s41586-026-10735-w	BANC_v888 260702
VFB_00107anp	BANC_888:720575941392587780	right side of organism	has_soma_location			BANC888	doi:10.1038/s41586-026-10735-w	BANC_v888 260702
VFB_00106eos	BANC_888:720575941392594070	right side of organism	has_soma_location			BANC888	doi:10.1038/s41586-026-10735-w	BANC_v888 260702
VFB_00106eot	BANC_888:720575941392596118	right side of organism	has_soma_location			BANC888	doi:10.1038/s41586-026-10735-w	BANC_v888 260702
VFB_00106eou	BANC_888:720575941392604054	left side of organism	has_soma_location			BANC888	doi:10.1038/s41586-026-10735-w	BANC_v888 260702
VFB_00106eov	BANC_888:720575941392605590	left side of organism	has_soma_location			BANC888	doi:10.1038/s41586-026-10735-w	BANC_v888 260702
VFB_00106eow	BANC_888:720575941392605956	right side of organism	has_soma_location			BANC888	doi:10.1038/s41586-026-10735-w	BANC_v888 260702
VFB_00106eox	BANC_888:720575941392613380	right side of organism	has_soma_location			BANC888	doi:10.1038/s41586-026-10735-w	BANC_v888 260702
VFB_00106eoz	BANC_888:720575941392616964	right side of organism	has_soma_location			BANC888	doi:10.1038/s41586-026-10735-w	BANC_v888 260702
VFB_00106ep0	BANC_888:720575941392620438	left side of organism	has_soma_location			BANC888	doi:10.1038/s41586-026-10735-w	BANC_v888 260702
VFB_00107anq	BANC_888:720575941392621206	left side of organism	has_soma_location			BANC888	doi:10.1038/s41586-026-10735-w	BANC_v888 260702
VFB_00107anr	BANC_888:720575941392624388	right side of organism	has_soma_location			BANC888	doi:10.1038/s41586-026-10735-w	BANC_v888 260702
VFB_00107ans	BANC_888:720575941392625668	left side of organism	has_soma_location			BANC888	doi:10.1038/s41586-026-10735-w	BANC_v888 260702
VFB_00106ep1	BANC_888:720575941392627862	left side of organism	has_soma_location			BANC888	doi:10.1038/s41586-026-10735-w	BANC_v888 260702
VFB_00106ep2	BANC_888:720575941392629142	left side of organism	has_soma_location			BANC888	doi:10.1038/s41586-026-10735-w	BANC_v888 260702
VFB_00107ant	BANC_888:720575941392633092	left side of organism	has_soma_location			BANC888	doi:10.1038/s41586-026-10735-w	BANC_v888 260702
VFB_00107anu	BANC_888:720575941392633604	left side of organism	has_soma_location			BANC888	doi:10.1038/s41586-026-10735-w	BANC_v888 260702
VFB_00106ep3	BANC_888:720575941392637334	left side of organism	has_soma_location			BANC888	doi:10.1038/s41586-026-10735-w	BANC_v888 260702
VFB_00106ep4	BANC_888:720575941392641430	left side of organism	has_soma_location			BANC888	doi:10.1038/s41586-026-10735-w	BANC_v888 260702
VFB_00106ep5	BANC_888:720575941392642454	left side of organism	has_soma_location			BANC888	doi:10.1038/s41586-026-10735-w	BANC_v888 260702
VFB_00107anv	BANC_888:720575941392643222	right side of organism	has_soma_location			BANC888	doi:10.1038/s41586-026-10735-w	BANC_v888 260702
VFB_00107anw	BANC_888:720575941392650756	right side of organism	has_soma_location			BANC888	doi:10.1038/s41586-026-10735-w	BANC_v888 260702
VFB_00106ep6	BANC_888:720575941392651158	right side of organism	has_soma_location			BANC888	doi:10.1038/s41586-026-10735-w	BANC_v888 260702
VFB_00107anx	BANC_888:720575941392654230	right side of organism	has_soma_location			BANC888	doi:10.1038/s41586-026-10735-w	BANC_v888 260702
VFB_00106ep8	BANC_888:720575941392655510	right side of organism	has_soma_location			BANC888	doi:10.1038/s41586-026-10735-w	BANC_v888 260702
VFB_00106ep9	BANC_888:720575941392656278	right side of organism	has_soma_location			BANC888	doi:10.1038/s41586-026-10735-w	BANC_v888 260702
VFB_00107any	BANC_888:720575941392657046	right side of organism	has_soma_location			BANC888	doi:10.1038/s41586-026-10735-w	BANC_v888 260702
VFB_00106epa	BANC_888:720575941392658582	right side of organism	has_soma_location			BANC888	doi:10.1038/s41586-026-10735-w	BANC_v888 260702
VFB_00107anz	BANC_888:720575941392663300	left side of organism	has_soma_location			BANC888	doi:10.1038/s41586-026-10735-w	BANC_v888 260702
VFB_00107ao0	BANC_888:720575941392663556	right side of organism	has_soma_location			BANC888	doi:10.1038/s41586-026-10735-w	BANC_v888 260702
VFB_00106epb	BANC_888:720575941392665238	right side of organism	has_soma_location			BANC888	doi:10.1038/s41586-026-10735-w	BANC_v888 260702
VFB_00106epc	BANC_888:720575941392665750	left side of organism	has_soma_location			BANC888	doi:10.1038/s41586-026-10735-w	BANC_v888 260702
VFB_00106epd	BANC_888:720575941392667286	right side of organism	has_soma_location			BANC888	doi:10.1038/s41586-026-10735-w	BANC_v888 260702
VFB_00106epe	BANC_888:720575941392668566	right side of organism	has_soma_location			BANC888	doi:10.1038/s41586-026-10735-w	BANC_v888 260702
VFB_00107ao1	BANC_888:720575941392669956	left side of organism	has_soma_location			BANC888	doi:10.1038/s41586-026-10735-w	BANC_v888 260702
VFB_00106epf	BANC_888:720575941392676758	left side of organism	has_soma_location			BANC888	doi:10.1038/s41586-026-10735-w	BANC_v888 260702
VFB_00106epg	BANC_888:720575941392677014	left side of organism	has_soma_location			BANC888	doi:10.1038/s41586-026-10735-w	BANC_v888 260702
VFB_00107ao2	BANC_888:720575941392681476	right side of organism	has_soma_location			BANC888	doi:10.1038/s41586-026-10735-w	BANC_v888 260702
VFB_00106eph	BANC_888:720575941392683670	left side of organism	has_soma_location			BANC888	doi:10.1038/s41586-026-10735-w	BANC_v888 260702
VFB_00106epi	BANC_888:720575941392686742	left side of organism	has_soma_location			BANC888	doi:10.1038/s41586-026-10735-w	BANC_v888 260702
VFB_00106epj	BANC_888:720575941392691862	left side of organism	has_soma_location			BANC888	doi:10.1038/s41586-026-10735-w	BANC_v888 260702
VFB_00106epk	BANC_888:720575941392695958	right side of organism	has_soma_location			BANC888	doi:10.1038/s41586-026-10735-w	BANC_v888 260702
VFB_00106epm	BANC_888:720575941392698262	right side of organism	has_soma_location			BANC888	doi:10.1038/s41586-026-10735-w	BANC_v888 260702
VFB_00106epn	BANC_888:720575941392700932	right side of organism	has_soma_location			BANC888	doi:10.1038/s41586-026-10735-w	BANC_v888 260702
VFB_00107ao3	BANC_888:720575941392702212	left side of organism	has_soma_location			BANC888	doi:10.1038/s41586-026-10735-w	BANC_v888 260702
VFB_00107ao4	BANC_888:720575941392706820	left side of organism	has_soma_location			BANC888	doi:10.1038/s41586-026-10735-w	BANC_v888 260702
VFB_00106epo	BANC_888:720575941392711684	right side of organism	has_soma_location			BANC888	doi:10.1038/s41586-026-10735-w	BANC_v888 260702
VFB_00106epr	BANC_888:720575941392716694	left side of organism	has_soma_location			BANC888	doi:10.1038/s41586-026-10735-w	BANC_v888 260702
VFB_00106eps	BANC_888:720575941392720388	left side of organism	has_soma_location			BANC888	doi:10.1038/s41586-026-10735-w	BANC_v888 260702
VFB_00106ept	BANC_888:720575941392725910	right side of organism	has_soma_location			BANC888	doi:10.1038/s41586-026-10735-w	BANC_v888 260702
VFB_00106epw	BANC_888:720575941392736772	right side of organism	has_soma_location			BANC888	doi:10.1038/s41586-026-10735-w	BANC_v888 260702
VFB_00106epx	BANC_888:720575941392736918	right side of organism	has_soma_location			BANC888	doi:10.1038/s41586-026-10735-w	BANC_v888 260702
VFB_00106epy	BANC_888:720575941392737174	right side of organism	has_soma_location			BANC888	doi:10.1038/s41586-026-10735-w	BANC_v888 260702
VFB_00106epz	BANC_888:720575941392742148	left side of organism	has_soma_location			BANC888	doi:10.1038/s41586-026-10735-w	BANC_v888 260702
VFB_00106eq0	BANC_888:720575941392743940	left side of organism	has_soma_location			BANC888	doi:10.1038/s41586-026-10735-w	BANC_v888 260702
VFB_00106eq1	BANC_888:720575941392744964	left side of organism	has_soma_location			BANC888	doi:10.1038/s41586-026-10735-w	BANC_v888 260702
VFB_00106eq2	BANC_888:720575941392752132	right side of organism	has_soma_location			BANC888	doi:10.1038/s41586-026-10735-w	BANC_v888 260702
VFB_00107ao5	BANC_888:720575941392752388	right side of organism	has_soma_location			BANC888	doi:10.1038/s41586-026-10735-w	BANC_v888 260702
VFB_00106eq3	BANC_888:720575941392755094	right side of organism	has_soma_location			BANC888	doi:10.1038/s41586-026-10735-w	BANC_v888 260702
VFB_00106eq4	BANC_888:720575941392759300	left side of organism	has_soma_location			BANC888	doi:10.1038/s41586-026-10735-w	BANC_v888 260702
VFB_00106eq5	BANC_888:720575941392768004	left side of organism	has_soma_location			BANC888	doi:10.1038/s41586-026-10735-w	BANC_v888 260702
VFB_00106eq6	BANC_888:720575941392768150	right side of organism	has_soma_location			BANC888	doi:10.1038/s41586-026-10735-w	BANC_v888 260702
VFB_00107ao6	BANC_888:720575941392800260	left side of organism	has_soma_location			BANC888	doi:10.1038/s41586-026-10735-w	BANC_v888 260702
VFB_00106eq7	BANC_888:720575941392801028	right side of organism	has_soma_location			BANC888	doi:10.1038/s41586-026-10735-w	BANC_v888 260702
VFB_00106eq8	BANC_888:720575941392807062	left side of organism	has_soma_location			BANC888	doi:10.1038/s41586-026-10735-w	BANC_v888 260702
VFB_00106eq9	BANC_888:720575941392807428	right side of organism	has_soma_location			BANC888	doi:10.1038/s41586-026-10735-w	BANC_v888 260702
VFB_00106eqb	BANC_888:720575941392810134	right side of organism	has_soma_location			BANC888	doi:10.1038/s41586-026-10735-w	BANC_v888 260702
VFB_00106eqc	BANC_888:720575941392810902	right side of organism	has_soma_location			BANC888	doi:10.1038/s41586-026-10735-w	BANC_v888 260702
VFB_00106eqd	BANC_888:720575941392812548	right side of organism	has_soma_location			BANC888	doi:10.1038/s41586-026-10735-w	BANC_v888 260702
VFB_00107ao7	BANC_888:720575941392817046	left side of organism	has_soma_location			BANC888	doi:10.1038/s41586-026-10735-w	BANC_v888 260702
VFB_00107ao8	BANC_888:720575941392820740	right side of organism	has_soma_location			BANC888	doi:10.1038/s41586-026-10735-w	BANC_v888 260702
VFB_00106eqf	BANC_888:720575941392826116	right side of organism	has_soma_location			BANC888	doi:10.1038/s41586-026-10735-w	BANC_v888 260702
VFB_00107ao9	BANC_888:720575941392847364	left side of organism	has_soma_location			BANC888	doi:10.1038/s41586-026-10735-w	BANC_v888 260702
VFB_00106eqh	BANC_888:720575941392849924	left side of organism	has_soma_location			BANC888	doi:10.1038/s41586-026-10735-w	BANC_v888 260702
VFB_00107aoa	BANC_888:720575941392851460	right side of organism	has_soma_location			BANC888	doi:10.1038/s41586-026-10735-w	BANC_v888 260702
VFB_00106eqi	BANC_888:720575941392852228	right side of organism	has_soma_location			BANC888	doi:10.1038/s41586-026-10735-w	BANC_v888 260702
VFB_00106eqj	BANC_888:720575941392855446	right side of organism	has_soma_location			BANC888	doi:10.1038/s41586-026-10735-w	BANC_v888 260702
VFB_00107aob	BANC_888:720575941392856580	right side of organism	has_soma_location			BANC888	doi:10.1038/s41586-026-10735-w	BANC_v888 260702
VFB_00106eqk	BANC_888:720575941392861444	left side of organism	has_soma_location			BANC888	doi:10.1038/s41586-026-10735-w	BANC_v888 260702
VFB_00107aoc	BANC_888:720575941392861700	right side of organism	has_soma_location			BANC888	doi:10.1038/s41586-026-10735-w	BANC_v888 260702
VFB_00106eqm	BANC_888:720575941392873476	left side of organism	has_soma_location			BANC888	doi:10.1038/s41586-026-10735-w	BANC_v888 260702
VFB_00106eqn	BANC_888:720575941392874902	left side of organism	has_soma_location			BANC888	doi:10.1038/s41586-026-10735-w	BANC_v888 260702
VFB_00107aod	BANC_888:720575941392876036	right side of organism	has_soma_location			BANC888	doi:10.1038/s41586-026-10735-w	BANC_v888 260702
VFB_00106eqo	BANC_888:720575941392876548	right side of organism	has_soma_location			BANC888	doi:10.1038/s41586-026-10735-w	BANC_v888 260702
VFB_00106eqp	BANC_888:720575941392877718	right side of organism	has_soma_location			BANC888	doi:10.1038/s41586-026-10735-w	BANC_v888 260702
VFB_00106eqq	BANC_888:720575941392883350	right side of organism	has_soma_location			BANC888	doi:10.1038/s41586-026-10735-w	BANC_v888 260702
VFB_00106eqr	BANC_888:720575941392885252	left side of organism	has_soma_location			BANC888	doi:10.1038/s41586-026-10735-w	BANC_v888 260702
VFB_00107aoe	BANC_888:720575941392890628	left side of organism	has_soma_location			BANC888	doi:10.1038/s41586-026-10735-w	BANC_v888 260702
VFB_00107aof	BANC_888:720575941392892310	right side of organism	has_soma_location			BANC888	doi:10.1038/s41586-026-10735-w	BANC_v888 260702
VFB_00106eqs	BANC_888:720575941392897796	left side of organism	has_soma_location			BANC888	doi:10.1038/s41586-026-10735-w	BANC_v888 260702
VFB_00107aog	BANC_888:720575941392901014	right side of organism	has_soma_location			BANC888	doi:10.1038/s41586-026-10735-w	BANC_v888 260702
VFB_00106equ	BANC_888:720575941392902660	left side of organism	has_soma_location			BANC888	doi:10.1038/s41586-026-10735-w	BANC_v888 260702
VFB_00106eqv	BANC_888:720575941392902806	right side of organism	has_soma_location			BANC888	doi:10.1038/s41586-026-10735-w	BANC_v888 260702
VFB_00106eqw	BANC_888:720575941392903684	right side of organism	has_soma_location			BANC888	doi:10.1038/s41586-026-10735-w	BANC_v888 260702
VFB_00106eqx	BANC_888:720575941392903940	left side of organism	has_soma_location			BANC888	doi:10.1038/s41586-026-10735-w	BANC_v888 260702
VFB_00106eqz	BANC_888:720575941392907268	left side of organism	has_soma_location			BANC888	doi:10.1038/s41586-026-10735-w	BANC_v888 260702
VFB_00107aoh	BANC_888:720575941392916996	right side of organism	has_soma_location			BANC888	doi:10.1038/s41586-026-10735-w	BANC_v888 260702
VFB_00106er0	BANC_888:720575941392918788	right side of organism	has_soma_location			BANC888	doi:10.1038/s41586-026-10735-w	BANC_v888 260702
VFB_00106er1	BANC_888:720575941392919044	right side of organism	has_soma_location			BANC888	doi:10.1038/s41586-026-10735-w	BANC_v888 260702
VFB_00106er2	BANC_888:720575941392919300	right side of organism	has_soma_location			BANC888	doi:10.1038/s41586-026-10735-w	BANC_v888 260702
VFB_00107aoi	BANC_888:720575941392919556	left side of organism	has_soma_location			BANC888	doi:10.1038/s41586-026-10735-w	BANC_v888 260702
VFB_00106er3	BANC_888:720575941392923798	left side of organism	has_soma_location			BANC888	doi:10.1038/s41586-026-10735-w	BANC_v888 260702
VFB_00106er4	BANC_888:720575941392924676	left side of organism	has_soma_location			BANC888	doi:10.1038/s41586-026-10735-w	BANC_v888 260702
VFB_00106er7	BANC_888:720575941392949654	right side of organism	has_soma_location			BANC888	doi:10.1038/s41586-026-10735-w	BANC_v888 260702
VFB_00107aoj	BANC_888:720575941392950532	right side of organism	has_soma_location			BANC888	doi:10.1038/s41586-026-10735-w	BANC_v888 260702
VFB_00106er9	BANC_888:720575941392954884	right side of organism	has_soma_location			BANC888	doi:10.1038/s41586-026-10735-w	BANC_v888 260702
VFB_00107aok	BANC_888:720575941392961284	left side of organism	has_soma_location			BANC888	doi:10.1038/s41586-026-10735-w	BANC_v888 260702
VFB_00106erb	BANC_888:720575941392965636	left side of organism	has_soma_location			BANC888	doi:10.1038/s41586-026-10735-w	BANC_v888 260702
VFB_00107aol	BANC_888:720575941392967318	right side of organism	has_soma_location			BANC888	doi:10.1038/s41586-026-10735-w	BANC_v888 260702
VFB_00107aom	BANC_888:720575941392970244	left side of organism	has_soma_location			BANC888	doi:10.1038/s41586-026-10735-w	BANC_v888 260702
VFB_00107aon	BANC_888:720575941392970902	right side of organism	has_soma_location			BANC888	doi:10.1038/s41586-026-10735-w	BANC_v888 260702
VFB_00107aoo	BANC_888:720575941392971670	right side of organism	has_soma_location			BANC888	doi:10.1038/s41586-026-10735-w	BANC_v888 260702
VFB_00106erc	BANC_888:720575941392971926	right side of organism	has_soma_location			BANC888	doi:10.1038/s41586-026-10735-w	BANC_v888 260702
VFB_00107aop	BANC_888:720575941392975620	left side of organism	has_soma_location			BANC888	doi:10.1038/s41586-026-10735-w	BANC_v888 260702
VFB_00107aoq	BANC_888:720575941392982788	left side of organism	has_soma_location			BANC888	doi:10.1038/s41586-026-10735-w	BANC_v888 260702
VFB_00107aor	BANC_888:720575941392986006	right side of organism	has_soma_location			BANC888	doi:10.1038/s41586-026-10735-w	BANC_v888 260702
VFB_00106erd	BANC_888:720575941392986884	left side of organism	has_soma_location			BANC888	doi:10.1038/s41586-026-10735-w	BANC_v888 260702
VFB_00107aos	BANC_888:720575941392989444	left side of organism	has_soma_location			BANC888	doi:10.1038/s41586-026-10735-w	BANC_v888 260702
VFB_00107aot	BANC_888:720575941393011716	left side of organism	has_soma_location			BANC888	doi:10.1038/s41586-026-10735-w	BANC_v888 260702
VFB_00106erf	BANC_888:720575941393017750	right side of organism	has_soma_location			BANC888	doi:10.1038/s41586-026-10735-w	BANC_v888 260702
VFB_00107aou	BANC_888:720575941393022724	left side of organism	has_soma_location			BANC888	doi:10.1038/s41586-026-10735-w	BANC_v888 260702
VFB_00107aov	BANC_888:720575941393034244	left side of organism	has_soma_location			BANC888	doi:10.1038/s41586-026-10735-w	BANC_v888 260702
VFB_00106erh	BANC_888:720575941393038998	right side of organism	has_soma_location			BANC888	doi:10.1038/s41586-026-10735-w	BANC_v888 260702
VFB_00106eri	BANC_888:720575941393042436	left side of organism	has_soma_location			BANC888	doi:10.1038/s41586-026-10735-w	BANC_v888 260702
VFB_00107aow	BANC_888:720575941393045508	left side of organism	has_soma_location			BANC888	doi:10.1038/s41586-026-10735-w	BANC_v888 260702
VFB_00107aox	BANC_888:720575941393050116	left side of organism	has_soma_location			BANC888	doi:10.1038/s41586-026-10735-w	BANC_v888 260702
VFB_00107aoy	BANC_888:720575941393051396	left side of organism	has_soma_location			BANC888	doi:10.1038/s41586-026-10735-w	BANC_v888 260702
VFB_00107aoz	BANC_888:720575941393057686	right side of organism	has_soma_location			BANC888	doi:10.1038/s41586-026-10735-w	BANC_v888 260702
VFB_00107ap0	BANC_888:720575941393061014	right side of organism	has_soma_location			BANC888	doi:10.1038/s41586-026-10735-w	BANC_v888 260702
VFB_00107ap1	BANC_888:720575941393062404	left side of organism	has_soma_location			BANC888	doi:10.1038/s41586-026-10735-w	BANC_v888 260702
VFB_00107ap2	BANC_888:720575941393062806	right side of organism	has_soma_location			BANC888	doi:10.1038/s41586-026-10735-w	BANC_v888 260702
VFB_00106erl	BANC_888:720575941393068950	left side of organism	has_soma_location			BANC888	doi:10.1038/s41586-026-10735-w	BANC_v888 260702
VFB_00106erm	BANC_888:720575941393069718	left side of organism	has_soma_location			BANC888	doi:10.1038/s41586-026-10735-w	BANC_v888 260702
VFB_00107ap3	BANC_888:720575941393070486	right side of organism	has_soma_location			BANC888	doi:10.1038/s41586-026-10735-w	BANC_v888 260702
VFB_00106ern	BANC_888:720575941393072790	left side of organism	has_soma_location			BANC888	doi:10.1038/s41586-026-10735-w	BANC_v888 260702
VFB_00107ap4	BANC_888:720575941393081604	left side of organism	has_soma_location			BANC888	doi:10.1038/s41586-026-10735-w	BANC_v888 260702
VFB_00107ap5	BANC_888:720575941393084932	left side of organism	has_soma_location			BANC888	doi:10.1038/s41586-026-10735-w	BANC_v888 260702
VFB_00106ero	BANC_888:720575941393088662	right side of organism	has_soma_location			BANC888	doi:10.1038/s41586-026-10735-w	BANC_v888 260702
VFB_00107ap6	BANC_888:720575941393089540	left side of organism	has_soma_location			BANC888	doi:10.1038/s41586-026-10735-w	BANC_v888 260702
VFB_00107ap7	BANC_888:720575941393098134	right side of organism	has_soma_location			BANC888	doi:10.1038/s41586-026-10735-w	BANC_v888 260702
VFB_00106erp	BANC_888:720575941393102486	left side of organism	has_soma_location			BANC888	doi:10.1038/s41586-026-10735-w	BANC_v888 260702
VFB_00106erq	BANC_888:720575941393102998	right side of organism	has_soma_location			BANC888	doi:10.1038/s41586-026-10735-w	BANC_v888 260702
VFB_00106err	BANC_888:720575941393105302	right side of organism	has_soma_location			BANC888	doi:10.1038/s41586-026-10735-w	BANC_v888 260702
VFB_00107ap8	BANC_888:720575941393112836	left side of organism	has_soma_location			BANC888	doi:10.1038/s41586-026-10735-w	BANC_v888 260702
VFB_00107ap9	BANC_888:720575941393113860	left side of organism	has_soma_location			BANC888	doi:10.1038/s41586-026-10735-w	BANC_v888 260702
VFB_00107apa	BANC_888:720575941393117956	left side of organism	has_soma_location			BANC888	doi:10.1038/s41586-026-10735-w	BANC_v888 260702
VFB_00107apb	BANC_888:720575941393123478	left side of organism	has_soma_location			BANC888	doi:10.1038/s41586-026-10735-w	BANC_v888 260702
VFB_00107apc	BANC_888:720575941393131670	left side of organism	has_soma_location			BANC888	doi:10.1038/s41586-026-10735-w	BANC_v888 260702
VFB_00107apd	BANC_888:720575941393134340	left side of organism	has_soma_location			BANC888	doi:10.1038/s41586-026-10735-w	BANC_v888 260702
VFB_00106ert	BANC_888:720575941393147140	right side of organism	has_soma_location			BANC888	doi:10.1038/s41586-026-10735-w	BANC_v888 260702
VFB_00106eru	BANC_888:720575941393150102	right side of organism	has_soma_location			BANC888	doi:10.1038/s41586-026-10735-w	BANC_v888 260702
VFB_00107ape	BANC_888:720575941393153540	left side of organism	has_soma_location			BANC888	doi:10.1038/s41586-026-10735-w	BANC_v888 260702
VFB_00107apf	BANC_888:720575941393156502	right side of organism	has_soma_location			BANC888	doi:10.1038/s41586-026-10735-w	BANC_v888 260702
VFB_00107apg	BANC_888:720575941393170436	left side of organism	has_soma_location			BANC888	doi:10.1038/s41586-026-10735-w	BANC_v888 260702
VFB_00106erw	BANC_888:720575941393173910	right side of organism	has_soma_location			BANC888	doi:10.1038/s41586-026-10735-w	BANC_v888 260702
VFB_00106erx	BANC_888:720575941393175190	left side of organism	has_soma_location			BANC888	doi:10.1038/s41586-026-10735-w	BANC_v888 260702
VFB_00106ery	BANC_888:720575941393181334	right side of organism	has_soma_location			BANC888	doi:10.1038/s41586-026-10735-w	BANC_v888 260702
VFB_00107aph	BANC_888:720575941393181846	left side of organism	has_soma_location			BANC888	doi:10.1038/s41586-026-10735-w	BANC_v888 260702
VFB_00106erz	BANC_888:720575941393183382	left side of organism	has_soma_location			BANC888	doi:10.1038/s41586-026-10735-w	BANC_v888 260702
VFB_00107api	BANC_888:720575941393185284	left side of organism	has_soma_location			BANC888	doi:10.1038/s41586-026-10735-w	BANC_v888 260702
VFB_00106es0	BANC_888:720575941393191574	left side of organism	has_soma_location			BANC888	doi:10.1038/s41586-026-10735-w	BANC_v888 260702
VFB_00106es1	BANC_888:720575941393193366	left side of organism	has_soma_location			BANC888	doi:10.1038/s41586-026-10735-w	BANC_v888 260702
VFB_00106es3	BANC_888:720575941393196950	right side of organism	has_soma_location			BANC888	doi:10.1038/s41586-026-10735-w	BANC_v888 260702
VFB_00106es4	BANC_888:720575941393197206	left side of organism	has_soma_location			BANC888	doi:10.1038/s41586-026-10735-w	BANC_v888 260702
VFB_00106es5	BANC_888:720575941393199364	right side of organism	has_soma_location			BANC888	doi:10.1038/s41586-026-10735-w	BANC_v888 260702
VFB_00106es7	BANC_888:720575941393202326	left side of organism	has_soma_location			BANC888	doi:10.1038/s41586-026-10735-w	BANC_v888 260702
VFB_00107apj	BANC_888:720575941393210006	right side of organism	has_soma_location			BANC888	doi:10.1038/s41586-026-10735-w	BANC_v888 260702
VFB_00107apk	BANC_888:720575941393211798	right side of organism	has_soma_location			BANC888	doi:10.1038/s41586-026-10735-w	BANC_v888 260702
VFB_00106es9	BANC_888:720575941393212054	left side of organism	has_soma_location			BANC888	doi:10.1038/s41586-026-10735-w	BANC_v888 260702
VFB_00106esa	BANC_888:720575941393212310	left side of organism	has_soma_location			BANC888	doi:10.1038/s41586-026-10735-w	BANC_v888 260702
VFB_00106esb	BANC_888:720575941393214724	left side of organism	has_soma_location			BANC888	doi:10.1038/s41586-026-10735-w	BANC_v888 260702
VFB_00107apl	BANC_888:720575941393217174	left side of organism	has_soma_location			BANC888	doi:10.1038/s41586-026-10735-w	BANC_v888 260702
VFB_00106esc	BANC_888:720575941393227414	right side of organism	has_soma_location			BANC888	doi:10.1038/s41586-026-10735-w	BANC_v888 260702
VFB_00106esd	BANC_888:720575941393231510	right side of organism	has_soma_location			BANC888	doi:10.1038/s41586-026-10735-w	BANC_v888 260702
VFB_00107apm	BANC_888:720575941393235972	left side of organism	has_soma_location			BANC888	doi:10.1038/s41586-026-10735-w	BANC_v888 260702
VFB_00107apn	BANC_888:720575941393240324	left side of organism	has_soma_location			BANC888	doi:10.1038/s41586-026-10735-w	BANC_v888 260702
VFB_00107apo	BANC_888:720575941393241604	left side of organism	has_soma_location			BANC888	doi:10.1038/s41586-026-10735-w	BANC_v888 260702
VFB_00106esf	BANC_888:720575941393242628	right side of organism	has_soma_location			BANC888	doi:10.1038/s41586-026-10735-w	BANC_v888 260702
VFB_00106esg	BANC_888:720575941393245956	right side of organism	has_soma_location			BANC888	doi:10.1038/s41586-026-10735-w	BANC_v888 260702
VFB_00106esh	BANC_888:720575941393256086	right side of organism	has_soma_location			BANC888	doi:10.1038/s41586-026-10735-w	BANC_v888 260702
VFB_00107app	BANC_888:720575941393260548	left side of organism	has_soma_location			BANC888	doi:10.1038/s41586-026-10735-w	BANC_v888 260702
VFB_00107apq	BANC_888:720575941393268996	left side of organism	has_soma_location			BANC888	doi:10.1038/s41586-026-10735-w	BANC_v888 260702
VFB_00107apr	BANC_888:720575941393274262	left side of organism	has_soma_location			BANC888	doi:10.1038/s41586-026-10735-w	BANC_v888 260702
VFB_00106esj	BANC_888:720575941393278212	left side of organism	has_soma_location			BANC888	doi:10.1038/s41586-026-10735-w	BANC_v888 260702
VFB_00107aps	BANC_888:720575941393282454	right side of organism	has_soma_location			BANC888	doi:10.1038/s41586-026-10735-w	BANC_v888 260702
VFB_00107apt	BANC_888:720575941393284502	right side of organism	has_soma_location			BANC888	doi:10.1038/s41586-026-10735-w	BANC_v888 260702
VFB_00107apu	BANC_888:720575941393284868	left side of organism	has_soma_location			BANC888	doi:10.1038/s41586-026-10735-w	BANC_v888 260702
VFB_00107apv	BANC_888:720575941393295108	left side of organism	has_soma_location			BANC888	doi:10.1038/s41586-026-10735-w	BANC_v888 260702
VFB_00107apw	BANC_888:720575941393299716	left side of organism	has_soma_location			BANC888	doi:10.1038/s41586-026-10735-w	BANC_v888 260702
VFB_00107apx	BANC_888:720575941393300228	left side of organism	has_soma_location			BANC888	doi:10.1038/s41586-026-10735-w	BANC_v888 260702
VFB_00107apy	BANC_888:720575941393300740	left side of organism	has_soma_location			BANC888	doi:10.1038/s41586-026-10735-w	BANC_v888 260702
VFB_00107apz	BANC_888:720575941393301508	left side of organism	has_soma_location			BANC888	doi:10.1038/s41586-026-10735-w	BANC_v888 260702
VFB_00107aq0	BANC_888:720575941393309846	right side of organism	has_soma_location			BANC888	doi:10.1038/s41586-026-10735-w	BANC_v888 260702
VFB_00107aq1	BANC_888:720575941393312662	left side of organism	has_soma_location			BANC888	doi:10.1038/s41586-026-10735-w	BANC_v888 260702
VFB_00107aq2	BANC_888:720575941393314052	left side of organism	has_soma_location			BANC888	doi:10.1038/s41586-026-10735-w	BANC_v888 260702
VFB_00107aq3	BANC_888:720575941393314820	left side of organism	has_soma_location			BANC888	doi:10.1038/s41586-026-10735-w	BANC_v888 260702
VFB_00107aq4	BANC_888:720575941393315588	left side of organism	has_soma_location			BANC888	doi:10.1038/s41586-026-10735-w	BANC_v888 260702
VFB_00106esl	BANC_888:720575941393316758	right side of organism	has_soma_location			BANC888	doi:10.1038/s41586-026-10735-w	BANC_v888 260702
VFB_00107aq5	BANC_888:720575941393322756	left side of organism	has_soma_location			BANC888	doi:10.1038/s41586-026-10735-w	BANC_v888 260702
VFB_00106esm	BANC_888:720575941393325462	right side of organism	has_soma_location			BANC888	doi:10.1038/s41586-026-10735-w	BANC_v888 260702
VFB_00107aq6	BANC_888:720575941393325828	left side of organism	has_soma_location			BANC888	doi:10.1038/s41586-026-10735-w	BANC_v888 260702
VFB_00106esn	BANC_888:720575941393333654	left side of organism	has_soma_location			BANC888	doi:10.1038/s41586-026-10735-w	BANC_v888 260702
VFB_00107aq7	BANC_888:720575941393334788	left side of organism	has_soma_location			BANC888	doi:10.1038/s41586-026-10735-w	BANC_v888 260702
VFB_00106eso	BANC_888:720575941393335190	right side of organism	has_soma_location			BANC888	doi:10.1038/s41586-026-10735-w	BANC_v888 260702
VFB_00107aq8	BANC_888:720575941393344004	left side of organism	has_soma_location			BANC888	doi:10.1038/s41586-026-10735-w	BANC_v888 260702
VFB_00106esq	BANC_888:720575941393354390	left side of organism	has_soma_location			BANC888	doi:10.1038/s41586-026-10735-w	BANC_v888 260702
VFB_00106esr	BANC_888:720575941393354646	right side of organism	has_soma_location			BANC888	doi:10.1038/s41586-026-10735-w	BANC_v888 260702
VFB_00106ess	BANC_888:720575941393356694	left side of organism	has_soma_location			BANC888	doi:10.1038/s41586-026-10735-w	BANC_v888 260702
VFB_00106est	BANC_888:720575941393358742	right side of organism	has_soma_location			BANC888	doi:10.1038/s41586-026-10735-w	BANC_v888 260702
VFB_00106esu	BANC_888:720575941393364996	right side of organism	has_soma_location			BANC888	doi:10.1038/s41586-026-10735-w	BANC_v888 260702
VFB_00107aq9	BANC_888:720575941393379844	right side of organism	has_soma_location			BANC888	doi:10.1038/s41586-026-10735-w	BANC_v888 260702
VFB_00107aqa	BANC_888:720575941393392644	right side of organism	has_soma_location			BANC888	doi:10.1038/s41586-026-10735-w	BANC_v888 260702
VFB_00107aqb	BANC_888:720575941393407638	left side of organism	has_soma_location			BANC888	doi:10.1038/s41586-026-10735-w	BANC_v888 260702
VFB_00107aqc	BANC_888:720575941393410454	right side of organism	has_soma_location			BANC888	doi:10.1038/s41586-026-10735-w	BANC_v888 260702
VFB_00107aqd	BANC_888:720575941393412758	left side of organism	has_soma_location			BANC888	doi:10.1038/s41586-026-10735-w	BANC_v888 260702
VFB_00106esy	BANC_888:720575941393413014	left side of organism	has_soma_location			BANC888	doi:10.1038/s41586-026-10735-w	BANC_v888 260702
VFB_00106esz	BANC_888:720575941393414550	right side of organism	has_soma_location			BANC888	doi:10.1038/s41586-026-10735-w	BANC_v888 260702
VFB_00107aqe	BANC_888:720575941393434884	right side of organism	has_soma_location			BANC888	doi:10.1038/s41586-026-10735-w	BANC_v888 260702
VFB_00107aqf	BANC_888:720575941393437188	right side of organism	has_soma_location			BANC888	doi:10.1038/s41586-026-10735-w	BANC_v888 260702
VFB_00107aqg	BANC_888:720575941393443332	right side of organism	has_soma_location			BANC888	doi:10.1038/s41586-026-10735-w	BANC_v888 260702
VFB_00107aqh	BANC_888:720575941393443588	right side of organism	has_soma_location			BANC888	doi:10.1038/s41586-026-10735-w	BANC_v888 260702
VFB_00106et0	BANC_888:720575941393448854	left side of organism	has_soma_location			BANC888	doi:10.1038/s41586-026-10735-w	BANC_v888 260702
VFB_00107aqi	BANC_888:720575941393467542	left side of organism	has_soma_location			BANC888	doi:10.1038/s41586-026-10735-w	BANC_v888 260702
VFB_00107aqj	BANC_888:720575941393471382	left side of organism	has_soma_location			BANC888	doi:10.1038/s41586-026-10735-w	BANC_v888 260702
VFB_00106et1	BANC_888:720575941393480342	right side of organism	has_soma_location			BANC888	doi:10.1038/s41586-026-10735-w	BANC_v888 260702
VFB_00106et2	BANC_888:720575941393486230	right side of organism	has_soma_location			BANC888	doi:10.1038/s41586-026-10735-w	BANC_v888 260702
VFB_00106et3	BANC_888:720575941393488790	left side of organism	has_soma_location			BANC888	doi:10.1038/s41586-026-10735-w	BANC_v888 260702
VFB_00106et4	BANC_888:720575941393489302	left side of organism	has_soma_location			BANC888	doi:10.1038/s41586-026-10735-w	BANC_v888 260702
VFB_00106et5	BANC_888:720575941393489814	left side of organism	has_soma_location			BANC888	doi:10.1038/s41586-026-10735-w	BANC_v888 260702
VFB_00106et6	BANC_888:720575941393490326	left side of organism	has_soma_location			BANC888	doi:10.1038/s41586-026-10735-w	BANC_v888 260702
VFB_00106et7	BANC_888:720575941393490838	right side of organism	has_soma_location			BANC888	doi:10.1038/s41586-026-10735-w	BANC_v888 260702
VFB_00106et8	BANC_888:720575941393492374	right side of organism	has_soma_location			BANC888	doi:10.1038/s41586-026-10735-w	BANC_v888 260702
VFB_00107aqk	BANC_888:720575941393493508	left side of organism	has_soma_location			BANC888	doi:10.1038/s41586-026-10735-w	BANC_v888 260702
VFB_00106eta	BANC_888:720575941393495446	right side of organism	has_soma_location			BANC888	doi:10.1038/s41586-026-10735-w	BANC_v888 260702
VFB_00107aql	BANC_888:720575941393496324	right side of organism	has_soma_location			BANC888	doi:10.1038/s41586-026-10735-w	BANC_v888 260702
VFB_00106etb	BANC_888:720575941393503382	left side of organism	has_soma_location			BANC888	doi:10.1038/s41586-026-10735-w	BANC_v888 260702
VFB_00106etd	BANC_888:720575941393506710	right side of organism	has_soma_location			BANC888	doi:10.1038/s41586-026-10735-w	BANC_v888 260702
VFB_00107aqm	BANC_888:720575941393526276	right side of organism	has_soma_location			BANC888	doi:10.1038/s41586-026-10735-w	BANC_v888 260702
VFB_00107aqn	BANC_888:720575941393528836	right side of organism	has_soma_location			BANC888	doi:10.1038/s41586-026-10735-w	BANC_v888 260702
VFB_00106ete	BANC_888:720575941393538966	left side of organism	has_soma_location			BANC888	doi:10.1038/s41586-026-10735-w	BANC_v888 260702
VFB_00106etf	BANC_888:720575941393541014	right side of organism	has_soma_location			BANC888	doi:10.1038/s41586-026-10735-w	BANC_v888 260702
VFB_00107aqo	BANC_888:720575941393543684	right side of organism	has_soma_location			BANC888	doi:10.1038/s41586-026-10735-w	BANC_v888 260702
VFB_00107aqp	BANC_888:720575941393544196	right side of organism	has_soma_location			BANC888	doi:10.1038/s41586-026-10735-w	BANC_v888 260702
VFB_00107aqq	BANC_888:720575941393544708	right side of organism	has_soma_location			BANC888	doi:10.1038/s41586-026-10735-w	BANC_v888 260702
VFB_00106etg	BANC_888:720575941393548694	right side of organism	has_soma_location			BANC888	doi:10.1038/s41586-026-10735-w	BANC_v888 260702
VFB_00107aqr	BANC_888:720575941393550596	left side of organism	has_soma_location			BANC888	doi:10.1038/s41586-026-10735-w	BANC_v888 260702
VFB_00106eth	BANC_888:720575941393550742	right side of organism	has_soma_location			BANC888	doi:10.1038/s41586-026-10735-w	BANC_v888 260702
VFB_00106eti	BANC_888:720575941393557142	right side of organism	has_soma_location			BANC888	doi:10.1038/s41586-026-10735-w	BANC_v888 260702
VFB_00107aqs	BANC_888:720575941393558532	right side of organism	has_soma_location			BANC888	doi:10.1038/s41586-026-10735-w	BANC_v888 260702
VFB_00106etl	BANC_888:720575941393566870	left side of organism	has_soma_location			BANC888	doi:10.1038/s41586-026-10735-w	BANC_v888 260702
VFB_00107aqt	BANC_888:720575941393573270	left side of organism	has_soma_location			BANC888	doi:10.1038/s41586-026-10735-w	BANC_v888 260702
VFB_00107aqu	BANC_888:720575941393575940	right side of organism	has_soma_location			BANC888	doi:10.1038/s41586-026-10735-w	BANC_v888 260702
VFB_00107aqv	BANC_888:720575941393576196	right side of organism	has_soma_location			BANC888	doi:10.1038/s41586-026-10735-w	BANC_v888 260702
VFB_00106etm	BANC_888:720575941393588374	right side of organism	has_soma_location			BANC888	doi:10.1038/s41586-026-10735-w	BANC_v888 260702
VFB_00106etn	BANC_888:720575941393590934	left side of organism	has_soma_location			BANC888	doi:10.1038/s41586-026-10735-w	BANC_v888 260702
VFB_00107aqw	BANC_888:720575941393603990	right side of organism	has_soma_location			BANC888	doi:10.1038/s41586-026-10735-w	BANC_v888 260702
VFB_00107aqx	BANC_888:720575941393614340	left side of organism	has_soma_location			BANC888	doi:10.1038/s41586-026-10735-w	BANC_v888 260702
VFB_00106eto	BANC_888:720575941393617302	right side of organism	has_soma_location			BANC888	doi:10.1038/s41586-026-10735-w	BANC_v888 260702
VFB_00107aqy	BANC_888:720575941393621654	right side of organism	has_soma_location			BANC888	doi:10.1038/s41586-026-10735-w	BANC_v888 260702
VFB_00107aqz	BANC_888:720575941393621910	right side of organism	has_soma_location			BANC888	doi:10.1038/s41586-026-10735-w	BANC_v888 260702
VFB_00106etp	BANC_888:720575941393623958	left side of organism	has_soma_location			BANC888	doi:10.1038/s41586-026-10735-w	BANC_v888 260702
VFB_00107ar0	BANC_888:720575941393625494	right side of organism	has_soma_location			BANC888	doi:10.1038/s41586-026-10735-w	BANC_v888 260702
VFB_00106etq	BANC_888:720575941393628310	right side of organism	has_soma_location			BANC888	doi:10.1038/s41586-026-10735-w	BANC_v888 260702
VFB_00106etr	BANC_888:720575941393630102	right side of organism	has_soma_location			BANC888	doi:10.1038/s41586-026-10735-w	BANC_v888 260702
VFB_00107ar1	BANC_888:720575941393630614	left side of organism	has_soma_location			BANC888	doi:10.1038/s41586-026-10735-w	BANC_v888 260702
VFB_00107ar2	BANC_888:720575941393632260	left side of organism	has_soma_location			BANC888	doi:10.1038/s41586-026-10735-w	BANC_v888 260702
VFB_00106ets	BANC_888:720575941393633942	right side of organism	has_soma_location			BANC888	doi:10.1038/s41586-026-10735-w	BANC_v888 260702
VFB_00107ar3	BANC_888:720575941393637380	right side of organism	has_soma_location			BANC888	doi:10.1038/s41586-026-10735-w	BANC_v888 260702
VFB_00107ar4	BANC_888:720575941393641732	left side of organism	has_soma_location			BANC888	doi:10.1038/s41586-026-10735-w	BANC_v888 260702
VFB_00107ar5	BANC_888:720575941393641988	right side of organism	has_soma_location			BANC888	doi:10.1038/s41586-026-10735-w	BANC_v888 260702
VFB_00107ar6	BANC_888:720575941393642756	right side of organism	has_soma_location			BANC888	doi:10.1038/s41586-026-10735-w	BANC_v888 260702
VFB_00107ar7	BANC_888:720575941393644292	left side of organism	has_soma_location			BANC888	doi:10.1038/s41586-026-10735-w	BANC_v888 260702
VFB_00106ett	BANC_888:720575941393645462	right side of organism	has_soma_location			BANC888	doi:10.1038/s41586-026-10735-w	BANC_v888 260702
VFB_00107ar8	BANC_888:720575941393647108	left side of organism	has_soma_location			BANC888	doi:10.1038/s41586-026-10735-w	BANC_v888 260702
VFB_00107ar9	BANC_888:720575941393648388	right side of organism	has_soma_location			BANC888	doi:10.1038/s41586-026-10735-w	BANC_v888 260702
VFB_00107ara	BANC_888:720575941393649046	right side of organism	has_soma_location			BANC888	doi:10.1038/s41586-026-10735-w	BANC_v888 260702
VFB_00107arb	BANC_888:720575941393650180	left side of organism	has_soma_location			BANC888	doi:10.1038/s41586-026-10735-w	BANC_v888 260702
VFB_00107arc	BANC_888:720575941393650692	left side of organism	has_soma_location			BANC888	doi:10.1038/s41586-026-10735-w	BANC_v888 260702
VFB_00107are	BANC_888:720575941393652996	left side of organism	has_soma_location			BANC888	doi:10.1038/s41586-026-10735-w	BANC_v888 260702
VFB_00106etv	BANC_888:720575941393653142	right side of organism	has_soma_location			BANC888	doi:10.1038/s41586-026-10735-w	BANC_v888 260702
VFB_00106etx	BANC_888:720575941393657238	right side of organism	has_soma_location			BANC888	doi:10.1038/s41586-026-10735-w	BANC_v888 260702
VFB_00107arf	BANC_888:720575941393657348	left side of organism	has_soma_location			BANC888	doi:10.1038/s41586-026-10735-w	BANC_v888 260702
VFB_00106ety	BANC_888:720575941393659798	right side of organism	has_soma_location			BANC888	doi:10.1038/s41586-026-10735-w	BANC_v888 260702
VFB_00107arg	BANC_888:720575941393661334	left side of organism	has_soma_location			BANC888	doi:10.1038/s41586-026-10735-w	BANC_v888 260702
VFB_00107arh	BANC_888:720575941393664772	left side of organism	has_soma_location			BANC888	doi:10.1038/s41586-026-10735-w	BANC_v888 260702
VFB_00107ari	BANC_888:720575941393669782	right side of organism	has_soma_location			BANC888	doi:10.1038/s41586-026-10735-w	BANC_v888 260702
VFB_00106etz	BANC_888:720575941393674134	left side of organism	has_soma_location			BANC888	doi:10.1038/s41586-026-10735-w	BANC_v888 260702
VFB_00107arj	BANC_888:720575941393674500	right side of organism	has_soma_location			BANC888	doi:10.1038/s41586-026-10735-w	BANC_v888 260702
VFB_00106eu0	BANC_888:720575941393675926	right side of organism	has_soma_location			BANC888	doi:10.1038/s41586-026-10735-w	BANC_v888 260702
VFB_00107ark	BANC_888:720575941393676292	left side of organism	has_soma_location			BANC888	doi:10.1038/s41586-026-10735-w	BANC_v888 260702
VFB_00107arl	BANC_888:720575941393677828	right side of organism	has_soma_location			BANC888	doi:10.1038/s41586-026-10735-w	BANC_v888 260702
VFB_00106eu1	BANC_888:720575941393683350	right side of organism	has_soma_location			BANC888	doi:10.1038/s41586-026-10735-w	BANC_v888 260702
VFB_00107arm	BANC_888:720575941393684740	right side of organism	has_soma_location			BANC888	doi:10.1038/s41586-026-10735-w	BANC_v888 260702
VFB_00107arn	BANC_888:720575941393686276	right side of organism	has_soma_location			BANC888	doi:10.1038/s41586-026-10735-w	BANC_v888 260702
VFB_00106eu3	BANC_888:720575941393686934	right side of organism	has_soma_location			BANC888	doi:10.1038/s41586-026-10735-w	BANC_v888 260702
VFB_00106eu4	BANC_888:720575941393689750	right side of organism	has_soma_location			BANC888	doi:10.1038/s41586-026-10735-w	BANC_v888 260702
VFB_00107aro	BANC_888:720575941393691140	left side of organism	has_soma_location			BANC888	doi:10.1038/s41586-026-10735-w	BANC_v888 260702
VFB_00107arp	BANC_888:720575941393691396	left side of organism	has_soma_location			BANC888	doi:10.1038/s41586-026-10735-w	BANC_v888 260702
VFB_00107arq	BANC_888:720575941393691908	right side of organism	has_soma_location			BANC888	doi:10.1038/s41586-026-10735-w	BANC_v888 260702
VFB_00107arr	BANC_888:720575941393692054	left side of organism	has_soma_location			BANC888	doi:10.1038/s41586-026-10735-w	BANC_v888 260702
VFB_00107ars	BANC_888:720575941393692164	right side of organism	has_soma_location			BANC888	doi:10.1038/s41586-026-10735-w	BANC_v888 260702
VFB_00107art	BANC_888:720575941393692420	right side of organism	has_soma_location			BANC888	doi:10.1038/s41586-026-10735-w	BANC_v888 260702
VFB_00106eu5	BANC_888:720575941393693334	right side of organism	has_soma_location			BANC888	doi:10.1038/s41586-026-10735-w	BANC_v888 260702
VFB_00107aru	BANC_888:720575941393694724	left side of organism	has_soma_location			BANC888	doi:10.1038/s41586-026-10735-w	BANC_v888 260702
VFB_00106eu6	BANC_888:720575941393695126	right side of organism	has_soma_location			BANC888	doi:10.1038/s41586-026-10735-w	BANC_v888 260702
VFB_00107arv	BANC_888:720575941393699478	left side of organism	has_soma_location			BANC888	doi:10.1038/s41586-026-10735-w	BANC_v888 260702
VFB_00106eu7	BANC_888:720575941393700502	left side of organism	has_soma_location			BANC888	doi:10.1038/s41586-026-10735-w	BANC_v888 260702
VFB_00107arw	BANC_888:720575941393704964	left side of organism	has_soma_location			BANC888	doi:10.1038/s41586-026-10735-w	BANC_v888 260702
VFB_00107arx	BANC_888:720575941393708804	left side of organism	has_soma_location			BANC888	doi:10.1038/s41586-026-10735-w	BANC_v888 260702
VFB_00107ary	BANC_888:720575941393712022	left side of organism	has_soma_location			BANC888	doi:10.1038/s41586-026-10735-w	BANC_v888 260702
VFB_00107arz	BANC_888:720575941393713302	right side of organism	has_soma_location			BANC888	doi:10.1038/s41586-026-10735-w	BANC_v888 260702
VFB_00107as0	BANC_888:720575941393713814	right side of organism	has_soma_location			BANC888	doi:10.1038/s41586-026-10735-w	BANC_v888 260702
VFB_00106eu8	BANC_888:720575941393715606	right side of organism	has_soma_location			BANC888	doi:10.1038/s41586-026-10735-w	BANC_v888 260702
VFB_00107as1	BANC_888:720575941393716630	right side of organism	has_soma_location			BANC888	doi:10.1038/s41586-026-10735-w	BANC_v888 260702
VFB_00106eu9	BANC_888:720575941393718166	left side of organism	has_soma_location			BANC888	doi:10.1038/s41586-026-10735-w	BANC_v888 260702
VFB_00107as2	BANC_888:720575941393721238	right side of organism	has_soma_location			BANC888	doi:10.1038/s41586-026-10735-w	BANC_v888 260702
VFB_00106eua	BANC_888:720575941393722006	right side of organism	has_soma_location			BANC888	doi:10.1038/s41586-026-10735-w	BANC_v888 260702
VFB_00106eud	BANC_888:720575941393731478	right side of organism	has_soma_location			BANC888	doi:10.1038/s41586-026-10735-w	BANC_v888 260702
VFB_00106eue	BANC_888:720575941393732502	left side of organism	has_soma_location			BANC888	doi:10.1038/s41586-026-10735-w	BANC_v888 260702
VFB_00107as3	BANC_888:720575941393732868	right side of organism	has_soma_location			BANC888	doi:10.1038/s41586-026-10735-w	BANC_v888 260702
VFB_00107as4	BANC_888:720575941393734916	left side of organism	has_soma_location			BANC888	doi:10.1038/s41586-026-10735-w	BANC_v888 260702
VFB_00107as6	BANC_888:720575941393735062	left side of organism	has_soma_location			BANC888	doi:10.1038/s41586-026-10735-w	BANC_v888 260702
VFB_00106eug	BANC_888:720575941393735830	right side of organism	has_soma_location			BANC888	doi:10.1038/s41586-026-10735-w	BANC_v888 260702
VFB_00107as7	BANC_888:720575941393740438	left side of organism	has_soma_location			BANC888	doi:10.1038/s41586-026-10735-w	BANC_v888 260702
VFB_00107as8	BANC_888:720575941393741828	left side of organism	has_soma_location			BANC888	doi:10.1038/s41586-026-10735-w	BANC_v888 260702
VFB_00106euh	BANC_888:720575941393745046	right side of organism	has_soma_location			BANC888	doi:10.1038/s41586-026-10735-w	BANC_v888 260702
VFB_00106eui	BANC_888:720575941393745302	right side of organism	has_soma_location			BANC888	doi:10.1038/s41586-026-10735-w	BANC_v888 260702
VFB_00107as9	BANC_888:720575941393747606	left side of organism	has_soma_location			BANC888	doi:10.1038/s41586-026-10735-w	BANC_v888 260702
VFB_00106euj	BANC_888:720575941393748630	right side of organism	has_soma_location			BANC888	doi:10.1038/s41586-026-10735-w	BANC_v888 260702
VFB_00107asa	BANC_888:720575941393749764	left side of organism	has_soma_location			BANC888	doi:10.1038/s41586-026-10735-w	BANC_v888 260702
VFB_00107asb	BANC_888:720575941393762052	left side of organism	has_soma_location			BANC888	doi:10.1038/s41586-026-10735-w	BANC_v888 260702
VFB_00107asc	BANC_888:720575941393762454	left side of organism	has_soma_location			BANC888	doi:10.1038/s41586-026-10735-w	BANC_v888 260702
VFB_00107asd	BANC_888:720575941393767428	left side of organism	has_soma_location			BANC888	doi:10.1038/s41586-026-10735-w	BANC_v888 260702
VFB_00107ase	BANC_888:720575941393769220	right side of organism	has_soma_location			BANC888	doi:10.1038/s41586-026-10735-w	BANC_v888 260702
VFB_00107asf	BANC_888:720575941393769476	left side of organism	has_soma_location			BANC888	doi:10.1038/s41586-026-10735-w	BANC_v888 260702
VFB_00107asg	BANC_888:720575941393779972	left side of organism	has_soma_location			BANC888	doi:10.1038/s41586-026-10735-w	BANC_v888 260702
VFB_00107ash	BANC_888:720575941393784324	left side of organism	has_soma_location			BANC888	doi:10.1038/s41586-026-10735-w	BANC_v888 260702
VFB_00107asi	BANC_888:720575941393787908	right side of organism	has_soma_location			BANC888	doi:10.1038/s41586-026-10735-w	BANC_v888 260702
VFB_00107asj	BANC_888:720575941393801732	left side of organism	has_soma_location			BANC888	doi:10.1038/s41586-026-10735-w	BANC_v888 260702
VFB_00107ask	BANC_888:720575941393803524	right side of organism	has_soma_location			BANC888	doi:10.1038/s41586-026-10735-w	BANC_v888 260702
VFB_00107asl	BANC_888:720575941393806998	left side of organism	has_soma_location			BANC888	doi:10.1038/s41586-026-10735-w	BANC_v888 260702
VFB_00107asm	BANC_888:720575941393811204	right side of organism	has_soma_location			BANC888	doi:10.1038/s41586-026-10735-w	BANC_v888 260702
VFB_00107asn	BANC_888:720575941393818884	left side of organism	has_soma_location			BANC888	doi:10.1038/s41586-026-10735-w	BANC_v888 260702
VFB_00107aso	BANC_888:720575941393824260	right side of organism	has_soma_location			BANC888	doi:10.1038/s41586-026-10735-w	BANC_v888 260702
VFB_00107asp	BANC_888:720575941393824662	left side of organism	has_soma_location			BANC888	doi:10.1038/s41586-026-10735-w	BANC_v888 260702
VFB_00107asq	BANC_888:720575941393825540	left side of organism	has_soma_location			BANC888	doi:10.1038/s41586-026-10735-w	BANC_v888 260702
VFB_00107asr	BANC_888:720575941393826966	left side of organism	has_soma_location			BANC888	doi:10.1038/s41586-026-10735-w	BANC_v888 260702
VFB_00107ast	BANC_888:720575941393828100	left side of organism	has_soma_location			BANC888	doi:10.1038/s41586-026-10735-w	BANC_v888 260702
VFB_00107asu	BANC_888:720575941393830550	left side of organism	has_soma_location			BANC888	doi:10.1038/s41586-026-10735-w	BANC_v888 260702
VFB_00107asv	BANC_888:720575941393831172	left side of organism	has_soma_location			BANC888	doi:10.1038/s41586-026-10735-w	BANC_v888 260702
VFB_00107asw	BANC_888:720575941393845142	left side of organism	has_soma_location			BANC888	doi:10.1038/s41586-026-10735-w	BANC_v888 260702
VFB_00107asx	BANC_888:720575941393847300	right side of organism	has_soma_location			BANC888	doi:10.1038/s41586-026-10735-w	BANC_v888 260702
VFB_00107asy	BANC_888:720575941393847812	right side of organism	has_soma_location			BANC888	doi:10.1038/s41586-026-10735-w	BANC_v888 260702
VFB_00107asz	BANC_888:720575941393852164	right side of organism	has_soma_location			BANC888	doi:10.1038/s41586-026-10735-w	BANC_v888 260702
VFB_00107at0	BANC_888:720575941393852420	right side of organism	has_soma_location			BANC888	doi:10.1038/s41586-026-10735-w	BANC_v888 260702
VFB_00106eul	BANC_888:720575941393856662	right side of organism	has_soma_location			BANC888	doi:10.1038/s41586-026-10735-w	BANC_v888 260702
VFB_00107at1	BANC_888:720575941393863830	right side of organism	has_soma_location			BANC888	doi:10.1038/s41586-026-10735-w	BANC_v888 260702
VFB_00106eum	BANC_888:720575941393864342	right side of organism	has_soma_location			BANC888	doi:10.1038/s41586-026-10735-w	BANC_v888 260702
VFB_00107at2	BANC_888:720575941393868804	left side of organism	has_soma_location			BANC888	doi:10.1038/s41586-026-10735-w	BANC_v888 260702
VFB_00107at3	BANC_888:720575941393869060	left side of organism	has_soma_location			BANC888	doi:10.1038/s41586-026-10735-w	BANC_v888 260702
VFB_00107at4	BANC_888:720575941393869316	left side of organism	has_soma_location			BANC888	doi:10.1038/s41586-026-10735-w	BANC_v888 260702
VFB_00107at5	BANC_888:720575941393872900	left side of organism	has_soma_location			BANC888	doi:10.1038/s41586-026-10735-w	BANC_v888 260702
VFB_00107at6	BANC_888:720575941393873046	left side of organism	has_soma_location			BANC888	doi:10.1038/s41586-026-10735-w	BANC_v888 260702
VFB_00107at7	BANC_888:720575941393874692	left side of organism	has_soma_location			BANC888	doi:10.1038/s41586-026-10735-w	BANC_v888 260702
VFB_00107at8	BANC_888:720575941393875094	left side of organism	has_soma_location			BANC888	doi:10.1038/s41586-026-10735-w	BANC_v888 260702
VFB_00107at9	BANC_888:720575941393876740	left side of organism	has_soma_location			BANC888	doi:10.1038/s41586-026-10735-w	BANC_v888 260702
VFB_00107ata	BANC_888:720575941393877654	left side of organism	has_soma_location			BANC888	doi:10.1038/s41586-026-10735-w	BANC_v888 260702
VFB_00107atb	BANC_888:720575941393886724	right side of organism	has_soma_location			BANC888	doi:10.1038/s41586-026-10735-w	BANC_v888 260702
VFB_00107atc	BANC_888:720575941393887492	left side of organism	has_soma_location			BANC888	doi:10.1038/s41586-026-10735-w	BANC_v888 260702
VFB_00107atd	BANC_888:720575941393890820	left side of organism	has_soma_location			BANC888	doi:10.1038/s41586-026-10735-w	BANC_v888 260702
VFB_00107ate	BANC_888:720575941393893380	right side of organism	has_soma_location			BANC888	doi:10.1038/s41586-026-10735-w	BANC_v888 260702
VFB_00107atf	BANC_888:720575941393893892	left side of organism	has_soma_location			BANC888	doi:10.1038/s41586-026-10735-w	BANC_v888 260702
VFB_00107atg	BANC_888:720575941393896196	right side of organism	has_soma_location			BANC888	doi:10.1038/s41586-026-10735-w	BANC_v888 260702
VFB_00107ath	BANC_888:720575941393897220	right side of organism	has_soma_location			BANC888	doi:10.1038/s41586-026-10735-w	BANC_v888 260702
VFB_00107ati	BANC_888:720575941393898134	left side of organism	has_soma_location			BANC888	doi:10.1038/s41586-026-10735-w	BANC_v888 260702
VFB_00107atj	BANC_888:720575941393898500	right side of organism	has_soma_location			BANC888	doi:10.1038/s41586-026-10735-w	BANC_v888 260702
VFB_00107atk	BANC_888:720575941393899524	left side of organism	has_soma_location			BANC888	doi:10.1038/s41586-026-10735-w	BANC_v888 260702
VFB_00107atl	BANC_888:720575941393899780	left side of organism	has_soma_location			BANC888	doi:10.1038/s41586-026-10735-w	BANC_v888 260702
VFB_00107atm	BANC_888:720575941393904388	left side of organism	has_soma_location			BANC888	doi:10.1038/s41586-026-10735-w	BANC_v888 260702
VFB_00107atn	BANC_888:720575941393908228	left side of organism	has_soma_location			BANC888	doi:10.1038/s41586-026-10735-w	BANC_v888 260702
VFB_00107ato	BANC_888:720575941393909398	left side of organism	has_soma_location			BANC888	doi:10.1038/s41586-026-10735-w	BANC_v888 260702
VFB_00107atp	BANC_888:720575941393911300	left side of organism	has_soma_location			BANC888	doi:10.1038/s41586-026-10735-w	BANC_v888 260702
VFB_00107atq	BANC_888:720575941393912324	left side of organism	has_soma_location			BANC888	doi:10.1038/s41586-026-10735-w	BANC_v888 260702
VFB_00107atr	BANC_888:720575941393914116	left side of organism	has_soma_location			BANC888	doi:10.1038/s41586-026-10735-w	BANC_v888 260702
VFB_00107ats	BANC_888:720575941393916932	right side of organism	has_soma_location			BANC888	doi:10.1038/s41586-026-10735-w	BANC_v888 260702
VFB_00107att	BANC_888:720575941393923076	right side of organism	has_soma_location			BANC888	doi:10.1038/s41586-026-10735-w	BANC_v888 260702
VFB_00107atu	BANC_888:720575941393925124	right side of organism	has_soma_location			BANC888	doi:10.1038/s41586-026-10735-w	BANC_v888 260702
VFB_00107atv	BANC_888:720575941393928964	left side of organism	has_soma_location			BANC888	doi:10.1038/s41586-026-10735-w	BANC_v888 260702
VFB_00107atw	BANC_888:720575941393929732	left side of organism	has_soma_location			BANC888	doi:10.1038/s41586-026-10735-w	BANC_v888 260702
VFB_00107atx	BANC_888:720575941393930390	left side of organism	has_soma_location			BANC888	doi:10.1038/s41586-026-10735-w	BANC_v888 260702
VFB_00107aty	BANC_888:720575941393931780	left side of organism	has_soma_location			BANC888	doi:10.1038/s41586-026-10735-w	BANC_v888 260702
VFB_00107atz	BANC_888:720575941393937668	left side of organism	has_soma_location			BANC888	doi:10.1038/s41586-026-10735-w	BANC_v888 260702
VFB_00107au0	BANC_888:720575941393940228	left side of organism	has_soma_location			BANC888	doi:10.1038/s41586-026-10735-w	BANC_v888 260702
VFB_00107au1	BANC_888:720575941393941398	left side of organism	has_soma_location			BANC888	doi:10.1038/s41586-026-10735-w	BANC_v888 260702
VFB_00107au2	BANC_888:720575941393942276	left side of organism	has_soma_location			BANC888	doi:10.1038/s41586-026-10735-w	BANC_v888 260702
VFB_00107au3	BANC_888:720575941393944580	left side of organism	has_soma_location			BANC888	doi:10.1038/s41586-026-10735-w	BANC_v888 260702
VFB_00107au4	BANC_888:720575941393946116	left side of organism	has_soma_location			BANC888	doi:10.1038/s41586-026-10735-w	BANC_v888 260702
VFB_00107au5	BANC_888:720575941393948822	left side of organism	has_soma_location			BANC888	doi:10.1038/s41586-026-10735-w	BANC_v888 260702
VFB_00107au6	BANC_888:720575941393950724	left side of organism	has_soma_location			BANC888	doi:10.1038/s41586-026-10735-w	BANC_v888 260702
VFB_00107au7	BANC_888:720575941393953686	left side of organism	has_soma_location			BANC888	doi:10.1038/s41586-026-10735-w	BANC_v888 260702
VFB_00107au8	BANC_888:720575941393956246	left side of organism	has_soma_location			BANC888	doi:10.1038/s41586-026-10735-w	BANC_v888 260702
VFB_00107au9	BANC_888:720575941393958038	left side of organism	has_soma_location			BANC888	doi:10.1038/s41586-026-10735-w	BANC_v888 260702
VFB_00107aua	BANC_888:720575941393960964	left side of organism	has_soma_location			BANC888	doi:10.1038/s41586-026-10735-w	BANC_v888 260702
VFB_00107aub	BANC_888:720575941393961732	right side of organism	has_soma_location			BANC888	doi:10.1038/s41586-026-10735-w	BANC_v888 260702
VFB_00107auc	BANC_888:720575941393963524	left side of organism	has_soma_location			BANC888	doi:10.1038/s41586-026-10735-w	BANC_v888 260702
VFB_00107aud	BANC_888:720575941393976324	right side of organism	has_soma_location			BANC888	doi:10.1038/s41586-026-10735-w	BANC_v888 260702
VFB_00107aue	BANC_888:720575941393978372	left side of organism	has_soma_location			BANC888	doi:10.1038/s41586-026-10735-w	BANC_v888 260702
VFB_00107auf	BANC_888:720575941393978518	left side of organism	has_soma_location			BANC888	doi:10.1038/s41586-026-10735-w	BANC_v888 260702
VFB_00107aug	BANC_888:720575941393979652	right side of organism	has_soma_location			BANC888	doi:10.1038/s41586-026-10735-w	BANC_v888 260702
VFB_00107auh	BANC_888:720575941393982614	left side of organism	has_soma_location			BANC888	doi:10.1038/s41586-026-10735-w	BANC_v888 260702
VFB_00107aui	BANC_888:720575941393983236	right side of organism	has_soma_location			BANC888	doi:10.1038/s41586-026-10735-w	BANC_v888 260702
VFB_00107auj	BANC_888:720575941393985540	right side of organism	has_soma_location			BANC888	doi:10.1038/s41586-026-10735-w	BANC_v888 260702
VFB_00107auk	BANC_888:720575941393986820	left side of organism	has_soma_location			BANC888	doi:10.1038/s41586-026-10735-w	BANC_v888 260702
VFB_00107aul	BANC_888:720575941393989124	left side of organism	has_soma_location			BANC888	doi:10.1038/s41586-026-10735-w	BANC_v888 260702
VFB_00107aum	BANC_888:720575941393990660	right side of organism	has_soma_location			BANC888	doi:10.1038/s41586-026-10735-w	BANC_v888 260702
VFB_00107aun	BANC_888:720575941393991172	left side of organism	has_soma_location			BANC888	doi:10.1038/s41586-026-10735-w	BANC_v888 260702
VFB_00107auo	BANC_888:720575941393992196	left side of organism	has_soma_location			BANC888	doi:10.1038/s41586-026-10735-w	BANC_v888 260702
VFB_00107aup	BANC_888:720575941393994244	right side of organism	has_soma_location			BANC888	doi:10.1038/s41586-026-10735-w	BANC_v888 260702
VFB_00107auq	BANC_888:720575941393994902	left side of organism	has_soma_location			BANC888	doi:10.1038/s41586-026-10735-w	BANC_v888 260702
VFB_00107aur	BANC_888:720575941393995414	left side of organism	has_soma_location			BANC888	doi:10.1038/s41586-026-10735-w	BANC_v888 260702
VFB_00107aus	BANC_888:720575941393998852	right side of organism	has_soma_location			BANC888	doi:10.1038/s41586-026-10735-w	BANC_v888 260702
VFB_00107aut	BANC_888:720575941394003460	right side of organism	has_soma_location			BANC888	doi:10.1038/s41586-026-10735-w	BANC_v888 260702
VFB_00107auu	BANC_888:720575941394005252	left side of organism	has_soma_location			BANC888	doi:10.1038/s41586-026-10735-w	BANC_v888 260702
VFB_00107auv	BANC_888:720575941394006020	left side of organism	has_soma_location			BANC888	doi:10.1038/s41586-026-10735-w	BANC_v888 260702
VFB_00107auw	BANC_888:720575941394015638	left side of organism	has_soma_location			BANC888	doi:10.1038/s41586-026-10735-w	BANC_v888 260702
VFB_00107aux	BANC_888:720575941394016150	left side of organism	has_soma_location			BANC888	doi:10.1038/s41586-026-10735-w	BANC_v888 260702
VFB_00107auy	BANC_888:720575941394016772	right side of organism	has_soma_location			BANC888	doi:10.1038/s41586-026-10735-w	BANC_v888 260702
VFB_00107auz	BANC_888:720575941394020868	right side of organism	has_soma_location			BANC888	doi:10.1038/s41586-026-10735-w	BANC_v888 260702
VFB_00107av0	BANC_888:720575941394021124	right side of organism	has_soma_location			BANC888	doi:10.1038/s41586-026-10735-w	BANC_v888 260702
VFB_00107av1	BANC_888:720575941394022404	left side of organism	has_soma_location			BANC888	doi:10.1038/s41586-026-10735-w	BANC_v888 260702
VFB_00107av2	BANC_888:720575941394023830	left side of organism	has_soma_location			BANC888	doi:10.1038/s41586-026-10735-w	BANC_v888 260702
VFB_00107av3	BANC_888:720575941394034070	left side of organism	has_soma_location			BANC888	doi:10.1038/s41586-026-10735-w	BANC_v888 260702
VFB_00107av4	BANC_888:720575941394034948	right side of organism	has_soma_location			BANC888	doi:10.1038/s41586-026-10735-w	BANC_v888 260702
VFB_00107av5	BANC_888:720575941394039300	left side of organism	has_soma_location			BANC888	doi:10.1038/s41586-026-10735-w	BANC_v888 260702
VFB_00107av6	BANC_888:720575941394040214	left side of organism	has_soma_location			BANC888	doi:10.1038/s41586-026-10735-w	BANC_v888 260702
VFB_00107av7	BANC_888:720575941394040836	right side of organism	has_soma_location			BANC888	doi:10.1038/s41586-026-10735-w	BANC_v888 260702
VFB_00107av8	BANC_888:720575941394042006	left side of organism	has_soma_location			BANC888	doi:10.1038/s41586-026-10735-w	BANC_v888 260702
VFB_00107av9	BANC_888:720575941394043030	left side of organism	has_soma_location			BANC888	doi:10.1038/s41586-026-10735-w	BANC_v888 260702
VFB_00107ava	BANC_888:720575941394045188	right side of organism	has_soma_location			BANC888	doi:10.1038/s41586-026-10735-w	BANC_v888 260702
VFB_00107avb	BANC_888:720575941394045334	left side of organism	has_soma_location			BANC888	doi:10.1038/s41586-026-10735-w	BANC_v888 260702
VFB_00107avc	BANC_888:720575941394045444	right side of organism	has_soma_location			BANC888	doi:10.1038/s41586-026-10735-w	BANC_v888 260702
VFB_00107avd	BANC_888:720575941394046980	right side of organism	has_soma_location			BANC888	doi:10.1038/s41586-026-10735-w	BANC_v888 260702
VFB_00107ave	BANC_888:720575941394049028	left side of organism	has_soma_location			BANC888	doi:10.1038/s41586-026-10735-w	BANC_v888 260702
VFB_00107avf	BANC_888:720575941394050454	left side of organism	has_soma_location			BANC888	doi:10.1038/s41586-026-10735-w	BANC_v888 260702
VFB_00107avg	BANC_888:720575941394051990	left side of organism	has_soma_location			BANC888	doi:10.1038/s41586-026-10735-w	BANC_v888 260702
VFB_00107avh	BANC_888:720575941394054806	left side of organism	has_soma_location			BANC888	doi:10.1038/s41586-026-10735-w	BANC_v888 260702
VFB_00107avi	BANC_888:720575941394056452	left side of organism	has_soma_location			BANC888	doi:10.1038/s41586-026-10735-w	BANC_v888 260702
VFB_00107avj	BANC_888:720575941394059670	left side of organism	has_soma_location			BANC888	doi:10.1038/s41586-026-10735-w	BANC_v888 260702
VFB_00107avk	BANC_888:720575941394065668	left side of organism	has_soma_location			BANC888	doi:10.1038/s41586-026-10735-w	BANC_v888 260702
VFB_00107avl	BANC_888:720575941394065814	left side of organism	has_soma_location			BANC888	doi:10.1038/s41586-026-10735-w	BANC_v888 260702
VFB_00106eur	BANC_888:720575941394069654	left side of organism	has_soma_location			BANC888	doi:10.1038/s41586-026-10735-w	BANC_v888 260702
VFB_00107avm	BANC_888:720575941394071044	left side of organism	has_soma_location			BANC888	doi:10.1038/s41586-026-10735-w	BANC_v888 260702
VFB_00106eus	BANC_888:720575941394072982	right side of organism	has_soma_location			BANC888	doi:10.1038/s41586-026-10735-w	BANC_v888 260702
VFB_00106eut	BANC_888:720575941394073494	right side of organism	has_soma_location			BANC888	doi:10.1038/s41586-026-10735-w	BANC_v888 260702
VFB_00107avn	BANC_888:720575941394076822	left side of organism	has_soma_location			BANC888	doi:10.1038/s41586-026-10735-w	BANC_v888 260702
VFB_00107avo	BANC_888:720575941394092292	left side of organism	has_soma_location			BANC888	doi:10.1038/s41586-026-10735-w	BANC_v888 260702
VFB_00107avp	BANC_888:720575941394099350	left side of organism	has_soma_location			BANC888	doi:10.1038/s41586-026-10735-w	BANC_v888 260702
VFB_00107avq	BANC_888:720575941394100374	left side of organism	has_soma_location			BANC888	doi:10.1038/s41586-026-10735-w	BANC_v888 260702
VFB_00107avr	BANC_888:720575941394102020	left side of organism	has_soma_location			BANC888	doi:10.1038/s41586-026-10735-w	BANC_v888 260702
VFB_00106euu	BANC_888:720575941394103190	right side of organism	has_soma_location			BANC888	doi:10.1038/s41586-026-10735-w	BANC_v888 260702
VFB_00107avs	BANC_888:720575941394112004	left side of organism	has_soma_location			BANC888	doi:10.1038/s41586-026-10735-w	BANC_v888 260702
VFB_00107avt	BANC_888:720575941394113284	left side of organism	has_soma_location			BANC888	doi:10.1038/s41586-026-10735-w	BANC_v888 260702
VFB_00107avu	BANC_888:720575941394119428	left side of organism	has_soma_location			BANC888	doi:10.1038/s41586-026-10735-w	BANC_v888 260702
VFB_00106euv	BANC_888:720575941394119830	right side of organism	has_soma_location			BANC888	doi:10.1038/s41586-026-10735-w	BANC_v888 260702
VFB_00106euw	BANC_888:720575941394130582	right side of organism	has_soma_location			BANC888	doi:10.1038/s41586-026-10735-w	BANC_v888 260702
VFB_00106eux	BANC_888:720575941394131094	left side of organism	has_soma_location			BANC888	doi:10.1038/s41586-026-10735-w	BANC_v888 260702
VFB_00107avv	BANC_888:720575941394137092	left side of organism	has_soma_location			BANC888	doi:10.1038/s41586-026-10735-w	BANC_v888 260702
VFB_00107avw	BANC_888:720575941394144004	left side of organism	has_soma_location			BANC888	doi:10.1038/s41586-026-10735-w	BANC_v888 260702
VFB_00107avx	BANC_888:720575941394148100	left side of organism	has_soma_location			BANC888	doi:10.1038/s41586-026-10735-w	BANC_v888 260702
VFB_00107avy	BANC_888:720575941394148612	left side of organism	has_soma_location			BANC888	doi:10.1038/s41586-026-10735-w	BANC_v888 260702
VFB_00107avz	BANC_888:720575941394156548	left side of organism	has_soma_location			BANC888	doi:10.1038/s41586-026-10735-w	BANC_v888 260702
VFB_00106euy	BANC_888:720575941394162582	right side of organism	has_soma_location			BANC888	doi:10.1038/s41586-026-10735-w	BANC_v888 260702
VFB_00106euz	BANC_888:720575941394164118	right side of organism	has_soma_location			BANC888	doi:10.1038/s41586-026-10735-w	BANC_v888 260702
VFB_00107aw0	BANC_888:720575941394164740	left side of organism	has_soma_location			BANC888	doi:10.1038/s41586-026-10735-w	BANC_v888 260702
VFB_00107aw1	BANC_888:720575941394166532	left side of organism	has_soma_location			BANC888	doi:10.1038/s41586-026-10735-w	BANC_v888 260702
VFB_00107aw2	BANC_888:720575941394181124	right side of organism	has_soma_location			BANC888	doi:10.1038/s41586-026-10735-w	BANC_v888 260702
VFB_00107aw3	BANC_888:720575941394181892	left side of organism	has_soma_location			BANC888	doi:10.1038/s41586-026-10735-w	BANC_v888 260702
VFB_00107aw4	BANC_888:720575941394184598	right side of organism	has_soma_location			BANC888	doi:10.1038/s41586-026-10735-w	BANC_v888 260702
VFB_00107aw5	BANC_888:720575941394185878	right side of organism	has_soma_location			BANC888	doi:10.1038/s41586-026-10735-w	BANC_v888 260702
VFB_00107aw6	BANC_888:720575941394191620	left side of organism	has_soma_location			BANC888	doi:10.1038/s41586-026-10735-w	BANC_v888 260702
VFB_00107aw7	BANC_888:720575941394194692	left side of organism	has_soma_location			BANC888	doi:10.1038/s41586-026-10735-w	BANC_v888 260702
VFB_00107aw8	BANC_888:720575941394194838	right side of organism	has_soma_location			BANC888	doi:10.1038/s41586-026-10735-w	BANC_v888 260702
VFB_00107aw9	BANC_888:720575941394196886	right side of organism	has_soma_location			BANC888	doi:10.1038/s41586-026-10735-w	BANC_v888 260702
VFB_00107awa	BANC_888:720575941394197398	right side of organism	has_soma_location			BANC888	doi:10.1038/s41586-026-10735-w	BANC_v888 260702
VFB_00107awb	BANC_888:720575941394197654	right side of organism	has_soma_location			BANC888	doi:10.1038/s41586-026-10735-w	BANC_v888 260702
VFB_00107awc	BANC_888:720575941394197910	right side of organism	has_soma_location			BANC888	doi:10.1038/s41586-026-10735-w	BANC_v888 260702
VFB_00107awd	BANC_888:720575941394199702	right side of organism	has_soma_location			BANC888	doi:10.1038/s41586-026-10735-w	BANC_v888 260702
VFB_00107awe	BANC_888:720575941394199812	left side of organism	has_soma_location			BANC888	doi:10.1038/s41586-026-10735-w	BANC_v888 260702
VFB_00107awf	BANC_888:720575941394203396	left side of organism	has_soma_location			BANC888	doi:10.1038/s41586-026-10735-w	BANC_v888 260702
VFB_00107awg	BANC_888:720575941394208406	right side of organism	has_soma_location			BANC888	doi:10.1038/s41586-026-10735-w	BANC_v888 260702
VFB_00107awh	BANC_888:720575941394208662	right side of organism	has_soma_location			BANC888	doi:10.1038/s41586-026-10735-w	BANC_v888 260702
VFB_00107awi	BANC_888:720575941394210820	left side of organism	has_soma_location			BANC888	doi:10.1038/s41586-026-10735-w	BANC_v888 260702
VFB_00107awj	BANC_888:720575941394214806	left side of organism	has_soma_location			BANC888	doi:10.1038/s41586-026-10735-w	BANC_v888 260702
VFB_00107awk	BANC_888:720575941394216196	left side of organism	has_soma_location			BANC888	doi:10.1038/s41586-026-10735-w	BANC_v888 260702
VFB_00107awl	BANC_888:720575941394218500	right side of organism	has_soma_location			BANC888	doi:10.1038/s41586-026-10735-w	BANC_v888 260702
VFB_00107awm	BANC_888:720575941394223364	left side of organism	has_soma_location			BANC888	doi:10.1038/s41586-026-10735-w	BANC_v888 260702
VFB_00107awn	BANC_888:720575941394227716	right side of organism	has_soma_location			BANC888	doi:10.1038/s41586-026-10735-w	BANC_v888 260702
VFB_00107awo	BANC_888:720575941394233494	left side of organism	has_soma_location			BANC888	doi:10.1038/s41586-026-10735-w	BANC_v888 260702
VFB_00107awp	BANC_888:720575941394243076	left side of organism	has_soma_location			BANC888	doi:10.1038/s41586-026-10735-w	BANC_v888 260702
VFB_00107awq	BANC_888:720575941394244100	left side of organism	has_soma_location			BANC888	doi:10.1038/s41586-026-10735-w	BANC_v888 260702
VFB_00107awr	BANC_888:720575941394245380	left side of organism	has_soma_location			BANC888	doi:10.1038/s41586-026-10735-w	BANC_v888 260702
VFB_00107aws	BANC_888:720575941394246660	left side of organism	has_soma_location			BANC888	doi:10.1038/s41586-026-10735-w	BANC_v888 260702
VFB_00107awt	BANC_888:720575941394247062	right side of organism	has_soma_location			BANC888	doi:10.1038/s41586-026-10735-w	BANC_v888 260702
VFB_00107awu	BANC_888:720575941394248086	left side of organism	has_soma_location			BANC888	doi:10.1038/s41586-026-10735-w	BANC_v888 260702
VFB_00107awv	BANC_888:720575941394248964	left side of organism	has_soma_location			BANC888	doi:10.1038/s41586-026-10735-w	BANC_v888 260702
VFB_00107aww	BANC_888:720575941394255876	left side of organism	has_soma_location			BANC888	doi:10.1038/s41586-026-10735-w	BANC_v888 260702
VFB_00107awx	BANC_888:720575941394267542	right side of organism	has_soma_location			BANC888	doi:10.1038/s41586-026-10735-w	BANC_v888 260702
VFB_00107awy	BANC_888:720575941394276356	left side of organism	has_soma_location			BANC888	doi:10.1038/s41586-026-10735-w	BANC_v888 260702
VFB_00107awz	BANC_888:720575941394278916	left side of organism	has_soma_location			BANC888	doi:10.1038/s41586-026-10735-w	BANC_v888 260702
VFB_00107ax0	BANC_888:720575941394279684	left side of organism	has_soma_location			BANC888	doi:10.1038/s41586-026-10735-w	BANC_v888 260702
VFB_00107ax1	BANC_888:720575941394282646	right side of organism	has_soma_location			BANC888	doi:10.1038/s41586-026-10735-w	BANC_v888 260702
VFB_00107ax2	BANC_888:720575941394289668	left side of organism	has_soma_location			BANC888	doi:10.1038/s41586-026-10735-w	BANC_v888 260702
VFB_00107ax3	BANC_888:720575941394305796	left side of organism	has_soma_location			BANC888	doi:10.1038/s41586-026-10735-w	BANC_v888 260702
VFB_00107ax4	BANC_888:720575941394307332	left side of organism	has_soma_location			BANC888	doi:10.1038/s41586-026-10735-w	BANC_v888 260702
VFB_00107ax5	BANC_888:720575941394314646	left side of organism	has_soma_location			BANC888	doi:10.1038/s41586-026-10735-w	BANC_v888 260702
VFB_00107ax6	BANC_888:720575941394327702	left side of organism	has_soma_location			BANC888	doi:10.1038/s41586-026-10735-w	BANC_v888 260702
VFB_00107ax7	BANC_888:720575941394331396	left side of organism	has_soma_location			BANC888	doi:10.1038/s41586-026-10735-w	BANC_v888 260702
VFB_00107ax8	BANC_888:720575941394334212	left side of organism	has_soma_location			BANC888	doi:10.1038/s41586-026-10735-w	BANC_v888 260702
VFB_00107ax9	BANC_888:720575941394341892	right side of organism	has_soma_location			BANC888	doi:10.1038/s41586-026-10735-w	BANC_v888 260702
VFB_00107axa	BANC_888:720575941394345622	right side of organism	has_soma_location			BANC888	doi:10.1038/s41586-026-10735-w	BANC_v888 260702
VFB_00107axb	BANC_888:720575941394357398	right side of organism	has_soma_location			BANC888	doi:10.1038/s41586-026-10735-w	BANC_v888 260702
VFB_00107axc	BANC_888:720575941394370564	left side of organism	has_soma_location			BANC888	doi:10.1038/s41586-026-10735-w	BANC_v888 260702
VFB_00107axd	BANC_888:720575941394374916	left side of organism	has_soma_location			BANC888	doi:10.1038/s41586-026-10735-w	BANC_v888 260702
VFB_00107axe	BANC_888:720575941394379012	left side of organism	has_soma_location			BANC888	doi:10.1038/s41586-026-10735-w	BANC_v888 260702
VFB_00107axf	BANC_888:720575941394385924	left side of organism	has_soma_location			BANC888	doi:10.1038/s41586-026-10735-w	BANC_v888 260702
VFB_00107axg	BANC_888:720575941394389252	left side of organism	has_soma_location			BANC888	doi:10.1038/s41586-026-10735-w	BANC_v888 260702
VFB_00107axh	BANC_888:720575941394391556	left side of organism	has_soma_location			BANC888	doi:10.1038/s41586-026-10735-w	BANC_v888 260702
VFB_00107axi	BANC_888:720575941394392324	left side of organism	has_soma_location			BANC888	doi:10.1038/s41586-026-10735-w	BANC_v888 260702
VFB_00107axj	BANC_888:720575941394406148	left side of organism	has_soma_location			BANC888	doi:10.1038/s41586-026-10735-w	BANC_v888 260702
VFB_00107axk	BANC_888:720575941394407062	left side of organism	has_soma_location			BANC888	doi:10.1038/s41586-026-10735-w	BANC_v888 260702
VFB_00107axl	BANC_888:720575941394419606	right side of organism	has_soma_location			BANC888	doi:10.1038/s41586-026-10735-w	BANC_v888 260702
VFB_00107axm	BANC_888:720575941394420740	left side of organism	has_soma_location			BANC888	doi:10.1038/s41586-026-10735-w	BANC_v888 260702
VFB_00107axn	BANC_888:720575941394421252	left side of organism	has_soma_location			BANC888	doi:10.1038/s41586-026-10735-w	BANC_v888 260702
VFB_00107axo	BANC_888:720575941394423446	right side of organism	has_soma_location			BANC888	doi:10.1038/s41586-026-10735-w	BANC_v888 260702
VFB_00107axp	BANC_888:720575941394423702	left side of organism	has_soma_location			BANC888	doi:10.1038/s41586-026-10735-w	BANC_v888 260702
VFB_00107axq	BANC_888:720575941394423958	right side of organism	has_soma_location			BANC888	doi:10.1038/s41586-026-10735-w	BANC_v888 260702
VFB_00107axr	BANC_888:720575941394425604	right side of organism	has_soma_location			BANC888	doi:10.1038/s41586-026-10735-w	BANC_v888 260702
VFB_00107axs	BANC_888:720575941394427140	left side of organism	has_soma_location			BANC888	doi:10.1038/s41586-026-10735-w	BANC_v888 260702
VFB_00107axt	BANC_888:720575941394429590	left side of organism	has_soma_location			BANC888	doi:10.1038/s41586-026-10735-w	BANC_v888 260702
VFB_00107axu	BANC_888:720575941394429846	left side of organism	has_soma_location			BANC888	doi:10.1038/s41586-026-10735-w	BANC_v888 260702
VFB_00107axv	BANC_888:720575941394432406	right side of organism	has_soma_location			BANC888	doi:10.1038/s41586-026-10735-w	BANC_v888 260702
VFB_00107axw	BANC_888:720575941394433174	right side of organism	has_soma_location			BANC888	doi:10.1038/s41586-026-10735-w	BANC_v888 260702
VFB_00107axx	BANC_888:720575941394435076	left side of organism	has_soma_location			BANC888	doi:10.1038/s41586-026-10735-w	BANC_v888 260702
VFB_00107axy	BANC_888:720575941394435478	right side of organism	has_soma_location			BANC888	doi:10.1038/s41586-026-10735-w	BANC_v888 260702
VFB_00107axz	BANC_888:720575941394436246	right side of organism	has_soma_location			BANC888	doi:10.1038/s41586-026-10735-w	BANC_v888 260702
VFB_00107ay0	BANC_888:720575941394436502	left side of organism	has_soma_location			BANC888	doi:10.1038/s41586-026-10735-w	BANC_v888 260702
VFB_00107ay1	BANC_888:720575941394437380	right side of organism	has_soma_location			BANC888	doi:10.1038/s41586-026-10735-w	BANC_v888 260702
VFB_00107ay2	BANC_888:720575941394438806	right side of organism	has_soma_location			BANC888	doi:10.1038/s41586-026-10735-w	BANC_v888 260702
VFB_00107ay3	BANC_888:720575941394439574	left side of organism	has_soma_location			BANC888	doi:10.1038/s41586-026-10735-w	BANC_v888 260702
VFB_00107ay4	BANC_888:720575941394441732	right side of organism	has_soma_location			BANC888	doi:10.1038/s41586-026-10735-w	BANC_v888 260702
VFB_00107ay5	BANC_888:720575941394442902	left side of organism	has_soma_location			BANC888	doi:10.1038/s41586-026-10735-w	BANC_v888 260702
VFB_00107ay6	BANC_888:720575941394444182	right side of organism	has_soma_location			BANC888	doi:10.1038/s41586-026-10735-w	BANC_v888 260702
VFB_00107ay7	BANC_888:720575941394450436	right side of organism	has_soma_location			BANC888	doi:10.1038/s41586-026-10735-w	BANC_v888 260702
VFB_00107ay8	BANC_888:720575941394451094	right side of organism	has_soma_location			BANC888	doi:10.1038/s41586-026-10735-w	BANC_v888 260702
VFB_00107ay9	BANC_888:720575941394452374	right side of organism	has_soma_location			BANC888	doi:10.1038/s41586-026-10735-w	BANC_v888 260702
VFB_00107aya	BANC_888:720575941394459652	right side of organism	has_soma_location			BANC888	doi:10.1038/s41586-026-10735-w	BANC_v888 260702
VFB_00107ayb	BANC_888:720575941394461444	right side of organism	has_soma_location			BANC888	doi:10.1038/s41586-026-10735-w	BANC_v888 260702
VFB_00107ayc	BANC_888:720575941394463126	left side of organism	has_soma_location			BANC888	doi:10.1038/s41586-026-10735-w	BANC_v888 260702
VFB_00107ayd	BANC_888:720575941394467076	right side of organism	has_soma_location			BANC888	doi:10.1038/s41586-026-10735-w	BANC_v888 260702
VFB_00107aye	BANC_888:720575941394472342	right side of organism	has_soma_location			BANC888	doi:10.1038/s41586-026-10735-w	BANC_v888 260702
VFB_00107ayf	BANC_888:720575941394473878	right side of organism	has_soma_location			BANC888	doi:10.1038/s41586-026-10735-w	BANC_v888 260702
VFB_00107ayg	BANC_888:720575941394477060	right side of organism	has_soma_location			BANC888	doi:10.1038/s41586-026-10735-w	BANC_v888 260702
VFB_00107ayh	BANC_888:720575941394480388	right side of organism	has_soma_location			BANC888	doi:10.1038/s41586-026-10735-w	BANC_v888 260702
VFB_00107ayi	BANC_888:720575941394481668	right side of organism	has_soma_location			BANC888	doi:10.1038/s41586-026-10735-w	BANC_v888 260702
VFB_00107ayj	BANC_888:720575941394487702	left side of organism	has_soma_location			BANC888	doi:10.1038/s41586-026-10735-w	BANC_v888 260702
VFB_00107ayk	BANC_888:720575941394495382	left side of organism	has_soma_location			BANC888	doi:10.1038/s41586-026-10735-w	BANC_v888 260702
VFB_00107ayl	BANC_888:720575941394498966	left side of organism	has_soma_location			BANC888	doi:10.1038/s41586-026-10735-w	BANC_v888 260702
VFB_00107aym	BANC_888:720575941394508694	left side of organism	has_soma_location			BANC888	doi:10.1038/s41586-026-10735-w	BANC_v888 260702
VFB_00107ayn	BANC_888:720575941394514326	right side of organism	has_soma_location			BANC888	doi:10.1038/s41586-026-10735-w	BANC_v888 260702
VFB_00107ayo	BANC_888:720575941394515606	right side of organism	has_soma_location			BANC888	doi:10.1038/s41586-026-10735-w	BANC_v888 260702
VFB_00107ayp	BANC_888:720575941394521750	left side of organism	has_soma_location			BANC888	doi:10.1038/s41586-026-10735-w	BANC_v888 260702
VFB_00107ayq	BANC_888:720575941394523030	left side of organism	has_soma_location			BANC888	doi:10.1038/s41586-026-10735-w	BANC_v888 260702
VFB_00107ayr	BANC_888:720575941394531478	right side of organism	has_soma_location			BANC888	doi:10.1038/s41586-026-10735-w	BANC_v888 260702
VFB_00107ays	BANC_888:720575941394538646	left side of organism	has_soma_location			BANC888	doi:10.1038/s41586-026-10735-w	BANC_v888 260702
VFB_00107ayt	BANC_888:720575941394542230	left side of organism	has_soma_location			BANC888	doi:10.1038/s41586-026-10735-w	BANC_v888 260702
VFB_00107ayu	BANC_888:720575941394549910	left side of organism	has_soma_location			BANC888	doi:10.1038/s41586-026-10735-w	BANC_v888 260702
VFB_00107ayv	BANC_888:720575941394561686	left side of organism	has_soma_location			BANC888	doi:10.1038/s41586-026-10735-w	BANC_v888 260702
VFB_00107ayw	BANC_888:720575941394576534	left side of organism	has_soma_location			BANC888	doi:10.1038/s41586-026-10735-w	BANC_v888 260702
VFB_00107ayx	BANC_888:720575941394577046	left side of organism	has_soma_location			BANC888	doi:10.1038/s41586-026-10735-w	BANC_v888 260702
VFB_00107ayy	BANC_888:720575941394579606	right side of organism	has_soma_location			BANC888	doi:10.1038/s41586-026-10735-w	BANC_v888 260702
VFB_00107ayz	BANC_888:720575941394580374	left side of organism	has_soma_location			BANC888	doi:10.1038/s41586-026-10735-w	BANC_v888 260702
VFB_00107az0	BANC_888:720575941394586262	left side of organism	has_soma_location			BANC888	doi:10.1038/s41586-026-10735-w	BANC_v888 260702
VFB_00107az1	BANC_888:720575941394586774	left side of organism	has_soma_location			BANC888	doi:10.1038/s41586-026-10735-w	BANC_v888 260702
VFB_00107az2	BANC_888:720575941394603926	left side of organism	has_soma_location			BANC888	doi:10.1038/s41586-026-10735-w	BANC_v888 260702
VFB_00107az3	BANC_888:720575941394608278	left side of organism	has_soma_location			BANC888	doi:10.1038/s41586-026-10735-w	BANC_v888 260702
VFB_00107az4	BANC_888:720575941394629782	left side of organism	has_soma_location			BANC888	doi:10.1038/s41586-026-10735-w	BANC_v888 260702
VFB_00107az5	BANC_888:720575941394630806	left side of organism	has_soma_location			BANC888	doi:10.1038/s41586-026-10735-w	BANC_v888 260702
VFB_00107az6	BANC_888:720575941394641814	right side of organism	has_soma_location			BANC888	doi:10.1038/s41586-026-10735-w	BANC_v888 260702
VFB_00107az7	BANC_888:720575941394642070	right side of organism	has_soma_location			BANC888	doi:10.1038/s41586-026-10735-w	BANC_v888 260702
VFB_00107az8	BANC_888:720575941394643862	right side of organism	has_soma_location			BANC888	doi:10.1038/s41586-026-10735-w	BANC_v888 260702
VFB_00107az9	BANC_888:720575941394649238	left side of organism	has_soma_location			BANC888	doi:10.1038/s41586-026-10735-w	BANC_v888 260702
VFB_00107aza	BANC_888:720575941394653590	right side of organism	has_soma_location			BANC888	doi:10.1038/s41586-026-10735-w	BANC_v888 260702
VFB_00107azb	BANC_888:720575941394657174	right side of organism	has_soma_location			BANC888	doi:10.1038/s41586-026-10735-w	BANC_v888 260702
VFB_00107azc	BANC_888:720575941394658198	right side of organism	has_soma_location			BANC888	doi:10.1038/s41586-026-10735-w	BANC_v888 260702
VFB_00107azd	BANC_888:720575941394660502	left side of organism	has_soma_location			BANC888	doi:10.1038/s41586-026-10735-w	BANC_v888 260702
VFB_00107aze	BANC_888:720575941394664598	left side of organism	has_soma_location			BANC888	doi:10.1038/s41586-026-10735-w	BANC_v888 260702
VFB_00107azf	BANC_888:720575941394666134	right side of organism	has_soma_location			BANC888	doi:10.1038/s41586-026-10735-w	BANC_v888 260702
VFB_00107azg	BANC_888:720575941394668950	right side of organism	has_soma_location			BANC888	doi:10.1038/s41586-026-10735-w	BANC_v888 260702
VFB_00107azh	BANC_888:720575941394670742	right side of organism	has_soma_location			BANC888	doi:10.1038/s41586-026-10735-w	BANC_v888 260702
VFB_00107azi	BANC_888:720575941394674582	right side of organism	has_soma_location			BANC888	doi:10.1038/s41586-026-10735-w	BANC_v888 260702
VFB_00107azj	BANC_888:720575941394675862	left side of organism	has_soma_location			BANC888	doi:10.1038/s41586-026-10735-w	BANC_v888 260702
VFB_00107azk	BANC_888:720575941394676630	left side of organism	has_soma_location			BANC888	doi:10.1038/s41586-026-10735-w	BANC_v888 260702
VFB_00107azl	BANC_888:720575941394678166	left side of organism	has_soma_location			BANC888	doi:10.1038/s41586-026-10735-w	BANC_v888 260702
VFB_00107azm	BANC_888:720575941394685334	left side of organism	has_soma_location			BANC888	doi:10.1038/s41586-026-10735-w	BANC_v888 260702
VFB_00107azn	BANC_888:720575941394687894	left side of organism	has_soma_location			BANC888	doi:10.1038/s41586-026-10735-w	BANC_v888 260702
VFB_00107azo	BANC_888:720575941394693782	right side of organism	has_soma_location			BANC888	doi:10.1038/s41586-026-10735-w	BANC_v888 260702
VFB_00107azp	BANC_888:720575941394694038	left side of organism	has_soma_location			BANC888	doi:10.1038/s41586-026-10735-w	BANC_v888 260702
VFB_00107azq	BANC_888:720575941394701974	right side of organism	has_soma_location			BANC888	doi:10.1038/s41586-026-10735-w	BANC_v888 260702
VFB_00107azr	BANC_888:720575941394715030	left side of organism	has_soma_location			BANC888	doi:10.1038/s41586-026-10735-w	BANC_v888 260702
VFB_00107azs	BANC_888:720575941394717334	right side of organism	has_soma_location			BANC888	doi:10.1038/s41586-026-10735-w	BANC_v888 260702
VFB_00107azt	BANC_888:720575941394729366	right side of organism	has_soma_location			BANC888	doi:10.1038/s41586-026-10735-w	BANC_v888 260702
VFB_00107azu	BANC_888:720575941394730646	right side of organism	has_soma_location			BANC888	doi:10.1038/s41586-026-10735-w	BANC_v888 260702
VFB_00107azv	BANC_888:720575941394731158	right side of organism	has_soma_location			BANC888	doi:10.1038/s41586-026-10735-w	BANC_v888 260702
VFB_00107azw	BANC_888:720575941394733718	left side of organism	has_soma_location			BANC888	doi:10.1038/s41586-026-10735-w	BANC_v888 260702
VFB_00107azx	BANC_888:720575941394739606	left side of organism	has_soma_location			BANC888	doi:10.1038/s41586-026-10735-w	BANC_v888 260702
VFB_00107azy	BANC_888:720575941394740630	left side of organism	has_soma_location			BANC888	doi:10.1038/s41586-026-10735-w	BANC_v888 260702
VFB_00107azz	BANC_888:720575941394741398	left side of organism	has_soma_location			BANC888	doi:10.1038/s41586-026-10735-w	BANC_v888 260702
VFB_00107b00	BANC_888:720575941394742166	left side of organism	has_soma_location			BANC888	doi:10.1038/s41586-026-10735-w	BANC_v888 260702
VFB_00107b01	BANC_888:720575941394752406	left side of organism	has_soma_location			BANC888	doi:10.1038/s41586-026-10735-w	BANC_v888 260702
VFB_00107b02	BANC_888:720575941394757270	left side of organism	has_soma_location			BANC888	doi:10.1038/s41586-026-10735-w	BANC_v888 260702
VFB_00107b03	BANC_888:720575941394758038	left side of organism	has_soma_location			BANC888	doi:10.1038/s41586-026-10735-w	BANC_v888 260702
VFB_00107b04	BANC_888:720575941394766742	left side of organism	has_soma_location			BANC888	doi:10.1038/s41586-026-10735-w	BANC_v888 260702
VFB_00107b05	BANC_888:720575941394767254	left side of organism	has_soma_location			BANC888	doi:10.1038/s41586-026-10735-w	BANC_v888 260702
VFB_00107b06	BANC_888:720575941394770838	right side of organism	has_soma_location			BANC888	doi:10.1038/s41586-026-10735-w	BANC_v888 260702
VFB_00107b07	BANC_888:720575941394775190	right side of organism	has_soma_location			BANC888	doi:10.1038/s41586-026-10735-w	BANC_v888 260702
VFB_00107b08	BANC_888:720575941394780822	right side of organism	has_soma_location			BANC888	doi:10.1038/s41586-026-10735-w	BANC_v888 260702
VFB_00107b09	BANC_888:720575941394781334	right side of organism	has_soma_location			BANC888	doi:10.1038/s41586-026-10735-w	BANC_v888 260702
VFB_00107b0a	BANC_888:720575941394784406	right side of organism	has_soma_location			BANC888	doi:10.1038/s41586-026-10735-w	BANC_v888 260702
VFB_00107b0b	BANC_888:720575941394789270	right side of organism	has_soma_location			BANC888	doi:10.1038/s41586-026-10735-w	BANC_v888 260702
VFB_00107b0c	BANC_888:720575941394793878	right side of organism	has_soma_location			BANC888	doi:10.1038/s41586-026-10735-w	BANC_v888 260702
VFB_00107b0d	BANC_888:720575941394798230	right side of organism	has_soma_location			BANC888	doi:10.1038/s41586-026-10735-w	BANC_v888 260702
VFB_00107b0e	BANC_888:720575941394798742	left side of organism	has_soma_location			BANC888	doi:10.1038/s41586-026-10735-w	BANC_v888 260702
VFB_00107b0f	BANC_888:720575941394802582	left side of organism	has_soma_location			BANC888	doi:10.1038/s41586-026-10735-w	BANC_v888 260702
VFB_00107b0g	BANC_888:720575941394804886	left side of organism	has_soma_location			BANC888	doi:10.1038/s41586-026-10735-w	BANC_v888 260702
VFB_00107b0h	BANC_888:720575941394820758	right side of organism	has_soma_location			BANC888	doi:10.1038/s41586-026-10735-w	BANC_v888 260702
VFB_00107b0i	BANC_888:720575941394821014	right side of organism	has_soma_location			BANC888	doi:10.1038/s41586-026-10735-w	BANC_v888 260702
VFB_00107b0j	BANC_888:720575941394823318	left side of organism	has_soma_location			BANC888	doi:10.1038/s41586-026-10735-w	BANC_v888 260702
VFB_00107b0k	BANC_888:720575941394827926	right side of organism	has_soma_location			BANC888	doi:10.1038/s41586-026-10735-w	BANC_v888 260702
VFB_00107b0l	BANC_888:720575941394836374	right side of organism	has_soma_location			BANC888	doi:10.1038/s41586-026-10735-w	BANC_v888 260702
VFB_00107b0m	BANC_888:720575941394837142	right side of organism	has_soma_location			BANC888	doi:10.1038/s41586-026-10735-w	BANC_v888 260702
VFB_00107b0n	BANC_888:720575941394854806	right side of organism	has_soma_location			BANC888	doi:10.1038/s41586-026-10735-w	BANC_v888 260702
VFB_00107b0o	BANC_888:720575941394865558	right side of organism	has_soma_location			BANC888	doi:10.1038/s41586-026-10735-w	BANC_v888 260702
VFB_00107b0p	BANC_888:720575941394868374	right side of organism	has_soma_location			BANC888	doi:10.1038/s41586-026-10735-w	BANC_v888 260702
VFB_00107b0q	BANC_888:720575941394870422	right side of organism	has_soma_location			BANC888	doi:10.1038/s41586-026-10735-w	BANC_v888 260702
VFB_00107b0r	BANC_888:720575941394876310	left side of organism	has_soma_location			BANC888	doi:10.1038/s41586-026-10735-w	BANC_v888 260702
VFB_00107b0s	BANC_888:720575941394879126	left side of organism	has_soma_location			BANC888	doi:10.1038/s41586-026-10735-w	BANC_v888 260702
VFB_00107b0t	BANC_888:720575941394880918	left side of organism	has_soma_location			BANC888	doi:10.1038/s41586-026-10735-w	BANC_v888 260702
VFB_00107b0u	BANC_888:720575941394884246	right side of organism	has_soma_location			BANC888	doi:10.1038/s41586-026-10735-w	BANC_v888 260702
VFB_00107b0v	BANC_888:720575941394886806	left side of organism	has_soma_location			BANC888	doi:10.1038/s41586-026-10735-w	BANC_v888 260702
VFB_00107b0w	BANC_888:720575941394900886	left side of organism	has_soma_location			BANC888	doi:10.1038/s41586-026-10735-w	BANC_v888 260702
VFB_00107b0x	BANC_888:720575941394905750	left side of organism	has_soma_location			BANC888	doi:10.1038/s41586-026-10735-w	BANC_v888 260702
VFB_00107b0y	BANC_888:720575941394912662	left side of organism	has_soma_location			BANC888	doi:10.1038/s41586-026-10735-w	BANC_v888 260702
VFB_00107b0z	BANC_888:720575941394914454	left side of organism	has_soma_location			BANC888	doi:10.1038/s41586-026-10735-w	BANC_v888 260702
VFB_00107b10	BANC_888:720575941394932374	left side of organism	has_soma_location			BANC888	doi:10.1038/s41586-026-10735-w	BANC_v888 260702
VFB_00107b11	BANC_888:720575941394937750	right side of organism	has_soma_location			BANC888	doi:10.1038/s41586-026-10735-w	BANC_v888 260702
VFB_00107b12	BANC_888:720575941394945686	right side of organism	has_soma_location			BANC888	doi:10.1038/s41586-026-10735-w	BANC_v888 260702
VFB_00107b13	BANC_888:720575941394966422	left side of organism	has_soma_location			BANC888	doi:10.1038/s41586-026-10735-w	BANC_v888 260702
VFB_00107b14	BANC_888:720575941394966934	right side of organism	has_soma_location			BANC888	doi:10.1038/s41586-026-10735-w	BANC_v888 260702
VFB_00107b15	BANC_888:720575941394971030	left side of organism	has_soma_location			BANC888	doi:10.1038/s41586-026-10735-w	BANC_v888 260702
VFB_00107b16	BANC_888:720575941394986902	left side of organism	has_soma_location			BANC888	doi:10.1038/s41586-026-10735-w	BANC_v888 260702
VFB_00107b17	BANC_888:720575941394996630	left side of organism	has_soma_location			BANC888	doi:10.1038/s41586-026-10735-w	BANC_v888 260702
VFB_00107b18	BANC_888:720575941395000214	right side of organism	has_soma_location			BANC888	doi:10.1038/s41586-026-10735-w	BANC_v888 260702
VFB_00107b19	BANC_888:720575941395001238	left side of organism	has_soma_location			BANC888	doi:10.1038/s41586-026-10735-w	BANC_v888 260702
VFB_00107b1a	BANC_888:720575941395004310	left side of organism	has_soma_location			BANC888	doi:10.1038/s41586-026-10735-w	BANC_v888 260702
VFB_00107b1b	BANC_888:720575941395006358	left side of organism	has_soma_location			BANC888	doi:10.1038/s41586-026-10735-w	BANC_v888 260702
VFB_00107b1c	BANC_888:720575941395014294	left side of organism	has_soma_location			BANC888	doi:10.1038/s41586-026-10735-w	BANC_v888 260702
VFB_00107b1d	BANC_888:720575941395018134	right side of organism	has_soma_location			BANC888	doi:10.1038/s41586-026-10735-w	BANC_v888 260702
VFB_00107b1e	BANC_888:720575941395020438	left side of organism	has_soma_location			BANC888	doi:10.1038/s41586-026-10735-w	BANC_v888 260702
VFB_00107b1f	BANC_888:720575941395020694	left side of organism	has_soma_location			BANC888	doi:10.1038/s41586-026-10735-w	BANC_v888 260702
VFB_00107b1g	BANC_888:720575941395025046	left side of organism	has_soma_location			BANC888	doi:10.1038/s41586-026-10735-w	BANC_v888 260702
VFB_00107b1h	BANC_888:720575941395031446	left side of organism	has_soma_location			BANC888	doi:10.1038/s41586-026-10735-w	BANC_v888 260702
VFB_00107b1i	BANC_888:720575941395035286	right side of organism	has_soma_location			BANC888	doi:10.1038/s41586-026-10735-w	BANC_v888 260702
VFB_00107b1j	BANC_888:720575941395038870	left side of organism	has_soma_location			BANC888	doi:10.1038/s41586-026-10735-w	BANC_v888 260702
VFB_00107b1k	BANC_888:720575941395039126	left side of organism	has_soma_location			BANC888	doi:10.1038/s41586-026-10735-w	BANC_v888 260702
VFB_00107b1l	BANC_888:720575941395039894	left side of organism	has_soma_location			BANC888	doi:10.1038/s41586-026-10735-w	BANC_v888 260702
VFB_00107b1m	BANC_888:720575941395043478	left side of organism	has_soma_location			BANC888	doi:10.1038/s41586-026-10735-w	BANC_v888 260702
VFB_00107b1n	BANC_888:720575941395045782	left side of organism	has_soma_location			BANC888	doi:10.1038/s41586-026-10735-w	BANC_v888 260702
VFB_00107b1o	BANC_888:720575941395048598	left side of organism	has_soma_location			BANC888	doi:10.1038/s41586-026-10735-w	BANC_v888 260702
VFB_00107b1p	BANC_888:720575941395049366	left side of organism	has_soma_location			BANC888	doi:10.1038/s41586-026-10735-w	BANC_v888 260702
VFB_00107b1q	BANC_888:720575941395051158	left side of organism	has_soma_location			BANC888	doi:10.1038/s41586-026-10735-w	BANC_v888 260702
VFB_00107b1r	BANC_888:720575941395051670	left side of organism	has_soma_location			BANC888	doi:10.1038/s41586-026-10735-w	BANC_v888 260702
VFB_00107b1s	BANC_888:720575941395056534	left side of organism	has_soma_location			BANC888	doi:10.1038/s41586-026-10735-w	BANC_v888 260702
VFB_00107b1t	BANC_888:720575941395057046	left side of organism	has_soma_location			BANC888	doi:10.1038/s41586-026-10735-w	BANC_v888 260702
VFB_00107b1u	BANC_888:720575941395059094	left side of organism	has_soma_location			BANC888	doi:10.1038/s41586-026-10735-w	BANC_v888 260702
VFB_00107b1v	BANC_888:720575941395076246	left side of organism	has_soma_location			BANC888	doi:10.1038/s41586-026-10735-w	BANC_v888 260702
VFB_00107b1w	BANC_888:720575941395078294	left side of organism	has_soma_location			BANC888	doi:10.1038/s41586-026-10735-w	BANC_v888 260702
VFB_00107b1x	BANC_888:720575941395079062	left side of organism	has_soma_location			BANC888	doi:10.1038/s41586-026-10735-w	BANC_v888 260702
VFB_00107b1y	BANC_888:720575941395087510	left side of organism	has_soma_location			BANC888	doi:10.1038/s41586-026-10735-w	BANC_v888 260702
VFB_00107b1z	BANC_888:720575941395101846	left side of organism	has_soma_location			BANC888	doi:10.1038/s41586-026-10735-w	BANC_v888 260702
VFB_00107b20	BANC_888:720575941395111318	left side of organism	has_soma_location			BANC888	doi:10.1038/s41586-026-10735-w	BANC_v888 260702
VFB_00107b21	BANC_888:720575941395123350	left side of organism	has_soma_location			BANC888	doi:10.1038/s41586-026-10735-w	BANC_v888 260702
VFB_00107b22	BANC_888:720575941395124118	left side of organism	has_soma_location			BANC888	doi:10.1038/s41586-026-10735-w	BANC_v888 260702
VFB_00107b23	BANC_888:720575941395124374	right side of organism	has_soma_location			BANC888	doi:10.1038/s41586-026-10735-w	BANC_v888 260702
VFB_00107b24	BANC_888:720575941395131542	left side of organism	has_soma_location			BANC888	doi:10.1038/s41586-026-10735-w	BANC_v888 260702
VFB_00107b25	BANC_888:720575941395146902	left side of organism	has_soma_location			BANC888	doi:10.1038/s41586-026-10735-w	BANC_v888 260702
VFB_00107b26	BANC_888:720575941395148438	left side of organism	has_soma_location			BANC888	doi:10.1038/s41586-026-10735-w	BANC_v888 260702
VFB_00107b27	BANC_888:720575941395150230	left side of organism	has_soma_location			BANC888	doi:10.1038/s41586-026-10735-w	BANC_v888 260702
VFB_00107b28	BANC_888:720575941395155350	left side of organism	has_soma_location			BANC888	doi:10.1038/s41586-026-10735-w	BANC_v888 260702
VFB_00107b29	BANC_888:720575941395155862	left side of organism	has_soma_location			BANC888	doi:10.1038/s41586-026-10735-w	BANC_v888 260702
VFB_00107b2a	BANC_888:720575941395162262	left side of organism	has_soma_location			BANC888	doi:10.1038/s41586-026-10735-w	BANC_v888 260702
VFB_00107b2b	BANC_888:720575941395164310	left side of organism	has_soma_location			BANC888	doi:10.1038/s41586-026-10735-w	BANC_v888 260702
VFB_00107b2c	BANC_888:720575941395168662	left side of organism	has_soma_location			BANC888	doi:10.1038/s41586-026-10735-w	BANC_v888 260702
VFB_00107b2d	BANC_888:720575941395177366	left side of organism	has_soma_location			BANC888	doi:10.1038/s41586-026-10735-w	BANC_v888 260702
VFB_00107b2e	BANC_888:720575941395178134	left side of organism	has_soma_location			BANC888	doi:10.1038/s41586-026-10735-w	BANC_v888 260702
VFB_00107b2f	BANC_888:720575941395181974	left side of organism	has_soma_location			BANC888	doi:10.1038/s41586-026-10735-w	BANC_v888 260702
VFB_00107b2g	BANC_888:720575941395184022	left side of organism	has_soma_location			BANC888	doi:10.1038/s41586-026-10735-w	BANC_v888 260702
VFB_00107b2h	BANC_888:720575941395185302	left side of organism	has_soma_location			BANC888	doi:10.1038/s41586-026-10735-w	BANC_v888 260702
VFB_00107b2i	BANC_888:720575941395189910	left side of organism	has_soma_location			BANC888	doi:10.1038/s41586-026-10735-w	BANC_v888 260702
VFB_00107b2j	BANC_888:720575941395190678	left side of organism	has_soma_location			BANC888	doi:10.1038/s41586-026-10735-w	BANC_v888 260702
VFB_00107b2k	BANC_888:720575941395194262	right side of organism	has_soma_location			BANC888	doi:10.1038/s41586-026-10735-w	BANC_v888 260702
VFB_00107b2l	BANC_888:720575941395197078	right side of organism	has_soma_location			BANC888	doi:10.1038/s41586-026-10735-w	BANC_v888 260702
VFB_00107b2m	BANC_888:720575941395197590	right side of organism	has_soma_location			BANC888	doi:10.1038/s41586-026-10735-w	BANC_v888 260702
VFB_00107b2n	BANC_888:720575941395198614	right side of organism	has_soma_location			BANC888	doi:10.1038/s41586-026-10735-w	BANC_v888 260702
VFB_00107b2o	BANC_888:720575941395199638	right side of organism	has_soma_location			BANC888	doi:10.1038/s41586-026-10735-w	BANC_v888 260702
VFB_00107b2p	BANC_888:720575941395204758	right side of organism	has_soma_location			BANC888	doi:10.1038/s41586-026-10735-w	BANC_v888 260702
VFB_00107b2q	BANC_888:720575941395208086	right side of organism	has_soma_location			BANC888	doi:10.1038/s41586-026-10735-w	BANC_v888 260702
VFB_00107b2r	BANC_888:720575941395208342	right side of organism	has_soma_location			BANC888	doi:10.1038/s41586-026-10735-w	BANC_v888 260702
VFB_00107b2s	BANC_888:720575941395209366	right side of organism	has_soma_location			BANC888	doi:10.1038/s41586-026-10735-w	BANC_v888 260702
VFB_00107b2t	BANC_888:720575941395214486	right side of organism	has_soma_location			BANC888	doi:10.1038/s41586-026-10735-w	BANC_v888 260702
VFB_00107b2u	BANC_888:720575941395214742	right side of organism	has_soma_location			BANC888	doi:10.1038/s41586-026-10735-w	BANC_v888 260702
VFB_00107b2v	BANC_888:720575941395214998	right side of organism	has_soma_location			BANC888	doi:10.1038/s41586-026-10735-w	BANC_v888 260702
VFB_00107b2w	BANC_888:720575941395219862	right side of organism	has_soma_location			BANC888	doi:10.1038/s41586-026-10735-w	BANC_v888 260702
VFB_00107b2x	BANC_888:720575941395223190	right side of organism	has_soma_location			BANC888	doi:10.1038/s41586-026-10735-w	BANC_v888 260702
VFB_00107b2y	BANC_888:720575941395227030	right side of organism	has_soma_location			BANC888	doi:10.1038/s41586-026-10735-w	BANC_v888 260702
VFB_00107b2z	BANC_888:720575941395228822	right side of organism	has_soma_location			BANC888	doi:10.1038/s41586-026-10735-w	BANC_v888 260702
VFB_00107b30	BANC_888:720575941395230358	right side of organism	has_soma_location			BANC888	doi:10.1038/s41586-026-10735-w	BANC_v888 260702
VFB_00107b31	BANC_888:720575941395237014	right side of organism	has_soma_location			BANC888	doi:10.1038/s41586-026-10735-w	BANC_v888 260702
VFB_00107b32	BANC_888:720575941395240086	right side of organism	has_soma_location			BANC888	doi:10.1038/s41586-026-10735-w	BANC_v888 260702
VFB_00107b33	BANC_888:720575941395241878	right side of organism	has_soma_location			BANC888	doi:10.1038/s41586-026-10735-w	BANC_v888 260702
VFB_00107b34	BANC_888:720575941395244182	right side of organism	has_soma_location			BANC888	doi:10.1038/s41586-026-10735-w	BANC_v888 260702
VFB_00107b35	BANC_888:720575941395244694	right side of organism	has_soma_location			BANC888	doi:10.1038/s41586-026-10735-w	BANC_v888 260702
VFB_00107b36	BANC_888:720575941395315517	left side of organism	has_soma_location			BANC888	doi:10.1038/s41586-026-10735-w	BANC_v888 260702
VFB_00107b37	BANC_888:720575941397261596	right side of organism	has_soma_location			BANC888	doi:10.1038/s41586-026-10735-w	BANC_v888 260702
VFB_00107b38	BANC_888:720575941397512220	right side of organism	has_soma_location			BANC888	doi:10.1038/s41586-026-10735-w	BANC_v888 260702
VFB_00107b39	BANC_888:720575941398375964	right side of organism	has_soma_location			BANC888	doi:10.1038/s41586-026-10735-w	BANC_v888 260702
VFB_00107b3a	BANC_888:720575941398969123	right side of organism	has_soma_location			BANC888	doi:10.1038/s41586-026-10735-w	BANC_v888 260702
VFB_00106ev0	BANC_888:720575941399010595	right side of organism	has_soma_location			BANC888	doi:10.1038/s41586-026-10735-w	BANC_v888 260702
VFB_00106ev1	BANC_888:720575941399042851	left side of organism	has_soma_location			BANC888	doi:10.1038/s41586-026-10735-w	BANC_v888 260702
VFB_00106ev2	BANC_888:720575941399099427	right side of organism	has_soma_location			BANC888	doi:10.1038/s41586-026-10735-w	BANC_v888 260702
VFB_00106ev3	BANC_888:720575941399163683	right side of organism	has_soma_location			BANC888	doi:10.1038/s41586-026-10735-w	BANC_v888 260702
VFB_00106ev4	BANC_888:720575941399164451	right side of organism	has_soma_location			BANC888	doi:10.1038/s41586-026-10735-w	BANC_v888 260702
VFB_00106ev6	BANC_888:720575941399188003	right side of organism	has_soma_location			BANC888	doi:10.1038/s41586-026-10735-w	BANC_v888 260702
VFB_00106ev7	BANC_888:720575941399201315	right side of organism	has_soma_location			BANC888	doi:10.1038/s41586-026-10735-w	BANC_v888 260702
VFB_00106ev8	BANC_888:720575941399201827	left side of organism	has_soma_location			BANC888	doi:10.1038/s41586-026-10735-w	BANC_v888 260702
VFB_00106ev9	BANC_888:720575941399251235	left side of organism	has_soma_location			BANC888	doi:10.1038/s41586-026-10735-w	BANC_v888 260702
VFB_00106eva	BANC_888:720575941399253283	right side of organism	has_soma_location			BANC888	doi:10.1038/s41586-026-10735-w	BANC_v888 260702
VFB_00106evb	BANC_888:720575941399264291	left side of organism	has_soma_location			BANC888	doi:10.1038/s41586-026-10735-w	BANC_v888 260702
VFB_00107b3b	BANC_888:720575941399285539	left side of organism	has_soma_location			BANC888	doi:10.1038/s41586-026-10735-w	BANC_v888 260702
VFB_00106evc	BANC_888:720575941399288355	left side of organism	has_soma_location			BANC888	doi:10.1038/s41586-026-10735-w	BANC_v888 260702
VFB_00106evd	BANC_888:720575941399292707	left side of organism	has_soma_location			BANC888	doi:10.1038/s41586-026-10735-w	BANC_v888 260702
VFB_00106eve	BANC_888:720575941399300387	right side of organism	has_soma_location			BANC888	doi:10.1038/s41586-026-10735-w	BANC_v888 260702
VFB_00106evf	BANC_888:720575941399309603	left side of organism	has_soma_location			BANC888	doi:10.1038/s41586-026-10735-w	BANC_v888 260702
VFB_00106evg	BANC_888:720575941399314723	right side of organism	has_soma_location			BANC888	doi:10.1038/s41586-026-10735-w	BANC_v888 260702
VFB_00106evh	BANC_888:720575941399317539	right side of organism	has_soma_location			BANC888	doi:10.1038/s41586-026-10735-w	BANC_v888 260702
VFB_00107b3c	BANC_888:720575941399321635	left side of organism	has_soma_location			BANC888	doi:10.1038/s41586-026-10735-w	BANC_v888 260702
VFB_00106evi	BANC_888:720575941399323683	left side of organism	has_soma_location			BANC888	doi:10.1038/s41586-026-10735-w	BANC_v888 260702
VFB_00107b3d	BANC_888:720575941399324963	right side of organism	has_soma_location			BANC888	doi:10.1038/s41586-026-10735-w	BANC_v888 260702
VFB_00106evj	BANC_888:720575941399339811	right side of organism	has_soma_location			BANC888	doi:10.1038/s41586-026-10735-w	BANC_v888 260702
VFB_00106evk	BANC_888:720575941399363107	right side of organism	has_soma_location			BANC888	doi:10.1038/s41586-026-10735-w	BANC_v888 260702
VFB_00106evl	BANC_888:720575941399364899	right side of organism	has_soma_location			BANC888	doi:10.1038/s41586-026-10735-w	BANC_v888 260702
VFB_00106evm	BANC_888:720575941399378979	right side of organism	has_soma_location			BANC888	doi:10.1038/s41586-026-10735-w	BANC_v888 260702
VFB_00106evn	BANC_888:720575941399380515	right side of organism	has_soma_location			BANC888	doi:10.1038/s41586-026-10735-w	BANC_v888 260702
VFB_00106evo	BANC_888:720575941399392291	right side of organism	has_soma_location			BANC888	doi:10.1038/s41586-026-10735-w	BANC_v888 260702
VFB_00106evq	BANC_888:720575941399414563	right side of organism	has_soma_location			BANC888	doi:10.1038/s41586-026-10735-w	BANC_v888 260702
VFB_00106evr	BANC_888:720575941399428643	left side of organism	has_soma_location			BANC888	doi:10.1038/s41586-026-10735-w	BANC_v888 260702
VFB_00107b3e	BANC_888:720575941399501091	left side of organism	has_soma_location			BANC888	doi:10.1038/s41586-026-10735-w	BANC_v888 260702
VFB_00106evs	BANC_888:720575941399517475	right side of organism	has_soma_location			BANC888	doi:10.1038/s41586-026-10735-w	BANC_v888 260702
VFB_00107b3f	BANC_888:720575941399546403	left side of organism	has_soma_location			BANC888	doi:10.1038/s41586-026-10735-w	BANC_v888 260702
VFB_00106evt	BANC_888:720575941399576867	left side of organism	has_soma_location			BANC888	doi:10.1038/s41586-026-10735-w	BANC_v888 260702
VFB_00106evu	BANC_888:720575941399595555	left side of organism	has_soma_location			BANC888	doi:10.1038/s41586-026-10735-w	BANC_v888 260702
VFB_00106evv	BANC_888:720575941399615011	right side of organism	has_soma_location			BANC888	doi:10.1038/s41586-026-10735-w	BANC_v888 260702
VFB_00106evw	BANC_888:720575941399622435	left side of organism	has_soma_location			BANC888	doi:10.1038/s41586-026-10735-w	BANC_v888 260702
VFB_00107b3g	BANC_888:720575941399747363	left side of organism	has_soma_location			BANC888	doi:10.1038/s41586-026-10735-w	BANC_v888 260702
VFB_00107b3h	BANC_888:720575941399879971	left side of organism	has_soma_location			BANC888	doi:10.1038/s41586-026-10735-w	BANC_v888 260702
VFB_00106evy	BANC_888:720575941399887651	right side of organism	has_soma_location			BANC888	doi:10.1038/s41586-026-10735-w	BANC_v888 260702
VFB_00106evz	BANC_888:720575941399900451	right side of organism	has_soma_location			BANC888	doi:10.1038/s41586-026-10735-w	BANC_v888 260702
VFB_00106ew0	BANC_888:720575941399911203	right side of organism	has_soma_location			BANC888	doi:10.1038/s41586-026-10735-w	BANC_v888 260702
VFB_00106ew1	BANC_888:720575941399926051	right side of organism	has_soma_location			BANC888	doi:10.1038/s41586-026-10735-w	BANC_v888 260702
VFB_00106ew2	BANC_888:720575941399936803	left side of organism	has_soma_location			BANC888	doi:10.1038/s41586-026-10735-w	BANC_v888 260702
VFB_00106ew3	BANC_888:720575941399938083	right side of organism	has_soma_location			BANC888	doi:10.1038/s41586-026-10735-w	BANC_v888 260702
VFB_00106ew4	BANC_888:720575941399947555	right side of organism	has_soma_location			BANC888	doi:10.1038/s41586-026-10735-w	BANC_v888 260702
VFB_00106ew5	BANC_888:720575941399948067	right side of organism	has_soma_location			BANC888	doi:10.1038/s41586-026-10735-w	BANC_v888 260702
VFB_00106ew6	BANC_888:720575941399952931	right side of organism	has_soma_location			BANC888	doi:10.1038/s41586-026-10735-w	BANC_v888 260702
VFB_00106ew8	BANC_888:720575941399965987	right side of organism	has_soma_location			BANC888	doi:10.1038/s41586-026-10735-w	BANC_v888 260702
VFB_00106ew9	BANC_888:720575941399975715	right side of organism	has_soma_location			BANC888	doi:10.1038/s41586-026-10735-w	BANC_v888 260702
VFB_00106ewa	BANC_888:720575941399979299	right side of organism	has_soma_location			BANC888	doi:10.1038/s41586-026-10735-w	BANC_v888 260702
VFB_00106ewb	BANC_888:720575941399981859	right side of organism	has_soma_location			BANC888	doi:10.1038/s41586-026-10735-w	BANC_v888 260702
VFB_00107b3i	BANC_888:720575941399984419	right side of organism	has_soma_location			BANC888	doi:10.1038/s41586-026-10735-w	BANC_v888 260702
VFB_00106ewd	BANC_888:720575941399990307	right side of organism	has_soma_location			BANC888	doi:10.1038/s41586-026-10735-w	BANC_v888 260702
VFB_00106ewe	BANC_888:720575941399992355	right side of organism	has_soma_location			BANC888	doi:10.1038/s41586-026-10735-w	BANC_v888 260702
VFB_00106ewf	BANC_888:720575941399994915	right side of organism	has_soma_location			BANC888	doi:10.1038/s41586-026-10735-w	BANC_v888 260702
VFB_00106ewg	BANC_888:720575941400000291	right side of organism	has_soma_location			BANC888	doi:10.1038/s41586-026-10735-w	BANC_v888 260702
VFB_00106ewh	BANC_888:720575941400002851	right side of organism	has_soma_location			BANC888	doi:10.1038/s41586-026-10735-w	BANC_v888 260702
VFB_00107b3j	BANC_888:720575941400012835	right side of organism	has_soma_location			BANC888	doi:10.1038/s41586-026-10735-w	BANC_v888 260702
VFB_00106ewj	BANC_888:720575941400022819	right side of organism	has_soma_location			BANC888	doi:10.1038/s41586-026-10735-w	BANC_v888 260702
VFB_00107b3k	BANC_888:720575941400029219	right side of organism	has_soma_location			BANC888	doi:10.1038/s41586-026-10735-w	BANC_v888 260702
VFB_00106ewk	BANC_888:720575941400071203	right side of organism	has_soma_location			BANC888	doi:10.1038/s41586-026-10735-w	BANC_v888 260702
VFB_00107b3l	BANC_888:720575941400071459	right side of organism	has_soma_location			BANC888	doi:10.1038/s41586-026-10735-w	BANC_v888 260702
VFB_00107b3m	BANC_888:720575941400072227	right side of organism	has_soma_location			BANC888	doi:10.1038/s41586-026-10735-w	BANC_v888 260702
VFB_00107b3n	BANC_888:720575941400072739	right side of organism	has_soma_location			BANC888	doi:10.1038/s41586-026-10735-w	BANC_v888 260702
VFB_00107b3o	BANC_888:720575941400074531	right side of organism	has_soma_location			BANC888	doi:10.1038/s41586-026-10735-w	BANC_v888 260702
VFB_00106ewn	BANC_888:720575941400091683	right side of organism	has_soma_location			BANC888	doi:10.1038/s41586-026-10735-w	BANC_v888 260702
VFB_00106ewo	BANC_888:720575941400095267	right side of organism	has_soma_location			BANC888	doi:10.1038/s41586-026-10735-w	BANC_v888 260702
VFB_00106ewp	BANC_888:720575941400101155	right side of organism	has_soma_location			BANC888	doi:10.1038/s41586-026-10735-w	BANC_v888 260702
VFB_00106ewq	BANC_888:720575941400120355	right side of organism	has_soma_location			BANC888	doi:10.1038/s41586-026-10735-w	BANC_v888 260702
VFB_00106ewr	BANC_888:720575941400124707	right side of organism	has_soma_location			BANC888	doi:10.1038/s41586-026-10735-w	BANC_v888 260702
VFB_00106ews	BANC_888:720575941400125219	right side of organism	has_soma_location			BANC888	doi:10.1038/s41586-026-10735-w	BANC_v888 260702
VFB_00106ewt	BANC_888:720575941400127011	right side of organism	has_soma_location			BANC888	doi:10.1038/s41586-026-10735-w	BANC_v888 260702
VFB_00106ewu	BANC_888:720575941400135971	right side of organism	has_soma_location			BANC888	doi:10.1038/s41586-026-10735-w	BANC_v888 260702
VFB_00106ewv	BANC_888:720575941400138019	right side of organism	has_soma_location			BANC888	doi:10.1038/s41586-026-10735-w	BANC_v888 260702
VFB_00106eww	BANC_888:720575941400143907	right side of organism	has_soma_location			BANC888	doi:10.1038/s41586-026-10735-w	BANC_v888 260702
VFB_00106ewy	BANC_888:720575941400162595	right side of organism	has_soma_location			BANC888	doi:10.1038/s41586-026-10735-w	BANC_v888 260702
VFB_00106ex0	BANC_888:720575941400171555	right side of organism	has_soma_location			BANC888	doi:10.1038/s41586-026-10735-w	BANC_v888 260702
VFB_00106ex1	BANC_888:720575941400178467	right side of organism	has_soma_location			BANC888	doi:10.1038/s41586-026-10735-w	BANC_v888 260702
VFB_00106ex2	BANC_888:720575941400178979	right side of organism	has_soma_location			BANC888	doi:10.1038/s41586-026-10735-w	BANC_v888 260702
VFB_00106ex3	BANC_888:720575941400183075	right side of organism	has_soma_location			BANC888	doi:10.1038/s41586-026-10735-w	BANC_v888 260702
VFB_00106ex6	BANC_888:720575941400228643	right side of organism	has_soma_location			BANC888	doi:10.1038/s41586-026-10735-w	BANC_v888 260702
VFB_00106ex7	BANC_888:720575941400230179	right side of organism	has_soma_location			BANC888	doi:10.1038/s41586-026-10735-w	BANC_v888 260702
VFB_00106ex9	BANC_888:720575941400265763	left side of organism	has_soma_location			BANC888	doi:10.1038/s41586-026-10735-w	BANC_v888 260702
VFB_00106exa	BANC_888:720575941400280355	right side of organism	has_soma_location			BANC888	doi:10.1038/s41586-026-10735-w	BANC_v888 260702
VFB_00107b3p	BANC_888:720575941400283171	right side of organism	has_soma_location			BANC888	doi:10.1038/s41586-026-10735-w	BANC_v888 260702
VFB_00106exb	BANC_888:720575941400285475	right side of organism	has_soma_location			BANC888	doi:10.1038/s41586-026-10735-w	BANC_v888 260702
VFB_00106exc	BANC_888:720575941400290851	right side of organism	has_soma_location			BANC888	doi:10.1038/s41586-026-10735-w	BANC_v888 260702
VFB_00106exd	BANC_888:720575941400313891	right side of organism	has_soma_location			BANC888	doi:10.1038/s41586-026-10735-w	BANC_v888 260702
VFB_00106exe	BANC_888:720575941400314659	right side of organism	has_soma_location			BANC888	doi:10.1038/s41586-026-10735-w	BANC_v888 260702
VFB_00106exf	BANC_888:720575941400319779	right side of organism	has_soma_location			BANC888	doi:10.1038/s41586-026-10735-w	BANC_v888 260702
VFB_00106exg	BANC_888:720575941400332579	left side of organism	has_soma_location			BANC888	doi:10.1038/s41586-026-10735-w	BANC_v888 260702
VFB_00107b3q	BANC_888:720575941400357411	right side of organism	has_soma_location			BANC888	doi:10.1038/s41586-026-10735-w	BANC_v888 260702
VFB_00106exj	BANC_888:720575941400360739	right side of organism	has_soma_location			BANC888	doi:10.1038/s41586-026-10735-w	BANC_v888 260702
VFB_00106exk	BANC_888:720575941400369955	right side of organism	has_soma_location			BANC888	doi:10.1038/s41586-026-10735-w	BANC_v888 260702
VFB_00106exl	BANC_888:720575941400377379	right side of organism	has_soma_location			BANC888	doi:10.1038/s41586-026-10735-w	BANC_v888 260702
VFB_00106exm	BANC_888:720575941400395299	right side of organism	has_soma_location			BANC888	doi:10.1038/s41586-026-10735-w	BANC_v888 260702
VFB_00106exn	BANC_888:720575941400396067	right side of organism	has_soma_location			BANC888	doi:10.1038/s41586-026-10735-w	BANC_v888 260702
VFB_00106exo	BANC_888:720575941400401443	right side of organism	has_soma_location			BANC888	doi:10.1038/s41586-026-10735-w	BANC_v888 260702
VFB_00106exp	BANC_888:720575941400404259	right side of organism	has_soma_location			BANC888	doi:10.1038/s41586-026-10735-w	BANC_v888 260702
VFB_00106exq	BANC_888:720575941400417827	right side of organism	has_soma_location			BANC888	doi:10.1038/s41586-026-10735-w	BANC_v888 260702
VFB_00106exr	BANC_888:720575941400420899	left side of organism	has_soma_location			BANC888	doi:10.1038/s41586-026-10735-w	BANC_v888 260702
VFB_00106exs	BANC_888:720575941400423459	right side of organism	has_soma_location			BANC888	doi:10.1038/s41586-026-10735-w	BANC_v888 260702
VFB_00106ext	BANC_888:720575941400434979	left side of organism	has_soma_location			BANC888	doi:10.1038/s41586-026-10735-w	BANC_v888 260702
VFB_00106exu	BANC_888:720575941400436515	right side of organism	has_soma_location			BANC888	doi:10.1038/s41586-026-10735-w	BANC_v888 260702
VFB_00107b3r	BANC_888:720575941400451619	left side of organism	has_soma_location			BANC888	doi:10.1038/s41586-026-10735-w	BANC_v888 260702
VFB_00106exx	BANC_888:720575941400457251	right side of organism	has_soma_location			BANC888	doi:10.1038/s41586-026-10735-w	BANC_v888 260702
VFB_00106exy	BANC_888:720575941400463139	right side of organism	has_soma_location			BANC888	doi:10.1038/s41586-026-10735-w	BANC_v888 260702
VFB_00106ey0	BANC_888:720575941400471587	right side of organism	has_soma_location			BANC888	doi:10.1038/s41586-026-10735-w	BANC_v888 260702
VFB_00106ey1	BANC_888:720575941400475683	right side of organism	has_soma_location			BANC888	doi:10.1038/s41586-026-10735-w	BANC_v888 260702
VFB_00106ey2	BANC_888:720575941400480803	left side of organism	has_soma_location			BANC888	doi:10.1038/s41586-026-10735-w	BANC_v888 260702
VFB_00106ey3	BANC_888:720575941400484899	right side of organism	has_soma_location			BANC888	doi:10.1038/s41586-026-10735-w	BANC_v888 260702
VFB_00107b3s	BANC_888:720575941400493091	right side of organism	has_soma_location			BANC888	doi:10.1038/s41586-026-10735-w	BANC_v888 260702
VFB_00106ey4	BANC_888:720575941400501795	right side of organism	has_soma_location			BANC888	doi:10.1038/s41586-026-10735-w	BANC_v888 260702
VFB_00106ey5	BANC_888:720575941400519459	right side of organism	has_soma_location			BANC888	doi:10.1038/s41586-026-10735-w	BANC_v888 260702
VFB_00106ey6	BANC_888:720575941400575011	right side of organism	has_soma_location			BANC888	doi:10.1038/s41586-026-10735-w	BANC_v888 260702
VFB_00106ey7	BANC_888:720575941400580387	right side of organism	has_soma_location			BANC888	doi:10.1038/s41586-026-10735-w	BANC_v888 260702
VFB_00106ey8	BANC_888:720575941400580899	right side of organism	has_soma_location			BANC888	doi:10.1038/s41586-026-10735-w	BANC_v888 260702
VFB_00107b3t	BANC_888:720575941400595491	left side of organism	has_soma_location			BANC888	doi:10.1038/s41586-026-10735-w	BANC_v888 260702
VFB_00106eya	BANC_888:720575941400624675	right side of organism	has_soma_location			BANC888	doi:10.1038/s41586-026-10735-w	BANC_v888 260702
VFB_00107b3u	BANC_888:720575941400654883	right side of organism	has_soma_location			BANC888	doi:10.1038/s41586-026-10735-w	BANC_v888 260702
VFB_00106eyb	BANC_888:720575941400682275	left side of organism	has_soma_location			BANC888	doi:10.1038/s41586-026-10735-w	BANC_v888 260702
VFB_00106eyc	BANC_888:720575941400683299	right side of organism	has_soma_location			BANC888	doi:10.1038/s41586-026-10735-w	BANC_v888 260702
VFB_00106eyd	BANC_888:720575941400688419	right side of organism	has_soma_location			BANC888	doi:10.1038/s41586-026-10735-w	BANC_v888 260702
VFB_00106eye	BANC_888:720575941400698403	right side of organism	has_soma_location			BANC888	doi:10.1038/s41586-026-10735-w	BANC_v888 260702
VFB_00106eyf	BANC_888:720575941400698659	left side of organism	has_soma_location			BANC888	doi:10.1038/s41586-026-10735-w	BANC_v888 260702
VFB_00106eyg	BANC_888:720575941400700451	left side of organism	has_soma_location			BANC888	doi:10.1038/s41586-026-10735-w	BANC_v888 260702
VFB_00106eyh	BANC_888:720575941400703267	right side of organism	has_soma_location			BANC888	doi:10.1038/s41586-026-10735-w	BANC_v888 260702
VFB_00106eyi	BANC_888:720575941400707875	left side of organism	has_soma_location			BANC888	doi:10.1038/s41586-026-10735-w	BANC_v888 260702
VFB_00106eyj	BANC_888:720575941400710435	right side of organism	has_soma_location			BANC888	doi:10.1038/s41586-026-10735-w	BANC_v888 260702
VFB_00106eyk	BANC_888:720575941400730403	right side of organism	has_soma_location			BANC888	doi:10.1038/s41586-026-10735-w	BANC_v888 260702
VFB_00106eyl	BANC_888:720575941400730659	right side of organism	has_soma_location			BANC888	doi:10.1038/s41586-026-10735-w	BANC_v888 260702
VFB_00106eym	BANC_888:720575941400734243	left side of organism	has_soma_location			BANC888	doi:10.1038/s41586-026-10735-w	BANC_v888 260702
VFB_00106eyn	BANC_888:720575941400736035	left side of organism	has_soma_location			BANC888	doi:10.1038/s41586-026-10735-w	BANC_v888 260702
VFB_00106eyo	BANC_888:720575941400738339	left side of organism	has_soma_location			BANC888	doi:10.1038/s41586-026-10735-w	BANC_v888 260702
VFB_00106eyq	BANC_888:720575941400741411	left side of organism	has_soma_location			BANC888	doi:10.1038/s41586-026-10735-w	BANC_v888 260702
VFB_00106eyr	BANC_888:720575941400757795	left side of organism	has_soma_location			BANC888	doi:10.1038/s41586-026-10735-w	BANC_v888 260702
VFB_00106eys	BANC_888:720575941400767779	left side of organism	has_soma_location			BANC888	doi:10.1038/s41586-026-10735-w	BANC_v888 260702
VFB_00106eyt	BANC_888:720575941400788771	left side of organism	has_soma_location			BANC888	doi:10.1038/s41586-026-10735-w	BANC_v888 260702
VFB_00106eyu	BANC_888:720575941400789539	left side of organism	has_soma_location			BANC888	doi:10.1038/s41586-026-10735-w	BANC_v888 260702
VFB_00106eyv	BANC_888:720575941400792867	left side of organism	has_soma_location			BANC888	doi:10.1038/s41586-026-10735-w	BANC_v888 260702
VFB_00106eyw	BANC_888:720575941400803875	right side of organism	has_soma_location			BANC888	doi:10.1038/s41586-026-10735-w	BANC_v888 260702
VFB_00106eyx	BANC_888:720575941400814627	left side of organism	has_soma_location			BANC888	doi:10.1038/s41586-026-10735-w	BANC_v888 260702
VFB_00106eyy	BANC_888:720575941400818723	left side of organism	has_soma_location			BANC888	doi:10.1038/s41586-026-10735-w	BANC_v888 260702
VFB_00106eyz	BANC_888:720575941400823843	right side of organism	has_soma_location			BANC888	doi:10.1038/s41586-026-10735-w	BANC_v888 260702
VFB_00106ez0	BANC_888:720575941400827171	left side of organism	has_soma_location			BANC888	doi:10.1038/s41586-026-10735-w	BANC_v888 260702
VFB_00106ez1	BANC_888:720575941400838179	left side of organism	has_soma_location			BANC888	doi:10.1038/s41586-026-10735-w	BANC_v888 260702
VFB_00106ez2	BANC_888:720575941400845091	right side of organism	has_soma_location			BANC888	doi:10.1038/s41586-026-10735-w	BANC_v888 260702
VFB_00107b3v	BANC_888:720575941400846458	right side of organism	has_soma_location			BANC888	doi:10.1038/s41586-026-10735-w	BANC_v888 260702
VFB_00107b3w	BANC_888:720575941400847395	right side of organism	has_soma_location			BANC888	doi:10.1038/s41586-026-10735-w	BANC_v888 260702
VFB_00107b3x	BANC_888:720575941400855418	right side of organism	has_soma_location			BANC888	doi:10.1038/s41586-026-10735-w	BANC_v888 260702
VFB_00106ez3	BANC_888:720575941400855587	right side of organism	has_soma_location			BANC888	doi:10.1038/s41586-026-10735-w	BANC_v888 260702
VFB_00106ez4	BANC_888:720575941400856099	right side of organism	has_soma_location			BANC888	doi:10.1038/s41586-026-10735-w	BANC_v888 260702
VFB_00107b3y	BANC_888:720575941400875043	left side of organism	has_soma_location			BANC888	doi:10.1038/s41586-026-10735-w	BANC_v888 260702
VFB_00106ez6	BANC_888:720575941400884771	left side of organism	has_soma_location			BANC888	doi:10.1038/s41586-026-10735-w	BANC_v888 260702
VFB_00106ez7	BANC_888:720575941400887331	right side of organism	has_soma_location			BANC888	doi:10.1038/s41586-026-10735-w	BANC_v888 260702
VFB_00106ez8	BANC_888:720575941400887587	left side of organism	has_soma_location			BANC888	doi:10.1038/s41586-026-10735-w	BANC_v888 260702
VFB_00106ez9	BANC_888:720575941400896291	left side of organism	has_soma_location			BANC888	doi:10.1038/s41586-026-10735-w	BANC_v888 260702
VFB_00106eza	BANC_888:720575941400897827	right side of organism	has_soma_location			BANC888	doi:10.1038/s41586-026-10735-w	BANC_v888 260702
VFB_00106ezb	BANC_888:720575941400899875	left side of organism	has_soma_location			BANC888	doi:10.1038/s41586-026-10735-w	BANC_v888 260702
VFB_00106ezc	BANC_888:720575941400903203	right side of organism	has_soma_location			BANC888	doi:10.1038/s41586-026-10735-w	BANC_v888 260702
VFB_00106ezd	BANC_888:720575941400907811	right side of organism	has_soma_location			BANC888	doi:10.1038/s41586-026-10735-w	BANC_v888 260702
VFB_00106eze	BANC_888:720575941400910115	right side of organism	has_soma_location			BANC888	doi:10.1038/s41586-026-10735-w	BANC_v888 260702
VFB_00107b3z	BANC_888:720575941400923171	right side of organism	has_soma_location			BANC888	doi:10.1038/s41586-026-10735-w	BANC_v888 260702
VFB_00106ezf	BANC_888:720575941400930851	left side of organism	has_soma_location			BANC888	doi:10.1038/s41586-026-10735-w	BANC_v888 260702
VFB_00106ezg	BANC_888:720575941400934691	right side of organism	has_soma_location			BANC888	doi:10.1038/s41586-026-10735-w	BANC_v888 260702
VFB_00106ezi	BANC_888:720575941400947747	right side of organism	has_soma_location			BANC888	doi:10.1038/s41586-026-10735-w	BANC_v888 260702
VFB_00106ezj	BANC_888:720575941400948515	left side of organism	has_soma_location			BANC888	doi:10.1038/s41586-026-10735-w	BANC_v888 260702
VFB_00106ezk	BANC_888:720575941400949539	left side of organism	has_soma_location			BANC888	doi:10.1038/s41586-026-10735-w	BANC_v888 260702
VFB_00106ezl	BANC_888:720575941400967459	left side of organism	has_soma_location			BANC888	doi:10.1038/s41586-026-10735-w	BANC_v888 260702
VFB_00106ezm	BANC_888:720575941400967715	right side of organism	has_soma_location			BANC888	doi:10.1038/s41586-026-10735-w	BANC_v888 260702
VFB_00106ezn	BANC_888:720575941400971555	left side of organism	has_soma_location			BANC888	doi:10.1038/s41586-026-10735-w	BANC_v888 260702
VFB_00106ezp	BANC_888:720575941400987427	right side of organism	has_soma_location			BANC888	doi:10.1038/s41586-026-10735-w	BANC_v888 260702
VFB_00106ezq	BANC_888:720575941400991011	right side of organism	has_soma_location			BANC888	doi:10.1038/s41586-026-10735-w	BANC_v888 260702
VFB_00106ezr	BANC_888:720575941400992803	left side of organism	has_soma_location			BANC888	doi:10.1038/s41586-026-10735-w	BANC_v888 260702
VFB_00106ezs	BANC_888:720575941400997411	right side of organism	has_soma_location			BANC888	doi:10.1038/s41586-026-10735-w	BANC_v888 260702
VFB_00106ezt	BANC_888:720575941401013539	right side of organism	has_soma_location			BANC888	doi:10.1038/s41586-026-10735-w	BANC_v888 260702
VFB_00106ezu	BANC_888:720575941401022755	left side of organism	has_soma_location			BANC888	doi:10.1038/s41586-026-10735-w	BANC_v888 260702
VFB_00106ezv	BANC_888:720575941401030179	left side of organism	has_soma_location			BANC888	doi:10.1038/s41586-026-10735-w	BANC_v888 260702
VFB_00106ezx	BANC_888:720575941401059619	left side of organism	has_soma_location			BANC888	doi:10.1038/s41586-026-10735-w	BANC_v888 260702
VFB_00106ezy	BANC_888:720575941401067043	left side of organism	has_soma_location			BANC888	doi:10.1038/s41586-026-10735-w	BANC_v888 260702
VFB_00107b40	BANC_888:720575941401068835	right side of organism	has_soma_location			BANC888	doi:10.1038/s41586-026-10735-w	BANC_v888 260702
VFB_00106ezz	BANC_888:720575941401071139	right side of organism	has_soma_location			BANC888	doi:10.1038/s41586-026-10735-w	BANC_v888 260702
VFB_00106f01	BANC_888:720575941401075747	right side of organism	has_soma_location			BANC888	doi:10.1038/s41586-026-10735-w	BANC_v888 260702
VFB_00106f02	BANC_888:720575941401076003	left side of organism	has_soma_location			BANC888	doi:10.1038/s41586-026-10735-w	BANC_v888 260702
VFB_00106f03	BANC_888:720575941401077795	left side of organism	has_soma_location			BANC888	doi:10.1038/s41586-026-10735-w	BANC_v888 260702
VFB_00107b41	BANC_888:720575941401079843	left side of organism	has_soma_location			BANC888	doi:10.1038/s41586-026-10735-w	BANC_v888 260702
VFB_00107b42	BANC_888:720575941401083171	left side of organism	has_soma_location			BANC888	doi:10.1038/s41586-026-10735-w	BANC_v888 260702
VFB_00107b43	BANC_888:720575941401084451	left side of organism	has_soma_location			BANC888	doi:10.1038/s41586-026-10735-w	BANC_v888 260702
VFB_00106f04	BANC_888:720575941401093155	right side of organism	has_soma_location			BANC888	doi:10.1038/s41586-026-10735-w	BANC_v888 260702
VFB_00106f06	BANC_888:720575941401098275	right side of organism	has_soma_location			BANC888	doi:10.1038/s41586-026-10735-w	BANC_v888 260702
VFB_00106f07	BANC_888:720575941401180707	right side of organism	has_soma_location			BANC888	doi:10.1038/s41586-026-10735-w	BANC_v888 260702
VFB_00106f08	BANC_888:720575941401190691	right side of organism	has_soma_location			BANC888	doi:10.1038/s41586-026-10735-w	BANC_v888 260702
VFB_00107b44	BANC_888:720575941401204515	right side of organism	has_soma_location			BANC888	doi:10.1038/s41586-026-10735-w	BANC_v888 260702
VFB_00106f0a	BANC_888:720575941401207075	left side of organism	has_soma_location			BANC888	doi:10.1038/s41586-026-10735-w	BANC_v888 260702
VFB_00107b45	BANC_888:720575941401218339	right side of organism	has_soma_location			BANC888	doi:10.1038/s41586-026-10735-w	BANC_v888 260702
VFB_00107b46	BANC_888:720575941401219619	right side of organism	has_soma_location			BANC888	doi:10.1038/s41586-026-10735-w	BANC_v888 260702
VFB_00107b47	BANC_888:720575941401227811	right side of organism	has_soma_location			BANC888	doi:10.1038/s41586-026-10735-w	BANC_v888 260702
VFB_00106f0d	BANC_888:720575941401231907	right side of organism	has_soma_location			BANC888	doi:10.1038/s41586-026-10735-w	BANC_v888 260702
VFB_00106f0e	BANC_888:720575941401253155	right side of organism	has_soma_location			BANC888	doi:10.1038/s41586-026-10735-w	BANC_v888 260702
VFB_00106f0f	BANC_888:720575941401275939	right side of organism	has_soma_location			BANC888	doi:10.1038/s41586-026-10735-w	BANC_v888 260702
VFB_00106f0g	BANC_888:720575941401286179	left side of organism	has_soma_location			BANC888	doi:10.1038/s41586-026-10735-w	BANC_v888 260702
VFB_00107b48	BANC_888:720575941401303587	right side of organism	has_soma_location			BANC888	doi:10.1038/s41586-026-10735-w	BANC_v888 260702
VFB_00107b49	BANC_888:720575941401318179	left side of organism	has_soma_location			BANC888	doi:10.1038/s41586-026-10735-w	BANC_v888 260702
VFB_00106f0h	BANC_888:720575941401329699	right side of organism	has_soma_location			BANC888	doi:10.1038/s41586-026-10735-w	BANC_v888 260702
VFB_00107b4a	BANC_888:720575941401343011	right side of organism	has_soma_location			BANC888	doi:10.1038/s41586-026-10735-w	BANC_v888 260702
VFB_00106f0j	BANC_888:720575941401359395	right side of organism	has_soma_location			BANC888	doi:10.1038/s41586-026-10735-w	BANC_v888 260702
VFB_00106f0k	BANC_888:720575941401375011	left side of organism	has_soma_location			BANC888	doi:10.1038/s41586-026-10735-w	BANC_v888 260702
VFB_00106f0l	BANC_888:720575941401382435	left side of organism	has_soma_location			BANC888	doi:10.1038/s41586-026-10735-w	BANC_v888 260702
VFB_00106f0m	BANC_888:720575941401383971	right side of organism	has_soma_location			BANC888	doi:10.1038/s41586-026-10735-w	BANC_v888 260702
VFB_00107b4b	BANC_888:720575941401388154	right side of organism	has_soma_location			BANC888	doi:10.1038/s41586-026-10735-w	BANC_v888 260702
VFB_00107b4c	BANC_888:720575941401390202	right side of organism	has_soma_location			BANC888	doi:10.1038/s41586-026-10735-w	BANC_v888 260702
VFB_00106f0n	BANC_888:720575941401391139	right side of organism	has_soma_location			BANC888	doi:10.1038/s41586-026-10735-w	BANC_v888 260702
VFB_00106f0o	BANC_888:720575941401437987	right side of organism	has_soma_location			BANC888	doi:10.1038/s41586-026-10735-w	BANC_v888 260702
VFB_00106f0p	BANC_888:720575941401446179	right side of organism	has_soma_location			BANC888	doi:10.1038/s41586-026-10735-w	BANC_v888 260702
VFB_00107b4d	BANC_888:720575941401448483	left side of organism	has_soma_location			BANC888	doi:10.1038/s41586-026-10735-w	BANC_v888 260702
VFB_00106f0q	BANC_888:720575941401454883	left side of organism	has_soma_location			BANC888	doi:10.1038/s41586-026-10735-w	BANC_v888 260702
VFB_00106f0r	BANC_888:720575941401456931	right side of organism	has_soma_location			BANC888	doi:10.1038/s41586-026-10735-w	BANC_v888 260702
VFB_00106f0s	BANC_888:720575941401466659	right side of organism	has_soma_location			BANC888	doi:10.1038/s41586-026-10735-w	BANC_v888 260702
VFB_00107b4e	BANC_888:720575941401477226	right side of organism	has_soma_location			BANC888	doi:10.1038/s41586-026-10735-w	BANC_v888 260702
VFB_00107b4f	BANC_888:720575941401477667	right side of organism	has_soma_location			BANC888	doi:10.1038/s41586-026-10735-w	BANC_v888 260702
VFB_00107b4g	BANC_888:720575941401480298	right side of organism	has_soma_location			BANC888	doi:10.1038/s41586-026-10735-w	BANC_v888 260702
VFB_00107b4h	BANC_888:720575941401481066	right side of organism	has_soma_location			BANC888	doi:10.1038/s41586-026-10735-w	BANC_v888 260702
VFB_00107b4i	BANC_888:720575941401481322	right side of organism	has_soma_location			BANC888	doi:10.1038/s41586-026-10735-w	BANC_v888 260702
VFB_00107b4j	BANC_888:720575941401481834	right side of organism	has_soma_location			BANC888	doi:10.1038/s41586-026-10735-w	BANC_v888 260702
VFB_00107b4k	BANC_888:720575941401484323	right side of organism	has_soma_location			BANC888	doi:10.1038/s41586-026-10735-w	BANC_v888 260702
VFB_00107b4l	BANC_888:720575941401484906	right side of organism	has_soma_location			BANC888	doi:10.1038/s41586-026-10735-w	BANC_v888 260702
VFB_00107b4m	BANC_888:720575941401485418	right side of organism	has_soma_location			BANC888	doi:10.1038/s41586-026-10735-w	BANC_v888 260702
VFB_00107b4n	BANC_888:720575941401485674	right side of organism	has_soma_location			BANC888	doi:10.1038/s41586-026-10735-w	BANC_v888 260702
VFB_00106f0t	BANC_888:720575941401486371	right side of organism	has_soma_location			BANC888	doi:10.1038/s41586-026-10735-w	BANC_v888 260702
VFB_00107b4o	BANC_888:720575941401489187	right side of organism	has_soma_location			BANC888	doi:10.1038/s41586-026-10735-w	BANC_v888 260702
VFB_00106f0u	BANC_888:720575941401496867	right side of organism	has_soma_location			BANC888	doi:10.1038/s41586-026-10735-w	BANC_v888 260702
VFB_00106f0w	BANC_888:720575941401508131	right side of organism	has_soma_location			BANC888	doi:10.1038/s41586-026-10735-w	BANC_v888 260702
VFB_00107b4p	BANC_888:720575941401510691	right side of organism	has_soma_location			BANC888	doi:10.1038/s41586-026-10735-w	BANC_v888 260702
VFB_00106f0x	BANC_888:720575941401511971	right side of organism	has_soma_location			BANC888	doi:10.1038/s41586-026-10735-w	BANC_v888 260702
VFB_00107b4q	BANC_888:720575941401516067	right side of organism	has_soma_location			BANC888	doi:10.1038/s41586-026-10735-w	BANC_v888 260702
VFB_00106f0y	BANC_888:720575941401517859	right side of organism	has_soma_location			BANC888	doi:10.1038/s41586-026-10735-w	BANC_v888 260702
VFB_00106f0z	BANC_888:720575941401518371	right side of organism	has_soma_location			BANC888	doi:10.1038/s41586-026-10735-w	BANC_v888 260702
VFB_00106f11	BANC_888:720575941401525539	right side of organism	has_soma_location			BANC888	doi:10.1038/s41586-026-10735-w	BANC_v888 260702
VFB_00106f12	BANC_888:720575941401526307	right side of organism	has_soma_location			BANC888	doi:10.1038/s41586-026-10735-w	BANC_v888 260702
VFB_00107b4r	BANC_888:720575941401528099	left side of organism	has_soma_location			BANC888	doi:10.1038/s41586-026-10735-w	BANC_v888 260702
VFB_00107b4s	BANC_888:720575941401538851	left side of organism	has_soma_location			BANC888	doi:10.1038/s41586-026-10735-w	BANC_v888 260702
VFB_00107b4t	BANC_888:720575941401541155	left side of organism	has_soma_location			BANC888	doi:10.1038/s41586-026-10735-w	BANC_v888 260702
VFB_00106f13	BANC_888:720575941401552163	right side of organism	has_soma_location			BANC888	doi:10.1038/s41586-026-10735-w	BANC_v888 260702
VFB_00106f14	BANC_888:720575941401556771	left side of organism	has_soma_location			BANC888	doi:10.1038/s41586-026-10735-w	BANC_v888 260702
VFB_00107b4u	BANC_888:720575941401571107	left side of organism	has_soma_location			BANC888	doi:10.1038/s41586-026-10735-w	BANC_v888 260702
VFB_00107b4v	BANC_888:720575941401576739	left side of organism	has_soma_location			BANC888	doi:10.1038/s41586-026-10735-w	BANC_v888 260702
VFB_00107b4w	BANC_888:720575941401579555	right side of organism	has_soma_location			BANC888	doi:10.1038/s41586-026-10735-w	BANC_v888 260702
VFB_00107b4x	BANC_888:720575941401592099	right side of organism	has_soma_location			BANC888	doi:10.1038/s41586-026-10735-w	BANC_v888 260702
VFB_00106f15	BANC_888:720575941401609251	right side of organism	has_soma_location			BANC888	doi:10.1038/s41586-026-10735-w	BANC_v888 260702
VFB_00106f17	BANC_888:720575941401613091	right side of organism	has_soma_location			BANC888	doi:10.1038/s41586-026-10735-w	BANC_v888 260702
VFB_00107b4y	BANC_888:720575941401624099	left side of organism	has_soma_location			BANC888	doi:10.1038/s41586-026-10735-w	BANC_v888 260702
VFB_00106f18	BANC_888:720575941401627427	right side of organism	has_soma_location			BANC888	doi:10.1038/s41586-026-10735-w	BANC_v888 260702
VFB_00107b4z	BANC_888:720575941401636131	left side of organism	has_soma_location			BANC888	doi:10.1038/s41586-026-10735-w	BANC_v888 260702
VFB_00106f19	BANC_888:720575941401637923	right side of organism	has_soma_location			BANC888	doi:10.1038/s41586-026-10735-w	BANC_v888 260702
VFB_00107b50	BANC_888:720575941401644067	left side of organism	has_soma_location			BANC888	doi:10.1038/s41586-026-10735-w	BANC_v888 260702
VFB_00106f1a	BANC_888:720575941401648419	right side of organism	has_soma_location			BANC888	doi:10.1038/s41586-026-10735-w	BANC_v888 260702
VFB_00106f1b	BANC_888:720575941401655075	right side of organism	has_soma_location			BANC888	doi:10.1038/s41586-026-10735-w	BANC_v888 260702
VFB_00106f1c	BANC_888:720575941401656355	right side of organism	has_soma_location			BANC888	doi:10.1038/s41586-026-10735-w	BANC_v888 260702
VFB_00106f1d	BANC_888:720575941401657123	left side of organism	has_soma_location			BANC888	doi:10.1038/s41586-026-10735-w	BANC_v888 260702
VFB_00107b51	BANC_888:720575941401664803	right side of organism	has_soma_location			BANC888	doi:10.1038/s41586-026-10735-w	BANC_v888 260702
VFB_00107b52	BANC_888:720575941401690403	right side of organism	has_soma_location			BANC888	doi:10.1038/s41586-026-10735-w	BANC_v888 260702
VFB_00106f1f	BANC_888:720575941401704483	left side of organism	has_soma_location			BANC888	doi:10.1038/s41586-026-10735-w	BANC_v888 260702
VFB_00107b53	BANC_888:720575941401710883	right side of organism	has_soma_location			BANC888	doi:10.1038/s41586-026-10735-w	BANC_v888 260702
VFB_00106f1g	BANC_888:720575941401716003	left side of organism	has_soma_location			BANC888	doi:10.1038/s41586-026-10735-w	BANC_v888 260702
VFB_00106f1h	BANC_888:720575941401722147	right side of organism	has_soma_location			BANC888	doi:10.1038/s41586-026-10735-w	BANC_v888 260702
VFB_00106f1i	BANC_888:720575941401724707	right side of organism	has_soma_location			BANC888	doi:10.1038/s41586-026-10735-w	BANC_v888 260702
VFB_00107b54	BANC_888:720575941401733667	right side of organism	has_soma_location			BANC888	doi:10.1038/s41586-026-10735-w	BANC_v888 260702
VFB_00106f1j	BANC_888:720575941401735203	left side of organism	has_soma_location			BANC888	doi:10.1038/s41586-026-10735-w	BANC_v888 260702
VFB_00106f1k	BANC_888:720575941401738787	left side of organism	has_soma_location			BANC888	doi:10.1038/s41586-026-10735-w	BANC_v888 260702
VFB_00106f1l	BANC_888:720575941401753379	right side of organism	has_soma_location			BANC888	doi:10.1038/s41586-026-10735-w	BANC_v888 260702
VFB_00106f1m	BANC_888:720575941401753635	left side of organism	has_soma_location			BANC888	doi:10.1038/s41586-026-10735-w	BANC_v888 260702
VFB_00106f1n	BANC_888:720575941401760803	left side of organism	has_soma_location			BANC888	doi:10.1038/s41586-026-10735-w	BANC_v888 260702
VFB_00106f1o	BANC_888:720575941401761315	left side of organism	has_soma_location			BANC888	doi:10.1038/s41586-026-10735-w	BANC_v888 260702
VFB_00107b55	BANC_888:720575941401764643	right side of organism	has_soma_location			BANC888	doi:10.1038/s41586-026-10735-w	BANC_v888 260702
VFB_00106f1p	BANC_888:720575941401766435	left side of organism	has_soma_location			BANC888	doi:10.1038/s41586-026-10735-w	BANC_v888 260702
VFB_00106f1q	BANC_888:720575941401772067	right side of organism	has_soma_location			BANC888	doi:10.1038/s41586-026-10735-w	BANC_v888 260702
VFB_00106f1r	BANC_888:720575941401773091	left side of organism	has_soma_location			BANC888	doi:10.1038/s41586-026-10735-w	BANC_v888 260702
VFB_00106f1s	BANC_888:720575941401775651	right side of organism	has_soma_location			BANC888	doi:10.1038/s41586-026-10735-w	BANC_v888 260702
VFB_00106f1t	BANC_888:720575941401776931	right side of organism	has_soma_location			BANC888	doi:10.1038/s41586-026-10735-w	BANC_v888 260702
VFB_00106f1v	BANC_888:720575941401780003	right side of organism	has_soma_location			BANC888	doi:10.1038/s41586-026-10735-w	BANC_v888 260702
VFB_00106f1w	BANC_888:720575941401782307	right side of organism	has_soma_location			BANC888	doi:10.1038/s41586-026-10735-w	BANC_v888 260702
VFB_00106f1x	BANC_888:720575941401783587	left side of organism	has_soma_location			BANC888	doi:10.1038/s41586-026-10735-w	BANC_v888 260702
VFB_00106f1y	BANC_888:720575941401786403	right side of organism	has_soma_location			BANC888	doi:10.1038/s41586-026-10735-w	BANC_v888 260702
VFB_00107b56	BANC_888:720575941401795107	left side of organism	has_soma_location			BANC888	doi:10.1038/s41586-026-10735-w	BANC_v888 260702
VFB_00106f1z	BANC_888:720575941401795619	left side of organism	has_soma_location			BANC888	doi:10.1038/s41586-026-10735-w	BANC_v888 260702
VFB_00106f20	BANC_888:720575941401812771	left side of organism	has_soma_location			BANC888	doi:10.1038/s41586-026-10735-w	BANC_v888 260702
VFB_00106f21	BANC_888:720575941401813027	right side of organism	has_soma_location			BANC888	doi:10.1038/s41586-026-10735-w	BANC_v888 260702
VFB_00106f22	BANC_888:720575941401814307	left side of organism	has_soma_location			BANC888	doi:10.1038/s41586-026-10735-w	BANC_v888 260702
VFB_00106f23	BANC_888:720575941401815331	left side of organism	has_soma_location			BANC888	doi:10.1038/s41586-026-10735-w	BANC_v888 260702
VFB_00107b57	BANC_888:720575941401832739	left side of organism	has_soma_location			BANC888	doi:10.1038/s41586-026-10735-w	BANC_v888 260702
VFB_00106f25	BANC_888:720575941401852963	right side of organism	has_soma_location			BANC888	doi:10.1038/s41586-026-10735-w	BANC_v888 260702
VFB_00106f27	BANC_888:720575941401862947	right side of organism	has_soma_location			BANC888	doi:10.1038/s41586-026-10735-w	BANC_v888 260702
VFB_00106f28	BANC_888:720575941401901347	right side of organism	has_soma_location			BANC888	doi:10.1038/s41586-026-10735-w	BANC_v888 260702
VFB_00106f2a	BANC_888:720575941401905955	right side of organism	has_soma_location			BANC888	doi:10.1038/s41586-026-10735-w	BANC_v888 260702
VFB_00107b58	BANC_888:720575941401912611	left side of organism	has_soma_location			BANC888	doi:10.1038/s41586-026-10735-w	BANC_v888 260702
VFB_00106f2b	BANC_888:720575941401915939	right side of organism	has_soma_location			BANC888	doi:10.1038/s41586-026-10735-w	BANC_v888 260702
VFB_00106f2c	BANC_888:720575941401917987	left side of organism	has_soma_location			BANC888	doi:10.1038/s41586-026-10735-w	BANC_v888 260702
VFB_00107b59	BANC_888:720575941401918499	left side of organism	has_soma_location			BANC888	doi:10.1038/s41586-026-10735-w	BANC_v888 260702
VFB_00106f2e	BANC_888:720575941401933347	left side of organism	has_soma_location			BANC888	doi:10.1038/s41586-026-10735-w	BANC_v888 260702
VFB_00106f2f	BANC_888:720575941401948195	left side of organism	has_soma_location			BANC888	doi:10.1038/s41586-026-10735-w	BANC_v888 260702
VFB_00106f2g	BANC_888:720575941401954339	right side of organism	has_soma_location			BANC888	doi:10.1038/s41586-026-10735-w	BANC_v888 260702
VFB_00106f2h	BANC_888:720575941401962787	left side of organism	has_soma_location			BANC888	doi:10.1038/s41586-026-10735-w	BANC_v888 260702
VFB_00106f2i	BANC_888:720575941401964579	right side of organism	has_soma_location			BANC888	doi:10.1038/s41586-026-10735-w	BANC_v888 260702
VFB_00106f2j	BANC_888:720575941401974051	left side of organism	has_soma_location			BANC888	doi:10.1038/s41586-026-10735-w	BANC_v888 260702
VFB_00106f2k	BANC_888:720575941401981475	left side of organism	has_soma_location			BANC888	doi:10.1038/s41586-026-10735-w	BANC_v888 260702
VFB_00106f2l	BANC_888:720575941401982499	left side of organism	has_soma_location			BANC888	doi:10.1038/s41586-026-10735-w	BANC_v888 260702
VFB_00106f2m	BANC_888:720575941401984291	right side of organism	has_soma_location			BANC888	doi:10.1038/s41586-026-10735-w	BANC_v888 260702
VFB_00107b5a	BANC_888:720575941401991715	left side of organism	has_soma_location			BANC888	doi:10.1038/s41586-026-10735-w	BANC_v888 260702
VFB_00106f2o	BANC_888:720575941401994275	left side of organism	has_soma_location			BANC888	doi:10.1038/s41586-026-10735-w	BANC_v888 260702
VFB_00107b5b	BANC_888:720575941401994593	right side of organism	has_soma_location			BANC888	doi:10.1038/s41586-026-10735-w	BANC_v888 260702
VFB_00107b5c	BANC_888:720575941402006563	right side of organism	has_soma_location			BANC888	doi:10.1038/s41586-026-10735-w	BANC_v888 260702
VFB_00107b5d	BANC_888:720575941402006819	left side of organism	has_soma_location			BANC888	doi:10.1038/s41586-026-10735-w	BANC_v888 260702
VFB_00106f2p	BANC_888:720575941402007331	left side of organism	has_soma_location			BANC888	doi:10.1038/s41586-026-10735-w	BANC_v888 260702
VFB_00106f2q	BANC_888:720575941402014243	right side of organism	has_soma_location			BANC888	doi:10.1038/s41586-026-10735-w	BANC_v888 260702
VFB_00106f2r	BANC_888:720575941402017571	right side of organism	has_soma_location			BANC888	doi:10.1038/s41586-026-10735-w	BANC_v888 260702
VFB_00106f2s	BANC_888:720575941402023280	right side of organism	has_soma_location			BANC888	doi:10.1038/s41586-026-10735-w	BANC_v888 260702
VFB_00106f2t	BANC_888:720575941402027043	right side of organism	has_soma_location			BANC888	doi:10.1038/s41586-026-10735-w	BANC_v888 260702
VFB_00106f2u	BANC_888:720575941402030115	right side of organism	has_soma_location			BANC888	doi:10.1038/s41586-026-10735-w	BANC_v888 260702
VFB_00106f2v	BANC_888:720575941402032240	right side of organism	has_soma_location			BANC888	doi:10.1038/s41586-026-10735-w	BANC_v888 260702
VFB_00106f2w	BANC_888:720575941402045987	right side of organism	has_soma_location			BANC888	doi:10.1038/s41586-026-10735-w	BANC_v888 260702
VFB_00107b5e	BANC_888:720575941402048803	left side of organism	has_soma_location			BANC888	doi:10.1038/s41586-026-10735-w	BANC_v888 260702
VFB_00106f2y	BANC_888:720575941402049904	right side of organism	has_soma_location			BANC888	doi:10.1038/s41586-026-10735-w	BANC_v888 260702
VFB_00106f2z	BANC_888:720575941402058608	right side of organism	has_soma_location			BANC888	doi:10.1038/s41586-026-10735-w	BANC_v888 260702
VFB_00106f30	BANC_888:720575941402059632	right side of organism	has_soma_location			BANC888	doi:10.1038/s41586-026-10735-w	BANC_v888 260702
VFB_00107b5f	BANC_888:720575941402060835	right side of organism	has_soma_location			BANC888	doi:10.1038/s41586-026-10735-w	BANC_v888 260702
VFB_00106f31	BANC_888:720575941402062115	right side of organism	has_soma_location			BANC888	doi:10.1038/s41586-026-10735-w	BANC_v888 260702
VFB_00107b5g	BANC_888:720575941402069283	left side of organism	has_soma_location			BANC888	doi:10.1038/s41586-026-10735-w	BANC_v888 260702
VFB_00107b5h	BANC_888:720575941402070307	right side of organism	has_soma_location			BANC888	doi:10.1038/s41586-026-10735-w	BANC_v888 260702
VFB_00106f33	BANC_888:720575941402071408	right side of organism	has_soma_location			BANC888	doi:10.1038/s41586-026-10735-w	BANC_v888 260702
VFB_00106f34	BANC_888:720575941402073635	right side of organism	has_soma_location			BANC888	doi:10.1038/s41586-026-10735-w	BANC_v888 260702
VFB_00106f35	BANC_888:720575941402080291	right side of organism	has_soma_location			BANC888	doi:10.1038/s41586-026-10735-w	BANC_v888 260702
VFB_00106f36	BANC_888:720575941402084643	right side of organism	has_soma_location			BANC888	doi:10.1038/s41586-026-10735-w	BANC_v888 260702
VFB_00106f37	BANC_888:720575941402086000	left side of organism	has_soma_location			BANC888	doi:10.1038/s41586-026-10735-w	BANC_v888 260702
VFB_00106f38	BANC_888:720575941402086768	right side of organism	has_soma_location			BANC888	doi:10.1038/s41586-026-10735-w	BANC_v888 260702
VFB_00106f39	BANC_888:720575941402088304	left side of organism	has_soma_location			BANC888	doi:10.1038/s41586-026-10735-w	BANC_v888 260702
VFB_00106f3a	BANC_888:720575941402089251	left side of organism	has_soma_location			BANC888	doi:10.1038/s41586-026-10735-w	BANC_v888 260702
VFB_00106f3b	BANC_888:720575941402089763	left side of organism	has_soma_location			BANC888	doi:10.1038/s41586-026-10735-w	BANC_v888 260702
VFB_00107b5i	BANC_888:720575941402091043	left side of organism	has_soma_location			BANC888	doi:10.1038/s41586-026-10735-w	BANC_v888 260702
VFB_00107b5j	BANC_888:720575941402096931	left side of organism	has_soma_location			BANC888	doi:10.1038/s41586-026-10735-w	BANC_v888 260702
VFB_00107b5k	BANC_888:720575941402098723	left side of organism	has_soma_location			BANC888	doi:10.1038/s41586-026-10735-w	BANC_v888 260702
VFB_00107b5l	BANC_888:720575941402109731	left side of organism	has_soma_location			BANC888	doi:10.1038/s41586-026-10735-w	BANC_v888 260702
VFB_00106f3d	BANC_888:720575941402112547	right side of organism	has_soma_location			BANC888	doi:10.1038/s41586-026-10735-w	BANC_v888 260702
VFB_00106f3e	BANC_888:720575941402129008	right side of organism	has_soma_location			BANC888	doi:10.1038/s41586-026-10735-w	BANC_v888 260702
VFB_00107b5m	BANC_888:720575941402133027	left side of organism	has_soma_location			BANC888	doi:10.1038/s41586-026-10735-w	BANC_v888 260702
VFB_00107b5n	BANC_888:720575941402135075	left side of organism	has_soma_location			BANC888	doi:10.1038/s41586-026-10735-w	BANC_v888 260702
VFB_00107b5o	BANC_888:720575941402135587	left side of organism	has_soma_location			BANC888	doi:10.1038/s41586-026-10735-w	BANC_v888 260702
VFB_00106f3f	BANC_888:720575941402136944	right side of organism	has_soma_location			BANC888	doi:10.1038/s41586-026-10735-w	BANC_v888 260702
VFB_00107b5p	BANC_888:720575941402153507	left side of organism	has_soma_location			BANC888	doi:10.1038/s41586-026-10735-w	BANC_v888 260702
VFB_00107b5q	BANC_888:720575941402155043	left side of organism	has_soma_location			BANC888	doi:10.1038/s41586-026-10735-w	BANC_v888 260702
VFB_00106f3g	BANC_888:720575941402163824	right side of organism	has_soma_location			BANC888	doi:10.1038/s41586-026-10735-w	BANC_v888 260702
VFB_00107b5r	BANC_888:720575941402165795	left side of organism	has_soma_location			BANC888	doi:10.1038/s41586-026-10735-w	BANC_v888 260702
VFB_00107b5s	BANC_888:720575941402168355	left side of organism	has_soma_location			BANC888	doi:10.1038/s41586-026-10735-w	BANC_v888 260702
VFB_00107b5t	BANC_888:720575941402168611	left side of organism	has_soma_location			BANC888	doi:10.1038/s41586-026-10735-w	BANC_v888 260702
VFB_00106f3i	BANC_888:720575941402188400	right side of organism	has_soma_location			BANC888	doi:10.1038/s41586-026-10735-w	BANC_v888 260702
VFB_00107b5u	BANC_888:720575941402201123	left side of organism	has_soma_location			BANC888	doi:10.1038/s41586-026-10735-w	BANC_v888 260702
VFB_00107b5v	BANC_888:720575941402204195	left side of organism	has_soma_location			BANC888	doi:10.1038/s41586-026-10735-w	BANC_v888 260702
VFB_00106f3k	BANC_888:720575941402206499	left side of organism	has_soma_location			BANC888	doi:10.1038/s41586-026-10735-w	BANC_v888 260702
VFB_00107b5w	BANC_888:720575941402216995	left side of organism	has_soma_location			BANC888	doi:10.1038/s41586-026-10735-w	BANC_v888 260702
VFB_00106f3m	BANC_888:720575941402225008	right side of organism	has_soma_location			BANC888	doi:10.1038/s41586-026-10735-w	BANC_v888 260702
VFB_00106f3n	BANC_888:720575941402226211	right side of organism	has_soma_location			BANC888	doi:10.1038/s41586-026-10735-w	BANC_v888 260702
VFB_00107b5x	BANC_888:720575941402227568	right side of organism	has_soma_location			BANC888	doi:10.1038/s41586-026-10735-w	BANC_v888 260702
VFB_00106f3o	BANC_888:720575941402233968	right side of organism	has_soma_location			BANC888	doi:10.1038/s41586-026-10735-w	BANC_v888 260702
VFB_00107b5y	BANC_888:720575941402234915	left side of organism	has_soma_location			BANC888	doi:10.1038/s41586-026-10735-w	BANC_v888 260702
VFB_00107b5z	BANC_888:720575941402239344	right side of organism	has_soma_location			BANC888	doi:10.1038/s41586-026-10735-w	BANC_v888 260702
VFB_00107b60	BANC_888:720575941402258211	left side of organism	has_soma_location			BANC888	doi:10.1038/s41586-026-10735-w	BANC_v888 260702
VFB_00106f3r	BANC_888:720575941402278691	left side of organism	has_soma_location			BANC888	doi:10.1038/s41586-026-10735-w	BANC_v888 260702
VFB_00106f3s	BANC_888:720575941402279971	right side of organism	has_soma_location			BANC888	doi:10.1038/s41586-026-10735-w	BANC_v888 260702
VFB_00107b61	BANC_888:720575941402294051	left side of organism	has_soma_location			BANC888	doi:10.1038/s41586-026-10735-w	BANC_v888 260702
VFB_00107b62	BANC_888:720575941402301731	left side of organism	has_soma_location			BANC888	doi:10.1038/s41586-026-10735-w	BANC_v888 260702
VFB_00106f3t	BANC_888:720575941402302320	left side of organism	has_soma_location			BANC888	doi:10.1038/s41586-026-10735-w	BANC_v888 260702
VFB_00107b63	BANC_888:720575941402310947	left side of organism	has_soma_location			BANC888	doi:10.1038/s41586-026-10735-w	BANC_v888 260702
VFB_00107b64	BANC_888:720575941402312227	left side of organism	has_soma_location			BANC888	doi:10.1038/s41586-026-10735-w	BANC_v888 260702
VFB_00107b65	BANC_888:720575941402329379	left side of organism	has_soma_location			BANC888	doi:10.1038/s41586-026-10735-w	BANC_v888 260702
VFB_00107b66	BANC_888:720575941402332195	left side of organism	has_soma_location			BANC888	doi:10.1038/s41586-026-10735-w	BANC_v888 260702
VFB_00107b67	BANC_888:720575941402338595	left side of organism	has_soma_location			BANC888	doi:10.1038/s41586-026-10735-w	BANC_v888 260702
VFB_00107b68	BANC_888:720575941402339363	left side of organism	has_soma_location			BANC888	doi:10.1038/s41586-026-10735-w	BANC_v888 260702
VFB_00107b69	BANC_888:720575941402357027	left side of organism	has_soma_location			BANC888	doi:10.1038/s41586-026-10735-w	BANC_v888 260702
VFB_00107b6a	BANC_888:720575941402359331	left side of organism	has_soma_location			BANC888	doi:10.1038/s41586-026-10735-w	BANC_v888 260702
VFB_00107b6b	BANC_888:720575941402368112	left side of organism	has_soma_location			BANC888	doi:10.1038/s41586-026-10735-w	BANC_v888 260702
VFB_00107b6c	BANC_888:720575941402370851	left side of organism	has_soma_location			BANC888	doi:10.1038/s41586-026-10735-w	BANC_v888 260702
VFB_00107b6d	BANC_888:720575941402372131	left side of organism	has_soma_location			BANC888	doi:10.1038/s41586-026-10735-w	BANC_v888 260702
VFB_00107b6e	BANC_888:720575941402373155	left side of organism	has_soma_location			BANC888	doi:10.1038/s41586-026-10735-w	BANC_v888 260702
VFB_00107b6f	BANC_888:720575941402374179	left side of organism	has_soma_location			BANC888	doi:10.1038/s41586-026-10735-w	BANC_v888 260702
VFB_00106f3v	BANC_888:720575941402383907	left side of organism	has_soma_location			BANC888	doi:10.1038/s41586-026-10735-w	BANC_v888 260702
VFB_00107b6g	BANC_888:720575941402384675	left side of organism	has_soma_location			BANC888	doi:10.1038/s41586-026-10735-w	BANC_v888 260702
VFB_00107b6h	BANC_888:720575941402391075	left side of organism	has_soma_location			BANC888	doi:10.1038/s41586-026-10735-w	BANC_v888 260702
VFB_00107b6i	BANC_888:720575941402393123	left side of organism	has_soma_location			BANC888	doi:10.1038/s41586-026-10735-w	BANC_v888 260702
VFB_00106f3w	BANC_888:720575941402398832	left side of organism	has_soma_location			BANC888	doi:10.1038/s41586-026-10735-w	BANC_v888 260702
VFB_00107b6j	BANC_888:720575941402399267	left side of organism	has_soma_location			BANC888	doi:10.1038/s41586-026-10735-w	BANC_v888 260702
VFB_00107b6k	BANC_888:720575941402400803	left side of organism	has_soma_location			BANC888	doi:10.1038/s41586-026-10735-w	BANC_v888 260702
VFB_00107b6l	BANC_888:720575941402405923	left side of organism	has_soma_location			BANC888	doi:10.1038/s41586-026-10735-w	BANC_v888 260702
VFB_00106f3x	BANC_888:720575941402410352	right side of organism	has_soma_location			BANC888	doi:10.1038/s41586-026-10735-w	BANC_v888 260702
VFB_00107b6m	BANC_888:720575941402413603	left side of organism	has_soma_location			BANC888	doi:10.1038/s41586-026-10735-w	BANC_v888 260702
VFB_00107b6n	BANC_888:720575941402414115	left side of organism	has_soma_location			BANC888	doi:10.1038/s41586-026-10735-w	BANC_v888 260702
VFB_00107b6o	BANC_888:720575941402414371	left side of organism	has_soma_location			BANC888	doi:10.1038/s41586-026-10735-w	BANC_v888 260702
VFB_00106f3y	BANC_888:720575941402417776	right side of organism	has_soma_location			BANC888	doi:10.1038/s41586-026-10735-w	BANC_v888 260702
VFB_00107b6p	BANC_888:720575941402430499	left side of organism	has_soma_location			BANC888	doi:10.1038/s41586-026-10735-w	BANC_v888 260702
VFB_00106f3z	BANC_888:720575941402435619	right side of organism	has_soma_location			BANC888	doi:10.1038/s41586-026-10735-w	BANC_v888 260702
VFB_00106f40	BANC_888:720575941402436899	right side of organism	has_soma_location			BANC888	doi:10.1038/s41586-026-10735-w	BANC_v888 260702
VFB_00107b6q	BANC_888:720575941402437155	right side of organism	has_soma_location			BANC888	doi:10.1038/s41586-026-10735-w	BANC_v888 260702
VFB_00107b6r	BANC_888:720575941402439971	left side of organism	has_soma_location			BANC888	doi:10.1038/s41586-026-10735-w	BANC_v888 260702
VFB_00106f42	BANC_888:720575941402442531	right side of organism	has_soma_location			BANC888	doi:10.1038/s41586-026-10735-w	BANC_v888 260702
VFB_00106f43	BANC_888:720575941402456355	left side of organism	has_soma_location			BANC888	doi:10.1038/s41586-026-10735-w	BANC_v888 260702
VFB_00106f45	BANC_888:720575941402474352	right side of organism	has_soma_location			BANC888	doi:10.1038/s41586-026-10735-w	BANC_v888 260702
VFB_00107b6s	BANC_888:720575941402478115	right side of organism	has_soma_location			BANC888	doi:10.1038/s41586-026-10735-w	BANC_v888 260702
VFB_00107b6t	BANC_888:720575941402480931	right side of organism	has_soma_location			BANC888	doi:10.1038/s41586-026-10735-w	BANC_v888 260702
VFB_00107b6u	BANC_888:720575941402489635	right side of organism	has_soma_location			BANC888	doi:10.1038/s41586-026-10735-w	BANC_v888 260702
VFB_00106f46	BANC_888:720575941402503459	right side of organism	has_soma_location			BANC888	doi:10.1038/s41586-026-10735-w	BANC_v888 260702
VFB_00106f47	BANC_888:720575941402511984	left side of organism	has_soma_location			BANC888	doi:10.1038/s41586-026-10735-w	BANC_v888 260702
VFB_00106f48	BANC_888:720575941402513776	left side of organism	has_soma_location			BANC888	doi:10.1038/s41586-026-10735-w	BANC_v888 260702
VFB_00107b6v	BANC_888:720575941402519587	right side of organism	has_soma_location			BANC888	doi:10.1038/s41586-026-10735-w	BANC_v888 260702
VFB_00107b6w	BANC_888:720575941402521123	right side of organism	has_soma_location			BANC888	doi:10.1038/s41586-026-10735-w	BANC_v888 260702
VFB_00107b6x	BANC_888:720575941402522403	right side of organism	has_soma_location			BANC888	doi:10.1038/s41586-026-10735-w	BANC_v888 260702
VFB_00107b6y	BANC_888:720575941402528547	right side of organism	has_soma_location			BANC888	doi:10.1038/s41586-026-10735-w	BANC_v888 260702
VFB_00107b6z	BANC_888:720575941402529571	right side of organism	has_soma_location			BANC888	doi:10.1038/s41586-026-10735-w	BANC_v888 260702
VFB_00107b70	BANC_888:720575941402531107	right side of organism	has_soma_location			BANC888	doi:10.1038/s41586-026-10735-w	BANC_v888 260702
VFB_00107b71	BANC_888:720575941402532464	left side of organism	has_soma_location			BANC888	doi:10.1038/s41586-026-10735-w	BANC_v888 260702
VFB_00107b72	BANC_888:720575941402533155	right side of organism	has_soma_location			BANC888	doi:10.1038/s41586-026-10735-w	BANC_v888 260702
VFB_00107b73	BANC_888:720575941402534947	right side of organism	has_soma_location			BANC888	doi:10.1038/s41586-026-10735-w	BANC_v888 260702
VFB_00107b74	BANC_888:720575941402542371	right side of organism	has_soma_location			BANC888	doi:10.1038/s41586-026-10735-w	BANC_v888 260702
VFB_00107b75	BANC_888:720575941402542627	right side of organism	has_soma_location			BANC888	doi:10.1038/s41586-026-10735-w	BANC_v888 260702
VFB_00107b76	BANC_888:720575941402543728	left side of organism	has_soma_location			BANC888	doi:10.1038/s41586-026-10735-w	BANC_v888 260702
VFB_00107b77	BANC_888:720575941402551331	left side of organism	has_soma_location			BANC888	doi:10.1038/s41586-026-10735-w	BANC_v888 260702
VFB_00107b78	BANC_888:720575941402566435	right side of organism	has_soma_location			BANC888	doi:10.1038/s41586-026-10735-w	BANC_v888 260702
VFB_00107b79	BANC_888:720575941402583843	left side of organism	has_soma_location			BANC888	doi:10.1038/s41586-026-10735-w	BANC_v888 260702
VFB_00107b7a	BANC_888:720575941402586915	left side of organism	has_soma_location			BANC888	doi:10.1038/s41586-026-10735-w	BANC_v888 260702
VFB_00107b7b	BANC_888:720575941402595875	right side of organism	has_soma_location			BANC888	doi:10.1038/s41586-026-10735-w	BANC_v888 260702
VFB_00107b7c	BANC_888:720575941402598435	right side of organism	has_soma_location			BANC888	doi:10.1038/s41586-026-10735-w	BANC_v888 260702
VFB_00107b7d	BANC_888:720575941402598947	right side of organism	has_soma_location			BANC888	doi:10.1038/s41586-026-10735-w	BANC_v888 260702
VFB_00107b7e	BANC_888:720575941402602528	right side of organism	has_soma_location			BANC888	doi:10.1038/s41586-026-10735-w	BANC_v888 260702
VFB_00107b7f	BANC_888:720575941402608419	right side of organism	has_soma_location			BANC888	doi:10.1038/s41586-026-10735-w	BANC_v888 260702
VFB_00107b7g	BANC_888:720575941402612771	right side of organism	has_soma_location			BANC888	doi:10.1038/s41586-026-10735-w	BANC_v888 260702
VFB_00107b7h	BANC_888:720575941402613795	left side of organism	has_soma_location			BANC888	doi:10.1038/s41586-026-10735-w	BANC_v888 260702
VFB_00107b7i	BANC_888:720575941402615408	left side of organism	has_soma_location			BANC888	doi:10.1038/s41586-026-10735-w	BANC_v888 260702
VFB_00107b7j	BANC_888:720575941402620195	right side of organism	has_soma_location			BANC888	doi:10.1038/s41586-026-10735-w	BANC_v888 260702
VFB_00107b7k	BANC_888:720575941402621987	left side of organism	has_soma_location			BANC888	doi:10.1038/s41586-026-10735-w	BANC_v888 260702
VFB_00107b7l	BANC_888:720575941402622499	right side of organism	has_soma_location			BANC888	doi:10.1038/s41586-026-10735-w	BANC_v888 260702
VFB_00107b7m	BANC_888:720575941402625059	right side of organism	has_soma_location			BANC888	doi:10.1038/s41586-026-10735-w	BANC_v888 260702
VFB_00107b7n	BANC_888:720575941402626595	left side of organism	has_soma_location			BANC888	doi:10.1038/s41586-026-10735-w	BANC_v888 260702
VFB_00107b7o	BANC_888:720575941402647075	right side of organism	has_soma_location			BANC888	doi:10.1038/s41586-026-10735-w	BANC_v888 260702
VFB_00107b7p	BANC_888:720575941402653219	left side of organism	has_soma_location			BANC888	doi:10.1038/s41586-026-10735-w	BANC_v888 260702
VFB_00107b7q	BANC_888:720575941402663971	right side of organism	has_soma_location			BANC888	doi:10.1038/s41586-026-10735-w	BANC_v888 260702
VFB_00106f49	BANC_888:720575941402677360	left side of organism	has_soma_location			BANC888	doi:10.1038/s41586-026-10735-w	BANC_v888 260702
VFB_00106f4a	BANC_888:720575941402679920	left side of organism	has_soma_location			BANC888	doi:10.1038/s41586-026-10735-w	BANC_v888 260702
VFB_00106f4b	BANC_888:720575941402690160	left side of organism	has_soma_location			BANC888	doi:10.1038/s41586-026-10735-w	BANC_v888 260702
VFB_00107b7r	BANC_888:720575941402692899	right side of organism	has_soma_location			BANC888	doi:10.1038/s41586-026-10735-w	BANC_v888 260702
VFB_00107b7s	BANC_888:720575941402696048	left side of organism	has_soma_location			BANC888	doi:10.1038/s41586-026-10735-w	BANC_v888 260702
VFB_00107b7t	BANC_888:720575941402702115	right side of organism	has_soma_location			BANC888	doi:10.1038/s41586-026-10735-w	BANC_v888 260702
VFB_00107b7u	BANC_888:720575941402706979	right side of organism	has_soma_location			BANC888	doi:10.1038/s41586-026-10735-w	BANC_v888 260702
VFB_00107b7v	BANC_888:720575941402712432	left side of organism	has_soma_location			BANC888	doi:10.1038/s41586-026-10735-w	BANC_v888 260702
VFB_00107b7w	BANC_888:720575941402722851	right side of organism	has_soma_location			BANC888	doi:10.1038/s41586-026-10735-w	BANC_v888 260702
VFB_00107b7x	BANC_888:720575941402733852	right side of organism	has_soma_location			BANC888	doi:10.1038/s41586-026-10735-w	BANC_v888 260702
VFB_00106f4d	BANC_888:720575941402749552	left side of organism	has_soma_location			BANC888	doi:10.1038/s41586-026-10735-w	BANC_v888 260702
VFB_00106f4e	BANC_888:720575941402754416	right side of organism	has_soma_location			BANC888	doi:10.1038/s41586-026-10735-w	BANC_v888 260702
VFB_00107b7y	BANC_888:720575941402773283	left side of organism	has_soma_location			BANC888	doi:10.1038/s41586-026-10735-w	BANC_v888 260702
VFB_00106f4g	BANC_888:720575941402787184	right side of organism	has_soma_location			BANC888	doi:10.1038/s41586-026-10735-w	BANC_v888 260702
VFB_00107b7z	BANC_888:720575941402798115	left side of organism	has_soma_location			BANC888	doi:10.1038/s41586-026-10735-w	BANC_v888 260702
VFB_00107b80	BANC_888:720575941402799395	left side of organism	has_soma_location			BANC888	doi:10.1038/s41586-026-10735-w	BANC_v888 260702
VFB_00107b81	BANC_888:720575941402803491	right side of organism	has_soma_location			BANC888	doi:10.1038/s41586-026-10735-w	BANC_v888 260702
VFB_00107b82	BANC_888:720575941402804003	right side of organism	has_soma_location			BANC888	doi:10.1038/s41586-026-10735-w	BANC_v888 260702
VFB_00107b83	BANC_888:720575941402807075	right side of organism	has_soma_location			BANC888	doi:10.1038/s41586-026-10735-w	BANC_v888 260702
VFB_00107b84	BANC_888:720575941402807843	right side of organism	has_soma_location			BANC888	doi:10.1038/s41586-026-10735-w	BANC_v888 260702
VFB_00107b85	BANC_888:720575941402808611	left side of organism	has_soma_location			BANC888	doi:10.1038/s41586-026-10735-w	BANC_v888 260702
VFB_00107b86	BANC_888:720575941402809123	left side of organism	has_soma_location			BANC888	doi:10.1038/s41586-026-10735-w	BANC_v888 260702
VFB_00107b87	BANC_888:720575941402814755	left side of organism	has_soma_location			BANC888	doi:10.1038/s41586-026-10735-w	BANC_v888 260702
VFB_00107b88	BANC_888:720575941402821923	left side of organism	has_soma_location			BANC888	doi:10.1038/s41586-026-10735-w	BANC_v888 260702
VFB_00107b89	BANC_888:720575941402823715	left side of organism	has_soma_location			BANC888	doi:10.1038/s41586-026-10735-w	BANC_v888 260702
VFB_00107b8a	BANC_888:720575941402824995	right side of organism	has_soma_location			BANC888	doi:10.1038/s41586-026-10735-w	BANC_v888 260702
VFB_00107b8b	BANC_888:720575941402835491	left side of organism	has_soma_location			BANC888	doi:10.1038/s41586-026-10735-w	BANC_v888 260702
VFB_00107b8c	BANC_888:720575941402840355	left side of organism	has_soma_location			BANC888	doi:10.1038/s41586-026-10735-w	BANC_v888 260702
VFB_00107b8d	BANC_888:720575941402855715	left side of organism	has_soma_location			BANC888	doi:10.1038/s41586-026-10735-w	BANC_v888 260702
VFB_00107b8e	BANC_888:720575941402855971	right side of organism	has_soma_location			BANC888	doi:10.1038/s41586-026-10735-w	BANC_v888 260702
VFB_00107b8f	BANC_888:720575941402858787	left side of organism	has_soma_location			BANC888	doi:10.1038/s41586-026-10735-w	BANC_v888 260702
VFB_00106f4h	BANC_888:720575941402863216	right side of organism	has_soma_location			BANC888	doi:10.1038/s41586-026-10735-w	BANC_v888 260702
VFB_00107b8g	BANC_888:720575941402863651	right side of organism	has_soma_location			BANC888	doi:10.1038/s41586-026-10735-w	BANC_v888 260702
VFB_00106f4i	BANC_888:720575941402863728	right side of organism	has_soma_location			BANC888	doi:10.1038/s41586-026-10735-w	BANC_v888 260702
VFB_00106f4j	BANC_888:720575941402864240	right side of organism	has_soma_location			BANC888	doi:10.1038/s41586-026-10735-w	BANC_v888 260702
VFB_00106f4k	BANC_888:720575941402867312	right side of organism	has_soma_location			BANC888	doi:10.1038/s41586-026-10735-w	BANC_v888 260702
VFB_00107b8h	BANC_888:720575941402873635	right side of organism	has_soma_location			BANC888	doi:10.1038/s41586-026-10735-w	BANC_v888 260702
VFB_00107b8i	BANC_888:720575941402874403	right side of organism	has_soma_location			BANC888	doi:10.1038/s41586-026-10735-w	BANC_v888 260702
VFB_00106f4l	BANC_888:720575941402877040	right side of organism	has_soma_location			BANC888	doi:10.1038/s41586-026-10735-w	BANC_v888 260702
VFB_00107b8j	BANC_888:720575941402884131	right side of organism	has_soma_location			BANC888	doi:10.1038/s41586-026-10735-w	BANC_v888 260702
VFB_00107b8k	BANC_888:720575941402884387	right side of organism	has_soma_location			BANC888	doi:10.1038/s41586-026-10735-w	BANC_v888 260702
VFB_00107b8l	BANC_888:720575941402886947	right side of organism	has_soma_location			BANC888	doi:10.1038/s41586-026-10735-w	BANC_v888 260702
VFB_00107b8m	BANC_888:720575941402887971	right side of organism	has_soma_location			BANC888	doi:10.1038/s41586-026-10735-w	BANC_v888 260702
VFB_00106f4m	BANC_888:720575941402889840	right side of organism	has_soma_location			BANC888	doi:10.1038/s41586-026-10735-w	BANC_v888 260702
VFB_00106f4n	BANC_888:720575941402891376	right side of organism	has_soma_location			BANC888	doi:10.1038/s41586-026-10735-w	BANC_v888 260702
VFB_00106f4o	BANC_888:720575941402892400	right side of organism	has_soma_location			BANC888	doi:10.1038/s41586-026-10735-w	BANC_v888 260702
VFB_00107b8n	BANC_888:720575941402895139	left side of organism	has_soma_location			BANC888	doi:10.1038/s41586-026-10735-w	BANC_v888 260702
VFB_00106f4p	BANC_888:720575941402895472	right side of organism	has_soma_location			BANC888	doi:10.1038/s41586-026-10735-w	BANC_v888 260702
VFB_00107b8o	BANC_888:720575941402897699	right side of organism	has_soma_location			BANC888	doi:10.1038/s41586-026-10735-w	BANC_v888 260702
VFB_00107b8p	BANC_888:720575941402905891	left side of organism	has_soma_location			BANC888	doi:10.1038/s41586-026-10735-w	BANC_v888 260702
VFB_00106f4q	BANC_888:720575941402910320	right side of organism	has_soma_location			BANC888	doi:10.1038/s41586-026-10735-w	BANC_v888 260702
VFB_00107b8q	BANC_888:720575941402926371	left side of organism	has_soma_location			BANC888	doi:10.1038/s41586-026-10735-w	BANC_v888 260702
VFB_00107b8r	BANC_888:720575941402933283	left side of organism	has_soma_location			BANC888	doi:10.1038/s41586-026-10735-w	BANC_v888 260702
VFB_00106f4r	BANC_888:720575941402933872	right side of organism	has_soma_location			BANC888	doi:10.1038/s41586-026-10735-w	BANC_v888 260702
VFB_00106f4s	BANC_888:720575941402939760	right side of organism	has_soma_location			BANC888	doi:10.1038/s41586-026-10735-w	BANC_v888 260702
VFB_00107b8s	BANC_888:720575941402940707	right side of organism	has_soma_location			BANC888	doi:10.1038/s41586-026-10735-w	BANC_v888 260702
VFB_00107b8t	BANC_888:720575941402943344	left side of organism	has_soma_location			BANC888	doi:10.1038/s41586-026-10735-w	BANC_v888 260702
VFB_00106f4t	BANC_888:720575941402944368	right side of organism	has_soma_location			BANC888	doi:10.1038/s41586-026-10735-w	BANC_v888 260702
VFB_00106f4u	BANC_888:720575941402948464	right side of organism	has_soma_location			BANC888	doi:10.1038/s41586-026-10735-w	BANC_v888 260702
VFB_00107b8u	BANC_888:720575941402954864	left side of organism	has_soma_location			BANC888	doi:10.1038/s41586-026-10735-w	BANC_v888 260702
VFB_00107b8v	BANC_888:720575941402962211	right side of organism	has_soma_location			BANC888	doi:10.1038/s41586-026-10735-w	BANC_v888 260702
VFB_00107b8w	BANC_888:720575941402962288	right side of organism	has_soma_location			BANC888	doi:10.1038/s41586-026-10735-w	BANC_v888 260702
VFB_00106f4v	BANC_888:720575941402963568	right side of organism	has_soma_location			BANC888	doi:10.1038/s41586-026-10735-w	BANC_v888 260702
VFB_00106f4x	BANC_888:720575941402975600	right side of organism	has_soma_location			BANC888	doi:10.1038/s41586-026-10735-w	BANC_v888 260702
VFB_00107b8x	BANC_888:720575941402976035	left side of organism	has_soma_location			BANC888	doi:10.1038/s41586-026-10735-w	BANC_v888 260702
VFB_00107b8y	BANC_888:720575941402976547	left side of organism	has_soma_location			BANC888	doi:10.1038/s41586-026-10735-w	BANC_v888 260702
VFB_00107b8z	BANC_888:720575941402983203	right side of organism	has_soma_location			BANC888	doi:10.1038/s41586-026-10735-w	BANC_v888 260702
VFB_00107b90	BANC_888:720575941402987043	left side of organism	has_soma_location			BANC888	doi:10.1038/s41586-026-10735-w	BANC_v888 260702
VFB_00106f4y	BANC_888:720575941403002224	right side of organism	has_soma_location			BANC888	doi:10.1038/s41586-026-10735-w	BANC_v888 260702
VFB_00107b91	BANC_888:720575941403007779	right side of organism	has_soma_location			BANC888	doi:10.1038/s41586-026-10735-w	BANC_v888 260702
VFB_00107b92	BANC_888:720575941403016995	right side of organism	has_soma_location			BANC888	doi:10.1038/s41586-026-10735-w	BANC_v888 260702
VFB_00106f4z	BANC_888:720575941403021680	right side of organism	has_soma_location			BANC888	doi:10.1038/s41586-026-10735-w	BANC_v888 260702
VFB_00107b93	BANC_888:720575941403022883	left side of organism	has_soma_location			BANC888	doi:10.1038/s41586-026-10735-w	BANC_v888 260702
VFB_00107b94	BANC_888:720575941403023139	right side of organism	has_soma_location			BANC888	doi:10.1038/s41586-026-10735-w	BANC_v888 260702
VFB_00107b95	BANC_888:720575941403025955	left side of organism	has_soma_location			BANC888	doi:10.1038/s41586-026-10735-w	BANC_v888 260702
VFB_00107b96	BANC_888:720575941403026979	right side of organism	has_soma_location			BANC888	doi:10.1038/s41586-026-10735-w	BANC_v888 260702
VFB_00107b97	BANC_888:720575941403027491	right side of organism	has_soma_location			BANC888	doi:10.1038/s41586-026-10735-w	BANC_v888 260702
VFB_00106f51	BANC_888:720575941403027568	right side of organism	has_soma_location			BANC888	doi:10.1038/s41586-026-10735-w	BANC_v888 260702
VFB_00107b98	BANC_888:720575941403028515	right side of organism	has_soma_location			BANC888	doi:10.1038/s41586-026-10735-w	BANC_v888 260702
VFB_00107b99	BANC_888:720575941403029795	right side of organism	has_soma_location			BANC888	doi:10.1038/s41586-026-10735-w	BANC_v888 260702
VFB_00106f52	BANC_888:720575941403031408	right side of organism	has_soma_location			BANC888	doi:10.1038/s41586-026-10735-w	BANC_v888 260702
VFB_00107b9a	BANC_888:720575941403031587	left side of organism	has_soma_location			BANC888	doi:10.1038/s41586-026-10735-w	BANC_v888 260702
VFB_00106f53	BANC_888:720575941403032176	right side of organism	has_soma_location			BANC888	doi:10.1038/s41586-026-10735-w	BANC_v888 260702
VFB_00107b9b	BANC_888:720575941403033379	left side of organism	has_soma_location			BANC888	doi:10.1038/s41586-026-10735-w	BANC_v888 260702
VFB_00107b9c	BANC_888:720575941403036195	left side of organism	has_soma_location			BANC888	doi:10.1038/s41586-026-10735-w	BANC_v888 260702
VFB_00107b9d	BANC_888:720575941403038755	left side of organism	has_soma_location			BANC888	doi:10.1038/s41586-026-10735-w	BANC_v888 260702
VFB_00107b9e	BANC_888:720575941403043363	left side of organism	has_soma_location			BANC888	doi:10.1038/s41586-026-10735-w	BANC_v888 260702
VFB_00107b9f	BANC_888:720575941403046691	right side of organism	has_soma_location			BANC888	doi:10.1038/s41586-026-10735-w	BANC_v888 260702
VFB_00107b9g	BANC_888:720575941403047459	left side of organism	has_soma_location			BANC888	doi:10.1038/s41586-026-10735-w	BANC_v888 260702
VFB_00107b9h	BANC_888:720575941403048995	right side of organism	has_soma_location			BANC888	doi:10.1038/s41586-026-10735-w	BANC_v888 260702
VFB_00107b9i	BANC_888:720575941403050531	right side of organism	has_soma_location			BANC888	doi:10.1038/s41586-026-10735-w	BANC_v888 260702
VFB_00107b9j	BANC_888:720575941403051632	right side of organism	has_soma_location			BANC888	doi:10.1038/s41586-026-10735-w	BANC_v888 260702
VFB_00106f54	BANC_888:720575941403052400	right side of organism	has_soma_location			BANC888	doi:10.1038/s41586-026-10735-w	BANC_v888 260702
VFB_00106f55	BANC_888:720575941403052912	right side of organism	has_soma_location			BANC888	doi:10.1038/s41586-026-10735-w	BANC_v888 260702
VFB_00107b9k	BANC_888:720575941403053424	right side of organism	has_soma_location			BANC888	doi:10.1038/s41586-026-10735-w	BANC_v888 260702
VFB_00107b9l	BANC_888:720575941403054627	left side of organism	has_soma_location			BANC888	doi:10.1038/s41586-026-10735-w	BANC_v888 260702
VFB_00107b9m	BANC_888:720575941403057955	right side of organism	has_soma_location			BANC888	doi:10.1038/s41586-026-10735-w	BANC_v888 260702
VFB_00106f56	BANC_888:720575941403058800	right side of organism	has_soma_location			BANC888	doi:10.1038/s41586-026-10735-w	BANC_v888 260702
VFB_00106f57	BANC_888:720575941403059056	right side of organism	has_soma_location			BANC888	doi:10.1038/s41586-026-10735-w	BANC_v888 260702
VFB_00106f58	BANC_888:720575941403066224	right side of organism	has_soma_location			BANC888	doi:10.1038/s41586-026-10735-w	BANC_v888 260702
VFB_00106f59	BANC_888:720575941403069808	right side of organism	has_soma_location			BANC888	doi:10.1038/s41586-026-10735-w	BANC_v888 260702
VFB_00106f5a	BANC_888:720575941403071088	right side of organism	has_soma_location			BANC888	doi:10.1038/s41586-026-10735-w	BANC_v888 260702
VFB_00107b9n	BANC_888:720575941403071779	right side of organism	has_soma_location			BANC888	doi:10.1038/s41586-026-10735-w	BANC_v888 260702
VFB_00107b9o	BANC_888:720575941403072035	left side of organism	has_soma_location			BANC888	doi:10.1038/s41586-026-10735-w	BANC_v888 260702
VFB_00107b9p	BANC_888:720575941403073827	left side of organism	has_soma_location			BANC888	doi:10.1038/s41586-026-10735-w	BANC_v888 260702
VFB_00107b9q	BANC_888:720575941403074595	left side of organism	has_soma_location			BANC888	doi:10.1038/s41586-026-10735-w	BANC_v888 260702
VFB_00107b9r	BANC_888:720575941403076643	left side of organism	has_soma_location			BANC888	doi:10.1038/s41586-026-10735-w	BANC_v888 260702
VFB_00107b9s	BANC_888:720575941403079203	left side of organism	has_soma_location			BANC888	doi:10.1038/s41586-026-10735-w	BANC_v888 260702
VFB_00107b9t	BANC_888:720575941403079459	left side of organism	has_soma_location			BANC888	doi:10.1038/s41586-026-10735-w	BANC_v888 260702
VFB_00107b9u	BANC_888:720575941403083555	left side of organism	has_soma_location			BANC888	doi:10.1038/s41586-026-10735-w	BANC_v888 260702
VFB_00107b9v	BANC_888:720575941403084323	left side of organism	has_soma_location			BANC888	doi:10.1038/s41586-026-10735-w	BANC_v888 260702
VFB_00106f5b	BANC_888:720575941403091056	right side of organism	has_soma_location			BANC888	doi:10.1038/s41586-026-10735-w	BANC_v888 260702
VFB_00107b9w	BANC_888:720575941403091747	left side of organism	has_soma_location			BANC888	doi:10.1038/s41586-026-10735-w	BANC_v888 260702
VFB_00107b9x	BANC_888:720575941403092515	left side of organism	has_soma_location			BANC888	doi:10.1038/s41586-026-10735-w	BANC_v888 260702
VFB_00106f5c	BANC_888:720575941403097968	right side of organism	has_soma_location			BANC888	doi:10.1038/s41586-026-10735-w	BANC_v888 260702
VFB_00107b9y	BANC_888:720575941403104291	right side of organism	has_soma_location			BANC888	doi:10.1038/s41586-026-10735-w	BANC_v888 260702
VFB_00106f5d	BANC_888:720575941403106416	right side of organism	has_soma_location			BANC888	doi:10.1038/s41586-026-10735-w	BANC_v888 260702
VFB_00106f5f	BANC_888:720575941403107952	right side of organism	has_soma_location			BANC888	doi:10.1038/s41586-026-10735-w	BANC_v888 260702
VFB_00107b9z	BANC_888:720575941403111715	left side of organism	has_soma_location			BANC888	doi:10.1038/s41586-026-10735-w	BANC_v888 260702
VFB_00107ba0	BANC_888:720575941403111971	left side of organism	has_soma_location			BANC888	doi:10.1038/s41586-026-10735-w	BANC_v888 260702
VFB_00107ba1	BANC_888:720575941403112227	left side of organism	has_soma_location			BANC888	doi:10.1038/s41586-026-10735-w	BANC_v888 260702
VFB_00107ba2	BANC_888:720575941403119907	left side of organism	has_soma_location			BANC888	doi:10.1038/s41586-026-10735-w	BANC_v888 260702
VFB_00107ba3	BANC_888:720575941403121948	right side of organism	has_soma_location			BANC888	doi:10.1038/s41586-026-10735-w	BANC_v888 260702
VFB_00107ba4	BANC_888:720575941403129635	left side of organism	has_soma_location			BANC888	doi:10.1038/s41586-026-10735-w	BANC_v888 260702
VFB_00107ba5	BANC_888:720575941403130659	left side of organism	has_soma_location			BANC888	doi:10.1038/s41586-026-10735-w	BANC_v888 260702
VFB_00107ba6	BANC_888:720575941403134243	left side of organism	has_soma_location			BANC888	doi:10.1038/s41586-026-10735-w	BANC_v888 260702
VFB_00106f5g	BANC_888:720575941403135344	right side of organism	has_soma_location			BANC888	doi:10.1038/s41586-026-10735-w	BANC_v888 260702
VFB_00107ba7	BANC_888:720575941403135523	left side of organism	has_soma_location			BANC888	doi:10.1038/s41586-026-10735-w	BANC_v888 260702
VFB_00107ba8	BANC_888:720575941403140643	left side of organism	has_soma_location			BANC888	doi:10.1038/s41586-026-10735-w	BANC_v888 260702
VFB_00106f5h	BANC_888:720575941403142256	right side of organism	has_soma_location			BANC888	doi:10.1038/s41586-026-10735-w	BANC_v888 260702
VFB_00106f5i	BANC_888:720575941403147120	right side of organism	has_soma_location			BANC888	doi:10.1038/s41586-026-10735-w	BANC_v888 260702
VFB_00106f5j	BANC_888:720575941403152240	right side of organism	has_soma_location			BANC888	doi:10.1038/s41586-026-10735-w	BANC_v888 260702
VFB_00107ba9	BANC_888:720575941403152931	left side of organism	has_soma_location			BANC888	doi:10.1038/s41586-026-10735-w	BANC_v888 260702
VFB_00107baa	BANC_888:720575941403154467	right side of organism	has_soma_location			BANC888	doi:10.1038/s41586-026-10735-w	BANC_v888 260702
VFB_00107bab	BANC_888:720575941403154723	right side of organism	has_soma_location			BANC888	doi:10.1038/s41586-026-10735-w	BANC_v888 260702
VFB_00107bac	BANC_888:720575941403161891	right side of organism	has_soma_location			BANC888	doi:10.1038/s41586-026-10735-w	BANC_v888 260702
VFB_00107bad	BANC_888:720575941403164963	right side of organism	has_soma_location			BANC888	doi:10.1038/s41586-026-10735-w	BANC_v888 260702
VFB_00107bae	BANC_888:720575941403168035	right side of organism	has_soma_location			BANC888	doi:10.1038/s41586-026-10735-w	BANC_v888 260702
VFB_00107baf	BANC_888:720575941403170851	right side of organism	has_soma_location			BANC888	doi:10.1038/s41586-026-10735-w	BANC_v888 260702
VFB_00106f5k	BANC_888:720575941403173232	right side of organism	has_soma_location			BANC888	doi:10.1038/s41586-026-10735-w	BANC_v888 260702
VFB_00107bag	BANC_888:720575941403175715	right side of organism	has_soma_location			BANC888	doi:10.1038/s41586-026-10735-w	BANC_v888 260702
VFB_00107bah	BANC_888:720575941403178275	right side of organism	has_soma_location			BANC888	doi:10.1038/s41586-026-10735-w	BANC_v888 260702
VFB_00107bai	BANC_888:720575941403180067	right side of organism	has_soma_location			BANC888	doi:10.1038/s41586-026-10735-w	BANC_v888 260702
VFB_00107baj	BANC_888:720575941403180323	right side of organism	has_soma_location			BANC888	doi:10.1038/s41586-026-10735-w	BANC_v888 260702
VFB_00107bak	BANC_888:720575941403180579	left side of organism	has_soma_location			BANC888	doi:10.1038/s41586-026-10735-w	BANC_v888 260702
VFB_00107bal	BANC_888:720575941403181091	right side of organism	has_soma_location			BANC888	doi:10.1038/s41586-026-10735-w	BANC_v888 260702
VFB_00107bam	BANC_888:720575941403183395	left side of organism	has_soma_location			BANC888	doi:10.1038/s41586-026-10735-w	BANC_v888 260702
VFB_00107ban	BANC_888:720575941403186979	right side of organism	has_soma_location			BANC888	doi:10.1038/s41586-026-10735-w	BANC_v888 260702
VFB_00107bao	BANC_888:720575941403190640	right side of organism	has_soma_location			BANC888	doi:10.1038/s41586-026-10735-w	BANC_v888 260702
VFB_00106f5l	BANC_888:720575941403195248	right side of organism	has_soma_location			BANC888	doi:10.1038/s41586-026-10735-w	BANC_v888 260702
VFB_00107bap	BANC_888:720575941403196963	left side of organism	has_soma_location			BANC888	doi:10.1038/s41586-026-10735-w	BANC_v888 260702
VFB_00107baq	BANC_888:720575941403198755	right side of organism	has_soma_location			BANC888	doi:10.1038/s41586-026-10735-w	BANC_v888 260702
VFB_00107bar	BANC_888:720575941403199088	right side of organism	has_soma_location			BANC888	doi:10.1038/s41586-026-10735-w	BANC_v888 260702
VFB_00106f5m	BANC_888:720575941403201904	right side of organism	has_soma_location			BANC888	doi:10.1038/s41586-026-10735-w	BANC_v888 260702
VFB_00107bas	BANC_888:720575941403203107	left side of organism	has_soma_location			BANC888	doi:10.1038/s41586-026-10735-w	BANC_v888 260702
VFB_00107bat	BANC_888:720575941403204387	right side of organism	has_soma_location			BANC888	doi:10.1038/s41586-026-10735-w	BANC_v888 260702
VFB_00106f5n	BANC_888:720575941403204976	right side of organism	has_soma_location			BANC888	doi:10.1038/s41586-026-10735-w	BANC_v888 260702
VFB_00107bau	BANC_888:720575941403206435	right side of organism	has_soma_location			BANC888	doi:10.1038/s41586-026-10735-w	BANC_v888 260702
VFB_00107bav	BANC_888:720575941403207203	right side of organism	has_soma_location			BANC888	doi:10.1038/s41586-026-10735-w	BANC_v888 260702
VFB_00106f5o	BANC_888:720575941403209840	right side of organism	has_soma_location			BANC888	doi:10.1038/s41586-026-10735-w	BANC_v888 260702
VFB_00107baw	BANC_888:720575941403210275	left side of organism	has_soma_location			BANC888	doi:10.1038/s41586-026-10735-w	BANC_v888 260702
VFB_00106f5p	BANC_888:720575941403213936	right side of organism	has_soma_location			BANC888	doi:10.1038/s41586-026-10735-w	BANC_v888 260702
VFB_00107bax	BANC_888:720575941403214115	right side of organism	has_soma_location			BANC888	doi:10.1038/s41586-026-10735-w	BANC_v888 260702
VFB_00107bay	BANC_888:720575941403216163	right side of organism	has_soma_location			BANC888	doi:10.1038/s41586-026-10735-w	BANC_v888 260702
VFB_00106f5q	BANC_888:720575941403217776	right side of organism	has_soma_location			BANC888	doi:10.1038/s41586-026-10735-w	BANC_v888 260702
VFB_00106f5r	BANC_888:720575941403219824	right side of organism	has_soma_location			BANC888	doi:10.1038/s41586-026-10735-w	BANC_v888 260702
VFB_00107baz	BANC_888:720575941403220771	right side of organism	has_soma_location			BANC888	doi:10.1038/s41586-026-10735-w	BANC_v888 260702
VFB_00107bb0	BANC_888:720575941403223664	right side of organism	has_soma_location			BANC888	doi:10.1038/s41586-026-10735-w	BANC_v888 260702
VFB_00107bb1	BANC_888:720575941403223843	right side of organism	has_soma_location			BANC888	doi:10.1038/s41586-026-10735-w	BANC_v888 260702
VFB_00107bb2	BANC_888:720575941403224099	left side of organism	has_soma_location			BANC888	doi:10.1038/s41586-026-10735-w	BANC_v888 260702
VFB_00107bb3	BANC_888:720575941403224355	right side of organism	has_soma_location			BANC888	doi:10.1038/s41586-026-10735-w	BANC_v888 260702
VFB_00107bb4	BANC_888:720575941403225379	right side of organism	has_soma_location			BANC888	doi:10.1038/s41586-026-10735-w	BANC_v888 260702
VFB_00107bb5	BANC_888:720575941403225891	right side of organism	has_soma_location			BANC888	doi:10.1038/s41586-026-10735-w	BANC_v888 260702
VFB_00106f5s	BANC_888:720575941403226224	right side of organism	has_soma_location			BANC888	doi:10.1038/s41586-026-10735-w	BANC_v888 260702
VFB_00107bb6	BANC_888:720575941403229219	left side of organism	has_soma_location			BANC888	doi:10.1038/s41586-026-10735-w	BANC_v888 260702
VFB_00107bb7	BANC_888:720575941403229731	left side of organism	has_soma_location			BANC888	doi:10.1038/s41586-026-10735-w	BANC_v888 260702
VFB_00107bb8	BANC_888:720575941403231011	left side of organism	has_soma_location			BANC888	doi:10.1038/s41586-026-10735-w	BANC_v888 260702
VFB_00107bb9	BANC_888:720575941403232803	left side of organism	has_soma_location			BANC888	doi:10.1038/s41586-026-10735-w	BANC_v888 260702
VFB_00107bba	BANC_888:720575941403237411	right side of organism	has_soma_location			BANC888	doi:10.1038/s41586-026-10735-w	BANC_v888 260702
VFB_00107bbb	BANC_888:720575941403239203	right side of organism	has_soma_location			BANC888	doi:10.1038/s41586-026-10735-w	BANC_v888 260702
VFB_00107bbc	BANC_888:720575941403239459	right side of organism	has_soma_location			BANC888	doi:10.1038/s41586-026-10735-w	BANC_v888 260702
VFB_00107bbd	BANC_888:720575941403240483	left side of organism	has_soma_location			BANC888	doi:10.1038/s41586-026-10735-w	BANC_v888 260702
VFB_00107bbe	BANC_888:720575941403242531	left side of organism	has_soma_location			BANC888	doi:10.1038/s41586-026-10735-w	BANC_v888 260702
VFB_00107bbf	BANC_888:720575941403247395	left side of organism	has_soma_location			BANC888	doi:10.1038/s41586-026-10735-w	BANC_v888 260702
VFB_00107bbg	BANC_888:720575941403248931	left side of organism	has_soma_location			BANC888	doi:10.1038/s41586-026-10735-w	BANC_v888 260702
VFB_00106f5t	BANC_888:720575941403251568	right side of organism	has_soma_location			BANC888	doi:10.1038/s41586-026-10735-w	BANC_v888 260702
VFB_00107bbh	BANC_888:720575941403253795	left side of organism	has_soma_location			BANC888	doi:10.1038/s41586-026-10735-w	BANC_v888 260702
VFB_00107bbi	BANC_888:720575941403264803	left side of organism	has_soma_location			BANC888	doi:10.1038/s41586-026-10735-w	BANC_v888 260702
VFB_00107bbj	BANC_888:720575941403272483	left side of organism	has_soma_location			BANC888	doi:10.1038/s41586-026-10735-w	BANC_v888 260702
VFB_00107bbk	BANC_888:720575941403280163	left side of organism	has_soma_location			BANC888	doi:10.1038/s41586-026-10735-w	BANC_v888 260702
VFB_00107bbl	BANC_888:720575941403284003	left side of organism	has_soma_location			BANC888	doi:10.1038/s41586-026-10735-w	BANC_v888 260702
VFB_00107bbm	BANC_888:720575941403290403	left side of organism	has_soma_location			BANC888	doi:10.1038/s41586-026-10735-w	BANC_v888 260702
VFB_00107bbn	BANC_888:720575941403290915	left side of organism	has_soma_location			BANC888	doi:10.1038/s41586-026-10735-w	BANC_v888 260702
VFB_00107bbo	BANC_888:720575941403292707	left side of organism	has_soma_location			BANC888	doi:10.1038/s41586-026-10735-w	BANC_v888 260702
VFB_00107bbp	BANC_888:720575941403304739	left side of organism	has_soma_location			BANC888	doi:10.1038/s41586-026-10735-w	BANC_v888 260702
VFB_00106f5v	BANC_888:720575941403315312	right side of organism	has_soma_location			BANC888	doi:10.1038/s41586-026-10735-w	BANC_v888 260702
VFB_00106f5w	BANC_888:720575941403317104	right side of organism	has_soma_location			BANC888	doi:10.1038/s41586-026-10735-w	BANC_v888 260702
VFB_00106f5x	BANC_888:720575941403317360	right side of organism	has_soma_location			BANC888	doi:10.1038/s41586-026-10735-w	BANC_v888 260702
VFB_00106f5y	BANC_888:720575941403318128	right side of organism	has_soma_location			BANC888	doi:10.1038/s41586-026-10735-w	BANC_v888 260702
VFB_00106f5z	BANC_888:720575941403320176	right side of organism	has_soma_location			BANC888	doi:10.1038/s41586-026-10735-w	BANC_v888 260702
VFB_00107bbq	BANC_888:720575941403322992	right side of organism	has_soma_location			BANC888	doi:10.1038/s41586-026-10735-w	BANC_v888 260702
VFB_00107bbr	BANC_888:720575941403327523	left side of organism	has_soma_location			BANC888	doi:10.1038/s41586-026-10735-w	BANC_v888 260702
VFB_00107bbs	BANC_888:720575941403335459	left side of organism	has_soma_location			BANC888	doi:10.1038/s41586-026-10735-w	BANC_v888 260702
VFB_00107bbt	BANC_888:720575941403335715	left side of organism	has_soma_location			BANC888	doi:10.1038/s41586-026-10735-w	BANC_v888 260702
VFB_00107bbu	BANC_888:720575941403336739	left side of organism	has_soma_location			BANC888	doi:10.1038/s41586-026-10735-w	BANC_v888 260702
VFB_00107bbv	BANC_888:720575941403347235	left side of organism	has_soma_location			BANC888	doi:10.1038/s41586-026-10735-w	BANC_v888 260702
VFB_00107bbw	BANC_888:720575941403348259	left side of organism	has_soma_location			BANC888	doi:10.1038/s41586-026-10735-w	BANC_v888 260702
VFB_00107bbx	BANC_888:720575941403349539	right side of organism	has_soma_location			BANC888	doi:10.1038/s41586-026-10735-w	BANC_v888 260702
VFB_00107bby	BANC_888:720575941403353123	left side of organism	has_soma_location			BANC888	doi:10.1038/s41586-026-10735-w	BANC_v888 260702
VFB_00106f60	BANC_888:720575941403356016	right side of organism	has_soma_location			BANC888	doi:10.1038/s41586-026-10735-w	BANC_v888 260702
VFB_00107bbz	BANC_888:720575941403357475	left side of organism	has_soma_location			BANC888	doi:10.1038/s41586-026-10735-w	BANC_v888 260702
VFB_00107bc0	BANC_888:720575941403358243	left side of organism	has_soma_location			BANC888	doi:10.1038/s41586-026-10735-w	BANC_v888 260702
VFB_00106f61	BANC_888:720575941403362672	right side of organism	has_soma_location			BANC888	doi:10.1038/s41586-026-10735-w	BANC_v888 260702
VFB_00107bc1	BANC_888:720575941403366947	left side of organism	has_soma_location			BANC888	doi:10.1038/s41586-026-10735-w	BANC_v888 260702
VFB_00107bc2	BANC_888:720575941403371299	right side of organism	has_soma_location			BANC888	doi:10.1038/s41586-026-10735-w	BANC_v888 260702
VFB_00107bc3	BANC_888:720575941403373091	left side of organism	has_soma_location			BANC888	doi:10.1038/s41586-026-10735-w	BANC_v888 260702
VFB_00107bc4	BANC_888:720575941403378467	right side of organism	has_soma_location			BANC888	doi:10.1038/s41586-026-10735-w	BANC_v888 260702
VFB_00107bc5	BANC_888:720575941403381283	right side of organism	has_soma_location			BANC888	doi:10.1038/s41586-026-10735-w	BANC_v888 260702
VFB_00107bc6	BANC_888:720575941403394851	left side of organism	has_soma_location			BANC888	doi:10.1038/s41586-026-10735-w	BANC_v888 260702
VFB_00107bc7	BANC_888:720575941403400483	left side of organism	has_soma_location			BANC888	doi:10.1038/s41586-026-10735-w	BANC_v888 260702
VFB_00107bc8	BANC_888:720575941403406115	left side of organism	has_soma_location			BANC888	doi:10.1038/s41586-026-10735-w	BANC_v888 260702
VFB_00107bc9	BANC_888:720575941403408240	left side of organism	has_soma_location			BANC888	doi:10.1038/s41586-026-10735-w	BANC_v888 260702
VFB_00107bca	BANC_888:720575941403410467	right side of organism	has_soma_location			BANC888	doi:10.1038/s41586-026-10735-w	BANC_v888 260702
VFB_00107bcb	BANC_888:720575941403410979	left side of organism	has_soma_location			BANC888	doi:10.1038/s41586-026-10735-w	BANC_v888 260702
VFB_00107bcc	BANC_888:720575941403412003	left side of organism	has_soma_location			BANC888	doi:10.1038/s41586-026-10735-w	BANC_v888 260702
VFB_00107bcd	BANC_888:720575941403412515	left side of organism	has_soma_location			BANC888	doi:10.1038/s41586-026-10735-w	BANC_v888 260702
VFB_00107bce	BANC_888:720575941403420195	left side of organism	has_soma_location			BANC888	doi:10.1038/s41586-026-10735-w	BANC_v888 260702
VFB_00107bcf	BANC_888:720575941403442211	left side of organism	has_soma_location			BANC888	doi:10.1038/s41586-026-10735-w	BANC_v888 260702
VFB_00107bcg	BANC_888:720575941403444259	left side of organism	has_soma_location			BANC888	doi:10.1038/s41586-026-10735-w	BANC_v888 260702
VFB_00106f63	BANC_888:720575941403445616	right side of organism	has_soma_location			BANC888	doi:10.1038/s41586-026-10735-w	BANC_v888 260702
VFB_00107bch	BANC_888:720575941403454576	left side of organism	has_soma_location			BANC888	doi:10.1038/s41586-026-10735-w	BANC_v888 260702
VFB_00107bci	BANC_888:720575941403455011	left side of organism	has_soma_location			BANC888	doi:10.1038/s41586-026-10735-w	BANC_v888 260702
VFB_00107bcj	BANC_888:720575941403455523	left side of organism	has_soma_location			BANC888	doi:10.1038/s41586-026-10735-w	BANC_v888 260702
VFB_00107bck	BANC_888:720575941403458595	left side of organism	has_soma_location			BANC888	doi:10.1038/s41586-026-10735-w	BANC_v888 260702
VFB_00107bcl	BANC_888:720575941403464739	left side of organism	has_soma_location			BANC888	doi:10.1038/s41586-026-10735-w	BANC_v888 260702
VFB_00107bcm	BANC_888:720575941403464816	right side of organism	has_soma_location			BANC888	doi:10.1038/s41586-026-10735-w	BANC_v888 260702
VFB_00107bcn	BANC_888:720575941403466275	left side of organism	has_soma_location			BANC888	doi:10.1038/s41586-026-10735-w	BANC_v888 260702
VFB_00107bco	BANC_888:720575941403468579	left side of organism	has_soma_location			BANC888	doi:10.1038/s41586-026-10735-w	BANC_v888 260702
VFB_00107bcp	BANC_888:720575941403471139	left side of organism	has_soma_location			BANC888	doi:10.1038/s41586-026-10735-w	BANC_v888 260702
VFB_00107bcq	BANC_888:720575941403475235	left side of organism	has_soma_location			BANC888	doi:10.1038/s41586-026-10735-w	BANC_v888 260702
VFB_00107bcr	BANC_888:720575941403476259	left side of organism	has_soma_location			BANC888	doi:10.1038/s41586-026-10735-w	BANC_v888 260702
VFB_00106f64	BANC_888:720575941403476592	right side of organism	has_soma_location			BANC888	doi:10.1038/s41586-026-10735-w	BANC_v888 260702
VFB_00107bcs	BANC_888:720575941403477283	left side of organism	has_soma_location			BANC888	doi:10.1038/s41586-026-10735-w	BANC_v888 260702
VFB_00107bct	BANC_888:720575941403478307	left side of organism	has_soma_location			BANC888	doi:10.1038/s41586-026-10735-w	BANC_v888 260702
VFB_00107bcu	BANC_888:720575941403479075	left side of organism	has_soma_location			BANC888	doi:10.1038/s41586-026-10735-w	BANC_v888 260702
VFB_00107bcv	BANC_888:720575941403482736	right side of organism	has_soma_location			BANC888	doi:10.1038/s41586-026-10735-w	BANC_v888 260702
VFB_00106f65	BANC_888:720575941403486832	right side of organism	has_soma_location			BANC888	doi:10.1038/s41586-026-10735-w	BANC_v888 260702
VFB_00107bcw	BANC_888:720575941403487779	left side of organism	has_soma_location			BANC888	doi:10.1038/s41586-026-10735-w	BANC_v888 260702
VFB_00107bcx	BANC_888:720575941403493155	left side of organism	has_soma_location			BANC888	doi:10.1038/s41586-026-10735-w	BANC_v888 260702
VFB_00106f66	BANC_888:720575941403495024	right side of organism	has_soma_location			BANC888	doi:10.1038/s41586-026-10735-w	BANC_v888 260702
VFB_00107bcy	BANC_888:720575941403496995	left side of organism	has_soma_location			BANC888	doi:10.1038/s41586-026-10735-w	BANC_v888 260702
VFB_00107bcz	BANC_888:720575941403499555	left side of organism	has_soma_location			BANC888	doi:10.1038/s41586-026-10735-w	BANC_v888 260702
VFB_00107bd0	BANC_888:720575941403505955	left side of organism	has_soma_location			BANC888	doi:10.1038/s41586-026-10735-w	BANC_v888 260702
VFB_00107bd1	BANC_888:720575941403514403	left side of organism	has_soma_location			BANC888	doi:10.1038/s41586-026-10735-w	BANC_v888 260702
VFB_00107bd2	BANC_888:720575941403517219	right side of organism	has_soma_location			BANC888	doi:10.1038/s41586-026-10735-w	BANC_v888 260702
VFB_00106f67	BANC_888:720575941403519856	right side of organism	has_soma_location			BANC888	doi:10.1038/s41586-026-10735-w	BANC_v888 260702
VFB_00106f68	BANC_888:720575941403520368	right side of organism	has_soma_location			BANC888	doi:10.1038/s41586-026-10735-w	BANC_v888 260702
VFB_00107bd3	BANC_888:720575941403521571	right side of organism	has_soma_location			BANC888	doi:10.1038/s41586-026-10735-w	BANC_v888 260702
VFB_00106f69	BANC_888:720575941403521648	left side of organism	has_soma_location			BANC888	doi:10.1038/s41586-026-10735-w	BANC_v888 260702
VFB_00106f6a	BANC_888:720575941403522160	right side of organism	has_soma_location			BANC888	doi:10.1038/s41586-026-10735-w	BANC_v888 260702
VFB_00107bd4	BANC_888:720575941403525155	left side of organism	has_soma_location			BANC888	doi:10.1038/s41586-026-10735-w	BANC_v888 260702
VFB_00107bd5	BANC_888:720575941403526435	right side of organism	has_soma_location			BANC888	doi:10.1038/s41586-026-10735-w	BANC_v888 260702
VFB_00107bd6	BANC_888:720575941403527203	right side of organism	has_soma_location			BANC888	doi:10.1038/s41586-026-10735-w	BANC_v888 260702
VFB_00107bd7	BANC_888:720575941403530275	right side of organism	has_soma_location			BANC888	doi:10.1038/s41586-026-10735-w	BANC_v888 260702
VFB_00107bd8	BANC_888:720575941403533859	right side of organism	has_soma_location			BANC888	doi:10.1038/s41586-026-10735-w	BANC_v888 260702
VFB_00107bd9	BANC_888:720575941403534115	right side of organism	has_soma_location			BANC888	doi:10.1038/s41586-026-10735-w	BANC_v888 260702
VFB_00107bda	BANC_888:720575941403537776	right side of organism	has_soma_location			BANC888	doi:10.1038/s41586-026-10735-w	BANC_v888 260702
VFB_00107bdb	BANC_888:720575941403542819	right side of organism	has_soma_location			BANC888	doi:10.1038/s41586-026-10735-w	BANC_v888 260702
VFB_00106f6c	BANC_888:720575941403544944	right side of organism	has_soma_location			BANC888	doi:10.1038/s41586-026-10735-w	BANC_v888 260702
VFB_00107bdc	BANC_888:720575941403545379	right side of organism	has_soma_location			BANC888	doi:10.1038/s41586-026-10735-w	BANC_v888 260702
VFB_00107bdd	BANC_888:720575941403549987	right side of organism	has_soma_location			BANC888	doi:10.1038/s41586-026-10735-w	BANC_v888 260702
VFB_00106f6e	BANC_888:720575941403554160	right side of organism	has_soma_location			BANC888	doi:10.1038/s41586-026-10735-w	BANC_v888 260702
VFB_00107bde	BANC_888:720575941403561763	right side of organism	has_soma_location			BANC888	doi:10.1038/s41586-026-10735-w	BANC_v888 260702
VFB_00106f6f	BANC_888:720575941403564656	right side of organism	has_soma_location			BANC888	doi:10.1038/s41586-026-10735-w	BANC_v888 260702
VFB_00106f6g	BANC_888:720575941403565936	right side of organism	has_soma_location			BANC888	doi:10.1038/s41586-026-10735-w	BANC_v888 260702
VFB_00107bdf	BANC_888:720575941403570723	right side of organism	has_soma_location			BANC888	doi:10.1038/s41586-026-10735-w	BANC_v888 260702
VFB_00107bdg	BANC_888:720575941403572515	right side of organism	has_soma_location			BANC888	doi:10.1038/s41586-026-10735-w	BANC_v888 260702
VFB_00106f6h	BANC_888:720575941403576688	right side of organism	has_soma_location			BANC888	doi:10.1038/s41586-026-10735-w	BANC_v888 260702
VFB_00107bdh	BANC_888:720575941403577379	left side of organism	has_soma_location			BANC888	doi:10.1038/s41586-026-10735-w	BANC_v888 260702
VFB_00106f6i	BANC_888:720575941403578224	right side of organism	has_soma_location			BANC888	doi:10.1038/s41586-026-10735-w	BANC_v888 260702
VFB_00106f6j	BANC_888:720575941403579248	right side of organism	has_soma_location			BANC888	doi:10.1038/s41586-026-10735-w	BANC_v888 260702
VFB_00107bdi	BANC_888:720575941403587619	right side of organism	has_soma_location			BANC888	doi:10.1038/s41586-026-10735-w	BANC_v888 260702
VFB_00107bdj	BANC_888:720575941403593507	right side of organism	has_soma_location			BANC888	doi:10.1038/s41586-026-10735-w	BANC_v888 260702
VFB_00107bdk	BANC_888:720575941403595555	right side of organism	has_soma_location			BANC888	doi:10.1038/s41586-026-10735-w	BANC_v888 260702
VFB_00107bdl	BANC_888:720575941403600931	right side of organism	has_soma_location			BANC888	doi:10.1038/s41586-026-10735-w	BANC_v888 260702
VFB_00107bdm	BANC_888:720575941403605795	right side of organism	has_soma_location			BANC888	doi:10.1038/s41586-026-10735-w	BANC_v888 260702
VFB_00107bdn	BANC_888:720575941403609891	right side of organism	has_soma_location			BANC888	doi:10.1038/s41586-026-10735-w	BANC_v888 260702
VFB_00107bdo	BANC_888:720575941403610403	right side of organism	has_soma_location			BANC888	doi:10.1038/s41586-026-10735-w	BANC_v888 260702
VFB_00107bdp	BANC_888:720575941403611683	right side of organism	has_soma_location			BANC888	doi:10.1038/s41586-026-10735-w	BANC_v888 260702
VFB_00107bdq	BANC_888:720575941403614243	right side of organism	has_soma_location			BANC888	doi:10.1038/s41586-026-10735-w	BANC_v888 260702
VFB_00107bdr	BANC_888:720575941403615523	right side of organism	has_soma_location			BANC888	doi:10.1038/s41586-026-10735-w	BANC_v888 260702
VFB_00107bds	BANC_888:720575941403616803	right side of organism	has_soma_location			BANC888	doi:10.1038/s41586-026-10735-w	BANC_v888 260702
VFB_00107bdt	BANC_888:720575941403617136	right side of organism	has_soma_location			BANC888	doi:10.1038/s41586-026-10735-w	BANC_v888 260702
VFB_00107bdu	BANC_888:720575941403617571	right side of organism	has_soma_location			BANC888	doi:10.1038/s41586-026-10735-w	BANC_v888 260702
VFB_00107bdv	BANC_888:720575941403617827	right side of organism	has_soma_location			BANC888	doi:10.1038/s41586-026-10735-w	BANC_v888 260702
VFB_00106f6l	BANC_888:720575941403619440	right side of organism	has_soma_location			BANC888	doi:10.1038/s41586-026-10735-w	BANC_v888 260702
VFB_00106f6m	BANC_888:720575941403619696	right side of organism	has_soma_location			BANC888	doi:10.1038/s41586-026-10735-w	BANC_v888 260702
VFB_00107bdw	BANC_888:720575941403621923	left side of organism	has_soma_location			BANC888	doi:10.1038/s41586-026-10735-w	BANC_v888 260702
VFB_00107bdx	BANC_888:720575941403622947	right side of organism	has_soma_location			BANC888	doi:10.1038/s41586-026-10735-w	BANC_v888 260702
VFB_00107bdy	BANC_888:720575941403623459	right side of organism	has_soma_location			BANC888	doi:10.1038/s41586-026-10735-w	BANC_v888 260702
VFB_00107bdz	BANC_888:720575941403625507	right side of organism	has_soma_location			BANC888	doi:10.1038/s41586-026-10735-w	BANC_v888 260702
VFB_00106f6n	BANC_888:720575941403626864	right side of organism	has_soma_location			BANC888	doi:10.1038/s41586-026-10735-w	BANC_v888 260702
VFB_00106f6o	BANC_888:720575941403628400	right side of organism	has_soma_location			BANC888	doi:10.1038/s41586-026-10735-w	BANC_v888 260702
VFB_00107be0	BANC_888:720575941403638384	right side of organism	has_soma_location			BANC888	doi:10.1038/s41586-026-10735-w	BANC_v888 260702
VFB_00107be1	BANC_888:720575941403667824	right side of organism	has_soma_location			BANC888	doi:10.1038/s41586-026-10735-w	BANC_v888 260702
VFB_00106f6r	BANC_888:720575941403670128	right side of organism	has_soma_location			BANC888	doi:10.1038/s41586-026-10735-w	BANC_v888 260702
VFB_00106f6s	BANC_888:720575941403677040	right side of organism	has_soma_location			BANC888	doi:10.1038/s41586-026-10735-w	BANC_v888 260702
VFB_00106f6t	BANC_888:720575941403678320	right side of organism	has_soma_location			BANC888	doi:10.1038/s41586-026-10735-w	BANC_v888 260702
VFB_00106f6u	BANC_888:720575941403694960	right side of organism	has_soma_location			BANC888	doi:10.1038/s41586-026-10735-w	BANC_v888 260702
VFB_00106f6v	BANC_888:720575941403698288	right side of organism	has_soma_location			BANC888	doi:10.1038/s41586-026-10735-w	BANC_v888 260702
VFB_00106f6w	BANC_888:720575941403698544	right side of organism	has_soma_location			BANC888	doi:10.1038/s41586-026-10735-w	BANC_v888 260702
VFB_00106f6z	BANC_888:720575941403706992	right side of organism	has_soma_location			BANC888	doi:10.1038/s41586-026-10735-w	BANC_v888 260702
VFB_00106f71	BANC_888:720575941403708528	right side of organism	has_soma_location			BANC888	doi:10.1038/s41586-026-10735-w	BANC_v888 260702
VFB_00106f74	BANC_888:720575941403788144	right side of organism	has_soma_location			BANC888	doi:10.1038/s41586-026-10735-w	BANC_v888 260702
VFB_00107be2	BANC_888:720575941403789168	right side of organism	has_soma_location			BANC888	doi:10.1038/s41586-026-10735-w	BANC_v888 260702
VFB_00106f75	BANC_888:720575941403795824	right side of organism	has_soma_location			BANC888	doi:10.1038/s41586-026-10735-w	BANC_v888 260702
VFB_00106f76	BANC_888:720575941403805552	right side of organism	has_soma_location			BANC888	doi:10.1038/s41586-026-10735-w	BANC_v888 260702
VFB_00106f77	BANC_888:720575941403812976	left side of organism	has_soma_location			BANC888	doi:10.1038/s41586-026-10735-w	BANC_v888 260702
VFB_00106f78	BANC_888:720575941403816304	right side of organism	has_soma_location			BANC888	doi:10.1038/s41586-026-10735-w	BANC_v888 260702
VFB_00106f79	BANC_888:720575941403818864	left side of organism	has_soma_location			BANC888	doi:10.1038/s41586-026-10735-w	BANC_v888 260702
VFB_00106f7a	BANC_888:720575941403824752	right side of organism	has_soma_location			BANC888	doi:10.1038/s41586-026-10735-w	BANC_v888 260702
VFB_00106f7b	BANC_888:720575941403825008	right side of organism	has_soma_location			BANC888	doi:10.1038/s41586-026-10735-w	BANC_v888 260702
VFB_00107be3	BANC_888:720575941403837552	left side of organism	has_soma_location			BANC888	doi:10.1038/s41586-026-10735-w	BANC_v888 260702
VFB_00107be4	BANC_888:720575941403840880	left side of organism	has_soma_location			BANC888	doi:10.1038/s41586-026-10735-w	BANC_v888 260702
VFB_00107be5	BANC_888:720575941403848048	right side of organism	has_soma_location			BANC888	doi:10.1038/s41586-026-10735-w	BANC_v888 260702
VFB_00106f7d	BANC_888:720575941403864432	right side of organism	has_soma_location			BANC888	doi:10.1038/s41586-026-10735-w	BANC_v888 260702
VFB_00106f7e	BANC_888:720575941403865456	right side of organism	has_soma_location			BANC888	doi:10.1038/s41586-026-10735-w	BANC_v888 260702
VFB_00106f7f	BANC_888:720575941403875952	left side of organism	has_soma_location			BANC888	doi:10.1038/s41586-026-10735-w	BANC_v888 260702
VFB_00106f7g	BANC_888:720575941403879792	left side of organism	has_soma_location			BANC888	doi:10.1038/s41586-026-10735-w	BANC_v888 260702
VFB_00106f7h	BANC_888:720575941403893360	right side of organism	has_soma_location			BANC888	doi:10.1038/s41586-026-10735-w	BANC_v888 260702
VFB_00106f7j	BANC_888:720575941403910000	left side of organism	has_soma_location			BANC888	doi:10.1038/s41586-026-10735-w	BANC_v888 260702
VFB_00106f7k	BANC_888:720575941403911536	left side of organism	has_soma_location			BANC888	doi:10.1038/s41586-026-10735-w	BANC_v888 260702
VFB_00106f7l	BANC_888:720575941403918192	right side of organism	has_soma_location			BANC888	doi:10.1038/s41586-026-10735-w	BANC_v888 260702
VFB_00106f7m	BANC_888:720575941403926128	right side of organism	has_soma_location			BANC888	doi:10.1038/s41586-026-10735-w	BANC_v888 260702
VFB_00106f7o	BANC_888:720575941403931248	left side of organism	has_soma_location			BANC888	doi:10.1038/s41586-026-10735-w	BANC_v888 260702
VFB_00106f7q	BANC_888:720575941403942768	right side of organism	has_soma_location			BANC888	doi:10.1038/s41586-026-10735-w	BANC_v888 260702
VFB_00106f7r	BANC_888:720575941403959920	right side of organism	has_soma_location			BANC888	doi:10.1038/s41586-026-10735-w	BANC_v888 260702
VFB_00106f7s	BANC_888:720575941403978864	left side of organism	has_soma_location			BANC888	doi:10.1038/s41586-026-10735-w	BANC_v888 260702
VFB_00106f7t	BANC_888:720575941403979120	left side of organism	has_soma_location			BANC888	doi:10.1038/s41586-026-10735-w	BANC_v888 260702
VFB_00106f7u	BANC_888:720575941403983472	left side of organism	has_soma_location			BANC888	doi:10.1038/s41586-026-10735-w	BANC_v888 260702
VFB_00106f7v	BANC_888:720575941403986032	left side of organism	has_soma_location			BANC888	doi:10.1038/s41586-026-10735-w	BANC_v888 260702
VFB_00107be6	BANC_888:720575941403992432	left side of organism	has_soma_location			BANC888	doi:10.1038/s41586-026-10735-w	BANC_v888 260702
VFB_00107be7	BANC_888:720575941403995760	left side of organism	has_soma_location			BANC888	doi:10.1038/s41586-026-10735-w	BANC_v888 260702
VFB_00106f7w	BANC_888:720575941404005488	right side of organism	has_soma_location			BANC888	doi:10.1038/s41586-026-10735-w	BANC_v888 260702
VFB_00106f7x	BANC_888:720575941404009584	right side of organism	has_soma_location			BANC888	doi:10.1038/s41586-026-10735-w	BANC_v888 260702
VFB_00106f7y	BANC_888:720575941404013936	right side of organism	has_soma_location			BANC888	doi:10.1038/s41586-026-10735-w	BANC_v888 260702
VFB_00107be8	BANC_888:720575941404016240	right side of organism	has_soma_location			BANC888	doi:10.1038/s41586-026-10735-w	BANC_v888 260702
VFB_00107be9	BANC_888:720575941404032368	right side of organism	has_soma_location			BANC888	doi:10.1038/s41586-026-10735-w	BANC_v888 260702
VFB_00107bea	BANC_888:720575941404036464	right side of organism	has_soma_location			BANC888	doi:10.1038/s41586-026-10735-w	BANC_v888 260702
VFB_00107beb	BANC_888:720575941404041072	right side of organism	has_soma_location			BANC888	doi:10.1038/s41586-026-10735-w	BANC_v888 260702
VFB_00106f7z	BANC_888:720575941404054896	left side of organism	has_soma_location			BANC888	doi:10.1038/s41586-026-10735-w	BANC_v888 260702
VFB_00106f82	BANC_888:720575941404079984	right side of organism	has_soma_location			BANC888	doi:10.1038/s41586-026-10735-w	BANC_v888 260702
VFB_00106f83	BANC_888:720575941404081776	right side of organism	has_soma_location			BANC888	doi:10.1038/s41586-026-10735-w	BANC_v888 260702
VFB_00106f84	BANC_888:720575941404083056	right side of organism	has_soma_location			BANC888	doi:10.1038/s41586-026-10735-w	BANC_v888 260702
VFB_00107bec	BANC_888:720575941404089968	right side of organism	has_soma_location			BANC888	doi:10.1038/s41586-026-10735-w	BANC_v888 260702
VFB_00106f85	BANC_888:720575941404097392	right side of organism	has_soma_location			BANC888	doi:10.1038/s41586-026-10735-w	BANC_v888 260702
VFB_00106f86	BANC_888:720575941404115568	right side of organism	has_soma_location			BANC888	doi:10.1038/s41586-026-10735-w	BANC_v888 260702
VFB_00106f87	BANC_888:720575941404117104	right side of organism	has_soma_location			BANC888	doi:10.1038/s41586-026-10735-w	BANC_v888 260702
VFB_00106f88	BANC_888:720575941404119920	left side of organism	has_soma_location			BANC888	doi:10.1038/s41586-026-10735-w	BANC_v888 260702
VFB_00106f89	BANC_888:720575941404136560	right side of organism	has_soma_location			BANC888	doi:10.1038/s41586-026-10735-w	BANC_v888 260702
VFB_00106f8a	BANC_888:720575941404154992	right side of organism	has_soma_location			BANC888	doi:10.1038/s41586-026-10735-w	BANC_v888 260702
VFB_00107bed	BANC_888:720575941404162160	right side of organism	has_soma_location			BANC888	doi:10.1038/s41586-026-10735-w	BANC_v888 260702
VFB_00106f8b	BANC_888:720575941404166512	left side of organism	has_soma_location			BANC888	doi:10.1038/s41586-026-10735-w	BANC_v888 260702
VFB_00106f8c	BANC_888:720575941404170096	left side of organism	has_soma_location			BANC888	doi:10.1038/s41586-026-10735-w	BANC_v888 260702
VFB_00106f8d	BANC_888:720575941404184176	left side of organism	has_soma_location			BANC888	doi:10.1038/s41586-026-10735-w	BANC_v888 260702
VFB_00106f8f	BANC_888:720575941404247408	right side of organism	has_soma_location			BANC888	doi:10.1038/s41586-026-10735-w	BANC_v888 260702
VFB_00106f8g	BANC_888:720575941404249200	left side of organism	has_soma_location			BANC888	doi:10.1038/s41586-026-10735-w	BANC_v888 260702
VFB_00107bee	BANC_888:720575941404266352	right side of organism	has_soma_location			BANC888	doi:10.1038/s41586-026-10735-w	BANC_v888 260702
VFB_00106f8i	BANC_888:720575941404271984	right side of organism	has_soma_location			BANC888	doi:10.1038/s41586-026-10735-w	BANC_v888 260702
VFB_00107bef	BANC_888:720575941404288368	left side of organism	has_soma_location			BANC888	doi:10.1038/s41586-026-10735-w	BANC_v888 260702
VFB_00106f8j	BANC_888:720575941404305520	right side of organism	has_soma_location			BANC888	doi:10.1038/s41586-026-10735-w	BANC_v888 260702
VFB_00107beg	BANC_888:720575941404307056	right side of organism	has_soma_location			BANC888	doi:10.1038/s41586-026-10735-w	BANC_v888 260702
VFB_00107beh	BANC_888:720575941404322672	right side of organism	has_soma_location			BANC888	doi:10.1038/s41586-026-10735-w	BANC_v888 260702
VFB_00106f8k	BANC_888:720575941404343408	right side of organism	has_soma_location			BANC888	doi:10.1038/s41586-026-10735-w	BANC_v888 260702
VFB_00106f8l	BANC_888:720575941404359024	right side of organism	has_soma_location			BANC888	doi:10.1038/s41586-026-10735-w	BANC_v888 260702
VFB_00107bei	BANC_888:720575941404359280	left side of organism	has_soma_location			BANC888	doi:10.1038/s41586-026-10735-w	BANC_v888 260702
VFB_00106f8m	BANC_888:720575941404362352	right side of organism	has_soma_location			BANC888	doi:10.1038/s41586-026-10735-w	BANC_v888 260702
VFB_00106f8o	BANC_888:720575941404386160	right side of organism	has_soma_location			BANC888	doi:10.1038/s41586-026-10735-w	BANC_v888 260702
VFB_00106f8p	BANC_888:720575941404390000	left side of organism	has_soma_location			BANC888	doi:10.1038/s41586-026-10735-w	BANC_v888 260702
VFB_00106f8q	BANC_888:720575941404402800	right side of organism	has_soma_location			BANC888	doi:10.1038/s41586-026-10735-w	BANC_v888 260702
VFB_00107bej	BANC_888:720575941404409712	left side of organism	has_soma_location			BANC888	doi:10.1038/s41586-026-10735-w	BANC_v888 260702
VFB_00106f8r	BANC_888:720575941404430448	right side of organism	has_soma_location			BANC888	doi:10.1038/s41586-026-10735-w	BANC_v888 260702
VFB_00106f8s	BANC_888:720575941404440176	left side of organism	has_soma_location			BANC888	doi:10.1038/s41586-026-10735-w	BANC_v888 260702
VFB_00106f8u	BANC_888:720575941404448624	right side of organism	has_soma_location			BANC888	doi:10.1038/s41586-026-10735-w	BANC_v888 260702
VFB_00107bek	BANC_888:720575941404448880	right side of organism	has_soma_location			BANC888	doi:10.1038/s41586-026-10735-w	BANC_v888 260702
VFB_00106f8v	BANC_888:720575941404451440	left side of organism	has_soma_location			BANC888	doi:10.1038/s41586-026-10735-w	BANC_v888 260702
VFB_00106f8w	BANC_888:720575941404452208	right side of organism	has_soma_location			BANC888	doi:10.1038/s41586-026-10735-w	BANC_v888 260702
VFB_00106f8x	BANC_888:720575941404452720	left side of organism	has_soma_location			BANC888	doi:10.1038/s41586-026-10735-w	BANC_v888 260702
VFB_00107bel	BANC_888:720575941404453232	right side of organism	has_soma_location			BANC888	doi:10.1038/s41586-026-10735-w	BANC_v888 260702
VFB_00107bem	BANC_888:720575941404456816	right side of organism	has_soma_location			BANC888	doi:10.1038/s41586-026-10735-w	BANC_v888 260702
VFB_00106f8z	BANC_888:720575941404459632	left side of organism	has_soma_location			BANC888	doi:10.1038/s41586-026-10735-w	BANC_v888 260702
VFB_00107ben	BANC_888:720575941404461168	right side of organism	has_soma_location			BANC888	doi:10.1038/s41586-026-10735-w	BANC_v888 260702
VFB_00106f90	BANC_888:720575941404466288	right side of organism	has_soma_location			BANC888	doi:10.1038/s41586-026-10735-w	BANC_v888 260702
VFB_00107beo	BANC_888:720575941404468336	right side of organism	has_soma_location			BANC888	doi:10.1038/s41586-026-10735-w	BANC_v888 260702
VFB_00106f91	BANC_888:720575941404468592	right side of organism	has_soma_location			BANC888	doi:10.1038/s41586-026-10735-w	BANC_v888 260702
VFB_00106f92	BANC_888:720575941404474992	right side of organism	has_soma_location			BANC888	doi:10.1038/s41586-026-10735-w	BANC_v888 260702
VFB_00106f93	BANC_888:720575941404478064	right side of organism	has_soma_location			BANC888	doi:10.1038/s41586-026-10735-w	BANC_v888 260702
VFB_00107bep	BANC_888:720575941404480368	right side of organism	has_soma_location			BANC888	doi:10.1038/s41586-026-10735-w	BANC_v888 260702
VFB_00106f94	BANC_888:720575941404502896	right side of organism	has_soma_location			BANC888	doi:10.1038/s41586-026-10735-w	BANC_v888 260702
VFB_00107beq	BANC_888:720575941404505712	right side of organism	has_soma_location			BANC888	doi:10.1038/s41586-026-10735-w	BANC_v888 260702
VFB_00107ber	BANC_888:720575941404507248	left side of organism	has_soma_location			BANC888	doi:10.1038/s41586-026-10735-w	BANC_v888 260702
VFB_00107bes	BANC_888:720575941404521072	left side of organism	has_soma_location			BANC888	doi:10.1038/s41586-026-10735-w	BANC_v888 260702
VFB_00107bet	BANC_888:720575941404536944	left side of organism	has_soma_location			BANC888	doi:10.1038/s41586-026-10735-w	BANC_v888 260702
VFB_00107beu	BANC_888:720575941404542320	right side of organism	has_soma_location			BANC888	doi:10.1038/s41586-026-10735-w	BANC_v888 260702
VFB_00107bev	BANC_888:720575941404566640	right side of organism	has_soma_location			BANC888	doi:10.1038/s41586-026-10735-w	BANC_v888 260702
VFB_00107bew	BANC_888:720575941404572528	right side of organism	has_soma_location			BANC888	doi:10.1038/s41586-026-10735-w	BANC_v888 260702
VFB_00106f96	BANC_888:720575941404588912	right side of organism	has_soma_location			BANC888	doi:10.1038/s41586-026-10735-w	BANC_v888 260702
VFB_00107bex	BANC_888:720575941404599408	right side of organism	has_soma_location			BANC888	doi:10.1038/s41586-026-10735-w	BANC_v888 260702
VFB_00106f98	BANC_888:720575941404638320	right side of organism	has_soma_location			BANC888	doi:10.1038/s41586-026-10735-w	BANC_v888 260702
VFB_00107bey	BANC_888:720575941404657520	left side of organism	has_soma_location			BANC888	doi:10.1038/s41586-026-10735-w	BANC_v888 260702
VFB_00106f99	BANC_888:720575941404662896	right side of organism	has_soma_location			BANC888	doi:10.1038/s41586-026-10735-w	BANC_v888 260702
VFB_00107bez	BANC_888:720575941404668528	left side of organism	has_soma_location			BANC888	doi:10.1038/s41586-026-10735-w	BANC_v888 260702
VFB_00106f9a	BANC_888:720575941404680816	right side of organism	has_soma_location			BANC888	doi:10.1038/s41586-026-10735-w	BANC_v888 260702
VFB_00106f9b	BANC_888:720575941404686704	left side of organism	has_soma_location			BANC888	doi:10.1038/s41586-026-10735-w	BANC_v888 260702
VFB_00106f9c	BANC_888:720575941404699504	left side of organism	has_soma_location			BANC888	doi:10.1038/s41586-026-10735-w	BANC_v888 260702
VFB_00106f9d	BANC_888:720575941404711792	left side of organism	has_soma_location			BANC888	doi:10.1038/s41586-026-10735-w	BANC_v888 260702
VFB_00106f9f	BANC_888:720575941404724080	right side of organism	has_soma_location			BANC888	doi:10.1038/s41586-026-10735-w	BANC_v888 260702
VFB_00106f9g	BANC_888:720575941404724848	left side of organism	has_soma_location			BANC888	doi:10.1038/s41586-026-10735-w	BANC_v888 260702
VFB_00106f9h	BANC_888:720575941404727920	left side of organism	has_soma_location			BANC888	doi:10.1038/s41586-026-10735-w	BANC_v888 260702
VFB_00106f9i	BANC_888:720575941404729712	right side of organism	has_soma_location			BANC888	doi:10.1038/s41586-026-10735-w	BANC_v888 260702
VFB_00107bf0	BANC_888:720575941404729968	right side of organism	has_soma_location			BANC888	doi:10.1038/s41586-026-10735-w	BANC_v888 260702
VFB_00106f9j	BANC_888:720575941404746352	left side of organism	has_soma_location			BANC888	doi:10.1038/s41586-026-10735-w	BANC_v888 260702
VFB_00106f9k	BANC_888:720575941404748144	left side of organism	has_soma_location			BANC888	doi:10.1038/s41586-026-10735-w	BANC_v888 260702
VFB_00106f9l	BANC_888:720575941404749424	right side of organism	has_soma_location			BANC888	doi:10.1038/s41586-026-10735-w	BANC_v888 260702
VFB_00106f9m	BANC_888:720575941404752752	right side of organism	has_soma_location			BANC888	doi:10.1038/s41586-026-10735-w	BANC_v888 260702
VFB_00106f9n	BANC_888:720575941404754544	left side of organism	has_soma_location			BANC888	doi:10.1038/s41586-026-10735-w	BANC_v888 260702
VFB_00107bf1	BANC_888:720575941404756080	right side of organism	has_soma_location			BANC888	doi:10.1038/s41586-026-10735-w	BANC_v888 260702
VFB_00107bf2	BANC_888:720575941404757616	right side of organism	has_soma_location			BANC888	doi:10.1038/s41586-026-10735-w	BANC_v888 260702
VFB_00106f9o	BANC_888:720575941404758384	left side of organism	has_soma_location			BANC888	doi:10.1038/s41586-026-10735-w	BANC_v888 260702
VFB_00106f9p	BANC_888:720575941404774256	right side of organism	has_soma_location			BANC888	doi:10.1038/s41586-026-10735-w	BANC_v888 260702
VFB_00107bf3	BANC_888:720575941404780400	right side of organism	has_soma_location			BANC888	doi:10.1038/s41586-026-10735-w	BANC_v888 260702
VFB_00106f9s	BANC_888:720575941404810352	left side of organism	has_soma_location			BANC888	doi:10.1038/s41586-026-10735-w	BANC_v888 260702
VFB_00106f9t	BANC_888:720575941404812656	right side of organism	has_soma_location			BANC888	doi:10.1038/s41586-026-10735-w	BANC_v888 260702
VFB_00106f9u	BANC_888:720575941404813680	left side of organism	has_soma_location			BANC888	doi:10.1038/s41586-026-10735-w	BANC_v888 260702
VFB_00106f9v	BANC_888:720575941404814192	right side of organism	has_soma_location			BANC888	doi:10.1038/s41586-026-10735-w	BANC_v888 260702
VFB_00106f9x	BANC_888:720575941404819312	left side of organism	has_soma_location			BANC888	doi:10.1038/s41586-026-10735-w	BANC_v888 260702
VFB_00106f9y	BANC_888:720575941404819568	right side of organism	has_soma_location			BANC888	doi:10.1038/s41586-026-10735-w	BANC_v888 260702
VFB_00107bf4	BANC_888:720575941404821104	left side of organism	has_soma_location			BANC888	doi:10.1038/s41586-026-10735-w	BANC_v888 260702
VFB_00106f9z	BANC_888:720575941404826480	left side of organism	has_soma_location			BANC888	doi:10.1038/s41586-026-10735-w	BANC_v888 260702
VFB_00107bf5	BANC_888:720575941404842352	left side of organism	has_soma_location			BANC888	doi:10.1038/s41586-026-10735-w	BANC_v888 260702
VFB_00106fa1	BANC_888:720575941404847728	right side of organism	has_soma_location			BANC888	doi:10.1038/s41586-026-10735-w	BANC_v888 260702
VFB_00106fa3	BANC_888:720575941404855408	left side of organism	has_soma_location			BANC888	doi:10.1038/s41586-026-10735-w	BANC_v888 260702
VFB_00107bf6	BANC_888:720575941404855920	left side of organism	has_soma_location			BANC888	doi:10.1038/s41586-026-10735-w	BANC_v888 260702
VFB_00107bf7	BANC_888:720575941404862832	right side of organism	has_soma_location			BANC888	doi:10.1038/s41586-026-10735-w	BANC_v888 260702
VFB_00106fa4	BANC_888:720575941404863088	right side of organism	has_soma_location			BANC888	doi:10.1038/s41586-026-10735-w	BANC_v888 260702
VFB_00106fa5	BANC_888:720575941404863856	right side of organism	has_soma_location			BANC888	doi:10.1038/s41586-026-10735-w	BANC_v888 260702
VFB_00106fa6	BANC_888:720575941404865904	left side of organism	has_soma_location			BANC888	doi:10.1038/s41586-026-10735-w	BANC_v888 260702
VFB_00106fa7	BANC_888:720575941404873328	right side of organism	has_soma_location			BANC888	doi:10.1038/s41586-026-10735-w	BANC_v888 260702
VFB_00106fa8	BANC_888:720575941404874352	right side of organism	has_soma_location			BANC888	doi:10.1038/s41586-026-10735-w	BANC_v888 260702
VFB_00107bf8	BANC_888:720575941404875120	right side of organism	has_soma_location			BANC888	doi:10.1038/s41586-026-10735-w	BANC_v888 260702
VFB_00106fa9	BANC_888:720575941404879216	right side of organism	has_soma_location			BANC888	doi:10.1038/s41586-026-10735-w	BANC_v888 260702
VFB_00107bf9	BANC_888:720575941404888688	right side of organism	has_soma_location			BANC888	doi:10.1038/s41586-026-10735-w	BANC_v888 260702
VFB_00106faa	BANC_888:720575941404900464	right side of organism	has_soma_location			BANC888	doi:10.1038/s41586-026-10735-w	BANC_v888 260702
VFB_00106fab	BANC_888:720575941404901488	right side of organism	has_soma_location			BANC888	doi:10.1038/s41586-026-10735-w	BANC_v888 260702
VFB_00107bfa	BANC_888:720575941404902512	left side of organism	has_soma_location			BANC888	doi:10.1038/s41586-026-10735-w	BANC_v888 260702
VFB_00106fac	BANC_888:720575941404904048	right side of organism	has_soma_location			BANC888	doi:10.1038/s41586-026-10735-w	BANC_v888 260702
VFB_00106fad	BANC_888:720575941404906096	right side of organism	has_soma_location			BANC888	doi:10.1038/s41586-026-10735-w	BANC_v888 260702
VFB_00107bfb	BANC_888:720575941404908400	left side of organism	has_soma_location			BANC888	doi:10.1038/s41586-026-10735-w	BANC_v888 260702
VFB_00106fae	BANC_888:720575941404911472	left side of organism	has_soma_location			BANC888	doi:10.1038/s41586-026-10735-w	BANC_v888 260702
VFB_00106faf	BANC_888:720575941404913264	right side of organism	has_soma_location			BANC888	doi:10.1038/s41586-026-10735-w	BANC_v888 260702
VFB_00107bfc	BANC_888:720575941404916848	left side of organism	has_soma_location			BANC888	doi:10.1038/s41586-026-10735-w	BANC_v888 260702
VFB_00106fah	BANC_888:720575941404923248	right side of organism	has_soma_location			BANC888	doi:10.1038/s41586-026-10735-w	BANC_v888 260702
VFB_00106fai	BANC_888:720575941404924016	left side of organism	has_soma_location			BANC888	doi:10.1038/s41586-026-10735-w	BANC_v888 260702
VFB_00107bfd	BANC_888:720575941404924272	left side of organism	has_soma_location			BANC888	doi:10.1038/s41586-026-10735-w	BANC_v888 260702
VFB_00107bfe	BANC_888:720575941404925040	left side of organism	has_soma_location			BANC888	doi:10.1038/s41586-026-10735-w	BANC_v888 260702
VFB_00106fak	BANC_888:720575941404941680	left side of organism	has_soma_location			BANC888	doi:10.1038/s41586-026-10735-w	BANC_v888 260702
VFB_00107bff	BANC_888:720575941404943472	left side of organism	has_soma_location			BANC888	doi:10.1038/s41586-026-10735-w	BANC_v888 260702
VFB_00107bfg	BANC_888:720575941404952176	left side of organism	has_soma_location			BANC888	doi:10.1038/s41586-026-10735-w	BANC_v888 260702
VFB_00107bfh	BANC_888:720575941404954736	left side of organism	has_soma_location			BANC888	doi:10.1038/s41586-026-10735-w	BANC_v888 260702
VFB_00107bfi	BANC_888:720575941404960624	left side of organism	has_soma_location			BANC888	doi:10.1038/s41586-026-10735-w	BANC_v888 260702
VFB_00107bfj	BANC_888:720575941404963696	left side of organism	has_soma_location			BANC888	doi:10.1038/s41586-026-10735-w	BANC_v888 260702
VFB_00106fal	BANC_888:720575941404981360	left side of organism	has_soma_location			BANC888	doi:10.1038/s41586-026-10735-w	BANC_v888 260702
VFB_00107bfk	BANC_888:720575941404982896	left side of organism	has_soma_location			BANC888	doi:10.1038/s41586-026-10735-w	BANC_v888 260702
VFB_00107bfl	BANC_888:720575941404994672	left side of organism	has_soma_location			BANC888	doi:10.1038/s41586-026-10735-w	BANC_v888 260702
VFB_00107bfm	BANC_888:720575941404995696	left side of organism	has_soma_location			BANC888	doi:10.1038/s41586-026-10735-w	BANC_v888 260702
VFB_00107bfn	BANC_888:720575941404996976	left side of organism	has_soma_location			BANC888	doi:10.1038/s41586-026-10735-w	BANC_v888 260702
VFB_00106fam	BANC_888:720575941405005168	right side of organism	has_soma_location			BANC888	doi:10.1038/s41586-026-10735-w	BANC_v888 260702
VFB_00106fao	BANC_888:720575941405007984	right side of organism	has_soma_location			BANC888	doi:10.1038/s41586-026-10735-w	BANC_v888 260702
VFB_00106fap	BANC_888:720575941405010288	right side of organism	has_soma_location			BANC888	doi:10.1038/s41586-026-10735-w	BANC_v888 260702
VFB_00107bfo	BANC_888:720575941405016432	left side of organism	has_soma_location			BANC888	doi:10.1038/s41586-026-10735-w	BANC_v888 260702
VFB_00107bfp	BANC_888:720575941405025904	left side of organism	has_soma_location			BANC888	doi:10.1038/s41586-026-10735-w	BANC_v888 260702
VFB_00107bfq	BANC_888:720575941405027440	left side of organism	has_soma_location			BANC888	doi:10.1038/s41586-026-10735-w	BANC_v888 260702
VFB_00107bfr	BANC_888:720575941405030512	left side of organism	has_soma_location			BANC888	doi:10.1038/s41586-026-10735-w	BANC_v888 260702
VFB_00107bfs	BANC_888:720575941405032560	left side of organism	has_soma_location			BANC888	doi:10.1038/s41586-026-10735-w	BANC_v888 260702
VFB_00107bft	BANC_888:720575941405035120	left side of organism	has_soma_location			BANC888	doi:10.1038/s41586-026-10735-w	BANC_v888 260702
VFB_00107bfu	BANC_888:720575941405037936	left side of organism	has_soma_location			BANC888	doi:10.1038/s41586-026-10735-w	BANC_v888 260702
VFB_00107bfv	BANC_888:720575941405048176	left side of organism	has_soma_location			BANC888	doi:10.1038/s41586-026-10735-w	BANC_v888 260702
VFB_00107bfw	BANC_888:720575941405059184	left side of organism	has_soma_location			BANC888	doi:10.1038/s41586-026-10735-w	BANC_v888 260702
VFB_00107bfx	BANC_888:720575941405091952	left side of organism	has_soma_location			BANC888	doi:10.1038/s41586-026-10735-w	BANC_v888 260702
VFB_00107bfy	BANC_888:720575941405093488	left side of organism	has_soma_location			BANC888	doi:10.1038/s41586-026-10735-w	BANC_v888 260702
VFB_00106far	BANC_888:720575941405094000	left side of organism	has_soma_location			BANC888	doi:10.1038/s41586-026-10735-w	BANC_v888 260702
VFB_00107bfz	BANC_888:720575941405097328	left side of organism	has_soma_location			BANC888	doi:10.1038/s41586-026-10735-w	BANC_v888 260702
VFB_00107bg0	BANC_888:720575941405119088	left side of organism	has_soma_location			BANC888	doi:10.1038/s41586-026-10735-w	BANC_v888 260702
VFB_00107bg1	BANC_888:720575941405119600	left side of organism	has_soma_location			BANC888	doi:10.1038/s41586-026-10735-w	BANC_v888 260702
VFB_00107bg2	BANC_888:720575941405129584	left side of organism	has_soma_location			BANC888	doi:10.1038/s41586-026-10735-w	BANC_v888 260702
VFB_00107bg3	BANC_888:720575941405138800	left side of organism	has_soma_location			BANC888	doi:10.1038/s41586-026-10735-w	BANC_v888 260702
VFB_00107bg4	BANC_888:720575941405165936	left side of organism	has_soma_location			BANC888	doi:10.1038/s41586-026-10735-w	BANC_v888 260702
VFB_00107bg5	BANC_888:720575941405166448	left side of organism	has_soma_location			BANC888	doi:10.1038/s41586-026-10735-w	BANC_v888 260702
VFB_00106fas	BANC_888:720575941405176176	left side of organism	has_soma_location			BANC888	doi:10.1038/s41586-026-10735-w	BANC_v888 260702
VFB_00107bg6	BANC_888:720575941405191280	right side of organism	has_soma_location			BANC888	doi:10.1038/s41586-026-10735-w	BANC_v888 260702
VFB_00107bg7	BANC_888:720575941405198704	left side of organism	has_soma_location			BANC888	doi:10.1038/s41586-026-10735-w	BANC_v888 260702
VFB_00107bg8	BANC_888:720575941405204336	left side of organism	has_soma_location			BANC888	doi:10.1038/s41586-026-10735-w	BANC_v888 260702
VFB_00107bg9	BANC_888:720575941405208176	left side of organism	has_soma_location			BANC888	doi:10.1038/s41586-026-10735-w	BANC_v888 260702
VFB_00107bga	BANC_888:720575941405215856	left side of organism	has_soma_location			BANC888	doi:10.1038/s41586-026-10735-w	BANC_v888 260702
VFB_00106fav	BANC_888:720575941405216624	left side of organism	has_soma_location			BANC888	doi:10.1038/s41586-026-10735-w	BANC_v888 260702
VFB_00107bgb	BANC_888:720575941405228656	left side of organism	has_soma_location			BANC888	doi:10.1038/s41586-026-10735-w	BANC_v888 260702
VFB_00107bgc	BANC_888:720575941405236080	left side of organism	has_soma_location			BANC888	doi:10.1038/s41586-026-10735-w	BANC_v888 260702
VFB_00107bgd	BANC_888:720575941405241968	left side of organism	has_soma_location			BANC888	doi:10.1038/s41586-026-10735-w	BANC_v888 260702
VFB_00107bge	BANC_888:720575941405251184	left side of organism	has_soma_location			BANC888	doi:10.1038/s41586-026-10735-w	BANC_v888 260702
VFB_00107bgf	BANC_888:720575941405273200	left side of organism	has_soma_location			BANC888	doi:10.1038/s41586-026-10735-w	BANC_v888 260702
VFB_00106fay	BANC_888:720575941405296752	right side of organism	has_soma_location			BANC888	doi:10.1038/s41586-026-10735-w	BANC_v888 260702
VFB_00107bgg	BANC_888:720575941405313904	right side of organism	has_soma_location			BANC888	doi:10.1038/s41586-026-10735-w	BANC_v888 260702
VFB_00106faz	BANC_888:720575941405317488	right side of organism	has_soma_location			BANC888	doi:10.1038/s41586-026-10735-w	BANC_v888 260702
VFB_00106fb0	BANC_888:720575941405318000	right side of organism	has_soma_location			BANC888	doi:10.1038/s41586-026-10735-w	BANC_v888 260702
VFB_00106fb1	BANC_888:720575941405321328	right side of organism	has_soma_location			BANC888	doi:10.1038/s41586-026-10735-w	BANC_v888 260702
VFB_00106fb2	BANC_888:720575941405334384	right side of organism	has_soma_location			BANC888	doi:10.1038/s41586-026-10735-w	BANC_v888 260702
VFB_00107bgh	BANC_888:720575941405346672	right side of organism	has_soma_location			BANC888	doi:10.1038/s41586-026-10735-w	BANC_v888 260702
VFB_00106fb4	BANC_888:720575941405352304	right side of organism	has_soma_location			BANC888	doi:10.1038/s41586-026-10735-w	BANC_v888 260702
VFB_00107bgi	BANC_888:720575941405383024	right side of organism	has_soma_location			BANC888	doi:10.1038/s41586-026-10735-w	BANC_v888 260702
VFB_00107bgj	BANC_888:720575941405383280	right side of organism	has_soma_location			BANC888	doi:10.1038/s41586-026-10735-w	BANC_v888 260702
VFB_00107bgk	BANC_888:720575941405389168	right side of organism	has_soma_location			BANC888	doi:10.1038/s41586-026-10735-w	BANC_v888 260702
VFB_00107bgl	BANC_888:720575941405400944	right side of organism	has_soma_location			BANC888	doi:10.1038/s41586-026-10735-w	BANC_v888 260702
VFB_00107bgm	BANC_888:720575941405413744	right side of organism	has_soma_location			BANC888	doi:10.1038/s41586-026-10735-w	BANC_v888 260702
VFB_00107bgn	BANC_888:720575941405415792	right side of organism	has_soma_location			BANC888	doi:10.1038/s41586-026-10735-w	BANC_v888 260702
VFB_00107bgo	BANC_888:720575941405416560	right side of organism	has_soma_location			BANC888	doi:10.1038/s41586-026-10735-w	BANC_v888 260702
VFB_00107bgp	BANC_888:720575941405419376	right side of organism	has_soma_location			BANC888	doi:10.1038/s41586-026-10735-w	BANC_v888 260702
VFB_00107bgq	BANC_888:720575941405456752	left side of organism	has_soma_location			BANC888	doi:10.1038/s41586-026-10735-w	BANC_v888 260702
VFB_00107bgr	BANC_888:720575941405458544	right side of organism	has_soma_location			BANC888	doi:10.1038/s41586-026-10735-w	BANC_v888 260702
VFB_00107bgs	BANC_888:720575941405459312	right side of organism	has_soma_location			BANC888	doi:10.1038/s41586-026-10735-w	BANC_v888 260702
VFB_00107bgt	BANC_888:720575941405463408	right side of organism	has_soma_location			BANC888	doi:10.1038/s41586-026-10735-w	BANC_v888 260702
VFB_00107bgu	BANC_888:720575941405464944	right side of organism	has_soma_location			BANC888	doi:10.1038/s41586-026-10735-w	BANC_v888 260702
VFB_00107bgv	BANC_888:720575941405465712	right side of organism	has_soma_location			BANC888	doi:10.1038/s41586-026-10735-w	BANC_v888 260702
VFB_00107bgw	BANC_888:720575941405468784	right side of organism	has_soma_location			BANC888	doi:10.1038/s41586-026-10735-w	BANC_v888 260702
VFB_00106fb5	BANC_888:720575941405473327	left side of organism	has_soma_location			BANC888	doi:10.1038/s41586-026-10735-w	BANC_v888 260702
VFB_00107bgx	BANC_888:720575941405481584	right side of organism	has_soma_location			BANC888	doi:10.1038/s41586-026-10735-w	BANC_v888 260702
VFB_00107bgy	BANC_888:720575941405497456	left side of organism	has_soma_location			BANC888	doi:10.1038/s41586-026-10735-w	BANC_v888 260702
VFB_00107bgz	BANC_888:720575941405515120	left side of organism	has_soma_location			BANC888	doi:10.1038/s41586-026-10735-w	BANC_v888 260702
VFB_00107bh0	BANC_888:720575941405529456	left side of organism	has_soma_location			BANC888	doi:10.1038/s41586-026-10735-w	BANC_v888 260702
VFB_00107bh1	BANC_888:720575941405538666	right side of organism	has_soma_location			BANC888	doi:10.1038/s41586-026-10735-w	BANC_v888 260702
VFB_00107bh2	BANC_888:720575941405567344	left side of organism	has_soma_location			BANC888	doi:10.1038/s41586-026-10735-w	BANC_v888 260702
VFB_00106fb6	BANC_888:720575941405601839	left side of organism	has_soma_location			BANC888	doi:10.1038/s41586-026-10735-w	BANC_v888 260702
VFB_00107bh3	BANC_888:720575941405607280	left side of organism	has_soma_location			BANC888	doi:10.1038/s41586-026-10735-w	BANC_v888 260702
VFB_00107bh4	BANC_888:720575941405616752	left side of organism	has_soma_location			BANC888	doi:10.1038/s41586-026-10735-w	BANC_v888 260702
VFB_00107bh5	BANC_888:720575941405624944	left side of organism	has_soma_location			BANC888	doi:10.1038/s41586-026-10735-w	BANC_v888 260702
VFB_00107bh6	BANC_888:720575941405629808	right side of organism	has_soma_location			BANC888	doi:10.1038/s41586-026-10735-w	BANC_v888 260702
VFB_00107bh7	BANC_888:720575941405632880	right side of organism	has_soma_location			BANC888	doi:10.1038/s41586-026-10735-w	BANC_v888 260702
VFB_00107bh8	BANC_888:720575941405636464	left side of organism	has_soma_location			BANC888	doi:10.1038/s41586-026-10735-w	BANC_v888 260702
VFB_00107bh9	BANC_888:720575941405638512	left side of organism	has_soma_location			BANC888	doi:10.1038/s41586-026-10735-w	BANC_v888 260702
VFB_00107bha	BANC_888:720575941405641328	right side of organism	has_soma_location			BANC888	doi:10.1038/s41586-026-10735-w	BANC_v888 260702
VFB_00107bhb	BANC_888:720575941405643376	left side of organism	has_soma_location			BANC888	doi:10.1038/s41586-026-10735-w	BANC_v888 260702
VFB_00107bhc	BANC_888:720575941405646960	left side of organism	has_soma_location			BANC888	doi:10.1038/s41586-026-10735-w	BANC_v888 260702
VFB_00107bhd	BANC_888:720575941405651568	left side of organism	has_soma_location			BANC888	doi:10.1038/s41586-026-10735-w	BANC_v888 260702
VFB_00107bhe	BANC_888:720575941405652848	left side of organism	has_soma_location			BANC888	doi:10.1038/s41586-026-10735-w	BANC_v888 260702
VFB_00107bhf	BANC_888:720575941405659760	right side of organism	has_soma_location			BANC888	doi:10.1038/s41586-026-10735-w	BANC_v888 260702
VFB_00107bhg	BANC_888:720575941405665136	right side of organism	has_soma_location			BANC888	doi:10.1038/s41586-026-10735-w	BANC_v888 260702
VFB_00107bhh	BANC_888:720575941405666416	right side of organism	has_soma_location			BANC888	doi:10.1038/s41586-026-10735-w	BANC_v888 260702
VFB_00107bhi	BANC_888:720575941405674608	right side of organism	has_soma_location			BANC888	doi:10.1038/s41586-026-10735-w	BANC_v888 260702
VFB_00107bhj	BANC_888:720575941405675120	right side of organism	has_soma_location			BANC888	doi:10.1038/s41586-026-10735-w	BANC_v888 260702
VFB_00107bhk	BANC_888:720575941405675376	left side of organism	has_soma_location			BANC888	doi:10.1038/s41586-026-10735-w	BANC_v888 260702
VFB_00107bhl	BANC_888:720575941405685616	left side of organism	has_soma_location			BANC888	doi:10.1038/s41586-026-10735-w	BANC_v888 260702
VFB_00107bhm	BANC_888:720575941405694576	left side of organism	has_soma_location			BANC888	doi:10.1038/s41586-026-10735-w	BANC_v888 260702
VFB_00107bhn	BANC_888:720575941405696880	left side of organism	has_soma_location			BANC888	doi:10.1038/s41586-026-10735-w	BANC_v888 260702
VFB_00107bho	BANC_888:720575941405706096	left side of organism	has_soma_location			BANC888	doi:10.1038/s41586-026-10735-w	BANC_v888 260702
VFB_00106fb8	BANC_888:720575941405724719	right side of organism	has_soma_location			BANC888	doi:10.1038/s41586-026-10735-w	BANC_v888 260702
VFB_00107bhp	BANC_888:720575941405726576	left side of organism	has_soma_location			BANC888	doi:10.1038/s41586-026-10735-w	BANC_v888 260702
VFB_00106fb9	BANC_888:720575941405739823	left side of organism	has_soma_location			BANC888	doi:10.1038/s41586-026-10735-w	BANC_v888 260702
VFB_00107bhq	BANC_888:720575941405742960	left side of organism	has_soma_location			BANC888	doi:10.1038/s41586-026-10735-w	BANC_v888 260702
VFB_00106fba	BANC_888:720575941405745455	right side of organism	has_soma_location			BANC888	doi:10.1038/s41586-026-10735-w	BANC_v888 260702
VFB_00107bhr	BANC_888:720575941405745776	left side of organism	has_soma_location			BANC888	doi:10.1038/s41586-026-10735-w	BANC_v888 260702
VFB_00106fbb	BANC_888:720575941405745967	right side of organism	has_soma_location			BANC888	doi:10.1038/s41586-026-10735-w	BANC_v888 260702
VFB_00106fbc	BANC_888:720575941405747247	left side of organism	has_soma_location			BANC888	doi:10.1038/s41586-026-10735-w	BANC_v888 260702
VFB_00107bhs	BANC_888:720575941405747568	left side of organism	has_soma_location			BANC888	doi:10.1038/s41586-026-10735-w	BANC_v888 260702
VFB_00107bht	BANC_888:720575941405748848	right side of organism	has_soma_location			BANC888	doi:10.1038/s41586-026-10735-w	BANC_v888 260702
VFB_00107bhu	BANC_888:720575941405749872	left side of organism	has_soma_location			BANC888	doi:10.1038/s41586-026-10735-w	BANC_v888 260702
VFB_00107bhv	BANC_888:720575941405751408	right side of organism	has_soma_location			BANC888	doi:10.1038/s41586-026-10735-w	BANC_v888 260702
VFB_00107bhw	BANC_888:720575941405752944	left side of organism	has_soma_location			BANC888	doi:10.1038/s41586-026-10735-w	BANC_v888 260702
VFB_00106fbd	BANC_888:720575941405758767	right side of organism	has_soma_location			BANC888	doi:10.1038/s41586-026-10735-w	BANC_v888 260702
VFB_00107bhx	BANC_888:720575941405762928	right side of organism	has_soma_location			BANC888	doi:10.1038/s41586-026-10735-w	BANC_v888 260702
VFB_00107bhy	BANC_888:720575941405770352	left side of organism	has_soma_location			BANC888	doi:10.1038/s41586-026-10735-w	BANC_v888 260702
VFB_00106fbe	BANC_888:720575941405771694	right side of organism	has_soma_location			BANC888	doi:10.1038/s41586-026-10735-w	BANC_v888 260702
VFB_00107bhz	BANC_888:720575941405772656	left side of organism	has_soma_location			BANC888	doi:10.1038/s41586-026-10735-w	BANC_v888 260702
VFB_00107bi0	BANC_888:720575941405777776	right side of organism	has_soma_location			BANC888	doi:10.1038/s41586-026-10735-w	BANC_v888 260702
VFB_00106fbf	BANC_888:720575941405779630	right side of organism	has_soma_location			BANC888	doi:10.1038/s41586-026-10735-w	BANC_v888 260702
VFB_00107bi1	BANC_888:720575941405779824	left side of organism	has_soma_location			BANC888	doi:10.1038/s41586-026-10735-w	BANC_v888 260702
VFB_00106fbg	BANC_888:720575941405783343	left side of organism	has_soma_location			BANC888	doi:10.1038/s41586-026-10735-w	BANC_v888 260702
VFB_00107bi2	BANC_888:720575941405785712	left side of organism	has_soma_location			BANC888	doi:10.1038/s41586-026-10735-w	BANC_v888 260702
VFB_00107bi3	BANC_888:720575941405785968	left side of organism	has_soma_location			BANC888	doi:10.1038/s41586-026-10735-w	BANC_v888 260702
VFB_00106fbh	BANC_888:720575941405787310	left side of organism	has_soma_location			BANC888	doi:10.1038/s41586-026-10735-w	BANC_v888 260702
VFB_00107bi4	BANC_888:720575941405792303	right side of organism	has_soma_location			BANC888	doi:10.1038/s41586-026-10735-w	BANC_v888 260702
VFB_00106fbi	BANC_888:720575941405794351	left side of organism	has_soma_location			BANC888	doi:10.1038/s41586-026-10735-w	BANC_v888 260702
VFB_00107bi5	BANC_888:720575941405801328	left side of organism	has_soma_location			BANC888	doi:10.1038/s41586-026-10735-w	BANC_v888 260702
VFB_00107bi6	BANC_888:720575941405804912	left side of organism	has_soma_location			BANC888	doi:10.1038/s41586-026-10735-w	BANC_v888 260702
VFB_00107bi7	BANC_888:720575941405805936	left side of organism	has_soma_location			BANC888	doi:10.1038/s41586-026-10735-w	BANC_v888 260702
VFB_00107bi8	BANC_888:720575941405810544	right side of organism	has_soma_location			BANC888	doi:10.1038/s41586-026-10735-w	BANC_v888 260702
VFB_00106fbj	BANC_888:720575941405810862	right side of organism	has_soma_location			BANC888	doi:10.1038/s41586-026-10735-w	BANC_v888 260702
VFB_00106fbk	BANC_888:720575941405813295	left side of organism	has_soma_location			BANC888	doi:10.1038/s41586-026-10735-w	BANC_v888 260702
VFB_00106fbl	BANC_888:720575941405815343	right side of organism	has_soma_location			BANC888	doi:10.1038/s41586-026-10735-w	BANC_v888 260702
VFB_00106fbm	BANC_888:720575941405815726	left side of organism	has_soma_location			BANC888	doi:10.1038/s41586-026-10735-w	BANC_v888 260702
VFB_00106fbn	BANC_888:720575941405820463	left side of organism	has_soma_location			BANC888	doi:10.1038/s41586-026-10735-w	BANC_v888 260702
VFB_00107bi9	BANC_888:720575941405820528	left side of organism	has_soma_location			BANC888	doi:10.1038/s41586-026-10735-w	BANC_v888 260702
VFB_00107bia	BANC_888:720575941405823600	left side of organism	has_soma_location			BANC888	doi:10.1038/s41586-026-10735-w	BANC_v888 260702
VFB_00107bib	BANC_888:720575941405824880	right side of organism	has_soma_location			BANC888	doi:10.1038/s41586-026-10735-w	BANC_v888 260702
VFB_00106fbp	BANC_888:720575941405826095	left side of organism	has_soma_location			BANC888	doi:10.1038/s41586-026-10735-w	BANC_v888 260702
VFB_00106fbq	BANC_888:720575941405833263	left side of organism	has_soma_location			BANC888	doi:10.1038/s41586-026-10735-w	BANC_v888 260702
VFB_00107bic	BANC_888:720575941405838639	right side of organism	has_soma_location			BANC888	doi:10.1038/s41586-026-10735-w	BANC_v888 260702
VFB_00107bid	BANC_888:720575941405839984	left side of organism	has_soma_location			BANC888	doi:10.1038/s41586-026-10735-w	BANC_v888 260702
VFB_00106fbr	BANC_888:720575941405843118	left side of organism	has_soma_location			BANC888	doi:10.1038/s41586-026-10735-w	BANC_v888 260702
VFB_00106fbs	BANC_888:720575941405843759	right side of organism	has_soma_location			BANC888	doi:10.1038/s41586-026-10735-w	BANC_v888 260702
VFB_00107bie	BANC_888:720575941405843824	left side of organism	has_soma_location			BANC888	doi:10.1038/s41586-026-10735-w	BANC_v888 260702
VFB_00107bif	BANC_888:720575941405844592	left side of organism	has_soma_location			BANC888	doi:10.1038/s41586-026-10735-w	BANC_v888 260702
VFB_00107big	BANC_888:720575941405846896	left side of organism	has_soma_location			BANC888	doi:10.1038/s41586-026-10735-w	BANC_v888 260702
VFB_00107bih	BANC_888:720575941405848944	left side of organism	has_soma_location			BANC888	doi:10.1038/s41586-026-10735-w	BANC_v888 260702
VFB_00106fbu	BANC_888:720575941405855150	left side of organism	has_soma_location			BANC888	doi:10.1038/s41586-026-10735-w	BANC_v888 260702
VFB_00106fbv	BANC_888:720575941405855918	left side of organism	has_soma_location			BANC888	doi:10.1038/s41586-026-10735-w	BANC_v888 260702
VFB_00107bii	BANC_888:720575941405856880	right side of organism	has_soma_location			BANC888	doi:10.1038/s41586-026-10735-w	BANC_v888 260702
VFB_00107bij	BANC_888:720575941405859184	left side of organism	has_soma_location			BANC888	doi:10.1038/s41586-026-10735-w	BANC_v888 260702
VFB_00106fbw	BANC_888:720575941405859631	left side of organism	has_soma_location			BANC888	doi:10.1038/s41586-026-10735-w	BANC_v888 260702
VFB_00107bik	BANC_888:720575941405860208	right side of organism	has_soma_location			BANC888	doi:10.1038/s41586-026-10735-w	BANC_v888 260702
VFB_00106fbx	BANC_888:720575941405862062	right side of organism	has_soma_location			BANC888	doi:10.1038/s41586-026-10735-w	BANC_v888 260702
VFB_00107bil	BANC_888:720575941405862256	left side of organism	has_soma_location			BANC888	doi:10.1038/s41586-026-10735-w	BANC_v888 260702
VFB_00106fby	BANC_888:720575941405862574	right side of organism	has_soma_location			BANC888	doi:10.1038/s41586-026-10735-w	BANC_v888 260702
VFB_00106fbz	BANC_888:720575941405863854	right side of organism	has_soma_location			BANC888	doi:10.1038/s41586-026-10735-w	BANC_v888 260702
VFB_00106fc0	BANC_888:720575941405864110	left side of organism	has_soma_location			BANC888	doi:10.1038/s41586-026-10735-w	BANC_v888 260702
VFB_00106fc1	BANC_888:720575941405864622	left side of organism	has_soma_location			BANC888	doi:10.1038/s41586-026-10735-w	BANC_v888 260702
VFB_00107bim	BANC_888:720575941405866352	left side of organism	has_soma_location			BANC888	doi:10.1038/s41586-026-10735-w	BANC_v888 260702
VFB_00107bin	BANC_888:720575941405867182	right side of organism	has_soma_location			BANC888	doi:10.1038/s41586-026-10735-w	BANC_v888 260702
VFB_00107bio	BANC_888:720575941405867632	right side of organism	has_soma_location			BANC888	doi:10.1038/s41586-026-10735-w	BANC_v888 260702
VFB_00106fc2	BANC_888:720575941405868462	left side of organism	has_soma_location			BANC888	doi:10.1038/s41586-026-10735-w	BANC_v888 260702
VFB_00107bip	BANC_888:720575941405869168	right side of organism	has_soma_location			BANC888	doi:10.1038/s41586-026-10735-w	BANC_v888 260702
VFB_00107biq	BANC_888:720575941405871216	right side of organism	has_soma_location			BANC888	doi:10.1038/s41586-026-10735-w	BANC_v888 260702
VFB_00106fc3	BANC_888:720575941405872431	right side of organism	has_soma_location			BANC888	doi:10.1038/s41586-026-10735-w	BANC_v888 260702
VFB_00107bir	BANC_888:720575941405874288	left side of organism	has_soma_location			BANC888	doi:10.1038/s41586-026-10735-w	BANC_v888 260702
VFB_00107bis	BANC_888:720575941405876080	left side of organism	has_soma_location			BANC888	doi:10.1038/s41586-026-10735-w	BANC_v888 260702
VFB_00106fc4	BANC_888:720575941405878446	right side of organism	has_soma_location			BANC888	doi:10.1038/s41586-026-10735-w	BANC_v888 260702
VFB_00106fc5	BANC_888:720575941405878831	right side of organism	has_soma_location			BANC888	doi:10.1038/s41586-026-10735-w	BANC_v888 260702
VFB_00107bit	BANC_888:720575941405881456	left side of organism	has_soma_location			BANC888	doi:10.1038/s41586-026-10735-w	BANC_v888 260702
VFB_00107biu	BANC_888:720575941405881712	left side of organism	has_soma_location			BANC888	doi:10.1038/s41586-026-10735-w	BANC_v888 260702
VFB_00107biv	BANC_888:720575941405883504	left side of organism	has_soma_location			BANC888	doi:10.1038/s41586-026-10735-w	BANC_v888 260702
VFB_00107biw	BANC_888:720575941405884528	left side of organism	has_soma_location			BANC888	doi:10.1038/s41586-026-10735-w	BANC_v888 260702
VFB_00106fc6	BANC_888:720575941405886511	right side of organism	has_soma_location			BANC888	doi:10.1038/s41586-026-10735-w	BANC_v888 260702
VFB_00107bix	BANC_888:720575941405890928	left side of organism	has_soma_location			BANC888	doi:10.1038/s41586-026-10735-w	BANC_v888 260702
VFB_00106fc7	BANC_888:720575941405891246	left side of organism	has_soma_location			BANC888	doi:10.1038/s41586-026-10735-w	BANC_v888 260702
VFB_00107biy	BANC_888:720575941405891502	right side of organism	has_soma_location			BANC888	doi:10.1038/s41586-026-10735-w	BANC_v888 260702
VFB_00106fc8	BANC_888:720575941405895342	right side of organism	has_soma_location			BANC888	doi:10.1038/s41586-026-10735-w	BANC_v888 260702
VFB_00107biz	BANC_888:720575941405896304	left side of organism	has_soma_location			BANC888	doi:10.1038/s41586-026-10735-w	BANC_v888 260702
VFB_00106fc9	BANC_888:720575941405898926	right side of organism	has_soma_location			BANC888	doi:10.1038/s41586-026-10735-w	BANC_v888 260702
VFB_00106fca	BANC_888:720575941405899438	left side of organism	has_soma_location			BANC888	doi:10.1038/s41586-026-10735-w	BANC_v888 260702
VFB_00107bj0	BANC_888:720575941405900912	left side of organism	has_soma_location			BANC888	doi:10.1038/s41586-026-10735-w	BANC_v888 260702
VFB_00107bj1	BANC_888:720575941405902448	left side of organism	has_soma_location			BANC888	doi:10.1038/s41586-026-10735-w	BANC_v888 260702
VFB_00106fcb	BANC_888:720575941405904814	right side of organism	has_soma_location			BANC888	doi:10.1038/s41586-026-10735-w	BANC_v888 260702
VFB_00107bj2	BANC_888:720575941405908080	left side of organism	has_soma_location			BANC888	doi:10.1038/s41586-026-10735-w	BANC_v888 260702
VFB_00106fcc	BANC_888:720575941405908654	right side of organism	has_soma_location			BANC888	doi:10.1038/s41586-026-10735-w	BANC_v888 260702
VFB_00106fcd	BANC_888:720575941405909934	left side of organism	has_soma_location			BANC888	doi:10.1038/s41586-026-10735-w	BANC_v888 260702
VFB_00107bj3	BANC_888:720575941405910896	left side of organism	has_soma_location			BANC888	doi:10.1038/s41586-026-10735-w	BANC_v888 260702
VFB_00107bj4	BANC_888:720575941405912176	left side of organism	has_soma_location			BANC888	doi:10.1038/s41586-026-10735-w	BANC_v888 260702
VFB_00107bj5	BANC_888:720575941405916528	left side of organism	has_soma_location			BANC888	doi:10.1038/s41586-026-10735-w	BANC_v888 260702
VFB_00107bj6	BANC_888:720575941405917552	right side of organism	has_soma_location			BANC888	doi:10.1038/s41586-026-10735-w	BANC_v888 260702
VFB_00107bj7	BANC_888:720575941405918255	right side of organism	has_soma_location			BANC888	doi:10.1038/s41586-026-10735-w	BANC_v888 260702
VFB_00107bj8	BANC_888:720575941405928304	left side of organism	has_soma_location			BANC888	doi:10.1038/s41586-026-10735-w	BANC_v888 260702
VFB_00107bj9	BANC_888:720575941405929072	left side of organism	has_soma_location			BANC888	doi:10.1038/s41586-026-10735-w	BANC_v888 260702
VFB_00106fcf	BANC_888:720575941405931567	right side of organism	has_soma_location			BANC888	doi:10.1038/s41586-026-10735-w	BANC_v888 260702
VFB_00107bja	BANC_888:720575941405935216	right side of organism	has_soma_location			BANC888	doi:10.1038/s41586-026-10735-w	BANC_v888 260702
VFB_00107bjb	BANC_888:720575941405938032	left side of organism	has_soma_location			BANC888	doi:10.1038/s41586-026-10735-w	BANC_v888 260702
VFB_00107bjc	BANC_888:720575941405938544	right side of organism	has_soma_location			BANC888	doi:10.1038/s41586-026-10735-w	BANC_v888 260702
VFB_00106fcg	BANC_888:720575941405938735	right side of organism	has_soma_location			BANC888	doi:10.1038/s41586-026-10735-w	BANC_v888 260702
VFB_00106fch	BANC_888:720575941405939118	right side of organism	has_soma_location			BANC888	doi:10.1038/s41586-026-10735-w	BANC_v888 260702
VFB_00107bjd	BANC_888:720575941405939824	left side of organism	has_soma_location			BANC888	doi:10.1038/s41586-026-10735-w	BANC_v888 260702
VFB_00107bje	BANC_888:720575941405945712	left side of organism	has_soma_location			BANC888	doi:10.1038/s41586-026-10735-w	BANC_v888 260702
VFB_00107bjf	BANC_888:720575941405952368	right side of organism	has_soma_location			BANC888	doi:10.1038/s41586-026-10735-w	BANC_v888 260702
VFB_00107bjg	BANC_888:720575941405952624	right side of organism	has_soma_location			BANC888	doi:10.1038/s41586-026-10735-w	BANC_v888 260702
VFB_00107bjh	BANC_888:720575941405954160	right side of organism	has_soma_location			BANC888	doi:10.1038/s41586-026-10735-w	BANC_v888 260702
VFB_00107bji	BANC_888:720575941405958768	right side of organism	has_soma_location			BANC888	doi:10.1038/s41586-026-10735-w	BANC_v888 260702
VFB_00107bjj	BANC_888:720575941405961072	right side of organism	has_soma_location			BANC888	doi:10.1038/s41586-026-10735-w	BANC_v888 260702
VFB_00107bjk	BANC_888:720575941405961584	right side of organism	has_soma_location			BANC888	doi:10.1038/s41586-026-10735-w	BANC_v888 260702
VFB_00107bjl	BANC_888:720575941405962352	right side of organism	has_soma_location			BANC888	doi:10.1038/s41586-026-10735-w	BANC_v888 260702
VFB_00106fci	BANC_888:720575941405965486	right side of organism	has_soma_location			BANC888	doi:10.1038/s41586-026-10735-w	BANC_v888 260702
VFB_00107bjm	BANC_888:720575941405969008	left side of organism	has_soma_location			BANC888	doi:10.1038/s41586-026-10735-w	BANC_v888 260702
VFB_00107bjn	BANC_888:720575941405974384	left side of organism	has_soma_location			BANC888	doi:10.1038/s41586-026-10735-w	BANC_v888 260702
VFB_00106fcj	BANC_888:720575941405981487	left side of organism	has_soma_location			BANC888	doi:10.1038/s41586-026-10735-w	BANC_v888 260702
VFB_00107bjo	BANC_888:720575941405984880	left side of organism	has_soma_location			BANC888	doi:10.1038/s41586-026-10735-w	BANC_v888 260702
VFB_00107bjp	BANC_888:720575941405986928	left side of organism	has_soma_location			BANC888	doi:10.1038/s41586-026-10735-w	BANC_v888 260702
VFB_00107bjq	BANC_888:720575941405987952	left side of organism	has_soma_location			BANC888	doi:10.1038/s41586-026-10735-w	BANC_v888 260702
VFB_00107bjr	BANC_888:720575941405989744	left side of organism	has_soma_location			BANC888	doi:10.1038/s41586-026-10735-w	BANC_v888 260702
VFB_00107bjs	BANC_888:720575941405990000	left side of organism	has_soma_location			BANC888	doi:10.1038/s41586-026-10735-w	BANC_v888 260702
VFB_00107bjt	BANC_888:720575941405996656	right side of organism	has_soma_location			BANC888	doi:10.1038/s41586-026-10735-w	BANC_v888 260702
VFB_00107bju	BANC_888:720575941406001008	right side of organism	has_soma_location			BANC888	doi:10.1038/s41586-026-10735-w	BANC_v888 260702
VFB_00107bjv	BANC_888:720575941406002288	right side of organism	has_soma_location			BANC888	doi:10.1038/s41586-026-10735-w	BANC_v888 260702
VFB_00107bjw	BANC_888:720575941406005360	right side of organism	has_soma_location			BANC888	doi:10.1038/s41586-026-10735-w	BANC_v888 260702
VFB_00107bjx	BANC_888:720575941406006164	left side of organism	has_soma_location			BANC888	doi:10.1038/s41586-026-10735-w	BANC_v888 260702
VFB_00107bjy	BANC_888:720575941406007408	left side of organism	has_soma_location			BANC888	doi:10.1038/s41586-026-10735-w	BANC_v888 260702
VFB_00107bjz	BANC_888:720575941406008944	left side of organism	has_soma_location			BANC888	doi:10.1038/s41586-026-10735-w	BANC_v888 260702
VFB_00107bk0	BANC_888:720575941406010224	right side of organism	has_soma_location			BANC888	doi:10.1038/s41586-026-10735-w	BANC_v888 260702
VFB_00106fck	BANC_888:720575941406014511	left side of organism	has_soma_location			BANC888	doi:10.1038/s41586-026-10735-w	BANC_v888 260702
VFB_00106fcl	BANC_888:720575941406015918	left side of organism	has_soma_location			BANC888	doi:10.1038/s41586-026-10735-w	BANC_v888 260702
VFB_00107bk1	BANC_888:720575941406017392	left side of organism	has_soma_location			BANC888	doi:10.1038/s41586-026-10735-w	BANC_v888 260702
VFB_00107bk2	BANC_888:720575941406020976	right side of organism	has_soma_location			BANC888	doi:10.1038/s41586-026-10735-w	BANC_v888 260702
VFB_00107bk3	BANC_888:720575941406021744	right side of organism	has_soma_location			BANC888	doi:10.1038/s41586-026-10735-w	BANC_v888 260702
VFB_00107bk4	BANC_888:720575941406022000	right side of organism	has_soma_location			BANC888	doi:10.1038/s41586-026-10735-w	BANC_v888 260702
VFB_00106fcm	BANC_888:720575941406022191	left side of organism	has_soma_location			BANC888	doi:10.1038/s41586-026-10735-w	BANC_v888 260702
VFB_00107bk5	BANC_888:720575941406023280	right side of organism	has_soma_location			BANC888	doi:10.1038/s41586-026-10735-w	BANC_v888 260702
VFB_00107bk6	BANC_888:720575941406024816	right side of organism	has_soma_location			BANC888	doi:10.1038/s41586-026-10735-w	BANC_v888 260702
VFB_00107bk7	BANC_888:720575941406025840	right side of organism	has_soma_location			BANC888	doi:10.1038/s41586-026-10735-w	BANC_v888 260702
VFB_00107bk8	BANC_888:720575941406028656	right side of organism	has_soma_location			BANC888	doi:10.1038/s41586-026-10735-w	BANC_v888 260702
VFB_00106fcn	BANC_888:720575941406036527	left side of organism	has_soma_location			BANC888	doi:10.1038/s41586-026-10735-w	BANC_v888 260702
VFB_00106fco	BANC_888:720575941406037551	left side of organism	has_soma_location			BANC888	doi:10.1038/s41586-026-10735-w	BANC_v888 260702
VFB_00107bk9	BANC_888:720575941406038640	left side of organism	has_soma_location			BANC888	doi:10.1038/s41586-026-10735-w	BANC_v888 260702
VFB_00107bka	BANC_888:720575941406039408	right side of organism	has_soma_location			BANC888	doi:10.1038/s41586-026-10735-w	BANC_v888 260702
VFB_00107bkb	BANC_888:720575941406039664	right side of organism	has_soma_location			BANC888	doi:10.1038/s41586-026-10735-w	BANC_v888 260702
VFB_00106fcp	BANC_888:720575941406044590	left side of organism	has_soma_location			BANC888	doi:10.1038/s41586-026-10735-w	BANC_v888 260702
VFB_00107bkc	BANC_888:720575941406051184	right side of organism	has_soma_location			BANC888	doi:10.1038/s41586-026-10735-w	BANC_v888 260702
VFB_00107bkd	BANC_888:720575941406054256	right side of organism	has_soma_location			BANC888	doi:10.1038/s41586-026-10735-w	BANC_v888 260702
VFB_00107bke	BANC_888:720575941406059120	right side of organism	has_soma_location			BANC888	doi:10.1038/s41586-026-10735-w	BANC_v888 260702
VFB_00107bkf	BANC_888:720575941406060144	left side of organism	has_soma_location			BANC888	doi:10.1038/s41586-026-10735-w	BANC_v888 260702
VFB_00107bkg	BANC_888:720575941406063216	right side of organism	has_soma_location			BANC888	doi:10.1038/s41586-026-10735-w	BANC_v888 260702
VFB_00107bkh	BANC_888:720575941406065008	left side of organism	has_soma_location			BANC888	doi:10.1038/s41586-026-10735-w	BANC_v888 260702
VFB_00107bki	BANC_888:720575941406070128	left side of organism	has_soma_location			BANC888	doi:10.1038/s41586-026-10735-w	BANC_v888 260702
VFB_00107bkj	BANC_888:720575941406073200	left side of organism	has_soma_location			BANC888	doi:10.1038/s41586-026-10735-w	BANC_v888 260702
VFB_00107bkk	BANC_888:720575941406081136	right side of organism	has_soma_location			BANC888	doi:10.1038/s41586-026-10735-w	BANC_v888 260702
VFB_00107bkl	BANC_888:720575941406090352	left side of organism	has_soma_location			BANC888	doi:10.1038/s41586-026-10735-w	BANC_v888 260702
VFB_00107bkm	BANC_888:720575941406091120	left side of organism	has_soma_location			BANC888	doi:10.1038/s41586-026-10735-w	BANC_v888 260702
VFB_00106fcr	BANC_888:720575941406099886	right side of organism	has_soma_location			BANC888	doi:10.1038/s41586-026-10735-w	BANC_v888 260702
VFB_00107bkn	BANC_888:720575941406101872	left side of organism	has_soma_location			BANC888	doi:10.1038/s41586-026-10735-w	BANC_v888 260702
VFB_00107bko	BANC_888:720575941406110832	left side of organism	has_soma_location			BANC888	doi:10.1038/s41586-026-10735-w	BANC_v888 260702
VFB_00106fcs	BANC_888:720575941406119342	right side of organism	has_soma_location			BANC888	doi:10.1038/s41586-026-10735-w	BANC_v888 260702
VFB_00107bkp	BANC_888:720575941406121584	left side of organism	has_soma_location			BANC888	doi:10.1038/s41586-026-10735-w	BANC_v888 260702
VFB_00107bkq	BANC_888:720575941406127728	left side of organism	has_soma_location			BANC888	doi:10.1038/s41586-026-10735-w	BANC_v888 260702
VFB_00107bkr	BANC_888:720575941406130032	left side of organism	has_soma_location			BANC888	doi:10.1038/s41586-026-10735-w	BANC_v888 260702
VFB_00106fct	BANC_888:720575941406137135	left side of organism	has_soma_location			BANC888	doi:10.1038/s41586-026-10735-w	BANC_v888 260702
VFB_00107bks	BANC_888:720575941406145136	left side of organism	has_soma_location			BANC888	doi:10.1038/s41586-026-10735-w	BANC_v888 260702
VFB_00107bkt	BANC_888:720575941406149232	right side of organism	has_soma_location			BANC888	doi:10.1038/s41586-026-10735-w	BANC_v888 260702
VFB_00107bku	BANC_888:720575941406154352	right side of organism	has_soma_location			BANC888	doi:10.1038/s41586-026-10735-w	BANC_v888 260702
VFB_00107bkv	BANC_888:720575941406156972	right side of organism	has_soma_location			BANC888	doi:10.1038/s41586-026-10735-w	BANC_v888 260702
VFB_00107bkw	BANC_888:720575941406157424	left side of organism	has_soma_location			BANC888	doi:10.1038/s41586-026-10735-w	BANC_v888 260702
VFB_00107bkx	BANC_888:720575941406157998	right side of organism	has_soma_location			BANC888	doi:10.1038/s41586-026-10735-w	BANC_v888 260702
VFB_00107bky	BANC_888:720575941406168944	right side of organism	has_soma_location			BANC888	doi:10.1038/s41586-026-10735-w	BANC_v888 260702
VFB_00107bkz	BANC_888:720575941406174320	left side of organism	has_soma_location			BANC888	doi:10.1038/s41586-026-10735-w	BANC_v888 260702
VFB_00107bl0	BANC_888:720575941406178672	left side of organism	has_soma_location			BANC888	doi:10.1038/s41586-026-10735-w	BANC_v888 260702
VFB_00107bl1	BANC_888:720575941406179440	left side of organism	has_soma_location			BANC888	doi:10.1038/s41586-026-10735-w	BANC_v888 260702
VFB_00107bl2	BANC_888:720575941406179696	left side of organism	has_soma_location			BANC888	doi:10.1038/s41586-026-10735-w	BANC_v888 260702
VFB_00107bl3	BANC_888:720575941406189168	left side of organism	has_soma_location			BANC888	doi:10.1038/s41586-026-10735-w	BANC_v888 260702
VFB_00107bl4	BANC_888:720575941406189936	left side of organism	has_soma_location			BANC888	doi:10.1038/s41586-026-10735-w	BANC_v888 260702
VFB_00107bl5	BANC_888:720575941406194800	left side of organism	has_soma_location			BANC888	doi:10.1038/s41586-026-10735-w	BANC_v888 260702
VFB_00106fcu	BANC_888:720575941406195886	right side of organism	has_soma_location			BANC888	doi:10.1038/s41586-026-10735-w	BANC_v888 260702
VFB_00107bl6	BANC_888:720575941406200944	left side of organism	has_soma_location			BANC888	doi:10.1038/s41586-026-10735-w	BANC_v888 260702
VFB_00107bl7	BANC_888:720575941406201200	left side of organism	has_soma_location			BANC888	doi:10.1038/s41586-026-10735-w	BANC_v888 260702
VFB_00106fcv	BANC_888:720575941406203183	right side of organism	has_soma_location			BANC888	doi:10.1038/s41586-026-10735-w	BANC_v888 260702
VFB_00107bl8	BANC_888:720575941406206636	right side of organism	has_soma_location			BANC888	doi:10.1038/s41586-026-10735-w	BANC_v888 260702
VFB_00107bl9	BANC_888:720575941406208368	left side of organism	has_soma_location			BANC888	doi:10.1038/s41586-026-10735-w	BANC_v888 260702
VFB_00106fcw	BANC_888:720575941406216622	right side of organism	has_soma_location			BANC888	doi:10.1038/s41586-026-10735-w	BANC_v888 260702
VFB_00106fcx	BANC_888:720575941406219182	right side of organism	has_soma_location			BANC888	doi:10.1038/s41586-026-10735-w	BANC_v888 260702
VFB_00106fcy	BANC_888:720575941406224046	right side of organism	has_soma_location			BANC888	doi:10.1038/s41586-026-10735-w	BANC_v888 260702
VFB_00107bla	BANC_888:720575941406226800	left side of organism	has_soma_location			BANC888	doi:10.1038/s41586-026-10735-w	BANC_v888 260702
VFB_00107blb	BANC_888:720575941406233968	left side of organism	has_soma_location			BANC888	doi:10.1038/s41586-026-10735-w	BANC_v888 260702
VFB_00107blc	BANC_888:720575941406236272	left side of organism	has_soma_location			BANC888	doi:10.1038/s41586-026-10735-w	BANC_v888 260702
VFB_00107bld	BANC_888:720575941406253168	left side of organism	has_soma_location			BANC888	doi:10.1038/s41586-026-10735-w	BANC_v888 260702
VFB_00107ble	BANC_888:720575941406254192	left side of organism	has_soma_location			BANC888	doi:10.1038/s41586-026-10735-w	BANC_v888 260702
VFB_00107blf	BANC_888:720575941406255984	left side of organism	has_soma_location			BANC888	doi:10.1038/s41586-026-10735-w	BANC_v888 260702
VFB_00107blg	BANC_888:720575941406258606	left side of organism	has_soma_location			BANC888	doi:10.1038/s41586-026-10735-w	BANC_v888 260702
VFB_00107blh	BANC_888:720575941406260080	left side of organism	has_soma_location			BANC888	doi:10.1038/s41586-026-10735-w	BANC_v888 260702
VFB_00107bli	BANC_888:720575941406260336	left side of organism	has_soma_location			BANC888	doi:10.1038/s41586-026-10735-w	BANC_v888 260702
VFB_00107blj	BANC_888:720575941406261616	left side of organism	has_soma_location			BANC888	doi:10.1038/s41586-026-10735-w	BANC_v888 260702
VFB_00107blk	BANC_888:720575941406262640	left side of organism	has_soma_location			BANC888	doi:10.1038/s41586-026-10735-w	BANC_v888 260702
VFB_00107bll	BANC_888:720575941406270576	right side of organism	has_soma_location			BANC888	doi:10.1038/s41586-026-10735-w	BANC_v888 260702
VFB_00107blm	BANC_888:720575941406275696	left side of organism	has_soma_location			BANC888	doi:10.1038/s41586-026-10735-w	BANC_v888 260702
VFB_00107bln	BANC_888:720575941406276976	left side of organism	has_soma_location			BANC888	doi:10.1038/s41586-026-10735-w	BANC_v888 260702
VFB_00107blo	BANC_888:720575941406281584	right side of organism	has_soma_location			BANC888	doi:10.1038/s41586-026-10735-w	BANC_v888 260702
VFB_00107blp	BANC_888:720575941406286448	left side of organism	has_soma_location			BANC888	doi:10.1038/s41586-026-10735-w	BANC_v888 260702
VFB_00107blq	BANC_888:720575941406288752	right side of organism	has_soma_location			BANC888	doi:10.1038/s41586-026-10735-w	BANC_v888 260702
VFB_00107blr	BANC_888:720575941406294896	left side of organism	has_soma_location			BANC888	doi:10.1038/s41586-026-10735-w	BANC_v888 260702
VFB_00106fd2	BANC_888:720575941406306607	left side of organism	has_soma_location			BANC888	doi:10.1038/s41586-026-10735-w	BANC_v888 260702
VFB_00106fd4	BANC_888:720575941406321070	right side of organism	has_soma_location			BANC888	doi:10.1038/s41586-026-10735-w	BANC_v888 260702
VFB_00107bls	BANC_888:720575941406322800	left side of organism	has_soma_location			BANC888	doi:10.1038/s41586-026-10735-w	BANC_v888 260702
VFB_00107blt	BANC_888:720575941406325164	right side of organism	has_soma_location			BANC888	doi:10.1038/s41586-026-10735-w	BANC_v888 260702
VFB_00107blu	BANC_888:720575941406336112	left side of organism	has_soma_location			BANC888	doi:10.1038/s41586-026-10735-w	BANC_v888 260702
VFB_00107blv	BANC_888:720575941406341744	left side of organism	has_soma_location			BANC888	doi:10.1038/s41586-026-10735-w	BANC_v888 260702
VFB_00107blw	BANC_888:720575941406344816	right side of organism	has_soma_location			BANC888	doi:10.1038/s41586-026-10735-w	BANC_v888 260702
VFB_00107blx	BANC_888:720575941406345840	left side of organism	has_soma_location			BANC888	doi:10.1038/s41586-026-10735-w	BANC_v888 260702
VFB_00107bly	BANC_888:720575941406358640	left side of organism	has_soma_location			BANC888	doi:10.1038/s41586-026-10735-w	BANC_v888 260702
VFB_00107blz	BANC_888:720575941406364016	left side of organism	has_soma_location			BANC888	doi:10.1038/s41586-026-10735-w	BANC_v888 260702
VFB_00107bm0	BANC_888:720575941406372976	left side of organism	has_soma_location			BANC888	doi:10.1038/s41586-026-10735-w	BANC_v888 260702
VFB_00107bm1	BANC_888:720575941406375024	left side of organism	has_soma_location			BANC888	doi:10.1038/s41586-026-10735-w	BANC_v888 260702
VFB_00106fd6	BANC_888:720575941406375983	left side of organism	has_soma_location			BANC888	doi:10.1038/s41586-026-10735-w	BANC_v888 260702
VFB_00107bm2	BANC_888:720575941406377072	left side of organism	has_soma_location			BANC888	doi:10.1038/s41586-026-10735-w	BANC_v888 260702
VFB_00107bm3	BANC_888:720575941406382448	left side of organism	has_soma_location			BANC888	doi:10.1038/s41586-026-10735-w	BANC_v888 260702
VFB_00107bm4	BANC_888:720575941406383984	right side of organism	has_soma_location			BANC888	doi:10.1038/s41586-026-10735-w	BANC_v888 260702
VFB_00107bm5	BANC_888:720575941406384752	left side of organism	has_soma_location			BANC888	doi:10.1038/s41586-026-10735-w	BANC_v888 260702
VFB_00107bm6	BANC_888:720575941406385264	left side of organism	has_soma_location			BANC888	doi:10.1038/s41586-026-10735-w	BANC_v888 260702
VFB_00107bm7	BANC_888:720575941406388080	left side of organism	has_soma_location			BANC888	doi:10.1038/s41586-026-10735-w	BANC_v888 260702
VFB_00107bm8	BANC_888:720575941406390128	left side of organism	has_soma_location			BANC888	doi:10.1038/s41586-026-10735-w	BANC_v888 260702
VFB_00107bm9	BANC_888:720575941406392688	right side of organism	has_soma_location			BANC888	doi:10.1038/s41586-026-10735-w	BANC_v888 260702
VFB_00107bma	BANC_888:720575941406403952	left side of organism	has_soma_location			BANC888	doi:10.1038/s41586-026-10735-w	BANC_v888 260702
VFB_00107bmb	BANC_888:720575941406404464	left side of organism	has_soma_location			BANC888	doi:10.1038/s41586-026-10735-w	BANC_v888 260702
VFB_00107bmc	BANC_888:720575941406405232	left side of organism	has_soma_location			BANC888	doi:10.1038/s41586-026-10735-w	BANC_v888 260702
VFB_00107bmd	BANC_888:720575941406405744	left side of organism	has_soma_location			BANC888	doi:10.1038/s41586-026-10735-w	BANC_v888 260702
VFB_00107bme	BANC_888:720575941406410352	left side of organism	has_soma_location			BANC888	doi:10.1038/s41586-026-10735-w	BANC_v888 260702
VFB_00106fd8	BANC_888:720575941406411694	left side of organism	has_soma_location			BANC888	doi:10.1038/s41586-026-10735-w	BANC_v888 260702
VFB_00107bmf	BANC_888:720575941406413936	left side of organism	has_soma_location			BANC888	doi:10.1038/s41586-026-10735-w	BANC_v888 260702
VFB_00107bmg	BANC_888:720575941406416044	right side of organism	has_soma_location			BANC888	doi:10.1038/s41586-026-10735-w	BANC_v888 260702
VFB_00107bmh	BANC_888:720575941406417264	left side of organism	has_soma_location			BANC888	doi:10.1038/s41586-026-10735-w	BANC_v888 260702
VFB_00107bmi	BANC_888:720575941406427760	left side of organism	has_soma_location			BANC888	doi:10.1038/s41586-026-10735-w	BANC_v888 260702
VFB_00107bmj	BANC_888:720575941406432112	left side of organism	has_soma_location			BANC888	doi:10.1038/s41586-026-10735-w	BANC_v888 260702
VFB_00107bmk	BANC_888:720575941406434928	left side of organism	has_soma_location			BANC888	doi:10.1038/s41586-026-10735-w	BANC_v888 260702
VFB_00107bml	BANC_888:720575941406435184	left side of organism	has_soma_location			BANC888	doi:10.1038/s41586-026-10735-w	BANC_v888 260702
VFB_00107bmm	BANC_888:720575941406441584	left side of organism	has_soma_location			BANC888	doi:10.1038/s41586-026-10735-w	BANC_v888 260702
VFB_00107bmn	BANC_888:720575941406444144	left side of organism	has_soma_location			BANC888	doi:10.1038/s41586-026-10735-w	BANC_v888 260702
VFB_00107bmo	BANC_888:720575941406454640	right side of organism	has_soma_location			BANC888	doi:10.1038/s41586-026-10735-w	BANC_v888 260702
VFB_00107bmp	BANC_888:720575941406456688	right side of organism	has_soma_location			BANC888	doi:10.1038/s41586-026-10735-w	BANC_v888 260702
VFB_00107bmq	BANC_888:720575941406457456	right side of organism	has_soma_location			BANC888	doi:10.1038/s41586-026-10735-w	BANC_v888 260702
VFB_00107bmr	BANC_888:720575941406463600	right side of organism	has_soma_location			BANC888	doi:10.1038/s41586-026-10735-w	BANC_v888 260702
VFB_00106fd9	BANC_888:720575941406474031	right side of organism	has_soma_location			BANC888	doi:10.1038/s41586-026-10735-w	BANC_v888 260702
VFB_00107bms	BANC_888:720575941406477742	left side of organism	has_soma_location			BANC888	doi:10.1038/s41586-026-10735-w	BANC_v888 260702
VFB_00106fda	BANC_888:720575941406487726	left side of organism	has_soma_location			BANC888	doi:10.1038/s41586-026-10735-w	BANC_v888 260702
VFB_00106fdb	BANC_888:720575941406488494	left side of organism	has_soma_location			BANC888	doi:10.1038/s41586-026-10735-w	BANC_v888 260702
VFB_00106fdc	BANC_888:720575941406492719	left side of organism	has_soma_location			BANC888	doi:10.1038/s41586-026-10735-w	BANC_v888 260702
VFB_00107bmt	BANC_888:720575941406516527	right side of organism	has_soma_location			BANC888	doi:10.1038/s41586-026-10735-w	BANC_v888 260702
VFB_00107bmu	BANC_888:720575941406525231	right side of organism	has_soma_location			BANC888	doi:10.1038/s41586-026-10735-w	BANC_v888 260702
VFB_00106fde	BANC_888:720575941406534959	right side of organism	has_soma_location			BANC888	doi:10.1038/s41586-026-10735-w	BANC_v888 260702
VFB_00106fdf	BANC_888:720575941406541103	right side of organism	has_soma_location			BANC888	doi:10.1038/s41586-026-10735-w	BANC_v888 260702
VFB_00106fdg	BANC_888:720575941406547247	right side of organism	has_soma_location			BANC888	doi:10.1038/s41586-026-10735-w	BANC_v888 260702
VFB_00106fdi	BANC_888:720575941406558382	left side of organism	has_soma_location			BANC888	doi:10.1038/s41586-026-10735-w	BANC_v888 260702
VFB_00106fdj	BANC_888:720575941406565167	right side of organism	has_soma_location			BANC888	doi:10.1038/s41586-026-10735-w	BANC_v888 260702
VFB_00106fdk	BANC_888:720575941406568495	right side of organism	has_soma_location			BANC888	doi:10.1038/s41586-026-10735-w	BANC_v888 260702
VFB_00106fdl	BANC_888:720575941406570543	right side of organism	has_soma_location			BANC888	doi:10.1038/s41586-026-10735-w	BANC_v888 260702
VFB_00106fdm	BANC_888:720575941406581934	right side of organism	has_soma_location			BANC888	doi:10.1038/s41586-026-10735-w	BANC_v888 260702
VFB_00106fdn	BANC_888:720575941406588078	right side of organism	has_soma_location			BANC888	doi:10.1038/s41586-026-10735-w	BANC_v888 260702
VFB_00107bmv	BANC_888:720575941406589487	right side of organism	has_soma_location			BANC888	doi:10.1038/s41586-026-10735-w	BANC_v888 260702
VFB_00106fdo	BANC_888:720575941406593071	right side of organism	has_soma_location			BANC888	doi:10.1038/s41586-026-10735-w	BANC_v888 260702
VFB_00106fdp	BANC_888:720575941406603055	right side of organism	has_soma_location			BANC888	doi:10.1038/s41586-026-10735-w	BANC_v888 260702
VFB_00106fdq	BANC_888:720575941406606127	right side of organism	has_soma_location			BANC888	doi:10.1038/s41586-026-10735-w	BANC_v888 260702
VFB_00106fdr	BANC_888:720575941406607151	right side of organism	has_soma_location			BANC888	doi:10.1038/s41586-026-10735-w	BANC_v888 260702
VFB_00106fds	BANC_888:720575941406609967	right side of organism	has_soma_location			BANC888	doi:10.1038/s41586-026-10735-w	BANC_v888 260702
VFB_00106fdt	BANC_888:720575941406610991	right side of organism	has_soma_location			BANC888	doi:10.1038/s41586-026-10735-w	BANC_v888 260702
VFB_00106fdu	BANC_888:720575941406616238	right side of organism	has_soma_location			BANC888	doi:10.1038/s41586-026-10735-w	BANC_v888 260702
VFB_00106fdv	BANC_888:720575941406619822	right side of organism	has_soma_location			BANC888	doi:10.1038/s41586-026-10735-w	BANC_v888 260702
VFB_00106fdw	BANC_888:720575941406624303	right side of organism	has_soma_location			BANC888	doi:10.1038/s41586-026-10735-w	BANC_v888 260702
VFB_00106fdx	BANC_888:720575941406624942	right side of organism	has_soma_location			BANC888	doi:10.1038/s41586-026-10735-w	BANC_v888 260702
VFB_00106fdy	BANC_888:720575941406625454	right side of organism	has_soma_location			BANC888	doi:10.1038/s41586-026-10735-w	BANC_v888 260702
VFB_00107bmw	BANC_888:720575941406645295	right side of organism	has_soma_location			BANC888	doi:10.1038/s41586-026-10735-w	BANC_v888 260702
VFB_00106fe0	BANC_888:720575941406646190	right side of organism	has_soma_location			BANC888	doi:10.1038/s41586-026-10735-w	BANC_v888 260702
VFB_00106fe1	BANC_888:720575941406650798	right side of organism	has_soma_location			BANC888	doi:10.1038/s41586-026-10735-w	BANC_v888 260702
VFB_00106fe2	BANC_888:720575941406655918	right side of organism	has_soma_location			BANC888	doi:10.1038/s41586-026-10735-w	BANC_v888 260702
VFB_00106fe3	BANC_888:720575941406656942	right side of organism	has_soma_location			BANC888	doi:10.1038/s41586-026-10735-w	BANC_v888 260702
VFB_00106fe4	BANC_888:720575941406661038	right side of organism	has_soma_location			BANC888	doi:10.1038/s41586-026-10735-w	BANC_v888 260702
VFB_00106fe5	BANC_888:720575941406666414	right side of organism	has_soma_location			BANC888	doi:10.1038/s41586-026-10735-w	BANC_v888 260702
VFB_00106fe6	BANC_888:720575941406668974	right side of organism	has_soma_location			BANC888	doi:10.1038/s41586-026-10735-w	BANC_v888 260702
VFB_00106fe7	BANC_888:720575941406669486	right side of organism	has_soma_location			BANC888	doi:10.1038/s41586-026-10735-w	BANC_v888 260702
VFB_00106fea	BANC_888:720575941406680494	right side of organism	has_soma_location			BANC888	doi:10.1038/s41586-026-10735-w	BANC_v888 260702
VFB_00107bmx	BANC_888:720575941406686126	right side of organism	has_soma_location			BANC888	doi:10.1038/s41586-026-10735-w	BANC_v888 260702
VFB_00107bmy	BANC_888:720575941406686255	right side of organism	has_soma_location			BANC888	doi:10.1038/s41586-026-10735-w	BANC_v888 260702
VFB_00106feb	BANC_888:720575941406687535	right side of organism	has_soma_location			BANC888	doi:10.1038/s41586-026-10735-w	BANC_v888 260702
VFB_00106fec	BANC_888:720575941406691375	right side of organism	has_soma_location			BANC888	doi:10.1038/s41586-026-10735-w	BANC_v888 260702
VFB_00106fed	BANC_888:720575941406692399	right side of organism	has_soma_location			BANC888	doi:10.1038/s41586-026-10735-w	BANC_v888 260702
VFB_00106fee	BANC_888:720575941406693935	right side of organism	has_soma_location			BANC888	doi:10.1038/s41586-026-10735-w	BANC_v888 260702
VFB_00106fef	BANC_888:720575941406694062	right side of organism	has_soma_location			BANC888	doi:10.1038/s41586-026-10735-w	BANC_v888 260702
VFB_00106feg	BANC_888:720575941406695598	right side of organism	has_soma_location			BANC888	doi:10.1038/s41586-026-10735-w	BANC_v888 260702
VFB_00106feh	BANC_888:720575941406695983	right side of organism	has_soma_location			BANC888	doi:10.1038/s41586-026-10735-w	BANC_v888 260702
VFB_00106fei	BANC_888:720575941406699311	right side of organism	has_soma_location			BANC888	doi:10.1038/s41586-026-10735-w	BANC_v888 260702
VFB_00106fej	BANC_888:720575941406700591	right side of organism	has_soma_location			BANC888	doi:10.1038/s41586-026-10735-w	BANC_v888 260702
VFB_00106fek	BANC_888:720575941406703790	right side of organism	has_soma_location			BANC888	doi:10.1038/s41586-026-10735-w	BANC_v888 260702
VFB_00106fel	BANC_888:720575941406704558	right side of organism	has_soma_location			BANC888	doi:10.1038/s41586-026-10735-w	BANC_v888 260702
VFB_00107bmz	BANC_888:720575941406706350	right side of organism	has_soma_location			BANC888	doi:10.1038/s41586-026-10735-w	BANC_v888 260702
VFB_00106fep	BANC_888:720575941406714415	right side of organism	has_soma_location			BANC888	doi:10.1038/s41586-026-10735-w	BANC_v888 260702
VFB_00106feq	BANC_888:720575941406718126	right side of organism	has_soma_location			BANC888	doi:10.1038/s41586-026-10735-w	BANC_v888 260702
VFB_00107bn0	BANC_888:720575941406720815	right side of organism	has_soma_location			BANC888	doi:10.1038/s41586-026-10735-w	BANC_v888 260702
VFB_00106fer	BANC_888:720575941406722990	right side of organism	has_soma_location			BANC888	doi:10.1038/s41586-026-10735-w	BANC_v888 260702
VFB_00106fes	BANC_888:720575941406724526	right side of organism	has_soma_location			BANC888	doi:10.1038/s41586-026-10735-w	BANC_v888 260702
VFB_00107bn1	BANC_888:720575941406725550	right side of organism	has_soma_location			BANC888	doi:10.1038/s41586-026-10735-w	BANC_v888 260702
VFB_00106fet	BANC_888:720575941406727727	right side of organism	has_soma_location			BANC888	doi:10.1038/s41586-026-10735-w	BANC_v888 260702
VFB_00106fev	BANC_888:720575941406742446	right side of organism	has_soma_location			BANC888	doi:10.1038/s41586-026-10735-w	BANC_v888 260702
VFB_00106few	BANC_888:720575941406743087	right side of organism	has_soma_location			BANC888	doi:10.1038/s41586-026-10735-w	BANC_v888 260702
VFB_00106fey	BANC_888:720575941406763950	right side of organism	has_soma_location			BANC888	doi:10.1038/s41586-026-10735-w	BANC_v888 260702
VFB_00106fez	BANC_888:720575941406768302	right side of organism	has_soma_location			BANC888	doi:10.1038/s41586-026-10735-w	BANC_v888 260702
VFB_00107bn2	BANC_888:720575941406769711	right side of organism	has_soma_location			BANC888	doi:10.1038/s41586-026-10735-w	BANC_v888 260702
VFB_00106ff0	BANC_888:720575941406774063	right side of organism	has_soma_location			BANC888	doi:10.1038/s41586-026-10735-w	BANC_v888 260702
VFB_00106ff3	BANC_888:720575941406776750	right side of organism	has_soma_location			BANC888	doi:10.1038/s41586-026-10735-w	BANC_v888 260702
VFB_00107bn3	BANC_888:720575941406788399	right side of organism	has_soma_location			BANC888	doi:10.1038/s41586-026-10735-w	BANC_v888 260702
VFB_00106ff6	BANC_888:720575941406794031	right side of organism	has_soma_location			BANC888	doi:10.1038/s41586-026-10735-w	BANC_v888 260702
VFB_00106ff7	BANC_888:720575941406809391	right side of organism	has_soma_location			BANC888	doi:10.1038/s41586-026-10735-w	BANC_v888 260702
VFB_00106ff8	BANC_888:720575941406820399	right side of organism	has_soma_location			BANC888	doi:10.1038/s41586-026-10735-w	BANC_v888 260702
VFB_00106ff9	BANC_888:720575941406825902	right side of organism	has_soma_location			BANC888	doi:10.1038/s41586-026-10735-w	BANC_v888 260702
VFB_00107bn4	BANC_888:720575941406826799	right side of organism	has_soma_location			BANC888	doi:10.1038/s41586-026-10735-w	BANC_v888 260702
VFB_00107bn5	BANC_888:720575941406830383	right side of organism	has_soma_location			BANC888	doi:10.1038/s41586-026-10735-w	BANC_v888 260702
VFB_00106ffa	BANC_888:720575941406833070	right side of organism	has_soma_location			BANC888	doi:10.1038/s41586-026-10735-w	BANC_v888 260702
VFB_00107bn6	BANC_888:720575941406852143	right side of organism	has_soma_location			BANC888	doi:10.1038/s41586-026-10735-w	BANC_v888 260702
VFB_00106ffd	BANC_888:720575941406854830	right side of organism	has_soma_location			BANC888	doi:10.1038/s41586-026-10735-w	BANC_v888 260702
VFB_00106ffe	BANC_888:720575941406854959	right side of organism	has_soma_location			BANC888	doi:10.1038/s41586-026-10735-w	BANC_v888 260702
VFB_00106fff	BANC_888:720575941406857390	right side of organism	has_soma_location			BANC888	doi:10.1038/s41586-026-10735-w	BANC_v888 260702
VFB_00107bn7	BANC_888:720575941406858158	right side of organism	has_soma_location			BANC888	doi:10.1038/s41586-026-10735-w	BANC_v888 260702
VFB_00106ffg	BANC_888:720575941406859950	right side of organism	has_soma_location			BANC888	doi:10.1038/s41586-026-10735-w	BANC_v888 260702
VFB_00106ffh	BANC_888:720575941406871214	left side of organism	has_soma_location			BANC888	doi:10.1038/s41586-026-10735-w	BANC_v888 260702
VFB_00106ffi	BANC_888:720575941406877870	right side of organism	has_soma_location			BANC888	doi:10.1038/s41586-026-10735-w	BANC_v888 260702
VFB_00107bn8	BANC_888:720575941406880174	right side of organism	has_soma_location			BANC888	doi:10.1038/s41586-026-10735-w	BANC_v888 260702
VFB_00106ffj	BANC_888:720575941406886830	right side of organism	has_soma_location			BANC888	doi:10.1038/s41586-026-10735-w	BANC_v888 260702
VFB_00107bn9	BANC_888:720575941406894127	right side of organism	has_soma_location			BANC888	doi:10.1038/s41586-026-10735-w	BANC_v888 260702
VFB_00106ffk	BANC_888:720575941406912430	right side of organism	has_soma_location			BANC888	doi:10.1038/s41586-026-10735-w	BANC_v888 260702
VFB_00107bna	BANC_888:720575941406916782	right side of organism	has_soma_location			BANC888	doi:10.1038/s41586-026-10735-w	BANC_v888 260702
VFB_00107bnb	BANC_888:720575941406927790	right side of organism	has_soma_location			BANC888	doi:10.1038/s41586-026-10735-w	BANC_v888 260702
VFB_00107bnc	BANC_888:720575941406929838	right side of organism	has_soma_location			BANC888	doi:10.1038/s41586-026-10735-w	BANC_v888 260702
VFB_00107bnd	BANC_888:720575941406936750	right side of organism	has_soma_location			BANC888	doi:10.1038/s41586-026-10735-w	BANC_v888 260702
VFB_00106ffm	BANC_888:720575941406945839	right side of organism	has_soma_location			BANC888	doi:10.1038/s41586-026-10735-w	BANC_v888 260702
VFB_00107bne	BANC_888:720575941406954414	right side of organism	has_soma_location			BANC888	doi:10.1038/s41586-026-10735-w	BANC_v888 260702
VFB_00106ffo	BANC_888:720575941406966446	right side of organism	has_soma_location			BANC888	doi:10.1038/s41586-026-10735-w	BANC_v888 260702
VFB_00106ffp	BANC_888:720575941406971310	right side of organism	has_soma_location			BANC888	doi:10.1038/s41586-026-10735-w	BANC_v888 260702
VFB_00107bnf	BANC_888:720575941406977071	left side of organism	has_soma_location			BANC888	doi:10.1038/s41586-026-10735-w	BANC_v888 260702
VFB_00106ffq	BANC_888:720575941406978095	left side of organism	has_soma_location			BANC888	doi:10.1038/s41586-026-10735-w	BANC_v888 260702
VFB_00106ffr	BANC_888:720575941406985134	left side of organism	has_soma_location			BANC888	doi:10.1038/s41586-026-10735-w	BANC_v888 260702
VFB_00106ffs	BANC_888:720575941406987311	right side of organism	has_soma_location			BANC888	doi:10.1038/s41586-026-10735-w	BANC_v888 260702
VFB_00106fft	BANC_888:720575941406989742	right side of organism	has_soma_location			BANC888	doi:10.1038/s41586-026-10735-w	BANC_v888 260702
VFB_00107bng	BANC_888:720575941407005487	right side of organism	has_soma_location			BANC888	doi:10.1038/s41586-026-10735-w	BANC_v888 260702
VFB_00107bnh	BANC_888:720575941407023407	right side of organism	has_soma_location			BANC888	doi:10.1038/s41586-026-10735-w	BANC_v888 260702
VFB_00106ffu	BANC_888:720575941407028271	right side of organism	has_soma_location			BANC888	doi:10.1038/s41586-026-10735-w	BANC_v888 260702
VFB_00107bni	BANC_888:720575941407037870	right side of organism	has_soma_location			BANC888	doi:10.1038/s41586-026-10735-w	BANC_v888 260702
VFB_00106ffv	BANC_888:720575941407039279	right side of organism	has_soma_location			BANC888	doi:10.1038/s41586-026-10735-w	BANC_v888 260702
VFB_00106ffx	BANC_888:720575941407043887	right side of organism	has_soma_location			BANC888	doi:10.1038/s41586-026-10735-w	BANC_v888 260702
VFB_00106ffy	BANC_888:720575941407045167	right side of organism	has_soma_location			BANC888	doi:10.1038/s41586-026-10735-w	BANC_v888 260702
VFB_00106fg0	BANC_888:720575941407047471	right side of organism	has_soma_location			BANC888	doi:10.1038/s41586-026-10735-w	BANC_v888 260702
VFB_00106fg1	BANC_888:720575941407048239	left side of organism	has_soma_location			BANC888	doi:10.1038/s41586-026-10735-w	BANC_v888 260702
VFB_00106fg3	BANC_888:720575941407049775	left side of organism	has_soma_location			BANC888	doi:10.1038/s41586-026-10735-w	BANC_v888 260702
VFB_00107bnj	BANC_888:720575941407049902	right side of organism	has_soma_location			BANC888	doi:10.1038/s41586-026-10735-w	BANC_v888 260702
VFB_00106fg4	BANC_888:720575941407050287	right side of organism	has_soma_location			BANC888	doi:10.1038/s41586-026-10735-w	BANC_v888 260702
VFB_00107bnk	BANC_888:720575941407051182	right side of organism	has_soma_location			BANC888	doi:10.1038/s41586-026-10735-w	BANC_v888 260702
VFB_00106fg5	BANC_888:720575941407052847	left side of organism	has_soma_location			BANC888	doi:10.1038/s41586-026-10735-w	BANC_v888 260702
VFB_00106fg6	BANC_888:720575941407056558	left side of organism	has_soma_location			BANC888	doi:10.1038/s41586-026-10735-w	BANC_v888 260702
VFB_00106fg9	BANC_888:720575941407062702	right side of organism	has_soma_location			BANC888	doi:10.1038/s41586-026-10735-w	BANC_v888 260702
VFB_00106fga	BANC_888:720575941407068207	right side of organism	has_soma_location			BANC888	doi:10.1038/s41586-026-10735-w	BANC_v888 260702
VFB_00106fgc	BANC_888:720575941407079598	right side of organism	has_soma_location			BANC888	doi:10.1038/s41586-026-10735-w	BANC_v888 260702
VFB_00106fgd	BANC_888:720575941407082543	right side of organism	has_soma_location			BANC888	doi:10.1038/s41586-026-10735-w	BANC_v888 260702
VFB_00106fge	BANC_888:720575941407089199	right side of organism	has_soma_location			BANC888	doi:10.1038/s41586-026-10735-w	BANC_v888 260702
VFB_00107bnl	BANC_888:720575941407089711	right side of organism	has_soma_location			BANC888	doi:10.1038/s41586-026-10735-w	BANC_v888 260702
VFB_00106fgf	BANC_888:720575941407092783	right side of organism	has_soma_location			BANC888	doi:10.1038/s41586-026-10735-w	BANC_v888 260702
VFB_00106fgg	BANC_888:720575941407094702	right side of organism	has_soma_location			BANC888	doi:10.1038/s41586-026-10735-w	BANC_v888 260702
VFB_00106fgh	BANC_888:720575941407098286	right side of organism	has_soma_location			BANC888	doi:10.1038/s41586-026-10735-w	BANC_v888 260702
VFB_00106fgi	BANC_888:720575941407101614	right side of organism	has_soma_location			BANC888	doi:10.1038/s41586-026-10735-w	BANC_v888 260702
VFB_00106fgj	BANC_888:720575941407101870	right side of organism	has_soma_location			BANC888	doi:10.1038/s41586-026-10735-w	BANC_v888 260702
VFB_00106fgk	BANC_888:720575941407103791	right side of organism	has_soma_location			BANC888	doi:10.1038/s41586-026-10735-w	BANC_v888 260702
VFB_00106fgl	BANC_888:720575941407108399	right side of organism	has_soma_location			BANC888	doi:10.1038/s41586-026-10735-w	BANC_v888 260702
VFB_00106fgo	BANC_888:720575941407117359	right side of organism	has_soma_location			BANC888	doi:10.1038/s41586-026-10735-w	BANC_v888 260702
VFB_00107bnm	BANC_888:720575941407119022	right side of organism	has_soma_location			BANC888	doi:10.1038/s41586-026-10735-w	BANC_v888 260702
VFB_00106fgp	BANC_888:720575941407120302	right side of organism	has_soma_location			BANC888	doi:10.1038/s41586-026-10735-w	BANC_v888 260702
VFB_00106fgq	BANC_888:720575941407121838	right side of organism	has_soma_location			BANC888	doi:10.1038/s41586-026-10735-w	BANC_v888 260702
VFB_00106fgr	BANC_888:720575941407125039	right side of organism	has_soma_location			BANC888	doi:10.1038/s41586-026-10735-w	BANC_v888 260702
VFB_00106fgs	BANC_888:720575941407133358	right side of organism	has_soma_location			BANC888	doi:10.1038/s41586-026-10735-w	BANC_v888 260702
VFB_00106fgt	BANC_888:720575941407133999	right side of organism	has_soma_location			BANC888	doi:10.1038/s41586-026-10735-w	BANC_v888 260702
VFB_00106fgu	BANC_888:720575941407143215	right side of organism	has_soma_location			BANC888	doi:10.1038/s41586-026-10735-w	BANC_v888 260702
VFB_00106fgv	BANC_888:720575941407161262	right side of organism	has_soma_location			BANC888	doi:10.1038/s41586-026-10735-w	BANC_v888 260702
VFB_00106fgw	BANC_888:720575941407162286	right side of organism	has_soma_location			BANC888	doi:10.1038/s41586-026-10735-w	BANC_v888 260702
VFB_00106fgx	BANC_888:720575941407162542	right side of organism	has_soma_location			BANC888	doi:10.1038/s41586-026-10735-w	BANC_v888 260702
VFB_00106fgy	BANC_888:720575941407164590	right side of organism	has_soma_location			BANC888	doi:10.1038/s41586-026-10735-w	BANC_v888 260702
VFB_00106fh0	BANC_888:720575941407172655	right side of organism	has_soma_location			BANC888	doi:10.1038/s41586-026-10735-w	BANC_v888 260702
VFB_00106fh3	BANC_888:720575941407188527	right side of organism	has_soma_location			BANC888	doi:10.1038/s41586-026-10735-w	BANC_v888 260702
VFB_00106fh4	BANC_888:720575941407195951	right side of organism	has_soma_location			BANC888	doi:10.1038/s41586-026-10735-w	BANC_v888 260702
VFB_00106fh5	BANC_888:720575941407196334	right side of organism	has_soma_location			BANC888	doi:10.1038/s41586-026-10735-w	BANC_v888 260702
VFB_00106fh6	BANC_888:720575941407197358	right side of organism	has_soma_location			BANC888	doi:10.1038/s41586-026-10735-w	BANC_v888 260702
VFB_00106fh7	BANC_888:720575941407203631	right side of organism	has_soma_location			BANC888	doi:10.1038/s41586-026-10735-w	BANC_v888 260702
VFB_00107bnn	BANC_888:720575941407209134	right side of organism	has_soma_location			BANC888	doi:10.1038/s41586-026-10735-w	BANC_v888 260702
VFB_00106fh9	BANC_888:720575941407235502	left side of organism	has_soma_location			BANC888	doi:10.1038/s41586-026-10735-w	BANC_v888 260702
VFB_00106fha	BANC_888:720575941407253039	right side of organism	has_soma_location			BANC888	doi:10.1038/s41586-026-10735-w	BANC_v888 260702
VFB_00106fhb	BANC_888:720575941407255214	right side of organism	has_soma_location			BANC888	doi:10.1038/s41586-026-10735-w	BANC_v888 260702
VFB_00107bno	BANC_888:720575941407257391	right side of organism	has_soma_location			BANC888	doi:10.1038/s41586-026-10735-w	BANC_v888 260702
VFB_00106fhc	BANC_888:720575941407259566	right side of organism	has_soma_location			BANC888	doi:10.1038/s41586-026-10735-w	BANC_v888 260702
VFB_00106fhd	BANC_888:720575941407269423	right side of organism	has_soma_location			BANC888	doi:10.1038/s41586-026-10735-w	BANC_v888 260702
VFB_00106fhe	BANC_888:720575941407269679	right side of organism	has_soma_location			BANC888	doi:10.1038/s41586-026-10735-w	BANC_v888 260702
VFB_00106fhh	BANC_888:720575941407283118	right side of organism	has_soma_location			BANC888	doi:10.1038/s41586-026-10735-w	BANC_v888 260702
VFB_00106fhi	BANC_888:720575941407283630	right side of organism	has_soma_location			BANC888	doi:10.1038/s41586-026-10735-w	BANC_v888 260702
VFB_00106fhj	BANC_888:720575941407285166	right side of organism	has_soma_location			BANC888	doi:10.1038/s41586-026-10735-w	BANC_v888 260702
VFB_00106fhk	BANC_888:720575941407287087	right side of organism	has_soma_location			BANC888	doi:10.1038/s41586-026-10735-w	BANC_v888 260702
VFB_00106fhl	BANC_888:720575941407294638	left side of organism	has_soma_location			BANC888	doi:10.1038/s41586-026-10735-w	BANC_v888 260702
VFB_00106fhm	BANC_888:720575941407298478	right side of organism	has_soma_location			BANC888	doi:10.1038/s41586-026-10735-w	BANC_v888 260702
VFB_00106fhn	BANC_888:720575941407306543	left side of organism	has_soma_location			BANC888	doi:10.1038/s41586-026-10735-w	BANC_v888 260702
VFB_00106fhp	BANC_888:720575941407316142	right side of organism	has_soma_location			BANC888	doi:10.1038/s41586-026-10735-w	BANC_v888 260702
VFB_00106fhq	BANC_888:720575941407320238	right side of organism	has_soma_location			BANC888	doi:10.1038/s41586-026-10735-w	BANC_v888 260702
VFB_00107bnp	BANC_888:720575941407326126	right side of organism	has_soma_location			BANC888	doi:10.1038/s41586-026-10735-w	BANC_v888 260702
VFB_00106fhr	BANC_888:720575941407335727	right side of organism	has_soma_location			BANC888	doi:10.1038/s41586-026-10735-w	BANC_v888 260702
VFB_00107bnq	BANC_888:720575941407335854	right side of organism	has_soma_location			BANC888	doi:10.1038/s41586-026-10735-w	BANC_v888 260702
VFB_00106fhs	BANC_888:720575941407340079	right side of organism	has_soma_location			BANC888	doi:10.1038/s41586-026-10735-w	BANC_v888 260702
VFB_00106fht	BANC_888:720575941407357102	right side of organism	has_soma_location			BANC888	doi:10.1038/s41586-026-10735-w	BANC_v888 260702
VFB_00106fhu	BANC_888:720575941407360559	left side of organism	has_soma_location			BANC888	doi:10.1038/s41586-026-10735-w	BANC_v888 260702
VFB_00106fhv	BANC_888:720575941407364655	left side of organism	has_soma_location			BANC888	doi:10.1038/s41586-026-10735-w	BANC_v888 260702
VFB_00107bnr	BANC_888:720575941407379630	left side of organism	has_soma_location			BANC888	doi:10.1038/s41586-026-10735-w	BANC_v888 260702
VFB_00106fhw	BANC_888:720575941407385391	left side of organism	has_soma_location			BANC888	doi:10.1038/s41586-026-10735-w	BANC_v888 260702
VFB_00106fhx	BANC_888:720575941407385518	left side of organism	has_soma_location			BANC888	doi:10.1038/s41586-026-10735-w	BANC_v888 260702
VFB_00107bns	BANC_888:720575941407392686	right side of organism	has_soma_location			BANC888	doi:10.1038/s41586-026-10735-w	BANC_v888 260702
VFB_00107bnt	BANC_888:720575941407396526	right side of organism	has_soma_location			BANC888	doi:10.1038/s41586-026-10735-w	BANC_v888 260702
VFB_00106fhy	BANC_888:720575941407397294	left side of organism	has_soma_location			BANC888	doi:10.1038/s41586-026-10735-w	BANC_v888 260702
VFB_00106fi0	BANC_888:720575941407409582	right side of organism	has_soma_location			BANC888	doi:10.1038/s41586-026-10735-w	BANC_v888 260702
VFB_00106fi1	BANC_888:720575941407410094	left side of organism	has_soma_location			BANC888	doi:10.1038/s41586-026-10735-w	BANC_v888 260702
VFB_00106fi3	BANC_888:720575941407414319	right side of organism	has_soma_location			BANC888	doi:10.1038/s41586-026-10735-w	BANC_v888 260702
VFB_00106fi5	BANC_888:720575941407426607	left side of organism	has_soma_location			BANC888	doi:10.1038/s41586-026-10735-w	BANC_v888 260702
VFB_00106fi6	BANC_888:720575941407435823	right side of organism	has_soma_location			BANC888	doi:10.1038/s41586-026-10735-w	BANC_v888 260702
VFB_00106fi7	BANC_888:720575941407437871	right side of organism	has_soma_location			BANC888	doi:10.1038/s41586-026-10735-w	BANC_v888 260702
VFB_00106fi8	BANC_888:720575941407445166	right side of organism	has_soma_location			BANC888	doi:10.1038/s41586-026-10735-w	BANC_v888 260702
VFB_00106fi9	BANC_888:720575941407451695	left side of organism	has_soma_location			BANC888	doi:10.1038/s41586-026-10735-w	BANC_v888 260702
VFB_00106fia	BANC_888:720575941407456303	right side of organism	has_soma_location			BANC888	doi:10.1038/s41586-026-10735-w	BANC_v888 260702
VFB_00106fib	BANC_888:720575941407457839	right side of organism	has_soma_location			BANC888	doi:10.1038/s41586-026-10735-w	BANC_v888 260702
VFB_00106fic	BANC_888:720575941407463471	left side of organism	has_soma_location			BANC888	doi:10.1038/s41586-026-10735-w	BANC_v888 260702
VFB_00106fid	BANC_888:720575941407464751	right side of organism	has_soma_location			BANC888	doi:10.1038/s41586-026-10735-w	BANC_v888 260702
VFB_00106fie	BANC_888:720575941407465902	right side of organism	has_soma_location			BANC888	doi:10.1038/s41586-026-10735-w	BANC_v888 260702
VFB_00106fif	BANC_888:720575941407469359	right side of organism	has_soma_location			BANC888	doi:10.1038/s41586-026-10735-w	BANC_v888 260702
VFB_00106fig	BANC_888:720575941407469615	right side of organism	has_soma_location			BANC888	doi:10.1038/s41586-026-10735-w	BANC_v888 260702
VFB_00106fih	BANC_888:720575941407476527	left side of organism	has_soma_location			BANC888	doi:10.1038/s41586-026-10735-w	BANC_v888 260702
VFB_00106fii	BANC_888:720575941407478063	right side of organism	has_soma_location			BANC888	doi:10.1038/s41586-026-10735-w	BANC_v888 260702
VFB_00106fij	BANC_888:720575941407480623	left side of organism	has_soma_location			BANC888	doi:10.1038/s41586-026-10735-w	BANC_v888 260702
VFB_00106fik	BANC_888:720575941407483439	left side of organism	has_soma_location			BANC888	doi:10.1038/s41586-026-10735-w	BANC_v888 260702
VFB_00106fil	BANC_888:720575941407485870	right side of organism	has_soma_location			BANC888	doi:10.1038/s41586-026-10735-w	BANC_v888 260702
VFB_00106fim	BANC_888:720575941407486511	right side of organism	has_soma_location			BANC888	doi:10.1038/s41586-026-10735-w	BANC_v888 260702
VFB_00106fin	BANC_888:720575941407499055	right side of organism	has_soma_location			BANC888	doi:10.1038/s41586-026-10735-w	BANC_v888 260702
VFB_00106fio	BANC_888:720575941407500462	left side of organism	has_soma_location			BANC888	doi:10.1038/s41586-026-10735-w	BANC_v888 260702
VFB_00106fip	BANC_888:720575941407510319	right side of organism	has_soma_location			BANC888	doi:10.1038/s41586-026-10735-w	BANC_v888 260702
VFB_00106fiq	BANC_888:720575941407510702	right side of organism	has_soma_location			BANC888	doi:10.1038/s41586-026-10735-w	BANC_v888 260702
VFB_00106fir	BANC_888:720575941407511599	right side of organism	has_soma_location			BANC888	doi:10.1038/s41586-026-10735-w	BANC_v888 260702
VFB_00106fis	BANC_888:720575941407512494	left side of organism	has_soma_location			BANC888	doi:10.1038/s41586-026-10735-w	BANC_v888 260702
VFB_00106fit	BANC_888:720575941407518511	right side of organism	has_soma_location			BANC888	doi:10.1038/s41586-026-10735-w	BANC_v888 260702
VFB_00106fiu	BANC_888:720575941407520559	right side of organism	has_soma_location			BANC888	doi:10.1038/s41586-026-10735-w	BANC_v888 260702
VFB_00106fiv	BANC_888:720575941407527471	right side of organism	has_soma_location			BANC888	doi:10.1038/s41586-026-10735-w	BANC_v888 260702
VFB_00106fix	BANC_888:720575941407529390	right side of organism	has_soma_location			BANC888	doi:10.1038/s41586-026-10735-w	BANC_v888 260702
VFB_00106fiy	BANC_888:720575941407535534	right side of organism	has_soma_location			BANC888	doi:10.1038/s41586-026-10735-w	BANC_v888 260702
VFB_00106fj0	BANC_888:720575941407557550	left side of organism	has_soma_location			BANC888	doi:10.1038/s41586-026-10735-w	BANC_v888 260702
VFB_00106fj1	BANC_888:720575941407560239	right side of organism	has_soma_location			BANC888	doi:10.1038/s41586-026-10735-w	BANC_v888 260702
VFB_00106fj3	BANC_888:720575941407564974	right side of organism	has_soma_location			BANC888	doi:10.1038/s41586-026-10735-w	BANC_v888 260702
VFB_00106fj5	BANC_888:720575941407568046	right side of organism	has_soma_location			BANC888	doi:10.1038/s41586-026-10735-w	BANC_v888 260702
VFB_00106fj6	BANC_888:720575941407570094	left side of organism	has_soma_location			BANC888	doi:10.1038/s41586-026-10735-w	BANC_v888 260702
VFB_00106fj7	BANC_888:720575941407575214	left side of organism	has_soma_location			BANC888	doi:10.1038/s41586-026-10735-w	BANC_v888 260702
VFB_00106fj8	BANC_888:720575941407590574	left side of organism	has_soma_location			BANC888	doi:10.1038/s41586-026-10735-w	BANC_v888 260702
VFB_00106fja	BANC_888:720575941407598127	left side of organism	has_soma_location			BANC888	doi:10.1038/s41586-026-10735-w	BANC_v888 260702
VFB_00106fjb	BANC_888:720575941407599151	left side of organism	has_soma_location			BANC888	doi:10.1038/s41586-026-10735-w	BANC_v888 260702
VFB_00106fjc	BANC_888:720575941407599790	right side of organism	has_soma_location			BANC888	doi:10.1038/s41586-026-10735-w	BANC_v888 260702
VFB_00107bnu	BANC_888:720575941407600234	right side of organism	has_soma_location			BANC888	doi:10.1038/s41586-026-10735-w	BANC_v888 260702
VFB_00106fje	BANC_888:720575941407614382	right side of organism	has_soma_location			BANC888	doi:10.1038/s41586-026-10735-w	BANC_v888 260702
VFB_00106fjf	BANC_888:720575941407622959	right side of organism	has_soma_location			BANC888	doi:10.1038/s41586-026-10735-w	BANC_v888 260702
VFB_00106fjg	BANC_888:720575941407623854	right side of organism	has_soma_location			BANC888	doi:10.1038/s41586-026-10735-w	BANC_v888 260702
VFB_00107bnv	BANC_888:720575941407631151	left side of organism	has_soma_location			BANC888	doi:10.1038/s41586-026-10735-w	BANC_v888 260702
VFB_00106fji	BANC_888:720575941407656622	right side of organism	has_soma_location			BANC888	doi:10.1038/s41586-026-10735-w	BANC_v888 260702
VFB_00107bnw	BANC_888:720575941407663534	left side of organism	has_soma_location			BANC888	doi:10.1038/s41586-026-10735-w	BANC_v888 260702
VFB_00106fjj	BANC_888:720575941407672494	left side of organism	has_soma_location			BANC888	doi:10.1038/s41586-026-10735-w	BANC_v888 260702
VFB_00106fjk	BANC_888:720575941407673903	left side of organism	has_soma_location			BANC888	doi:10.1038/s41586-026-10735-w	BANC_v888 260702
VFB_00106fjl	BANC_888:720575941407686191	left side of organism	has_soma_location			BANC888	doi:10.1038/s41586-026-10735-w	BANC_v888 260702
VFB_00106fjm	BANC_888:720575941407686830	left side of organism	has_soma_location			BANC888	doi:10.1038/s41586-026-10735-w	BANC_v888 260702
VFB_00106fjn	BANC_888:720575941407696943	right side of organism	has_soma_location			BANC888	doi:10.1038/s41586-026-10735-w	BANC_v888 260702
VFB_00106fjo	BANC_888:720575941407701678	left side of organism	has_soma_location			BANC888	doi:10.1038/s41586-026-10735-w	BANC_v888 260702
VFB_00106fjp	BANC_888:720575941407701807	right side of organism	has_soma_location			BANC888	doi:10.1038/s41586-026-10735-w	BANC_v888 260702
VFB_00106fjq	BANC_888:720575941407703214	left side of organism	has_soma_location			BANC888	doi:10.1038/s41586-026-10735-w	BANC_v888 260702
VFB_00106fjr	BANC_888:720575941407704623	right side of organism	has_soma_location			BANC888	doi:10.1038/s41586-026-10735-w	BANC_v888 260702
VFB_00106fjs	BANC_888:720575941407705135	right side of organism	has_soma_location			BANC888	doi:10.1038/s41586-026-10735-w	BANC_v888 260702
VFB_00106fju	BANC_888:720575941407709743	left side of organism	has_soma_location			BANC888	doi:10.1038/s41586-026-10735-w	BANC_v888 260702
VFB_00106fjv	BANC_888:720575941407710511	right side of organism	has_soma_location			BANC888	doi:10.1038/s41586-026-10735-w	BANC_v888 260702
VFB_00106fjw	BANC_888:720575941407711406	right side of organism	has_soma_location			BANC888	doi:10.1038/s41586-026-10735-w	BANC_v888 260702
VFB_00106fjx	BANC_888:720575941407718447	right side of organism	has_soma_location			BANC888	doi:10.1038/s41586-026-10735-w	BANC_v888 260702
VFB_00106fjy	BANC_888:720575941407721007	right side of organism	has_soma_location			BANC888	doi:10.1038/s41586-026-10735-w	BANC_v888 260702
VFB_00106fjz	BANC_888:720575941407721902	right side of organism	has_soma_location			BANC888	doi:10.1038/s41586-026-10735-w	BANC_v888 260702
VFB_00107bnx	BANC_888:720575941407734575	left side of organism	has_soma_location			BANC888	doi:10.1038/s41586-026-10735-w	BANC_v888 260702
VFB_00106fk0	BANC_888:720575941407738030	left side of organism	has_soma_location			BANC888	doi:10.1038/s41586-026-10735-w	BANC_v888 260702
VFB_00106fk1	BANC_888:720575941407739695	right side of organism	has_soma_location			BANC888	doi:10.1038/s41586-026-10735-w	BANC_v888 260702
VFB_00107bny	BANC_888:720575941407741102	right side of organism	has_soma_location			BANC888	doi:10.1038/s41586-026-10735-w	BANC_v888 260702
VFB_00106fk2	BANC_888:720575941407750062	right side of organism	has_soma_location			BANC888	doi:10.1038/s41586-026-10735-w	BANC_v888 260702
VFB_00106fk3	BANC_888:720575941407758895	right side of organism	has_soma_location			BANC888	doi:10.1038/s41586-026-10735-w	BANC_v888 260702
VFB_00107bnz	BANC_888:720575941407762094	right side of organism	has_soma_location			BANC888	doi:10.1038/s41586-026-10735-w	BANC_v888 260702
VFB_00106fk4	BANC_888:720575941407765039	right side of organism	has_soma_location			BANC888	doi:10.1038/s41586-026-10735-w	BANC_v888 260702
VFB_00106fk8	BANC_888:720575941407788206	left side of organism	has_soma_location			BANC888	doi:10.1038/s41586-026-10735-w	BANC_v888 260702
VFB_00107bo0	BANC_888:720575941407788847	left side of organism	has_soma_location			BANC888	doi:10.1038/s41586-026-10735-w	BANC_v888 260702
VFB_00106fkb	BANC_888:720575941407793455	left side of organism	has_soma_location			BANC888	doi:10.1038/s41586-026-10735-w	BANC_v888 260702
VFB_00106fkc	BANC_888:720575941407794862	left side of organism	has_soma_location			BANC888	doi:10.1038/s41586-026-10735-w	BANC_v888 260702
VFB_00106fkd	BANC_888:720575941407795118	left side of organism	has_soma_location			BANC888	doi:10.1038/s41586-026-10735-w	BANC_v888 260702
VFB_00106fke	BANC_888:720575941407795503	left side of organism	has_soma_location			BANC888	doi:10.1038/s41586-026-10735-w	BANC_v888 260702
VFB_00106fkh	BANC_888:720575941407809327	right side of organism	has_soma_location			BANC888	doi:10.1038/s41586-026-10735-w	BANC_v888 260702
VFB_00106fki	BANC_888:720575941407817519	right side of organism	has_soma_location			BANC888	doi:10.1038/s41586-026-10735-w	BANC_v888 260702
VFB_00106fkj	BANC_888:720575941407825967	left side of organism	has_soma_location			BANC888	doi:10.1038/s41586-026-10735-w	BANC_v888 260702
VFB_00106fkl	BANC_888:720575941407841071	left side of organism	has_soma_location			BANC888	doi:10.1038/s41586-026-10735-w	BANC_v888 260702
VFB_00106fkm	BANC_888:720575941407845038	right side of organism	has_soma_location			BANC888	doi:10.1038/s41586-026-10735-w	BANC_v888 260702
VFB_00106fkn	BANC_888:720575941407849646	right side of organism	has_soma_location			BANC888	doi:10.1038/s41586-026-10735-w	BANC_v888 260702
VFB_00107bo1	BANC_888:720575941407851055	right side of organism	has_soma_location			BANC888	doi:10.1038/s41586-026-10735-w	BANC_v888 260702
VFB_00107bo2	BANC_888:720575941407854639	left side of organism	has_soma_location			BANC888	doi:10.1038/s41586-026-10735-w	BANC_v888 260702
VFB_00106fko	BANC_888:720575941407858094	right side of organism	has_soma_location			BANC888	doi:10.1038/s41586-026-10735-w	BANC_v888 260702
VFB_00106fkp	BANC_888:720575941407860527	right side of organism	has_soma_location			BANC888	doi:10.1038/s41586-026-10735-w	BANC_v888 260702
VFB_00106fkq	BANC_888:720575941407863726	right side of organism	has_soma_location			BANC888	doi:10.1038/s41586-026-10735-w	BANC_v888 260702
VFB_00107bo3	BANC_888:720575941407864111	right side of organism	has_soma_location			BANC888	doi:10.1038/s41586-026-10735-w	BANC_v888 260702
VFB_00107bo4	BANC_888:720575941407884974	right side of organism	has_soma_location			BANC888	doi:10.1038/s41586-026-10735-w	BANC_v888 260702
VFB_00106fkr	BANC_888:720575941407887151	right side of organism	has_soma_location			BANC888	doi:10.1038/s41586-026-10735-w	BANC_v888 260702
VFB_00107bo5	BANC_888:720575941407892527	left side of organism	has_soma_location			BANC888	doi:10.1038/s41586-026-10735-w	BANC_v888 260702
VFB_00107bo6	BANC_888:720575941407895343	right side of organism	has_soma_location			BANC888	doi:10.1038/s41586-026-10735-w	BANC_v888 260702
VFB_00107bo7	BANC_888:720575941407895599	right side of organism	has_soma_location			BANC888	doi:10.1038/s41586-026-10735-w	BANC_v888 260702
VFB_00106fks	BANC_888:720575941407900975	left side of organism	has_soma_location			BANC888	doi:10.1038/s41586-026-10735-w	BANC_v888 260702
VFB_00106fkt	BANC_888:720575941407901870	right side of organism	has_soma_location			BANC888	doi:10.1038/s41586-026-10735-w	BANC_v888 260702
VFB_00106fku	BANC_888:720575941407907246	right side of organism	has_soma_location			BANC888	doi:10.1038/s41586-026-10735-w	BANC_v888 260702
VFB_00107bo8	BANC_888:720575941407909038	left side of organism	has_soma_location			BANC888	doi:10.1038/s41586-026-10735-w	BANC_v888 260702
VFB_00106fkv	BANC_888:720575941407910574	left side of organism	has_soma_location			BANC888	doi:10.1038/s41586-026-10735-w	BANC_v888 260702
VFB_00106fkw	BANC_888:720575941407915823	right side of organism	has_soma_location			BANC888	doi:10.1038/s41586-026-10735-w	BANC_v888 260702
VFB_00106fkx	BANC_888:720575941407916079	right side of organism	has_soma_location			BANC888	doi:10.1038/s41586-026-10735-w	BANC_v888 260702
VFB_00106fkz	BANC_888:720575941407923630	right side of organism	has_soma_location			BANC888	doi:10.1038/s41586-026-10735-w	BANC_v888 260702
VFB_00106fl0	BANC_888:720575941407925039	left side of organism	has_soma_location			BANC888	doi:10.1038/s41586-026-10735-w	BANC_v888 260702
VFB_00106fl1	BANC_888:720575941407926831	right side of organism	has_soma_location			BANC888	doi:10.1038/s41586-026-10735-w	BANC_v888 260702
VFB_00106fl2	BANC_888:720575941407929391	right side of organism	has_soma_location			BANC888	doi:10.1038/s41586-026-10735-w	BANC_v888 260702
VFB_00106fl3	BANC_888:720575941407931156	right side of organism	has_soma_location			BANC888	doi:10.1038/s41586-026-10735-w	BANC_v888 260702
VFB_00107bo9	BANC_888:720575941407932975	right side of organism	has_soma_location			BANC888	doi:10.1038/s41586-026-10735-w	BANC_v888 260702
VFB_00106fl5	BANC_888:720575941407936815	right side of organism	has_soma_location			BANC888	doi:10.1038/s41586-026-10735-w	BANC_v888 260702
VFB_00106fl6	BANC_888:720575941407937583	right side of organism	has_soma_location			BANC888	doi:10.1038/s41586-026-10735-w	BANC_v888 260702
VFB_00106fl7	BANC_888:720575941407945263	left side of organism	has_soma_location			BANC888	doi:10.1038/s41586-026-10735-w	BANC_v888 260702
VFB_00106fl8	BANC_888:720575941407948206	right side of organism	has_soma_location			BANC888	doi:10.1038/s41586-026-10735-w	BANC_v888 260702
VFB_00106fla	BANC_888:720575941407956910	right side of organism	has_soma_location			BANC888	doi:10.1038/s41586-026-10735-w	BANC_v888 260702
VFB_00107boa	BANC_888:720575941407966382	left side of organism	has_soma_location			BANC888	doi:10.1038/s41586-026-10735-w	BANC_v888 260702
VFB_00106flb	BANC_888:720575941407972399	right side of organism	has_soma_location			BANC888	doi:10.1038/s41586-026-10735-w	BANC_v888 260702
VFB_00106flc	BANC_888:720575941407973550	right side of organism	has_soma_location			BANC888	doi:10.1038/s41586-026-10735-w	BANC_v888 260702
VFB_00106fld	BANC_888:720575941407975471	left side of organism	has_soma_location			BANC888	doi:10.1038/s41586-026-10735-w	BANC_v888 260702
VFB_00106fle	BANC_888:720575941407977263	left side of organism	has_soma_location			BANC888	doi:10.1038/s41586-026-10735-w	BANC_v888 260702
VFB_00106flf	BANC_888:720575941407978031	right side of organism	has_soma_location			BANC888	doi:10.1038/s41586-026-10735-w	BANC_v888 260702
VFB_00106flg	BANC_888:720575941407978670	left side of organism	has_soma_location			BANC888	doi:10.1038/s41586-026-10735-w	BANC_v888 260702
VFB_00107bob	BANC_888:720575941407981742	right side of organism	has_soma_location			BANC888	doi:10.1038/s41586-026-10735-w	BANC_v888 260702
VFB_00106flh	BANC_888:720575941407983534	right side of organism	has_soma_location			BANC888	doi:10.1038/s41586-026-10735-w	BANC_v888 260702
VFB_00106fli	BANC_888:720575941407986735	left side of organism	has_soma_location			BANC888	doi:10.1038/s41586-026-10735-w	BANC_v888 260702
VFB_00107boc	BANC_888:720575941407990319	left side of organism	has_soma_location			BANC888	doi:10.1038/s41586-026-10735-w	BANC_v888 260702
VFB_00106flj	BANC_888:720575941407996846	right side of organism	has_soma_location			BANC888	doi:10.1038/s41586-026-10735-w	BANC_v888 260702
VFB_00107bod	BANC_888:720575941407999150	right side of organism	has_soma_location			BANC888	doi:10.1038/s41586-026-10735-w	BANC_v888 260702
VFB_00107boe	BANC_888:720575941408008239	left side of organism	has_soma_location			BANC888	doi:10.1038/s41586-026-10735-w	BANC_v888 260702
VFB_00106flm	BANC_888:720575941408013230	right side of organism	has_soma_location			BANC888	doi:10.1038/s41586-026-10735-w	BANC_v888 260702
VFB_00106fln	BANC_888:720575941408014383	right side of organism	has_soma_location			BANC888	doi:10.1038/s41586-026-10735-w	BANC_v888 260702
VFB_00106flo	BANC_888:720575941408016558	right side of organism	has_soma_location			BANC888	doi:10.1038/s41586-026-10735-w	BANC_v888 260702
VFB_00106flp	BANC_888:720575941408019374	left side of organism	has_soma_location			BANC888	doi:10.1038/s41586-026-10735-w	BANC_v888 260702
VFB_00106flq	BANC_888:720575941408019759	right side of organism	has_soma_location			BANC888	doi:10.1038/s41586-026-10735-w	BANC_v888 260702
VFB_00107bof	BANC_888:720575941408025647	left side of organism	has_soma_location			BANC888	doi:10.1038/s41586-026-10735-w	BANC_v888 260702
VFB_00106flt	BANC_888:720575941408028590	right side of organism	has_soma_location			BANC888	doi:10.1038/s41586-026-10735-w	BANC_v888 260702
VFB_00106flu	BANC_888:720575941408029487	right side of organism	has_soma_location			BANC888	doi:10.1038/s41586-026-10735-w	BANC_v888 260702
VFB_00106flv	BANC_888:720575941408029743	right side of organism	has_soma_location			BANC888	doi:10.1038/s41586-026-10735-w	BANC_v888 260702
VFB_00106flw	BANC_888:720575941408030894	right side of organism	has_soma_location			BANC888	doi:10.1038/s41586-026-10735-w	BANC_v888 260702
VFB_00106flx	BANC_888:720575941408034863	left side of organism	has_soma_location			BANC888	doi:10.1038/s41586-026-10735-w	BANC_v888 260702
VFB_00107bog	BANC_888:720575941408040878	right side of organism	has_soma_location			BANC888	doi:10.1038/s41586-026-10735-w	BANC_v888 260702
VFB_00106fly	BANC_888:720575941408041263	left side of organism	has_soma_location			BANC888	doi:10.1038/s41586-026-10735-w	BANC_v888 260702
VFB_00106flz	BANC_888:720575941408043055	right side of organism	has_soma_location			BANC888	doi:10.1038/s41586-026-10735-w	BANC_v888 260702
VFB_00106fm1	BANC_888:720575941408049070	right side of organism	has_soma_location			BANC888	doi:10.1038/s41586-026-10735-w	BANC_v888 260702
VFB_00106fm3	BANC_888:720575941408056367	left side of organism	has_soma_location			BANC888	doi:10.1038/s41586-026-10735-w	BANC_v888 260702
VFB_00106fm4	BANC_888:720575941408056879	right side of organism	has_soma_location			BANC888	doi:10.1038/s41586-026-10735-w	BANC_v888 260702
VFB_00107boh	BANC_888:720575941408057647	right side of organism	has_soma_location			BANC888	doi:10.1038/s41586-026-10735-w	BANC_v888 260702
VFB_00106fm5	BANC_888:720575941408058159	right side of organism	has_soma_location			BANC888	doi:10.1038/s41586-026-10735-w	BANC_v888 260702
VFB_00106fm6	BANC_888:720575941408067375	right side of organism	has_soma_location			BANC888	doi:10.1038/s41586-026-10735-w	BANC_v888 260702
VFB_00106fm7	BANC_888:720575941408073263	right side of organism	has_soma_location			BANC888	doi:10.1038/s41586-026-10735-w	BANC_v888 260702
VFB_00107boi	BANC_888:720575941408073775	right side of organism	has_soma_location			BANC888	doi:10.1038/s41586-026-10735-w	BANC_v888 260702
VFB_00106fm8	BANC_888:720575941408074287	right side of organism	has_soma_location			BANC888	doi:10.1038/s41586-026-10735-w	BANC_v888 260702
VFB_00106fm9	BANC_888:720575941408075823	right side of organism	has_soma_location			BANC888	doi:10.1038/s41586-026-10735-w	BANC_v888 260702
VFB_00106fma	BANC_888:720575941408079278	right side of organism	has_soma_location			BANC888	doi:10.1038/s41586-026-10735-w	BANC_v888 260702
VFB_00106fmb	BANC_888:720575941408079790	right side of organism	has_soma_location			BANC888	doi:10.1038/s41586-026-10735-w	BANC_v888 260702
VFB_00107boj	BANC_888:720575941408080046	right side of organism	has_soma_location			BANC888	doi:10.1038/s41586-026-10735-w	BANC_v888 260702
VFB_00106fmc	BANC_888:720575941408082350	right side of organism	has_soma_location			BANC888	doi:10.1038/s41586-026-10735-w	BANC_v888 260702
VFB_00107bok	BANC_888:720575941408082862	right side of organism	has_soma_location			BANC888	doi:10.1038/s41586-026-10735-w	BANC_v888 260702
VFB_00106fme	BANC_888:720575941408085039	right side of organism	has_soma_location			BANC888	doi:10.1038/s41586-026-10735-w	BANC_v888 260702
VFB_00107bol	BANC_888:720575941408086063	right side of organism	has_soma_location			BANC888	doi:10.1038/s41586-026-10735-w	BANC_v888 260702
VFB_00107bom	BANC_888:720575941408091951	right side of organism	has_soma_location			BANC888	doi:10.1038/s41586-026-10735-w	BANC_v888 260702
VFB_00106fmg	BANC_888:720575941408094511	right side of organism	has_soma_location			BANC888	doi:10.1038/s41586-026-10735-w	BANC_v888 260702
VFB_00106fmh	BANC_888:720575941408095662	right side of organism	has_soma_location			BANC888	doi:10.1038/s41586-026-10735-w	BANC_v888 260702
VFB_00106fmi	BANC_888:720575941408097839	right side of organism	has_soma_location			BANC888	doi:10.1038/s41586-026-10735-w	BANC_v888 260702
VFB_00106fmj	BANC_888:720575941408099887	right side of organism	has_soma_location			BANC888	doi:10.1038/s41586-026-10735-w	BANC_v888 260702
VFB_00106fmk	BANC_888:720575941408101679	right side of organism	has_soma_location			BANC888	doi:10.1038/s41586-026-10735-w	BANC_v888 260702
VFB_00106fml	BANC_888:720575941408102062	right side of organism	has_soma_location			BANC888	doi:10.1038/s41586-026-10735-w	BANC_v888 260702
VFB_00106fmm	BANC_888:720575941408102318	right side of organism	has_soma_location			BANC888	doi:10.1038/s41586-026-10735-w	BANC_v888 260702
VFB_00106fmn	BANC_888:720575941408108847	right side of organism	has_soma_location			BANC888	doi:10.1038/s41586-026-10735-w	BANC_v888 260702
VFB_00106fmp	BANC_888:720575941408111151	right side of organism	has_soma_location			BANC888	doi:10.1038/s41586-026-10735-w	BANC_v888 260702
VFB_00106fmq	BANC_888:720575941408112814	right side of organism	has_soma_location			BANC888	doi:10.1038/s41586-026-10735-w	BANC_v888 260702
VFB_00106fmr	BANC_888:720575941408124463	right side of organism	has_soma_location			BANC888	doi:10.1038/s41586-026-10735-w	BANC_v888 260702
VFB_00106fms	BANC_888:720575941408127150	right side of organism	has_soma_location			BANC888	doi:10.1038/s41586-026-10735-w	BANC_v888 260702
VFB_00107bon	BANC_888:720575941408127918	right side of organism	has_soma_location			BANC888	doi:10.1038/s41586-026-10735-w	BANC_v888 260702
VFB_00107boo	BANC_888:720575941408128303	right side of organism	has_soma_location			BANC888	doi:10.1038/s41586-026-10735-w	BANC_v888 260702
VFB_00106fmt	BANC_888:720575941408129710	right side of organism	has_soma_location			BANC888	doi:10.1038/s41586-026-10735-w	BANC_v888 260702
VFB_00106fmu	BANC_888:720575941408131119	right side of organism	has_soma_location			BANC888	doi:10.1038/s41586-026-10735-w	BANC_v888 260702
VFB_00106fmv	BANC_888:720575941408132014	right side of organism	has_soma_location			BANC888	doi:10.1038/s41586-026-10735-w	BANC_v888 260702
VFB_00106fmw	BANC_888:720575941408132270	right side of organism	has_soma_location			BANC888	doi:10.1038/s41586-026-10735-w	BANC_v888 260702
VFB_00106fmy	BANC_888:720575941408133038	right side of organism	has_soma_location			BANC888	doi:10.1038/s41586-026-10735-w	BANC_v888 260702
VFB_00106fmz	BANC_888:720575941408133294	right side of organism	has_soma_location			BANC888	doi:10.1038/s41586-026-10735-w	BANC_v888 260702
VFB_00107bop	BANC_888:720575941408137390	right side of organism	has_soma_location			BANC888	doi:10.1038/s41586-026-10735-w	BANC_v888 260702
VFB_00107boq	BANC_888:720575941408137775	right side of organism	has_soma_location			BANC888	doi:10.1038/s41586-026-10735-w	BANC_v888 260702
VFB_00106fn0	BANC_888:720575941408139823	right side of organism	has_soma_location			BANC888	doi:10.1038/s41586-026-10735-w	BANC_v888 260702
VFB_00106fn1	BANC_888:720575941408141103	right side of organism	has_soma_location			BANC888	doi:10.1038/s41586-026-10735-w	BANC_v888 260702
VFB_00107bor	BANC_888:720575941408160430	left side of organism	has_soma_location			BANC888	doi:10.1038/s41586-026-10735-w	BANC_v888 260702
VFB_00106fn3	BANC_888:720575941408164655	left side of organism	has_soma_location			BANC888	doi:10.1038/s41586-026-10735-w	BANC_v888 260702
VFB_00107bos	BANC_888:720575941408179247	left side of organism	has_soma_location			BANC888	doi:10.1038/s41586-026-10735-w	BANC_v888 260702
VFB_00107bot	BANC_888:720575941408199086	right side of organism	has_soma_location			BANC888	doi:10.1038/s41586-026-10735-w	BANC_v888 260702
VFB_00106fn6	BANC_888:720575941408199471	right side of organism	has_soma_location			BANC888	doi:10.1038/s41586-026-10735-w	BANC_v888 260702
VFB_00106fn7	BANC_888:720575941408201646	right side of organism	has_soma_location			BANC888	doi:10.1038/s41586-026-10735-w	BANC_v888 260702
VFB_00107bou	BANC_888:720575941408202926	left side of organism	has_soma_location			BANC888	doi:10.1038/s41586-026-10735-w	BANC_v888 260702
VFB_00107bov	BANC_888:720575941408204591	left side of organism	has_soma_location			BANC888	doi:10.1038/s41586-026-10735-w	BANC_v888 260702
VFB_00106fn8	BANC_888:720575941408207278	right side of organism	has_soma_location			BANC888	doi:10.1038/s41586-026-10735-w	BANC_v888 260702
VFB_00106fn9	BANC_888:720575941408209455	right side of organism	has_soma_location			BANC888	doi:10.1038/s41586-026-10735-w	BANC_v888 260702
VFB_00106fnb	BANC_888:720575941408213551	left side of organism	has_soma_location			BANC888	doi:10.1038/s41586-026-10735-w	BANC_v888 260702
VFB_00106fnc	BANC_888:720575941408219439	right side of organism	has_soma_location			BANC888	doi:10.1038/s41586-026-10735-w	BANC_v888 260702
VFB_00107bow	BANC_888:720575941408220463	right side of organism	has_soma_location			BANC888	doi:10.1038/s41586-026-10735-w	BANC_v888 260702
VFB_00107box	BANC_888:720575941408236974	right side of organism	has_soma_location			BANC888	doi:10.1038/s41586-026-10735-w	BANC_v888 260702
VFB_00107boy	BANC_888:720575941408243374	right side of organism	has_soma_location			BANC888	doi:10.1038/s41586-026-10735-w	BANC_v888 260702
VFB_00107boz	BANC_888:720575941408245934	right side of organism	has_soma_location			BANC888	doi:10.1038/s41586-026-10735-w	BANC_v888 260702
VFB_00106fne	BANC_888:720575941408246955	left side of organism	has_soma_location			BANC888	doi:10.1038/s41586-026-10735-w	BANC_v888 260702
VFB_00106fnf	BANC_888:720575941408249135	right side of organism	has_soma_location			BANC888	doi:10.1038/s41586-026-10735-w	BANC_v888 260702
VFB_00106fnh	BANC_888:720575941408251822	left side of organism	has_soma_location			BANC888	doi:10.1038/s41586-026-10735-w	BANC_v888 260702
VFB_00107bp0	BANC_888:720575941408252334	right side of organism	has_soma_location			BANC888	doi:10.1038/s41586-026-10735-w	BANC_v888 260702
VFB_00106fnj	BANC_888:720575941408255791	right side of organism	has_soma_location			BANC888	doi:10.1038/s41586-026-10735-w	BANC_v888 260702
VFB_00106fnl	BANC_888:720575941408257195	right side of organism	has_soma_location			BANC888	doi:10.1038/s41586-026-10735-w	BANC_v888 260702
VFB_00107bp1	BANC_888:720575941408262062	left side of organism	has_soma_location			BANC888	doi:10.1038/s41586-026-10735-w	BANC_v888 260702
VFB_00107bp2	BANC_888:720575941408267182	left side of organism	has_soma_location			BANC888	doi:10.1038/s41586-026-10735-w	BANC_v888 260702
VFB_00106fnm	BANC_888:720575941408269486	left side of organism	has_soma_location			BANC888	doi:10.1038/s41586-026-10735-w	BANC_v888 260702
VFB_00106fnn	BANC_888:720575941408270383	right side of organism	has_soma_location			BANC888	doi:10.1038/s41586-026-10735-w	BANC_v888 260702
VFB_00107bp3	BANC_888:720575941408271790	left side of organism	has_soma_location			BANC888	doi:10.1038/s41586-026-10735-w	BANC_v888 260702
VFB_00106fnp	BANC_888:720575941408274735	right side of organism	has_soma_location			BANC888	doi:10.1038/s41586-026-10735-w	BANC_v888 260702
VFB_00107bp4	BANC_888:720575941408278319	left side of organism	has_soma_location			BANC888	doi:10.1038/s41586-026-10735-w	BANC_v888 260702
VFB_00107bp5	BANC_888:720575941408279726	right side of organism	has_soma_location			BANC888	doi:10.1038/s41586-026-10735-w	BANC_v888 260702
VFB_00106fnq	BANC_888:720575941408281003	right side of organism	has_soma_location			BANC888	doi:10.1038/s41586-026-10735-w	BANC_v888 260702
VFB_00107bp6	BANC_888:720575941408288430	left side of organism	has_soma_location			BANC888	doi:10.1038/s41586-026-10735-w	BANC_v888 260702
VFB_00107bp7	BANC_888:720575941408291631	left side of organism	has_soma_location			BANC888	doi:10.1038/s41586-026-10735-w	BANC_v888 260702
VFB_00106fnr	BANC_888:720575941408296875	left side of organism	has_soma_location			BANC888	doi:10.1038/s41586-026-10735-w	BANC_v888 260702
VFB_00107bp8	BANC_888:720575941408300079	left side of organism	has_soma_location			BANC888	doi:10.1038/s41586-026-10735-w	BANC_v888 260702
VFB_00107bp9	BANC_888:720575941408304687	left side of organism	has_soma_location			BANC888	doi:10.1038/s41586-026-10735-w	BANC_v888 260702
VFB_00107bpa	BANC_888:720575941408305199	right side of organism	has_soma_location			BANC888	doi:10.1038/s41586-026-10735-w	BANC_v888 260702
VFB_00106fnt	BANC_888:720575941408307118	right side of organism	has_soma_location			BANC888	doi:10.1038/s41586-026-10735-w	BANC_v888 260702
VFB_00106fnv	BANC_888:720575941408310575	right side of organism	has_soma_location			BANC888	doi:10.1038/s41586-026-10735-w	BANC_v888 260702
VFB_00107bpb	BANC_888:720575941408313903	left side of organism	has_soma_location			BANC888	doi:10.1038/s41586-026-10735-w	BANC_v888 260702
VFB_00106fnw	BANC_888:720575941408316846	right side of organism	has_soma_location			BANC888	doi:10.1038/s41586-026-10735-w	BANC_v888 260702
VFB_00106fny	BANC_888:720575941408320430	left side of organism	has_soma_location			BANC888	doi:10.1038/s41586-026-10735-w	BANC_v888 260702
VFB_00107bpc	BANC_888:720575941408322990	right side of organism	has_soma_location			BANC888	doi:10.1038/s41586-026-10735-w	BANC_v888 260702
VFB_00107bpd	BANC_888:720575941408327215	left side of organism	has_soma_location			BANC888	doi:10.1038/s41586-026-10735-w	BANC_v888 260702
VFB_00106fo0	BANC_888:720575941408338862	left side of organism	has_soma_location			BANC888	doi:10.1038/s41586-026-10735-w	BANC_v888 260702
VFB_00106fo1	BANC_888:720575941408343855	left side of organism	has_soma_location			BANC888	doi:10.1038/s41586-026-10735-w	BANC_v888 260702
VFB_00106fo3	BANC_888:720575941408353454	left side of organism	has_soma_location			BANC888	doi:10.1038/s41586-026-10735-w	BANC_v888 260702
VFB_00107bpe	BANC_888:720575941408354734	right side of organism	has_soma_location			BANC888	doi:10.1038/s41586-026-10735-w	BANC_v888 260702
VFB_00106fo4	BANC_888:720575941408355499	left side of organism	has_soma_location			BANC888	doi:10.1038/s41586-026-10735-w	BANC_v888 260702
VFB_00106fo5	BANC_888:720575941408360619	left side of organism	has_soma_location			BANC888	doi:10.1038/s41586-026-10735-w	BANC_v888 260702
VFB_00106fo6	BANC_888:720575941408361007	right side of organism	has_soma_location			BANC888	doi:10.1038/s41586-026-10735-w	BANC_v888 260702
VFB_00106fo7	BANC_888:720575941408361646	left side of organism	has_soma_location			BANC888	doi:10.1038/s41586-026-10735-w	BANC_v888 260702
VFB_00106fo8	BANC_888:720575941408363950	right side of organism	has_soma_location			BANC888	doi:10.1038/s41586-026-10735-w	BANC_v888 260702
VFB_00106fo9	BANC_888:720575941408364971	right side of organism	has_soma_location			BANC888	doi:10.1038/s41586-026-10735-w	BANC_v888 260702
VFB_00106foa	BANC_888:720575941408369838	right side of organism	has_soma_location			BANC888	doi:10.1038/s41586-026-10735-w	BANC_v888 260702
VFB_00107bpf	BANC_888:720575941408378671	left side of organism	has_soma_location			BANC888	doi:10.1038/s41586-026-10735-w	BANC_v888 260702
VFB_00106foe	BANC_888:720575941408387119	right side of organism	has_soma_location			BANC888	doi:10.1038/s41586-026-10735-w	BANC_v888 260702
VFB_00107bpg	BANC_888:720575941408387246	left side of organism	has_soma_location			BANC888	doi:10.1038/s41586-026-10735-w	BANC_v888 260702
VFB_00107bph	BANC_888:720575941408396591	right side of organism	has_soma_location			BANC888	doi:10.1038/s41586-026-10735-w	BANC_v888 260702
VFB_00107bpi	BANC_888:720575941408398383	left side of organism	has_soma_location			BANC888	doi:10.1038/s41586-026-10735-w	BANC_v888 260702
VFB_00106foh	BANC_888:720575941408399663	right side of organism	has_soma_location			BANC888	doi:10.1038/s41586-026-10735-w	BANC_v888 260702
VFB_00106foi	BANC_888:720575941408409135	right side of organism	has_soma_location			BANC888	doi:10.1038/s41586-026-10735-w	BANC_v888 260702
VFB_00107bpj	BANC_888:720575941408410671	right side of organism	has_soma_location			BANC888	doi:10.1038/s41586-026-10735-w	BANC_v888 260702
VFB_00106foj	BANC_888:720575941408413743	right side of organism	has_soma_location			BANC888	doi:10.1038/s41586-026-10735-w	BANC_v888 260702
VFB_00106fok	BANC_888:720575941408413870	right side of organism	has_soma_location			BANC888	doi:10.1038/s41586-026-10735-w	BANC_v888 260702
VFB_00106fol	BANC_888:720575941408417454	left side of organism	has_soma_location			BANC888	doi:10.1038/s41586-026-10735-w	BANC_v888 260702
VFB_00106fon	BANC_888:720575941408421291	left side of organism	has_soma_location			BANC888	doi:10.1038/s41586-026-10735-w	BANC_v888 260702
VFB_00106foo	BANC_888:720575941408422062	left side of organism	has_soma_location			BANC888	doi:10.1038/s41586-026-10735-w	BANC_v888 260702
VFB_00106fop	BANC_888:720575941408422318	left side of organism	has_soma_location			BANC888	doi:10.1038/s41586-026-10735-w	BANC_v888 260702
VFB_00106foq	BANC_888:720575941408423854	left side of organism	has_soma_location			BANC888	doi:10.1038/s41586-026-10735-w	BANC_v888 260702
VFB_00106for	BANC_888:720575941408425390	left side of organism	has_soma_location			BANC888	doi:10.1038/s41586-026-10735-w	BANC_v888 260702
VFB_00107bpk	BANC_888:720575941408425519	right side of organism	has_soma_location			BANC888	doi:10.1038/s41586-026-10735-w	BANC_v888 260702
VFB_00106fot	BANC_888:720575941408430127	left side of organism	has_soma_location			BANC888	doi:10.1038/s41586-026-10735-w	BANC_v888 260702
VFB_00107bpl	BANC_888:720575941408436527	left side of organism	has_soma_location			BANC888	doi:10.1038/s41586-026-10735-w	BANC_v888 260702
VFB_00106fov	BANC_888:720575941408437934	right side of organism	has_soma_location			BANC888	doi:10.1038/s41586-026-10735-w	BANC_v888 260702
VFB_00106fow	BANC_888:720575941408439599	right side of organism	has_soma_location			BANC888	doi:10.1038/s41586-026-10735-w	BANC_v888 260702
VFB_00107bpm	BANC_888:720575941408441262	right side of organism	has_soma_location			BANC888	doi:10.1038/s41586-026-10735-w	BANC_v888 260702
VFB_00106fox	BANC_888:720575941408442542	right side of organism	has_soma_location			BANC888	doi:10.1038/s41586-026-10735-w	BANC_v888 260702
VFB_00106foy	BANC_888:720575941408443183	right side of organism	has_soma_location			BANC888	doi:10.1038/s41586-026-10735-w	BANC_v888 260702
VFB_00106foz	BANC_888:720575941408444587	left side of organism	has_soma_location			BANC888	doi:10.1038/s41586-026-10735-w	BANC_v888 260702
VFB_00106fp0	BANC_888:720575941408445358	left side of organism	has_soma_location			BANC888	doi:10.1038/s41586-026-10735-w	BANC_v888 260702
VFB_00107bpn	BANC_888:720575941408446511	left side of organism	has_soma_location			BANC888	doi:10.1038/s41586-026-10735-w	BANC_v888 260702
VFB_00107bpo	BANC_888:720575941408446767	left side of organism	has_soma_location			BANC888	doi:10.1038/s41586-026-10735-w	BANC_v888 260702
VFB_00106fp2	BANC_888:720575941408447535	left side of organism	has_soma_location			BANC888	doi:10.1038/s41586-026-10735-w	BANC_v888 260702
VFB_00106fp3	BANC_888:720575941408451375	left side of organism	has_soma_location			BANC888	doi:10.1038/s41586-026-10735-w	BANC_v888 260702
VFB_00106fp4	BANC_888:720575941408453423	left side of organism	has_soma_location			BANC888	doi:10.1038/s41586-026-10735-w	BANC_v888 260702
VFB_00106fp5	BANC_888:720575941408453547	left side of organism	has_soma_location			BANC888	doi:10.1038/s41586-026-10735-w	BANC_v888 260702
VFB_00106fp7	BANC_888:720575941408456110	right side of organism	has_soma_location			BANC888	doi:10.1038/s41586-026-10735-w	BANC_v888 260702
VFB_00106fp8	BANC_888:720575941408457902	right side of organism	has_soma_location			BANC888	doi:10.1038/s41586-026-10735-w	BANC_v888 260702
VFB_00106fpa	BANC_888:720575941408462507	right side of organism	has_soma_location			BANC888	doi:10.1038/s41586-026-10735-w	BANC_v888 260702
VFB_00106fpb	BANC_888:720575941408463790	right side of organism	has_soma_location			BANC888	doi:10.1038/s41586-026-10735-w	BANC_v888 260702
VFB_00106fpc	BANC_888:720575941408464299	left side of organism	has_soma_location			BANC888	doi:10.1038/s41586-026-10735-w	BANC_v888 260702
VFB_00106fpd	BANC_888:720575941408471855	left side of organism	has_soma_location			BANC888	doi:10.1038/s41586-026-10735-w	BANC_v888 260702
VFB_00106fpe	BANC_888:720575941408475439	right side of organism	has_soma_location			BANC888	doi:10.1038/s41586-026-10735-w	BANC_v888 260702
VFB_00106fpf	BANC_888:720575941408480683	right side of organism	has_soma_location			BANC888	doi:10.1038/s41586-026-10735-w	BANC_v888 260702
VFB_00106fpg	BANC_888:720575941408480815	left side of organism	has_soma_location			BANC888	doi:10.1038/s41586-026-10735-w	BANC_v888 260702
VFB_00106fph	BANC_888:720575941408481195	left side of organism	has_soma_location			BANC888	doi:10.1038/s41586-026-10735-w	BANC_v888 260702
VFB_00106fpj	BANC_888:720575941408487471	right side of organism	has_soma_location			BANC888	doi:10.1038/s41586-026-10735-w	BANC_v888 260702
VFB_00107bpp	BANC_888:720575941408487598	left side of organism	has_soma_location			BANC888	doi:10.1038/s41586-026-10735-w	BANC_v888 260702
VFB_00107bpq	BANC_888:720575941408488622	left side of organism	has_soma_location			BANC888	doi:10.1038/s41586-026-10735-w	BANC_v888 260702
VFB_00106fpk	BANC_888:720575941408491438	right side of organism	has_soma_location			BANC888	doi:10.1038/s41586-026-10735-w	BANC_v888 260702
VFB_00106fpl	BANC_888:720575941408491694	right side of organism	has_soma_location			BANC888	doi:10.1038/s41586-026-10735-w	BANC_v888 260702
VFB_00106fpm	BANC_888:720575941408491823	right side of organism	has_soma_location			BANC888	doi:10.1038/s41586-026-10735-w	BANC_v888 260702
VFB_00106fpn	BANC_888:720575941408492335	left side of organism	has_soma_location			BANC888	doi:10.1038/s41586-026-10735-w	BANC_v888 260702
VFB_00107bpr	BANC_888:720575941408492591	left side of organism	has_soma_location			BANC888	doi:10.1038/s41586-026-10735-w	BANC_v888 260702
VFB_00106fpo	BANC_888:720575941408493103	left side of organism	has_soma_location			BANC888	doi:10.1038/s41586-026-10735-w	BANC_v888 260702
VFB_00106fpp	BANC_888:720575941408494251	right side of organism	has_soma_location			BANC888	doi:10.1038/s41586-026-10735-w	BANC_v888 260702
VFB_00107bps	BANC_888:720575941408495151	left side of organism	has_soma_location			BANC888	doi:10.1038/s41586-026-10735-w	BANC_v888 260702
VFB_00106fpq	BANC_888:720575941408496431	left side of organism	has_soma_location			BANC888	doi:10.1038/s41586-026-10735-w	BANC_v888 260702
VFB_00106fpr	BANC_888:720575941408499118	right side of organism	has_soma_location			BANC888	doi:10.1038/s41586-026-10735-w	BANC_v888 260702
VFB_00106fpt	BANC_888:720575941408507566	left side of organism	has_soma_location			BANC888	doi:10.1038/s41586-026-10735-w	BANC_v888 260702
VFB_00106fpv	BANC_888:720575941408508587	left side of organism	has_soma_location			BANC888	doi:10.1038/s41586-026-10735-w	BANC_v888 260702
VFB_00106fpw	BANC_888:720575941408509867	left side of organism	has_soma_location			BANC888	doi:10.1038/s41586-026-10735-w	BANC_v888 260702
VFB_00107bpt	BANC_888:720575941408510638	left side of organism	has_soma_location			BANC888	doi:10.1038/s41586-026-10735-w	BANC_v888 260702
VFB_00107bpu	BANC_888:720575941408514219	right side of organism	has_soma_location			BANC888	doi:10.1038/s41586-026-10735-w	BANC_v888 260702
VFB_00106fpx	BANC_888:720575941408514731	right side of organism	has_soma_location			BANC888	doi:10.1038/s41586-026-10735-w	BANC_v888 260702
VFB_00106fpy	BANC_888:720575941408515119	right side of organism	has_soma_location			BANC888	doi:10.1038/s41586-026-10735-w	BANC_v888 260702
VFB_00106fpz	BANC_888:720575941408515631	right side of organism	has_soma_location			BANC888	doi:10.1038/s41586-026-10735-w	BANC_v888 260702
VFB_00106fq0	BANC_888:720575941408521007	right side of organism	has_soma_location			BANC888	doi:10.1038/s41586-026-10735-w	BANC_v888 260702
VFB_00106fq1	BANC_888:720575941408525359	right side of organism	has_soma_location			BANC888	doi:10.1038/s41586-026-10735-w	BANC_v888 260702
VFB_00107bpv	BANC_888:720575941408529582	left side of organism	has_soma_location			BANC888	doi:10.1038/s41586-026-10735-w	BANC_v888 260702
VFB_00106fq2	BANC_888:720575941408530223	right side of organism	has_soma_location			BANC888	doi:10.1038/s41586-026-10735-w	BANC_v888 260702
VFB_00106fq4	BANC_888:720575941408532398	right side of organism	has_soma_location			BANC888	doi:10.1038/s41586-026-10735-w	BANC_v888 260702
VFB_00106fq5	BANC_888:720575941408534319	right side of organism	has_soma_location			BANC888	doi:10.1038/s41586-026-10735-w	BANC_v888 260702
VFB_00106fq6	BANC_888:720575941408534699	right side of organism	has_soma_location			BANC888	doi:10.1038/s41586-026-10735-w	BANC_v888 260702
VFB_00106fq7	BANC_888:720575941408534831	left side of organism	has_soma_location			BANC888	doi:10.1038/s41586-026-10735-w	BANC_v888 260702
VFB_00106fq9	BANC_888:720575941408535855	right side of organism	has_soma_location			BANC888	doi:10.1038/s41586-026-10735-w	BANC_v888 260702
VFB_00107bpw	BANC_888:720575941408537774	left side of organism	has_soma_location			BANC888	doi:10.1038/s41586-026-10735-w	BANC_v888 260702
VFB_00106fqa	BANC_888:720575941408541999	right side of organism	has_soma_location			BANC888	doi:10.1038/s41586-026-10735-w	BANC_v888 260702
VFB_00107bpx	BANC_888:720575941408543023	left side of organism	has_soma_location			BANC888	doi:10.1038/s41586-026-10735-w	BANC_v888 260702
VFB_00107bpy	BANC_888:720575941408546351	right side of organism	has_soma_location			BANC888	doi:10.1038/s41586-026-10735-w	BANC_v888 260702
VFB_00106fqc	BANC_888:720575941408549167	right side of organism	has_soma_location			BANC888	doi:10.1038/s41586-026-10735-w	BANC_v888 260702
VFB_00106fqd	BANC_888:720575941408552363	right side of organism	has_soma_location			BANC888	doi:10.1038/s41586-026-10735-w	BANC_v888 260702
VFB_00107bpz	BANC_888:720575941408562223	left side of organism	has_soma_location			BANC888	doi:10.1038/s41586-026-10735-w	BANC_v888 260702
VFB_00106fqe	BANC_888:720575941408567726	right side of organism	has_soma_location			BANC888	doi:10.1038/s41586-026-10735-w	BANC_v888 260702
VFB_00107bq0	BANC_888:720575941408571951	left side of organism	has_soma_location			BANC888	doi:10.1038/s41586-026-10735-w	BANC_v888 260702
VFB_00106fqh	BANC_888:720575941408573099	right side of organism	has_soma_location			BANC888	doi:10.1038/s41586-026-10735-w	BANC_v888 260702
VFB_00107bq1	BANC_888:720575941408573614	right side of organism	has_soma_location			BANC888	doi:10.1038/s41586-026-10735-w	BANC_v888 260702
VFB_00107bq2	BANC_888:720575941408573999	left side of organism	has_soma_location			BANC888	doi:10.1038/s41586-026-10735-w	BANC_v888 260702
VFB_00106fqi	BANC_888:720575941408576171	right side of organism	has_soma_location			BANC888	doi:10.1038/s41586-026-10735-w	BANC_v888 260702
VFB_00106fql	BANC_888:720575941408578478	right side of organism	has_soma_location			BANC888	doi:10.1038/s41586-026-10735-w	BANC_v888 260702
VFB_00106fqm	BANC_888:720575941408580526	left side of organism	has_soma_location			BANC888	doi:10.1038/s41586-026-10735-w	BANC_v888 260702
VFB_00107bq3	BANC_888:720575941408581547	right side of organism	has_soma_location			BANC888	doi:10.1038/s41586-026-10735-w	BANC_v888 260702
VFB_00107bq4	BANC_888:720575941408581679	left side of organism	has_soma_location			BANC888	doi:10.1038/s41586-026-10735-w	BANC_v888 260702
VFB_00106fqn	BANC_888:720575941408582574	right side of organism	has_soma_location			BANC888	doi:10.1038/s41586-026-10735-w	BANC_v888 260702
VFB_00106fqo	BANC_888:720575941408583342	right side of organism	has_soma_location			BANC888	doi:10.1038/s41586-026-10735-w	BANC_v888 260702
VFB_00106fqp	BANC_888:720575941408586923	right side of organism	has_soma_location			BANC888	doi:10.1038/s41586-026-10735-w	BANC_v888 260702
VFB_00106fqq	BANC_888:720575941408587435	right side of organism	has_soma_location			BANC888	doi:10.1038/s41586-026-10735-w	BANC_v888 260702
VFB_00106fqr	BANC_888:720575941408588203	right side of organism	has_soma_location			BANC888	doi:10.1038/s41586-026-10735-w	BANC_v888 260702
VFB_00107bq5	BANC_888:720575941408590254	left side of organism	has_soma_location			BANC888	doi:10.1038/s41586-026-10735-w	BANC_v888 260702
VFB_00107bq6	BANC_888:720575941408595118	left side of organism	has_soma_location			BANC888	doi:10.1038/s41586-026-10735-w	BANC_v888 260702
VFB_00107bq7	BANC_888:720575941408599343	right side of organism	has_soma_location			BANC888	doi:10.1038/s41586-026-10735-w	BANC_v888 260702
VFB_00107bq8	BANC_888:720575941408599855	left side of organism	has_soma_location			BANC888	doi:10.1038/s41586-026-10735-w	BANC_v888 260702
VFB_00107bq9	BANC_888:720575941408604078	right side of organism	has_soma_location			BANC888	doi:10.1038/s41586-026-10735-w	BANC_v888 260702
VFB_00107bqa	BANC_888:720575941408605102	right side of organism	has_soma_location			BANC888	doi:10.1038/s41586-026-10735-w	BANC_v888 260702
VFB_00106fqs	BANC_888:720575941408606638	right side of organism	has_soma_location			BANC888	doi:10.1038/s41586-026-10735-w	BANC_v888 260702
VFB_00106fqt	BANC_888:720575941408610863	right side of organism	has_soma_location			BANC888	doi:10.1038/s41586-026-10735-w	BANC_v888 260702
VFB_00106fqu	BANC_888:720575941408613294	right side of organism	has_soma_location			BANC888	doi:10.1038/s41586-026-10735-w	BANC_v888 260702
VFB_00106fqw	BANC_888:720575941408617519	left side of organism	has_soma_location			BANC888	doi:10.1038/s41586-026-10735-w	BANC_v888 260702
VFB_00106fqx	BANC_888:720575941408617902	right side of organism	has_soma_location			BANC888	doi:10.1038/s41586-026-10735-w	BANC_v888 260702
VFB_00106fqy	BANC_888:720575941408624175	right side of organism	has_soma_location			BANC888	doi:10.1038/s41586-026-10735-w	BANC_v888 260702
VFB_00107bqb	BANC_888:720575941408628910	right side of organism	has_soma_location			BANC888	doi:10.1038/s41586-026-10735-w	BANC_v888 260702
VFB_00106fqz	BANC_888:720575941408633006	left side of organism	has_soma_location			BANC888	doi:10.1038/s41586-026-10735-w	BANC_v888 260702
VFB_00106fr0	BANC_888:720575941408634671	right side of organism	has_soma_location			BANC888	doi:10.1038/s41586-026-10735-w	BANC_v888 260702
VFB_00106fr1	BANC_888:720575941408635310	left side of organism	has_soma_location			BANC888	doi:10.1038/s41586-026-10735-w	BANC_v888 260702
VFB_00106fr2	BANC_888:720575941408639535	right side of organism	has_soma_location			BANC888	doi:10.1038/s41586-026-10735-w	BANC_v888 260702
VFB_00107bqc	BANC_888:720575941408646447	right side of organism	has_soma_location			BANC888	doi:10.1038/s41586-026-10735-w	BANC_v888 260702
VFB_00106fr4	BANC_888:720575941408653486	left side of organism	has_soma_location			BANC888	doi:10.1038/s41586-026-10735-w	BANC_v888 260702
VFB_00106fr5	BANC_888:720575941408654383	left side of organism	has_soma_location			BANC888	doi:10.1038/s41586-026-10735-w	BANC_v888 260702
VFB_00106fr8	BANC_888:720575941408662958	left side of organism	has_soma_location			BANC888	doi:10.1038/s41586-026-10735-w	BANC_v888 260702
VFB_00106frb	BANC_888:720575941408668078	left side of organism	has_soma_location			BANC888	doi:10.1038/s41586-026-10735-w	BANC_v888 260702
VFB_00107bqd	BANC_888:720575941408670894	left side of organism	has_soma_location			BANC888	doi:10.1038/s41586-026-10735-w	BANC_v888 260702
VFB_00106frc	BANC_888:720575941408671279	right side of organism	has_soma_location			BANC888	doi:10.1038/s41586-026-10735-w	BANC_v888 260702
VFB_00106frd	BANC_888:720575941408671791	right side of organism	has_soma_location			BANC888	doi:10.1038/s41586-026-10735-w	BANC_v888 260702
VFB_00106fre	BANC_888:720575941408674990	left side of organism	has_soma_location			BANC888	doi:10.1038/s41586-026-10735-w	BANC_v888 260702
VFB_00106frf	BANC_888:720575941408677035	left side of organism	has_soma_location			BANC888	doi:10.1038/s41586-026-10735-w	BANC_v888 260702
VFB_00106frg	BANC_888:720575941408677679	left side of organism	has_soma_location			BANC888	doi:10.1038/s41586-026-10735-w	BANC_v888 260702
VFB_00106fri	BANC_888:720575941408680110	left side of organism	has_soma_location			BANC888	doi:10.1038/s41586-026-10735-w	BANC_v888 260702
VFB_00106frj	BANC_888:720575941408682799	right side of organism	has_soma_location			BANC888	doi:10.1038/s41586-026-10735-w	BANC_v888 260702
VFB_00106frk	BANC_888:720575941408683950	right side of organism	has_soma_location			BANC888	doi:10.1038/s41586-026-10735-w	BANC_v888 260702
VFB_00107bqe	BANC_888:720575941408686766	right side of organism	has_soma_location			BANC888	doi:10.1038/s41586-026-10735-w	BANC_v888 260702
VFB_00106frl	BANC_888:720575941408690094	right side of organism	has_soma_location			BANC888	doi:10.1038/s41586-026-10735-w	BANC_v888 260702
VFB_00106frn	BANC_888:720575941408690991	right side of organism	has_soma_location			BANC888	doi:10.1038/s41586-026-10735-w	BANC_v888 260702
VFB_00107bqf	BANC_888:720575941408691115	left side of organism	has_soma_location			BANC888	doi:10.1038/s41586-026-10735-w	BANC_v888 260702
VFB_00106fro	BANC_888:720575941408694831	right side of organism	has_soma_location			BANC888	doi:10.1038/s41586-026-10735-w	BANC_v888 260702
VFB_00107bqg	BANC_888:720575941408695343	left side of organism	has_soma_location			BANC888	doi:10.1038/s41586-026-10735-w	BANC_v888 260702
VFB_00106frr	BANC_888:720575941408698798	left side of organism	has_soma_location			BANC888	doi:10.1038/s41586-026-10735-w	BANC_v888 260702
VFB_00106frs	BANC_888:720575941408699951	left side of organism	has_soma_location			BANC888	doi:10.1038/s41586-026-10735-w	BANC_v888 260702
VFB_00106frt	BANC_888:720575941408700846	left side of organism	has_soma_location			BANC888	doi:10.1038/s41586-026-10735-w	BANC_v888 260702
VFB_00106frw	BANC_888:720575941408703023	right side of organism	has_soma_location			BANC888	doi:10.1038/s41586-026-10735-w	BANC_v888 260702
VFB_00107bqh	BANC_888:720575941408709550	left side of organism	has_soma_location			BANC888	doi:10.1038/s41586-026-10735-w	BANC_v888 260702
VFB_00107bqi	BANC_888:720575941408711342	right side of organism	has_soma_location			BANC888	doi:10.1038/s41586-026-10735-w	BANC_v888 260702
VFB_00107bqj	BANC_888:720575941408742318	left side of organism	has_soma_location			BANC888	doi:10.1038/s41586-026-10735-w	BANC_v888 260702
VFB_00107bqk	BANC_888:720575941408745902	left side of organism	has_soma_location			BANC888	doi:10.1038/s41586-026-10735-w	BANC_v888 260702
VFB_00107bql	BANC_888:720575941408746414	left side of organism	has_soma_location			BANC888	doi:10.1038/s41586-026-10735-w	BANC_v888 260702
VFB_00106fry	BANC_888:720575941408747055	left side of organism	has_soma_location			BANC888	doi:10.1038/s41586-026-10735-w	BANC_v888 260702
VFB_00107bqm	BANC_888:720575941408751919	right side of organism	has_soma_location			BANC888	doi:10.1038/s41586-026-10735-w	BANC_v888 260702
VFB_00107bqn	BANC_888:720575941408752431	right side of organism	has_soma_location			BANC888	doi:10.1038/s41586-026-10735-w	BANC_v888 260702
VFB_00106fs0	BANC_888:720575941408754350	left side of organism	has_soma_location			BANC888	doi:10.1038/s41586-026-10735-w	BANC_v888 260702
VFB_00106fs1	BANC_888:720575941408758443	right side of organism	has_soma_location			BANC888	doi:10.1038/s41586-026-10735-w	BANC_v888 260702
VFB_00107bqo	BANC_888:720575941408758446	left side of organism	has_soma_location			BANC888	doi:10.1038/s41586-026-10735-w	BANC_v888 260702
VFB_00106fs2	BANC_888:720575941408758955	right side of organism	has_soma_location			BANC888	doi:10.1038/s41586-026-10735-w	BANC_v888 260702
VFB_00107bqp	BANC_888:720575941408767150	left side of organism	has_soma_location			BANC888	doi:10.1038/s41586-026-10735-w	BANC_v888 260702
VFB_00106fs5	BANC_888:720575941408776239	right side of organism	has_soma_location			BANC888	doi:10.1038/s41586-026-10735-w	BANC_v888 260702
VFB_00106fs6	BANC_888:720575941408776878	right side of organism	has_soma_location			BANC888	doi:10.1038/s41586-026-10735-w	BANC_v888 260702
VFB_00107bqq	BANC_888:720575941408777519	right side of organism	has_soma_location			BANC888	doi:10.1038/s41586-026-10735-w	BANC_v888 260702
VFB_00106fs7	BANC_888:720575941408784299	right side of organism	has_soma_location			BANC888	doi:10.1038/s41586-026-10735-w	BANC_v888 260702
VFB_00106fs8	BANC_888:720575941408785455	right side of organism	has_soma_location			BANC888	doi:10.1038/s41586-026-10735-w	BANC_v888 260702
VFB_00107bqr	BANC_888:720575941408788654	right side of organism	has_soma_location			BANC888	doi:10.1038/s41586-026-10735-w	BANC_v888 260702
VFB_00107bqs	BANC_888:720575941408789039	right side of organism	has_soma_location			BANC888	doi:10.1038/s41586-026-10735-w	BANC_v888 260702
VFB_00107bqt	BANC_888:720575941408790702	left side of organism	has_soma_location			BANC888	doi:10.1038/s41586-026-10735-w	BANC_v888 260702
VFB_00106fsa	BANC_888:720575941408791855	right side of organism	has_soma_location			BANC888	doi:10.1038/s41586-026-10735-w	BANC_v888 260702
VFB_00106fsb	BANC_888:720575941408793135	right side of organism	has_soma_location			BANC888	doi:10.1038/s41586-026-10735-w	BANC_v888 260702
VFB_00107bqu	BANC_888:720575941408794030	left side of organism	has_soma_location			BANC888	doi:10.1038/s41586-026-10735-w	BANC_v888 260702
VFB_00107bqv	BANC_888:720575941408795951	right side of organism	has_soma_location			BANC888	doi:10.1038/s41586-026-10735-w	BANC_v888 260702
VFB_00106fsc	BANC_888:720575941408796975	left side of organism	has_soma_location			BANC888	doi:10.1038/s41586-026-10735-w	BANC_v888 260702
VFB_00106fsd	BANC_888:720575941408797487	right side of organism	has_soma_location			BANC888	doi:10.1038/s41586-026-10735-w	BANC_v888 260702
VFB_00106fse	BANC_888:720575941408800047	right side of organism	has_soma_location			BANC888	doi:10.1038/s41586-026-10735-w	BANC_v888 260702
VFB_00107bqw	BANC_888:720575941408802222	left side of organism	has_soma_location			BANC888	doi:10.1038/s41586-026-10735-w	BANC_v888 260702
VFB_00106fsf	BANC_888:720575941408806191	left side of organism	has_soma_location			BANC888	doi:10.1038/s41586-026-10735-w	BANC_v888 260702
VFB_00107bqx	BANC_888:720575941408809390	left side of organism	has_soma_location			BANC888	doi:10.1038/s41586-026-10735-w	BANC_v888 260702
VFB_00107bqy	BANC_888:720575941408810158	left side of organism	has_soma_location			BANC888	doi:10.1038/s41586-026-10735-w	BANC_v888 260702
VFB_00107bqz	BANC_888:720575941408812462	left side of organism	has_soma_location			BANC888	doi:10.1038/s41586-026-10735-w	BANC_v888 260702
VFB_00107br0	BANC_888:720575941408812974	left side of organism	has_soma_location			BANC888	doi:10.1038/s41586-026-10735-w	BANC_v888 260702
VFB_00106fsi	BANC_888:720575941408815407	left side of organism	has_soma_location			BANC888	doi:10.1038/s41586-026-10735-w	BANC_v888 260702
VFB_00106fsj	BANC_888:720575941408819247	left side of organism	has_soma_location			BANC888	doi:10.1038/s41586-026-10735-w	BANC_v888 260702
VFB_00106fsk	BANC_888:720575941408820271	left side of organism	has_soma_location			BANC888	doi:10.1038/s41586-026-10735-w	BANC_v888 260702
VFB_00106fsm	BANC_888:720575941408827695	right side of organism	has_soma_location			BANC888	doi:10.1038/s41586-026-10735-w	BANC_v888 260702
VFB_00106fsn	BANC_888:720575941408828719	right side of organism	has_soma_location			BANC888	doi:10.1038/s41586-026-10735-w	BANC_v888 260702
VFB_00106fso	BANC_888:720575941408829743	left side of organism	has_soma_location			BANC888	doi:10.1038/s41586-026-10735-w	BANC_v888 260702
VFB_00107br1	BANC_888:720575941408830511	left side of organism	has_soma_location			BANC888	doi:10.1038/s41586-026-10735-w	BANC_v888 260702
VFB_00107br2	BANC_888:720575941408833839	right side of organism	has_soma_location			BANC888	doi:10.1038/s41586-026-10735-w	BANC_v888 260702
VFB_00106fsp	BANC_888:720575941408834351	left side of organism	has_soma_location			BANC888	doi:10.1038/s41586-026-10735-w	BANC_v888 260702
VFB_00107br3	BANC_888:720575941408836911	left side of organism	has_soma_location			BANC888	doi:10.1038/s41586-026-10735-w	BANC_v888 260702
VFB_00107br4	BANC_888:720575941408843438	right side of organism	has_soma_location			BANC888	doi:10.1038/s41586-026-10735-w	BANC_v888 260702
VFB_00106fsr	BANC_888:720575941408845871	right side of organism	has_soma_location			BANC888	doi:10.1038/s41586-026-10735-w	BANC_v888 260702
VFB_00107br5	BANC_888:720575941408848431	left side of organism	has_soma_location			BANC888	doi:10.1038/s41586-026-10735-w	BANC_v888 260702
VFB_00106fst	BANC_888:720575941408850479	right side of organism	has_soma_location			BANC888	doi:10.1038/s41586-026-10735-w	BANC_v888 260702
VFB_00107br6	BANC_888:720575941408851503	right side of organism	has_soma_location			BANC888	doi:10.1038/s41586-026-10735-w	BANC_v888 260702
VFB_00106fsu	BANC_888:720575941408854575	left side of organism	has_soma_location			BANC888	doi:10.1038/s41586-026-10735-w	BANC_v888 260702
VFB_00106fsv	BANC_888:720575941408856879	right side of organism	has_soma_location			BANC888	doi:10.1038/s41586-026-10735-w	BANC_v888 260702
VFB_00106fsw	BANC_888:720575941408860463	right side of organism	has_soma_location			BANC888	doi:10.1038/s41586-026-10735-w	BANC_v888 260702
VFB_00106fsz	BANC_888:720575941408864430	left side of organism	has_soma_location			BANC888	doi:10.1038/s41586-026-10735-w	BANC_v888 260702
VFB_00107br7	BANC_888:720575941408864686	left side of organism	has_soma_location			BANC888	doi:10.1038/s41586-026-10735-w	BANC_v888 260702
VFB_00106ft1	BANC_888:720575941408868911	left side of organism	has_soma_location			BANC888	doi:10.1038/s41586-026-10735-w	BANC_v888 260702
VFB_00106ft2	BANC_888:720575941408870827	left side of organism	has_soma_location			BANC888	doi:10.1038/s41586-026-10735-w	BANC_v888 260702
VFB_00106ft3	BANC_888:720575941408872495	left side of organism	has_soma_location			BANC888	doi:10.1038/s41586-026-10735-w	BANC_v888 260702
VFB_00106ft4	BANC_888:720575941408873519	left side of organism	has_soma_location			BANC888	doi:10.1038/s41586-026-10735-w	BANC_v888 260702
VFB_00106ft5	BANC_888:720575941408874287	left side of organism	has_soma_location			BANC888	doi:10.1038/s41586-026-10735-w	BANC_v888 260702
VFB_00107br8	BANC_888:720575941408879790	left side of organism	has_soma_location			BANC888	doi:10.1038/s41586-026-10735-w	BANC_v888 260702
VFB_00107br9	BANC_888:720575941408883371	left side of organism	has_soma_location			BANC888	doi:10.1038/s41586-026-10735-w	BANC_v888 260702
VFB_00106ft7	BANC_888:720575941408887470	left side of organism	has_soma_location			BANC888	doi:10.1038/s41586-026-10735-w	BANC_v888 260702
VFB_00107bra	BANC_888:720575941408900270	left side of organism	has_soma_location			BANC888	doi:10.1038/s41586-026-10735-w	BANC_v888 260702
VFB_00107brb	BANC_888:720575941408923439	left side of organism	has_soma_location			BANC888	doi:10.1038/s41586-026-10735-w	BANC_v888 260702
VFB_00107brc	BANC_888:720575941408928430	left side of organism	has_soma_location			BANC888	doi:10.1038/s41586-026-10735-w	BANC_v888 260702
VFB_00107brd	BANC_888:720575941408930478	left side of organism	has_soma_location			BANC888	doi:10.1038/s41586-026-10735-w	BANC_v888 260702
VFB_00107bre	BANC_888:720575941408930863	left side of organism	has_soma_location			BANC888	doi:10.1038/s41586-026-10735-w	BANC_v888 260702
VFB_00107brf	BANC_888:720575941408934447	left side of organism	has_soma_location			BANC888	doi:10.1038/s41586-026-10735-w	BANC_v888 260702
VFB_00107brg	BANC_888:720575941408935727	left side of organism	has_soma_location			BANC888	doi:10.1038/s41586-026-10735-w	BANC_v888 260702
VFB_00107brh	BANC_888:720575941408938287	left side of organism	has_soma_location			BANC888	doi:10.1038/s41586-026-10735-w	BANC_v888 260702
VFB_00106ftc	BANC_888:720575941408940847	left side of organism	has_soma_location			BANC888	doi:10.1038/s41586-026-10735-w	BANC_v888 260702
VFB_00107bri	BANC_888:720575941408941103	left side of organism	has_soma_location			BANC888	doi:10.1038/s41586-026-10735-w	BANC_v888 260702
VFB_00106ftf	BANC_888:720575941408961451	left side of organism	has_soma_location			BANC888	doi:10.1038/s41586-026-10735-w	BANC_v888 260702
VFB_00106ftg	BANC_888:720575941408963243	left side of organism	has_soma_location			BANC888	doi:10.1038/s41586-026-10735-w	BANC_v888 260702
VFB_00107brj	BANC_888:720575941408963758	left side of organism	has_soma_location			BANC888	doi:10.1038/s41586-026-10735-w	BANC_v888 260702
VFB_00107brk	BANC_888:720575941408964399	right side of organism	has_soma_location			BANC888	doi:10.1038/s41586-026-10735-w	BANC_v888 260702
VFB_00107brl	BANC_888:720575941408966191	left side of organism	has_soma_location			BANC888	doi:10.1038/s41586-026-10735-w	BANC_v888 260702
VFB_00106ftj	BANC_888:720575941408994351	left side of organism	has_soma_location			BANC888	doi:10.1038/s41586-026-10735-w	BANC_v888 260702
VFB_00107brm	BANC_888:720575941408995758	left side of organism	has_soma_location			BANC888	doi:10.1038/s41586-026-10735-w	BANC_v888 260702
VFB_00106ftk	BANC_888:720575941408996526	left side of organism	has_soma_location			BANC888	doi:10.1038/s41586-026-10735-w	BANC_v888 260702
VFB_00106ftl	BANC_888:720575941408997806	right side of organism	has_soma_location			BANC888	doi:10.1038/s41586-026-10735-w	BANC_v888 260702
VFB_00107brn	BANC_888:720575941409004462	left side of organism	has_soma_location			BANC888	doi:10.1038/s41586-026-10735-w	BANC_v888 260702
VFB_00107bro	BANC_888:720575941409005230	left side of organism	has_soma_location			BANC888	doi:10.1038/s41586-026-10735-w	BANC_v888 260702
VFB_00106ftn	BANC_888:720575941409016235	right side of organism	has_soma_location			BANC888	doi:10.1038/s41586-026-10735-w	BANC_v888 260702
VFB_00107brp	BANC_888:720575941409023662	left side of organism	has_soma_location			BANC888	doi:10.1038/s41586-026-10735-w	BANC_v888 260702
VFB_00107brq	BANC_888:720575941409028270	left side of organism	has_soma_location			BANC888	doi:10.1038/s41586-026-10735-w	BANC_v888 260702
VFB_00106ftp	BANC_888:720575941409031595	right side of organism	has_soma_location			BANC888	doi:10.1038/s41586-026-10735-w	BANC_v888 260702
VFB_00107brr	BANC_888:720575941409032619	left side of organism	has_soma_location			BANC888	doi:10.1038/s41586-026-10735-w	BANC_v888 260702
VFB_00107brs	BANC_888:720575941409034158	left side of organism	has_soma_location			BANC888	doi:10.1038/s41586-026-10735-w	BANC_v888 260702
VFB_00106ftq	BANC_888:720575941409034670	left side of organism	has_soma_location			BANC888	doi:10.1038/s41586-026-10735-w	BANC_v888 260702
VFB_00106ftr	BANC_888:720575941409035691	left side of organism	has_soma_location			BANC888	doi:10.1038/s41586-026-10735-w	BANC_v888 260702
VFB_00106fts	BANC_888:720575941409039022	left side of organism	has_soma_location			BANC888	doi:10.1038/s41586-026-10735-w	BANC_v888 260702
VFB_00107brt	BANC_888:720575941409041199	left side of organism	has_soma_location			BANC888	doi:10.1038/s41586-026-10735-w	BANC_v888 260702
VFB_00106ftt	BANC_888:720575941409041835	left side of organism	has_soma_location			BANC888	doi:10.1038/s41586-026-10735-w	BANC_v888 260702
VFB_00106ftu	BANC_888:720575941409042603	left side of organism	has_soma_location			BANC888	doi:10.1038/s41586-026-10735-w	BANC_v888 260702
VFB_00106ftv	BANC_888:720575941409043627	right side of organism	has_soma_location			BANC888	doi:10.1038/s41586-026-10735-w	BANC_v888 260702
VFB_00106ftw	BANC_888:720575941409044907	left side of organism	has_soma_location			BANC888	doi:10.1038/s41586-026-10735-w	BANC_v888 260702
VFB_00106ftx	BANC_888:720575941409048235	right side of organism	has_soma_location			BANC888	doi:10.1038/s41586-026-10735-w	BANC_v888 260702
VFB_00107bru	BANC_888:720575941409049135	right side of organism	has_soma_location			BANC888	doi:10.1038/s41586-026-10735-w	BANC_v888 260702
VFB_00107brv	BANC_888:720575941409049262	left side of organism	has_soma_location			BANC888	doi:10.1038/s41586-026-10735-w	BANC_v888 260702
VFB_00106fty	BANC_888:720575941409050795	left side of organism	has_soma_location			BANC888	doi:10.1038/s41586-026-10735-w	BANC_v888 260702
VFB_00107brw	BANC_888:720575941409059502	left side of organism	has_soma_location			BANC888	doi:10.1038/s41586-026-10735-w	BANC_v888 260702
VFB_00107brx	BANC_888:720575941409061806	left side of organism	has_soma_location			BANC888	doi:10.1038/s41586-026-10735-w	BANC_v888 260702
VFB_00106fu0	BANC_888:720575941409063595	right side of organism	has_soma_location			BANC888	doi:10.1038/s41586-026-10735-w	BANC_v888 260702
VFB_00107bry	BANC_888:720575941409065775	left side of organism	has_soma_location			BANC888	doi:10.1038/s41586-026-10735-w	BANC_v888 260702
VFB_00107brz	BANC_888:720575941409067055	left side of organism	has_soma_location			BANC888	doi:10.1038/s41586-026-10735-w	BANC_v888 260702
VFB_00107bs0	BANC_888:720575941409067179	left side of organism	has_soma_location			BANC888	doi:10.1038/s41586-026-10735-w	BANC_v888 260702
VFB_00107bs1	BANC_888:720575941409071022	left side of organism	has_soma_location			BANC888	doi:10.1038/s41586-026-10735-w	BANC_v888 260702
VFB_00107bs2	BANC_888:720575941409073838	left side of organism	has_soma_location			BANC888	doi:10.1038/s41586-026-10735-w	BANC_v888 260702
VFB_00107bs3	BANC_888:720575941409078190	left side of organism	has_soma_location			BANC888	doi:10.1038/s41586-026-10735-w	BANC_v888 260702
VFB_00106fu1	BANC_888:720575941409079723	left side of organism	has_soma_location			BANC888	doi:10.1038/s41586-026-10735-w	BANC_v888 260702
VFB_00107bs4	BANC_888:720575941409080879	left side of organism	has_soma_location			BANC888	doi:10.1038/s41586-026-10735-w	BANC_v888 260702
VFB_00107bs5	BANC_888:720575941409082159	left side of organism	has_soma_location			BANC888	doi:10.1038/s41586-026-10735-w	BANC_v888 260702
VFB_00107bs6	BANC_888:720575941409084207	left side of organism	has_soma_location			BANC888	doi:10.1038/s41586-026-10735-w	BANC_v888 260702
VFB_00107bs7	BANC_888:720575941409084975	left side of organism	has_soma_location			BANC888	doi:10.1038/s41586-026-10735-w	BANC_v888 260702
VFB_00107bs8	BANC_888:720575941409085614	left side of organism	has_soma_location			BANC888	doi:10.1038/s41586-026-10735-w	BANC_v888 260702
VFB_00107bs9	BANC_888:720575941409098670	left side of organism	has_soma_location			BANC888	doi:10.1038/s41586-026-10735-w	BANC_v888 260702
VFB_00107bsa	BANC_888:720575941409099438	left side of organism	has_soma_location			BANC888	doi:10.1038/s41586-026-10735-w	BANC_v888 260702
VFB_00107bsb	BANC_888:720575941409101486	left side of organism	has_soma_location			BANC888	doi:10.1038/s41586-026-10735-w	BANC_v888 260702
VFB_00106fu2	BANC_888:720575941409103407	left side of organism	has_soma_location			BANC888	doi:10.1038/s41586-026-10735-w	BANC_v888 260702
VFB_00106fu3	BANC_888:720575941409103663	left side of organism	has_soma_location			BANC888	doi:10.1038/s41586-026-10735-w	BANC_v888 260702
VFB_00107bsc	BANC_888:720575941409104943	left side of organism	has_soma_location			BANC888	doi:10.1038/s41586-026-10735-w	BANC_v888 260702
VFB_00107bsd	BANC_888:720575941409107374	left side of organism	has_soma_location			BANC888	doi:10.1038/s41586-026-10735-w	BANC_v888 260702
VFB_00107bse	BANC_888:720575941409108271	left side of organism	has_soma_location			BANC888	doi:10.1038/s41586-026-10735-w	BANC_v888 260702
VFB_00107bsf	BANC_888:720575941409116207	left side of organism	has_soma_location			BANC888	doi:10.1038/s41586-026-10735-w	BANC_v888 260702
VFB_00106fu6	BANC_888:720575941409118123	left side of organism	has_soma_location			BANC888	doi:10.1038/s41586-026-10735-w	BANC_v888 260702
VFB_00107bsg	BANC_888:720575941409138606	left side of organism	has_soma_location			BANC888	doi:10.1038/s41586-026-10735-w	BANC_v888 260702
VFB_00107bsh	BANC_888:720575941409138735	left side of organism	has_soma_location			BANC888	doi:10.1038/s41586-026-10735-w	BANC_v888 260702
VFB_00107bsi	BANC_888:720575941409138859	left side of organism	has_soma_location			BANC888	doi:10.1038/s41586-026-10735-w	BANC_v888 260702
VFB_00107bsj	BANC_888:720575941409138862	left side of organism	has_soma_location			BANC888	doi:10.1038/s41586-026-10735-w	BANC_v888 260702
VFB_00106fu7	BANC_888:720575941409142699	right side of organism	has_soma_location			BANC888	doi:10.1038/s41586-026-10735-w	BANC_v888 260702
VFB_00106fu8	BANC_888:720575941409146159	left side of organism	has_soma_location			BANC888	doi:10.1038/s41586-026-10735-w	BANC_v888 260702
VFB_00106fu9	BANC_888:720575941409147439	right side of organism	has_soma_location			BANC888	doi:10.1038/s41586-026-10735-w	BANC_v888 260702
VFB_00107bsk	BANC_888:720575941409149487	left side of organism	has_soma_location			BANC888	doi:10.1038/s41586-026-10735-w	BANC_v888 260702
VFB_00106fub	BANC_888:720575941409153451	left side of organism	has_soma_location			BANC888	doi:10.1038/s41586-026-10735-w	BANC_v888 260702
VFB_00106fud	BANC_888:720575941409157291	right side of organism	has_soma_location			BANC888	doi:10.1038/s41586-026-10735-w	BANC_v888 260702
VFB_00106fue	BANC_888:720575941409161131	right side of organism	has_soma_location			BANC888	doi:10.1038/s41586-026-10735-w	BANC_v888 260702
VFB_00106fuf	BANC_888:720575941409161643	right side of organism	has_soma_location			BANC888	doi:10.1038/s41586-026-10735-w	BANC_v888 260702
VFB_00106fug	BANC_888:720575941409163691	left side of organism	has_soma_location			BANC888	doi:10.1038/s41586-026-10735-w	BANC_v888 260702
VFB_00107bsl	BANC_888:720575941409165103	left side of organism	has_soma_location			BANC888	doi:10.1038/s41586-026-10735-w	BANC_v888 260702
VFB_00107bsm	BANC_888:720575941409173166	left side of organism	has_soma_location			BANC888	doi:10.1038/s41586-026-10735-w	BANC_v888 260702
VFB_00107bsn	BANC_888:720575941409182894	left side of organism	has_soma_location			BANC888	doi:10.1038/s41586-026-10735-w	BANC_v888 260702
VFB_00107bso	BANC_888:720575941409184559	left side of organism	has_soma_location			BANC888	doi:10.1038/s41586-026-10735-w	BANC_v888 260702
VFB_00107bsp	BANC_888:720575941409186219	right side of organism	has_soma_location			BANC888	doi:10.1038/s41586-026-10735-w	BANC_v888 260702
VFB_00107bsq	BANC_888:720575941409189291	right side of organism	has_soma_location			BANC888	doi:10.1038/s41586-026-10735-w	BANC_v888 260702
VFB_00106fui	BANC_888:720575941409196459	right side of organism	has_soma_location			BANC888	doi:10.1038/s41586-026-10735-w	BANC_v888 260702
VFB_00106fuj	BANC_888:720575941409196715	right side of organism	has_soma_location			BANC888	doi:10.1038/s41586-026-10735-w	BANC_v888 260702
VFB_00106fuk	BANC_888:720575941409197998	left side of organism	has_soma_location			BANC888	doi:10.1038/s41586-026-10735-w	BANC_v888 260702
VFB_00106ful	BANC_888:720575941409198254	right side of organism	has_soma_location			BANC888	doi:10.1038/s41586-026-10735-w	BANC_v888 260702
VFB_00106fum	BANC_888:720575941409200043	right side of organism	has_soma_location			BANC888	doi:10.1038/s41586-026-10735-w	BANC_v888 260702
VFB_00106fun	BANC_888:720575941409200175	left side of organism	has_soma_location			BANC888	doi:10.1038/s41586-026-10735-w	BANC_v888 260702
VFB_00107bsr	BANC_888:720575941409201323	right side of organism	has_soma_location			BANC888	doi:10.1038/s41586-026-10735-w	BANC_v888 260702
VFB_00106fuo	BANC_888:720575941409201579	right side of organism	has_soma_location			BANC888	doi:10.1038/s41586-026-10735-w	BANC_v888 260702
VFB_00107bss	BANC_888:720575941409211695	right side of organism	has_soma_location			BANC888	doi:10.1038/s41586-026-10735-w	BANC_v888 260702
VFB_00107bst	BANC_888:720575941409212334	right side of organism	has_soma_location			BANC888	doi:10.1038/s41586-026-10735-w	BANC_v888 260702
VFB_00106fuq	BANC_888:720575941409214123	right side of organism	has_soma_location			BANC888	doi:10.1038/s41586-026-10735-w	BANC_v888 260702
VFB_00106fus	BANC_888:720575941409215791	right side of organism	has_soma_location			BANC888	doi:10.1038/s41586-026-10735-w	BANC_v888 260702
VFB_00106fut	BANC_888:720575941409217327	right side of organism	has_soma_location			BANC888	doi:10.1038/s41586-026-10735-w	BANC_v888 260702
VFB_00107bsu	BANC_888:720575941409223471	right side of organism	has_soma_location			BANC888	doi:10.1038/s41586-026-10735-w	BANC_v888 260702
VFB_00106fuu	BANC_888:720575941409225902	right side of organism	has_soma_location			BANC888	doi:10.1038/s41586-026-10735-w	BANC_v888 260702
VFB_00106fuv	BANC_888:720575941409226158	right side of organism	has_soma_location			BANC888	doi:10.1038/s41586-026-10735-w	BANC_v888 260702
VFB_00106fuw	BANC_888:720575941409240367	left side of organism	has_soma_location			BANC888	doi:10.1038/s41586-026-10735-w	BANC_v888 260702
VFB_00107bsv	BANC_888:720575941409250863	right side of organism	has_soma_location			BANC888	doi:10.1038/s41586-026-10735-w	BANC_v888 260702
VFB_00107bsw	BANC_888:720575941409252782	right side of organism	has_soma_location			BANC888	doi:10.1038/s41586-026-10735-w	BANC_v888 260702
VFB_00107bsx	BANC_888:720575941409253679	right side of organism	has_soma_location			BANC888	doi:10.1038/s41586-026-10735-w	BANC_v888 260702
VFB_00107bsy	BANC_888:720575941409262895	right side of organism	has_soma_location			BANC888	doi:10.1038/s41586-026-10735-w	BANC_v888 260702
VFB_00107bsz	BANC_888:720575941409265838	right side of organism	has_soma_location			BANC888	doi:10.1038/s41586-026-10735-w	BANC_v888 260702
VFB_00107bt0	BANC_888:720575941409266991	right side of organism	has_soma_location			BANC888	doi:10.1038/s41586-026-10735-w	BANC_v888 260702
VFB_00107bt1	BANC_888:720575941409270831	right side of organism	has_soma_location			BANC888	doi:10.1038/s41586-026-10735-w	BANC_v888 260702
VFB_00106fuy	BANC_888:720575941409280683	right side of organism	has_soma_location			BANC888	doi:10.1038/s41586-026-10735-w	BANC_v888 260702
VFB_00107bt2	BANC_888:720575941409283246	right side of organism	has_soma_location			BANC888	doi:10.1038/s41586-026-10735-w	BANC_v888 260702
VFB_00107bt3	BANC_888:720575941409285038	right side of organism	has_soma_location			BANC888	doi:10.1038/s41586-026-10735-w	BANC_v888 260702
VFB_00107bt4	BANC_888:720575941409285806	right side of organism	has_soma_location			BANC888	doi:10.1038/s41586-026-10735-w	BANC_v888 260702
VFB_00107bt5	BANC_888:720575941409286191	left side of organism	has_soma_location			BANC888	doi:10.1038/s41586-026-10735-w	BANC_v888 260702
VFB_00107bt6	BANC_888:720575941409288878	right side of organism	has_soma_location			BANC888	doi:10.1038/s41586-026-10735-w	BANC_v888 260702
VFB_00106fuz	BANC_888:720575941409294507	right side of organism	has_soma_location			BANC888	doi:10.1038/s41586-026-10735-w	BANC_v888 260702
VFB_00107bt7	BANC_888:720575941409299118	right side of organism	has_soma_location			BANC888	doi:10.1038/s41586-026-10735-w	BANC_v888 260702
VFB_00107bt8	BANC_888:720575941409303214	left side of organism	has_soma_location			BANC888	doi:10.1038/s41586-026-10735-w	BANC_v888 260702
VFB_00107bt9	BANC_888:720575941409303599	left side of organism	has_soma_location			BANC888	doi:10.1038/s41586-026-10735-w	BANC_v888 260702
VFB_00107bta	BANC_888:720575941409305006	left side of organism	has_soma_location			BANC888	doi:10.1038/s41586-026-10735-w	BANC_v888 260702
VFB_00106fv0	BANC_888:720575941409309099	right side of organism	has_soma_location			BANC888	doi:10.1038/s41586-026-10735-w	BANC_v888 260702
VFB_00107btb	BANC_888:720575941409309231	right side of organism	has_soma_location			BANC888	doi:10.1038/s41586-026-10735-w	BANC_v888 260702
VFB_00106fv2	BANC_888:720575941409312683	right side of organism	has_soma_location			BANC888	doi:10.1038/s41586-026-10735-w	BANC_v888 260702
VFB_00107btc	BANC_888:720575941409316270	left side of organism	has_soma_location			BANC888	doi:10.1038/s41586-026-10735-w	BANC_v888 260702
VFB_00107btd	BANC_888:720575941409318062	right side of organism	has_soma_location			BANC888	doi:10.1038/s41586-026-10735-w	BANC_v888 260702
VFB_00107bte	BANC_888:720575941409322799	right side of organism	has_soma_location			BANC888	doi:10.1038/s41586-026-10735-w	BANC_v888 260702
VFB_00107btf	BANC_888:720575941409325615	right side of organism	has_soma_location			BANC888	doi:10.1038/s41586-026-10735-w	BANC_v888 260702
VFB_00107btg	BANC_888:720575941409333678	right side of organism	has_soma_location			BANC888	doi:10.1038/s41586-026-10735-w	BANC_v888 260702
VFB_00106fv3	BANC_888:720575941409335467	right side of organism	has_soma_location			BANC888	doi:10.1038/s41586-026-10735-w	BANC_v888 260702
VFB_00106fv4	BANC_888:720575941409338027	right side of organism	has_soma_location			BANC888	doi:10.1038/s41586-026-10735-w	BANC_v888 260702
VFB_00107bth	BANC_888:720575941409341611	right side of organism	has_soma_location			BANC888	doi:10.1038/s41586-026-10735-w	BANC_v888 260702
VFB_00106fv5	BANC_888:720575941409344939	right side of organism	has_soma_location			BANC888	doi:10.1038/s41586-026-10735-w	BANC_v888 260702
VFB_00106fv6	BANC_888:720575941409346987	right side of organism	has_soma_location			BANC888	doi:10.1038/s41586-026-10735-w	BANC_v888 260702
VFB_00106fv7	BANC_888:720575941409350315	right side of organism	has_soma_location			BANC888	doi:10.1038/s41586-026-10735-w	BANC_v888 260702
VFB_00106fv8	BANC_888:720575941409351083	right side of organism	has_soma_location			BANC888	doi:10.1038/s41586-026-10735-w	BANC_v888 260702
VFB_00106fva	BANC_888:720575941409352107	right side of organism	has_soma_location			BANC888	doi:10.1038/s41586-026-10735-w	BANC_v888 260702
VFB_00107bti	BANC_888:720575941409352239	right side of organism	has_soma_location			BANC888	doi:10.1038/s41586-026-10735-w	BANC_v888 260702
VFB_00107btj	BANC_888:720575941409361711	left side of organism	has_soma_location			BANC888	doi:10.1038/s41586-026-10735-w	BANC_v888 260702
VFB_00107btk	BANC_888:720575941409363503	right side of organism	has_soma_location			BANC888	doi:10.1038/s41586-026-10735-w	BANC_v888 260702
VFB_00107btl	BANC_888:720575941409364271	right side of organism	has_soma_location			BANC888	doi:10.1038/s41586-026-10735-w	BANC_v888 260702
VFB_00107btm	BANC_888:720575941409372463	left side of organism	has_soma_location			BANC888	doi:10.1038/s41586-026-10735-w	BANC_v888 260702
VFB_00107btn	BANC_888:720575941409374126	right side of organism	has_soma_location			BANC888	doi:10.1038/s41586-026-10735-w	BANC_v888 260702
VFB_00107bto	BANC_888:720575941409374382	right side of organism	has_soma_location			BANC888	doi:10.1038/s41586-026-10735-w	BANC_v888 260702
VFB_00107btp	BANC_888:720575941409379502	right side of organism	has_soma_location			BANC888	doi:10.1038/s41586-026-10735-w	BANC_v888 260702
VFB_00107btq	BANC_888:720575941409380014	right side of organism	has_soma_location			BANC888	doi:10.1038/s41586-026-10735-w	BANC_v888 260702
VFB_00107btr	BANC_888:720575941409381935	right side of organism	has_soma_location			BANC888	doi:10.1038/s41586-026-10735-w	BANC_v888 260702
VFB_00106fvb	BANC_888:720575941409386411	right side of organism	has_soma_location			BANC888	doi:10.1038/s41586-026-10735-w	BANC_v888 260702
VFB_00107bts	BANC_888:720575941409396142	right side of organism	has_soma_location			BANC888	doi:10.1038/s41586-026-10735-w	BANC_v888 260702
VFB_00107btt	BANC_888:720575941409396398	right side of organism	has_soma_location			BANC888	doi:10.1038/s41586-026-10735-w	BANC_v888 260702
VFB_00106fvc	BANC_888:720575941409401259	right side of organism	has_soma_location			BANC888	doi:10.1038/s41586-026-10735-w	BANC_v888 260702
VFB_00106fve	BANC_888:720575941409409451	right side of organism	has_soma_location			BANC888	doi:10.1038/s41586-026-10735-w	BANC_v888 260702
VFB_00107btu	BANC_888:720575941409409710	right side of organism	has_soma_location			BANC888	doi:10.1038/s41586-026-10735-w	BANC_v888 260702
VFB_00106fvg	BANC_888:720575941409413035	right side of organism	has_soma_location			BANC888	doi:10.1038/s41586-026-10735-w	BANC_v888 260702
VFB_00107btv	BANC_888:720575941409414315	right side of organism	has_soma_location			BANC888	doi:10.1038/s41586-026-10735-w	BANC_v888 260702
VFB_00107btw	BANC_888:720575941409418923	right side of organism	has_soma_location			BANC888	doi:10.1038/s41586-026-10735-w	BANC_v888 260702
VFB_00107btx	BANC_888:720575941409426862	left side of organism	has_soma_location			BANC888	doi:10.1038/s41586-026-10735-w	BANC_v888 260702
VFB_00107bty	BANC_888:720575941409429551	left side of organism	has_soma_location			BANC888	doi:10.1038/s41586-026-10735-w	BANC_v888 260702
VFB_00107btz	BANC_888:720575941409436719	left side of organism	has_soma_location			BANC888	doi:10.1038/s41586-026-10735-w	BANC_v888 260702
VFB_00107bu0	BANC_888:720575941409437614	left side of organism	has_soma_location			BANC888	doi:10.1038/s41586-026-10735-w	BANC_v888 260702
VFB_00106fvi	BANC_888:720575941409438891	right side of organism	has_soma_location			BANC888	doi:10.1038/s41586-026-10735-w	BANC_v888 260702
VFB_00106fvj	BANC_888:720575941409449643	right side of organism	has_soma_location			BANC888	doi:10.1038/s41586-026-10735-w	BANC_v888 260702
VFB_00107bu1	BANC_888:720575941409452974	left side of organism	has_soma_location			BANC888	doi:10.1038/s41586-026-10735-w	BANC_v888 260702
VFB_00106fvk	BANC_888:720575941409453739	right side of organism	has_soma_location			BANC888	doi:10.1038/s41586-026-10735-w	BANC_v888 260702
VFB_00107bu2	BANC_888:720575941409453998	left side of organism	has_soma_location			BANC888	doi:10.1038/s41586-026-10735-w	BANC_v888 260702
VFB_00107bu3	BANC_888:720575941409456046	left side of organism	has_soma_location			BANC888	doi:10.1038/s41586-026-10735-w	BANC_v888 260702
VFB_00107bu4	BANC_888:720575941409458991	left side of organism	has_soma_location			BANC888	doi:10.1038/s41586-026-10735-w	BANC_v888 260702
VFB_00107bu5	BANC_888:720575941409462702	left side of organism	has_soma_location			BANC888	doi:10.1038/s41586-026-10735-w	BANC_v888 260702
VFB_00107bu6	BANC_888:720575941409463087	right side of organism	has_soma_location			BANC888	doi:10.1038/s41586-026-10735-w	BANC_v888 260702
VFB_00107bu7	BANC_888:720575941409463470	left side of organism	has_soma_location			BANC888	doi:10.1038/s41586-026-10735-w	BANC_v888 260702
VFB_00107bu8	BANC_888:720575941409463599	right side of organism	has_soma_location			BANC888	doi:10.1038/s41586-026-10735-w	BANC_v888 260702
VFB_00107bu9	BANC_888:720575941409463726	left side of organism	has_soma_location			BANC888	doi:10.1038/s41586-026-10735-w	BANC_v888 260702
VFB_00107bua	BANC_888:720575941409463982	right side of organism	has_soma_location			BANC888	doi:10.1038/s41586-026-10735-w	BANC_v888 260702
VFB_00107bub	BANC_888:720575941409466159	right side of organism	has_soma_location			BANC888	doi:10.1038/s41586-026-10735-w	BANC_v888 260702
VFB_00107buc	BANC_888:720575941409467822	right side of organism	has_soma_location			BANC888	doi:10.1038/s41586-026-10735-w	BANC_v888 260702
VFB_00107bud	BANC_888:720575941409468590	right side of organism	has_soma_location			BANC888	doi:10.1038/s41586-026-10735-w	BANC_v888 260702
VFB_00107bue	BANC_888:720575941409470638	left side of organism	has_soma_location			BANC888	doi:10.1038/s41586-026-10735-w	BANC_v888 260702
VFB_00107buf	BANC_888:720575941409471918	right side of organism	has_soma_location			BANC888	doi:10.1038/s41586-026-10735-w	BANC_v888 260702
VFB_00107bug	BANC_888:720575941409473710	left side of organism	has_soma_location			BANC888	doi:10.1038/s41586-026-10735-w	BANC_v888 260702
VFB_00107buh	BANC_888:720575941409473963	right side of organism	has_soma_location			BANC888	doi:10.1038/s41586-026-10735-w	BANC_v888 260702
VFB_00107bui	BANC_888:720575941409478447	right side of organism	has_soma_location			BANC888	doi:10.1038/s41586-026-10735-w	BANC_v888 260702
VFB_00107buj	BANC_888:720575941409479342	right side of organism	has_soma_location			BANC888	doi:10.1038/s41586-026-10735-w	BANC_v888 260702
VFB_00107buk	BANC_888:720575941409479854	right side of organism	has_soma_location			BANC888	doi:10.1038/s41586-026-10735-w	BANC_v888 260702
VFB_00107bul	BANC_888:720575941409482926	left side of organism	has_soma_location			BANC888	doi:10.1038/s41586-026-10735-w	BANC_v888 260702
VFB_00107bum	BANC_888:720575941409483182	right side of organism	has_soma_location			BANC888	doi:10.1038/s41586-026-10735-w	BANC_v888 260702
VFB_00107bun	BANC_888:720575941409484718	right side of organism	has_soma_location			BANC888	doi:10.1038/s41586-026-10735-w	BANC_v888 260702
VFB_00107buo	BANC_888:720575941409486254	left side of organism	has_soma_location			BANC888	doi:10.1038/s41586-026-10735-w	BANC_v888 260702
VFB_00107bup	BANC_888:720575941409486510	right side of organism	has_soma_location			BANC888	doi:10.1038/s41586-026-10735-w	BANC_v888 260702
VFB_00107buq	BANC_888:720575941409488046	right side of organism	has_soma_location			BANC888	doi:10.1038/s41586-026-10735-w	BANC_v888 260702
VFB_00107bur	BANC_888:720575941409491118	left side of organism	has_soma_location			BANC888	doi:10.1038/s41586-026-10735-w	BANC_v888 260702
VFB_00107bus	BANC_888:720575941409491503	right side of organism	has_soma_location			BANC888	doi:10.1038/s41586-026-10735-w	BANC_v888 260702
VFB_00107but	BANC_888:720575941409493807	right side of organism	has_soma_location			BANC888	doi:10.1038/s41586-026-10735-w	BANC_v888 260702
VFB_00107buu	BANC_888:720575941409494446	right side of organism	has_soma_location			BANC888	doi:10.1038/s41586-026-10735-w	BANC_v888 260702
VFB_00107buv	BANC_888:720575941409496879	left side of organism	has_soma_location			BANC888	doi:10.1038/s41586-026-10735-w	BANC_v888 260702
VFB_00107buw	BANC_888:720575941409498030	right side of organism	has_soma_location			BANC888	doi:10.1038/s41586-026-10735-w	BANC_v888 260702
VFB_00107bux	BANC_888:720575941409500846	left side of organism	has_soma_location			BANC888	doi:10.1038/s41586-026-10735-w	BANC_v888 260702
VFB_00107buy	BANC_888:720575941409502126	left side of organism	has_soma_location			BANC888	doi:10.1038/s41586-026-10735-w	BANC_v888 260702
VFB_00107buz	BANC_888:720575941409503662	right side of organism	has_soma_location			BANC888	doi:10.1038/s41586-026-10735-w	BANC_v888 260702
VFB_00107bv0	BANC_888:720575941409503918	right side of organism	has_soma_location			BANC888	doi:10.1038/s41586-026-10735-w	BANC_v888 260702
VFB_00107bv1	BANC_888:720575941409504942	left side of organism	has_soma_location			BANC888	doi:10.1038/s41586-026-10735-w	BANC_v888 260702
VFB_00107bv2	BANC_888:720575941409507246	left side of organism	has_soma_location			BANC888	doi:10.1038/s41586-026-10735-w	BANC_v888 260702
VFB_00107bv3	BANC_888:720575941409514414	right side of organism	has_soma_location			BANC888	doi:10.1038/s41586-026-10735-w	BANC_v888 260702
VFB_00107bv4	BANC_888:720575941409516718	right side of organism	has_soma_location			BANC888	doi:10.1038/s41586-026-10735-w	BANC_v888 260702
VFB_00107bv5	BANC_888:720575941409516974	right side of organism	has_soma_location			BANC888	doi:10.1038/s41586-026-10735-w	BANC_v888 260702
VFB_00107bv6	BANC_888:720575941409517998	right side of organism	has_soma_location			BANC888	doi:10.1038/s41586-026-10735-w	BANC_v888 260702
VFB_00107bv7	BANC_888:720575941409519022	left side of organism	has_soma_location			BANC888	doi:10.1038/s41586-026-10735-w	BANC_v888 260702
VFB_00107bv8	BANC_888:720575941409524654	right side of organism	has_soma_location			BANC888	doi:10.1038/s41586-026-10735-w	BANC_v888 260702
VFB_00107bv9	BANC_888:720575941409524910	left side of organism	has_soma_location			BANC888	doi:10.1038/s41586-026-10735-w	BANC_v888 260702
VFB_00107bva	BANC_888:720575941409525422	right side of organism	has_soma_location			BANC888	doi:10.1038/s41586-026-10735-w	BANC_v888 260702
VFB_00107bvb	BANC_888:720575941409526319	left side of organism	has_soma_location			BANC888	doi:10.1038/s41586-026-10735-w	BANC_v888 260702
VFB_00107bvc	BANC_888:720575941409528238	right side of organism	has_soma_location			BANC888	doi:10.1038/s41586-026-10735-w	BANC_v888 260702
VFB_00107bvd	BANC_888:720575941409530286	right side of organism	has_soma_location			BANC888	doi:10.1038/s41586-026-10735-w	BANC_v888 260702
VFB_00107bve	BANC_888:720575941409531183	left side of organism	has_soma_location			BANC888	doi:10.1038/s41586-026-10735-w	BANC_v888 260702
VFB_00107bvf	BANC_888:720575941409531822	right side of organism	has_soma_location			BANC888	doi:10.1038/s41586-026-10735-w	BANC_v888 260702
VFB_00107bvg	BANC_888:720575941409532331	right side of organism	has_soma_location			BANC888	doi:10.1038/s41586-026-10735-w	BANC_v888 260702
VFB_00107bvh	BANC_888:720575941409534638	left side of organism	has_soma_location			BANC888	doi:10.1038/s41586-026-10735-w	BANC_v888 260702
VFB_00107bvi	BANC_888:720575941409534894	right side of organism	has_soma_location			BANC888	doi:10.1038/s41586-026-10735-w	BANC_v888 260702
VFB_00107bvj	BANC_888:720575941409535279	left side of organism	has_soma_location			BANC888	doi:10.1038/s41586-026-10735-w	BANC_v888 260702
VFB_00107bvk	BANC_888:720575941409539375	right side of organism	has_soma_location			BANC888	doi:10.1038/s41586-026-10735-w	BANC_v888 260702
VFB_00107bvl	BANC_888:720575941409540655	left side of organism	has_soma_location			BANC888	doi:10.1038/s41586-026-10735-w	BANC_v888 260702
VFB_00107bvm	BANC_888:720575941409540782	left side of organism	has_soma_location			BANC888	doi:10.1038/s41586-026-10735-w	BANC_v888 260702
VFB_00107bvn	BANC_888:720575941409541294	left side of organism	has_soma_location			BANC888	doi:10.1038/s41586-026-10735-w	BANC_v888 260702
VFB_00107bvo	BANC_888:720575941409542447	left side of organism	has_soma_location			BANC888	doi:10.1038/s41586-026-10735-w	BANC_v888 260702
VFB_00107bvp	BANC_888:720575941409543342	left side of organism	has_soma_location			BANC888	doi:10.1038/s41586-026-10735-w	BANC_v888 260702
VFB_00107bvq	BANC_888:720575941409543727	left side of organism	has_soma_location			BANC888	doi:10.1038/s41586-026-10735-w	BANC_v888 260702
VFB_00107bvr	BANC_888:720575941409544366	right side of organism	has_soma_location			BANC888	doi:10.1038/s41586-026-10735-w	BANC_v888 260702
VFB_00107bvs	BANC_888:720575941409545646	left side of organism	has_soma_location			BANC888	doi:10.1038/s41586-026-10735-w	BANC_v888 260702
VFB_00107bvt	BANC_888:720575941409546543	left side of organism	has_soma_location			BANC888	doi:10.1038/s41586-026-10735-w	BANC_v888 260702
VFB_00107bvu	BANC_888:720575941409547182	left side of organism	has_soma_location			BANC888	doi:10.1038/s41586-026-10735-w	BANC_v888 260702
VFB_00107bvv	BANC_888:720575941409552687	right side of organism	has_soma_location			BANC888	doi:10.1038/s41586-026-10735-w	BANC_v888 260702
VFB_00107bvw	BANC_888:720575941409555247	right side of organism	has_soma_location			BANC888	doi:10.1038/s41586-026-10735-w	BANC_v888 260702
VFB_00107bvx	BANC_888:720575941409556783	left side of organism	has_soma_location			BANC888	doi:10.1038/s41586-026-10735-w	BANC_v888 260702
VFB_00107bvy	BANC_888:720575941409557166	left side of organism	has_soma_location			BANC888	doi:10.1038/s41586-026-10735-w	BANC_v888 260702
VFB_00107bvz	BANC_888:720575941409557295	right side of organism	has_soma_location			BANC888	doi:10.1038/s41586-026-10735-w	BANC_v888 260702
VFB_00107bw0	BANC_888:720575941409557551	left side of organism	has_soma_location			BANC888	doi:10.1038/s41586-026-10735-w	BANC_v888 260702
VFB_00107bw1	BANC_888:720575941409558702	left side of organism	has_soma_location			BANC888	doi:10.1038/s41586-026-10735-w	BANC_v888 260702
VFB_00107bw2	BANC_888:720575941409559470	left side of organism	has_soma_location			BANC888	doi:10.1038/s41586-026-10735-w	BANC_v888 260702
VFB_00107bw3	BANC_888:720575941409560111	left side of organism	has_soma_location			BANC888	doi:10.1038/s41586-026-10735-w	BANC_v888 260702
VFB_00107bw4	BANC_888:720575941409562415	left side of organism	has_soma_location			BANC888	doi:10.1038/s41586-026-10735-w	BANC_v888 260702
VFB_00107bw5	BANC_888:720575941409563951	left side of organism	has_soma_location			BANC888	doi:10.1038/s41586-026-10735-w	BANC_v888 260702
VFB_00107bw6	BANC_888:720575941409568815	left side of organism	has_soma_location			BANC888	doi:10.1038/s41586-026-10735-w	BANC_v888 260702
VFB_00107bw7	BANC_888:720575941409570222	left side of organism	has_soma_location			BANC888	doi:10.1038/s41586-026-10735-w	BANC_v888 260702
VFB_00107bw8	BANC_888:720575941409570607	left side of organism	has_soma_location			BANC888	doi:10.1038/s41586-026-10735-w	BANC_v888 260702
VFB_00107bw9	BANC_888:720575941409575342	left side of organism	has_soma_location			BANC888	doi:10.1038/s41586-026-10735-w	BANC_v888 260702
VFB_00107bwa	BANC_888:720575941409575854	left side of organism	has_soma_location			BANC888	doi:10.1038/s41586-026-10735-w	BANC_v888 260702
VFB_00107bwb	BANC_888:720575941409576751	left side of organism	has_soma_location			BANC888	doi:10.1038/s41586-026-10735-w	BANC_v888 260702
VFB_00106fvl	BANC_888:720575941409581483	right side of organism	has_soma_location			BANC888	doi:10.1038/s41586-026-10735-w	BANC_v888 260702
VFB_00107bwc	BANC_888:720575941409584558	left side of organism	has_soma_location			BANC888	doi:10.1038/s41586-026-10735-w	BANC_v888 260702
VFB_00106fvm	BANC_888:720575941409584811	right side of organism	has_soma_location			BANC888	doi:10.1038/s41586-026-10735-w	BANC_v888 260702
VFB_00107bwd	BANC_888:720575941409585455	right side of organism	has_soma_location			BANC888	doi:10.1038/s41586-026-10735-w	BANC_v888 260702
VFB_00107bwe	BANC_888:720575941409585711	left side of organism	has_soma_location			BANC888	doi:10.1038/s41586-026-10735-w	BANC_v888 260702
VFB_00107bwf	BANC_888:720575941409586735	right side of organism	has_soma_location			BANC888	doi:10.1038/s41586-026-10735-w	BANC_v888 260702
VFB_00107bwg	BANC_888:720575941409588271	right side of organism	has_soma_location			BANC888	doi:10.1038/s41586-026-10735-w	BANC_v888 260702
VFB_00107bwh	BANC_888:720575941409588527	left side of organism	has_soma_location			BANC888	doi:10.1038/s41586-026-10735-w	BANC_v888 260702
VFB_00107bwi	BANC_888:720575941409589166	left side of organism	has_soma_location			BANC888	doi:10.1038/s41586-026-10735-w	BANC_v888 260702
VFB_00107bwj	BANC_888:720575941409591087	left side of organism	has_soma_location			BANC888	doi:10.1038/s41586-026-10735-w	BANC_v888 260702
VFB_00107bwk	BANC_888:720575941409591343	left side of organism	has_soma_location			BANC888	doi:10.1038/s41586-026-10735-w	BANC_v888 260702
VFB_00107bwl	BANC_888:720575941409593647	left side of organism	has_soma_location			BANC888	doi:10.1038/s41586-026-10735-w	BANC_v888 260702
VFB_00107bwm	BANC_888:720575941409594415	left side of organism	has_soma_location			BANC888	doi:10.1038/s41586-026-10735-w	BANC_v888 260702
VFB_00107bwn	BANC_888:720575941409596719	right side of organism	has_soma_location			BANC888	doi:10.1038/s41586-026-10735-w	BANC_v888 260702
VFB_00107bwo	BANC_888:720575941409597231	left side of organism	has_soma_location			BANC888	doi:10.1038/s41586-026-10735-w	BANC_v888 260702
VFB_00106fvn	BANC_888:720575941409598891	left side of organism	has_soma_location			BANC888	doi:10.1038/s41586-026-10735-w	BANC_v888 260702
VFB_00107bwp	BANC_888:720575941409600303	right side of organism	has_soma_location			BANC888	doi:10.1038/s41586-026-10735-w	BANC_v888 260702
VFB_00107bwq	BANC_888:720575941409600559	left side of organism	has_soma_location			BANC888	doi:10.1038/s41586-026-10735-w	BANC_v888 260702
VFB_00107bwr	BANC_888:720575941409601583	right side of organism	has_soma_location			BANC888	doi:10.1038/s41586-026-10735-w	BANC_v888 260702
VFB_00107bws	BANC_888:720575941409601966	left side of organism	has_soma_location			BANC888	doi:10.1038/s41586-026-10735-w	BANC_v888 260702
VFB_00107bwt	BANC_888:720575941409602351	right side of organism	has_soma_location			BANC888	doi:10.1038/s41586-026-10735-w	BANC_v888 260702
VFB_00107bwu	BANC_888:720575941409602734	left side of organism	has_soma_location			BANC888	doi:10.1038/s41586-026-10735-w	BANC_v888 260702
VFB_00107bwv	BANC_888:720575941409602863	right side of organism	has_soma_location			BANC888	doi:10.1038/s41586-026-10735-w	BANC_v888 260702
VFB_00106fvo	BANC_888:720575941409603243	right side of organism	has_soma_location			BANC888	doi:10.1038/s41586-026-10735-w	BANC_v888 260702
VFB_00107bww	BANC_888:720575941409603375	right side of organism	has_soma_location			BANC888	doi:10.1038/s41586-026-10735-w	BANC_v888 260702
VFB_00107bwx	BANC_888:720575941409603631	right side of organism	has_soma_location			BANC888	doi:10.1038/s41586-026-10735-w	BANC_v888 260702
VFB_00107bwy	BANC_888:720575941409604014	left side of organism	has_soma_location			BANC888	doi:10.1038/s41586-026-10735-w	BANC_v888 260702
VFB_00107bwz	BANC_888:720575941409604655	left side of organism	has_soma_location			BANC888	doi:10.1038/s41586-026-10735-w	BANC_v888 260702
VFB_00107bx0	BANC_888:720575941409607727	left side of organism	has_soma_location			BANC888	doi:10.1038/s41586-026-10735-w	BANC_v888 260702
VFB_00107bx1	BANC_888:720575941409607983	right side of organism	has_soma_location			BANC888	doi:10.1038/s41586-026-10735-w	BANC_v888 260702
VFB_00107bx2	BANC_888:720575941409609007	left side of organism	has_soma_location			BANC888	doi:10.1038/s41586-026-10735-w	BANC_v888 260702
VFB_00107bx3	BANC_888:720575941409611567	right side of organism	has_soma_location			BANC888	doi:10.1038/s41586-026-10735-w	BANC_v888 260702
VFB_00106fvp	BANC_888:720575941409612715	right side of organism	has_soma_location			BANC888	doi:10.1038/s41586-026-10735-w	BANC_v888 260702
VFB_00107bx4	BANC_888:720575941409612718	left side of organism	has_soma_location			BANC888	doi:10.1038/s41586-026-10735-w	BANC_v888 260702
VFB_00107bx5	BANC_888:720575941409615278	right side of organism	has_soma_location			BANC888	doi:10.1038/s41586-026-10735-w	BANC_v888 260702
VFB_00107bx6	BANC_888:720575941409616302	right side of organism	has_soma_location			BANC888	doi:10.1038/s41586-026-10735-w	BANC_v888 260702
VFB_00107bx7	BANC_888:720575941409616943	left side of organism	has_soma_location			BANC888	doi:10.1038/s41586-026-10735-w	BANC_v888 260702
VFB_00107bx8	BANC_888:720575941409620015	left side of organism	has_soma_location			BANC888	doi:10.1038/s41586-026-10735-w	BANC_v888 260702
VFB_00107bx9	BANC_888:720575941409620271	left side of organism	has_soma_location			BANC888	doi:10.1038/s41586-026-10735-w	BANC_v888 260702
VFB_00107bxa	BANC_888:720575941409622958	left side of organism	has_soma_location			BANC888	doi:10.1038/s41586-026-10735-w	BANC_v888 260702
VFB_00107bxb	BANC_888:720575941409628078	left side of organism	has_soma_location			BANC888	doi:10.1038/s41586-026-10735-w	BANC_v888 260702
VFB_00107bxc	BANC_888:720575941409628590	right side of organism	has_soma_location			BANC888	doi:10.1038/s41586-026-10735-w	BANC_v888 260702
VFB_00107bxd	BANC_888:720575941409628719	left side of organism	has_soma_location			BANC888	doi:10.1038/s41586-026-10735-w	BANC_v888 260702
VFB_00107bxe	BANC_888:720575941409639086	left side of organism	has_soma_location			BANC888	doi:10.1038/s41586-026-10735-w	BANC_v888 260702
VFB_00107bxf	BANC_888:720575941409650735	left side of organism	has_soma_location			BANC888	doi:10.1038/s41586-026-10735-w	BANC_v888 260702
VFB_00107bxg	BANC_888:720575941409652527	left side of organism	has_soma_location			BANC888	doi:10.1038/s41586-026-10735-w	BANC_v888 260702
VFB_00107bxh	BANC_888:720575941409654319	left side of organism	has_soma_location			BANC888	doi:10.1038/s41586-026-10735-w	BANC_v888 260702
VFB_00107bxi	BANC_888:720575941409656750	right side of organism	has_soma_location			BANC888	doi:10.1038/s41586-026-10735-w	BANC_v888 260702
VFB_00107bxj	BANC_888:720575941409658030	left side of organism	has_soma_location			BANC888	doi:10.1038/s41586-026-10735-w	BANC_v888 260702
VFB_00107bxk	BANC_888:720575941409659439	left side of organism	has_soma_location			BANC888	doi:10.1038/s41586-026-10735-w	BANC_v888 260702
VFB_00107bxl	BANC_888:720575941409659695	left side of organism	has_soma_location			BANC888	doi:10.1038/s41586-026-10735-w	BANC_v888 260702
VFB_00107bxm	BANC_888:720575941409662767	left side of organism	has_soma_location			BANC888	doi:10.1038/s41586-026-10735-w	BANC_v888 260702
VFB_00107bxn	BANC_888:720575941409663406	left side of organism	has_soma_location			BANC888	doi:10.1038/s41586-026-10735-w	BANC_v888 260702
VFB_00106fvr	BANC_888:720575941409672363	right side of organism	has_soma_location			BANC888	doi:10.1038/s41586-026-10735-w	BANC_v888 260702
VFB_00107bxo	BANC_888:720575941409676591	left side of organism	has_soma_location			BANC888	doi:10.1038/s41586-026-10735-w	BANC_v888 260702
VFB_00106fvs	BANC_888:720575941409691307	right side of organism	has_soma_location			BANC888	doi:10.1038/s41586-026-10735-w	BANC_v888 260702
VFB_00107bxp	BANC_888:720575941409693743	left side of organism	has_soma_location			BANC888	doi:10.1038/s41586-026-10735-w	BANC_v888 260702
VFB_00107bxq	BANC_888:720575941409697071	left side of organism	has_soma_location			BANC888	doi:10.1038/s41586-026-10735-w	BANC_v888 260702
VFB_00107bxr	BANC_888:720575941409700526	right side of organism	has_soma_location			BANC888	doi:10.1038/s41586-026-10735-w	BANC_v888 260702
VFB_00106fvt	BANC_888:720575941409701035	right side of organism	has_soma_location			BANC888	doi:10.1038/s41586-026-10735-w	BANC_v888 260702
VFB_00107bxs	BANC_888:720575941409701679	left side of organism	has_soma_location			BANC888	doi:10.1038/s41586-026-10735-w	BANC_v888 260702
VFB_00107bxt	BANC_888:720575941409703342	left side of organism	has_soma_location			BANC888	doi:10.1038/s41586-026-10735-w	BANC_v888 260702
VFB_00107bxu	BANC_888:720575941409703598	right side of organism	has_soma_location			BANC888	doi:10.1038/s41586-026-10735-w	BANC_v888 260702
VFB_00107bxv	BANC_888:720575941409710510	right side of organism	has_soma_location			BANC888	doi:10.1038/s41586-026-10735-w	BANC_v888 260702
VFB_00106fvu	BANC_888:720575941409713323	right side of organism	has_soma_location			BANC888	doi:10.1038/s41586-026-10735-w	BANC_v888 260702
VFB_00107bxw	BANC_888:720575941409714479	left side of organism	has_soma_location			BANC888	doi:10.1038/s41586-026-10735-w	BANC_v888 260702
VFB_00107bxx	BANC_888:720575941409717678	left side of organism	has_soma_location			BANC888	doi:10.1038/s41586-026-10735-w	BANC_v888 260702
VFB_00106fvv	BANC_888:720575941409717931	right side of organism	has_soma_location			BANC888	doi:10.1038/s41586-026-10735-w	BANC_v888 260702
VFB_00107bxy	BANC_888:720575941409719470	left side of organism	has_soma_location			BANC888	doi:10.1038/s41586-026-10735-w	BANC_v888 260702
VFB_00107bxz	BANC_888:720575941409720111	left side of organism	has_soma_location			BANC888	doi:10.1038/s41586-026-10735-w	BANC_v888 260702
VFB_00106fvw	BANC_888:720575941409721515	right side of organism	has_soma_location			BANC888	doi:10.1038/s41586-026-10735-w	BANC_v888 260702
VFB_00107by0	BANC_888:720575941409725999	left side of organism	has_soma_location			BANC888	doi:10.1038/s41586-026-10735-w	BANC_v888 260702
VFB_00107by1	BANC_888:720575941409727023	left side of organism	has_soma_location			BANC888	doi:10.1038/s41586-026-10735-w	BANC_v888 260702
VFB_00107by2	BANC_888:720575941409727279	left side of organism	has_soma_location			BANC888	doi:10.1038/s41586-026-10735-w	BANC_v888 260702
VFB_00107by3	BANC_888:720575941409731631	left side of organism	has_soma_location			BANC888	doi:10.1038/s41586-026-10735-w	BANC_v888 260702
VFB_00107by4	BANC_888:720575941409732399	left side of organism	has_soma_location			BANC888	doi:10.1038/s41586-026-10735-w	BANC_v888 260702
VFB_00107by5	BANC_888:720575941409733679	left side of organism	has_soma_location			BANC888	doi:10.1038/s41586-026-10735-w	BANC_v888 260702
VFB_00107by6	BANC_888:720575941409734318	right side of organism	has_soma_location			BANC888	doi:10.1038/s41586-026-10735-w	BANC_v888 260702
VFB_00107by7	BANC_888:720575941409735215	right side of organism	has_soma_location			BANC888	doi:10.1038/s41586-026-10735-w	BANC_v888 260702
VFB_00106fvx	BANC_888:720575941409737899	right side of organism	has_soma_location			BANC888	doi:10.1038/s41586-026-10735-w	BANC_v888 260702
VFB_00107by8	BANC_888:720575941409738287	right side of organism	has_soma_location			BANC888	doi:10.1038/s41586-026-10735-w	BANC_v888 260702
VFB_00106fvy	BANC_888:720575941409738667	right side of organism	has_soma_location			BANC888	doi:10.1038/s41586-026-10735-w	BANC_v888 260702
VFB_00107by9	BANC_888:720575941409741103	left side of organism	has_soma_location			BANC888	doi:10.1038/s41586-026-10735-w	BANC_v888 260702
VFB_00107bya	BANC_888:720575941409741486	right side of organism	has_soma_location			BANC888	doi:10.1038/s41586-026-10735-w	BANC_v888 260702
VFB_00107byb	BANC_888:720575941409742510	right side of organism	has_soma_location			BANC888	doi:10.1038/s41586-026-10735-w	BANC_v888 260702
VFB_00107byc	BANC_888:720575941409744302	left side of organism	has_soma_location			BANC888	doi:10.1038/s41586-026-10735-w	BANC_v888 260702
VFB_00106fw0	BANC_888:720575941409745579	right side of organism	has_soma_location			BANC888	doi:10.1038/s41586-026-10735-w	BANC_v888 260702
VFB_00107byd	BANC_888:720575941409746479	right side of organism	has_soma_location			BANC888	doi:10.1038/s41586-026-10735-w	BANC_v888 260702
VFB_00106fw1	BANC_888:720575941409746603	right side of organism	has_soma_location			BANC888	doi:10.1038/s41586-026-10735-w	BANC_v888 260702
VFB_00106fw2	BANC_888:720575941409747115	left side of organism	has_soma_location			BANC888	doi:10.1038/s41586-026-10735-w	BANC_v888 260702
VFB_00107bye	BANC_888:720575941409749678	left side of organism	has_soma_location			BANC888	doi:10.1038/s41586-026-10735-w	BANC_v888 260702
VFB_00106fw3	BANC_888:720575941409751723	right side of organism	has_soma_location			BANC888	doi:10.1038/s41586-026-10735-w	BANC_v888 260702
VFB_00106fw4	BANC_888:720575941409753003	right side of organism	has_soma_location			BANC888	doi:10.1038/s41586-026-10735-w	BANC_v888 260702
VFB_00107byf	BANC_888:720575941409753647	left side of organism	has_soma_location			BANC888	doi:10.1038/s41586-026-10735-w	BANC_v888 260702
VFB_00107byg	BANC_888:720575941409753774	left side of organism	has_soma_location			BANC888	doi:10.1038/s41586-026-10735-w	BANC_v888 260702
VFB_00107byh	BANC_888:720575941409754286	left side of organism	has_soma_location			BANC888	doi:10.1038/s41586-026-10735-w	BANC_v888 260702
VFB_00107byi	BANC_888:720575941409754542	left side of organism	has_soma_location			BANC888	doi:10.1038/s41586-026-10735-w	BANC_v888 260702
VFB_00107byj	BANC_888:720575941409756331	right side of organism	has_soma_location			BANC888	doi:10.1038/s41586-026-10735-w	BANC_v888 260702
VFB_00107byk	BANC_888:720575941409757358	left side of organism	has_soma_location			BANC888	doi:10.1038/s41586-026-10735-w	BANC_v888 260702
VFB_00107byl	BANC_888:720575941409760686	right side of organism	has_soma_location			BANC888	doi:10.1038/s41586-026-10735-w	BANC_v888 260702
VFB_00107bym	BANC_888:720575941409760939	right side of organism	has_soma_location			BANC888	doi:10.1038/s41586-026-10735-w	BANC_v888 260702
VFB_00107byn	BANC_888:720575941409761839	right side of organism	has_soma_location			BANC888	doi:10.1038/s41586-026-10735-w	BANC_v888 260702
VFB_00107byo	BANC_888:720575941409765803	right side of organism	has_soma_location			BANC888	doi:10.1038/s41586-026-10735-w	BANC_v888 260702
VFB_00106fw5	BANC_888:720575941409768107	right side of organism	has_soma_location			BANC888	doi:10.1038/s41586-026-10735-w	BANC_v888 260702
VFB_00107byp	BANC_888:720575941409772079	right side of organism	has_soma_location			BANC888	doi:10.1038/s41586-026-10735-w	BANC_v888 260702
VFB_00107byq	BANC_888:720575941409772847	left side of organism	has_soma_location			BANC888	doi:10.1038/s41586-026-10735-w	BANC_v888 260702
VFB_00106fw7	BANC_888:720575941409774703	left side of organism	has_soma_location			BANC888	doi:10.1038/s41586-026-10735-w	BANC_v888 260702
VFB_00107byr	BANC_888:720575941409775022	right side of organism	has_soma_location			BANC888	doi:10.1038/s41586-026-10735-w	BANC_v888 260702
VFB_00107bys	BANC_888:720575941409778862	right side of organism	has_soma_location			BANC888	doi:10.1038/s41586-026-10735-w	BANC_v888 260702
VFB_00107byt	BANC_888:720575941409784750	right side of organism	has_soma_location			BANC888	doi:10.1038/s41586-026-10735-w	BANC_v888 260702
VFB_00107byu	BANC_888:720575941409785647	left side of organism	has_soma_location			BANC888	doi:10.1038/s41586-026-10735-w	BANC_v888 260702
VFB_00106fw8	BANC_888:720575941409786795	right side of organism	has_soma_location			BANC888	doi:10.1038/s41586-026-10735-w	BANC_v888 260702
VFB_00106fw9	BANC_888:720575941409788783	left side of organism	has_soma_location			BANC888	doi:10.1038/s41586-026-10735-w	BANC_v888 260702
VFB_00107byv	BANC_888:720575941409788846	right side of organism	has_soma_location			BANC888	doi:10.1038/s41586-026-10735-w	BANC_v888 260702
VFB_00107byw	BANC_888:720575941409789867	right side of organism	has_soma_location			BANC888	doi:10.1038/s41586-026-10735-w	BANC_v888 260702
VFB_00107byx	BANC_888:720575941409793327	left side of organism	has_soma_location			BANC888	doi:10.1038/s41586-026-10735-w	BANC_v888 260702
VFB_00107byy	BANC_888:720575941409793966	left side of organism	has_soma_location			BANC888	doi:10.1038/s41586-026-10735-w	BANC_v888 260702
VFB_00107byz	BANC_888:720575941409794351	right side of organism	has_soma_location			BANC888	doi:10.1038/s41586-026-10735-w	BANC_v888 260702
VFB_00107bz0	BANC_888:720575941409796523	left side of organism	has_soma_location			BANC888	doi:10.1038/s41586-026-10735-w	BANC_v888 260702
VFB_00107bz1	BANC_888:720575941409796655	right side of organism	has_soma_location			BANC888	doi:10.1038/s41586-026-10735-w	BANC_v888 260702
VFB_00106fwa	BANC_888:720575941409796975	right side of organism	has_soma_location			BANC888	doi:10.1038/s41586-026-10735-w	BANC_v888 260702
VFB_00107bz2	BANC_888:720575941409797167	right side of organism	has_soma_location			BANC888	doi:10.1038/s41586-026-10735-w	BANC_v888 260702
VFB_00107bz3	BANC_888:720575941409798574	left side of organism	has_soma_location			BANC888	doi:10.1038/s41586-026-10735-w	BANC_v888 260702
VFB_00106fwb	BANC_888:720575941409801131	left side of organism	has_soma_location			BANC888	doi:10.1038/s41586-026-10735-w	BANC_v888 260702
VFB_00106fwc	BANC_888:720575941409801583	left side of organism	has_soma_location			BANC888	doi:10.1038/s41586-026-10735-w	BANC_v888 260702
VFB_00107bz4	BANC_888:720575941409801902	left side of organism	has_soma_location			BANC888	doi:10.1038/s41586-026-10735-w	BANC_v888 260702
VFB_00107bz5	BANC_888:720575941409804974	left side of organism	has_soma_location			BANC888	doi:10.1038/s41586-026-10735-w	BANC_v888 260702
VFB_00106fwd	BANC_888:720575941409807275	right side of organism	has_soma_location			BANC888	doi:10.1038/s41586-026-10735-w	BANC_v888 260702
VFB_00107bz6	BANC_888:720575941409811247	left side of organism	has_soma_location			BANC888	doi:10.1038/s41586-026-10735-w	BANC_v888 260702
VFB_00107bz7	BANC_888:720575941409812654	right side of organism	has_soma_location			BANC888	doi:10.1038/s41586-026-10735-w	BANC_v888 260702
VFB_00107bz8	BANC_888:720575941409812910	right side of organism	has_soma_location			BANC888	doi:10.1038/s41586-026-10735-w	BANC_v888 260702
VFB_00107bz9	BANC_888:720575941409815726	left side of organism	has_soma_location			BANC888	doi:10.1038/s41586-026-10735-w	BANC_v888 260702
VFB_00107bza	BANC_888:720575941409816494	right side of organism	has_soma_location			BANC888	doi:10.1038/s41586-026-10735-w	BANC_v888 260702
VFB_00107bzb	BANC_888:720575941409820463	left side of organism	has_soma_location			BANC888	doi:10.1038/s41586-026-10735-w	BANC_v888 260702
VFB_00107bzc	BANC_888:720575941409820975	right side of organism	has_soma_location			BANC888	doi:10.1038/s41586-026-10735-w	BANC_v888 260702
VFB_00107bzd	BANC_888:720575941409824047	left side of organism	has_soma_location			BANC888	doi:10.1038/s41586-026-10735-w	BANC_v888 260702
VFB_00107bze	BANC_888:720575941409824559	right side of organism	has_soma_location			BANC888	doi:10.1038/s41586-026-10735-w	BANC_v888 260702
VFB_00107bzf	BANC_888:720575941409825839	left side of organism	has_soma_location			BANC888	doi:10.1038/s41586-026-10735-w	BANC_v888 260702
VFB_00107bzg	BANC_888:720575941409828143	left side of organism	has_soma_location			BANC888	doi:10.1038/s41586-026-10735-w	BANC_v888 260702
VFB_00107bzh	BANC_888:720575941409829423	left side of organism	has_soma_location			BANC888	doi:10.1038/s41586-026-10735-w	BANC_v888 260702
VFB_00107bzi	BANC_888:720575941409831083	right side of organism	has_soma_location			BANC888	doi:10.1038/s41586-026-10735-w	BANC_v888 260702
VFB_00107bzj	BANC_888:720575941409839790	left side of organism	has_soma_location			BANC888	doi:10.1038/s41586-026-10735-w	BANC_v888 260702
VFB_00107bzk	BANC_888:720575941409842479	left side of organism	has_soma_location			BANC888	doi:10.1038/s41586-026-10735-w	BANC_v888 260702
VFB_00107bzl	BANC_888:720575941409842735	left side of organism	has_soma_location			BANC888	doi:10.1038/s41586-026-10735-w	BANC_v888 260702
VFB_00107bzm	BANC_888:720575941409845551	right side of organism	has_soma_location			BANC888	doi:10.1038/s41586-026-10735-w	BANC_v888 260702
VFB_00107bzn	BANC_888:720575941409847726	right side of organism	has_soma_location			BANC888	doi:10.1038/s41586-026-10735-w	BANC_v888 260702
VFB_00107bzo	BANC_888:720575941409848111	right side of organism	has_soma_location			BANC888	doi:10.1038/s41586-026-10735-w	BANC_v888 260702
VFB_00107bzp	BANC_888:720575941409848750	right side of organism	has_soma_location			BANC888	doi:10.1038/s41586-026-10735-w	BANC_v888 260702
VFB_00107bzq	BANC_888:720575941409849135	left side of organism	has_soma_location			BANC888	doi:10.1038/s41586-026-10735-w	BANC_v888 260702
VFB_00107bzr	BANC_888:720575941409850927	left side of organism	has_soma_location			BANC888	doi:10.1038/s41586-026-10735-w	BANC_v888 260702
VFB_00107bzs	BANC_888:720575941409851183	left side of organism	has_soma_location			BANC888	doi:10.1038/s41586-026-10735-w	BANC_v888 260702
VFB_00107bzt	BANC_888:720575941409852719	left side of organism	has_soma_location			BANC888	doi:10.1038/s41586-026-10735-w	BANC_v888 260702
VFB_00107bzu	BANC_888:720575941409852975	left side of organism	has_soma_location			BANC888	doi:10.1038/s41586-026-10735-w	BANC_v888 260702
VFB_00107bzv	BANC_888:720575941409853743	left side of organism	has_soma_location			BANC888	doi:10.1038/s41586-026-10735-w	BANC_v888 260702
VFB_00107bzw	BANC_888:720575941409853870	left side of organism	has_soma_location			BANC888	doi:10.1038/s41586-026-10735-w	BANC_v888 260702
VFB_00107bzx	BANC_888:720575941409855662	right side of organism	has_soma_location			BANC888	doi:10.1038/s41586-026-10735-w	BANC_v888 260702
VFB_00107bzy	BANC_888:720575941409855791	left side of organism	has_soma_location			BANC888	doi:10.1038/s41586-026-10735-w	BANC_v888 260702
VFB_00107bzz	BANC_888:720575941409856686	right side of organism	has_soma_location			BANC888	doi:10.1038/s41586-026-10735-w	BANC_v888 260702
VFB_00107c00	BANC_888:720575941409856942	right side of organism	has_soma_location			BANC888	doi:10.1038/s41586-026-10735-w	BANC_v888 260702
VFB_00107c01	BANC_888:720575941409857071	right side of organism	has_soma_location			BANC888	doi:10.1038/s41586-026-10735-w	BANC_v888 260702
VFB_00107c02	BANC_888:720575941409858222	right side of organism	has_soma_location			BANC888	doi:10.1038/s41586-026-10735-w	BANC_v888 260702
VFB_00107c03	BANC_888:720575941409858478	right side of organism	has_soma_location			BANC888	doi:10.1038/s41586-026-10735-w	BANC_v888 260702
VFB_00107c04	BANC_888:720575941409860782	right side of organism	has_soma_location			BANC888	doi:10.1038/s41586-026-10735-w	BANC_v888 260702
VFB_00107c05	BANC_888:720575941409862830	right side of organism	has_soma_location			BANC888	doi:10.1038/s41586-026-10735-w	BANC_v888 260702
VFB_00107c06	BANC_888:720575941409864239	left side of organism	has_soma_location			BANC888	doi:10.1038/s41586-026-10735-w	BANC_v888 260702
VFB_00106fwg	BANC_888:720575941409864303	left side of organism	has_soma_location			BANC888	doi:10.1038/s41586-026-10735-w	BANC_v888 260702
VFB_00107c07	BANC_888:720575941409865390	left side of organism	has_soma_location			BANC888	doi:10.1038/s41586-026-10735-w	BANC_v888 260702
VFB_00107c08	BANC_888:720575941409869998	right side of organism	has_soma_location			BANC888	doi:10.1038/s41586-026-10735-w	BANC_v888 260702
VFB_00107c09	BANC_888:720575941409870254	left side of organism	has_soma_location			BANC888	doi:10.1038/s41586-026-10735-w	BANC_v888 260702
VFB_00107c0a	BANC_888:720575941409870510	left side of organism	has_soma_location			BANC888	doi:10.1038/s41586-026-10735-w	BANC_v888 260702
VFB_00107c0b	BANC_888:720575941409870895	left side of organism	has_soma_location			BANC888	doi:10.1038/s41586-026-10735-w	BANC_v888 260702
VFB_00107c0c	BANC_888:720575941409872431	left side of organism	has_soma_location			BANC888	doi:10.1038/s41586-026-10735-w	BANC_v888 260702
VFB_00107c0d	BANC_888:720575941409874350	left side of organism	has_soma_location			BANC888	doi:10.1038/s41586-026-10735-w	BANC_v888 260702
VFB_00107c0e	BANC_888:720575941409878063	right side of organism	has_soma_location			BANC888	doi:10.1038/s41586-026-10735-w	BANC_v888 260702
VFB_00107c0f	BANC_888:720575941409878190	right side of organism	has_soma_location			BANC888	doi:10.1038/s41586-026-10735-w	BANC_v888 260702
VFB_00107c0g	BANC_888:720575941409878575	right side of organism	has_soma_location			BANC888	doi:10.1038/s41586-026-10735-w	BANC_v888 260702
VFB_00107c0h	BANC_888:720575941409878702	right side of organism	has_soma_location			BANC888	doi:10.1038/s41586-026-10735-w	BANC_v888 260702
VFB_00106fwj	BANC_888:720575941409878895	right side of organism	has_soma_location			BANC888	doi:10.1038/s41586-026-10735-w	BANC_v888 260702
VFB_00107c0i	BANC_888:720575941409879214	right side of organism	has_soma_location			BANC888	doi:10.1038/s41586-026-10735-w	BANC_v888 260702
VFB_00107c0j	BANC_888:720575941409879470	right side of organism	has_soma_location			BANC888	doi:10.1038/s41586-026-10735-w	BANC_v888 260702
VFB_00107c0k	BANC_888:720575941409880367	right side of organism	has_soma_location			BANC888	doi:10.1038/s41586-026-10735-w	BANC_v888 260702
VFB_00106fwk	BANC_888:720575941409881259	right side of organism	has_soma_location			BANC888	doi:10.1038/s41586-026-10735-w	BANC_v888 260702
VFB_00107c0l	BANC_888:720575941409882159	left side of organism	has_soma_location			BANC888	doi:10.1038/s41586-026-10735-w	BANC_v888 260702
VFB_00107c0m	BANC_888:720575941409884331	left side of organism	has_soma_location			BANC888	doi:10.1038/s41586-026-10735-w	BANC_v888 260702
VFB_00107c0n	BANC_888:720575941409886638	right side of organism	has_soma_location			BANC888	doi:10.1038/s41586-026-10735-w	BANC_v888 260702
VFB_00106fwl	BANC_888:720575941409886891	right side of organism	has_soma_location			BANC888	doi:10.1038/s41586-026-10735-w	BANC_v888 260702
VFB_00107c0o	BANC_888:720575941409887406	right side of organism	has_soma_location			BANC888	doi:10.1038/s41586-026-10735-w	BANC_v888 260702
VFB_00107c0p	BANC_888:720575941409888303	left side of organism	has_soma_location			BANC888	doi:10.1038/s41586-026-10735-w	BANC_v888 260702
VFB_00107c0q	BANC_888:720575941409890863	left side of organism	has_soma_location			BANC888	doi:10.1038/s41586-026-10735-w	BANC_v888 260702
VFB_00107c0r	BANC_888:720575941409891375	right side of organism	has_soma_location			BANC888	doi:10.1038/s41586-026-10735-w	BANC_v888 260702
VFB_00107c0s	BANC_888:720575941409892399	right side of organism	has_soma_location			BANC888	doi:10.1038/s41586-026-10735-w	BANC_v888 260702
VFB_00107c0t	BANC_888:720575941409894830	left side of organism	has_soma_location			BANC888	doi:10.1038/s41586-026-10735-w	BANC_v888 260702
VFB_00107c0u	BANC_888:720575941409895983	left side of organism	has_soma_location			BANC888	doi:10.1038/s41586-026-10735-w	BANC_v888 260702
VFB_00107c0v	BANC_888:720575941409899182	left side of organism	has_soma_location			BANC888	doi:10.1038/s41586-026-10735-w	BANC_v888 260702
VFB_00107c0w	BANC_888:720575941409900079	right side of organism	has_soma_location			BANC888	doi:10.1038/s41586-026-10735-w	BANC_v888 260702
VFB_00106fwm	BANC_888:720575941409903531	left side of organism	has_soma_location			BANC888	doi:10.1038/s41586-026-10735-w	BANC_v888 260702
VFB_00106fwn	BANC_888:720575941409904299	left side of organism	has_soma_location			BANC888	doi:10.1038/s41586-026-10735-w	BANC_v888 260702
VFB_00106fwo	BANC_888:720575941409904495	right side of organism	has_soma_location			BANC888	doi:10.1038/s41586-026-10735-w	BANC_v888 260702
VFB_00107c0x	BANC_888:720575941409904814	left side of organism	has_soma_location			BANC888	doi:10.1038/s41586-026-10735-w	BANC_v888 260702
VFB_00107c0y	BANC_888:720575941409905711	right side of organism	has_soma_location			BANC888	doi:10.1038/s41586-026-10735-w	BANC_v888 260702
VFB_00107c0z	BANC_888:720575941409906350	right side of organism	has_soma_location			BANC888	doi:10.1038/s41586-026-10735-w	BANC_v888 260702
VFB_00106fwp	BANC_888:720575941409909675	right side of organism	has_soma_location			BANC888	doi:10.1038/s41586-026-10735-w	BANC_v888 260702
VFB_00107c10	BANC_888:720575941409912111	right side of organism	has_soma_location			BANC888	doi:10.1038/s41586-026-10735-w	BANC_v888 260702
VFB_00106fwr	BANC_888:720575941409916271	left side of organism	has_soma_location			BANC888	doi:10.1038/s41586-026-10735-w	BANC_v888 260702
VFB_00107c11	BANC_888:720575941409917102	left side of organism	has_soma_location			BANC888	doi:10.1038/s41586-026-10735-w	BANC_v888 260702
VFB_00107c12	BANC_888:720575941409917231	right side of organism	has_soma_location			BANC888	doi:10.1038/s41586-026-10735-w	BANC_v888 260702
VFB_00107c13	BANC_888:720575941409917487	right side of organism	has_soma_location			BANC888	doi:10.1038/s41586-026-10735-w	BANC_v888 260702
VFB_00106fwt	BANC_888:720575941409919343	right side of organism	has_soma_location			BANC888	doi:10.1038/s41586-026-10735-w	BANC_v888 260702
VFB_00106fwu	BANC_888:720575941409921707	right side of organism	has_soma_location			BANC888	doi:10.1038/s41586-026-10735-w	BANC_v888 260702
VFB_00107c14	BANC_888:720575941409924399	right side of organism	has_soma_location			BANC888	doi:10.1038/s41586-026-10735-w	BANC_v888 260702
VFB_00107c15	BANC_888:720575941409925167	right side of organism	has_soma_location			BANC888	doi:10.1038/s41586-026-10735-w	BANC_v888 260702
VFB_00107c16	BANC_888:720575941409926703	right side of organism	has_soma_location			BANC888	doi:10.1038/s41586-026-10735-w	BANC_v888 260702
VFB_00106fwv	BANC_888:720575941409927851	right side of organism	has_soma_location			BANC888	doi:10.1038/s41586-026-10735-w	BANC_v888 260702
VFB_00106fww	BANC_888:720575941409928363	right side of organism	has_soma_location			BANC888	doi:10.1038/s41586-026-10735-w	BANC_v888 260702
VFB_00107c17	BANC_888:720575941409928751	right side of organism	has_soma_location			BANC888	doi:10.1038/s41586-026-10735-w	BANC_v888 260702
VFB_00106fwy	BANC_888:720575941409929643	right side of organism	has_soma_location			BANC888	doi:10.1038/s41586-026-10735-w	BANC_v888 260702
VFB_00107c18	BANC_888:720575941409930287	right side of organism	has_soma_location			BANC888	doi:10.1038/s41586-026-10735-w	BANC_v888 260702
VFB_00107c19	BANC_888:720575941409931311	right side of organism	has_soma_location			BANC888	doi:10.1038/s41586-026-10735-w	BANC_v888 260702
VFB_00107c1a	BANC_888:720575941409931694	left side of organism	has_soma_location			BANC888	doi:10.1038/s41586-026-10735-w	BANC_v888 260702
VFB_00107c1b	BANC_888:720575941409932079	right side of organism	has_soma_location			BANC888	doi:10.1038/s41586-026-10735-w	BANC_v888 260702
VFB_00106fwz	BANC_888:720575941409932911	right side of organism	has_soma_location			BANC888	doi:10.1038/s41586-026-10735-w	BANC_v888 260702
VFB_00107c1c	BANC_888:720575941409933230	left side of organism	has_soma_location			BANC888	doi:10.1038/s41586-026-10735-w	BANC_v888 260702
VFB_00107c1d	BANC_888:720575941409933359	right side of organism	has_soma_location			BANC888	doi:10.1038/s41586-026-10735-w	BANC_v888 260702
VFB_00107c1e	BANC_888:720575941409933615	right side of organism	has_soma_location			BANC888	doi:10.1038/s41586-026-10735-w	BANC_v888 260702
VFB_00106fx0	BANC_888:720575941409935471	left side of organism	has_soma_location			BANC888	doi:10.1038/s41586-026-10735-w	BANC_v888 260702
VFB_00107c1f	BANC_888:720575941409937199	left side of organism	has_soma_location			BANC888	doi:10.1038/s41586-026-10735-w	BANC_v888 260702
VFB_00106fx1	BANC_888:720575941409939055	right side of organism	has_soma_location			BANC888	doi:10.1038/s41586-026-10735-w	BANC_v888 260702
VFB_00107c1g	BANC_888:720575941409939759	left side of organism	has_soma_location			BANC888	doi:10.1038/s41586-026-10735-w	BANC_v888 260702
VFB_00107c1h	BANC_888:720575941409943599	left side of organism	has_soma_location			BANC888	doi:10.1038/s41586-026-10735-w	BANC_v888 260702
VFB_00107c1i	BANC_888:720575941409943855	left side of organism	has_soma_location			BANC888	doi:10.1038/s41586-026-10735-w	BANC_v888 260702
VFB_00106fx2	BANC_888:720575941409945259	right side of organism	has_soma_location			BANC888	doi:10.1038/s41586-026-10735-w	BANC_v888 260702
VFB_00107c1j	BANC_888:720575941409945647	right side of organism	has_soma_location			BANC888	doi:10.1038/s41586-026-10735-w	BANC_v888 260702
VFB_00106fx3	BANC_888:720575941409945771	right side of organism	has_soma_location			BANC888	doi:10.1038/s41586-026-10735-w	BANC_v888 260702
VFB_00107c1k	BANC_888:720575941409946671	right side of organism	has_soma_location			BANC888	doi:10.1038/s41586-026-10735-w	BANC_v888 260702
VFB_00107c1l	BANC_888:720575941409949999	left side of organism	has_soma_location			BANC888	doi:10.1038/s41586-026-10735-w	BANC_v888 260702
VFB_00106fx4	BANC_888:720575941409951855	right side of organism	has_soma_location			BANC888	doi:10.1038/s41586-026-10735-w	BANC_v888 260702
VFB_00106fx5	BANC_888:720575941409951915	right side of organism	has_soma_location			BANC888	doi:10.1038/s41586-026-10735-w	BANC_v888 260702
VFB_00107c1m	BANC_888:720575941409959215	left side of organism	has_soma_location			BANC888	doi:10.1038/s41586-026-10735-w	BANC_v888 260702
VFB_00106fx6	BANC_888:720575941409960815	right side of organism	has_soma_location			BANC888	doi:10.1038/s41586-026-10735-w	BANC_v888 260702
VFB_00107c1n	BANC_888:720575941409966895	left side of organism	has_soma_location			BANC888	doi:10.1038/s41586-026-10735-w	BANC_v888 260702
VFB_00107c1o	BANC_888:720575941409969326	left side of organism	has_soma_location			BANC888	doi:10.1038/s41586-026-10735-w	BANC_v888 260702
VFB_00107c1p	BANC_888:720575941409970350	right side of organism	has_soma_location			BANC888	doi:10.1038/s41586-026-10735-w	BANC_v888 260702
VFB_00106fx7	BANC_888:720575941409975663	right side of organism	has_soma_location			BANC888	doi:10.1038/s41586-026-10735-w	BANC_v888 260702
VFB_00107c1q	BANC_888:720575941409976367	right side of organism	has_soma_location			BANC888	doi:10.1038/s41586-026-10735-w	BANC_v888 260702
VFB_00107c1r	BANC_888:720575941409976494	left side of organism	has_soma_location			BANC888	doi:10.1038/s41586-026-10735-w	BANC_v888 260702
VFB_00106fx8	BANC_888:720575941409978223	left side of organism	has_soma_location			BANC888	doi:10.1038/s41586-026-10735-w	BANC_v888 260702
VFB_00107c1s	BANC_888:720575941409979183	right side of organism	has_soma_location			BANC888	doi:10.1038/s41586-026-10735-w	BANC_v888 260702
VFB_00106fx9	BANC_888:720575941409982831	right side of organism	has_soma_location			BANC888	doi:10.1038/s41586-026-10735-w	BANC_v888 260702
VFB_00107c1t	BANC_888:720575941409983279	right side of organism	has_soma_location			BANC888	doi:10.1038/s41586-026-10735-w	BANC_v888 260702
VFB_00107c1u	BANC_888:720575941409983535	right side of organism	has_soma_location			BANC888	doi:10.1038/s41586-026-10735-w	BANC_v888 260702
VFB_00107c1v	BANC_888:720575941409983918	left side of organism	has_soma_location			BANC888	doi:10.1038/s41586-026-10735-w	BANC_v888 260702
VFB_00106fxa	BANC_888:720575941409987695	left side of organism	has_soma_location			BANC888	doi:10.1038/s41586-026-10735-w	BANC_v888 260702
VFB_00107c1w	BANC_888:720575941409988399	right side of organism	has_soma_location			BANC888	doi:10.1038/s41586-026-10735-w	BANC_v888 260702
VFB_00107c1x	BANC_888:720575941409988911	right side of organism	has_soma_location			BANC888	doi:10.1038/s41586-026-10735-w	BANC_v888 260702
VFB_00107c1y	BANC_888:720575941409989038	left side of organism	has_soma_location			BANC888	doi:10.1038/s41586-026-10735-w	BANC_v888 260702
VFB_00107c1z	BANC_888:720575941409989679	right side of organism	has_soma_location			BANC888	doi:10.1038/s41586-026-10735-w	BANC_v888 260702
VFB_00107c20	BANC_888:720575941409992110	left side of organism	has_soma_location			BANC888	doi:10.1038/s41586-026-10735-w	BANC_v888 260702
VFB_00106fxb	BANC_888:720575941409992619	left side of organism	has_soma_location			BANC888	doi:10.1038/s41586-026-10735-w	BANC_v888 260702
VFB_00107c21	BANC_888:720575941409993263	right side of organism	has_soma_location			BANC888	doi:10.1038/s41586-026-10735-w	BANC_v888 260702
VFB_00107c22	BANC_888:720575941409994414	left side of organism	has_soma_location			BANC888	doi:10.1038/s41586-026-10735-w	BANC_v888 260702
VFB_00106fxc	BANC_888:720575941409994863	right side of organism	has_soma_location			BANC888	doi:10.1038/s41586-026-10735-w	BANC_v888 260702
VFB_00107c23	BANC_888:720575941409998507	right side of organism	has_soma_location			BANC888	doi:10.1038/s41586-026-10735-w	BANC_v888 260702
VFB_00107c24	BANC_888:720575941409999278	left side of organism	has_soma_location			BANC888	doi:10.1038/s41586-026-10735-w	BANC_v888 260702
VFB_00107c25	BANC_888:720575941409999663	left side of organism	has_soma_location			BANC888	doi:10.1038/s41586-026-10735-w	BANC_v888 260702
VFB_00107c26	BANC_888:720575941410003630	left side of organism	has_soma_location			BANC888	doi:10.1038/s41586-026-10735-w	BANC_v888 260702
VFB_00106fxd	BANC_888:720575941410004079	left side of organism	has_soma_location			BANC888	doi:10.1038/s41586-026-10735-w	BANC_v888 260702
VFB_00107c27	BANC_888:720575941410004398	left side of organism	has_soma_location			BANC888	doi:10.1038/s41586-026-10735-w	BANC_v888 260702
VFB_00107c28	BANC_888:720575941410005551	right side of organism	has_soma_location			BANC888	doi:10.1038/s41586-026-10735-w	BANC_v888 260702
VFB_00107c29	BANC_888:720575941410006958	left side of organism	has_soma_location			BANC888	doi:10.1038/s41586-026-10735-w	BANC_v888 260702
VFB_00106fxe	BANC_888:720575941410007407	right side of organism	has_soma_location			BANC888	doi:10.1038/s41586-026-10735-w	BANC_v888 260702
VFB_00106fxf	BANC_888:720575941410007663	left side of organism	has_soma_location			BANC888	doi:10.1038/s41586-026-10735-w	BANC_v888 260702
VFB_00107c2a	BANC_888:720575941410009647	right side of organism	has_soma_location			BANC888	doi:10.1038/s41586-026-10735-w	BANC_v888 260702
VFB_00107c2b	BANC_888:720575941410011695	right side of organism	has_soma_location			BANC888	doi:10.1038/s41586-026-10735-w	BANC_v888 260702
VFB_00107c2c	BANC_888:720575941410013614	left side of organism	has_soma_location			BANC888	doi:10.1038/s41586-026-10735-w	BANC_v888 260702
VFB_00106fxg	BANC_888:720575941410014319	left side of organism	has_soma_location			BANC888	doi:10.1038/s41586-026-10735-w	BANC_v888 260702
VFB_00107c2d	BANC_888:720575941410016942	left side of organism	has_soma_location			BANC888	doi:10.1038/s41586-026-10735-w	BANC_v888 260702
VFB_00106fxh	BANC_888:720575941410017391	right side of organism	has_soma_location			BANC888	doi:10.1038/s41586-026-10735-w	BANC_v888 260702
VFB_00106fxi	BANC_888:720575941410018159	left side of organism	has_soma_location			BANC888	doi:10.1038/s41586-026-10735-w	BANC_v888 260702
VFB_00106fxj	BANC_888:720575941410019695	right side of organism	has_soma_location			BANC888	doi:10.1038/s41586-026-10735-w	BANC_v888 260702
VFB_00106fxk	BANC_888:720575941410021231	right side of organism	has_soma_location			BANC888	doi:10.1038/s41586-026-10735-w	BANC_v888 260702
VFB_00107c2e	BANC_888:720575941410021550	left side of organism	has_soma_location			BANC888	doi:10.1038/s41586-026-10735-w	BANC_v888 260702
VFB_00107c2f	BANC_888:720575941410023598	left side of organism	has_soma_location			BANC888	doi:10.1038/s41586-026-10735-w	BANC_v888 260702
VFB_00106fxl	BANC_888:720575941410025071	left side of organism	has_soma_location			BANC888	doi:10.1038/s41586-026-10735-w	BANC_v888 260702
VFB_00107c2g	BANC_888:720575941410029230	left side of organism	has_soma_location			BANC888	doi:10.1038/s41586-026-10735-w	BANC_v888 260702
VFB_00107c2h	BANC_888:720575941410029871	right side of organism	has_soma_location			BANC888	doi:10.1038/s41586-026-10735-w	BANC_v888 260702
VFB_00107c2i	BANC_888:720575941410030895	left side of organism	has_soma_location			BANC888	doi:10.1038/s41586-026-10735-w	BANC_v888 260702
VFB_00107c2j	BANC_888:720575941410031919	right side of organism	has_soma_location			BANC888	doi:10.1038/s41586-026-10735-w	BANC_v888 260702
VFB_00106fxm	BANC_888:720575941410031983	left side of organism	has_soma_location			BANC888	doi:10.1038/s41586-026-10735-w	BANC_v888 260702
VFB_00106fxn	BANC_888:720575941410034859	right side of organism	has_soma_location			BANC888	doi:10.1038/s41586-026-10735-w	BANC_v888 260702
VFB_00107c2k	BANC_888:720575941410034862	left side of organism	has_soma_location			BANC888	doi:10.1038/s41586-026-10735-w	BANC_v888 260702
VFB_00106fxo	BANC_888:720575941410035627	left side of organism	has_soma_location			BANC888	doi:10.1038/s41586-026-10735-w	BANC_v888 260702
VFB_00107c2l	BANC_888:720575941410037295	right side of organism	has_soma_location			BANC888	doi:10.1038/s41586-026-10735-w	BANC_v888 260702
VFB_00106fxp	BANC_888:720575941410037419	left side of organism	has_soma_location			BANC888	doi:10.1038/s41586-026-10735-w	BANC_v888 260702
VFB_00107c2m	BANC_888:720575941410039855	right side of organism	has_soma_location			BANC888	doi:10.1038/s41586-026-10735-w	BANC_v888 260702
VFB_00107c2n	BANC_888:720575941410042159	right side of organism	has_soma_location			BANC888	doi:10.1038/s41586-026-10735-w	BANC_v888 260702
VFB_00107c2o	BANC_888:720575941410043822	left side of organism	has_soma_location			BANC888	doi:10.1038/s41586-026-10735-w	BANC_v888 260702
VFB_00107c2p	BANC_888:720575941410043951	right side of organism	has_soma_location			BANC888	doi:10.1038/s41586-026-10735-w	BANC_v888 260702
VFB_00107c2q	BANC_888:720575941410044078	left side of organism	has_soma_location			BANC888	doi:10.1038/s41586-026-10735-w	BANC_v888 260702
VFB_00106fxq	BANC_888:720575941410047343	left side of organism	has_soma_location			BANC888	doi:10.1038/s41586-026-10735-w	BANC_v888 260702
VFB_00107c2r	BANC_888:720575941410047791	right side of organism	has_soma_location			BANC888	doi:10.1038/s41586-026-10735-w	BANC_v888 260702
VFB_00106fxr	BANC_888:720575941410047855	right side of organism	has_soma_location			BANC888	doi:10.1038/s41586-026-10735-w	BANC_v888 260702
VFB_00107c2s	BANC_888:720575941410049327	right side of organism	has_soma_location			BANC888	doi:10.1038/s41586-026-10735-w	BANC_v888 260702
VFB_00106fxt	BANC_888:720575941410052523	right side of organism	has_soma_location			BANC888	doi:10.1038/s41586-026-10735-w	BANC_v888 260702
VFB_00107c2t	BANC_888:720575941410052975	left side of organism	has_soma_location			BANC888	doi:10.1038/s41586-026-10735-w	BANC_v888 260702
VFB_00107c2u	BANC_888:720575941410053167	left side of organism	has_soma_location			BANC888	doi:10.1038/s41586-026-10735-w	BANC_v888 260702
VFB_00107c2v	BANC_888:720575941410055471	right side of organism	has_soma_location			BANC888	doi:10.1038/s41586-026-10735-w	BANC_v888 260702
VFB_00107c2w	BANC_888:720575941410057007	right side of organism	has_soma_location			BANC888	doi:10.1038/s41586-026-10735-w	BANC_v888 260702
VFB_00107c2x	BANC_888:720575941410060079	right side of organism	has_soma_location			BANC888	doi:10.1038/s41586-026-10735-w	BANC_v888 260702
VFB_00106fxu	BANC_888:720575941410061167	right side of organism	has_soma_location			BANC888	doi:10.1038/s41586-026-10735-w	BANC_v888 260702
VFB_00106fxv	BANC_888:720575941410062703	right side of organism	has_soma_location			BANC888	doi:10.1038/s41586-026-10735-w	BANC_v888 260702
VFB_00107c2y	BANC_888:720575941410062895	left side of organism	has_soma_location			BANC888	doi:10.1038/s41586-026-10735-w	BANC_v888 260702
VFB_00107c2z	BANC_888:720575941410063919	left side of organism	has_soma_location			BANC888	doi:10.1038/s41586-026-10735-w	BANC_v888 260702
VFB_00107c30	BANC_888:720575941410065199	right side of organism	has_soma_location			BANC888	doi:10.1038/s41586-026-10735-w	BANC_v888 260702
VFB_00107c31	BANC_888:720575941410068910	left side of organism	has_soma_location			BANC888	doi:10.1038/s41586-026-10735-w	BANC_v888 260702
VFB_00107c32	BANC_888:720575941410069166	left side of organism	has_soma_location			BANC888	doi:10.1038/s41586-026-10735-w	BANC_v888 260702
VFB_00107c33	BANC_888:720575941410070446	right side of organism	has_soma_location			BANC888	doi:10.1038/s41586-026-10735-w	BANC_v888 260702
VFB_00107c34	BANC_888:720575941410073391	left side of organism	has_soma_location			BANC888	doi:10.1038/s41586-026-10735-w	BANC_v888 260702
VFB_00106fxw	BANC_888:720575941410073711	right side of organism	has_soma_location			BANC888	doi:10.1038/s41586-026-10735-w	BANC_v888 260702
VFB_00107c35	BANC_888:720575941410075310	left side of organism	has_soma_location			BANC888	doi:10.1038/s41586-026-10735-w	BANC_v888 260702
VFB_00107c36	BANC_888:720575941410075822	right side of organism	has_soma_location			BANC888	doi:10.1038/s41586-026-10735-w	BANC_v888 260702
VFB_00107c37	BANC_888:720575941410085423	left side of organism	has_soma_location			BANC888	doi:10.1038/s41586-026-10735-w	BANC_v888 260702
VFB_00107c38	BANC_888:720575941410085806	left side of organism	has_soma_location			BANC888	doi:10.1038/s41586-026-10735-w	BANC_v888 260702
VFB_00107c39	BANC_888:720575941410087727	left side of organism	has_soma_location			BANC888	doi:10.1038/s41586-026-10735-w	BANC_v888 260702
VFB_00106fxx	BANC_888:720575941410088047	left side of organism	has_soma_location			BANC888	doi:10.1038/s41586-026-10735-w	BANC_v888 260702
VFB_00106fxy	BANC_888:720575941410088559	right side of organism	has_soma_location			BANC888	doi:10.1038/s41586-026-10735-w	BANC_v888 260702
VFB_00107c3a	BANC_888:720575941410099118	left side of organism	has_soma_location			BANC888	doi:10.1038/s41586-026-10735-w	BANC_v888 260702
VFB_00107c3b	BANC_888:720575941410099759	left side of organism	has_soma_location			BANC888	doi:10.1038/s41586-026-10735-w	BANC_v888 260702
VFB_00106fxz	BANC_888:720575941410102895	left side of organism	has_soma_location			BANC888	doi:10.1038/s41586-026-10735-w	BANC_v888 260702
VFB_00107c3c	BANC_888:720575941410103343	left side of organism	has_soma_location			BANC888	doi:10.1038/s41586-026-10735-w	BANC_v888 260702
VFB_00107c3d	BANC_888:720575941410104750	left side of organism	has_soma_location			BANC888	doi:10.1038/s41586-026-10735-w	BANC_v888 260702
VFB_00107c3e	BANC_888:720575941410105391	left side of organism	has_soma_location			BANC888	doi:10.1038/s41586-026-10735-w	BANC_v888 260702
VFB_00107c3f	BANC_888:720575941410107054	left side of organism	has_soma_location			BANC888	doi:10.1038/s41586-026-10735-w	BANC_v888 260702
VFB_00106fy0	BANC_888:720575941410107503	right side of organism	has_soma_location			BANC888	doi:10.1038/s41586-026-10735-w	BANC_v888 260702
VFB_00107c3g	BANC_888:720575941410108078	left side of organism	has_soma_location			BANC888	doi:10.1038/s41586-026-10735-w	BANC_v888 260702
VFB_00107c3h	BANC_888:720575941410108590	left side of organism	has_soma_location			BANC888	doi:10.1038/s41586-026-10735-w	BANC_v888 260702
VFB_00106fy1	BANC_888:720575941410113451	left side of organism	has_soma_location			BANC888	doi:10.1038/s41586-026-10735-w	BANC_v888 260702
VFB_00107c3i	BANC_888:720575941410116655	left side of organism	has_soma_location			BANC888	doi:10.1038/s41586-026-10735-w	BANC_v888 260702
VFB_00106fy2	BANC_888:720575941410120107	left side of organism	has_soma_location			BANC888	doi:10.1038/s41586-026-10735-w	BANC_v888 260702
VFB_00106fy3	BANC_888:720575941410121327	right side of organism	has_soma_location			BANC888	doi:10.1038/s41586-026-10735-w	BANC_v888 260702
VFB_00107c3j	BANC_888:720575941410127790	left side of organism	has_soma_location			BANC888	doi:10.1038/s41586-026-10735-w	BANC_v888 260702
VFB_00107c3k	BANC_888:720575941410129455	left side of organism	has_soma_location			BANC888	doi:10.1038/s41586-026-10735-w	BANC_v888 260702
VFB_00106fy4	BANC_888:720575941410131311	left side of organism	has_soma_location			BANC888	doi:10.1038/s41586-026-10735-w	BANC_v888 260702
VFB_00107c3l	BANC_888:720575941410133295	left side of organism	has_soma_location			BANC888	doi:10.1038/s41586-026-10735-w	BANC_v888 260702
VFB_00107c3m	BANC_888:720575941410134063	left side of organism	has_soma_location			BANC888	doi:10.1038/s41586-026-10735-w	BANC_v888 260702
VFB_00107c3n	BANC_888:720575941410136367	left side of organism	has_soma_location			BANC888	doi:10.1038/s41586-026-10735-w	BANC_v888 260702
VFB_00107c3o	BANC_888:720575941410137006	left side of organism	has_soma_location			BANC888	doi:10.1038/s41586-026-10735-w	BANC_v888 260702
VFB_00107c3p	BANC_888:720575941410137647	left side of organism	has_soma_location			BANC888	doi:10.1038/s41586-026-10735-w	BANC_v888 260702
VFB_00107c3q	BANC_888:720575941410138030	left side of organism	has_soma_location			BANC888	doi:10.1038/s41586-026-10735-w	BANC_v888 260702
VFB_00106fy5	BANC_888:720575941410140075	right side of organism	has_soma_location			BANC888	doi:10.1038/s41586-026-10735-w	BANC_v888 260702
VFB_00107c3r	BANC_888:720575941410141102	left side of organism	has_soma_location			BANC888	doi:10.1038/s41586-026-10735-w	BANC_v888 260702
VFB_00107c3s	BANC_888:720575941410143279	left side of organism	has_soma_location			BANC888	doi:10.1038/s41586-026-10735-w	BANC_v888 260702
VFB_00107c3t	BANC_888:720575941410147119	left side of organism	has_soma_location			BANC888	doi:10.1038/s41586-026-10735-w	BANC_v888 260702
VFB_00107c3u	BANC_888:720575941410150703	left side of organism	has_soma_location			BANC888	doi:10.1038/s41586-026-10735-w	BANC_v888 260702
VFB_00107c3v	BANC_888:720575941410151086	left side of organism	has_soma_location			BANC888	doi:10.1038/s41586-026-10735-w	BANC_v888 260702
VFB_00106fy6	BANC_888:720575941410151851	right side of organism	has_soma_location			BANC888	doi:10.1038/s41586-026-10735-w	BANC_v888 260702
VFB_00107c3w	BANC_888:720575941410152495	left side of organism	has_soma_location			BANC888	doi:10.1038/s41586-026-10735-w	BANC_v888 260702
VFB_00107c3x	BANC_888:720575941410153263	right side of organism	has_soma_location			BANC888	doi:10.1038/s41586-026-10735-w	BANC_v888 260702
VFB_00107c3y	BANC_888:720575941410153390	left side of organism	has_soma_location			BANC888	doi:10.1038/s41586-026-10735-w	BANC_v888 260702
VFB_00107c3z	BANC_888:720575941410153646	left side of organism	has_soma_location			BANC888	doi:10.1038/s41586-026-10735-w	BANC_v888 260702
VFB_00107c40	BANC_888:720575941410156591	right side of organism	has_soma_location			BANC888	doi:10.1038/s41586-026-10735-w	BANC_v888 260702
VFB_00107c41	BANC_888:720575941410158510	left side of organism	has_soma_location			BANC888	doi:10.1038/s41586-026-10735-w	BANC_v888 260702
VFB_00107c42	BANC_888:720575941410161711	right side of organism	has_soma_location			BANC888	doi:10.1038/s41586-026-10735-w	BANC_v888 260702
VFB_00107c43	BANC_888:720575941410162094	right side of organism	has_soma_location			BANC888	doi:10.1038/s41586-026-10735-w	BANC_v888 260702
VFB_00107c44	BANC_888:720575941410164783	left side of organism	has_soma_location			BANC888	doi:10.1038/s41586-026-10735-w	BANC_v888 260702
VFB_00106fy7	BANC_888:720575941410166187	right side of organism	has_soma_location			BANC888	doi:10.1038/s41586-026-10735-w	BANC_v888 260702
VFB_00107c45	BANC_888:720575941410166190	right side of organism	has_soma_location			BANC888	doi:10.1038/s41586-026-10735-w	BANC_v888 260702
VFB_00106fy8	BANC_888:720575941410166699	right side of organism	has_soma_location			BANC888	doi:10.1038/s41586-026-10735-w	BANC_v888 260702
VFB_00107c46	BANC_888:720575941410169259	right side of organism	has_soma_location			BANC888	doi:10.1038/s41586-026-10735-w	BANC_v888 260702
VFB_00106fy9	BANC_888:720575941410171051	right side of organism	has_soma_location			BANC888	doi:10.1038/s41586-026-10735-w	BANC_v888 260702
VFB_00106fya	BANC_888:720575941410173355	left side of organism	has_soma_location			BANC888	doi:10.1038/s41586-026-10735-w	BANC_v888 260702
VFB_00107c47	BANC_888:720575941410175406	right side of organism	has_soma_location			BANC888	doi:10.1038/s41586-026-10735-w	BANC_v888 260702
VFB_00107c48	BANC_888:720575941410177454	right side of organism	has_soma_location			BANC888	doi:10.1038/s41586-026-10735-w	BANC_v888 260702
VFB_00107c49	BANC_888:720575941410178863	left side of organism	has_soma_location			BANC888	doi:10.1038/s41586-026-10735-w	BANC_v888 260702
VFB_00106fyb	BANC_888:720575941410180207	right side of organism	has_soma_location			BANC888	doi:10.1038/s41586-026-10735-w	BANC_v888 260702
VFB_00107c4a	BANC_888:720575941410182062	left side of organism	has_soma_location			BANC888	doi:10.1038/s41586-026-10735-w	BANC_v888 260702
VFB_00107c4b	BANC_888:720575941410184622	right side of organism	has_soma_location			BANC888	doi:10.1038/s41586-026-10735-w	BANC_v888 260702
VFB_00107c4c	BANC_888:720575941410185263	left side of organism	has_soma_location			BANC888	doi:10.1038/s41586-026-10735-w	BANC_v888 260702
VFB_00107c4d	BANC_888:720575941410187438	right side of organism	has_soma_location			BANC888	doi:10.1038/s41586-026-10735-w	BANC_v888 260702
VFB_00106fyc	BANC_888:720575941410188715	left side of organism	has_soma_location			BANC888	doi:10.1038/s41586-026-10735-w	BANC_v888 260702
VFB_00107c4e	BANC_888:720575941410189230	right side of organism	has_soma_location			BANC888	doi:10.1038/s41586-026-10735-w	BANC_v888 260702
VFB_00106fyd	BANC_888:720575941410191275	left side of organism	has_soma_location			BANC888	doi:10.1038/s41586-026-10735-w	BANC_v888 260702
VFB_00107c4f	BANC_888:720575941410195247	right side of organism	has_soma_location			BANC888	doi:10.1038/s41586-026-10735-w	BANC_v888 260702
VFB_00107c4g	BANC_888:720575941410195503	left side of organism	has_soma_location			BANC888	doi:10.1038/s41586-026-10735-w	BANC_v888 260702
VFB_00107c4h	BANC_888:720575941410198319	left side of organism	has_soma_location			BANC888	doi:10.1038/s41586-026-10735-w	BANC_v888 260702
VFB_00106fye	BANC_888:720575941410208111	left side of organism	has_soma_location			BANC888	doi:10.1038/s41586-026-10735-w	BANC_v888 260702
VFB_00107c4i	BANC_888:720575941410208559	left side of organism	has_soma_location			BANC888	doi:10.1038/s41586-026-10735-w	BANC_v888 260702
VFB_00107c4j	BANC_888:720575941410208683	left side of organism	has_soma_location			BANC888	doi:10.1038/s41586-026-10735-w	BANC_v888 260702
VFB_00106fyf	BANC_888:720575941410209195	left side of organism	has_soma_location			BANC888	doi:10.1038/s41586-026-10735-w	BANC_v888 260702
VFB_00107c4k	BANC_888:720575941410214703	left side of organism	has_soma_location			BANC888	doi:10.1038/s41586-026-10735-w	BANC_v888 260702
VFB_00107c4l	BANC_888:720575941410218543	left side of organism	has_soma_location			BANC888	doi:10.1038/s41586-026-10735-w	BANC_v888 260702
VFB_00106fyg	BANC_888:720575941410219179	left side of organism	has_soma_location			BANC888	doi:10.1038/s41586-026-10735-w	BANC_v888 260702
VFB_00106fyh	BANC_888:720575941410220715	left side of organism	has_soma_location			BANC888	doi:10.1038/s41586-026-10735-w	BANC_v888 260702
VFB_00106fyi	BANC_888:720575941410223787	left side of organism	has_soma_location			BANC888	doi:10.1038/s41586-026-10735-w	BANC_v888 260702
VFB_00106fyj	BANC_888:720575941410224811	left side of organism	has_soma_location			BANC888	doi:10.1038/s41586-026-10735-w	BANC_v888 260702
VFB_00107c4m	BANC_888:720575941410224943	left side of organism	has_soma_location			BANC888	doi:10.1038/s41586-026-10735-w	BANC_v888 260702
VFB_00106fyk	BANC_888:720575941410225323	left side of organism	has_soma_location			BANC888	doi:10.1038/s41586-026-10735-w	BANC_v888 260702
VFB_00107c4n	BANC_888:720575941410225455	right side of organism	has_soma_location			BANC888	doi:10.1038/s41586-026-10735-w	BANC_v888 260702
VFB_00107c4o	BANC_888:720575941410231599	left side of organism	has_soma_location			BANC888	doi:10.1038/s41586-026-10735-w	BANC_v888 260702
VFB_00107c4p	BANC_888:720575941410236207	left side of organism	has_soma_location			BANC888	doi:10.1038/s41586-026-10735-w	BANC_v888 260702
VFB_00106fym	BANC_888:720575941410238123	left side of organism	has_soma_location			BANC888	doi:10.1038/s41586-026-10735-w	BANC_v888 260702
VFB_00106fyn	BANC_888:720575941410238635	right side of organism	has_soma_location			BANC888	doi:10.1038/s41586-026-10735-w	BANC_v888 260702
VFB_00106fyo	BANC_888:720575941410240939	left side of organism	has_soma_location			BANC888	doi:10.1038/s41586-026-10735-w	BANC_v888 260702
VFB_00106fyp	BANC_888:720575941410243439	left side of organism	has_soma_location			BANC888	doi:10.1038/s41586-026-10735-w	BANC_v888 260702
VFB_00107c4q	BANC_888:720575941410244655	left side of organism	has_soma_location			BANC888	doi:10.1038/s41586-026-10735-w	BANC_v888 260702
VFB_00107c4r	BANC_888:720575941410248239	right side of organism	has_soma_location			BANC888	doi:10.1038/s41586-026-10735-w	BANC_v888 260702
VFB_00107c4s	BANC_888:720575941410249775	left side of organism	has_soma_location			BANC888	doi:10.1038/s41586-026-10735-w	BANC_v888 260702
VFB_00106fyq	BANC_888:720575941410253995	right side of organism	has_soma_location			BANC888	doi:10.1038/s41586-026-10735-w	BANC_v888 260702
VFB_00107c4t	BANC_888:720575941410256175	left side of organism	has_soma_location			BANC888	doi:10.1038/s41586-026-10735-w	BANC_v888 260702
VFB_00106fyr	BANC_888:720575941410259883	left side of organism	has_soma_location			BANC888	doi:10.1038/s41586-026-10735-w	BANC_v888 260702
VFB_00107c4u	BANC_888:720575941410261551	left side of organism	has_soma_location			BANC888	doi:10.1038/s41586-026-10735-w	BANC_v888 260702
VFB_00106fys	BANC_888:720575941410265003	right side of organism	has_soma_location			BANC888	doi:10.1038/s41586-026-10735-w	BANC_v888 260702
VFB_00107c4v	BANC_888:720575941410265391	left side of organism	has_soma_location			BANC888	doi:10.1038/s41586-026-10735-w	BANC_v888 260702
VFB_00107c4w	BANC_888:720575941410265903	left side of organism	has_soma_location			BANC888	doi:10.1038/s41586-026-10735-w	BANC_v888 260702
VFB_00107c4x	BANC_888:720575941410274863	left side of organism	has_soma_location			BANC888	doi:10.1038/s41586-026-10735-w	BANC_v888 260702
VFB_00107c4y	BANC_888:720575941410277679	left side of organism	has_soma_location			BANC888	doi:10.1038/s41586-026-10735-w	BANC_v888 260702
VFB_00106fyt	BANC_888:720575941410281839	left side of organism	has_soma_location			BANC888	doi:10.1038/s41586-026-10735-w	BANC_v888 260702
VFB_00106fyu	BANC_888:720575941410289579	right side of organism	has_soma_location			BANC888	doi:10.1038/s41586-026-10735-w	BANC_v888 260702
VFB_00107c4z	BANC_888:720575941410304303	left side of organism	has_soma_location			BANC888	doi:10.1038/s41586-026-10735-w	BANC_v888 260702
VFB_00106fyv	BANC_888:720575941410305135	left side of organism	has_soma_location			BANC888	doi:10.1038/s41586-026-10735-w	BANC_v888 260702
VFB_00107c50	BANC_888:720575941410305839	right side of organism	has_soma_location			BANC888	doi:10.1038/s41586-026-10735-w	BANC_v888 260702
VFB_00107c51	BANC_888:720575941410317103	left side of organism	has_soma_location			BANC888	doi:10.1038/s41586-026-10735-w	BANC_v888 260702
VFB_00106fyx	BANC_888:720575941410327467	left side of organism	has_soma_location			BANC888	doi:10.1038/s41586-026-10735-w	BANC_v888 260702
VFB_00106fyz	BANC_888:720575941410334379	right side of organism	has_soma_location			BANC888	doi:10.1038/s41586-026-10735-w	BANC_v888 260702
VFB_00106fz0	BANC_888:720575941410337707	left side of organism	has_soma_location			BANC888	doi:10.1038/s41586-026-10735-w	BANC_v888 260702
VFB_00107c52	BANC_888:720575941410338095	left side of organism	has_soma_location			BANC888	doi:10.1038/s41586-026-10735-w	BANC_v888 260702
VFB_00107c53	BANC_888:720575941410342447	left side of organism	has_soma_location			BANC888	doi:10.1038/s41586-026-10735-w	BANC_v888 260702
VFB_00106fz1	BANC_888:720575941410343339	left side of organism	has_soma_location			BANC888	doi:10.1038/s41586-026-10735-w	BANC_v888 260702
VFB_00107c54	BANC_888:720575941410349103	left side of organism	has_soma_location			BANC888	doi:10.1038/s41586-026-10735-w	BANC_v888 260702
VFB_00106fz3	BANC_888:720575941410351019	right side of organism	has_soma_location			BANC888	doi:10.1038/s41586-026-10735-w	BANC_v888 260702
VFB_00106fz4	BANC_888:720575941410352299	right side of organism	has_soma_location			BANC888	doi:10.1038/s41586-026-10735-w	BANC_v888 260702
VFB_00106fz5	BANC_888:720575941410352555	right side of organism	has_soma_location			BANC888	doi:10.1038/s41586-026-10735-w	BANC_v888 260702
VFB_00106fz6	BANC_888:720575941410354347	right side of organism	has_soma_location			BANC888	doi:10.1038/s41586-026-10735-w	BANC_v888 260702
VFB_00107c55	BANC_888:720575941410356527	left side of organism	has_soma_location			BANC888	doi:10.1038/s41586-026-10735-w	BANC_v888 260702
VFB_00107c56	BANC_888:720575941410358575	right side of organism	has_soma_location			BANC888	doi:10.1038/s41586-026-10735-w	BANC_v888 260702
VFB_00106fz7	BANC_888:720575941410359211	left side of organism	has_soma_location			BANC888	doi:10.1038/s41586-026-10735-w	BANC_v888 260702
VFB_00107c57	BANC_888:720575941410363439	left side of organism	has_soma_location			BANC888	doi:10.1038/s41586-026-10735-w	BANC_v888 260702
VFB_00107c58	BANC_888:720575941410364207	left side of organism	has_soma_location			BANC888	doi:10.1038/s41586-026-10735-w	BANC_v888 260702
VFB_00107c59	BANC_888:720575941410364719	left side of organism	has_soma_location			BANC888	doi:10.1038/s41586-026-10735-w	BANC_v888 260702
VFB_00107c5a	BANC_888:720575941410367279	left side of organism	has_soma_location			BANC888	doi:10.1038/s41586-026-10735-w	BANC_v888 260702
VFB_00107c5b	BANC_888:720575941410367535	left side of organism	has_soma_location			BANC888	doi:10.1038/s41586-026-10735-w	BANC_v888 260702
VFB_00107c5c	BANC_888:720575941410370731	right side of organism	has_soma_location			BANC888	doi:10.1038/s41586-026-10735-w	BANC_v888 260702
VFB_00106fz8	BANC_888:720575941410371755	right side of organism	has_soma_location			BANC888	doi:10.1038/s41586-026-10735-w	BANC_v888 260702
VFB_00107c5d	BANC_888:720575941410379311	right side of organism	has_soma_location			BANC888	doi:10.1038/s41586-026-10735-w	BANC_v888 260702
VFB_00107c5e	BANC_888:720575941410381359	right side of organism	has_soma_location			BANC888	doi:10.1038/s41586-026-10735-w	BANC_v888 260702
VFB_00107c5f	BANC_888:720575941410381871	right side of organism	has_soma_location			BANC888	doi:10.1038/s41586-026-10735-w	BANC_v888 260702
VFB_00107c5g	BANC_888:720575941410382127	right side of organism	has_soma_location			BANC888	doi:10.1038/s41586-026-10735-w	BANC_v888 260702
VFB_00107c5h	BANC_888:720575941410385579	right side of organism	has_soma_location			BANC888	doi:10.1038/s41586-026-10735-w	BANC_v888 260702
VFB_00107c5i	BANC_888:720575941410395439	right side of organism	has_soma_location			BANC888	doi:10.1038/s41586-026-10735-w	BANC_v888 260702
VFB_00107c5j	BANC_888:720575941410395951	right side of organism	has_soma_location			BANC888	doi:10.1038/s41586-026-10735-w	BANC_v888 260702
VFB_00107c5k	BANC_888:720575941410396207	right side of organism	has_soma_location			BANC888	doi:10.1038/s41586-026-10735-w	BANC_v888 260702
VFB_00106fz9	BANC_888:720575941410408875	right side of organism	has_soma_location			BANC888	doi:10.1038/s41586-026-10735-w	BANC_v888 260702
VFB_00107c5l	BANC_888:720575941410411567	right side of organism	has_soma_location			BANC888	doi:10.1038/s41586-026-10735-w	BANC_v888 260702
VFB_00107c5m	BANC_888:720575941410411823	right side of organism	has_soma_location			BANC888	doi:10.1038/s41586-026-10735-w	BANC_v888 260702
VFB_00107c5n	BANC_888:720575941410417579	left side of organism	has_soma_location			BANC888	doi:10.1038/s41586-026-10735-w	BANC_v888 260702
VFB_00106fzb	BANC_888:720575941410429099	left side of organism	has_soma_location			BANC888	doi:10.1038/s41586-026-10735-w	BANC_v888 260702
VFB_00106fzc	BANC_888:720575941410431659	left side of organism	has_soma_location			BANC888	doi:10.1038/s41586-026-10735-w	BANC_v888 260702
VFB_00106fzd	BANC_888:720575941410447275	right side of organism	has_soma_location			BANC888	doi:10.1038/s41586-026-10735-w	BANC_v888 260702
VFB_00106fze	BANC_888:720575941410449067	right side of organism	has_soma_location			BANC888	doi:10.1038/s41586-026-10735-w	BANC_v888 260702
VFB_00107c5o	BANC_888:720575941410449323	right side of organism	has_soma_location			BANC888	doi:10.1038/s41586-026-10735-w	BANC_v888 260702
VFB_00106fzf	BANC_888:720575941410453675	left side of organism	has_soma_location			BANC888	doi:10.1038/s41586-026-10735-w	BANC_v888 260702
VFB_00106fzg	BANC_888:720575941410484847	left side of organism	has_soma_location			BANC888	doi:10.1038/s41586-026-10735-w	BANC_v888 260702
VFB_00106fzh	BANC_888:720575941410493099	left side of organism	has_soma_location			BANC888	doi:10.1038/s41586-026-10735-w	BANC_v888 260702
VFB_00106fzj	BANC_888:720575941410517931	right side of organism	has_soma_location			BANC888	doi:10.1038/s41586-026-10735-w	BANC_v888 260702
VFB_00106fzk	BANC_888:720575941410520491	right side of organism	has_soma_location			BANC888	doi:10.1038/s41586-026-10735-w	BANC_v888 260702
VFB_00107c5p	BANC_888:720575941410529451	right side of organism	has_soma_location			BANC888	doi:10.1038/s41586-026-10735-w	BANC_v888 260702
VFB_00107c5q	BANC_888:720575941410549871	left side of organism	has_soma_location			BANC888	doi:10.1038/s41586-026-10735-w	BANC_v888 260702
VFB_00106fzm	BANC_888:720575941410573935	left side of organism	has_soma_location			BANC888	doi:10.1038/s41586-026-10735-w	BANC_v888 260702
VFB_00107c5r	BANC_888:720575941410594671	left side of organism	has_soma_location			BANC888	doi:10.1038/s41586-026-10735-w	BANC_v888 260702
VFB_00106fzo	BANC_888:720575941410595755	right side of organism	has_soma_location			BANC888	doi:10.1038/s41586-026-10735-w	BANC_v888 260702
VFB_00107c5s	BANC_888:720575941410601583	left side of organism	has_soma_location			BANC888	doi:10.1038/s41586-026-10735-w	BANC_v888 260702
VFB_00107c5t	BANC_888:720575941410612395	right side of organism	has_soma_location			BANC888	doi:10.1038/s41586-026-10735-w	BANC_v888 260702
VFB_00106fzq	BANC_888:720575941410637679	right side of organism	has_soma_location			BANC888	doi:10.1038/s41586-026-10735-w	BANC_v888 260702
VFB_00106fzr	BANC_888:720575941410638612	right side of organism	has_soma_location			BANC888	doi:10.1038/s41586-026-10735-w	BANC_v888 260702
VFB_00107c5u	BANC_888:720575941410646036	right side of organism	has_soma_location			BANC888	doi:10.1038/s41586-026-10735-w	BANC_v888 260702
VFB_00106fzs	BANC_888:720575941410651051	right side of organism	has_soma_location			BANC888	doi:10.1038/s41586-026-10735-w	BANC_v888 260702
VFB_00106fzt	BANC_888:720575941410652271	left side of organism	has_soma_location			BANC888	doi:10.1038/s41586-026-10735-w	BANC_v888 260702
VFB_00107c5v	BANC_888:720575941410655659	right side of organism	has_soma_location			BANC888	doi:10.1038/s41586-026-10735-w	BANC_v888 260702
VFB_00107c5w	BANC_888:720575941410658475	right side of organism	has_soma_location			BANC888	doi:10.1038/s41586-026-10735-w	BANC_v888 260702
VFB_00107c5x	BANC_888:720575941410659499	right side of organism	has_soma_location			BANC888	doi:10.1038/s41586-026-10735-w	BANC_v888 260702
VFB_00106fzu	BANC_888:720575941410665583	left side of organism	has_soma_location			BANC888	doi:10.1038/s41586-026-10735-w	BANC_v888 260702
VFB_00106fzv	BANC_888:720575941410671275	right side of organism	has_soma_location			BANC888	doi:10.1038/s41586-026-10735-w	BANC_v888 260702
VFB_00107c5y	BANC_888:720575941410672811	right side of organism	has_soma_location			BANC888	doi:10.1038/s41586-026-10735-w	BANC_v888 260702
VFB_00106fzw	BANC_888:720575941410682479	left side of organism	has_soma_location			BANC888	doi:10.1038/s41586-026-10735-w	BANC_v888 260702
VFB_00107c5z	BANC_888:720575941410683307	right side of organism	has_soma_location			BANC888	doi:10.1038/s41586-026-10735-w	BANC_v888 260702
VFB_00106fzy	BANC_888:720575941410701227	right side of organism	has_soma_location			BANC888	doi:10.1038/s41586-026-10735-w	BANC_v888 260702
VFB_00106fzz	BANC_888:720575941410701739	right side of organism	has_soma_location			BANC888	doi:10.1038/s41586-026-10735-w	BANC_v888 260702
VFB_00106g00	BANC_888:720575941410706091	right side of organism	has_soma_location			BANC888	doi:10.1038/s41586-026-10735-w	BANC_v888 260702
VFB_00106g02	BANC_888:720575941410714027	right side of organism	has_soma_location			BANC888	doi:10.1038/s41586-026-10735-w	BANC_v888 260702
VFB_00106g03	BANC_888:720575941410718123	right side of organism	has_soma_location			BANC888	doi:10.1038/s41586-026-10735-w	BANC_v888 260702
VFB_00106g04	BANC_888:720575941410721195	left side of organism	has_soma_location			BANC888	doi:10.1038/s41586-026-10735-w	BANC_v888 260702
VFB_00107c60	BANC_888:720575941410721647	right side of organism	has_soma_location			BANC888	doi:10.1038/s41586-026-10735-w	BANC_v888 260702
VFB_00107c61	BANC_888:720575941410725291	left side of organism	has_soma_location			BANC888	doi:10.1038/s41586-026-10735-w	BANC_v888 260702
VFB_00107c62	BANC_888:720575941410728363	left side of organism	has_soma_location			BANC888	doi:10.1038/s41586-026-10735-w	BANC_v888 260702
VFB_00106g05	BANC_888:720575941410732203	right side of organism	has_soma_location			BANC888	doi:10.1038/s41586-026-10735-w	BANC_v888 260702
VFB_00107c63	BANC_888:720575941410740847	left side of organism	has_soma_location			BANC888	doi:10.1038/s41586-026-10735-w	BANC_v888 260702
VFB_00106g06	BANC_888:720575941410742895	right side of organism	has_soma_location			BANC888	doi:10.1038/s41586-026-10735-w	BANC_v888 260702
VFB_00106g07	BANC_888:720575941410747503	right side of organism	has_soma_location			BANC888	doi:10.1038/s41586-026-10735-w	BANC_v888 260702
VFB_00106g09	BANC_888:720575941410754415	right side of organism	has_soma_location			BANC888	doi:10.1038/s41586-026-10735-w	BANC_v888 260702
VFB_00106g0a	BANC_888:720575941410757487	right side of organism	has_soma_location			BANC888	doi:10.1038/s41586-026-10735-w	BANC_v888 260702
VFB_00106g0b	BANC_888:720575941410758059	right side of organism	has_soma_location			BANC888	doi:10.1038/s41586-026-10735-w	BANC_v888 260702
VFB_00106g0c	BANC_888:720575941410758511	right side of organism	has_soma_location			BANC888	doi:10.1038/s41586-026-10735-w	BANC_v888 260702
VFB_00106g0d	BANC_888:720575941410759023	right side of organism	has_soma_location			BANC888	doi:10.1038/s41586-026-10735-w	BANC_v888 260702
VFB_00106g0f	BANC_888:720575941410768811	left side of organism	has_soma_location			BANC888	doi:10.1038/s41586-026-10735-w	BANC_v888 260702
VFB_00107c64	BANC_888:720575941410769835	right side of organism	has_soma_location			BANC888	doi:10.1038/s41586-026-10735-w	BANC_v888 260702
VFB_00106g0g	BANC_888:720575941410775151	right side of organism	has_soma_location			BANC888	doi:10.1038/s41586-026-10735-w	BANC_v888 260702
VFB_00106g0h	BANC_888:720575941410777003	right side of organism	has_soma_location			BANC888	doi:10.1038/s41586-026-10735-w	BANC_v888 260702
VFB_00106g0i	BANC_888:720575941410779503	right side of organism	has_soma_location			BANC888	doi:10.1038/s41586-026-10735-w	BANC_v888 260702
VFB_00106g0j	BANC_888:720575941410787755	left side of organism	has_soma_location			BANC888	doi:10.1038/s41586-026-10735-w	BANC_v888 260702
VFB_00106g0k	BANC_888:720575941410789035	left side of organism	has_soma_location			BANC888	doi:10.1038/s41586-026-10735-w	BANC_v888 260702
VFB_00106g0l	BANC_888:720575941410790315	left side of organism	has_soma_location			BANC888	doi:10.1038/s41586-026-10735-w	BANC_v888 260702
VFB_00106g0n	BANC_888:720575941410795375	right side of organism	has_soma_location			BANC888	doi:10.1038/s41586-026-10735-w	BANC_v888 260702
VFB_00106g0o	BANC_888:720575941410795631	right side of organism	has_soma_location			BANC888	doi:10.1038/s41586-026-10735-w	BANC_v888 260702
VFB_00106g0p	BANC_888:720575941410798703	right side of organism	has_soma_location			BANC888	doi:10.1038/s41586-026-10735-w	BANC_v888 260702
VFB_00106g0r	BANC_888:720575941410811307	left side of organism	has_soma_location			BANC888	doi:10.1038/s41586-026-10735-w	BANC_v888 260702
VFB_00106g0s	BANC_888:720575941410815659	right side of organism	has_soma_location			BANC888	doi:10.1038/s41586-026-10735-w	BANC_v888 260702
VFB_00106g0u	BANC_888:720575941410829935	right side of organism	has_soma_location			BANC888	doi:10.1038/s41586-026-10735-w	BANC_v888 260702
VFB_00106g0v	BANC_888:720575941410831727	right side of organism	has_soma_location			BANC888	doi:10.1038/s41586-026-10735-w	BANC_v888 260702
VFB_00107c65	BANC_888:720575941410832043	right side of organism	has_soma_location			BANC888	doi:10.1038/s41586-026-10735-w	BANC_v888 260702
VFB_00107c66	BANC_888:720575941410836395	right side of organism	has_soma_location			BANC888	doi:10.1038/s41586-026-10735-w	BANC_v888 260702
VFB_00106g0x	BANC_888:720575941410840491	right side of organism	has_soma_location			BANC888	doi:10.1038/s41586-026-10735-w	BANC_v888 260702
VFB_00106g0y	BANC_888:720575941410841515	right side of organism	has_soma_location			BANC888	doi:10.1038/s41586-026-10735-w	BANC_v888 260702
VFB_00106g0z	BANC_888:720575941410849135	right side of organism	has_soma_location			BANC888	doi:10.1038/s41586-026-10735-w	BANC_v888 260702
VFB_00106g10	BANC_888:720575941410852975	right side of organism	has_soma_location			BANC888	doi:10.1038/s41586-026-10735-w	BANC_v888 260702
VFB_00106g11	BANC_888:720575941410854571	right side of organism	has_soma_location			BANC888	doi:10.1038/s41586-026-10735-w	BANC_v888 260702
VFB_00107c67	BANC_888:720575941410858155	right side of organism	has_soma_location			BANC888	doi:10.1038/s41586-026-10735-w	BANC_v888 260702
VFB_00106g12	BANC_888:720575941410858607	right side of organism	has_soma_location			BANC888	doi:10.1038/s41586-026-10735-w	BANC_v888 260702
VFB_00107c68	BANC_888:720575941410859435	right side of organism	has_soma_location			BANC888	doi:10.1038/s41586-026-10735-w	BANC_v888 260702
VFB_00106g13	BANC_888:720575941410860399	right side of organism	has_soma_location			BANC888	doi:10.1038/s41586-026-10735-w	BANC_v888 260702
VFB_00106g14	BANC_888:720575941410862703	right side of organism	has_soma_location			BANC888	doi:10.1038/s41586-026-10735-w	BANC_v888 260702
VFB_00106g15	BANC_888:720575941410865775	right side of organism	has_soma_location			BANC888	doi:10.1038/s41586-026-10735-w	BANC_v888 260702
VFB_00106g16	BANC_888:720575941410865835	right side of organism	has_soma_location			BANC888	doi:10.1038/s41586-026-10735-w	BANC_v888 260702
VFB_00107c69	BANC_888:720575941410870699	right side of organism	has_soma_location			BANC888	doi:10.1038/s41586-026-10735-w	BANC_v888 260702
VFB_00106g18	BANC_888:720575941410875503	right side of organism	has_soma_location			BANC888	doi:10.1038/s41586-026-10735-w	BANC_v888 260702
VFB_00107c6a	BANC_888:720575941410878123	right side of organism	has_soma_location			BANC888	doi:10.1038/s41586-026-10735-w	BANC_v888 260702
VFB_00106g1a	BANC_888:720575941410898799	right side of organism	has_soma_location			BANC888	doi:10.1038/s41586-026-10735-w	BANC_v888 260702
VFB_00106g1b	BANC_888:720575941410907759	right side of organism	has_soma_location			BANC888	doi:10.1038/s41586-026-10735-w	BANC_v888 260702
VFB_00106g1c	BANC_888:720575941410908527	right side of organism	has_soma_location			BANC888	doi:10.1038/s41586-026-10735-w	BANC_v888 260702
VFB_00106g1d	BANC_888:720575941410915951	right side of organism	has_soma_location			BANC888	doi:10.1038/s41586-026-10735-w	BANC_v888 260702
VFB_00106g1e	BANC_888:720575941410921387	right side of organism	has_soma_location			BANC888	doi:10.1038/s41586-026-10735-w	BANC_v888 260702
VFB_00106g1f	BANC_888:720575941410923119	right side of organism	has_soma_location			BANC888	doi:10.1038/s41586-026-10735-w	BANC_v888 260702
VFB_00106g1g	BANC_888:720575941410937455	right side of organism	has_soma_location			BANC888	doi:10.1038/s41586-026-10735-w	BANC_v888 260702
VFB_00106g1h	BANC_888:720575941410940843	right side of organism	has_soma_location			BANC888	doi:10.1038/s41586-026-10735-w	BANC_v888 260702
VFB_00107c6b	BANC_888:720575941410948011	right side of organism	has_soma_location			BANC888	doi:10.1038/s41586-026-10735-w	BANC_v888 260702
VFB_00106g1j	BANC_888:720575941410952363	right side of organism	has_soma_location			BANC888	doi:10.1038/s41586-026-10735-w	BANC_v888 260702
VFB_00106g1l	BANC_888:720575941410958703	right side of organism	has_soma_location			BANC888	doi:10.1038/s41586-026-10735-w	BANC_v888 260702
VFB_00107c6c	BANC_888:720575941410971051	left side of organism	has_soma_location			BANC888	doi:10.1038/s41586-026-10735-w	BANC_v888 260702
VFB_00106g1o	BANC_888:720575941410978159	right side of organism	has_soma_location			BANC888	doi:10.1038/s41586-026-10735-w	BANC_v888 260702
VFB_00107c6d	BANC_888:720575941410981487	right side of organism	has_soma_location			BANC888	doi:10.1038/s41586-026-10735-w	BANC_v888 260702
VFB_00107c6e	BANC_888:720575941410985839	left side of organism	has_soma_location			BANC888	doi:10.1038/s41586-026-10735-w	BANC_v888 260702
VFB_00107c6f	BANC_888:720575941410988203	left side of organism	has_soma_location			BANC888	doi:10.1038/s41586-026-10735-w	BANC_v888 260702
VFB_00106g1p	BANC_888:720575941410988459	right side of organism	has_soma_location			BANC888	doi:10.1038/s41586-026-10735-w	BANC_v888 260702
VFB_00106g1q	BANC_888:720575941410989227	right side of organism	has_soma_location			BANC888	doi:10.1038/s41586-026-10735-w	BANC_v888 260702
VFB_00107c6g	BANC_888:720575941410989995	left side of organism	has_soma_location			BANC888	doi:10.1038/s41586-026-10735-w	BANC_v888 260702
VFB_00106g1r	BANC_888:720575941410991471	right side of organism	has_soma_location			BANC888	doi:10.1038/s41586-026-10735-w	BANC_v888 260702
VFB_00106g1t	BANC_888:720575941411007855	right side of organism	has_soma_location			BANC888	doi:10.1038/s41586-026-10735-w	BANC_v888 260702
VFB_00106g1u	BANC_888:720575941411019119	right side of organism	has_soma_location			BANC888	doi:10.1038/s41586-026-10735-w	BANC_v888 260702
VFB_00106g1v	BANC_888:720575941411022191	right side of organism	has_soma_location			BANC888	doi:10.1038/s41586-026-10735-w	BANC_v888 260702
VFB_00107c6h	BANC_888:720575941411033967	right side of organism	has_soma_location			BANC888	doi:10.1038/s41586-026-10735-w	BANC_v888 260702
VFB_00106g1x	BANC_888:720575941411034991	right side of organism	has_soma_location			BANC888	doi:10.1038/s41586-026-10735-w	BANC_v888 260702
VFB_00107c6i	BANC_888:720575941411040939	right side of organism	has_soma_location			BANC888	doi:10.1038/s41586-026-10735-w	BANC_v888 260702
VFB_00106g1y	BANC_888:720575941411041647	right side of organism	has_soma_location			BANC888	doi:10.1038/s41586-026-10735-w	BANC_v888 260702
VFB_00106g1z	BANC_888:720575941411041903	right side of organism	has_soma_location			BANC888	doi:10.1038/s41586-026-10735-w	BANC_v888 260702
VFB_00106g21	BANC_888:720575941411046511	right side of organism	has_soma_location			BANC888	doi:10.1038/s41586-026-10735-w	BANC_v888 260702
VFB_00106g22	BANC_888:720575941411046767	right side of organism	has_soma_location			BANC888	doi:10.1038/s41586-026-10735-w	BANC_v888 260702
VFB_00107c6j	BANC_888:720575941411050607	right side of organism	has_soma_location			BANC888	doi:10.1038/s41586-026-10735-w	BANC_v888 260702
VFB_00107c6k	BANC_888:720575941411054959	right side of organism	has_soma_location			BANC888	doi:10.1038/s41586-026-10735-w	BANC_v888 260702
VFB_00106g23	BANC_888:720575941411056239	right side of organism	has_soma_location			BANC888	doi:10.1038/s41586-026-10735-w	BANC_v888 260702
VFB_00106g24	BANC_888:720575941411061419	right side of organism	has_soma_location			BANC888	doi:10.1038/s41586-026-10735-w	BANC_v888 260702
VFB_00106g25	BANC_888:720575941411066735	right side of organism	has_soma_location			BANC888	doi:10.1038/s41586-026-10735-w	BANC_v888 260702
VFB_00107c6l	BANC_888:720575941411068783	right side of organism	has_soma_location			BANC888	doi:10.1038/s41586-026-10735-w	BANC_v888 260702
VFB_00107c6m	BANC_888:720575941411069867	left side of organism	has_soma_location			BANC888	doi:10.1038/s41586-026-10735-w	BANC_v888 260702
VFB_00107c6n	BANC_888:720575941411070123	left side of organism	has_soma_location			BANC888	doi:10.1038/s41586-026-10735-w	BANC_v888 260702
VFB_00107c6o	BANC_888:720575941411071915	right side of organism	has_soma_location			BANC888	doi:10.1038/s41586-026-10735-w	BANC_v888 260702
VFB_00106g26	BANC_888:720575941411072427	right side of organism	has_soma_location			BANC888	doi:10.1038/s41586-026-10735-w	BANC_v888 260702
VFB_00106g28	BANC_888:720575941411076975	right side of organism	has_soma_location			BANC888	doi:10.1038/s41586-026-10735-w	BANC_v888 260702
VFB_00106g29	BANC_888:720575941411078827	right side of organism	has_soma_location			BANC888	doi:10.1038/s41586-026-10735-w	BANC_v888 260702
VFB_00106g2a	BANC_888:720575941411085995	right side of organism	has_soma_location			BANC888	doi:10.1038/s41586-026-10735-w	BANC_v888 260702
VFB_00107c6p	BANC_888:720575941411098539	right side of organism	has_soma_location			BANC888	doi:10.1038/s41586-026-10735-w	BANC_v888 260702
VFB_00107c6q	BANC_888:720575941411102891	right side of organism	has_soma_location			BANC888	doi:10.1038/s41586-026-10735-w	BANC_v888 260702
VFB_00107c6r	BANC_888:720575941411106731	left side of organism	has_soma_location			BANC888	doi:10.1038/s41586-026-10735-w	BANC_v888 260702
VFB_00107c6s	BANC_888:720575941411109803	left side of organism	has_soma_location			BANC888	doi:10.1038/s41586-026-10735-w	BANC_v888 260702
VFB_00106g2d	BANC_888:720575941411113387	right side of organism	has_soma_location			BANC888	doi:10.1038/s41586-026-10735-w	BANC_v888 260702
VFB_00106g2f	BANC_888:720575941411117483	right side of organism	has_soma_location			BANC888	doi:10.1038/s41586-026-10735-w	BANC_v888 260702
VFB_00106g2h	BANC_888:720575941411130283	right side of organism	has_soma_location			BANC888	doi:10.1038/s41586-026-10735-w	BANC_v888 260702
VFB_00106g2i	BANC_888:720575941411131819	left side of organism	has_soma_location			BANC888	doi:10.1038/s41586-026-10735-w	BANC_v888 260702
VFB_00107c6t	BANC_888:720575941411135659	right side of organism	has_soma_location			BANC888	doi:10.1038/s41586-026-10735-w	BANC_v888 260702
VFB_00107c6u	BANC_888:720575941411137451	left side of organism	has_soma_location			BANC888	doi:10.1038/s41586-026-10735-w	BANC_v888 260702
VFB_00106g2j	BANC_888:720575941411143083	right side of organism	has_soma_location			BANC888	doi:10.1038/s41586-026-10735-w	BANC_v888 260702
VFB_00106g2n	BANC_888:720575941411165099	right side of organism	has_soma_location			BANC888	doi:10.1038/s41586-026-10735-w	BANC_v888 260702
VFB_00106g2o	BANC_888:720575941411166891	left side of organism	has_soma_location			BANC888	doi:10.1038/s41586-026-10735-w	BANC_v888 260702
VFB_00106g2p	BANC_888:720575941411172779	right side of organism	has_soma_location			BANC888	doi:10.1038/s41586-026-10735-w	BANC_v888 260702
VFB_00106g2q	BANC_888:720575941411173035	right side of organism	has_soma_location			BANC888	doi:10.1038/s41586-026-10735-w	BANC_v888 260702
VFB_00106g2r	BANC_888:720575941411176107	right side of organism	has_soma_location			BANC888	doi:10.1038/s41586-026-10735-w	BANC_v888 260702
VFB_00106g2s	BANC_888:720575941411178095	right side of organism	has_soma_location			BANC888	doi:10.1038/s41586-026-10735-w	BANC_v888 260702
VFB_00106g2t	BANC_888:720575941411178411	left side of organism	has_soma_location			BANC888	doi:10.1038/s41586-026-10735-w	BANC_v888 260702
VFB_00106g2u	BANC_888:720575941411180203	right side of organism	has_soma_location			BANC888	doi:10.1038/s41586-026-10735-w	BANC_v888 260702
VFB_00107c6v	BANC_888:720575941411181739	right side of organism	has_soma_location			BANC888	doi:10.1038/s41586-026-10735-w	BANC_v888 260702
VFB_00106g2w	BANC_888:720575941411184043	right side of organism	has_soma_location			BANC888	doi:10.1038/s41586-026-10735-w	BANC_v888 260702
VFB_00106g2x	BANC_888:720575941411188395	right side of organism	has_soma_location			BANC888	doi:10.1038/s41586-026-10735-w	BANC_v888 260702
VFB_00106g2y	BANC_888:720575941411191723	left side of organism	has_soma_location			BANC888	doi:10.1038/s41586-026-10735-w	BANC_v888 260702
VFB_00106g2z	BANC_888:720575941411192235	right side of organism	has_soma_location			BANC888	doi:10.1038/s41586-026-10735-w	BANC_v888 260702
VFB_00106g30	BANC_888:720575941411196075	right side of organism	has_soma_location			BANC888	doi:10.1038/s41586-026-10735-w	BANC_v888 260702
VFB_00106g31	BANC_888:720575941411197867	left side of organism	has_soma_location			BANC888	doi:10.1038/s41586-026-10735-w	BANC_v888 260702
VFB_00106g32	BANC_888:720575941411198635	right side of organism	has_soma_location			BANC888	doi:10.1038/s41586-026-10735-w	BANC_v888 260702
VFB_00106g33	BANC_888:720575941411205547	left side of organism	has_soma_location			BANC888	doi:10.1038/s41586-026-10735-w	BANC_v888 260702
VFB_00106g34	BANC_888:720575941411207535	left side of organism	has_soma_location			BANC888	doi:10.1038/s41586-026-10735-w	BANC_v888 260702
VFB_00106g35	BANC_888:720575941411208875	right side of organism	has_soma_location			BANC888	doi:10.1038/s41586-026-10735-w	BANC_v888 260702
VFB_00106g36	BANC_888:720575941411209131	right side of organism	has_soma_location			BANC888	doi:10.1038/s41586-026-10735-w	BANC_v888 260702
VFB_00106g37	BANC_888:720575941411210155	left side of organism	has_soma_location			BANC888	doi:10.1038/s41586-026-10735-w	BANC_v888 260702
VFB_00106g38	BANC_888:720575941411210667	right side of organism	has_soma_location			BANC888	doi:10.1038/s41586-026-10735-w	BANC_v888 260702
VFB_00106g39	BANC_888:720575941411212203	right side of organism	has_soma_location			BANC888	doi:10.1038/s41586-026-10735-w	BANC_v888 260702
VFB_00106g3b	BANC_888:720575941411216043	right side of organism	has_soma_location			BANC888	doi:10.1038/s41586-026-10735-w	BANC_v888 260702
VFB_00107c6w	BANC_888:720575941411219115	left side of organism	has_soma_location			BANC888	doi:10.1038/s41586-026-10735-w	BANC_v888 260702
VFB_00106g3d	BANC_888:720575941411222699	right side of organism	has_soma_location			BANC888	doi:10.1038/s41586-026-10735-w	BANC_v888 260702
VFB_00106g3e	BANC_888:720575941411223211	left side of organism	has_soma_location			BANC888	doi:10.1038/s41586-026-10735-w	BANC_v888 260702
VFB_00106g3g	BANC_888:720575941411225711	left side of organism	has_soma_location			BANC888	doi:10.1038/s41586-026-10735-w	BANC_v888 260702
VFB_00106g3i	BANC_888:720575941411229867	left side of organism	has_soma_location			BANC888	doi:10.1038/s41586-026-10735-w	BANC_v888 260702
VFB_00106g3j	BANC_888:720575941411230831	left side of organism	has_soma_location			BANC888	doi:10.1038/s41586-026-10735-w	BANC_v888 260702
VFB_00106g3k	BANC_888:720575941411231147	left side of organism	has_soma_location			BANC888	doi:10.1038/s41586-026-10735-w	BANC_v888 260702
VFB_00107c6x	BANC_888:720575941411233707	left side of organism	has_soma_location			BANC888	doi:10.1038/s41586-026-10735-w	BANC_v888 260702
VFB_00107c6y	BANC_888:720575941411234219	left side of organism	has_soma_location			BANC888	doi:10.1038/s41586-026-10735-w	BANC_v888 260702
VFB_00106g3l	BANC_888:720575941411248811	left side of organism	has_soma_location			BANC888	doi:10.1038/s41586-026-10735-w	BANC_v888 260702
VFB_00106g3n	BANC_888:720575941411252907	right side of organism	has_soma_location			BANC888	doi:10.1038/s41586-026-10735-w	BANC_v888 260702
VFB_00107c6z	BANC_888:720575941411270315	left side of organism	has_soma_location			BANC888	doi:10.1038/s41586-026-10735-w	BANC_v888 260702
VFB_00106g3p	BANC_888:720575941411271279	right side of organism	has_soma_location			BANC888	doi:10.1038/s41586-026-10735-w	BANC_v888 260702
VFB_00107c70	BANC_888:720575941411274095	right side of organism	has_soma_location			BANC888	doi:10.1038/s41586-026-10735-w	BANC_v888 260702
VFB_00106g3q	BANC_888:720575941411286383	right side of organism	has_soma_location			BANC888	doi:10.1038/s41586-026-10735-w	BANC_v888 260702
VFB_00106g3r	BANC_888:720575941411290539	left side of organism	has_soma_location			BANC888	doi:10.1038/s41586-026-10735-w	BANC_v888 260702
VFB_00106g3s	BANC_888:720575941411293039	right side of organism	has_soma_location			BANC888	doi:10.1038/s41586-026-10735-w	BANC_v888 260702
VFB_00107c71	BANC_888:720575941411295343	right side of organism	has_soma_location			BANC888	doi:10.1038/s41586-026-10735-w	BANC_v888 260702
VFB_00106g3t	BANC_888:720575941411300719	right side of organism	has_soma_location			BANC888	doi:10.1038/s41586-026-10735-w	BANC_v888 260702
VFB_00107c72	BANC_888:720575941411303339	right side of organism	has_soma_location			BANC888	doi:10.1038/s41586-026-10735-w	BANC_v888 260702
VFB_00106g3u	BANC_888:720575941411316139	left side of organism	has_soma_location			BANC888	doi:10.1038/s41586-026-10735-w	BANC_v888 260702
VFB_00106g3v	BANC_888:720575941411320491	right side of organism	has_soma_location			BANC888	doi:10.1038/s41586-026-10735-w	BANC_v888 260702
VFB_00106g3w	BANC_888:720575941411322479	right side of organism	has_soma_location			BANC888	doi:10.1038/s41586-026-10735-w	BANC_v888 260702
VFB_00106g3x	BANC_888:720575941411332719	right side of organism	has_soma_location			BANC888	doi:10.1038/s41586-026-10735-w	BANC_v888 260702
VFB_00106g3y	BANC_888:720575941411336047	right side of organism	has_soma_location			BANC888	doi:10.1038/s41586-026-10735-w	BANC_v888 260702
VFB_00106g3z	BANC_888:720575941411343531	right side of organism	has_soma_location			BANC888	doi:10.1038/s41586-026-10735-w	BANC_v888 260702
VFB_00106g40	BANC_888:720575941411344043	right side of organism	has_soma_location			BANC888	doi:10.1038/s41586-026-10735-w	BANC_v888 260702
VFB_00106g41	BANC_888:720575941411344811	left side of organism	has_soma_location			BANC888	doi:10.1038/s41586-026-10735-w	BANC_v888 260702
VFB_00107c73	BANC_888:720575941411353711	right side of organism	has_soma_location			BANC888	doi:10.1038/s41586-026-10735-w	BANC_v888 260702
VFB_00106g43	BANC_888:720575941411356843	right side of organism	has_soma_location			BANC888	doi:10.1038/s41586-026-10735-w	BANC_v888 260702
VFB_00106g44	BANC_888:720575941411357355	right side of organism	has_soma_location			BANC888	doi:10.1038/s41586-026-10735-w	BANC_v888 260702
VFB_00106g46	BANC_888:720575941411358575	right side of organism	has_soma_location			BANC888	doi:10.1038/s41586-026-10735-w	BANC_v888 260702
VFB_00106g47	BANC_888:720575941411360111	right side of organism	has_soma_location			BANC888	doi:10.1038/s41586-026-10735-w	BANC_v888 260702
VFB_00106g48	BANC_888:720575941411371691	right side of organism	has_soma_location			BANC888	doi:10.1038/s41586-026-10735-w	BANC_v888 260702
VFB_00106g49	BANC_888:720575941411378799	right side of organism	has_soma_location			BANC888	doi:10.1038/s41586-026-10735-w	BANC_v888 260702
VFB_00107c74	BANC_888:720575941411378859	right side of organism	has_soma_location			BANC888	doi:10.1038/s41586-026-10735-w	BANC_v888 260702
VFB_00106g4c	BANC_888:720575941411390123	right side of organism	has_soma_location			BANC888	doi:10.1038/s41586-026-10735-w	BANC_v888 260702
VFB_00106g4d	BANC_888:720575941411391659	right side of organism	has_soma_location			BANC888	doi:10.1038/s41586-026-10735-w	BANC_v888 260702
VFB_00106g4e	BANC_888:720575941411393195	right side of organism	has_soma_location			BANC888	doi:10.1038/s41586-026-10735-w	BANC_v888 260702
VFB_00106g4f	BANC_888:720575941411400815	right side of organism	has_soma_location			BANC888	doi:10.1038/s41586-026-10735-w	BANC_v888 260702
VFB_00106g4g	BANC_888:720575941411401131	right side of organism	has_soma_location			BANC888	doi:10.1038/s41586-026-10735-w	BANC_v888 260702
VFB_00106g4h	BANC_888:720575941411401387	left side of organism	has_soma_location			BANC888	doi:10.1038/s41586-026-10735-w	BANC_v888 260702
VFB_00106g4i	BANC_888:720575941411402155	left side of organism	has_soma_location			BANC888	doi:10.1038/s41586-026-10735-w	BANC_v888 260702
VFB_00106g4j	BANC_888:720575941411405995	right side of organism	has_soma_location			BANC888	doi:10.1038/s41586-026-10735-w	BANC_v888 260702
VFB_00106g4k	BANC_888:720575941411409323	right side of organism	has_soma_location			BANC888	doi:10.1038/s41586-026-10735-w	BANC_v888 260702
VFB_00106g4l	BANC_888:720575941411421099	right side of organism	has_soma_location			BANC888	doi:10.1038/s41586-026-10735-w	BANC_v888 260702
VFB_00106g4o	BANC_888:720575941411424171	left side of organism	has_soma_location			BANC888	doi:10.1038/s41586-026-10735-w	BANC_v888 260702
VFB_00106g4p	BANC_888:720575941411431791	right side of organism	has_soma_location			BANC888	doi:10.1038/s41586-026-10735-w	BANC_v888 260702
VFB_00106g4q	BANC_888:720575941411435947	right side of organism	has_soma_location			BANC888	doi:10.1038/s41586-026-10735-w	BANC_v888 260702
VFB_00106g4s	BANC_888:720575941411437167	right side of organism	has_soma_location			BANC888	doi:10.1038/s41586-026-10735-w	BANC_v888 260702
VFB_00106g4t	BANC_888:720575941411438251	left side of organism	has_soma_location			BANC888	doi:10.1038/s41586-026-10735-w	BANC_v888 260702
VFB_00106g4u	BANC_888:720575941411438763	right side of organism	has_soma_location			BANC888	doi:10.1038/s41586-026-10735-w	BANC_v888 260702
VFB_00106g4v	BANC_888:720575941411440043	right side of organism	has_soma_location			BANC888	doi:10.1038/s41586-026-10735-w	BANC_v888 260702
VFB_00106g4w	BANC_888:720575941411441323	right side of organism	has_soma_location			BANC888	doi:10.1038/s41586-026-10735-w	BANC_v888 260702
VFB_00106g4x	BANC_888:720575941411442543	right side of organism	has_soma_location			BANC888	doi:10.1038/s41586-026-10735-w	BANC_v888 260702
VFB_00106g4y	BANC_888:720575941411443371	right side of organism	has_soma_location			BANC888	doi:10.1038/s41586-026-10735-w	BANC_v888 260702
VFB_00106g4z	BANC_888:720575941411445615	right side of organism	has_soma_location			BANC888	doi:10.1038/s41586-026-10735-w	BANC_v888 260702
VFB_00107c75	BANC_888:720575941411446127	right side of organism	has_soma_location			BANC888	doi:10.1038/s41586-026-10735-w	BANC_v888 260702
VFB_00106g50	BANC_888:720575941411447467	left side of organism	has_soma_location			BANC888	doi:10.1038/s41586-026-10735-w	BANC_v888 260702
VFB_00107c76	BANC_888:720575941411449003	right side of organism	has_soma_location			BANC888	doi:10.1038/s41586-026-10735-w	BANC_v888 260702
VFB_00106g53	BANC_888:720575941411450223	right side of organism	has_soma_location			BANC888	doi:10.1038/s41586-026-10735-w	BANC_v888 260702
VFB_00106g54	BANC_888:720575941411452783	right side of organism	has_soma_location			BANC888	doi:10.1038/s41586-026-10735-w	BANC_v888 260702
VFB_00106g55	BANC_888:720575941411454891	left side of organism	has_soma_location			BANC888	doi:10.1038/s41586-026-10735-w	BANC_v888 260702
VFB_00106g56	BANC_888:720575941411455147	right side of organism	has_soma_location			BANC888	doi:10.1038/s41586-026-10735-w	BANC_v888 260702
VFB_00106g59	BANC_888:720575941411456879	right side of organism	has_soma_location			BANC888	doi:10.1038/s41586-026-10735-w	BANC_v888 260702
VFB_00107c77	BANC_888:720575941411459243	right side of organism	has_soma_location			BANC888	doi:10.1038/s41586-026-10735-w	BANC_v888 260702
VFB_00106g5a	BANC_888:720575941411460267	right side of organism	has_soma_location			BANC888	doi:10.1038/s41586-026-10735-w	BANC_v888 260702
VFB_00106g5b	BANC_888:720575941411460779	right side of organism	has_soma_location			BANC888	doi:10.1038/s41586-026-10735-w	BANC_v888 260702
VFB_00106g5c	BANC_888:720575941411463339	left side of organism	has_soma_location			BANC888	doi:10.1038/s41586-026-10735-w	BANC_v888 260702
VFB_00106g5f	BANC_888:720575941411472555	right side of organism	has_soma_location			BANC888	doi:10.1038/s41586-026-10735-w	BANC_v888 260702
VFB_00106g5g	BANC_888:720575941411477871	right side of organism	has_soma_location			BANC888	doi:10.1038/s41586-026-10735-w	BANC_v888 260702
VFB_00107c78	BANC_888:720575941411480235	left side of organism	has_soma_location			BANC888	doi:10.1038/s41586-026-10735-w	BANC_v888 260702
VFB_00107c79	BANC_888:720575941411485867	left side of organism	has_soma_location			BANC888	doi:10.1038/s41586-026-10735-w	BANC_v888 260702
VFB_00107c7a	BANC_888:720575941411491755	left side of organism	has_soma_location			BANC888	doi:10.1038/s41586-026-10735-w	BANC_v888 260702
VFB_00107c7b	BANC_888:720575941411493803	left side of organism	has_soma_location			BANC888	doi:10.1038/s41586-026-10735-w	BANC_v888 260702
VFB_00107c7c	BANC_888:720575941411500203	left side of organism	has_soma_location			BANC888	doi:10.1038/s41586-026-10735-w	BANC_v888 260702
VFB_00106g5i	BANC_888:720575941411501483	left side of organism	has_soma_location			BANC888	doi:10.1038/s41586-026-10735-w	BANC_v888 260702
VFB_00107c7d	BANC_888:720575941411503019	left side of organism	has_soma_location			BANC888	doi:10.1038/s41586-026-10735-w	BANC_v888 260702
VFB_00106g5j	BANC_888:720575941411505323	left side of organism	has_soma_location			BANC888	doi:10.1038/s41586-026-10735-w	BANC_v888 260702
VFB_00107c7e	BANC_888:720575941411506091	left side of organism	has_soma_location			BANC888	doi:10.1038/s41586-026-10735-w	BANC_v888 260702
VFB_00107c7f	BANC_888:720575941411516587	right side of organism	has_soma_location			BANC888	doi:10.1038/s41586-026-10735-w	BANC_v888 260702
VFB_00106g5k	BANC_888:720575941411519855	right side of organism	has_soma_location			BANC888	doi:10.1038/s41586-026-10735-w	BANC_v888 260702
VFB_00106g5l	BANC_888:720575941411527057	right side of organism	has_soma_location			BANC888	doi:10.1038/s41586-026-10735-w	BANC_v888 260702
VFB_00106g5n	BANC_888:720575941411532971	left side of organism	has_soma_location			BANC888	doi:10.1038/s41586-026-10735-w	BANC_v888 260702
VFB_00107c7g	BANC_888:720575941411537323	left side of organism	has_soma_location			BANC888	doi:10.1038/s41586-026-10735-w	BANC_v888 260702
VFB_00107c7h	BANC_888:720575941411538091	left side of organism	has_soma_location			BANC888	doi:10.1038/s41586-026-10735-w	BANC_v888 260702
VFB_00107c7i	BANC_888:720575941411539371	left side of organism	has_soma_location			BANC888	doi:10.1038/s41586-026-10735-w	BANC_v888 260702
VFB_00107c7j	BANC_888:720575941411539823	right side of organism	has_soma_location			BANC888	doi:10.1038/s41586-026-10735-w	BANC_v888 260702
VFB_00106g5o	BANC_888:720575941411543467	left side of organism	has_soma_location			BANC888	doi:10.1038/s41586-026-10735-w	BANC_v888 260702
VFB_00106g5p	BANC_888:720575941411546001	right side of organism	has_soma_location			BANC888	doi:10.1038/s41586-026-10735-w	BANC_v888 260702
VFB_00107c7k	BANC_888:720575941411549099	left side of organism	has_soma_location			BANC888	doi:10.1038/s41586-026-10735-w	BANC_v888 260702
VFB_00106g5q	BANC_888:720575941411550319	right side of organism	has_soma_location			BANC888	doi:10.1038/s41586-026-10735-w	BANC_v888 260702
VFB_00107c7l	BANC_888:720575941411550831	left side of organism	has_soma_location			BANC888	doi:10.1038/s41586-026-10735-w	BANC_v888 260702
VFB_00106g5r	BANC_888:720575941411552111	right side of organism	has_soma_location			BANC888	doi:10.1038/s41586-026-10735-w	BANC_v888 260702
VFB_00106g5s	BANC_888:720575941411554671	left side of organism	has_soma_location			BANC888	doi:10.1038/s41586-026-10735-w	BANC_v888 260702
VFB_00106g5t	BANC_888:720575941411555755	left side of organism	has_soma_location			BANC888	doi:10.1038/s41586-026-10735-w	BANC_v888 260702
VFB_00106g5u	BANC_888:720575941411560363	left side of organism	has_soma_location			BANC888	doi:10.1038/s41586-026-10735-w	BANC_v888 260702
VFB_00107c7m	BANC_888:720575941411560875	left side of organism	has_soma_location			BANC888	doi:10.1038/s41586-026-10735-w	BANC_v888 260702
VFB_00106g5v	BANC_888:720575941411561387	left side of organism	has_soma_location			BANC888	doi:10.1038/s41586-026-10735-w	BANC_v888 260702
VFB_00106g5w	BANC_888:720575941411564143	left side of organism	has_soma_location			BANC888	doi:10.1038/s41586-026-10735-w	BANC_v888 260702
VFB_00107c7n	BANC_888:720575941411571115	left side of organism	has_soma_location			BANC888	doi:10.1038/s41586-026-10735-w	BANC_v888 260702
VFB_00106g5x	BANC_888:720575941411572847	right side of organism	has_soma_location			BANC888	doi:10.1038/s41586-026-10735-w	BANC_v888 260702
VFB_00106g5z	BANC_888:720575941411588719	left side of organism	has_soma_location			BANC888	doi:10.1038/s41586-026-10735-w	BANC_v888 260702
VFB_00106g60	BANC_888:720575941411590804	left side of organism	has_soma_location			BANC888	doi:10.1038/s41586-026-10735-w	BANC_v888 260702
VFB_00106g61	BANC_888:720575941411594607	left side of organism	has_soma_location			BANC888	doi:10.1038/s41586-026-10735-w	BANC_v888 260702
VFB_00106g62	BANC_888:720575941411603115	left side of organism	has_soma_location			BANC888	doi:10.1038/s41586-026-10735-w	BANC_v888 260702
VFB_00106g64	BANC_888:720575941411607953	right side of organism	has_soma_location			BANC888	doi:10.1038/s41586-026-10735-w	BANC_v888 260702
VFB_00107c7o	BANC_888:720575941411609259	left side of organism	has_soma_location			BANC888	doi:10.1038/s41586-026-10735-w	BANC_v888 260702
VFB_00107c7p	BANC_888:720575941411610027	left side of organism	has_soma_location			BANC888	doi:10.1038/s41586-026-10735-w	BANC_v888 260702
VFB_00106g65	BANC_888:720575941411615915	left side of organism	has_soma_location			BANC888	doi:10.1038/s41586-026-10735-w	BANC_v888 260702
VFB_00106g66	BANC_888:720575941411616683	left side of organism	has_soma_location			BANC888	doi:10.1038/s41586-026-10735-w	BANC_v888 260702
VFB_00107c7q	BANC_888:720575941411623083	left side of organism	has_soma_location			BANC888	doi:10.1038/s41586-026-10735-w	BANC_v888 260702
VFB_00107c7r	BANC_888:720575941411626923	left side of organism	has_soma_location			BANC888	doi:10.1038/s41586-026-10735-w	BANC_v888 260702
VFB_00106g69	BANC_888:720575941411630993	right side of organism	has_soma_location			BANC888	doi:10.1038/s41586-026-10735-w	BANC_v888 260702
VFB_00107c7s	BANC_888:720575941411631275	left side of organism	has_soma_location			BANC888	doi:10.1038/s41586-026-10735-w	BANC_v888 260702
VFB_00106g6a	BANC_888:720575941411644843	right side of organism	has_soma_location			BANC888	doi:10.1038/s41586-026-10735-w	BANC_v888 260702
VFB_00107c7t	BANC_888:720575941411652011	left side of organism	has_soma_location			BANC888	doi:10.1038/s41586-026-10735-w	BANC_v888 260702
VFB_00106g6c	BANC_888:720575941411656081	left side of organism	has_soma_location			BANC888	doi:10.1038/s41586-026-10735-w	BANC_v888 260702
VFB_00106g6f	BANC_888:720575941411669649	right side of organism	has_soma_location			BANC888	doi:10.1038/s41586-026-10735-w	BANC_v888 260702
VFB_00106g6g	BANC_888:720575941411669908	right side of organism	has_soma_location			BANC888	doi:10.1038/s41586-026-10735-w	BANC_v888 260702
VFB_00106g6h	BANC_888:720575941411670929	left side of organism	has_soma_location			BANC888	doi:10.1038/s41586-026-10735-w	BANC_v888 260702
VFB_00107c7u	BANC_888:720575941411671467	left side of organism	has_soma_location			BANC888	doi:10.1038/s41586-026-10735-w	BANC_v888 260702
VFB_00107c7v	BANC_888:720575941411672491	right side of organism	has_soma_location			BANC888	doi:10.1038/s41586-026-10735-w	BANC_v888 260702
VFB_00107c7w	BANC_888:720575941411673233	left side of organism	has_soma_location			BANC888	doi:10.1038/s41586-026-10735-w	BANC_v888 260702
VFB_00106g6i	BANC_888:720575941411673711	right side of organism	has_soma_location			BANC888	doi:10.1038/s41586-026-10735-w	BANC_v888 260702
VFB_00106g6j	BANC_888:720575941411673967	left side of organism	has_soma_location			BANC888	doi:10.1038/s41586-026-10735-w	BANC_v888 260702
VFB_00106g6k	BANC_888:720575941411676561	right side of organism	has_soma_location			BANC888	doi:10.1038/s41586-026-10735-w	BANC_v888 260702
VFB_00107c7x	BANC_888:720575941411676843	left side of organism	has_soma_location			BANC888	doi:10.1038/s41586-026-10735-w	BANC_v888 260702
VFB_00106g6l	BANC_888:720575941411677073	right side of organism	has_soma_location			BANC888	doi:10.1038/s41586-026-10735-w	BANC_v888 260702
VFB_00106g6m	BANC_888:720575941411693679	right side of organism	has_soma_location			BANC888	doi:10.1038/s41586-026-10735-w	BANC_v888 260702
VFB_00106g6n	BANC_888:720575941411694447	left side of organism	has_soma_location			BANC888	doi:10.1038/s41586-026-10735-w	BANC_v888 260702
VFB_00107c7y	BANC_888:720575941411694993	left side of organism	has_soma_location			BANC888	doi:10.1038/s41586-026-10735-w	BANC_v888 260702
VFB_00107c7z	BANC_888:720575941411696751	left side of organism	has_soma_location			BANC888	doi:10.1038/s41586-026-10735-w	BANC_v888 260702
VFB_00106g6o	BANC_888:720575941411700113	left side of organism	has_soma_location			BANC888	doi:10.1038/s41586-026-10735-w	BANC_v888 260702
VFB_00106g6p	BANC_888:720575941411703697	left side of organism	has_soma_location			BANC888	doi:10.1038/s41586-026-10735-w	BANC_v888 260702
VFB_00106g6q	BANC_888:720575941411709073	right side of organism	has_soma_location			BANC888	doi:10.1038/s41586-026-10735-w	BANC_v888 260702
VFB_00106g6r	BANC_888:720575941411710100	right side of organism	has_soma_location			BANC888	doi:10.1038/s41586-026-10735-w	BANC_v888 260702
VFB_00106g6s	BANC_888:720575941411710831	left side of organism	has_soma_location			BANC888	doi:10.1038/s41586-026-10735-w	BANC_v888 260702
VFB_00106g6t	BANC_888:720575941411715985	right side of organism	has_soma_location			BANC888	doi:10.1038/s41586-026-10735-w	BANC_v888 260702
VFB_00106g6u	BANC_888:720575941411718033	right side of organism	has_soma_location			BANC888	doi:10.1038/s41586-026-10735-w	BANC_v888 260702
VFB_00106g6v	BANC_888:720575941411719279	right side of organism	has_soma_location			BANC888	doi:10.1038/s41586-026-10735-w	BANC_v888 260702
VFB_00107c80	BANC_888:720575941411723435	left side of organism	has_soma_location			BANC888	doi:10.1038/s41586-026-10735-w	BANC_v888 260702
VFB_00106g6w	BANC_888:720575941411737236	right side of organism	has_soma_location			BANC888	doi:10.1038/s41586-026-10735-w	BANC_v888 260702
VFB_00107c81	BANC_888:720575941411737771	left side of organism	has_soma_location			BANC888	doi:10.1038/s41586-026-10735-w	BANC_v888 260702
VFB_00106g6x	BANC_888:720575941411738257	right side of organism	has_soma_location			BANC888	doi:10.1038/s41586-026-10735-w	BANC_v888 260702
VFB_00106g6y	BANC_888:720575941411740817	left side of organism	has_soma_location			BANC888	doi:10.1038/s41586-026-10735-w	BANC_v888 260702
VFB_00107c82	BANC_888:720575941411745451	left side of organism	has_soma_location			BANC888	doi:10.1038/s41586-026-10735-w	BANC_v888 260702
VFB_00106g6z	BANC_888:720575941411746671	left side of organism	has_soma_location			BANC888	doi:10.1038/s41586-026-10735-w	BANC_v888 260702
VFB_00106g72	BANC_888:720575941411754641	right side of organism	has_soma_location			BANC888	doi:10.1038/s41586-026-10735-w	BANC_v888 260702
VFB_00106g73	BANC_888:720575941411758740	right side of organism	has_soma_location			BANC888	doi:10.1038/s41586-026-10735-w	BANC_v888 260702
VFB_00107c83	BANC_888:720575941411762287	right side of organism	has_soma_location			BANC888	doi:10.1038/s41586-026-10735-w	BANC_v888 260702
VFB_00106g75	BANC_888:720575941411763055	left side of organism	has_soma_location			BANC888	doi:10.1038/s41586-026-10735-w	BANC_v888 260702
VFB_00106g76	BANC_888:720575941411763311	right side of organism	has_soma_location			BANC888	doi:10.1038/s41586-026-10735-w	BANC_v888 260702
VFB_00106g77	BANC_888:720575941411765140	left side of organism	has_soma_location			BANC888	doi:10.1038/s41586-026-10735-w	BANC_v888 260702
VFB_00106g79	BANC_888:720575941411766639	left side of organism	has_soma_location			BANC888	doi:10.1038/s41586-026-10735-w	BANC_v888 260702
VFB_00106g7a	BANC_888:720575941411767407	left side of organism	has_soma_location			BANC888	doi:10.1038/s41586-026-10735-w	BANC_v888 260702
VFB_00106g7b	BANC_888:720575941411771247	right side of organism	has_soma_location			BANC888	doi:10.1038/s41586-026-10735-w	BANC_v888 260702
VFB_00106g7c	BANC_888:720575941411771793	right side of organism	has_soma_location			BANC888	doi:10.1038/s41586-026-10735-w	BANC_v888 260702
VFB_00107c84	BANC_888:720575941411772843	left side of organism	has_soma_location			BANC888	doi:10.1038/s41586-026-10735-w	BANC_v888 260702
VFB_00106g7e	BANC_888:720575941411775343	right side of organism	has_soma_location			BANC888	doi:10.1038/s41586-026-10735-w	BANC_v888 260702
VFB_00106g7f	BANC_888:720575941411775855	left side of organism	has_soma_location			BANC888	doi:10.1038/s41586-026-10735-w	BANC_v888 260702
VFB_00106g7h	BANC_888:720575941411777647	left side of organism	has_soma_location			BANC888	doi:10.1038/s41586-026-10735-w	BANC_v888 260702
VFB_00106g7i	BANC_888:720575941411779476	left side of organism	has_soma_location			BANC888	doi:10.1038/s41586-026-10735-w	BANC_v888 260702
VFB_00106g7j	BANC_888:720575941411782036	left side of organism	has_soma_location			BANC888	doi:10.1038/s41586-026-10735-w	BANC_v888 260702
VFB_00106g7k	BANC_888:720575941411783339	right side of organism	has_soma_location			BANC888	doi:10.1038/s41586-026-10735-w	BANC_v888 260702
VFB_00106g7l	BANC_888:720575941411789167	right side of organism	has_soma_location			BANC888	doi:10.1038/s41586-026-10735-w	BANC_v888 260702
VFB_00106g7m	BANC_888:720575941411789935	left side of organism	has_soma_location			BANC888	doi:10.1038/s41586-026-10735-w	BANC_v888 260702
VFB_00106g7n	BANC_888:720575941411791508	right side of organism	has_soma_location			BANC888	doi:10.1038/s41586-026-10735-w	BANC_v888 260702
VFB_00106g7o	BANC_888:720575941411791764	right side of organism	has_soma_location			BANC888	doi:10.1038/s41586-026-10735-w	BANC_v888 260702
VFB_00106g7q	BANC_888:720575941411805332	left side of organism	has_soma_location			BANC888	doi:10.1038/s41586-026-10735-w	BANC_v888 260702
VFB_00107c85	BANC_888:720575941411806891	left side of organism	has_soma_location			BANC888	doi:10.1038/s41586-026-10735-w	BANC_v888 260702
VFB_00107c86	BANC_888:720575941411811243	left side of organism	has_soma_location			BANC888	doi:10.1038/s41586-026-10735-w	BANC_v888 260702
VFB_00107c87	BANC_888:720575941411814315	left side of organism	has_soma_location			BANC888	doi:10.1038/s41586-026-10735-w	BANC_v888 260702
VFB_00106g7r	BANC_888:720575941411820399	left side of organism	has_soma_location			BANC888	doi:10.1038/s41586-026-10735-w	BANC_v888 260702
VFB_00106g7s	BANC_888:720575941411829140	right side of organism	has_soma_location			BANC888	doi:10.1038/s41586-026-10735-w	BANC_v888 260702
VFB_00106g7t	BANC_888:720575941411829396	right side of organism	has_soma_location			BANC888	doi:10.1038/s41586-026-10735-w	BANC_v888 260702
VFB_00107c88	BANC_888:720575941411829652	right side of organism	has_soma_location			BANC888	doi:10.1038/s41586-026-10735-w	BANC_v888 260702
VFB_00107c89	BANC_888:720575941411830164	left side of organism	has_soma_location			BANC888	doi:10.1038/s41586-026-10735-w	BANC_v888 260702
VFB_00106g7u	BANC_888:720575941411830420	right side of organism	has_soma_location			BANC888	doi:10.1038/s41586-026-10735-w	BANC_v888 260702
VFB_00106g7w	BANC_888:720575941411838612	left side of organism	has_soma_location			BANC888	doi:10.1038/s41586-026-10735-w	BANC_v888 260702
VFB_00106g7x	BANC_888:720575941411840916	left side of organism	has_soma_location			BANC888	doi:10.1038/s41586-026-10735-w	BANC_v888 260702
VFB_00106g7y	BANC_888:720575941411845999	left side of organism	has_soma_location			BANC888	doi:10.1038/s41586-026-10735-w	BANC_v888 260702
VFB_00106g80	BANC_888:720575941411848047	right side of organism	has_soma_location			BANC888	doi:10.1038/s41586-026-10735-w	BANC_v888 260702
VFB_00106g81	BANC_888:720575941411848815	left side of organism	has_soma_location			BANC888	doi:10.1038/s41586-026-10735-w	BANC_v888 260702
VFB_00107c8a	BANC_888:720575941411851691	left side of organism	has_soma_location			BANC888	doi:10.1038/s41586-026-10735-w	BANC_v888 260702
VFB_00106g82	BANC_888:720575941411853716	left side of organism	has_soma_location			BANC888	doi:10.1038/s41586-026-10735-w	BANC_v888 260702
VFB_00107c8b	BANC_888:720575941411854484	left side of organism	has_soma_location			BANC888	doi:10.1038/s41586-026-10735-w	BANC_v888 260702
VFB_00107c8c	BANC_888:720575941411855019	left side of organism	has_soma_location			BANC888	doi:10.1038/s41586-026-10735-w	BANC_v888 260702
VFB_00106g83	BANC_888:720575941411855508	right side of organism	has_soma_location			BANC888	doi:10.1038/s41586-026-10735-w	BANC_v888 260702
VFB_00107c8d	BANC_888:720575941411859627	left side of organism	has_soma_location			BANC888	doi:10.1038/s41586-026-10735-w	BANC_v888 260702
VFB_00106g85	BANC_888:720575941411860651	right side of organism	has_soma_location			BANC888	doi:10.1038/s41586-026-10735-w	BANC_v888 260702
VFB_00106g86	BANC_888:720575941411866004	right side of organism	has_soma_location			BANC888	doi:10.1038/s41586-026-10735-w	BANC_v888 260702
VFB_00106g87	BANC_888:720575941411866027	left side of organism	has_soma_location			BANC888	doi:10.1038/s41586-026-10735-w	BANC_v888 260702
VFB_00106g88	BANC_888:720575941411869844	right side of organism	has_soma_location			BANC888	doi:10.1038/s41586-026-10735-w	BANC_v888 260702
VFB_00106g89	BANC_888:720575941411872660	right side of organism	has_soma_location			BANC888	doi:10.1038/s41586-026-10735-w	BANC_v888 260702
VFB_00107c8e	BANC_888:720575941411874987	left side of organism	has_soma_location			BANC888	doi:10.1038/s41586-026-10735-w	BANC_v888 260702
VFB_00106g8a	BANC_888:720575941411875183	right side of organism	has_soma_location			BANC888	doi:10.1038/s41586-026-10735-w	BANC_v888 260702
VFB_00106g8b	BANC_888:720575941411876523	left side of organism	has_soma_location			BANC888	doi:10.1038/s41586-026-10735-w	BANC_v888 260702
VFB_00107c8f	BANC_888:720575941411877803	left side of organism	has_soma_location			BANC888	doi:10.1038/s41586-026-10735-w	BANC_v888 260702
VFB_00106g8c	BANC_888:720575941411879023	left side of organism	has_soma_location			BANC888	doi:10.1038/s41586-026-10735-w	BANC_v888 260702
VFB_00107c8g	BANC_888:720575941411879569	left side of organism	has_soma_location			BANC888	doi:10.1038/s41586-026-10735-w	BANC_v888 260702
VFB_00106g8d	BANC_888:720575941411883119	left side of organism	has_soma_location			BANC888	doi:10.1038/s41586-026-10735-w	BANC_v888 260702
VFB_00106g8e	BANC_888:720575941411885423	right side of organism	has_soma_location			BANC888	doi:10.1038/s41586-026-10735-w	BANC_v888 260702
VFB_00106g8f	BANC_888:720575941411885935	right side of organism	has_soma_location			BANC888	doi:10.1038/s41586-026-10735-w	BANC_v888 260702
VFB_00106g8g	BANC_888:720575941411887471	right side of organism	has_soma_location			BANC888	doi:10.1038/s41586-026-10735-w	BANC_v888 260702
VFB_00106g8h	BANC_888:720575941411891055	right side of organism	has_soma_location			BANC888	doi:10.1038/s41586-026-10735-w	BANC_v888 260702
VFB_00106g8i	BANC_888:720575941411896175	left side of organism	has_soma_location			BANC888	doi:10.1038/s41586-026-10735-w	BANC_v888 260702
VFB_00106g8l	BANC_888:720575941411902609	left side of organism	has_soma_location			BANC888	doi:10.1038/s41586-026-10735-w	BANC_v888 260702
VFB_00106g8o	BANC_888:720575941411922543	right side of organism	has_soma_location			BANC888	doi:10.1038/s41586-026-10735-w	BANC_v888 260702
VFB_00106g8p	BANC_888:720575941411934379	right side of organism	has_soma_location			BANC888	doi:10.1038/s41586-026-10735-w	BANC_v888 260702
VFB_00107c8h	BANC_888:720575941411936939	right side of organism	has_soma_location			BANC888	doi:10.1038/s41586-026-10735-w	BANC_v888 260702
VFB_00107c8i	BANC_888:720575941411944107	right side of organism	has_soma_location			BANC888	doi:10.1038/s41586-026-10735-w	BANC_v888 260702
VFB_00106g8q	BANC_888:720575941411944303	right side of organism	has_soma_location			BANC888	doi:10.1038/s41586-026-10735-w	BANC_v888 260702
VFB_00106g8r	BANC_888:720575941411946923	right side of organism	has_soma_location			BANC888	doi:10.1038/s41586-026-10735-w	BANC_v888 260702
VFB_00106g8t	BANC_888:720575941411949679	right side of organism	has_soma_location			BANC888	doi:10.1038/s41586-026-10735-w	BANC_v888 260702
VFB_00107c8j	BANC_888:720575941411954347	right side of organism	has_soma_location			BANC888	doi:10.1038/s41586-026-10735-w	BANC_v888 260702
VFB_00106g8v	BANC_888:720575941411957615	right side of organism	has_soma_location			BANC888	doi:10.1038/s41586-026-10735-w	BANC_v888 260702
VFB_00107c8k	BANC_888:720575941411957675	right side of organism	has_soma_location			BANC888	doi:10.1038/s41586-026-10735-w	BANC_v888 260702
VFB_00107c8l	BANC_888:720575941411957931	right side of organism	has_soma_location			BANC888	doi:10.1038/s41586-026-10735-w	BANC_v888 260702
VFB_00107c8m	BANC_888:720575941411960235	right side of organism	has_soma_location			BANC888	doi:10.1038/s41586-026-10735-w	BANC_v888 260702
VFB_00107c8n	BANC_888:720575941411961771	left side of organism	has_soma_location			BANC888	doi:10.1038/s41586-026-10735-w	BANC_v888 260702
VFB_00106g8w	BANC_888:720575941411962223	right side of organism	has_soma_location			BANC888	doi:10.1038/s41586-026-10735-w	BANC_v888 260702
VFB_00107c8o	BANC_888:720575941411962539	right side of organism	has_soma_location			BANC888	doi:10.1038/s41586-026-10735-w	BANC_v888 260702
VFB_00106g8x	BANC_888:720575941411966868	right side of organism	has_soma_location			BANC888	doi:10.1038/s41586-026-10735-w	BANC_v888 260702
VFB_00106g8y	BANC_888:720575941411981423	right side of organism	has_soma_location			BANC888	doi:10.1038/s41586-026-10735-w	BANC_v888 260702
VFB_00106g8z	BANC_888:720575941411985556	right side of organism	has_soma_location			BANC888	doi:10.1038/s41586-026-10735-w	BANC_v888 260702
VFB_00106g90	BANC_888:720575941412001940	left side of organism	has_soma_location			BANC888	doi:10.1038/s41586-026-10735-w	BANC_v888 260702
VFB_00106g91	BANC_888:720575941412004756	left side of organism	has_soma_location			BANC888	doi:10.1038/s41586-026-10735-w	BANC_v888 260702
VFB_00107c8p	BANC_888:720575941412010155	right side of organism	has_soma_location			BANC888	doi:10.1038/s41586-026-10735-w	BANC_v888 260702
VFB_00106g93	BANC_888:720575941412014993	left side of organism	has_soma_location			BANC888	doi:10.1038/s41586-026-10735-w	BANC_v888 260702
VFB_00106g94	BANC_888:720575941412021137	right side of organism	has_soma_location			BANC888	doi:10.1038/s41586-026-10735-w	BANC_v888 260702
VFB_00107c8q	BANC_888:720575941412026027	left side of organism	has_soma_location			BANC888	doi:10.1038/s41586-026-10735-w	BANC_v888 260702
VFB_00106g95	BANC_888:720575941412028015	right side of organism	has_soma_location			BANC888	doi:10.1038/s41586-026-10735-w	BANC_v888 260702
VFB_00107c8r	BANC_888:720575941412028331	right side of organism	has_soma_location			BANC888	doi:10.1038/s41586-026-10735-w	BANC_v888 260702
VFB_00106g97	BANC_888:720575941412032623	right side of organism	has_soma_location			BANC888	doi:10.1038/s41586-026-10735-w	BANC_v888 260702
VFB_00107c8s	BANC_888:720575941412047787	right side of organism	has_soma_location			BANC888	doi:10.1038/s41586-026-10735-w	BANC_v888 260702
VFB_00107c8t	BANC_888:720575941412051115	left side of organism	has_soma_location			BANC888	doi:10.1038/s41586-026-10735-w	BANC_v888 260702
VFB_00107c8u	BANC_888:720575941412061355	left side of organism	has_soma_location			BANC888	doi:10.1038/s41586-026-10735-w	BANC_v888 260702
VFB_00107c8v	BANC_888:720575941412062891	left side of organism	has_soma_location			BANC888	doi:10.1038/s41586-026-10735-w	BANC_v888 260702
VFB_00106g9a	BANC_888:720575941412065391	left side of organism	has_soma_location			BANC888	doi:10.1038/s41586-026-10735-w	BANC_v888 260702
VFB_00106g9b	BANC_888:720575941412066961	left side of organism	has_soma_location			BANC888	doi:10.1038/s41586-026-10735-w	BANC_v888 260702
VFB_00107c8w	BANC_888:720575941412074155	left side of organism	has_soma_location			BANC888	doi:10.1038/s41586-026-10735-w	BANC_v888 260702
VFB_00107c8x	BANC_888:720575941412076715	left side of organism	has_soma_location			BANC888	doi:10.1038/s41586-026-10735-w	BANC_v888 260702
VFB_00107c8y	BANC_888:720575941412079531	right side of organism	has_soma_location			BANC888	doi:10.1038/s41586-026-10735-w	BANC_v888 260702
VFB_00106g9e	BANC_888:720575941412083567	left side of organism	has_soma_location			BANC888	doi:10.1038/s41586-026-10735-w	BANC_v888 260702
VFB_00107c8z	BANC_888:720575941412090735	right side of organism	has_soma_location			BANC888	doi:10.1038/s41586-026-10735-w	BANC_v888 260702
VFB_00106g9g	BANC_888:720575941412098927	right side of organism	has_soma_location			BANC888	doi:10.1038/s41586-026-10735-w	BANC_v888 260702
VFB_00106g9h	BANC_888:720575941412103535	left side of organism	has_soma_location			BANC888	doi:10.1038/s41586-026-10735-w	BANC_v888 260702
VFB_00107c90	BANC_888:720575941412111215	right side of organism	has_soma_location			BANC888	doi:10.1038/s41586-026-10735-w	BANC_v888 260702
VFB_00106g9i	BANC_888:720575941412114799	right side of organism	has_soma_location			BANC888	doi:10.1038/s41586-026-10735-w	BANC_v888 260702
VFB_00106g9j	BANC_888:720575941412123247	right side of organism	has_soma_location			BANC888	doi:10.1038/s41586-026-10735-w	BANC_v888 260702
VFB_00107c91	BANC_888:720575941412131220	right side of organism	has_soma_location			BANC888	doi:10.1038/s41586-026-10735-w	BANC_v888 260702
VFB_00107c92	BANC_888:720575941412136363	left side of organism	has_soma_location			BANC888	doi:10.1038/s41586-026-10735-w	BANC_v888 260702
VFB_00107c93	BANC_888:720575941412136875	left side of organism	has_soma_location			BANC888	doi:10.1038/s41586-026-10735-w	BANC_v888 260702
VFB_00106g9k	BANC_888:720575941412137839	left side of organism	has_soma_location			BANC888	doi:10.1038/s41586-026-10735-w	BANC_v888 260702
VFB_00106g9l	BANC_888:720575941412138095	right side of organism	has_soma_location			BANC888	doi:10.1038/s41586-026-10735-w	BANC_v888 260702
VFB_00107c94	BANC_888:720575941412138155	right side of organism	has_soma_location			BANC888	doi:10.1038/s41586-026-10735-w	BANC_v888 260702
VFB_00107c95	BANC_888:720575941412144555	right side of organism	has_soma_location			BANC888	doi:10.1038/s41586-026-10735-w	BANC_v888 260702
VFB_00107c96	BANC_888:720575941412145323	left side of organism	has_soma_location			BANC888	doi:10.1038/s41586-026-10735-w	BANC_v888 260702
VFB_00107c97	BANC_888:720575941412147627	left side of organism	has_soma_location			BANC888	doi:10.1038/s41586-026-10735-w	BANC_v888 260702
VFB_00107c98	BANC_888:720575941412148907	left side of organism	has_soma_location			BANC888	doi:10.1038/s41586-026-10735-w	BANC_v888 260702
VFB_00107c99	BANC_888:720575941412150187	right side of organism	has_soma_location			BANC888	doi:10.1038/s41586-026-10735-w	BANC_v888 260702
VFB_00107c9a	BANC_888:720575941412153259	right side of organism	has_soma_location			BANC888	doi:10.1038/s41586-026-10735-w	BANC_v888 260702
VFB_00107c9b	BANC_888:720575941412153515	right side of organism	has_soma_location			BANC888	doi:10.1038/s41586-026-10735-w	BANC_v888 260702
VFB_00107c9c	BANC_888:720575941412153771	left side of organism	has_soma_location			BANC888	doi:10.1038/s41586-026-10735-w	BANC_v888 260702
VFB_00107c9d	BANC_888:720575941412154027	left side of organism	has_soma_location			BANC888	doi:10.1038/s41586-026-10735-w	BANC_v888 260702
VFB_00107c9e	BANC_888:720575941412154539	right side of organism	has_soma_location			BANC888	doi:10.1038/s41586-026-10735-w	BANC_v888 260702
VFB_00107c9f	BANC_888:720575941412156331	right side of organism	has_soma_location			BANC888	doi:10.1038/s41586-026-10735-w	BANC_v888 260702
VFB_00107c9g	BANC_888:720575941412156587	left side of organism	has_soma_location			BANC888	doi:10.1038/s41586-026-10735-w	BANC_v888 260702
VFB_00107c9h	BANC_888:720575941412160171	left side of organism	has_soma_location			BANC888	doi:10.1038/s41586-026-10735-w	BANC_v888 260702
VFB_00107c9i	BANC_888:720575941412160427	left side of organism	has_soma_location			BANC888	doi:10.1038/s41586-026-10735-w	BANC_v888 260702
VFB_00107c9j	BANC_888:720575941412161451	right side of organism	has_soma_location			BANC888	doi:10.1038/s41586-026-10735-w	BANC_v888 260702
VFB_00107c9k	BANC_888:720575941412163243	left side of organism	has_soma_location			BANC888	doi:10.1038/s41586-026-10735-w	BANC_v888 260702
VFB_00107c9l	BANC_888:720575941412164267	right side of organism	has_soma_location			BANC888	doi:10.1038/s41586-026-10735-w	BANC_v888 260702
VFB_00106g9m	BANC_888:720575941412165487	right side of organism	has_soma_location			BANC888	doi:10.1038/s41586-026-10735-w	BANC_v888 260702
VFB_00107c9m	BANC_888:720575941412166545	left side of organism	has_soma_location			BANC888	doi:10.1038/s41586-026-10735-w	BANC_v888 260702
VFB_00107c9n	BANC_888:720575941412167595	left side of organism	has_soma_location			BANC888	doi:10.1038/s41586-026-10735-w	BANC_v888 260702
VFB_00107c9o	BANC_888:720575941412167851	right side of organism	has_soma_location			BANC888	doi:10.1038/s41586-026-10735-w	BANC_v888 260702
VFB_00107c9p	BANC_888:720575941412169131	left side of organism	has_soma_location			BANC888	doi:10.1038/s41586-026-10735-w	BANC_v888 260702
VFB_00107c9q	BANC_888:720575941412169387	right side of organism	has_soma_location			BANC888	doi:10.1038/s41586-026-10735-w	BANC_v888 260702
VFB_00107c9r	BANC_888:720575941412171947	right side of organism	has_soma_location			BANC888	doi:10.1038/s41586-026-10735-w	BANC_v888 260702
VFB_00106g9n	BANC_888:720575941412172399	left side of organism	has_soma_location			BANC888	doi:10.1038/s41586-026-10735-w	BANC_v888 260702
VFB_00107c9s	BANC_888:720575941412178543	right side of organism	has_soma_location			BANC888	doi:10.1038/s41586-026-10735-w	BANC_v888 260702
VFB_00106g9p	BANC_888:720575941412180335	left side of organism	has_soma_location			BANC888	doi:10.1038/s41586-026-10735-w	BANC_v888 260702
VFB_00107c9t	BANC_888:720575941412182443	left side of organism	has_soma_location			BANC888	doi:10.1038/s41586-026-10735-w	BANC_v888 260702
VFB_00107c9u	BANC_888:720575941412182699	left side of organism	has_soma_location			BANC888	doi:10.1038/s41586-026-10735-w	BANC_v888 260702
VFB_00106g9q	BANC_888:720575941412183185	left side of organism	has_soma_location			BANC888	doi:10.1038/s41586-026-10735-w	BANC_v888 260702
VFB_00106g9r	BANC_888:720575941412183919	right side of organism	has_soma_location			BANC888	doi:10.1038/s41586-026-10735-w	BANC_v888 260702
VFB_00106g9s	BANC_888:720575941412185745	left side of organism	has_soma_location			BANC888	doi:10.1038/s41586-026-10735-w	BANC_v888 260702
VFB_00107c9v	BANC_888:720575941412192171	left side of organism	has_soma_location			BANC888	doi:10.1038/s41586-026-10735-w	BANC_v888 260702
VFB_00107c9w	BANC_888:720575941412196207	right side of organism	has_soma_location			BANC888	doi:10.1038/s41586-026-10735-w	BANC_v888 260702
VFB_00107c9x	BANC_888:720575941412197291	left side of organism	has_soma_location			BANC888	doi:10.1038/s41586-026-10735-w	BANC_v888 260702
VFB_00107c9y	BANC_888:720575941412204203	left side of organism	has_soma_location			BANC888	doi:10.1038/s41586-026-10735-w	BANC_v888 260702
VFB_00107c9z	BANC_888:720575941412206251	left side of organism	has_soma_location			BANC888	doi:10.1038/s41586-026-10735-w	BANC_v888 260702
VFB_00107ca0	BANC_888:720575941412207787	left side of organism	has_soma_location			BANC888	doi:10.1038/s41586-026-10735-w	BANC_v888 260702
VFB_00107ca1	BANC_888:720575941412208299	right side of organism	has_soma_location			BANC888	doi:10.1038/s41586-026-10735-w	BANC_v888 260702
VFB_00107ca2	BANC_888:720575941412209323	right side of organism	has_soma_location			BANC888	doi:10.1038/s41586-026-10735-w	BANC_v888 260702
VFB_00107ca3	BANC_888:720575941412211883	right side of organism	has_soma_location			BANC888	doi:10.1038/s41586-026-10735-w	BANC_v888 260702
VFB_00107ca4	BANC_888:720575941412212847	right side of organism	has_soma_location			BANC888	doi:10.1038/s41586-026-10735-w	BANC_v888 260702
VFB_00107ca5	BANC_888:720575941412214443	right side of organism	has_soma_location			BANC888	doi:10.1038/s41586-026-10735-w	BANC_v888 260702
VFB_00106g9t	BANC_888:720575941412215407	right side of organism	has_soma_location			BANC888	doi:10.1038/s41586-026-10735-w	BANC_v888 260702
VFB_00106g9u	BANC_888:720575941412219759	right side of organism	has_soma_location			BANC888	doi:10.1038/s41586-026-10735-w	BANC_v888 260702
VFB_00107ca6	BANC_888:720575941412222123	right side of organism	has_soma_location			BANC888	doi:10.1038/s41586-026-10735-w	BANC_v888 260702
VFB_00107ca7	BANC_888:720575941412222609	right side of organism	has_soma_location			BANC888	doi:10.1038/s41586-026-10735-w	BANC_v888 260702
VFB_00107ca8	BANC_888:720575941412226219	right side of organism	has_soma_location			BANC888	doi:10.1038/s41586-026-10735-w	BANC_v888 260702
VFB_00107ca9	BANC_888:720575941412228011	right side of organism	has_soma_location			BANC888	doi:10.1038/s41586-026-10735-w	BANC_v888 260702
VFB_00107caa	BANC_888:720575941412228779	left side of organism	has_soma_location			BANC888	doi:10.1038/s41586-026-10735-w	BANC_v888 260702
VFB_00106g9w	BANC_888:720575941412228975	right side of organism	has_soma_location			BANC888	doi:10.1038/s41586-026-10735-w	BANC_v888 260702
VFB_00106g9x	BANC_888:720575941412230545	left side of organism	has_soma_location			BANC888	doi:10.1038/s41586-026-10735-w	BANC_v888 260702
VFB_00107cab	BANC_888:720575941412236459	left side of organism	has_soma_location			BANC888	doi:10.1038/s41586-026-10735-w	BANC_v888 260702
VFB_00106ga0	BANC_888:720575941412237972	right side of organism	has_soma_location			BANC888	doi:10.1038/s41586-026-10735-w	BANC_v888 260702
VFB_00107cac	BANC_888:720575941412239531	left side of organism	has_soma_location			BANC888	doi:10.1038/s41586-026-10735-w	BANC_v888 260702
VFB_00106ga1	BANC_888:720575941412240495	right side of organism	has_soma_location			BANC888	doi:10.1038/s41586-026-10735-w	BANC_v888 260702
VFB_00107cad	BANC_888:720575941412242091	left side of organism	has_soma_location			BANC888	doi:10.1038/s41586-026-10735-w	BANC_v888 260702
VFB_00107cae	BANC_888:720575941412243371	left side of organism	has_soma_location			BANC888	doi:10.1038/s41586-026-10735-w	BANC_v888 260702
VFB_00106ga2	BANC_888:720575941412247700	right side of organism	has_soma_location			BANC888	doi:10.1038/s41586-026-10735-w	BANC_v888 260702
VFB_00107caf	BANC_888:720575941412251051	left side of organism	has_soma_location			BANC888	doi:10.1038/s41586-026-10735-w	BANC_v888 260702
VFB_00106ga3	BANC_888:720575941412252783	right side of organism	has_soma_location			BANC888	doi:10.1038/s41586-026-10735-w	BANC_v888 260702
VFB_00107cag	BANC_888:720575941412255087	left side of organism	has_soma_location			BANC888	doi:10.1038/s41586-026-10735-w	BANC_v888 260702
VFB_00107cah	BANC_888:720575941412256148	right side of organism	has_soma_location			BANC888	doi:10.1038/s41586-026-10735-w	BANC_v888 260702
VFB_00106ga5	BANC_888:720575941412265105	left side of organism	has_soma_location			BANC888	doi:10.1038/s41586-026-10735-w	BANC_v888 260702
VFB_00107cai	BANC_888:720575941412269739	right side of organism	has_soma_location			BANC888	doi:10.1038/s41586-026-10735-w	BANC_v888 260702
VFB_00107caj	BANC_888:720575941412270447	right side of organism	has_soma_location			BANC888	doi:10.1038/s41586-026-10735-w	BANC_v888 260702
VFB_00106ga6	BANC_888:720575941412272239	right side of organism	has_soma_location			BANC888	doi:10.1038/s41586-026-10735-w	BANC_v888 260702
VFB_00107cak	BANC_888:720575941412272785	right side of organism	has_soma_location			BANC888	doi:10.1038/s41586-026-10735-w	BANC_v888 260702
VFB_00106ga7	BANC_888:720575941412275567	right side of organism	has_soma_location			BANC888	doi:10.1038/s41586-026-10735-w	BANC_v888 260702
VFB_00106ga8	BANC_888:720575941412275823	left side of organism	has_soma_location			BANC888	doi:10.1038/s41586-026-10735-w	BANC_v888 260702
VFB_00106ga9	BANC_888:720575941412281455	right side of organism	has_soma_location			BANC888	doi:10.1038/s41586-026-10735-w	BANC_v888 260702
VFB_00107cal	BANC_888:720575941412283563	left side of organism	has_soma_location			BANC888	doi:10.1038/s41586-026-10735-w	BANC_v888 260702
VFB_00106gaa	BANC_888:720575941412287087	left side of organism	has_soma_location			BANC888	doi:10.1038/s41586-026-10735-w	BANC_v888 260702
VFB_00106gab	BANC_888:720575941412288657	left side of organism	has_soma_location			BANC888	doi:10.1038/s41586-026-10735-w	BANC_v888 260702
VFB_00106gad	BANC_888:720575941412294255	right side of organism	has_soma_location			BANC888	doi:10.1038/s41586-026-10735-w	BANC_v888 260702
VFB_00106gae	BANC_888:720575941412294511	right side of organism	has_soma_location			BANC888	doi:10.1038/s41586-026-10735-w	BANC_v888 260702
VFB_00107cam	BANC_888:720575941412296107	left side of organism	has_soma_location			BANC888	doi:10.1038/s41586-026-10735-w	BANC_v888 260702
VFB_00107can	BANC_888:720575941412299631	left side of organism	has_soma_location			BANC888	doi:10.1038/s41586-026-10735-w	BANC_v888 260702
VFB_00106gaf	BANC_888:720575941412301423	right side of organism	has_soma_location			BANC888	doi:10.1038/s41586-026-10735-w	BANC_v888 260702
VFB_00107cao	BANC_888:720575941412302959	right side of organism	has_soma_location			BANC888	doi:10.1038/s41586-026-10735-w	BANC_v888 260702
VFB_00106gag	BANC_888:720575941412307345	left side of organism	has_soma_location			BANC888	doi:10.1038/s41586-026-10735-w	BANC_v888 260702
VFB_00106gah	BANC_888:720575941412308079	right side of organism	has_soma_location			BANC888	doi:10.1038/s41586-026-10735-w	BANC_v888 260702
VFB_00107cap	BANC_888:720575941412309419	left side of organism	has_soma_location			BANC888	doi:10.1038/s41586-026-10735-w	BANC_v888 260702
VFB_00107caq	BANC_888:720575941412309649	left side of organism	has_soma_location			BANC888	doi:10.1038/s41586-026-10735-w	BANC_v888 260702
VFB_00106gai	BANC_888:720575941412310417	left side of organism	has_soma_location			BANC888	doi:10.1038/s41586-026-10735-w	BANC_v888 260702
VFB_00107car	BANC_888:720575941412310699	right side of organism	has_soma_location			BANC888	doi:10.1038/s41586-026-10735-w	BANC_v888 260702
VFB_00106gaj	BANC_888:720575941412310929	left side of organism	has_soma_location			BANC888	doi:10.1038/s41586-026-10735-w	BANC_v888 260702
VFB_00106gal	BANC_888:720575941412311697	left side of organism	has_soma_location			BANC888	doi:10.1038/s41586-026-10735-w	BANC_v888 260702
VFB_00106gam	BANC_888:720575941412312431	right side of organism	has_soma_location			BANC888	doi:10.1038/s41586-026-10735-w	BANC_v888 260702
VFB_00106gan	BANC_888:720575941412312721	right side of organism	has_soma_location			BANC888	doi:10.1038/s41586-026-10735-w	BANC_v888 260702
VFB_00107cas	BANC_888:720575941412312747	left side of organism	has_soma_location			BANC888	doi:10.1038/s41586-026-10735-w	BANC_v888 260702
VFB_00106gao	BANC_888:720575941412314479	right side of organism	has_soma_location			BANC888	doi:10.1038/s41586-026-10735-w	BANC_v888 260702
VFB_00106gap	BANC_888:720575941412319889	left side of organism	has_soma_location			BANC888	doi:10.1038/s41586-026-10735-w	BANC_v888 260702
VFB_00106gaq	BANC_888:720575941412323473	left side of organism	has_soma_location			BANC888	doi:10.1038/s41586-026-10735-w	BANC_v888 260702
VFB_00107cat	BANC_888:720575941412327791	right side of organism	has_soma_location			BANC888	doi:10.1038/s41586-026-10735-w	BANC_v888 260702
VFB_00107cau	BANC_888:720575941412330411	left side of organism	has_soma_location			BANC888	doi:10.1038/s41586-026-10735-w	BANC_v888 260702
VFB_00107cav	BANC_888:720575941412333935	right side of organism	has_soma_location			BANC888	doi:10.1038/s41586-026-10735-w	BANC_v888 260702
VFB_00107caw	BANC_888:720575941412335471	right side of organism	has_soma_location			BANC888	doi:10.1038/s41586-026-10735-w	BANC_v888 260702
VFB_00107cax	BANC_888:720575941412340395	left side of organism	has_soma_location			BANC888	doi:10.1038/s41586-026-10735-w	BANC_v888 260702
VFB_00107cay	BANC_888:720575941412342187	left side of organism	has_soma_location			BANC888	doi:10.1038/s41586-026-10735-w	BANC_v888 260702
VFB_00107caz	BANC_888:720575941412342443	left side of organism	has_soma_location			BANC888	doi:10.1038/s41586-026-10735-w	BANC_v888 260702
VFB_00107cb0	BANC_888:720575941412345515	left side of organism	has_soma_location			BANC888	doi:10.1038/s41586-026-10735-w	BANC_v888 260702
VFB_00107cb1	BANC_888:720575941412346027	left side of organism	has_soma_location			BANC888	doi:10.1038/s41586-026-10735-w	BANC_v888 260702
VFB_00107cb2	BANC_888:720575941412347503	right side of organism	has_soma_location			BANC888	doi:10.1038/s41586-026-10735-w	BANC_v888 260702
VFB_00107cb3	BANC_888:720575941412348587	right side of organism	has_soma_location			BANC888	doi:10.1038/s41586-026-10735-w	BANC_v888 260702
VFB_00106gat	BANC_888:720575941412349295	right side of organism	has_soma_location			BANC888	doi:10.1038/s41586-026-10735-w	BANC_v888 260702
VFB_00107cb4	BANC_888:720575941412350063	right side of organism	has_soma_location			BANC888	doi:10.1038/s41586-026-10735-w	BANC_v888 260702
VFB_00107cb5	BANC_888:720575941412354987	left side of organism	has_soma_location			BANC888	doi:10.1038/s41586-026-10735-w	BANC_v888 260702
VFB_00107cb6	BANC_888:720575941412359595	left side of organism	has_soma_location			BANC888	doi:10.1038/s41586-026-10735-w	BANC_v888 260702
VFB_00107cb7	BANC_888:720575941412360363	left side of organism	has_soma_location			BANC888	doi:10.1038/s41586-026-10735-w	BANC_v888 260702
VFB_00107cb8	BANC_888:720575941412363691	left side of organism	has_soma_location			BANC888	doi:10.1038/s41586-026-10735-w	BANC_v888 260702
VFB_00107cb9	BANC_888:720575941412364203	left side of organism	has_soma_location			BANC888	doi:10.1038/s41586-026-10735-w	BANC_v888 260702
VFB_00107cba	BANC_888:720575941412365679	right side of organism	has_soma_location			BANC888	doi:10.1038/s41586-026-10735-w	BANC_v888 260702
VFB_00106gau	BANC_888:720575941412370031	right side of organism	has_soma_location			BANC888	doi:10.1038/s41586-026-10735-w	BANC_v888 260702
VFB_00107cbb	BANC_888:720575941412371115	right side of organism	has_soma_location			BANC888	doi:10.1038/s41586-026-10735-w	BANC_v888 260702
VFB_00106gav	BANC_888:720575941412372369	left side of organism	has_soma_location			BANC888	doi:10.1038/s41586-026-10735-w	BANC_v888 260702
VFB_00107cbc	BANC_888:720575941412376468	left side of organism	has_soma_location			BANC888	doi:10.1038/s41586-026-10735-w	BANC_v888 260702
VFB_00106gaw	BANC_888:720575941412378769	left side of organism	has_soma_location			BANC888	doi:10.1038/s41586-026-10735-w	BANC_v888 260702
VFB_00106gax	BANC_888:720575941412380561	right side of organism	has_soma_location			BANC888	doi:10.1038/s41586-026-10735-w	BANC_v888 260702
VFB_00107cbd	BANC_888:720575941412382063	left side of organism	has_soma_location			BANC888	doi:10.1038/s41586-026-10735-w	BANC_v888 260702
VFB_00106gay	BANC_888:720575941412383124	left side of organism	has_soma_location			BANC888	doi:10.1038/s41586-026-10735-w	BANC_v888 260702
VFB_00107cbe	BANC_888:720575941412383659	left side of organism	has_soma_location			BANC888	doi:10.1038/s41586-026-10735-w	BANC_v888 260702
VFB_00107cbf	BANC_888:720575941412385451	right side of organism	has_soma_location			BANC888	doi:10.1038/s41586-026-10735-w	BANC_v888 260702
VFB_00107cbg	BANC_888:720575941412386415	left side of organism	has_soma_location			BANC888	doi:10.1038/s41586-026-10735-w	BANC_v888 260702
VFB_00107cbh	BANC_888:720575941412387243	right side of organism	has_soma_location			BANC888	doi:10.1038/s41586-026-10735-w	BANC_v888 260702
VFB_00107cbi	BANC_888:720575941412389999	left side of organism	has_soma_location			BANC888	doi:10.1038/s41586-026-10735-w	BANC_v888 260702
VFB_00107cbj	BANC_888:720575941412391083	right side of organism	has_soma_location			BANC888	doi:10.1038/s41586-026-10735-w	BANC_v888 260702
VFB_00107cbk	BANC_888:720575941412392107	right side of organism	has_soma_location			BANC888	doi:10.1038/s41586-026-10735-w	BANC_v888 260702
VFB_00107cbl	BANC_888:720575941412393839	left side of organism	has_soma_location			BANC888	doi:10.1038/s41586-026-10735-w	BANC_v888 260702
VFB_00107cbm	BANC_888:720575941412394411	right side of organism	has_soma_location			BANC888	doi:10.1038/s41586-026-10735-w	BANC_v888 260702
VFB_00107cbn	BANC_888:720575941412395179	right side of organism	has_soma_location			BANC888	doi:10.1038/s41586-026-10735-w	BANC_v888 260702
VFB_00106gb0	BANC_888:720575941412395887	right side of organism	has_soma_location			BANC888	doi:10.1038/s41586-026-10735-w	BANC_v888 260702
VFB_00106gb1	BANC_888:720575941412404625	left side of organism	has_soma_location			BANC888	doi:10.1038/s41586-026-10735-w	BANC_v888 260702
VFB_00107cbo	BANC_888:720575941412408491	left side of organism	has_soma_location			BANC888	doi:10.1038/s41586-026-10735-w	BANC_v888 260702
VFB_00107cbp	BANC_888:720575941412410539	left side of organism	has_soma_location			BANC888	doi:10.1038/s41586-026-10735-w	BANC_v888 260702
VFB_00107cbq	BANC_888:720575941412412783	left side of organism	has_soma_location			BANC888	doi:10.1038/s41586-026-10735-w	BANC_v888 260702
VFB_00107cbr	BANC_888:720575941412413551	left side of organism	has_soma_location			BANC888	doi:10.1038/s41586-026-10735-w	BANC_v888 260702
VFB_00107cbs	BANC_888:720575941412417963	right side of organism	has_soma_location			BANC888	doi:10.1038/s41586-026-10735-w	BANC_v888 260702
VFB_00106gb2	BANC_888:720575941412421265	right side of organism	has_soma_location			BANC888	doi:10.1038/s41586-026-10735-w	BANC_v888 260702
VFB_00107cbt	BANC_888:720575941412421291	left side of organism	has_soma_location			BANC888	doi:10.1038/s41586-026-10735-w	BANC_v888 260702
VFB_00107cbu	BANC_888:720575941412423595	right side of organism	has_soma_location			BANC888	doi:10.1038/s41586-026-10735-w	BANC_v888 260702
VFB_00107cbv	BANC_888:720575941412424363	left side of organism	has_soma_location			BANC888	doi:10.1038/s41586-026-10735-w	BANC_v888 260702
VFB_00106gb3	BANC_888:720575941412424593	right side of organism	has_soma_location			BANC888	doi:10.1038/s41586-026-10735-w	BANC_v888 260702
VFB_00107cbw	BANC_888:720575941412428203	left side of organism	has_soma_location			BANC888	doi:10.1038/s41586-026-10735-w	BANC_v888 260702
VFB_00106gb5	BANC_888:720575941412431761	right side of organism	has_soma_location			BANC888	doi:10.1038/s41586-026-10735-w	BANC_v888 260702
VFB_00107cbx	BANC_888:720575941412432239	right side of organism	has_soma_location			BANC888	doi:10.1038/s41586-026-10735-w	BANC_v888 260702
VFB_00106gb6	BANC_888:720575941412432529	right side of organism	has_soma_location			BANC888	doi:10.1038/s41586-026-10735-w	BANC_v888 260702
VFB_00106gb7	BANC_888:720575941412433297	right side of organism	has_soma_location			BANC888	doi:10.1038/s41586-026-10735-w	BANC_v888 260702
VFB_00106gb8	BANC_888:720575941412433553	right side of organism	has_soma_location			BANC888	doi:10.1038/s41586-026-10735-w	BANC_v888 260702
VFB_00107cby	BANC_888:720575941412433579	left side of organism	has_soma_location			BANC888	doi:10.1038/s41586-026-10735-w	BANC_v888 260702
VFB_00106gb9	BANC_888:720575941412439697	right side of organism	has_soma_location			BANC888	doi:10.1038/s41586-026-10735-w	BANC_v888 260702
VFB_00106gba	BANC_888:720575941412439956	right side of organism	has_soma_location			BANC888	doi:10.1038/s41586-026-10735-w	BANC_v888 260702
VFB_00106gbb	BANC_888:720575941412440977	right side of organism	has_soma_location			BANC888	doi:10.1038/s41586-026-10735-w	BANC_v888 260702
VFB_00106gbc	BANC_888:720575941412443540	right side of organism	has_soma_location			BANC888	doi:10.1038/s41586-026-10735-w	BANC_v888 260702
VFB_00106gbd	BANC_888:720575941412445332	right side of organism	has_soma_location			BANC888	doi:10.1038/s41586-026-10735-w	BANC_v888 260702
VFB_00106gbe	BANC_888:720575941412448145	right side of organism	has_soma_location			BANC888	doi:10.1038/s41586-026-10735-w	BANC_v888 260702
VFB_00106gbf	BANC_888:720575941412449681	right side of organism	has_soma_location			BANC888	doi:10.1038/s41586-026-10735-w	BANC_v888 260702
VFB_00106gbh	BANC_888:720575941412456849	right side of organism	has_soma_location			BANC888	doi:10.1038/s41586-026-10735-w	BANC_v888 260702
VFB_00107cbz	BANC_888:720575941412460143	left side of organism	has_soma_location			BANC888	doi:10.1038/s41586-026-10735-w	BANC_v888 260702
VFB_00107cc0	BANC_888:720575941412473199	right side of organism	has_soma_location			BANC888	doi:10.1038/s41586-026-10735-w	BANC_v888 260702
VFB_00106gbi	BANC_888:720575941412473745	right side of organism	has_soma_location			BANC888	doi:10.1038/s41586-026-10735-w	BANC_v888 260702
VFB_00107cc1	BANC_888:720575941412474027	left side of organism	has_soma_location			BANC888	doi:10.1038/s41586-026-10735-w	BANC_v888 260702
VFB_00107cc2	BANC_888:720575941412477355	left side of organism	has_soma_location			BANC888	doi:10.1038/s41586-026-10735-w	BANC_v888 260702
VFB_00107cc3	BANC_888:720575941412480427	right side of organism	has_soma_location			BANC888	doi:10.1038/s41586-026-10735-w	BANC_v888 260702
VFB_00107cc4	BANC_888:720575941412484011	left side of organism	has_soma_location			BANC888	doi:10.1038/s41586-026-10735-w	BANC_v888 260702
VFB_00107cc5	BANC_888:720575941412484523	right side of organism	has_soma_location			BANC888	doi:10.1038/s41586-026-10735-w	BANC_v888 260702
VFB_00106gbj	BANC_888:720575941412485265	right side of organism	has_soma_location			BANC888	doi:10.1038/s41586-026-10735-w	BANC_v888 260702
VFB_00107cc6	BANC_888:720575941412491375	left side of organism	has_soma_location			BANC888	doi:10.1038/s41586-026-10735-w	BANC_v888 260702
VFB_00106gbk	BANC_888:720575941412498833	right side of organism	has_soma_location			BANC888	doi:10.1038/s41586-026-10735-w	BANC_v888 260702
VFB_00107cc7	BANC_888:720575941412501675	right side of organism	has_soma_location			BANC888	doi:10.1038/s41586-026-10735-w	BANC_v888 260702
VFB_00107cc8	BANC_888:720575941412506027	left side of organism	has_soma_location			BANC888	doi:10.1038/s41586-026-10735-w	BANC_v888 260702
VFB_00107cc9	BANC_888:720575941412509295	left side of organism	has_soma_location			BANC888	doi:10.1038/s41586-026-10735-w	BANC_v888 260702
VFB_00107cca	BANC_888:720575941412509611	left side of organism	has_soma_location			BANC888	doi:10.1038/s41586-026-10735-w	BANC_v888 260702
VFB_00106gbm	BANC_888:720575941412511633	right side of organism	has_soma_location			BANC888	doi:10.1038/s41586-026-10735-w	BANC_v888 260702
VFB_00107ccb	BANC_888:720575941412511659	left side of organism	has_soma_location			BANC888	doi:10.1038/s41586-026-10735-w	BANC_v888 260702
VFB_00106gbo	BANC_888:720575941412513681	right side of organism	has_soma_location			BANC888	doi:10.1038/s41586-026-10735-w	BANC_v888 260702
VFB_00106gbp	BANC_888:720575941412514775	right side of organism	has_soma_location			BANC888	doi:10.1038/s41586-026-10735-w	BANC_v888 260702
VFB_00107ccc	BANC_888:720575941412524459	left side of organism	has_soma_location			BANC888	doi:10.1038/s41586-026-10735-w	BANC_v888 260702
VFB_00107ccd	BANC_888:720575941412527275	left side of organism	has_soma_location			BANC888	doi:10.1038/s41586-026-10735-w	BANC_v888 260702
VFB_00107cce	BANC_888:720575941412528043	right side of organism	has_soma_location			BANC888	doi:10.1038/s41586-026-10735-w	BANC_v888 260702
VFB_00107ccf	BANC_888:720575941412528555	right side of organism	has_soma_location			BANC888	doi:10.1038/s41586-026-10735-w	BANC_v888 260702
VFB_00107ccg	BANC_888:720575941412528811	left side of organism	has_soma_location			BANC888	doi:10.1038/s41586-026-10735-w	BANC_v888 260702
VFB_00107cch	BANC_888:720575941412529007	left side of organism	has_soma_location			BANC888	doi:10.1038/s41586-026-10735-w	BANC_v888 260702
VFB_00106gbq	BANC_888:720575941412531345	right side of organism	has_soma_location			BANC888	doi:10.1038/s41586-026-10735-w	BANC_v888 260702
VFB_00107cci	BANC_888:720575941412531371	right side of organism	has_soma_location			BANC888	doi:10.1038/s41586-026-10735-w	BANC_v888 260702
VFB_00106gbr	BANC_888:720575941412532881	right side of organism	has_soma_location			BANC888	doi:10.1038/s41586-026-10735-w	BANC_v888 260702
VFB_00107ccj	BANC_888:720575941412535663	left side of organism	has_soma_location			BANC888	doi:10.1038/s41586-026-10735-w	BANC_v888 260702
VFB_00107cck	BANC_888:720575941412536175	left side of organism	has_soma_location			BANC888	doi:10.1038/s41586-026-10735-w	BANC_v888 260702
VFB_00107ccl	BANC_888:720575941412536491	right side of organism	has_soma_location			BANC888	doi:10.1038/s41586-026-10735-w	BANC_v888 260702
VFB_00106gbt	BANC_888:720575941412540308	right side of organism	has_soma_location			BANC888	doi:10.1038/s41586-026-10735-w	BANC_v888 260702
VFB_00106gbu	BANC_888:720575941412540564	right side of organism	has_soma_location			BANC888	doi:10.1038/s41586-026-10735-w	BANC_v888 260702
VFB_00106gbw	BANC_888:720575941412545135	right side of organism	has_soma_location			BANC888	doi:10.1038/s41586-026-10735-w	BANC_v888 260702
VFB_00107ccm	BANC_888:720575941412545707	right side of organism	has_soma_location			BANC888	doi:10.1038/s41586-026-10735-w	BANC_v888 260702
VFB_00107ccn	BANC_888:720575941412546449	right side of organism	has_soma_location			BANC888	doi:10.1038/s41586-026-10735-w	BANC_v888 260702
VFB_00107cco	BANC_888:720575941412546987	right side of organism	has_soma_location			BANC888	doi:10.1038/s41586-026-10735-w	BANC_v888 260702
VFB_00107ccp	BANC_888:720575941412550804	left side of organism	has_soma_location			BANC888	doi:10.1038/s41586-026-10735-w	BANC_v888 260702
VFB_00106gbz	BANC_888:720575941412551791	left side of organism	has_soma_location			BANC888	doi:10.1038/s41586-026-10735-w	BANC_v888 260702
VFB_00107ccq	BANC_888:720575941412551851	right side of organism	has_soma_location			BANC888	doi:10.1038/s41586-026-10735-w	BANC_v888 260702
VFB_00106gc1	BANC_888:720575941412553839	right side of organism	has_soma_location			BANC888	doi:10.1038/s41586-026-10735-w	BANC_v888 260702
VFB_00107ccr	BANC_888:720575941412562859	right side of organism	has_soma_location			BANC888	doi:10.1038/s41586-026-10735-w	BANC_v888 260702
VFB_00107ccs	BANC_888:720575941412564651	left side of organism	has_soma_location			BANC888	doi:10.1038/s41586-026-10735-w	BANC_v888 260702
VFB_00107cct	BANC_888:720575941412564907	left side of organism	has_soma_location			BANC888	doi:10.1038/s41586-026-10735-w	BANC_v888 260702
VFB_00106gc3	BANC_888:720575941412565615	left side of organism	has_soma_location			BANC888	doi:10.1038/s41586-026-10735-w	BANC_v888 260702
VFB_00107ccu	BANC_888:720575941412567697	right side of organism	has_soma_location			BANC888	doi:10.1038/s41586-026-10735-w	BANC_v888 260702
VFB_00106gc5	BANC_888:720575941412567919	left side of organism	has_soma_location			BANC888	doi:10.1038/s41586-026-10735-w	BANC_v888 260702
VFB_00106gc6	BANC_888:720575941412567956	right side of organism	has_soma_location			BANC888	doi:10.1038/s41586-026-10735-w	BANC_v888 260702
VFB_00106gc7	BANC_888:720575941412568724	right side of organism	has_soma_location			BANC888	doi:10.1038/s41586-026-10735-w	BANC_v888 260702
VFB_00107ccv	BANC_888:720575941412569003	right side of organism	has_soma_location			BANC888	doi:10.1038/s41586-026-10735-w	BANC_v888 260702
VFB_00106gc8	BANC_888:720575941412570260	right side of organism	has_soma_location			BANC888	doi:10.1038/s41586-026-10735-w	BANC_v888 260702
VFB_00107ccw	BANC_888:720575941412571563	left side of organism	has_soma_location			BANC888	doi:10.1038/s41586-026-10735-w	BANC_v888 260702
VFB_00106gc9	BANC_888:720575941412572564	right side of organism	has_soma_location			BANC888	doi:10.1038/s41586-026-10735-w	BANC_v888 260702
VFB_00106gca	BANC_888:720575941412573551	left side of organism	has_soma_location			BANC888	doi:10.1038/s41586-026-10735-w	BANC_v888 260702
VFB_00106gcb	BANC_888:720575941412573841	right side of organism	has_soma_location			BANC888	doi:10.1038/s41586-026-10735-w	BANC_v888 260702
VFB_00107ccx	BANC_888:720575941412575124	left side of organism	has_soma_location			BANC888	doi:10.1038/s41586-026-10735-w	BANC_v888 260702
VFB_00106gcd	BANC_888:720575941412575889	right side of organism	has_soma_location			BANC888	doi:10.1038/s41586-026-10735-w	BANC_v888 260702
VFB_00106gce	BANC_888:720575941412577903	right side of organism	has_soma_location			BANC888	doi:10.1038/s41586-026-10735-w	BANC_v888 260702
VFB_00107ccy	BANC_888:720575941412577937	right side of organism	has_soma_location			BANC888	doi:10.1038/s41586-026-10735-w	BANC_v888 260702
VFB_00106gcf	BANC_888:720575941412578927	left side of organism	has_soma_location			BANC888	doi:10.1038/s41586-026-10735-w	BANC_v888 260702
VFB_00107ccz	BANC_888:720575941412579729	right side of organism	has_soma_location			BANC888	doi:10.1038/s41586-026-10735-w	BANC_v888 260702
VFB_00107cd0	BANC_888:720575941412580011	left side of organism	has_soma_location			BANC888	doi:10.1038/s41586-026-10735-w	BANC_v888 260702
VFB_00106gcg	BANC_888:720575941412580756	right side of organism	has_soma_location			BANC888	doi:10.1038/s41586-026-10735-w	BANC_v888 260702
VFB_00106gch	BANC_888:720575941412581268	right side of organism	has_soma_location			BANC888	doi:10.1038/s41586-026-10735-w	BANC_v888 260702
VFB_00106gci	BANC_888:720575941412581487	right side of organism	has_soma_location			BANC888	doi:10.1038/s41586-026-10735-w	BANC_v888 260702
VFB_00106gcj	BANC_888:720575941412582804	right side of organism	has_soma_location			BANC888	doi:10.1038/s41586-026-10735-w	BANC_v888 260702
VFB_00106gck	BANC_888:720575941412584596	right side of organism	has_soma_location			BANC888	doi:10.1038/s41586-026-10735-w	BANC_v888 260702
VFB_00107cd1	BANC_888:720575941412585643	right side of organism	has_soma_location			BANC888	doi:10.1038/s41586-026-10735-w	BANC_v888 260702
