subject_id	subject_name	object	relation	subject_external_db	pub	comment
VFB_00105a2d	BANC_888:720575941579824249	right side of organism	has_soma_location	BANC888	doi:10.1038/s41586-026-10735-w	BANC_v888 260702
VFB_00105a2e	BANC_888:720575941579824465	right side of organism	has_soma_location	BANC888	doi:10.1038/s41586-026-10735-w	BANC_v888 260702
VFB_00105a2f	BANC_888:720575941579825489	left side of organism	has_soma_location	BANC888	doi:10.1038/s41586-026-10735-w	BANC_v888 260702
VFB_00108jgn	BANC_888:720575941579827281	left side of organism	has_soma_location	BANC888	doi:10.1038/s41586-026-10735-w	BANC_v888 260702
VFB_00108jgo	BANC_888:720575941579828561	left side of organism	has_soma_location	BANC888	doi:10.1038/s41586-026-10735-w	BANC_v888 260702
VFB_00108jgp	BANC_888:720575941579829237	left side of organism	has_soma_location	BANC888	doi:10.1038/s41586-026-10735-w	BANC_v888 260702
VFB_00108jgq	BANC_888:720575941579830865	left side of organism	has_soma_location	BANC888	doi:10.1038/s41586-026-10735-w	BANC_v888 260702
VFB_00105a2j	BANC_888:720575941579832053	left side of organism	has_soma_location	BANC888	doi:10.1038/s41586-026-10735-w	BANC_v888 260702
VFB_00108jgr	BANC_888:720575941579833177	right side of organism	has_soma_location	BANC888	doi:10.1038/s41586-026-10735-w	BANC_v888 260702
VFB_00108jgs	BANC_888:720575941579833689	left side of organism	has_soma_location	BANC888	doi:10.1038/s41586-026-10735-w	BANC_v888 260702
VFB_00108jgt	BANC_888:720575941579834201	right side of organism	has_soma_location	BANC888	doi:10.1038/s41586-026-10735-w	BANC_v888 260702
VFB_00105a2k	BANC_888:720575941579837173	right side of organism	has_soma_location	BANC888	doi:10.1038/s41586-026-10735-w	BANC_v888 260702
VFB_00108jgu	BANC_888:720575941579837273	left side of organism	has_soma_location	BANC888	doi:10.1038/s41586-026-10735-w	BANC_v888 260702
VFB_00108jgv	BANC_888:720575941579840345	left side of organism	has_soma_location	BANC888	doi:10.1038/s41586-026-10735-w	BANC_v888 260702
VFB_00108jgw	BANC_888:720575941579840601	left side of organism	has_soma_location	BANC888	doi:10.1038/s41586-026-10735-w	BANC_v888 260702
VFB_00108jgx	BANC_888:720575941579840857	right side of organism	has_soma_location	BANC888	doi:10.1038/s41586-026-10735-w	BANC_v888 260702
VFB_00105a2l	BANC_888:720575941579841013	left side of organism	has_soma_location	BANC888	doi:10.1038/s41586-026-10735-w	BANC_v888 260702
VFB_00105a2m	BANC_888:720575941579841470	left side of organism	has_soma_location	BANC888	doi:10.1038/s41586-026-10735-w	BANC_v888 260702
VFB_00105a2n	BANC_888:720575941579841781	left side of organism	has_soma_location	BANC888	doi:10.1038/s41586-026-10735-w	BANC_v888 260702
VFB_00108jgy	BANC_888:720575941579842649	right side of organism	has_soma_location	BANC888	doi:10.1038/s41586-026-10735-w	BANC_v888 260702
VFB_00108jgz	BANC_888:720575941579845209	right side of organism	has_soma_location	BANC888	doi:10.1038/s41586-026-10735-w	BANC_v888 260702
VFB_00108jh0	BANC_888:720575941579846225	left side of organism	has_soma_location	BANC888	doi:10.1038/s41586-026-10735-w	BANC_v888 260702
VFB_00105a2o	BANC_888:720575941579847925	right side of organism	has_soma_location	BANC888	doi:10.1038/s41586-026-10735-w	BANC_v888 260702
VFB_00105a2p	BANC_888:720575941579848437	right side of organism	has_soma_location	BANC888	doi:10.1038/s41586-026-10735-w	BANC_v888 260702
VFB_00105a2q	BANC_888:720575941579849717	right side of organism	has_soma_location	BANC888	doi:10.1038/s41586-026-10735-w	BANC_v888 260702
VFB_00105a2r	BANC_888:720575941579850229	right side of organism	has_soma_location	BANC888	doi:10.1038/s41586-026-10735-w	BANC_v888 260702
VFB_00108jh1	BANC_888:720575941579854169	right side of organism	has_soma_location	BANC888	doi:10.1038/s41586-026-10735-w	BANC_v888 260702
VFB_00108jh2	BANC_888:720575941579855193	right side of organism	has_soma_location	BANC888	doi:10.1038/s41586-026-10735-w	BANC_v888 260702
VFB_00105a2s	BANC_888:720575941579855481	right side of organism	has_soma_location	BANC888	doi:10.1038/s41586-026-10735-w	BANC_v888 260702
VFB_00105a2t	BANC_888:720575941579857397	left side of organism	has_soma_location	BANC888	doi:10.1038/s41586-026-10735-w	BANC_v888 260702
VFB_00108jh3	BANC_888:720575941579858878	left side of organism	has_soma_location	BANC888	doi:10.1038/s41586-026-10735-w	BANC_v888 260702
VFB_00105a2u	BANC_888:720575941579859189	left side of organism	has_soma_location	BANC888	doi:10.1038/s41586-026-10735-w	BANC_v888 260702
VFB_00105a2v	BANC_888:720575941579863417	right side of organism	has_soma_location	BANC888	doi:10.1038/s41586-026-10735-w	BANC_v888 260702
VFB_00105a2w	BANC_888:720575941579863889	left side of organism	has_soma_location	BANC888	doi:10.1038/s41586-026-10735-w	BANC_v888 260702
VFB_00105a2x	BANC_888:720575941579866489	right side of organism	has_soma_location	BANC888	doi:10.1038/s41586-026-10735-w	BANC_v888 260702
VFB_00105a2y	BANC_888:720575941579866869	left side of organism	has_soma_location	BANC888	doi:10.1038/s41586-026-10735-w	BANC_v888 260702
VFB_00105a2z	BANC_888:720575941579867125	left side of organism	has_soma_location	BANC888	doi:10.1038/s41586-026-10735-w	BANC_v888 260702
VFB_00105a30	BANC_888:720575941579867637	right side of organism	has_soma_location	BANC888	doi:10.1038/s41586-026-10735-w	BANC_v888 260702
VFB_00105a31	BANC_888:720575941579868917	left side of organism	has_soma_location	BANC888	doi:10.1038/s41586-026-10735-w	BANC_v888 260702
VFB_00108jh4	BANC_888:720575941579870033	left side of organism	has_soma_location	BANC888	doi:10.1038/s41586-026-10735-w	BANC_v888 260702
VFB_00108jh5	BANC_888:720575941579872089	right side of organism	has_soma_location	BANC888	doi:10.1038/s41586-026-10735-w	BANC_v888 260702
VFB_00108jh6	BANC_888:720575941579872345	right side of organism	has_soma_location	BANC888	doi:10.1038/s41586-026-10735-w	BANC_v888 260702
VFB_00108jh7	BANC_888:720575941579873881	right side of organism	has_soma_location	BANC888	doi:10.1038/s41586-026-10735-w	BANC_v888 260702
VFB_00108jh8	BANC_888:720575941579874137	right side of organism	has_soma_location	BANC888	doi:10.1038/s41586-026-10735-w	BANC_v888 260702
VFB_00105a32	BANC_888:720575941579874169	right side of organism	has_soma_location	BANC888	doi:10.1038/s41586-026-10735-w	BANC_v888 260702
VFB_00108jh9	BANC_888:720575941579875161	right side of organism	has_soma_location	BANC888	doi:10.1038/s41586-026-10735-w	BANC_v888 260702
VFB_00105a33	BANC_888:720575941579875317	right side of organism	has_soma_location	BANC888	doi:10.1038/s41586-026-10735-w	BANC_v888 260702
VFB_00108jha	BANC_888:720575941579875417	right side of organism	has_soma_location	BANC888	doi:10.1038/s41586-026-10735-w	BANC_v888 260702
VFB_00105a35	BANC_888:720575941579876341	right side of organism	has_soma_location	BANC888	doi:10.1038/s41586-026-10735-w	BANC_v888 260702
VFB_00108jhb	BANC_888:720575941579876697	right side of organism	has_soma_location	BANC888	doi:10.1038/s41586-026-10735-w	BANC_v888 260702
VFB_00105a36	BANC_888:720575941579877365	left side of organism	has_soma_location	BANC888	doi:10.1038/s41586-026-10735-w	BANC_v888 260702
VFB_00108jhc	BANC_888:720575941579877457	left side of organism	has_soma_location	BANC888	doi:10.1038/s41586-026-10735-w	BANC_v888 260702
VFB_00105a37	BANC_888:720575941579879157	left side of organism	has_soma_location	BANC888	doi:10.1038/s41586-026-10735-w	BANC_v888 260702
VFB_00105a38	BANC_888:720575941579879801	right side of organism	has_soma_location	BANC888	doi:10.1038/s41586-026-10735-w	BANC_v888 260702
VFB_00108jhd	BANC_888:720575941579879925	right side of organism	has_soma_location	BANC888	doi:10.1038/s41586-026-10735-w	BANC_v888 260702
VFB_00105a39	BANC_888:720575941579882361	right side of organism	has_soma_location	BANC888	doi:10.1038/s41586-026-10735-w	BANC_v888 260702
VFB_00105a3a	BANC_888:720575941579886457	right side of organism	has_soma_location	BANC888	doi:10.1038/s41586-026-10735-w	BANC_v888 260702
VFB_00105a3b	BANC_888:720575941579886713	right side of organism	has_soma_location	BANC888	doi:10.1038/s41586-026-10735-w	BANC_v888 260702
VFB_00105a3c	BANC_888:720575941579887737	right side of organism	has_soma_location	BANC888	doi:10.1038/s41586-026-10735-w	BANC_v888 260702
VFB_00108jhe	BANC_888:720575941579888473	right side of organism	has_soma_location	BANC888	doi:10.1038/s41586-026-10735-w	BANC_v888 260702
VFB_00105a3d	BANC_888:720575941579889653	right side of organism	has_soma_location	BANC888	doi:10.1038/s41586-026-10735-w	BANC_v888 260702
VFB_00105a3e	BANC_888:720575941579892601	right side of organism	has_soma_location	BANC888	doi:10.1038/s41586-026-10735-w	BANC_v888 260702
VFB_00105a3g	BANC_888:720575941579895673	right side of organism	has_soma_location	BANC888	doi:10.1038/s41586-026-10735-w	BANC_v888 260702
VFB_00108jhf	BANC_888:720575941579897845	right side of organism	has_soma_location	BANC888	doi:10.1038/s41586-026-10735-w	BANC_v888 260702
VFB_00108jhg	BANC_888:720575941579899381	left side of organism	has_soma_location	BANC888	doi:10.1038/s41586-026-10735-w	BANC_v888 260702
VFB_00105a3k	BANC_888:720575941579900149	right side of organism	has_soma_location	BANC888	doi:10.1038/s41586-026-10735-w	BANC_v888 260702
VFB_00108jhh	BANC_888:720575941579902297	left side of organism	has_soma_location	BANC888	doi:10.1038/s41586-026-10735-w	BANC_v888 260702
VFB_00108jhi	BANC_888:720575941579902809	left side of organism	has_soma_location	BANC888	doi:10.1038/s41586-026-10735-w	BANC_v888 260702
VFB_00108jhj	BANC_888:720575941579904089	left side of organism	has_soma_location	BANC888	doi:10.1038/s41586-026-10735-w	BANC_v888 260702
VFB_00105a3m	BANC_888:720575941579905913	right side of organism	has_soma_location	BANC888	doi:10.1038/s41586-026-10735-w	BANC_v888 260702
VFB_00108jhk	BANC_888:720575941579908689	left side of organism	has_soma_location	BANC888	doi:10.1038/s41586-026-10735-w	BANC_v888 260702
VFB_00108jhl	BANC_888:720575941579913593	right side of organism	has_soma_location	BANC888	doi:10.1038/s41586-026-10735-w	BANC_v888 260702
VFB_00108jhm	BANC_888:720575941579914073	right side of organism	has_soma_location	BANC888	doi:10.1038/s41586-026-10735-w	BANC_v888 260702
VFB_00108jhn	BANC_888:720575941579916377	right side of organism	has_soma_location	BANC888	doi:10.1038/s41586-026-10735-w	BANC_v888 260702
VFB_00108jho	BANC_888:720575941579918673	left side of organism	has_soma_location	BANC888	doi:10.1038/s41586-026-10735-w	BANC_v888 260702
VFB_00108jhp	BANC_888:720575941579921497	left side of organism	has_soma_location	BANC888	doi:10.1038/s41586-026-10735-w	BANC_v888 260702
VFB_00108jhq	BANC_888:720575941579921653	left side of organism	has_soma_location	BANC888	doi:10.1038/s41586-026-10735-w	BANC_v888 260702
VFB_00108jhr	BANC_888:720575941579924049	left side of organism	has_soma_location	BANC888	doi:10.1038/s41586-026-10735-w	BANC_v888 260702
VFB_00105a3p	BANC_888:720575941579926517	left side of organism	has_soma_location	BANC888	doi:10.1038/s41586-026-10735-w	BANC_v888 260702
VFB_00108jhs	BANC_888:720575941579926617	left side of organism	has_soma_location	BANC888	doi:10.1038/s41586-026-10735-w	BANC_v888 260702
VFB_00108jht	BANC_888:720575941579926865	left side of organism	has_soma_location	BANC888	doi:10.1038/s41586-026-10735-w	BANC_v888 260702
VFB_00108jhu	BANC_888:720575941579927633	left side of organism	has_soma_location	BANC888	doi:10.1038/s41586-026-10735-w	BANC_v888 260702
VFB_00105a3r	BANC_888:720575941579928697	right side of organism	has_soma_location	BANC888	doi:10.1038/s41586-026-10735-w	BANC_v888 260702
VFB_00108jhv	BANC_888:720575941579934545	left side of organism	has_soma_location	BANC888	doi:10.1038/s41586-026-10735-w	BANC_v888 260702
VFB_00108jhw	BANC_888:720575941579936377	right side of organism	has_soma_location	BANC888	doi:10.1038/s41586-026-10735-w	BANC_v888 260702
VFB_00108jhx	BANC_888:720575941579939161	left side of organism	has_soma_location	BANC888	doi:10.1038/s41586-026-10735-w	BANC_v888 260702
VFB_00108jhy	BANC_888:720575941579939829	right side of organism	has_soma_location	BANC888	doi:10.1038/s41586-026-10735-w	BANC_v888 260702
VFB_00108jhz	BANC_888:720575941579943249	right side of organism	has_soma_location	BANC888	doi:10.1038/s41586-026-10735-w	BANC_v888 260702
VFB_00108ji0	BANC_888:720575941579945041	right side of organism	has_soma_location	BANC888	doi:10.1038/s41586-026-10735-w	BANC_v888 260702
VFB_00108ji1	BANC_888:720575941579945561	left side of organism	has_soma_location	BANC888	doi:10.1038/s41586-026-10735-w	BANC_v888 260702
VFB_00108ji2	BANC_888:720575941579946585	left side of organism	has_soma_location	BANC888	doi:10.1038/s41586-026-10735-w	BANC_v888 260702
VFB_00108ji3	BANC_888:720575941579947609	right side of organism	has_soma_location	BANC888	doi:10.1038/s41586-026-10735-w	BANC_v888 260702
VFB_00108ji4	BANC_888:720575941579948121	left side of organism	has_soma_location	BANC888	doi:10.1038/s41586-026-10735-w	BANC_v888 260702
VFB_00105a3s	BANC_888:720575941579948277	left side of organism	has_soma_location	BANC888	doi:10.1038/s41586-026-10735-w	BANC_v888 260702
VFB_00108ji5	BANC_888:720575941579949657	left side of organism	has_soma_location	BANC888	doi:10.1038/s41586-026-10735-w	BANC_v888 260702
VFB_00108ji6	BANC_888:720575941579950169	left side of organism	has_soma_location	BANC888	doi:10.1038/s41586-026-10735-w	BANC_v888 260702
VFB_00108ji7	BANC_888:720575941579950681	right side of organism	has_soma_location	BANC888	doi:10.1038/s41586-026-10735-w	BANC_v888 260702
VFB_00108ji8	BANC_888:720575941579956670	left side of organism	has_soma_location	BANC888	doi:10.1038/s41586-026-10735-w	BANC_v888 260702
VFB_00108ji9	BANC_888:720575941579960409	right side of organism	has_soma_location	BANC888	doi:10.1038/s41586-026-10735-w	BANC_v888 260702
VFB_00108jia	BANC_888:720575941579969873	left side of organism	has_soma_location	BANC888	doi:10.1038/s41586-026-10735-w	BANC_v888 260702
VFB_00105a3v	BANC_888:720575941579971061	right side of organism	has_soma_location	BANC888	doi:10.1038/s41586-026-10735-w	BANC_v888 260702
VFB_00108jib	BANC_888:720575941579971417	left side of organism	has_soma_location	BANC888	doi:10.1038/s41586-026-10735-w	BANC_v888 260702
VFB_00108jic	BANC_888:720575941579971673	right side of organism	has_soma_location	BANC888	doi:10.1038/s41586-026-10735-w	BANC_v888 260702
VFB_00105a3w	BANC_888:720575941579972729	right side of organism	has_soma_location	BANC888	doi:10.1038/s41586-026-10735-w	BANC_v888 260702
VFB_00105a3x	BANC_888:720575941579972853	left side of organism	has_soma_location	BANC888	doi:10.1038/s41586-026-10735-w	BANC_v888 260702
VFB_00108jid	BANC_888:720575941579979857	left side of organism	has_soma_location	BANC888	doi:10.1038/s41586-026-10735-w	BANC_v888 260702
VFB_00105a3y	BANC_888:720575941579985653	right side of organism	has_soma_location	BANC888	doi:10.1038/s41586-026-10735-w	BANC_v888 260702
VFB_00105a41	BANC_888:720575941579991417	right side of organism	has_soma_location	BANC888	doi:10.1038/s41586-026-10735-w	BANC_v888 260702
VFB_00108jie	BANC_888:720575941579991889	left side of organism	has_soma_location	BANC888	doi:10.1038/s41586-026-10735-w	BANC_v888 260702
VFB_00105a42	BANC_888:720575941579992565	left side of organism	has_soma_location	BANC888	doi:10.1038/s41586-026-10735-w	BANC_v888 260702
VFB_00105a43	BANC_888:720575941579992821	right side of organism	has_soma_location	BANC888	doi:10.1038/s41586-026-10735-w	BANC_v888 260702
VFB_00105a44	BANC_888:720575941579992953	right side of organism	has_soma_location	BANC888	doi:10.1038/s41586-026-10735-w	BANC_v888 260702
VFB_00108jif	BANC_888:720575941579995125	left side of organism	has_soma_location	BANC888	doi:10.1038/s41586-026-10735-w	BANC_v888 260702
VFB_00108jig	BANC_888:720575941579995381	left side of organism	has_soma_location	BANC888	doi:10.1038/s41586-026-10735-w	BANC_v888 260702
VFB_00108jih	BANC_888:720575941579996497	left side of organism	has_soma_location	BANC888	doi:10.1038/s41586-026-10735-w	BANC_v888 260702
VFB_00108jii	BANC_888:720575941579997265	left side of organism	has_soma_location	BANC888	doi:10.1038/s41586-026-10735-w	BANC_v888 260702
VFB_00108jij	BANC_888:720575941579997529	left side of organism	has_soma_location	BANC888	doi:10.1038/s41586-026-10735-w	BANC_v888 260702
VFB_00105a45	BANC_888:720575941579997886	left side of organism	has_soma_location	BANC888	doi:10.1038/s41586-026-10735-w	BANC_v888 260702
VFB_00108jik	BANC_888:720575941579999097	right side of organism	has_soma_location	BANC888	doi:10.1038/s41586-026-10735-w	BANC_v888 260702
VFB_00105a47	BANC_888:720575941580001781	right side of organism	has_soma_location	BANC888	doi:10.1038/s41586-026-10735-w	BANC_v888 260702
VFB_00105a48	BANC_888:720575941580005201	left side of organism	has_soma_location	BANC888	doi:10.1038/s41586-026-10735-w	BANC_v888 260702
VFB_00108jil	BANC_888:720575941580005465	left side of organism	has_soma_location	BANC888	doi:10.1038/s41586-026-10735-w	BANC_v888 260702
VFB_00108jim	BANC_888:720575941580008693	right side of organism	has_soma_location	BANC888	doi:10.1038/s41586-026-10735-w	BANC_v888 260702
VFB_00108jin	BANC_888:720575941580010361	right side of organism	has_soma_location	BANC888	doi:10.1038/s41586-026-10735-w	BANC_v888 260702
VFB_00105a4b	BANC_888:720575941580011641	right side of organism	has_soma_location	BANC888	doi:10.1038/s41586-026-10735-w	BANC_v888 260702
VFB_00108jio	BANC_888:720575941580013657	left side of organism	has_soma_location	BANC888	doi:10.1038/s41586-026-10735-w	BANC_v888 260702
VFB_00105a4c	BANC_888:720575941580015093	right side of organism	has_soma_location	BANC888	doi:10.1038/s41586-026-10735-w	BANC_v888 260702
VFB_00108jip	BANC_888:720575941580017273	right side of organism	has_soma_location	BANC888	doi:10.1038/s41586-026-10735-w	BANC_v888 260702
VFB_00105a4d	BANC_888:720575941580018041	right side of organism	has_soma_location	BANC888	doi:10.1038/s41586-026-10735-w	BANC_v888 260702
VFB_00105a4e	BANC_888:720575941580022773	left side of organism	has_soma_location	BANC888	doi:10.1038/s41586-026-10735-w	BANC_v888 260702
VFB_00108jiq	BANC_888:720575941580024153	left side of organism	has_soma_location	BANC888	doi:10.1038/s41586-026-10735-w	BANC_v888 260702
VFB_00108jir	BANC_888:720575941580026745	right side of organism	has_soma_location	BANC888	doi:10.1038/s41586-026-10735-w	BANC_v888 260702
VFB_00108jis	BANC_888:720575941580027737	left side of organism	has_soma_location	BANC888	doi:10.1038/s41586-026-10735-w	BANC_v888 260702
VFB_00105a4f	BANC_888:720575941580028025	right side of organism	has_soma_location	BANC888	doi:10.1038/s41586-026-10735-w	BANC_v888 260702
VFB_00108jit	BANC_888:720575941580028761	left side of organism	has_soma_location	BANC888	doi:10.1038/s41586-026-10735-w	BANC_v888 260702
VFB_00108jiu	BANC_888:720575941580031313	left side of organism	has_soma_location	BANC888	doi:10.1038/s41586-026-10735-w	BANC_v888 260702
VFB_00108jiv	BANC_888:720575941580034905	left side of organism	has_soma_location	BANC888	doi:10.1038/s41586-026-10735-w	BANC_v888 260702
VFB_00105a4g	BANC_888:720575941580037753	right side of organism	has_soma_location	BANC888	doi:10.1038/s41586-026-10735-w	BANC_v888 260702
VFB_00105a4h	BANC_888:720575941580038133	right side of organism	has_soma_location	BANC888	doi:10.1038/s41586-026-10735-w	BANC_v888 260702
VFB_00105a4i	BANC_888:720575941580041041	left side of organism	has_soma_location	BANC888	doi:10.1038/s41586-026-10735-w	BANC_v888 260702
VFB_00108jiw	BANC_888:720575941580043353	left side of organism	has_soma_location	BANC888	doi:10.1038/s41586-026-10735-w	BANC_v888 260702
VFB_00105a4k	BANC_888:720575941580044921	right side of organism	has_soma_location	BANC888	doi:10.1038/s41586-026-10735-w	BANC_v888 260702
VFB_00108jix	BANC_888:720575941580045913	left side of organism	has_soma_location	BANC888	doi:10.1038/s41586-026-10735-w	BANC_v888 260702
VFB_00108jiy	BANC_888:720575941580047705	right side of organism	has_soma_location	BANC888	doi:10.1038/s41586-026-10735-w	BANC_v888 260702
VFB_00108jj0	BANC_888:720575941580051537	left side of organism	has_soma_location	BANC888	doi:10.1038/s41586-026-10735-w	BANC_v888 260702
VFB_00105a4m	BANC_888:720575941580053749	right side of organism	has_soma_location	BANC888	doi:10.1038/s41586-026-10735-w	BANC_v888 260702
VFB_00108jj1	BANC_888:720575941580057433	right side of organism	has_soma_location	BANC888	doi:10.1038/s41586-026-10735-w	BANC_v888 260702
VFB_00108jj2	BANC_888:720575941580061009	left side of organism	has_soma_location	BANC888	doi:10.1038/s41586-026-10735-w	BANC_v888 260702
VFB_00105a4o	BANC_888:720575941580061817	right side of organism	has_soma_location	BANC888	doi:10.1038/s41586-026-10735-w	BANC_v888 260702
VFB_00108jj3	BANC_888:720575941580062289	left side of organism	has_soma_location	BANC888	doi:10.1038/s41586-026-10735-w	BANC_v888 260702
VFB_00105a4p	BANC_888:720575941580063221	left side of organism	has_soma_location	BANC888	doi:10.1038/s41586-026-10735-w	BANC_v888 260702
VFB_00105a4q	BANC_888:720575941580063609	right side of organism	has_soma_location	BANC888	doi:10.1038/s41586-026-10735-w	BANC_v888 260702
VFB_00108jj4	BANC_888:720575941580065013	left side of organism	has_soma_location	BANC888	doi:10.1038/s41586-026-10735-w	BANC_v888 260702
VFB_00108jj5	BANC_888:720575941580065873	left side of organism	has_soma_location	BANC888	doi:10.1038/s41586-026-10735-w	BANC_v888 260702
VFB_00105a4r	BANC_888:720575941580066169	right side of organism	has_soma_location	BANC888	doi:10.1038/s41586-026-10735-w	BANC_v888 260702
VFB_00108jj6	BANC_888:720575941580066897	left side of organism	has_soma_location	BANC888	doi:10.1038/s41586-026-10735-w	BANC_v888 260702
VFB_00105a4s	BANC_888:720575941580067961	right side of organism	has_soma_location	BANC888	doi:10.1038/s41586-026-10735-w	BANC_v888 260702
VFB_00105a4t	BANC_888:720575941580068085	right side of organism	has_soma_location	BANC888	doi:10.1038/s41586-026-10735-w	BANC_v888 260702
VFB_00105a4u	BANC_888:720575941580069877	left side of organism	has_soma_location	BANC888	doi:10.1038/s41586-026-10735-w	BANC_v888 260702
VFB_00108jj7	BANC_888:720575941580070737	left side of organism	has_soma_location	BANC888	doi:10.1038/s41586-026-10735-w	BANC_v888 260702
VFB_00105a4v	BANC_888:720575941580070901	right side of organism	has_soma_location	BANC888	doi:10.1038/s41586-026-10735-w	BANC_v888 260702
VFB_00105a4w	BANC_888:720575941580074485	left side of organism	has_soma_location	BANC888	doi:10.1038/s41586-026-10735-w	BANC_v888 260702
VFB_00108jj8	BANC_888:720575941580075345	left side of organism	has_soma_location	BANC888	doi:10.1038/s41586-026-10735-w	BANC_v888 260702
VFB_00105a4x	BANC_888:720575941580075385	right side of organism	has_soma_location	BANC888	doi:10.1038/s41586-026-10735-w	BANC_v888 260702
VFB_00108jj9	BANC_888:720575941580077137	left side of organism	has_soma_location	BANC888	doi:10.1038/s41586-026-10735-w	BANC_v888 260702
VFB_00105a4y	BANC_888:720575941580077301	right side of organism	has_soma_location	BANC888	doi:10.1038/s41586-026-10735-w	BANC_v888 260702
VFB_00108jja	BANC_888:720575941580077393	left side of organism	has_soma_location	BANC888	doi:10.1038/s41586-026-10735-w	BANC_v888 260702
VFB_00108jjb	BANC_888:720575941580077657	left side of organism	has_soma_location	BANC888	doi:10.1038/s41586-026-10735-w	BANC_v888 260702
VFB_00105a4z	BANC_888:720575941580077813	left side of organism	has_soma_location	BANC888	doi:10.1038/s41586-026-10735-w	BANC_v888 260702
VFB_00105a50	BANC_888:720575941580078201	right side of organism	has_soma_location	BANC888	doi:10.1038/s41586-026-10735-w	BANC_v888 260702
VFB_00108jjc	BANC_888:720575941580078425	left side of organism	has_soma_location	BANC888	doi:10.1038/s41586-026-10735-w	BANC_v888 260702
VFB_00105a51	BANC_888:720575941580079993	right side of organism	has_soma_location	BANC888	doi:10.1038/s41586-026-10735-w	BANC_v888 260702
VFB_00108jjd	BANC_888:720575941580080629	right side of organism	has_soma_location	BANC888	doi:10.1038/s41586-026-10735-w	BANC_v888 260702
VFB_00105a52	BANC_888:720575941580081017	right side of organism	has_soma_location	BANC888	doi:10.1038/s41586-026-10735-w	BANC_v888 260702
VFB_00108jje	BANC_888:720575941580082009	left side of organism	has_soma_location	BANC888	doi:10.1038/s41586-026-10735-w	BANC_v888 260702
VFB_00108jjf	BANC_888:720575941580083289	left side of organism	has_soma_location	BANC888	doi:10.1038/s41586-026-10735-w	BANC_v888 260702
VFB_00105a53	BANC_888:720575941580083701	right side of organism	has_soma_location	BANC888	doi:10.1038/s41586-026-10735-w	BANC_v888 260702
VFB_00105a54	BANC_888:720575941580086609	right side of organism	has_soma_location	BANC888	doi:10.1038/s41586-026-10735-w	BANC_v888 260702
VFB_00108jjg	BANC_888:720575941580086873	right side of organism	has_soma_location	BANC888	doi:10.1038/s41586-026-10735-w	BANC_v888 260702
VFB_00108jjh	BANC_888:720575941580089177	left side of organism	has_soma_location	BANC888	doi:10.1038/s41586-026-10735-w	BANC_v888 260702
VFB_00105a55	BANC_888:720575941580089333	left side of organism	has_soma_location	BANC888	doi:10.1038/s41586-026-10735-w	BANC_v888 260702
VFB_00108jji	BANC_888:720575941580089425	left side of organism	has_soma_location	BANC888	doi:10.1038/s41586-026-10735-w	BANC_v888 260702
VFB_00105a56	BANC_888:720575941580089465	right side of organism	has_soma_location	BANC888	doi:10.1038/s41586-026-10735-w	BANC_v888 260702
VFB_00105a57	BANC_888:720575941580090489	right side of organism	has_soma_location	BANC888	doi:10.1038/s41586-026-10735-w	BANC_v888 260702
VFB_00108jjj	BANC_888:720575941580093265	left side of organism	has_soma_location	BANC888	doi:10.1038/s41586-026-10735-w	BANC_v888 260702
VFB_00105a59	BANC_888:720575941580095477	right side of organism	has_soma_location	BANC888	doi:10.1038/s41586-026-10735-w	BANC_v888 260702
VFB_00105a5a	BANC_888:720575941580096121	right side of organism	has_soma_location	BANC888	doi:10.1038/s41586-026-10735-w	BANC_v888 260702
VFB_00108jjk	BANC_888:720575941580098393	right side of organism	has_soma_location	BANC888	doi:10.1038/s41586-026-10735-w	BANC_v888 260702
VFB_00108jjl	BANC_888:720575941580099409	left side of organism	has_soma_location	BANC888	doi:10.1038/s41586-026-10735-w	BANC_v888 260702
VFB_00108jjm	BANC_888:720575941580099929	left side of organism	has_soma_location	BANC888	doi:10.1038/s41586-026-10735-w	BANC_v888 260702
VFB_00108jjn	BANC_888:720575941580100729	right side of organism	has_soma_location	BANC888	doi:10.1038/s41586-026-10735-w	BANC_v888 260702
VFB_00108jjo	BANC_888:720575941580102745	right side of organism	has_soma_location	BANC888	doi:10.1038/s41586-026-10735-w	BANC_v888 260702
VFB_00108jjp	BANC_888:720575941580106741	right side of organism	has_soma_location	BANC888	doi:10.1038/s41586-026-10735-w	BANC_v888 260702
VFB_00108jjq	BANC_888:720575941580107345	left side of organism	has_soma_location	BANC888	doi:10.1038/s41586-026-10735-w	BANC_v888 260702
VFB_00105a5c	BANC_888:720575941580112629	right side of organism	has_soma_location	BANC888	doi:10.1038/s41586-026-10735-w	BANC_v888 260702
VFB_00108jjr	BANC_888:720575941580116469	left side of organism	has_soma_location	BANC888	doi:10.1038/s41586-026-10735-w	BANC_v888 260702
VFB_00105a5e	BANC_888:720575941580116981	left side of organism	has_soma_location	BANC888	doi:10.1038/s41586-026-10735-w	BANC_v888 260702
VFB_00108jjs	BANC_888:720575941580117585	left side of organism	has_soma_location	BANC888	doi:10.1038/s41586-026-10735-w	BANC_v888 260702
VFB_00108jjt	BANC_888:720575941580118873	left side of organism	has_soma_location	BANC888	doi:10.1038/s41586-026-10735-w	BANC_v888 260702
VFB_00105a5f	BANC_888:720575941580119161	right side of organism	has_soma_location	BANC888	doi:10.1038/s41586-026-10735-w	BANC_v888 260702
VFB_00105a5h	BANC_888:720575941580120053	left side of organism	has_soma_location	BANC888	doi:10.1038/s41586-026-10735-w	BANC_v888 260702
VFB_00105a5i	BANC_888:720575941580121077	right side of organism	has_soma_location	BANC888	doi:10.1038/s41586-026-10735-w	BANC_v888 260702
VFB_00108jju	BANC_888:720575941580122449	left side of organism	has_soma_location	BANC888	doi:10.1038/s41586-026-10735-w	BANC_v888 260702
VFB_00108jjv	BANC_888:720575941580122457	left side of organism	has_soma_location	BANC888	doi:10.1038/s41586-026-10735-w	BANC_v888 260702
VFB_00108jjw	BANC_888:720575941580123893	left side of organism	has_soma_location	BANC888	doi:10.1038/s41586-026-10735-w	BANC_v888 260702
VFB_00108jjx	BANC_888:720575941580123985	left side of organism	has_soma_location	BANC888	doi:10.1038/s41586-026-10735-w	BANC_v888 260702
VFB_00108jjy	BANC_888:720575941580127577	left side of organism	has_soma_location	BANC888	doi:10.1038/s41586-026-10735-w	BANC_v888 260702
VFB_00108jjz	BANC_888:720575941580134133	left side of organism	has_soma_location	BANC888	doi:10.1038/s41586-026-10735-w	BANC_v888 260702
VFB_00105a5m	BANC_888:720575941580141301	right side of organism	has_soma_location	BANC888	doi:10.1038/s41586-026-10735-w	BANC_v888 260702
VFB_00105a5n	BANC_888:720575941580142837	right side of organism	has_soma_location	BANC888	doi:10.1038/s41586-026-10735-w	BANC_v888 260702
VFB_00108jk0	BANC_888:720575941580144217	left side of organism	has_soma_location	BANC888	doi:10.1038/s41586-026-10735-w	BANC_v888 260702
VFB_00108jk1	BANC_888:720575941580144473	right side of organism	has_soma_location	BANC888	doi:10.1038/s41586-026-10735-w	BANC_v888 260702
VFB_00108jk2	BANC_888:720575941580144985	left side of organism	has_soma_location	BANC888	doi:10.1038/s41586-026-10735-w	BANC_v888 260702
VFB_00105a5o	BANC_888:720575941580145909	left side of organism	has_soma_location	BANC888	doi:10.1038/s41586-026-10735-w	BANC_v888 260702
VFB_00105a5p	BANC_888:720575941580148857	right side of organism	has_soma_location	BANC888	doi:10.1038/s41586-026-10735-w	BANC_v888 260702
VFB_00108jk3	BANC_888:720575941580150617	left side of organism	has_soma_location	BANC888	doi:10.1038/s41586-026-10735-w	BANC_v888 260702
VFB_00105a5q	BANC_888:720575941580152821	left side of organism	has_soma_location	BANC888	doi:10.1038/s41586-026-10735-w	BANC_v888 260702
VFB_00108jk4	BANC_888:720575941580155637	left side of organism	has_soma_location	BANC888	doi:10.1038/s41586-026-10735-w	BANC_v888 260702
VFB_00108jk5	BANC_888:720575941580155985	left side of organism	has_soma_location	BANC888	doi:10.1038/s41586-026-10735-w	BANC_v888 260702
VFB_00108jk6	BANC_888:720575941580163829	right side of organism	has_soma_location	BANC888	doi:10.1038/s41586-026-10735-w	BANC_v888 260702
VFB_00108jk7	BANC_888:720575941580165209	right side of organism	has_soma_location	BANC888	doi:10.1038/s41586-026-10735-w	BANC_v888 260702
VFB_00105a5t	BANC_888:720575941580166389	left side of organism	has_soma_location	BANC888	doi:10.1038/s41586-026-10735-w	BANC_v888 260702
VFB_00105a5u	BANC_888:720575941580166901	right side of organism	has_soma_location	BANC888	doi:10.1038/s41586-026-10735-w	BANC_v888 260702
VFB_00108jk8	BANC_888:720575941580171089	left side of organism	has_soma_location	BANC888	doi:10.1038/s41586-026-10735-w	BANC_v888 260702
VFB_00108jk9	BANC_888:720575941580171253	left side of organism	has_soma_location	BANC888	doi:10.1038/s41586-026-10735-w	BANC_v888 260702
VFB_00108jka	BANC_888:720575941580171897	right side of organism	has_soma_location	BANC888	doi:10.1038/s41586-026-10735-w	BANC_v888 260702
VFB_00108jkb	BANC_888:720575941580176729	left side of organism	has_soma_location	BANC888	doi:10.1038/s41586-026-10735-w	BANC_v888 260702
VFB_00108jkc	BANC_888:720575941580177397	left side of organism	has_soma_location	BANC888	doi:10.1038/s41586-026-10735-w	BANC_v888 260702
VFB_00108jkd	BANC_888:720575941580178009	left side of organism	has_soma_location	BANC888	doi:10.1038/s41586-026-10735-w	BANC_v888 260702
VFB_00108jke	BANC_888:720575941580179289	right side of organism	has_soma_location	BANC888	doi:10.1038/s41586-026-10735-w	BANC_v888 260702
VFB_00108jkf	BANC_888:720575941580182617	left side of organism	has_soma_location	BANC888	doi:10.1038/s41586-026-10735-w	BANC_v888 260702
VFB_00108jkg	BANC_888:720575941580185433	right side of organism	has_soma_location	BANC888	doi:10.1038/s41586-026-10735-w	BANC_v888 260702
VFB_00108jkh	BANC_888:720575941580185937	left side of organism	has_soma_location	BANC888	doi:10.1038/s41586-026-10735-w	BANC_v888 260702
VFB_00108jki	BANC_888:720575941580186961	left side of organism	has_soma_location	BANC888	doi:10.1038/s41586-026-10735-w	BANC_v888 260702
VFB_00108jkj	BANC_888:720575941580187985	left side of organism	has_soma_location	BANC888	doi:10.1038/s41586-026-10735-w	BANC_v888 260702
VFB_00108jkk	BANC_888:720575941580188497	left side of organism	has_soma_location	BANC888	doi:10.1038/s41586-026-10735-w	BANC_v888 260702
VFB_00108jkl	BANC_888:720575941580189529	left side of organism	has_soma_location	BANC888	doi:10.1038/s41586-026-10735-w	BANC_v888 260702
VFB_00108jkm	BANC_888:720575941580190801	left side of organism	has_soma_location	BANC888	doi:10.1038/s41586-026-10735-w	BANC_v888 260702
VFB_00108jkn	BANC_888:720575941580191065	left side of organism	has_soma_location	BANC888	doi:10.1038/s41586-026-10735-w	BANC_v888 260702
VFB_00108jko	BANC_888:720575941580191321	left side of organism	has_soma_location	BANC888	doi:10.1038/s41586-026-10735-w	BANC_v888 260702
VFB_00105a5v	BANC_888:720575941580195153	left side of organism	has_soma_location	BANC888	doi:10.1038/s41586-026-10735-w	BANC_v888 260702
VFB_00108jkp	BANC_888:720575941580196689	left side of organism	has_soma_location	BANC888	doi:10.1038/s41586-026-10735-w	BANC_v888 260702
VFB_00108jkq	BANC_888:720575941580197465	left side of organism	has_soma_location	BANC888	doi:10.1038/s41586-026-10735-w	BANC_v888 260702
VFB_00108jkr	BANC_888:720575941580197877	left side of organism	has_soma_location	BANC888	doi:10.1038/s41586-026-10735-w	BANC_v888 260702
VFB_00108jks	BANC_888:720575941580197977	left side of organism	has_soma_location	BANC888	doi:10.1038/s41586-026-10735-w	BANC_v888 260702
VFB_00108jkt	BANC_888:720575941580202073	right side of organism	has_soma_location	BANC888	doi:10.1038/s41586-026-10735-w	BANC_v888 260702
VFB_00105a5w	BANC_888:720575941580204153	left side of organism	has_soma_location	BANC888	doi:10.1038/s41586-026-10735-w	BANC_v888 260702
VFB_00108jku	BANC_888:720575941580208465	left side of organism	has_soma_location	BANC888	doi:10.1038/s41586-026-10735-w	BANC_v888 260702
VFB_00108jkv	BANC_888:720575941580212313	right side of organism	has_soma_location	BANC888	doi:10.1038/s41586-026-10735-w	BANC_v888 260702
VFB_00108jkw	BANC_888:720575941580212561	left side of organism	has_soma_location	BANC888	doi:10.1038/s41586-026-10735-w	BANC_v888 260702
VFB_00108jkx	BANC_888:720575941580214865	left side of organism	has_soma_location	BANC888	doi:10.1038/s41586-026-10735-w	BANC_v888 260702
VFB_00108jky	BANC_888:720575941580215897	left side of organism	has_soma_location	BANC888	doi:10.1038/s41586-026-10735-w	BANC_v888 260702
VFB_00108jkz	BANC_888:720575941580220761	left side of organism	has_soma_location	BANC888	doi:10.1038/s41586-026-10735-w	BANC_v888 260702
VFB_00108jl0	BANC_888:720575941580221009	left side of organism	has_soma_location	BANC888	doi:10.1038/s41586-026-10735-w	BANC_v888 260702
VFB_00108jl1	BANC_888:720575941580224089	left side of organism	has_soma_location	BANC888	doi:10.1038/s41586-026-10735-w	BANC_v888 260702
VFB_00108jl2	BANC_888:720575941580226905	right side of organism	has_soma_location	BANC888	doi:10.1038/s41586-026-10735-w	BANC_v888 260702
VFB_00108jl3	BANC_888:720575941580229365	left side of organism	has_soma_location	BANC888	doi:10.1038/s41586-026-10735-w	BANC_v888 260702
VFB_00108jl4	BANC_888:720575941580231249	left side of organism	has_soma_location	BANC888	doi:10.1038/s41586-026-10735-w	BANC_v888 260702
VFB_00108jl5	BANC_888:720575941580231257	left side of organism	has_soma_location	BANC888	doi:10.1038/s41586-026-10735-w	BANC_v888 260702
VFB_00105a5y	BANC_888:720575941580232057	left side of organism	has_soma_location	BANC888	doi:10.1038/s41586-026-10735-w	BANC_v888 260702
VFB_00105a60	BANC_888:720575941580232949	right side of organism	has_soma_location	BANC888	doi:10.1038/s41586-026-10735-w	BANC_v888 260702
VFB_00105a61	BANC_888:720575941580233205	right side of organism	has_soma_location	BANC888	doi:10.1038/s41586-026-10735-w	BANC_v888 260702
VFB_00108jl6	BANC_888:720575941580233973	right side of organism	has_soma_location	BANC888	doi:10.1038/s41586-026-10735-w	BANC_v888 260702
VFB_00105a62	BANC_888:720575941580234229	right side of organism	has_soma_location	BANC888	doi:10.1038/s41586-026-10735-w	BANC_v888 260702
VFB_00108jl7	BANC_888:720575941580234997	left side of organism	has_soma_location	BANC888	doi:10.1038/s41586-026-10735-w	BANC_v888 260702
VFB_00108jl8	BANC_888:720575941580239449	left side of organism	has_soma_location	BANC888	doi:10.1038/s41586-026-10735-w	BANC_v888 260702
VFB_00108jl9	BANC_888:720575941580241489	left side of organism	has_soma_location	BANC888	doi:10.1038/s41586-026-10735-w	BANC_v888 260702
VFB_00108jla	BANC_888:720575941580241653	left side of organism	has_soma_location	BANC888	doi:10.1038/s41586-026-10735-w	BANC_v888 260702
VFB_00108jlb	BANC_888:720575941580242257	left side of organism	has_soma_location	BANC888	doi:10.1038/s41586-026-10735-w	BANC_v888 260702
VFB_00108jlc	BANC_888:720575941580246005	left side of organism	has_soma_location	BANC888	doi:10.1038/s41586-026-10735-w	BANC_v888 260702
VFB_00108jld	BANC_888:720575941580257625	left side of organism	has_soma_location	BANC888	doi:10.1038/s41586-026-10735-w	BANC_v888 260702
VFB_00108jle	BANC_888:720575941580261721	left side of organism	has_soma_location	BANC888	doi:10.1038/s41586-026-10735-w	BANC_v888 260702
VFB_00108jlf	BANC_888:720575941580263157	left side of organism	has_soma_location	BANC888	doi:10.1038/s41586-026-10735-w	BANC_v888 260702
VFB_00108jlg	BANC_888:720575941580263249	left side of organism	has_soma_location	BANC888	doi:10.1038/s41586-026-10735-w	BANC_v888 260702
VFB_00105a63	BANC_888:720575941580266065	left side of organism	has_soma_location	BANC888	doi:10.1038/s41586-026-10735-w	BANC_v888 260702
VFB_00108jlh	BANC_888:720575941580267253	left side of organism	has_soma_location	BANC888	doi:10.1038/s41586-026-10735-w	BANC_v888 260702
VFB_00108jli	BANC_888:720575941580272977	left side of organism	has_soma_location	BANC888	doi:10.1038/s41586-026-10735-w	BANC_v888 260702
VFB_00108jlj	BANC_888:720575941580281945	left side of organism	has_soma_location	BANC888	doi:10.1038/s41586-026-10735-w	BANC_v888 260702
VFB_00105a66	BANC_888:720575941580283125	left side of organism	has_soma_location	BANC888	doi:10.1038/s41586-026-10735-w	BANC_v888 260702
VFB_00108jlk	BANC_888:720575941580289113	left side of organism	has_soma_location	BANC888	doi:10.1038/s41586-026-10735-w	BANC_v888 260702
VFB_00108jll	BANC_888:720575941580291929	left side of organism	has_soma_location	BANC888	doi:10.1038/s41586-026-10735-w	BANC_v888 260702
VFB_00108jlm	BANC_888:720575941580295257	left side of organism	has_soma_location	BANC888	doi:10.1038/s41586-026-10735-w	BANC_v888 260702
VFB_00108jln	BANC_888:720575941580297205	left side of organism	has_soma_location	BANC888	doi:10.1038/s41586-026-10735-w	BANC_v888 260702
VFB_00108jlo	BANC_888:720575941580304217	left side of organism	has_soma_location	BANC888	doi:10.1038/s41586-026-10735-w	BANC_v888 260702
VFB_00108jlp	BANC_888:720575941580307025	left side of organism	has_soma_location	BANC888	doi:10.1038/s41586-026-10735-w	BANC_v888 260702
VFB_00108jlq	BANC_888:720575941580309081	right side of organism	has_soma_location	BANC888	doi:10.1038/s41586-026-10735-w	BANC_v888 260702
VFB_00105a67	BANC_888:720575941580309237	left side of organism	has_soma_location	BANC888	doi:10.1038/s41586-026-10735-w	BANC_v888 260702
VFB_00108jlr	BANC_888:720575941580316249	left side of organism	has_soma_location	BANC888	doi:10.1038/s41586-026-10735-w	BANC_v888 260702
VFB_00105a69	BANC_888:720575941580318329	right side of organism	has_soma_location	BANC888	doi:10.1038/s41586-026-10735-w	BANC_v888 260702
VFB_00108jls	BANC_888:720575941580321657	right side of organism	has_soma_location	BANC888	doi:10.1038/s41586-026-10735-w	BANC_v888 260702
VFB_00108jlt	BANC_888:720575941580324217	right side of organism	has_soma_location	BANC888	doi:10.1038/s41586-026-10735-w	BANC_v888 260702
VFB_00108jlu	BANC_888:720575941580325713	left side of organism	has_soma_location	BANC888	doi:10.1038/s41586-026-10735-w	BANC_v888 260702
VFB_00105a6a	BANC_888:720575941580328313	right side of organism	has_soma_location	BANC888	doi:10.1038/s41586-026-10735-w	BANC_v888 260702
VFB_00105a6b	BANC_888:720575941580328638	left side of organism	has_soma_location	BANC888	doi:10.1038/s41586-026-10735-w	BANC_v888 260702
VFB_00108jlv	BANC_888:720575941580329561	left side of organism	has_soma_location	BANC888	doi:10.1038/s41586-026-10735-w	BANC_v888 260702
VFB_00105a6c	BANC_888:720575941580338553	right side of organism	has_soma_location	BANC888	doi:10.1038/s41586-026-10735-w	BANC_v888 260702
VFB_00108jlw	BANC_888:720575941580339289	left side of organism	has_soma_location	BANC888	doi:10.1038/s41586-026-10735-w	BANC_v888 260702
VFB_00108jlx	BANC_888:720575941580340561	right side of organism	has_soma_location	BANC888	doi:10.1038/s41586-026-10735-w	BANC_v888 260702
VFB_00108jly	BANC_888:720575941580342137	right side of organism	has_soma_location	BANC888	doi:10.1038/s41586-026-10735-w	BANC_v888 260702
VFB_00105a6d	BANC_888:720575941580342393	right side of organism	has_soma_location	BANC888	doi:10.1038/s41586-026-10735-w	BANC_v888 260702
VFB_00108jm0	BANC_888:720575941580343385	left side of organism	has_soma_location	BANC888	doi:10.1038/s41586-026-10735-w	BANC_v888 260702
VFB_00105a6e	BANC_888:720575941580347985	right side of organism	has_soma_location	BANC888	doi:10.1038/s41586-026-10735-w	BANC_v888 260702
VFB_00108jm1	BANC_888:720575941580348505	left side of organism	has_soma_location	BANC888	doi:10.1038/s41586-026-10735-w	BANC_v888 260702
VFB_00105a6f	BANC_888:720575941580348753	left side of organism	has_soma_location	BANC888	doi:10.1038/s41586-026-10735-w	BANC_v888 260702
VFB_00108jm2	BANC_888:720575941580349173	left side of organism	has_soma_location	BANC888	doi:10.1038/s41586-026-10735-w	BANC_v888 260702
VFB_00108jm3	BANC_888:720575941580350545	right side of organism	has_soma_location	BANC888	doi:10.1038/s41586-026-10735-w	BANC_v888 260702
VFB_00108jm4	BANC_888:720575941580350709	left side of organism	has_soma_location	BANC888	doi:10.1038/s41586-026-10735-w	BANC_v888 260702
VFB_00105a6g	BANC_888:720575941580352633	right side of organism	has_soma_location	BANC888	doi:10.1038/s41586-026-10735-w	BANC_v888 260702
VFB_00105a6h	BANC_888:720575941580354897	right side of organism	has_soma_location	BANC888	doi:10.1038/s41586-026-10735-w	BANC_v888 260702
VFB_00108jm5	BANC_888:720575941580357465	left side of organism	has_soma_location	BANC888	doi:10.1038/s41586-026-10735-w	BANC_v888 260702
VFB_00105a6j	BANC_888:720575941580357753	right side of organism	has_soma_location	BANC888	doi:10.1038/s41586-026-10735-w	BANC_v888 260702
VFB_00108jm6	BANC_888:720575941580360025	left side of organism	has_soma_location	BANC888	doi:10.1038/s41586-026-10735-w	BANC_v888 260702
VFB_00105a6k	BANC_888:720575941580360273	left side of organism	has_soma_location	BANC888	doi:10.1038/s41586-026-10735-w	BANC_v888 260702
VFB_00108jm7	BANC_888:720575941580362741	left side of organism	has_soma_location	BANC888	doi:10.1038/s41586-026-10735-w	BANC_v888 260702
VFB_00108jm8	BANC_888:720575941580363353	left side of organism	has_soma_location	BANC888	doi:10.1038/s41586-026-10735-w	BANC_v888 260702
VFB_00108jm9	BANC_888:720575941580365145	left side of organism	has_soma_location	BANC888	doi:10.1038/s41586-026-10735-w	BANC_v888 260702
VFB_00108jma	BANC_888:720575941580367705	left side of organism	has_soma_location	BANC888	doi:10.1038/s41586-026-10735-w	BANC_v888 260702
VFB_00105a6m	BANC_888:720575941580369489	left side of organism	has_soma_location	BANC888	doi:10.1038/s41586-026-10735-w	BANC_v888 260702
VFB_00108jmb	BANC_888:720575941580370521	left side of organism	has_soma_location	BANC888	doi:10.1038/s41586-026-10735-w	BANC_v888 260702
VFB_00108jmc	BANC_888:720575941580370777	right side of organism	has_soma_location	BANC888	doi:10.1038/s41586-026-10735-w	BANC_v888 260702
VFB_00108jmd	BANC_888:720575941580373593	left side of organism	has_soma_location	BANC888	doi:10.1038/s41586-026-10735-w	BANC_v888 260702
VFB_00105a6n	BANC_888:720575941580373881	left side of organism	has_soma_location	BANC888	doi:10.1038/s41586-026-10735-w	BANC_v888 260702
VFB_00108jme	BANC_888:720575941580374261	left side of organism	has_soma_location	BANC888	doi:10.1038/s41586-026-10735-w	BANC_v888 260702
VFB_00105a6o	BANC_888:720575941580375889	right side of organism	has_soma_location	BANC888	doi:10.1038/s41586-026-10735-w	BANC_v888 260702
VFB_00105a6p	BANC_888:720575941580377721	left side of organism	has_soma_location	BANC888	doi:10.1038/s41586-026-10735-w	BANC_v888 260702
VFB_00108jmf	BANC_888:720575941580378201	right side of organism	has_soma_location	BANC888	doi:10.1038/s41586-026-10735-w	BANC_v888 260702
VFB_00108jmg	BANC_888:720575941580381777	right side of organism	has_soma_location	BANC888	doi:10.1038/s41586-026-10735-w	BANC_v888 260702
VFB_00105a6r	BANC_888:720575941580382073	right side of organism	has_soma_location	BANC888	doi:10.1038/s41586-026-10735-w	BANC_v888 260702
VFB_00108jmh	BANC_888:720575941580383989	left side of organism	has_soma_location	BANC888	doi:10.1038/s41586-026-10735-w	BANC_v888 260702
VFB_00108jmi	BANC_888:720575941580384089	right side of organism	has_soma_location	BANC888	doi:10.1038/s41586-026-10735-w	BANC_v888 260702
VFB_00108jmj	BANC_888:720575941580384601	left side of organism	has_soma_location	BANC888	doi:10.1038/s41586-026-10735-w	BANC_v888 260702
VFB_00108jmk	BANC_888:720575941580385361	right side of organism	has_soma_location	BANC888	doi:10.1038/s41586-026-10735-w	BANC_v888 260702
VFB_00108jml	BANC_888:720575941580385617	right side of organism	has_soma_location	BANC888	doi:10.1038/s41586-026-10735-w	BANC_v888 260702
VFB_00108jmm	BANC_888:720575941580386137	right side of organism	has_soma_location	BANC888	doi:10.1038/s41586-026-10735-w	BANC_v888 260702
VFB_00108jmn	BANC_888:720575941580386649	left side of organism	has_soma_location	BANC888	doi:10.1038/s41586-026-10735-w	BANC_v888 260702
VFB_00108jmo	BANC_888:720575941580388085	left side of organism	has_soma_location	BANC888	doi:10.1038/s41586-026-10735-w	BANC_v888 260702
VFB_00108jmp	BANC_888:720575941580388341	left side of organism	has_soma_location	BANC888	doi:10.1038/s41586-026-10735-w	BANC_v888 260702
VFB_00105a6s	BANC_888:720575941580388473	left side of organism	has_soma_location	BANC888	doi:10.1038/s41586-026-10735-w	BANC_v888 260702
VFB_00105a6t	BANC_888:720575941580389241	right side of organism	has_soma_location	BANC888	doi:10.1038/s41586-026-10735-w	BANC_v888 260702
VFB_00108jmq	BANC_888:720575941580389365	left side of organism	has_soma_location	BANC888	doi:10.1038/s41586-026-10735-w	BANC_v888 260702
VFB_00108jmr	BANC_888:720575941580389713	right side of organism	has_soma_location	BANC888	doi:10.1038/s41586-026-10735-w	BANC_v888 260702
VFB_00108jms	BANC_888:720575941580389969	right side of organism	has_soma_location	BANC888	doi:10.1038/s41586-026-10735-w	BANC_v888 260702
VFB_00105a6u	BANC_888:720575941580390009	right side of organism	has_soma_location	BANC888	doi:10.1038/s41586-026-10735-w	BANC_v888 260702
VFB_00108jmt	BANC_888:720575941580390901	left side of organism	has_soma_location	BANC888	doi:10.1038/s41586-026-10735-w	BANC_v888 260702
VFB_00105a6v	BANC_888:720575941580392181	left side of organism	has_soma_location	BANC888	doi:10.1038/s41586-026-10735-w	BANC_v888 260702
VFB_00108jmu	BANC_888:720575941580392537	right side of organism	has_soma_location	BANC888	doi:10.1038/s41586-026-10735-w	BANC_v888 260702
VFB_00105a6w	BANC_888:720575941580398713	right side of organism	has_soma_location	BANC888	doi:10.1038/s41586-026-10735-w	BANC_v888 260702
VFB_00108jmv	BANC_888:720575941580405849	right side of organism	has_soma_location	BANC888	doi:10.1038/s41586-026-10735-w	BANC_v888 260702
VFB_00108jmw	BANC_888:720575941580406609	right side of organism	has_soma_location	BANC888	doi:10.1038/s41586-026-10735-w	BANC_v888 260702
VFB_00108jmx	BANC_888:720575941580407129	right side of organism	has_soma_location	BANC888	doi:10.1038/s41586-026-10735-w	BANC_v888 260702
VFB_00108jmy	BANC_888:720575941580407385	right side of organism	has_soma_location	BANC888	doi:10.1038/s41586-026-10735-w	BANC_v888 260702
VFB_00108jmz	BANC_888:720575941580407897	right side of organism	has_soma_location	BANC888	doi:10.1038/s41586-026-10735-w	BANC_v888 260702
VFB_00108jn0	BANC_888:720575941580409177	right side of organism	has_soma_location	BANC888	doi:10.1038/s41586-026-10735-w	BANC_v888 260702
VFB_00108jn1	BANC_888:720575941580410713	right side of organism	has_soma_location	BANC888	doi:10.1038/s41586-026-10735-w	BANC_v888 260702
VFB_00108jn2	BANC_888:720575941580412505	right side of organism	has_soma_location	BANC888	doi:10.1038/s41586-026-10735-w	BANC_v888 260702
VFB_00108jn3	BANC_888:720575941580415065	right side of organism	has_soma_location	BANC888	doi:10.1038/s41586-026-10735-w	BANC_v888 260702
VFB_00108jn4	BANC_888:720575941580415569	right side of organism	has_soma_location	BANC888	doi:10.1038/s41586-026-10735-w	BANC_v888 260702
VFB_00108jn5	BANC_888:720575941580416889	right side of organism	has_soma_location	BANC888	doi:10.1038/s41586-026-10735-w	BANC_v888 260702
VFB_00108jn6	BANC_888:720575941580417881	right side of organism	has_soma_location	BANC888	doi:10.1038/s41586-026-10735-w	BANC_v888 260702
VFB_00108jn7	BANC_888:720575941580418649	right side of organism	has_soma_location	BANC888	doi:10.1038/s41586-026-10735-w	BANC_v888 260702
VFB_00105a6x	BANC_888:720575941580419573	left side of organism	has_soma_location	BANC888	doi:10.1038/s41586-026-10735-w	BANC_v888 260702
VFB_00108jn8	BANC_888:720575941580420953	right side of organism	has_soma_location	BANC888	doi:10.1038/s41586-026-10735-w	BANC_v888 260702
VFB_00108jn9	BANC_888:720575941580421977	right side of organism	has_soma_location	BANC888	doi:10.1038/s41586-026-10735-w	BANC_v888 260702
VFB_00105a6y	BANC_888:720575941580430457	right side of organism	has_soma_location	BANC888	doi:10.1038/s41586-026-10735-w	BANC_v888 260702
VFB_00105a6z	BANC_888:720575941580436857	right side of organism	has_soma_location	BANC888	doi:10.1038/s41586-026-10735-w	BANC_v888 260702
VFB_00108jna	BANC_888:720575941580438865	left side of organism	has_soma_location	BANC888	doi:10.1038/s41586-026-10735-w	BANC_v888 260702
VFB_00105a70	BANC_888:720575941580440441	right side of organism	has_soma_location	BANC888	doi:10.1038/s41586-026-10735-w	BANC_v888 260702
VFB_00108jnb	BANC_888:720575941580457973	left side of organism	has_soma_location	BANC888	doi:10.1038/s41586-026-10735-w	BANC_v888 260702
VFB_00105a71	BANC_888:720575941580471161	left side of organism	has_soma_location	BANC888	doi:10.1038/s41586-026-10735-w	BANC_v888 260702
VFB_00108jnc	BANC_888:720575941580471285	left side of organism	has_soma_location	BANC888	doi:10.1038/s41586-026-10735-w	BANC_v888 260702
VFB_00108jnd	BANC_888:720575941580474869	left side of organism	has_soma_location	BANC888	doi:10.1038/s41586-026-10735-w	BANC_v888 260702
VFB_00108jne	BANC_888:720575941580475985	left side of organism	has_soma_location	BANC888	doi:10.1038/s41586-026-10735-w	BANC_v888 260702
VFB_00108jnf	BANC_888:720575941580476405	left side of organism	has_soma_location	BANC888	doi:10.1038/s41586-026-10735-w	BANC_v888 260702
VFB_00108jng	BANC_888:720575941580483573	left side of organism	has_soma_location	BANC888	doi:10.1038/s41586-026-10735-w	BANC_v888 260702
VFB_00105a73	BANC_888:720575941580491129	right side of organism	has_soma_location	BANC888	doi:10.1038/s41586-026-10735-w	BANC_v888 260702
VFB_00105a74	BANC_888:720575941580498553	right side of organism	has_soma_location	BANC888	doi:10.1038/s41586-026-10735-w	BANC_v888 260702
VFB_00105a75	BANC_888:720575941580499321	right side of organism	has_soma_location	BANC888	doi:10.1038/s41586-026-10735-w	BANC_v888 260702
VFB_00108jnh	BANC_888:720575941580500561	right side of organism	has_soma_location	BANC888	doi:10.1038/s41586-026-10735-w	BANC_v888 260702
VFB_00105a76	BANC_888:720575941580500601	right side of organism	has_soma_location	BANC888	doi:10.1038/s41586-026-10735-w	BANC_v888 260702
VFB_00105a77	BANC_888:720575941580502393	right side of organism	has_soma_location	BANC888	doi:10.1038/s41586-026-10735-w	BANC_v888 260702
VFB_00108jni	BANC_888:720575941580503633	right side of organism	has_soma_location	BANC888	doi:10.1038/s41586-026-10735-w	BANC_v888 260702
VFB_00108jnj	BANC_888:720575941580503889	right side of organism	has_soma_location	BANC888	doi:10.1038/s41586-026-10735-w	BANC_v888 260702
VFB_00108jnk	BANC_888:720575941580504145	right side of organism	has_soma_location	BANC888	doi:10.1038/s41586-026-10735-w	BANC_v888 260702
VFB_00108jnl	BANC_888:720575941580505845	left side of organism	has_soma_location	BANC888	doi:10.1038/s41586-026-10735-w	BANC_v888 260702
VFB_00105a79	BANC_888:720575941580506745	right side of organism	has_soma_location	BANC888	doi:10.1038/s41586-026-10735-w	BANC_v888 260702
VFB_00108jnm	BANC_888:720575941580510289	right side of organism	has_soma_location	BANC888	doi:10.1038/s41586-026-10735-w	BANC_v888 260702
VFB_00108jnn	BANC_888:720575941580511057	left side of organism	has_soma_location	BANC888	doi:10.1038/s41586-026-10735-w	BANC_v888 260702
VFB_00108jno	BANC_888:720575941580516217	right side of organism	has_soma_location	BANC888	doi:10.1038/s41586-026-10735-w	BANC_v888 260702
VFB_00108jnp	BANC_888:720575941580521297	right side of organism	has_soma_location	BANC888	doi:10.1038/s41586-026-10735-w	BANC_v888 260702
VFB_00108jnq	BANC_888:720575941580521717	left side of organism	has_soma_location	BANC888	doi:10.1038/s41586-026-10735-w	BANC_v888 260702
VFB_00108jnr	BANC_888:720575941580527441	right side of organism	has_soma_location	BANC888	doi:10.1038/s41586-026-10735-w	BANC_v888 260702
VFB_00108jns	BANC_888:720575941580536913	left side of organism	has_soma_location	BANC888	doi:10.1038/s41586-026-10735-w	BANC_v888 260702
VFB_00108jnt	BANC_888:720575941580542545	left side of organism	has_soma_location	BANC888	doi:10.1038/s41586-026-10735-w	BANC_v888 260702
VFB_00108jnu	BANC_888:720575941580549365	left side of organism	has_soma_location	BANC888	doi:10.1038/s41586-026-10735-w	BANC_v888 260702
VFB_00108jnv	BANC_888:720575941580563065	right side of organism	has_soma_location	BANC888	doi:10.1038/s41586-026-10735-w	BANC_v888 260702
VFB_00105a7d	BANC_888:720575941580572149	left side of organism	has_soma_location	BANC888	doi:10.1038/s41586-026-10735-w	BANC_v888 260702
VFB_00108jnw	BANC_888:720575941580574033	left side of organism	has_soma_location	BANC888	doi:10.1038/s41586-026-10735-w	BANC_v888 260702
VFB_00105a7e	BANC_888:720575941580578937	right side of organism	has_soma_location	BANC888	doi:10.1038/s41586-026-10735-w	BANC_v888 260702
VFB_00105a7f	BANC_888:720575941580582777	right side of organism	has_soma_location	BANC888	doi:10.1038/s41586-026-10735-w	BANC_v888 260702
VFB_00108jnx	BANC_888:720575941580583761	right side of organism	has_soma_location	BANC888	doi:10.1038/s41586-026-10735-w	BANC_v888 260702
VFB_00105a7g	BANC_888:720575941580585337	right side of organism	has_soma_location	BANC888	doi:10.1038/s41586-026-10735-w	BANC_v888 260702
VFB_00105a7h	BANC_888:720575941580594677	left side of organism	has_soma_location	BANC888	doi:10.1038/s41586-026-10735-w	BANC_v888 260702
VFB_00108jny	BANC_888:720575941580598773	right side of organism	has_soma_location	BANC888	doi:10.1038/s41586-026-10735-w	BANC_v888 260702
VFB_00105a7i	BANC_888:720575941580602869	left side of organism	has_soma_location	BANC888	doi:10.1038/s41586-026-10735-w	BANC_v888 260702
VFB_00105a7j	BANC_888:720575941580603381	left side of organism	has_soma_location	BANC888	doi:10.1038/s41586-026-10735-w	BANC_v888 260702
VFB_00105a7k	BANC_888:720575941580604537	left side of organism	has_soma_location	BANC888	doi:10.1038/s41586-026-10735-w	BANC_v888 260702
VFB_00105a7l	BANC_888:720575941580604661	left side of organism	has_soma_location	BANC888	doi:10.1038/s41586-026-10735-w	BANC_v888 260702
VFB_00105a7m	BANC_888:720575941580607353	left side of organism	has_soma_location	BANC888	doi:10.1038/s41586-026-10735-w	BANC_v888 260702
VFB_00105a7n	BANC_888:720575941580609657	right side of organism	has_soma_location	BANC888	doi:10.1038/s41586-026-10735-w	BANC_v888 260702
VFB_00105a7o	BANC_888:720575941580612473	right side of organism	has_soma_location	BANC888	doi:10.1038/s41586-026-10735-w	BANC_v888 260702
VFB_00105a7p	BANC_888:720575941580622581	right side of organism	has_soma_location	BANC888	doi:10.1038/s41586-026-10735-w	BANC_v888 260702
VFB_00105a7q	BANC_888:720575941580623225	right side of organism	has_soma_location	BANC888	doi:10.1038/s41586-026-10735-w	BANC_v888 260702
VFB_00105a7r	BANC_888:720575941580625529	right side of organism	has_soma_location	BANC888	doi:10.1038/s41586-026-10735-w	BANC_v888 260702
VFB_00105a7s	BANC_888:720575941580626041	right side of organism	has_soma_location	BANC888	doi:10.1038/s41586-026-10735-w	BANC_v888 260702
VFB_00108jnz	BANC_888:720575941580628049	left side of organism	has_soma_location	BANC888	doi:10.1038/s41586-026-10735-w	BANC_v888 260702
VFB_00108jo0	BANC_888:720575941580628817	right side of organism	has_soma_location	BANC888	doi:10.1038/s41586-026-10735-w	BANC_v888 260702
VFB_00105a7t	BANC_888:720575941580628981	left side of organism	has_soma_location	BANC888	doi:10.1038/s41586-026-10735-w	BANC_v888 260702
VFB_00108jo1	BANC_888:720575941580629493	right side of organism	has_soma_location	BANC888	doi:10.1038/s41586-026-10735-w	BANC_v888 260702
VFB_00105a7u	BANC_888:720575941580632309	left side of organism	has_soma_location	BANC888	doi:10.1038/s41586-026-10735-w	BANC_v888 260702
VFB_00108jo2	BANC_888:720575941580633425	right side of organism	has_soma_location	BANC888	doi:10.1038/s41586-026-10735-w	BANC_v888 260702
VFB_00108jo3	BANC_888:720575941580634961	right side of organism	has_soma_location	BANC888	doi:10.1038/s41586-026-10735-w	BANC_v888 260702
VFB_00108jo4	BANC_888:720575941580636241	left side of organism	has_soma_location	BANC888	doi:10.1038/s41586-026-10735-w	BANC_v888 260702
VFB_00108jo5	BANC_888:720575941580637429	right side of organism	has_soma_location	BANC888	doi:10.1038/s41586-026-10735-w	BANC_v888 260702
VFB_00108jo6	BANC_888:720575941580639057	left side of organism	has_soma_location	BANC888	doi:10.1038/s41586-026-10735-w	BANC_v888 260702
VFB_00105a7w	BANC_888:720575941580640889	right side of organism	has_soma_location	BANC888	doi:10.1038/s41586-026-10735-w	BANC_v888 260702
VFB_00105a7y	BANC_888:720575941580641913	left side of organism	has_soma_location	BANC888	doi:10.1038/s41586-026-10735-w	BANC_v888 260702
VFB_00105a7z	BANC_888:720575941580643449	left side of organism	has_soma_location	BANC888	doi:10.1038/s41586-026-10735-w	BANC_v888 260702
VFB_00105a80	BANC_888:720575941580644729	left side of organism	has_soma_location	BANC888	doi:10.1038/s41586-026-10735-w	BANC_v888 260702
VFB_00105a81	BANC_888:720575941580644985	right side of organism	has_soma_location	BANC888	doi:10.1038/s41586-026-10735-w	BANC_v888 260702
VFB_00108jo7	BANC_888:720575941580646481	right side of organism	has_soma_location	BANC888	doi:10.1038/s41586-026-10735-w	BANC_v888 260702
VFB_00108jo8	BANC_888:720575941580649041	left side of organism	has_soma_location	BANC888	doi:10.1038/s41586-026-10735-w	BANC_v888 260702
VFB_00108jo9	BANC_888:720575941580649809	right side of organism	has_soma_location	BANC888	doi:10.1038/s41586-026-10735-w	BANC_v888 260702
VFB_00108joa	BANC_888:720575941580651345	right side of organism	has_soma_location	BANC888	doi:10.1038/s41586-026-10735-w	BANC_v888 260702
VFB_00105a83	BANC_888:720575941580654201	right side of organism	has_soma_location	BANC888	doi:10.1038/s41586-026-10735-w	BANC_v888 260702
VFB_00108job	BANC_888:720575941580655185	right side of organism	has_soma_location	BANC888	doi:10.1038/s41586-026-10735-w	BANC_v888 260702
VFB_00108joc	BANC_888:720575941580656465	left side of organism	has_soma_location	BANC888	doi:10.1038/s41586-026-10735-w	BANC_v888 260702
VFB_00108jod	BANC_888:720575941580660561	left side of organism	has_soma_location	BANC888	doi:10.1038/s41586-026-10735-w	BANC_v888 260702
VFB_00108joe	BANC_888:720575941580661073	right side of organism	has_soma_location	BANC888	doi:10.1038/s41586-026-10735-w	BANC_v888 260702
VFB_00108jof	BANC_888:720575941580668405	right side of organism	has_soma_location	BANC888	doi:10.1038/s41586-026-10735-w	BANC_v888 260702
VFB_00108jog	BANC_888:720575941580669777	left side of organism	has_soma_location	BANC888	doi:10.1038/s41586-026-10735-w	BANC_v888 260702
VFB_00105a84	BANC_888:720575941580669817	right side of organism	has_soma_location	BANC888	doi:10.1038/s41586-026-10735-w	BANC_v888 260702
VFB_00105a85	BANC_888:720575941580671097	left side of organism	has_soma_location	BANC888	doi:10.1038/s41586-026-10735-w	BANC_v888 260702
VFB_00108joh	BANC_888:720575941580672849	right side of organism	has_soma_location	BANC888	doi:10.1038/s41586-026-10735-w	BANC_v888 260702
VFB_00108joi	BANC_888:720575941580676853	right side of organism	has_soma_location	BANC888	doi:10.1038/s41586-026-10735-w	BANC_v888 260702
VFB_00108joj	BANC_888:720575941580677201	left side of organism	has_soma_location	BANC888	doi:10.1038/s41586-026-10735-w	BANC_v888 260702
VFB_00108jok	BANC_888:720575941580678737	right side of organism	has_soma_location	BANC888	doi:10.1038/s41586-026-10735-w	BANC_v888 260702
VFB_00105a87	BANC_888:720575941580680825	left side of organism	has_soma_location	BANC888	doi:10.1038/s41586-026-10735-w	BANC_v888 260702
VFB_00105a88	BANC_888:720575941580685689	right side of organism	has_soma_location	BANC888	doi:10.1038/s41586-026-10735-w	BANC_v888 260702
VFB_00108jol	BANC_888:720575941580686581	right side of organism	has_soma_location	BANC888	doi:10.1038/s41586-026-10735-w	BANC_v888 260702
VFB_00108jom	BANC_888:720575941580687349	right side of organism	has_soma_location	BANC888	doi:10.1038/s41586-026-10735-w	BANC_v888 260702
VFB_00108jon	BANC_888:720575941580687441	right side of organism	has_soma_location	BANC888	doi:10.1038/s41586-026-10735-w	BANC_v888 260702
VFB_00108joo	BANC_888:720575941580688629	right side of organism	has_soma_location	BANC888	doi:10.1038/s41586-026-10735-w	BANC_v888 260702
VFB_00108jop	BANC_888:720575941580689141	right side of organism	has_soma_location	BANC888	doi:10.1038/s41586-026-10735-w	BANC_v888 260702
VFB_00105a8a	BANC_888:720575941580693881	right side of organism	has_soma_location	BANC888	doi:10.1038/s41586-026-10735-w	BANC_v888 260702
VFB_00108joq	BANC_888:720575941580698705	left side of organism	has_soma_location	BANC888	doi:10.1038/s41586-026-10735-w	BANC_v888 260702
VFB_00105a8b	BANC_888:720575941580700606	left side of organism	has_soma_location	BANC888	doi:10.1038/s41586-026-10735-w	BANC_v888 260702
VFB_00108jor	BANC_888:720575941580701941	right side of organism	has_soma_location	BANC888	doi:10.1038/s41586-026-10735-w	BANC_v888 260702
VFB_00108jos	BANC_888:720575941580702033	left side of organism	has_soma_location	BANC888	doi:10.1038/s41586-026-10735-w	BANC_v888 260702
VFB_00105a8c	BANC_888:720575941580702585	right side of organism	has_soma_location	BANC888	doi:10.1038/s41586-026-10735-w	BANC_v888 260702
VFB_00108jot	BANC_888:720575941580702965	right side of organism	has_soma_location	BANC888	doi:10.1038/s41586-026-10735-w	BANC_v888 260702
VFB_00108jou	BANC_888:720575941580703221	right side of organism	has_soma_location	BANC888	doi:10.1038/s41586-026-10735-w	BANC_v888 260702
VFB_00105a8d	BANC_888:720575941580703353	left side of organism	has_soma_location	BANC888	doi:10.1038/s41586-026-10735-w	BANC_v888 260702
VFB_00108jov	BANC_888:720575941580705361	right side of organism	has_soma_location	BANC888	doi:10.1038/s41586-026-10735-w	BANC_v888 260702
VFB_00108jow	BANC_888:720575941580705525	right side of organism	has_soma_location	BANC888	doi:10.1038/s41586-026-10735-w	BANC_v888 260702
VFB_00108jox	BANC_888:720575941580706385	right side of organism	has_soma_location	BANC888	doi:10.1038/s41586-026-10735-w	BANC_v888 260702
VFB_00108joy	BANC_888:720575941580709201	right side of organism	has_soma_location	BANC888	doi:10.1038/s41586-026-10735-w	BANC_v888 260702
VFB_00108joz	BANC_888:720575941580710993	right side of organism	has_soma_location	BANC888	doi:10.1038/s41586-026-10735-w	BANC_v888 260702
VFB_00108jp0	BANC_888:720575941580711249	left side of organism	has_soma_location	BANC888	doi:10.1038/s41586-026-10735-w	BANC_v888 260702
VFB_00105a8e	BANC_888:720575941580712825	left side of organism	has_soma_location	BANC888	doi:10.1038/s41586-026-10735-w	BANC_v888 260702
VFB_00108jp1	BANC_888:720575941580713809	right side of organism	has_soma_location	BANC888	doi:10.1038/s41586-026-10735-w	BANC_v888 260702
VFB_00105a8f	BANC_888:720575941580715641	left side of organism	has_soma_location	BANC888	doi:10.1038/s41586-026-10735-w	BANC_v888 260702
VFB_00108jp2	BANC_888:720575941580721489	left side of organism	has_soma_location	BANC888	doi:10.1038/s41586-026-10735-w	BANC_v888 260702
VFB_00108jp3	BANC_888:720575941580723957	right side of organism	has_soma_location	BANC888	doi:10.1038/s41586-026-10735-w	BANC_v888 260702
VFB_00105a8g	BANC_888:720575941580727417	left side of organism	has_soma_location	BANC888	doi:10.1038/s41586-026-10735-w	BANC_v888 260702
VFB_00105a8h	BANC_888:720575941580731001	right side of organism	has_soma_location	BANC888	doi:10.1038/s41586-026-10735-w	BANC_v888 260702
VFB_00108jp4	BANC_888:720575941580731125	left side of organism	has_soma_location	BANC888	doi:10.1038/s41586-026-10735-w	BANC_v888 260702
VFB_00108jp5	BANC_888:720575941580732497	left side of organism	has_soma_location	BANC888	doi:10.1038/s41586-026-10735-w	BANC_v888 260702
VFB_00108jp6	BANC_888:720575941580737617	left side of organism	has_soma_location	BANC888	doi:10.1038/s41586-026-10735-w	BANC_v888 260702
VFB_00108jp7	BANC_888:720575941580739153	left side of organism	has_soma_location	BANC888	doi:10.1038/s41586-026-10735-w	BANC_v888 260702
VFB_00108jp8	BANC_888:720575941580741877	left side of organism	has_soma_location	BANC888	doi:10.1038/s41586-026-10735-w	BANC_v888 260702
VFB_00105a8j	BANC_888:720575941580742009	right side of organism	has_soma_location	BANC888	doi:10.1038/s41586-026-10735-w	BANC_v888 260702
VFB_00108jp9	BANC_888:720575941580742737	left side of organism	has_soma_location	BANC888	doi:10.1038/s41586-026-10735-w	BANC_v888 260702
VFB_00108jpa	BANC_888:720575941580746577	left side of organism	has_soma_location	BANC888	doi:10.1038/s41586-026-10735-w	BANC_v888 260702
VFB_00108jpb	BANC_888:720575941580750161	left side of organism	has_soma_location	BANC888	doi:10.1038/s41586-026-10735-w	BANC_v888 260702
VFB_00108jpc	BANC_888:720575941580751185	left side of organism	has_soma_location	BANC888	doi:10.1038/s41586-026-10735-w	BANC_v888 260702
VFB_00108jpd	BANC_888:720575941580752465	left side of organism	has_soma_location	BANC888	doi:10.1038/s41586-026-10735-w	BANC_v888 260702
VFB_00105a8k	BANC_888:720575941580752761	left side of organism	has_soma_location	BANC888	doi:10.1038/s41586-026-10735-w	BANC_v888 260702
VFB_00105a8l	BANC_888:720575941580753785	right side of organism	has_soma_location	BANC888	doi:10.1038/s41586-026-10735-w	BANC_v888 260702
VFB_00105a8m	BANC_888:720575941580757113	left side of organism	has_soma_location	BANC888	doi:10.1038/s41586-026-10735-w	BANC_v888 260702
VFB_00105a8n	BANC_888:720575941580758137	right side of organism	has_soma_location	BANC888	doi:10.1038/s41586-026-10735-w	BANC_v888 260702
VFB_00108jpe	BANC_888:720575941580758865	left side of organism	has_soma_location	BANC888	doi:10.1038/s41586-026-10735-w	BANC_v888 260702
VFB_00108jpf	BANC_888:720575941580760657	left side of organism	has_soma_location	BANC888	doi:10.1038/s41586-026-10735-w	BANC_v888 260702
VFB_00105a8o	BANC_888:720575941580761465	left side of organism	has_soma_location	BANC888	doi:10.1038/s41586-026-10735-w	BANC_v888 260702
VFB_00105a8p	BANC_888:720575941580762489	right side of organism	has_soma_location	BANC888	doi:10.1038/s41586-026-10735-w	BANC_v888 260702
VFB_00108jpg	BANC_888:720575941580764753	left side of organism	has_soma_location	BANC888	doi:10.1038/s41586-026-10735-w	BANC_v888 260702
VFB_00108jph	BANC_888:720575941580766289	right side of organism	has_soma_location	BANC888	doi:10.1038/s41586-026-10735-w	BANC_v888 260702
VFB_00108jpi	BANC_888:720575941580769013	right side of organism	has_soma_location	BANC888	doi:10.1038/s41586-026-10735-w	BANC_v888 260702
VFB_00108jpj	BANC_888:720575941580771153	right side of organism	has_soma_location	BANC888	doi:10.1038/s41586-026-10735-w	BANC_v888 260702
VFB_00108jpk	BANC_888:720575941580773457	left side of organism	has_soma_location	BANC888	doi:10.1038/s41586-026-10735-w	BANC_v888 260702
VFB_00105a8q	BANC_888:720575941580774521	left side of organism	has_soma_location	BANC888	doi:10.1038/s41586-026-10735-w	BANC_v888 260702
VFB_00105a8r	BANC_888:720575941580785785	right side of organism	has_soma_location	BANC888	doi:10.1038/s41586-026-10735-w	BANC_v888 260702
VFB_00108jpl	BANC_888:720575941580789237	left side of organism	has_soma_location	BANC888	doi:10.1038/s41586-026-10735-w	BANC_v888 260702
VFB_00108jpm	BANC_888:720575941580790865	left side of organism	has_soma_location	BANC888	doi:10.1038/s41586-026-10735-w	BANC_v888 260702
VFB_00108jpn	BANC_888:720575941580794869	left side of organism	has_soma_location	BANC888	doi:10.1038/s41586-026-10735-w	BANC_v888 260702
VFB_00108jpo	BANC_888:720575941580795473	left side of organism	has_soma_location	BANC888	doi:10.1038/s41586-026-10735-w	BANC_v888 260702
VFB_00108jpp	BANC_888:720575941580796405	right side of organism	has_soma_location	BANC888	doi:10.1038/s41586-026-10735-w	BANC_v888 260702
VFB_00108jpq	BANC_888:720575941580797429	right side of organism	has_soma_location	BANC888	doi:10.1038/s41586-026-10735-w	BANC_v888 260702
VFB_00108jpr	BANC_888:720575941580799477	right side of organism	has_soma_location	BANC888	doi:10.1038/s41586-026-10735-w	BANC_v888 260702
VFB_00108jps	BANC_888:720575941580803061	left side of organism	has_soma_location	BANC888	doi:10.1038/s41586-026-10735-w	BANC_v888 260702
VFB_00105a8s	BANC_888:720575941580804473	right side of organism	has_soma_location	BANC888	doi:10.1038/s41586-026-10735-w	BANC_v888 260702
VFB_00105a8t	BANC_888:720575941580806777	left side of organism	has_soma_location	BANC888	doi:10.1038/s41586-026-10735-w	BANC_v888 260702
VFB_00108jpt	BANC_888:720575941580809593	right side of organism	has_soma_location	BANC888	doi:10.1038/s41586-026-10735-w	BANC_v888 260702
VFB_00108jpu	BANC_888:720575941580810065	right side of organism	has_soma_location	BANC888	doi:10.1038/s41586-026-10735-w	BANC_v888 260702
VFB_00108jpv	BANC_888:720575941580810741	right side of organism	has_soma_location	BANC888	doi:10.1038/s41586-026-10735-w	BANC_v888 260702
VFB_00105a8u	BANC_888:720575941580810873	right side of organism	has_soma_location	BANC888	doi:10.1038/s41586-026-10735-w	BANC_v888 260702
VFB_00108jpw	BANC_888:720575941580811509	right side of organism	has_soma_location	BANC888	doi:10.1038/s41586-026-10735-w	BANC_v888 260702
VFB_00108jpx	BANC_888:720575941580814325	right side of organism	has_soma_location	BANC888	doi:10.1038/s41586-026-10735-w	BANC_v888 260702
VFB_00105a8v	BANC_888:720575941580822393	right side of organism	has_soma_location	BANC888	doi:10.1038/s41586-026-10735-w	BANC_v888 260702
VFB_00108jpy	BANC_888:720575941580822609	left side of organism	has_soma_location	BANC888	doi:10.1038/s41586-026-10735-w	BANC_v888 260702
VFB_00108jpz	BANC_888:720575941580825169	right side of organism	has_soma_location	BANC888	doi:10.1038/s41586-026-10735-w	BANC_v888 260702
VFB_00108jq0	BANC_888:720575941580825425	left side of organism	has_soma_location	BANC888	doi:10.1038/s41586-026-10735-w	BANC_v888 260702
VFB_00108jq1	BANC_888:720575941580829009	left side of organism	has_soma_location	BANC888	doi:10.1038/s41586-026-10735-w	BANC_v888 260702
VFB_00105a8w	BANC_888:720575941580829561	right side of organism	has_soma_location	BANC888	doi:10.1038/s41586-026-10735-w	BANC_v888 260702
VFB_00108jq2	BANC_888:720575941580831057	right side of organism	has_soma_location	BANC888	doi:10.1038/s41586-026-10735-w	BANC_v888 260702
VFB_00108jq3	BANC_888:720575941580835829	left side of organism	has_soma_location	BANC888	doi:10.1038/s41586-026-10735-w	BANC_v888 260702
VFB_00105a8x	BANC_888:720575941580836729	left side of organism	has_soma_location	BANC888	doi:10.1038/s41586-026-10735-w	BANC_v888 260702
VFB_00108jq4	BANC_888:720575941580839505	right side of organism	has_soma_location	BANC888	doi:10.1038/s41586-026-10735-w	BANC_v888 260702
VFB_00105a8y	BANC_888:720575941580840825	right side of organism	has_soma_location	BANC888	doi:10.1038/s41586-026-10735-w	BANC_v888 260702
VFB_00108jq5	BANC_888:720575941580841809	left side of organism	has_soma_location	BANC888	doi:10.1038/s41586-026-10735-w	BANC_v888 260702
VFB_00108jq6	BANC_888:720575941580845905	left side of organism	has_soma_location	BANC888	doi:10.1038/s41586-026-10735-w	BANC_v888 260702
VFB_00108jq7	BANC_888:720575941580851189	right side of organism	has_soma_location	BANC888	doi:10.1038/s41586-026-10735-w	BANC_v888 260702
VFB_00105a8z	BANC_888:720575941580851577	left side of organism	has_soma_location	BANC888	doi:10.1038/s41586-026-10735-w	BANC_v888 260702
VFB_00108jq8	BANC_888:720575941580851957	right side of organism	has_soma_location	BANC888	doi:10.1038/s41586-026-10735-w	BANC_v888 260702
VFB_00108jq9	BANC_888:720575941580852857	left side of organism	has_soma_location	BANC888	doi:10.1038/s41586-026-10735-w	BANC_v888 260702
VFB_00108jqa	BANC_888:720575941580853237	right side of organism	has_soma_location	BANC888	doi:10.1038/s41586-026-10735-w	BANC_v888 260702
VFB_00108jqb	BANC_888:720575941580854517	right side of organism	has_soma_location	BANC888	doi:10.1038/s41586-026-10735-w	BANC_v888 260702
VFB_00108jqc	BANC_888:720575941580854773	right side of organism	has_soma_location	BANC888	doi:10.1038/s41586-026-10735-w	BANC_v888 260702
VFB_00108jqd	BANC_888:720575941580855633	left side of organism	has_soma_location	BANC888	doi:10.1038/s41586-026-10735-w	BANC_v888 260702
VFB_00108jqe	BANC_888:720575941580857845	right side of organism	has_soma_location	BANC888	doi:10.1038/s41586-026-10735-w	BANC_v888 260702
VFB_00108jqf	BANC_888:720575941580858449	right side of organism	has_soma_location	BANC888	doi:10.1038/s41586-026-10735-w	BANC_v888 260702
VFB_00108jqg	BANC_888:720575941580859893	right side of organism	has_soma_location	BANC888	doi:10.1038/s41586-026-10735-w	BANC_v888 260702
VFB_00105a90	BANC_888:720575941580863097	right side of organism	has_soma_location	BANC888	doi:10.1038/s41586-026-10735-w	BANC_v888 260702
VFB_00108jqh	BANC_888:720575941580863477	right side of organism	has_soma_location	BANC888	doi:10.1038/s41586-026-10735-w	BANC_v888 260702
VFB_00108jqi	BANC_888:720575941580868433	left side of organism	has_soma_location	BANC888	doi:10.1038/s41586-026-10735-w	BANC_v888 260702
VFB_00108jqj	BANC_888:720575941580869201	left side of organism	has_soma_location	BANC888	doi:10.1038/s41586-026-10735-w	BANC_v888 260702
VFB_00108jqk	BANC_888:720575941580869753	right side of organism	has_soma_location	BANC888	doi:10.1038/s41586-026-10735-w	BANC_v888 260702
VFB_00108jql	BANC_888:720575941580870993	left side of organism	has_soma_location	BANC888	doi:10.1038/s41586-026-10735-w	BANC_v888 260702
VFB_00108jqm	BANC_888:720575941580871669	left side of organism	has_soma_location	BANC888	doi:10.1038/s41586-026-10735-w	BANC_v888 260702
VFB_00108jqn	BANC_888:720575941580872949	right side of organism	has_soma_location	BANC888	doi:10.1038/s41586-026-10735-w	BANC_v888 260702
VFB_00108jqo	BANC_888:720575941580873205	right side of organism	has_soma_location	BANC888	doi:10.1038/s41586-026-10735-w	BANC_v888 260702
VFB_00108jqp	BANC_888:720575941580873973	left side of organism	has_soma_location	BANC888	doi:10.1038/s41586-026-10735-w	BANC_v888 260702
VFB_00108jqq	BANC_888:720575941580876369	left side of organism	has_soma_location	BANC888	doi:10.1038/s41586-026-10735-w	BANC_v888 260702
VFB_00108jqr	BANC_888:720575941580877557	right side of organism	has_soma_location	BANC888	doi:10.1038/s41586-026-10735-w	BANC_v888 260702
VFB_00108jqs	BANC_888:720575941580878069	right side of organism	has_soma_location	BANC888	doi:10.1038/s41586-026-10735-w	BANC_v888 260702
VFB_00108jqt	BANC_888:720575941580878713	left side of organism	has_soma_location	BANC888	doi:10.1038/s41586-026-10735-w	BANC_v888 260702
VFB_00105a92	BANC_888:720575941580878969	left side of organism	has_soma_location	BANC888	doi:10.1038/s41586-026-10735-w	BANC_v888 260702
VFB_00108jqu	BANC_888:720575941580880977	left side of organism	has_soma_location	BANC888	doi:10.1038/s41586-026-10735-w	BANC_v888 260702
VFB_00108jqv	BANC_888:720575941580881653	right side of organism	has_soma_location	BANC888	doi:10.1038/s41586-026-10735-w	BANC_v888 260702
VFB_00108jqw	BANC_888:720575941580882677	left side of organism	has_soma_location	BANC888	doi:10.1038/s41586-026-10735-w	BANC_v888 260702
VFB_00108jqx	BANC_888:720575941580882933	left side of organism	has_soma_location	BANC888	doi:10.1038/s41586-026-10735-w	BANC_v888 260702
VFB_00108jqy	BANC_888:720575941580883537	right side of organism	has_soma_location	BANC888	doi:10.1038/s41586-026-10735-w	BANC_v888 260702
VFB_00105a94	BANC_888:720575941580884857	right side of organism	has_soma_location	BANC888	doi:10.1038/s41586-026-10735-w	BANC_v888 260702
VFB_00108jqz	BANC_888:720575941580886137	right side of organism	has_soma_location	BANC888	doi:10.1038/s41586-026-10735-w	BANC_v888 260702
VFB_00105a95	BANC_888:720575941580887673	left side of organism	has_soma_location	BANC888	doi:10.1038/s41586-026-10735-w	BANC_v888 260702
VFB_00108jr0	BANC_888:720575941580893265	right side of organism	has_soma_location	BANC888	doi:10.1038/s41586-026-10735-w	BANC_v888 260702
VFB_00108jr1	BANC_888:720575941580894709	left side of organism	has_soma_location	BANC888	doi:10.1038/s41586-026-10735-w	BANC_v888 260702
VFB_00108jr2	BANC_888:720575941580901877	left side of organism	has_soma_location	BANC888	doi:10.1038/s41586-026-10735-w	BANC_v888 260702
VFB_00105a97	BANC_888:720575941580903289	left side of organism	has_soma_location	BANC888	doi:10.1038/s41586-026-10735-w	BANC_v888 260702
VFB_00108jr3	BANC_888:720575941580905041	left side of organism	has_soma_location	BANC888	doi:10.1038/s41586-026-10735-w	BANC_v888 260702
VFB_00108jr4	BANC_888:720575941580906485	right side of organism	has_soma_location	BANC888	doi:10.1038/s41586-026-10735-w	BANC_v888 260702
VFB_00108jr5	BANC_888:720575941580906577	left side of organism	has_soma_location	BANC888	doi:10.1038/s41586-026-10735-w	BANC_v888 260702
VFB_00108jr6	BANC_888:720575941580907601	left side of organism	has_soma_location	BANC888	doi:10.1038/s41586-026-10735-w	BANC_v888 260702
VFB_00105a98	BANC_888:720575941580907641	right side of organism	has_soma_location	BANC888	doi:10.1038/s41586-026-10735-w	BANC_v888 260702
VFB_00108jr7	BANC_888:720575941580909045	left side of organism	has_soma_location	BANC888	doi:10.1038/s41586-026-10735-w	BANC_v888 260702
VFB_00108jr8	BANC_888:720575941580910581	left side of organism	has_soma_location	BANC888	doi:10.1038/s41586-026-10735-w	BANC_v888 260702
VFB_00108jr9	BANC_888:720575941580912117	right side of organism	has_soma_location	BANC888	doi:10.1038/s41586-026-10735-w	BANC_v888 260702
VFB_00108jra	BANC_888:720575941580912465	left side of organism	has_soma_location	BANC888	doi:10.1038/s41586-026-10735-w	BANC_v888 260702
VFB_00108jrb	BANC_888:720575941580915281	left side of organism	has_soma_location	BANC888	doi:10.1038/s41586-026-10735-w	BANC_v888 260702
VFB_00108jrc	BANC_888:720575941580916725	left side of organism	has_soma_location	BANC888	doi:10.1038/s41586-026-10735-w	BANC_v888 260702
VFB_00105a9a	BANC_888:720575941580918649	right side of organism	has_soma_location	BANC888	doi:10.1038/s41586-026-10735-w	BANC_v888 260702
VFB_00105a9b	BANC_888:720575941580918905	left side of organism	has_soma_location	BANC888	doi:10.1038/s41586-026-10735-w	BANC_v888 260702
VFB_00108jrd	BANC_888:720575941580924149	right side of organism	has_soma_location	BANC888	doi:10.1038/s41586-026-10735-w	BANC_v888 260702
VFB_00108jre	BANC_888:720575941580928593	left side of organism	has_soma_location	BANC888	doi:10.1038/s41586-026-10735-w	BANC_v888 260702
VFB_00108jrf	BANC_888:720575941580930549	right side of organism	has_soma_location	BANC888	doi:10.1038/s41586-026-10735-w	BANC_v888 260702
VFB_00108jrg	BANC_888:720575941580931409	left side of organism	has_soma_location	BANC888	doi:10.1038/s41586-026-10735-w	BANC_v888 260702
VFB_00108jrh	BANC_888:720575941580935761	left side of organism	has_soma_location	BANC888	doi:10.1038/s41586-026-10735-w	BANC_v888 260702
VFB_00108jri	BANC_888:720575941580936273	left side of organism	has_soma_location	BANC888	doi:10.1038/s41586-026-10735-w	BANC_v888 260702
VFB_00108jrj	BANC_888:720575941580938229	right side of organism	has_soma_location	BANC888	doi:10.1038/s41586-026-10735-w	BANC_v888 260702
VFB_00105a9d	BANC_888:720575941580940665	right side of organism	has_soma_location	BANC888	doi:10.1038/s41586-026-10735-w	BANC_v888 260702
VFB_00108jrk	BANC_888:720575941580941137	left side of organism	has_soma_location	BANC888	doi:10.1038/s41586-026-10735-w	BANC_v888 260702
VFB_00108jrl	BANC_888:720575941580946001	left side of organism	has_soma_location	BANC888	doi:10.1038/s41586-026-10735-w	BANC_v888 260702
VFB_00108jrm	BANC_888:720575941580948305	left side of organism	has_soma_location	BANC888	doi:10.1038/s41586-026-10735-w	BANC_v888 260702
VFB_00108jrn	BANC_888:720575941580948561	left side of organism	has_soma_location	BANC888	doi:10.1038/s41586-026-10735-w	BANC_v888 260702
VFB_00105a9e	BANC_888:720575941580949625	left side of organism	has_soma_location	BANC888	doi:10.1038/s41586-026-10735-w	BANC_v888 260702
VFB_00108jro	BANC_888:720575941580949841	left side of organism	has_soma_location	BANC888	doi:10.1038/s41586-026-10735-w	BANC_v888 260702
VFB_00108jrp	BANC_888:720575941580953681	left side of organism	has_soma_location	BANC888	doi:10.1038/s41586-026-10735-w	BANC_v888 260702
VFB_00108jrq	BANC_888:720575941580954193	left side of organism	has_soma_location	BANC888	doi:10.1038/s41586-026-10735-w	BANC_v888 260702
VFB_00108jrr	BANC_888:720575941580954869	left side of organism	has_soma_location	BANC888	doi:10.1038/s41586-026-10735-w	BANC_v888 260702
VFB_00108jrs	BANC_888:720575941580956661	left side of organism	has_soma_location	BANC888	doi:10.1038/s41586-026-10735-w	BANC_v888 260702
VFB_00108jrt	BANC_888:720575941580956753	left side of organism	has_soma_location	BANC888	doi:10.1038/s41586-026-10735-w	BANC_v888 260702
VFB_00108jru	BANC_888:720575941580957009	right side of organism	has_soma_location	BANC888	doi:10.1038/s41586-026-10735-w	BANC_v888 260702
VFB_00105a9f	BANC_888:720575941580957049	right side of organism	has_soma_location	BANC888	doi:10.1038/s41586-026-10735-w	BANC_v888 260702
VFB_00108jrv	BANC_888:720575941580959569	right side of organism	has_soma_location	BANC888	doi:10.1038/s41586-026-10735-w	BANC_v888 260702
VFB_00105a9g	BANC_888:720575941580959865	left side of organism	has_soma_location	BANC888	doi:10.1038/s41586-026-10735-w	BANC_v888 260702
VFB_00108jrw	BANC_888:720575941580961617	left side of organism	has_soma_location	BANC888	doi:10.1038/s41586-026-10735-w	BANC_v888 260702
VFB_00108jrx	BANC_888:720575941580962805	left side of organism	has_soma_location	BANC888	doi:10.1038/s41586-026-10735-w	BANC_v888 260702
VFB_00108jry	BANC_888:720575941580963409	right side of organism	has_soma_location	BANC888	doi:10.1038/s41586-026-10735-w	BANC_v888 260702
VFB_00108jrz	BANC_888:720575941580964597	left side of organism	has_soma_location	BANC888	doi:10.1038/s41586-026-10735-w	BANC_v888 260702
VFB_00108js0	BANC_888:720575941580964689	left side of organism	has_soma_location	BANC888	doi:10.1038/s41586-026-10735-w	BANC_v888 260702
VFB_00108js1	BANC_888:720575941580966133	left side of organism	has_soma_location	BANC888	doi:10.1038/s41586-026-10735-w	BANC_v888 260702
VFB_00108js2	BANC_888:720575941580966645	left side of organism	has_soma_location	BANC888	doi:10.1038/s41586-026-10735-w	BANC_v888 260702
VFB_00108js3	BANC_888:720575941580966737	left side of organism	has_soma_location	BANC888	doi:10.1038/s41586-026-10735-w	BANC_v888 260702
VFB_00108js4	BANC_888:720575941580968181	left side of organism	has_soma_location	BANC888	doi:10.1038/s41586-026-10735-w	BANC_v888 260702
VFB_00108js5	BANC_888:720575941580968437	left side of organism	has_soma_location	BANC888	doi:10.1038/s41586-026-10735-w	BANC_v888 260702
VFB_00108js6	BANC_888:720575941580968785	right side of organism	has_soma_location	BANC888	doi:10.1038/s41586-026-10735-w	BANC_v888 260702
VFB_00108js7	BANC_888:720575941580973905	right side of organism	has_soma_location	BANC888	doi:10.1038/s41586-026-10735-w	BANC_v888 260702
VFB_00108js8	BANC_888:720575941580975441	right side of organism	has_soma_location	BANC888	doi:10.1038/s41586-026-10735-w	BANC_v888 260702
VFB_00108js9	BANC_888:720575941580975861	left side of organism	has_soma_location	BANC888	doi:10.1038/s41586-026-10735-w	BANC_v888 260702
VFB_00108jsa	BANC_888:720575941580977233	right side of organism	has_soma_location	BANC888	doi:10.1038/s41586-026-10735-w	BANC_v888 260702
VFB_00108jsb	BANC_888:720575941580978677	right side of organism	has_soma_location	BANC888	doi:10.1038/s41586-026-10735-w	BANC_v888 260702
VFB_00108jsc	BANC_888:720575941580985681	left side of organism	has_soma_location	BANC888	doi:10.1038/s41586-026-10735-w	BANC_v888 260702
VFB_00105a9h	BANC_888:720575941580986233	right side of organism	has_soma_location	BANC888	doi:10.1038/s41586-026-10735-w	BANC_v888 260702
VFB_00108jsd	BANC_888:720575941580986613	left side of organism	has_soma_location	BANC888	doi:10.1038/s41586-026-10735-w	BANC_v888 260702
VFB_00108jse	BANC_888:720575941580989173	left side of organism	has_soma_location	BANC888	doi:10.1038/s41586-026-10735-w	BANC_v888 260702
VFB_00108jsf	BANC_888:720575941580991989	left side of organism	has_soma_location	BANC888	doi:10.1038/s41586-026-10735-w	BANC_v888 260702
VFB_00108jsg	BANC_888:720575941580997877	right side of organism	has_soma_location	BANC888	doi:10.1038/s41586-026-10735-w	BANC_v888 260702
VFB_00108jsh	BANC_888:720575941580997969	left side of organism	has_soma_location	BANC888	doi:10.1038/s41586-026-10735-w	BANC_v888 260702
VFB_00108jsi	BANC_888:720575941580998481	left side of organism	has_soma_location	BANC888	doi:10.1038/s41586-026-10735-w	BANC_v888 260702
VFB_00108jsj	BANC_888:720575941581003089	left side of organism	has_soma_location	BANC888	doi:10.1038/s41586-026-10735-w	BANC_v888 260702
VFB_00108jsk	BANC_888:720575941581003601	left side of organism	has_soma_location	BANC888	doi:10.1038/s41586-026-10735-w	BANC_v888 260702
VFB_00108jsl	BANC_888:720575941581003765	right side of organism	has_soma_location	BANC888	doi:10.1038/s41586-026-10735-w	BANC_v888 260702
VFB_00108jsm	BANC_888:720575941581005045	right side of organism	has_soma_location	BANC888	doi:10.1038/s41586-026-10735-w	BANC_v888 260702
VFB_00108jsn	BANC_888:720575941581009273	left side of organism	has_soma_location	BANC888	doi:10.1038/s41586-026-10735-w	BANC_v888 260702
VFB_00108jso	BANC_888:720575941581011025	left side of organism	has_soma_location	BANC888	doi:10.1038/s41586-026-10735-w	BANC_v888 260702
VFB_00108jsp	BANC_888:720575941581014353	left side of organism	has_soma_location	BANC888	doi:10.1038/s41586-026-10735-w	BANC_v888 260702
VFB_00108jsq	BANC_888:720575941581015889	left side of organism	has_soma_location	BANC888	doi:10.1038/s41586-026-10735-w	BANC_v888 260702
VFB_00108jsr	BANC_888:720575941581017937	left side of organism	has_soma_location	BANC888	doi:10.1038/s41586-026-10735-w	BANC_v888 260702
VFB_00108jss	BANC_888:720575941581018705	left side of organism	has_soma_location	BANC888	doi:10.1038/s41586-026-10735-w	BANC_v888 260702
VFB_00105a9j	BANC_888:720575941581019513	left side of organism	has_soma_location	BANC888	doi:10.1038/s41586-026-10735-w	BANC_v888 260702
VFB_00108jst	BANC_888:720575941581020917	right side of organism	has_soma_location	BANC888	doi:10.1038/s41586-026-10735-w	BANC_v888 260702
VFB_00108jsu	BANC_888:720575941581021009	left side of organism	has_soma_location	BANC888	doi:10.1038/s41586-026-10735-w	BANC_v888 260702
VFB_00108jsv	BANC_888:720575941581021429	right side of organism	has_soma_location	BANC888	doi:10.1038/s41586-026-10735-w	BANC_v888 260702
VFB_00108jsw	BANC_888:720575941581021521	left side of organism	has_soma_location	BANC888	doi:10.1038/s41586-026-10735-w	BANC_v888 260702
VFB_00105a9k	BANC_888:720575941581022329	right side of organism	has_soma_location	BANC888	doi:10.1038/s41586-026-10735-w	BANC_v888 260702
VFB_00108jsx	BANC_888:720575941581023313	left side of organism	has_soma_location	BANC888	doi:10.1038/s41586-026-10735-w	BANC_v888 260702
VFB_00105a9l	BANC_888:720575941581024377	right side of organism	has_soma_location	BANC888	doi:10.1038/s41586-026-10735-w	BANC_v888 260702
VFB_00108jsy	BANC_888:720575941581024849	left side of organism	has_soma_location	BANC888	doi:10.1038/s41586-026-10735-w	BANC_v888 260702
VFB_00108jsz	BANC_888:720575941581025873	left side of organism	has_soma_location	BANC888	doi:10.1038/s41586-026-10735-w	BANC_v888 260702
VFB_00105a9m	BANC_888:720575941581027449	left side of organism	has_soma_location	BANC888	doi:10.1038/s41586-026-10735-w	BANC_v888 260702
VFB_00108jt0	BANC_888:720575941581027829	right side of organism	has_soma_location	BANC888	doi:10.1038/s41586-026-10735-w	BANC_v888 260702
VFB_00108jt1	BANC_888:720575941581029457	left side of organism	has_soma_location	BANC888	doi:10.1038/s41586-026-10735-w	BANC_v888 260702
VFB_00108jt2	BANC_888:720575941581032181	left side of organism	has_soma_location	BANC888	doi:10.1038/s41586-026-10735-w	BANC_v888 260702
VFB_00108jt3	BANC_888:720575941581033041	left side of organism	has_soma_location	BANC888	doi:10.1038/s41586-026-10735-w	BANC_v888 260702
VFB_00108jt4	BANC_888:720575941581038325	left side of organism	has_soma_location	BANC888	doi:10.1038/s41586-026-10735-w	BANC_v888 260702
VFB_00105a9n	BANC_888:720575941581041529	right side of organism	has_soma_location	BANC888	doi:10.1038/s41586-026-10735-w	BANC_v888 260702
VFB_00108jt5	BANC_888:720575941581042421	right side of organism	has_soma_location	BANC888	doi:10.1038/s41586-026-10735-w	BANC_v888 260702
VFB_00105a9o	BANC_888:720575941581046905	left side of organism	has_soma_location	BANC888	doi:10.1038/s41586-026-10735-w	BANC_v888 260702
VFB_00108jt6	BANC_888:720575941581050449	right side of organism	has_soma_location	BANC888	doi:10.1038/s41586-026-10735-w	BANC_v888 260702
VFB_00108jt7	BANC_888:720575941581054545	right side of organism	has_soma_location	BANC888	doi:10.1038/s41586-026-10735-w	BANC_v888 260702
VFB_00108jt8	BANC_888:720575941581060341	left side of organism	has_soma_location	BANC888	doi:10.1038/s41586-026-10735-w	BANC_v888 260702
VFB_00108jt9	BANC_888:720575941581061109	left side of organism	has_soma_location	BANC888	doi:10.1038/s41586-026-10735-w	BANC_v888 260702
VFB_00108jta	BANC_888:720575941581061457	left side of organism	has_soma_location	BANC888	doi:10.1038/s41586-026-10735-w	BANC_v888 260702
VFB_00108jtb	BANC_888:720575941581061713	right side of organism	has_soma_location	BANC888	doi:10.1038/s41586-026-10735-w	BANC_v888 260702
VFB_00108jtc	BANC_888:720575941581063289	right side of organism	has_soma_location	BANC888	doi:10.1038/s41586-026-10735-w	BANC_v888 260702
VFB_00108jtd	BANC_888:720575941581063413	left side of organism	has_soma_location	BANC888	doi:10.1038/s41586-026-10735-w	BANC_v888 260702
VFB_00108jte	BANC_888:720575941581065041	right side of organism	has_soma_location	BANC888	doi:10.1038/s41586-026-10735-w	BANC_v888 260702
VFB_00108jtf	BANC_888:720575941581069137	right side of organism	has_soma_location	BANC888	doi:10.1038/s41586-026-10735-w	BANC_v888 260702
VFB_00108jtg	BANC_888:720575941581070069	left side of organism	has_soma_location	BANC888	doi:10.1038/s41586-026-10735-w	BANC_v888 260702
VFB_00108jth	BANC_888:720575941581070673	left side of organism	has_soma_location	BANC888	doi:10.1038/s41586-026-10735-w	BANC_v888 260702
VFB_00108jti	BANC_888:720575941581070929	right side of organism	has_soma_location	BANC888	doi:10.1038/s41586-026-10735-w	BANC_v888 260702
VFB_00108jtj	BANC_888:720575941581072465	right side of organism	has_soma_location	BANC888	doi:10.1038/s41586-026-10735-w	BANC_v888 260702
VFB_00108jtk	BANC_888:720575941581078005	left side of organism	has_soma_location	BANC888	doi:10.1038/s41586-026-10735-w	BANC_v888 260702
VFB_00108jtl	BANC_888:720575941581078905	left side of organism	has_soma_location	BANC888	doi:10.1038/s41586-026-10735-w	BANC_v888 260702
VFB_00105a9p	BANC_888:720575941581079161	right side of organism	has_soma_location	BANC888	doi:10.1038/s41586-026-10735-w	BANC_v888 260702
VFB_00108jtm	BANC_888:720575941581079797	left side of organism	has_soma_location	BANC888	doi:10.1038/s41586-026-10735-w	BANC_v888 260702
VFB_00108jtn	BANC_888:720575941581080913	right side of organism	has_soma_location	BANC888	doi:10.1038/s41586-026-10735-w	BANC_v888 260702
VFB_00108jto	BANC_888:720575941581081681	left side of organism	has_soma_location	BANC888	doi:10.1038/s41586-026-10735-w	BANC_v888 260702
VFB_00105a9q	BANC_888:720575941581082233	right side of organism	has_soma_location	BANC888	doi:10.1038/s41586-026-10735-w	BANC_v888 260702
VFB_00108jtp	BANC_888:720575941581084537	right side of organism	has_soma_location	BANC888	doi:10.1038/s41586-026-10735-w	BANC_v888 260702
VFB_00108jtq	BANC_888:720575941581087221	right side of organism	has_soma_location	BANC888	doi:10.1038/s41586-026-10735-w	BANC_v888 260702
VFB_00108jtr	BANC_888:720575941581089361	left side of organism	has_soma_location	BANC888	doi:10.1038/s41586-026-10735-w	BANC_v888 260702
VFB_00108jts	BANC_888:720575941581096785	left side of organism	has_soma_location	BANC888	doi:10.1038/s41586-026-10735-w	BANC_v888 260702
VFB_00108jtt	BANC_888:720575941581096825	left side of organism	has_soma_location	BANC888	doi:10.1038/s41586-026-10735-w	BANC_v888 260702
VFB_00108jtu	BANC_888:720575941581099601	left side of organism	has_soma_location	BANC888	doi:10.1038/s41586-026-10735-w	BANC_v888 260702
VFB_00108jtv	BANC_888:720575941581104209	left side of organism	has_soma_location	BANC888	doi:10.1038/s41586-026-10735-w	BANC_v888 260702
VFB_00108jtw	BANC_888:720575941581105489	left side of organism	has_soma_location	BANC888	doi:10.1038/s41586-026-10735-w	BANC_v888 260702
VFB_00108jtx	BANC_888:720575941581106165	right side of organism	has_soma_location	BANC888	doi:10.1038/s41586-026-10735-w	BANC_v888 260702
VFB_00108jty	BANC_888:720575941581110005	right side of organism	has_soma_location	BANC888	doi:10.1038/s41586-026-10735-w	BANC_v888 260702
VFB_00108jtz	BANC_888:720575941581117173	left side of organism	has_soma_location	BANC888	doi:10.1038/s41586-026-10735-w	BANC_v888 260702
VFB_00108ju0	BANC_888:720575941581117429	left side of organism	has_soma_location	BANC888	doi:10.1038/s41586-026-10735-w	BANC_v888 260702
VFB_00108ju1	BANC_888:720575941581118289	left side of organism	has_soma_location	BANC888	doi:10.1038/s41586-026-10735-w	BANC_v888 260702
VFB_00108ju2	BANC_888:720575941581118545	left side of organism	has_soma_location	BANC888	doi:10.1038/s41586-026-10735-w	BANC_v888 260702
VFB_00108ju3	BANC_888:720575941581122549	right side of organism	has_soma_location	BANC888	doi:10.1038/s41586-026-10735-w	BANC_v888 260702
VFB_00108ju4	BANC_888:720575941581124085	right side of organism	has_soma_location	BANC888	doi:10.1038/s41586-026-10735-w	BANC_v888 260702
VFB_00108ju5	BANC_888:720575941581124945	left side of organism	has_soma_location	BANC888	doi:10.1038/s41586-026-10735-w	BANC_v888 260702
VFB_00108ju6	BANC_888:720575941581125497	right side of organism	has_soma_location	BANC888	doi:10.1038/s41586-026-10735-w	BANC_v888 260702
VFB_00105a9s	BANC_888:720575941581127289	left side of organism	has_soma_location	BANC888	doi:10.1038/s41586-026-10735-w	BANC_v888 260702
VFB_00108ju7	BANC_888:720575941581129041	left side of organism	has_soma_location	BANC888	doi:10.1038/s41586-026-10735-w	BANC_v888 260702
VFB_00108ju8	BANC_888:720575941581137745	left side of organism	has_soma_location	BANC888	doi:10.1038/s41586-026-10735-w	BANC_v888 260702
VFB_00105a9t	BANC_888:720575941581140345	right side of organism	has_soma_location	BANC888	doi:10.1038/s41586-026-10735-w	BANC_v888 260702
VFB_00108ju9	BANC_888:720575941581142005	right side of organism	has_soma_location	BANC888	doi:10.1038/s41586-026-10735-w	BANC_v888 260702
VFB_00108jua	BANC_888:720575941581142517	left side of organism	has_soma_location	BANC888	doi:10.1038/s41586-026-10735-w	BANC_v888 260702
VFB_00108jub	BANC_888:720575941581144821	left side of organism	has_soma_location	BANC888	doi:10.1038/s41586-026-10735-w	BANC_v888 260702
VFB_00108juc	BANC_888:720575941581146101	left side of organism	has_soma_location	BANC888	doi:10.1038/s41586-026-10735-w	BANC_v888 260702
VFB_00108jud	BANC_888:720575941581147125	left side of organism	has_soma_location	BANC888	doi:10.1038/s41586-026-10735-w	BANC_v888 260702
VFB_00108jue	BANC_888:720575941581147893	left side of organism	has_soma_location	BANC888	doi:10.1038/s41586-026-10735-w	BANC_v888 260702
VFB_00108juf	BANC_888:720575941581148497	left side of organism	has_soma_location	BANC888	doi:10.1038/s41586-026-10735-w	BANC_v888 260702
VFB_00108jug	BANC_888:720575941581149429	left side of organism	has_soma_location	BANC888	doi:10.1038/s41586-026-10735-w	BANC_v888 260702
VFB_00108juh	BANC_888:720575941581151825	left side of organism	has_soma_location	BANC888	doi:10.1038/s41586-026-10735-w	BANC_v888 260702
VFB_00108jui	BANC_888:720575941581151989	left side of organism	has_soma_location	BANC888	doi:10.1038/s41586-026-10735-w	BANC_v888 260702
VFB_00108juj	BANC_888:720575941581153525	left side of organism	has_soma_location	BANC888	doi:10.1038/s41586-026-10735-w	BANC_v888 260702
VFB_00108juk	BANC_888:720575941581154293	left side of organism	has_soma_location	BANC888	doi:10.1038/s41586-026-10735-w	BANC_v888 260702
VFB_00108jul	BANC_888:720575941581155829	left side of organism	has_soma_location	BANC888	doi:10.1038/s41586-026-10735-w	BANC_v888 260702
VFB_00108jum	BANC_888:720575941581163253	left side of organism	has_soma_location	BANC888	doi:10.1038/s41586-026-10735-w	BANC_v888 260702
VFB_00108jun	BANC_888:720575941581163765	left side of organism	has_soma_location	BANC888	doi:10.1038/s41586-026-10735-w	BANC_v888 260702
VFB_00108juo	BANC_888:720575941581164021	left side of organism	has_soma_location	BANC888	doi:10.1038/s41586-026-10735-w	BANC_v888 260702
VFB_00105a9v	BANC_888:720575941581164409	left side of organism	has_soma_location	BANC888	doi:10.1038/s41586-026-10735-w	BANC_v888 260702
VFB_00108jup	BANC_888:720575941581165137	left side of organism	has_soma_location	BANC888	doi:10.1038/s41586-026-10735-w	BANC_v888 260702
VFB_00105a9w	BANC_888:720575941581174649	right side of organism	has_soma_location	BANC888	doi:10.1038/s41586-026-10735-w	BANC_v888 260702
VFB_00108juq	BANC_888:720575941581175889	left side of organism	has_soma_location	BANC888	doi:10.1038/s41586-026-10735-w	BANC_v888 260702
VFB_00108jur	BANC_888:720575941581176821	right side of organism	has_soma_location	BANC888	doi:10.1038/s41586-026-10735-w	BANC_v888 260702
VFB_00108jus	BANC_888:720575941581182709	right side of organism	has_soma_location	BANC888	doi:10.1038/s41586-026-10735-w	BANC_v888 260702
VFB_00108jut	BANC_888:720575941581184337	left side of organism	has_soma_location	BANC888	doi:10.1038/s41586-026-10735-w	BANC_v888 260702
VFB_00108juu	BANC_888:720575941581185013	right side of organism	has_soma_location	BANC888	doi:10.1038/s41586-026-10735-w	BANC_v888 260702
VFB_00108juv	BANC_888:720575941581186549	right side of organism	has_soma_location	BANC888	doi:10.1038/s41586-026-10735-w	BANC_v888 260702
VFB_00108juw	BANC_888:720575941581189969	left side of organism	has_soma_location	BANC888	doi:10.1038/s41586-026-10735-w	BANC_v888 260702
VFB_00108jux	BANC_888:720575941581190481	left side of organism	has_soma_location	BANC888	doi:10.1038/s41586-026-10735-w	BANC_v888 260702
VFB_00108juy	BANC_888:720575941581190645	right side of organism	has_soma_location	BANC888	doi:10.1038/s41586-026-10735-w	BANC_v888 260702
VFB_00108juz	BANC_888:720575941581190993	left side of organism	has_soma_location	BANC888	doi:10.1038/s41586-026-10735-w	BANC_v888 260702
VFB_00108jv0	BANC_888:720575941581191249	left side of organism	has_soma_location	BANC888	doi:10.1038/s41586-026-10735-w	BANC_v888 260702
VFB_00108jv1	BANC_888:720575941581192437	right side of organism	has_soma_location	BANC888	doi:10.1038/s41586-026-10735-w	BANC_v888 260702
VFB_00108jv2	BANC_888:720575941581193809	left side of organism	has_soma_location	BANC888	doi:10.1038/s41586-026-10735-w	BANC_v888 260702
VFB_00108jv3	BANC_888:720575941581196625	left side of organism	has_soma_location	BANC888	doi:10.1038/s41586-026-10735-w	BANC_v888 260702
VFB_00108jv4	BANC_888:720575941581198417	left side of organism	has_soma_location	BANC888	doi:10.1038/s41586-026-10735-w	BANC_v888 260702
VFB_00108jv5	BANC_888:720575941581202001	left side of organism	has_soma_location	BANC888	doi:10.1038/s41586-026-10735-w	BANC_v888 260702
VFB_00105a9x	BANC_888:720575941581203833	right side of organism	has_soma_location	BANC888	doi:10.1038/s41586-026-10735-w	BANC_v888 260702
VFB_00108jv6	BANC_888:720575941581207417	right side of organism	has_soma_location	BANC888	doi:10.1038/s41586-026-10735-w	BANC_v888 260702
VFB_00108jv7	BANC_888:720575941581208565	left side of organism	has_soma_location	BANC888	doi:10.1038/s41586-026-10735-w	BANC_v888 260702
VFB_00108jv8	BANC_888:720575941581210613	left side of organism	has_soma_location	BANC888	doi:10.1038/s41586-026-10735-w	BANC_v888 260702
VFB_00108jv9	BANC_888:720575941581213173	left side of organism	has_soma_location	BANC888	doi:10.1038/s41586-026-10735-w	BANC_v888 260702
VFB_00108jva	BANC_888:720575941581214453	left side of organism	has_soma_location	BANC888	doi:10.1038/s41586-026-10735-w	BANC_v888 260702
VFB_00108jvb	BANC_888:720575941581214965	right side of organism	has_soma_location	BANC888	doi:10.1038/s41586-026-10735-w	BANC_v888 260702
VFB_00108jvc	BANC_888:720575941581215097	right side of organism	has_soma_location	BANC888	doi:10.1038/s41586-026-10735-w	BANC_v888 260702
VFB_00108jvd	BANC_888:720575941581215477	left side of organism	has_soma_location	BANC888	doi:10.1038/s41586-026-10735-w	BANC_v888 260702
VFB_00108jve	BANC_888:720575941581217361	left side of organism	has_soma_location	BANC888	doi:10.1038/s41586-026-10735-w	BANC_v888 260702
VFB_00108jvf	BANC_888:720575941581217781	right side of organism	has_soma_location	BANC888	doi:10.1038/s41586-026-10735-w	BANC_v888 260702
VFB_00108jvg	BANC_888:720575941581218293	left side of organism	has_soma_location	BANC888	doi:10.1038/s41586-026-10735-w	BANC_v888 260702
VFB_00108jvh	BANC_888:720575941581221109	left side of organism	has_soma_location	BANC888	doi:10.1038/s41586-026-10735-w	BANC_v888 260702
VFB_00105a9z	BANC_888:720575941581221497	right side of organism	has_soma_location	BANC888	doi:10.1038/s41586-026-10735-w	BANC_v888 260702
VFB_00105aa0	BANC_888:720575941581222265	right side of organism	has_soma_location	BANC888	doi:10.1038/s41586-026-10735-w	BANC_v888 260702
VFB_00105aa1	BANC_888:720575941581225849	right side of organism	has_soma_location	BANC888	doi:10.1038/s41586-026-10735-w	BANC_v888 260702
VFB_00105aa2	BANC_888:720575941581228153	right side of organism	has_soma_location	BANC888	doi:10.1038/s41586-026-10735-w	BANC_v888 260702
VFB_00105aa3	BANC_888:720575941581228409	right side of organism	has_soma_location	BANC888	doi:10.1038/s41586-026-10735-w	BANC_v888 260702
VFB_00108jvi	BANC_888:720575941581233397	right side of organism	has_soma_location	BANC888	doi:10.1038/s41586-026-10735-w	BANC_v888 260702
VFB_00108jvj	BANC_888:720575941581234257	left side of organism	has_soma_location	BANC888	doi:10.1038/s41586-026-10735-w	BANC_v888 260702
VFB_00108jvk	BANC_888:720575941581236981	right side of organism	has_soma_location	BANC888	doi:10.1038/s41586-026-10735-w	BANC_v888 260702
VFB_00108jvl	BANC_888:720575941581238005	left side of organism	has_soma_location	BANC888	doi:10.1038/s41586-026-10735-w	BANC_v888 260702
VFB_00108jvm	BANC_888:720575941581238773	right side of organism	has_soma_location	BANC888	doi:10.1038/s41586-026-10735-w	BANC_v888 260702
VFB_00108jvn	BANC_888:720575941581240821	right side of organism	has_soma_location	BANC888	doi:10.1038/s41586-026-10735-w	BANC_v888 260702
VFB_00108jvo	BANC_888:720575941581241845	right side of organism	has_soma_location	BANC888	doi:10.1038/s41586-026-10735-w	BANC_v888 260702
VFB_00105aa4	BANC_888:720575941581243257	left side of organism	has_soma_location	BANC888	doi:10.1038/s41586-026-10735-w	BANC_v888 260702
VFB_00108jvp	BANC_888:720575941581243893	right side of organism	has_soma_location	BANC888	doi:10.1038/s41586-026-10735-w	BANC_v888 260702
VFB_00108jvq	BANC_888:720575941581244661	right side of organism	has_soma_location	BANC888	doi:10.1038/s41586-026-10735-w	BANC_v888 260702
VFB_00108jvr	BANC_888:720575941581247477	right side of organism	has_soma_location	BANC888	doi:10.1038/s41586-026-10735-w	BANC_v888 260702
VFB_00108jvs	BANC_888:720575941581250037	right side of organism	has_soma_location	BANC888	doi:10.1038/s41586-026-10735-w	BANC_v888 260702
VFB_00108jvt	BANC_888:720575941581254389	right side of organism	has_soma_location	BANC888	doi:10.1038/s41586-026-10735-w	BANC_v888 260702
VFB_00105aa6	BANC_888:720575941581254521	right side of organism	has_soma_location	BANC888	doi:10.1038/s41586-026-10735-w	BANC_v888 260702
VFB_00108jvu	BANC_888:720575941581255669	right side of organism	has_soma_location	BANC888	doi:10.1038/s41586-026-10735-w	BANC_v888 260702
VFB_00108jvv	BANC_888:720575941581259765	right side of organism	has_soma_location	BANC888	doi:10.1038/s41586-026-10735-w	BANC_v888 260702
VFB_00108jvw	BANC_888:720575941581262069	left side of organism	has_soma_location	BANC888	doi:10.1038/s41586-026-10735-w	BANC_v888 260702
VFB_00108jvx	BANC_888:720575941581262161	left side of organism	has_soma_location	BANC888	doi:10.1038/s41586-026-10735-w	BANC_v888 260702
VFB_00108jvy	BANC_888:720575941581264209	left side of organism	has_soma_location	BANC888	doi:10.1038/s41586-026-10735-w	BANC_v888 260702
VFB_00108jvz	BANC_888:720575941581266933	right side of organism	has_soma_location	BANC888	doi:10.1038/s41586-026-10735-w	BANC_v888 260702
VFB_00105aa7	BANC_888:720575941581271161	left side of organism	has_soma_location	BANC888	doi:10.1038/s41586-026-10735-w	BANC_v888 260702
VFB_00108jw0	BANC_888:720575941581271673	right side of organism	has_soma_location	BANC888	doi:10.1038/s41586-026-10735-w	BANC_v888 260702
VFB_00108jw1	BANC_888:720575941581273937	left side of organism	has_soma_location	BANC888	doi:10.1038/s41586-026-10735-w	BANC_v888 260702
VFB_00108jw2	BANC_888:720575941581274613	right side of organism	has_soma_location	BANC888	doi:10.1038/s41586-026-10735-w	BANC_v888 260702
VFB_00108jw3	BANC_888:720575941581277521	left side of organism	has_soma_location	BANC888	doi:10.1038/s41586-026-10735-w	BANC_v888 260702
VFB_00108jw4	BANC_888:720575941581277685	left side of organism	has_soma_location	BANC888	doi:10.1038/s41586-026-10735-w	BANC_v888 260702
VFB_00108jw5	BANC_888:720575941581277941	right side of organism	has_soma_location	BANC888	doi:10.1038/s41586-026-10735-w	BANC_v888 260702
VFB_00108jw6	BANC_888:720575941581278709	left side of organism	has_soma_location	BANC888	doi:10.1038/s41586-026-10735-w	BANC_v888 260702
VFB_00108jw7	BANC_888:720575941581280245	left side of organism	has_soma_location	BANC888	doi:10.1038/s41586-026-10735-w	BANC_v888 260702
VFB_00105aa8	BANC_888:720575941581280377	right side of organism	has_soma_location	BANC888	doi:10.1038/s41586-026-10735-w	BANC_v888 260702
VFB_00108jw8	BANC_888:720575941581286225	left side of organism	has_soma_location	BANC888	doi:10.1038/s41586-026-10735-w	BANC_v888 260702
VFB_00108jw9	BANC_888:720575941581287925	right side of organism	has_soma_location	BANC888	doi:10.1038/s41586-026-10735-w	BANC_v888 260702
VFB_00108jwa	BANC_888:720575941581291385	right side of organism	has_soma_location	BANC888	doi:10.1038/s41586-026-10735-w	BANC_v888 260702
VFB_00108jwb	BANC_888:720575941581291601	left side of organism	has_soma_location	BANC888	doi:10.1038/s41586-026-10735-w	BANC_v888 260702
VFB_00108jwc	BANC_888:720575941581292113	right side of organism	has_soma_location	BANC888	doi:10.1038/s41586-026-10735-w	BANC_v888 260702
VFB_00108jwd	BANC_888:720575941581292533	right side of organism	has_soma_location	BANC888	doi:10.1038/s41586-026-10735-w	BANC_v888 260702
VFB_00108jwe	BANC_888:720575941581295861	left side of organism	has_soma_location	BANC888	doi:10.1038/s41586-026-10735-w	BANC_v888 260702
VFB_00108jwf	BANC_888:720575941581296117	left side of organism	has_soma_location	BANC888	doi:10.1038/s41586-026-10735-w	BANC_v888 260702
VFB_00108jwg	BANC_888:720575941581296209	left side of organism	has_soma_location	BANC888	doi:10.1038/s41586-026-10735-w	BANC_v888 260702
VFB_00108jwh	BANC_888:720575941581298257	right side of organism	has_soma_location	BANC888	doi:10.1038/s41586-026-10735-w	BANC_v888 260702
VFB_00108jwi	BANC_888:720575941581298769	left side of organism	has_soma_location	BANC888	doi:10.1038/s41586-026-10735-w	BANC_v888 260702
VFB_00108jwj	BANC_888:720575941581299537	left side of organism	has_soma_location	BANC888	doi:10.1038/s41586-026-10735-w	BANC_v888 260702
VFB_00108jwk	BANC_888:720575941581299701	left side of organism	has_soma_location	BANC888	doi:10.1038/s41586-026-10735-w	BANC_v888 260702
VFB_00108jwl	BANC_888:720575941581300561	left side of organism	has_soma_location	BANC888	doi:10.1038/s41586-026-10735-w	BANC_v888 260702
VFB_00105aa9	BANC_888:720575941581303929	right side of organism	has_soma_location	BANC888	doi:10.1038/s41586-026-10735-w	BANC_v888 260702
VFB_00108jwm	BANC_888:720575941581307637	right side of organism	has_soma_location	BANC888	doi:10.1038/s41586-026-10735-w	BANC_v888 260702
VFB_00105aaa	BANC_888:720575941581308281	right side of organism	has_soma_location	BANC888	doi:10.1038/s41586-026-10735-w	BANC_v888 260702
VFB_00108jwn	BANC_888:720575941581308753	right side of organism	has_soma_location	BANC888	doi:10.1038/s41586-026-10735-w	BANC_v888 260702
VFB_00108jwo	BANC_888:720575941581309777	left side of organism	has_soma_location	BANC888	doi:10.1038/s41586-026-10735-w	BANC_v888 260702
VFB_00108jwp	BANC_888:720575941581310709	left side of organism	has_soma_location	BANC888	doi:10.1038/s41586-026-10735-w	BANC_v888 260702
VFB_00108jwq	BANC_888:720575941581310841	left side of organism	has_soma_location	BANC888	doi:10.1038/s41586-026-10735-w	BANC_v888 260702
VFB_00108jwr	BANC_888:720575941581314129	left side of organism	has_soma_location	BANC888	doi:10.1038/s41586-026-10735-w	BANC_v888 260702
VFB_00108jws	BANC_888:720575941581319413	left side of organism	has_soma_location	BANC888	doi:10.1038/s41586-026-10735-w	BANC_v888 260702
VFB_00108jwt	BANC_888:720575941581320693	left side of organism	has_soma_location	BANC888	doi:10.1038/s41586-026-10735-w	BANC_v888 260702
VFB_00108jwu	BANC_888:720575941581323345	right side of organism	has_soma_location	BANC888	doi:10.1038/s41586-026-10735-w	BANC_v888 260702
VFB_00108jwv	BANC_888:720575941581326325	left side of organism	has_soma_location	BANC888	doi:10.1038/s41586-026-10735-w	BANC_v888 260702
VFB_00108jww	BANC_888:720575941581327861	left side of organism	has_soma_location	BANC888	doi:10.1038/s41586-026-10735-w	BANC_v888 260702
VFB_00108jwx	BANC_888:720575941581328885	left side of organism	has_soma_location	BANC888	doi:10.1038/s41586-026-10735-w	BANC_v888 260702
VFB_00105aab	BANC_888:720575941581329785	left side of organism	has_soma_location	BANC888	doi:10.1038/s41586-026-10735-w	BANC_v888 260702
VFB_00108jwy	BANC_888:720575941581331025	left side of organism	has_soma_location	BANC888	doi:10.1038/s41586-026-10735-w	BANC_v888 260702
VFB_00108jwz	BANC_888:720575941581332345	right side of organism	has_soma_location	BANC888	doi:10.1038/s41586-026-10735-w	BANC_v888 260702
VFB_00108jx0	BANC_888:720575941581333585	left side of organism	has_soma_location	BANC888	doi:10.1038/s41586-026-10735-w	BANC_v888 260702
VFB_00108jx1	BANC_888:720575941581333625	right side of organism	has_soma_location	BANC888	doi:10.1038/s41586-026-10735-w	BANC_v888 260702
VFB_00105aac	BANC_888:720575941581333881	right side of organism	has_soma_location	BANC888	doi:10.1038/s41586-026-10735-w	BANC_v888 260702
VFB_00108jx2	BANC_888:720575941581336309	left side of organism	has_soma_location	BANC888	doi:10.1038/s41586-026-10735-w	BANC_v888 260702
VFB_00108jx3	BANC_888:720575941581336821	left side of organism	has_soma_location	BANC888	doi:10.1038/s41586-026-10735-w	BANC_v888 260702
VFB_00105aad	BANC_888:720575941581337209	left side of organism	has_soma_location	BANC888	doi:10.1038/s41586-026-10735-w	BANC_v888 260702
VFB_00108jx4	BANC_888:720575941581338449	left side of organism	has_soma_location	BANC888	doi:10.1038/s41586-026-10735-w	BANC_v888 260702
VFB_00108jx5	BANC_888:720575941581340497	right side of organism	has_soma_location	BANC888	doi:10.1038/s41586-026-10735-w	BANC_v888 260702
VFB_00108jx6	BANC_888:720575941581341941	left side of organism	has_soma_location	BANC888	doi:10.1038/s41586-026-10735-w	BANC_v888 260702
VFB_00108jx7	BANC_888:720575941581342965	left side of organism	has_soma_location	BANC888	doi:10.1038/s41586-026-10735-w	BANC_v888 260702
VFB_00108jx8	BANC_888:720575941581345013	left side of organism	has_soma_location	BANC888	doi:10.1038/s41586-026-10735-w	BANC_v888 260702
VFB_00108jx9	BANC_888:720575941581347193	right side of organism	has_soma_location	BANC888	doi:10.1038/s41586-026-10735-w	BANC_v888 260702
VFB_00108jxa	BANC_888:720575941581349457	left side of organism	has_soma_location	BANC888	doi:10.1038/s41586-026-10735-w	BANC_v888 260702
VFB_00105aae	BANC_888:720575941581350265	right side of organism	has_soma_location	BANC888	doi:10.1038/s41586-026-10735-w	BANC_v888 260702
VFB_00108jxb	BANC_888:720575941581351249	left side of organism	has_soma_location	BANC888	doi:10.1038/s41586-026-10735-w	BANC_v888 260702
VFB_00105aaf	BANC_888:720575941581361017	right side of organism	has_soma_location	BANC888	doi:10.1038/s41586-026-10735-w	BANC_v888 260702
VFB_00105aag	BANC_888:720575941581362271	right side of organism	has_soma_location	BANC888	doi:10.1038/s41586-026-10735-w	BANC_v888 260702
VFB_00105aah	BANC_888:720575941581367673	right side of organism	has_soma_location	BANC888	doi:10.1038/s41586-026-10735-w	BANC_v888 260702
VFB_00108jxc	BANC_888:720575941581376081	left side of organism	has_soma_location	BANC888	doi:10.1038/s41586-026-10735-w	BANC_v888 260702
VFB_00108jxd	BANC_888:720575941581382009	left side of organism	has_soma_location	BANC888	doi:10.1038/s41586-026-10735-w	BANC_v888 260702
VFB_00108jxe	BANC_888:720575941581386105	left side of organism	has_soma_location	BANC888	doi:10.1038/s41586-026-10735-w	BANC_v888 260702
VFB_00105aai	BANC_888:720575941581386873	left side of organism	has_soma_location	BANC888	doi:10.1038/s41586-026-10735-w	BANC_v888 260702
VFB_00108jxf	BANC_888:720575941581387857	left side of organism	has_soma_location	BANC888	doi:10.1038/s41586-026-10735-w	BANC_v888 260702
VFB_00105aaj	BANC_888:720575941581388153	right side of organism	has_soma_location	BANC888	doi:10.1038/s41586-026-10735-w	BANC_v888 260702
VFB_00108jxg	BANC_888:720575941581388881	left side of organism	has_soma_location	BANC888	doi:10.1038/s41586-026-10735-w	BANC_v888 260702
VFB_00108jxh	BANC_888:720575941581393745	left side of organism	has_soma_location	BANC888	doi:10.1038/s41586-026-10735-w	BANC_v888 260702
VFB_00108jxi	BANC_888:720575941581394677	left side of organism	has_soma_location	BANC888	doi:10.1038/s41586-026-10735-w	BANC_v888 260702
VFB_00108jxj	BANC_888:720575941581396981	left side of organism	has_soma_location	BANC888	doi:10.1038/s41586-026-10735-w	BANC_v888 260702
VFB_00108jxk	BANC_888:720575941581398097	left side of organism	has_soma_location	BANC888	doi:10.1038/s41586-026-10735-w	BANC_v888 260702
VFB_00108jxl	BANC_888:720575941581403513	right side of organism	has_soma_location	BANC888	doi:10.1038/s41586-026-10735-w	BANC_v888 260702
VFB_00108jxm	BANC_888:720575941581405173	left side of organism	has_soma_location	BANC888	doi:10.1038/s41586-026-10735-w	BANC_v888 260702
VFB_00108jxn	BANC_888:720575941581405265	left side of organism	has_soma_location	BANC888	doi:10.1038/s41586-026-10735-w	BANC_v888 260702
VFB_00105aak	BANC_888:720575941581405305	right side of organism	has_soma_location	BANC888	doi:10.1038/s41586-026-10735-w	BANC_v888 260702
VFB_00108jxo	BANC_888:720575941581406453	left side of organism	has_soma_location	BANC888	doi:10.1038/s41586-026-10735-w	BANC_v888 260702
VFB_00108jxp	BANC_888:720575941581407477	left side of organism	has_soma_location	BANC888	doi:10.1038/s41586-026-10735-w	BANC_v888 260702
VFB_00108jxq	BANC_888:720575941581409013	left side of organism	has_soma_location	BANC888	doi:10.1038/s41586-026-10735-w	BANC_v888 260702
VFB_00108jxr	BANC_888:720575941581416529	left side of organism	has_soma_location	BANC888	doi:10.1038/s41586-026-10735-w	BANC_v888 260702
VFB_00108jxs	BANC_888:720575941581416569	right side of organism	has_soma_location	BANC888	doi:10.1038/s41586-026-10735-w	BANC_v888 260702
VFB_00108jxt	BANC_888:720575941581416785	left side of organism	has_soma_location	BANC888	doi:10.1038/s41586-026-10735-w	BANC_v888 260702
VFB_00108jxu	BANC_888:720575941581419765	left side of organism	has_soma_location	BANC888	doi:10.1038/s41586-026-10735-w	BANC_v888 260702
VFB_00105aam	BANC_888:720575941581420153	right side of organism	has_soma_location	BANC888	doi:10.1038/s41586-026-10735-w	BANC_v888 260702
VFB_00108jxv	BANC_888:720575941581420277	right side of organism	has_soma_location	BANC888	doi:10.1038/s41586-026-10735-w	BANC_v888 260702
VFB_00105aan	BANC_888:720575941581421151	left side of organism	has_soma_location	BANC888	doi:10.1038/s41586-026-10735-w	BANC_v888 260702
VFB_00105aao	BANC_888:720575941581421433	right side of organism	has_soma_location	BANC888	doi:10.1038/s41586-026-10735-w	BANC_v888 260702
VFB_00108jxw	BANC_888:720575941581421649	left side of organism	has_soma_location	BANC888	doi:10.1038/s41586-026-10735-w	BANC_v888 260702
VFB_00108jxx	BANC_888:720575941581422069	left side of organism	has_soma_location	BANC888	doi:10.1038/s41586-026-10735-w	BANC_v888 260702
VFB_00105aaq	BANC_888:720575941581426297	right side of organism	has_soma_location	BANC888	doi:10.1038/s41586-026-10735-w	BANC_v888 260702
VFB_00108jxy	BANC_888:720575941581431377	left side of organism	has_soma_location	BANC888	doi:10.1038/s41586-026-10735-w	BANC_v888 260702
VFB_00108jxz	BANC_888:720575941581432913	left side of organism	has_soma_location	BANC888	doi:10.1038/s41586-026-10735-w	BANC_v888 260702
VFB_00108jy0	BANC_888:720575941581433845	left side of organism	has_soma_location	BANC888	doi:10.1038/s41586-026-10735-w	BANC_v888 260702
VFB_00108jy1	BANC_888:720575941581437265	left side of organism	has_soma_location	BANC888	doi:10.1038/s41586-026-10735-w	BANC_v888 260702
VFB_00108jy2	BANC_888:720575941581438801	left side of organism	has_soma_location	BANC888	doi:10.1038/s41586-026-10735-w	BANC_v888 260702
VFB_00105aar	BANC_888:720575941581440095	right side of organism	has_soma_location	BANC888	doi:10.1038/s41586-026-10735-w	BANC_v888 260702
VFB_00105aas	BANC_888:720575941581442143	right side of organism	has_soma_location	BANC888	doi:10.1038/s41586-026-10735-w	BANC_v888 260702
VFB_00108jy3	BANC_888:720575941581448181	left side of organism	has_soma_location	BANC888	doi:10.1038/s41586-026-10735-w	BANC_v888 260702
VFB_00108jy4	BANC_888:720575941581448273	right side of organism	has_soma_location	BANC888	doi:10.1038/s41586-026-10735-w	BANC_v888 260702
VFB_00108jy5	BANC_888:720575941581449041	right side of organism	has_soma_location	BANC888	doi:10.1038/s41586-026-10735-w	BANC_v888 260702
VFB_00108jy6	BANC_888:720575941581451765	left side of organism	has_soma_location	BANC888	doi:10.1038/s41586-026-10735-w	BANC_v888 260702
VFB_00108jy7	BANC_888:720575941581452789	left side of organism	has_soma_location	BANC888	doi:10.1038/s41586-026-10735-w	BANC_v888 260702
VFB_00108jy8	BANC_888:720575941581454929	right side of organism	has_soma_location	BANC888	doi:10.1038/s41586-026-10735-w	BANC_v888 260702
VFB_00108jy9	BANC_888:720575941581455349	left side of organism	has_soma_location	BANC888	doi:10.1038/s41586-026-10735-w	BANC_v888 260702
VFB_00108jya	BANC_888:720575941581456249	left side of organism	has_soma_location	BANC888	doi:10.1038/s41586-026-10735-w	BANC_v888 260702
VFB_00108jyb	BANC_888:720575941581458297	right side of organism	has_soma_location	BANC888	doi:10.1038/s41586-026-10735-w	BANC_v888 260702
VFB_00108jyc	BANC_888:720575941581458513	right side of organism	has_soma_location	BANC888	doi:10.1038/s41586-026-10735-w	BANC_v888 260702
VFB_00105aat	BANC_888:720575941581459039	left side of organism	has_soma_location	BANC888	doi:10.1038/s41586-026-10735-w	BANC_v888 260702
VFB_00108jyd	BANC_888:720575941581464913	right side of organism	has_soma_location	BANC888	doi:10.1038/s41586-026-10735-w	BANC_v888 260702
VFB_00108jye	BANC_888:720575941581468241	right side of organism	has_soma_location	BANC888	doi:10.1038/s41586-026-10735-w	BANC_v888 260702
VFB_00105aav	BANC_888:720575941581473145	right side of organism	has_soma_location	BANC888	doi:10.1038/s41586-026-10735-w	BANC_v888 260702
VFB_00108jyf	BANC_888:720575941581482229	left side of organism	has_soma_location	BANC888	doi:10.1038/s41586-026-10735-w	BANC_v888 260702
VFB_00108jyg	BANC_888:720575941581490933	right side of organism	has_soma_location	BANC888	doi:10.1038/s41586-026-10735-w	BANC_v888 260702
VFB_00105aaw	BANC_888:720575941581491039	right side of organism	has_soma_location	BANC888	doi:10.1038/s41586-026-10735-w	BANC_v888 260702
VFB_00108jyh	BANC_888:720575941581492213	left side of organism	has_soma_location	BANC888	doi:10.1038/s41586-026-10735-w	BANC_v888 260702
VFB_00105aax	BANC_888:720575941581492319	right side of organism	has_soma_location	BANC888	doi:10.1038/s41586-026-10735-w	BANC_v888 260702
VFB_00108jyi	BANC_888:720575941581497589	right side of organism	has_soma_location	BANC888	doi:10.1038/s41586-026-10735-w	BANC_v888 260702
VFB_00108jyj	BANC_888:720575941581499637	right side of organism	has_soma_location	BANC888	doi:10.1038/s41586-026-10735-w	BANC_v888 260702
VFB_00108jyk	BANC_888:720575941581501561	left side of organism	has_soma_location	BANC888	doi:10.1038/s41586-026-10735-w	BANC_v888 260702
VFB_00108jyl	BANC_888:720575941581502709	right side of organism	has_soma_location	BANC888	doi:10.1038/s41586-026-10735-w	BANC_v888 260702
VFB_00108jym	BANC_888:720575941581504757	right side of organism	has_soma_location	BANC888	doi:10.1038/s41586-026-10735-w	BANC_v888 260702
VFB_00105aaz	BANC_888:720575941581506143	left side of organism	has_soma_location	BANC888	doi:10.1038/s41586-026-10735-w	BANC_v888 260702
VFB_00105ab1	BANC_888:720575941581511033	right side of organism	has_soma_location	BANC888	doi:10.1038/s41586-026-10735-w	BANC_v888 260702
VFB_00108jyn	BANC_888:720575941581511413	right side of organism	has_soma_location	BANC888	doi:10.1038/s41586-026-10735-w	BANC_v888 260702
VFB_00108jyo	BANC_888:720575941581513081	right side of organism	has_soma_location	BANC888	doi:10.1038/s41586-026-10735-w	BANC_v888 260702
VFB_00108jyp	BANC_888:720575941581517557	left side of organism	has_soma_location	BANC888	doi:10.1038/s41586-026-10735-w	BANC_v888 260702
VFB_00108jyq	BANC_888:720575941581518069	left side of organism	has_soma_location	BANC888	doi:10.1038/s41586-026-10735-w	BANC_v888 260702
VFB_00108jyr	BANC_888:720575941581519093	left side of organism	has_soma_location	BANC888	doi:10.1038/s41586-026-10735-w	BANC_v888 260702
VFB_00108jys	BANC_888:720575941581526137	left side of organism	has_soma_location	BANC888	doi:10.1038/s41586-026-10735-w	BANC_v888 260702
VFB_00108jyt	BANC_888:720575941581543801	left side of organism	has_soma_location	BANC888	doi:10.1038/s41586-026-10735-w	BANC_v888 260702
VFB_00105ab4	BANC_888:720575941581547641	left side of organism	has_soma_location	BANC888	doi:10.1038/s41586-026-10735-w	BANC_v888 260702
VFB_00108jyu	BANC_888:720575941581549433	right side of organism	has_soma_location	BANC888	doi:10.1038/s41586-026-10735-w	BANC_v888 260702
VFB_00108jyv	BANC_888:720575941581555701	left side of organism	has_soma_location	BANC888	doi:10.1038/s41586-026-10735-w	BANC_v888 260702
VFB_00108jyw	BANC_888:720575941581559161	right side of organism	has_soma_location	BANC888	doi:10.1038/s41586-026-10735-w	BANC_v888 260702
VFB_00108jyx	BANC_888:720575941581559417	left side of organism	has_soma_location	BANC888	doi:10.1038/s41586-026-10735-w	BANC_v888 260702
VFB_00105ab5	BANC_888:720575941581566303	right side of organism	has_soma_location	BANC888	doi:10.1038/s41586-026-10735-w	BANC_v888 260702
VFB_00108jyy	BANC_888:720575941581568501	left side of organism	has_soma_location	BANC888	doi:10.1038/s41586-026-10735-w	BANC_v888 260702
VFB_00105ab6	BANC_888:720575941581570655	left side of organism	has_soma_location	BANC888	doi:10.1038/s41586-026-10735-w	BANC_v888 260702
VFB_00105ab7	BANC_888:720575941581583711	right side of organism	has_soma_location	BANC888	doi:10.1038/s41586-026-10735-w	BANC_v888 260702
VFB_00108jyz	BANC_888:720575941581588601	right side of organism	has_soma_location	BANC888	doi:10.1038/s41586-026-10735-w	BANC_v888 260702
VFB_00108jz0	BANC_888:720575941581590137	left side of organism	has_soma_location	BANC888	doi:10.1038/s41586-026-10735-w	BANC_v888 260702
VFB_00108jz1	BANC_888:720575941581593077	left side of organism	has_soma_location	BANC888	doi:10.1038/s41586-026-10735-w	BANC_v888 260702
VFB_00108jz2	BANC_888:720575941581595513	left side of organism	has_soma_location	BANC888	doi:10.1038/s41586-026-10735-w	BANC_v888 260702
VFB_00108jz3	BANC_888:720575941581597561	right side of organism	has_soma_location	BANC888	doi:10.1038/s41586-026-10735-w	BANC_v888 260702
VFB_00108jz4	BANC_888:720575941581608031	right side of organism	has_soma_location	BANC888	doi:10.1038/s41586-026-10735-w	BANC_v888 260702
VFB_00105ab8	BANC_888:720575941581608799	left side of organism	has_soma_location	BANC888	doi:10.1038/s41586-026-10735-w	BANC_v888 260702
VFB_00108jz5	BANC_888:720575941581610873	right side of organism	has_soma_location	BANC888	doi:10.1038/s41586-026-10735-w	BANC_v888 260702
VFB_00108jz6	BANC_888:720575941581612789	left side of organism	has_soma_location	BANC888	doi:10.1038/s41586-026-10735-w	BANC_v888 260702
VFB_00108jz7	BANC_888:720575941581614325	left side of organism	has_soma_location	BANC888	doi:10.1038/s41586-026-10735-w	BANC_v888 260702
VFB_00108jz8	BANC_888:720575941581614457	left side of organism	has_soma_location	BANC888	doi:10.1038/s41586-026-10735-w	BANC_v888 260702
VFB_00105ab9	BANC_888:720575941581614713	right side of organism	has_soma_location	BANC888	doi:10.1038/s41586-026-10735-w	BANC_v888 260702
VFB_00108jz9	BANC_888:720575941581616629	left side of organism	has_soma_location	BANC888	doi:10.1038/s41586-026-10735-w	BANC_v888 260702
VFB_00108jza	BANC_888:720575941581622773	left side of organism	has_soma_location	BANC888	doi:10.1038/s41586-026-10735-w	BANC_v888 260702
VFB_00108jzb	BANC_888:720575941581624697	left side of organism	has_soma_location	BANC888	doi:10.1038/s41586-026-10735-w	BANC_v888 260702
VFB_00108jzc	BANC_888:720575941581626613	left side of organism	has_soma_location	BANC888	doi:10.1038/s41586-026-10735-w	BANC_v888 260702
VFB_00108jzd	BANC_888:720575941581627637	left side of organism	has_soma_location	BANC888	doi:10.1038/s41586-026-10735-w	BANC_v888 260702
VFB_00105abc	BANC_888:720575941581632121	right side of organism	has_soma_location	BANC888	doi:10.1038/s41586-026-10735-w	BANC_v888 260702
VFB_00108jze	BANC_888:720575941581637109	left side of organism	has_soma_location	BANC888	doi:10.1038/s41586-026-10735-w	BANC_v888 260702
VFB_00105abd	BANC_888:720575941581637215	right side of organism	has_soma_location	BANC888	doi:10.1038/s41586-026-10735-w	BANC_v888 260702
VFB_00108jzf	BANC_888:720575941581638133	left side of organism	has_soma_location	BANC888	doi:10.1038/s41586-026-10735-w	BANC_v888 260702
VFB_00108jzg	BANC_888:720575941581639157	left side of organism	has_soma_location	BANC888	doi:10.1038/s41586-026-10735-w	BANC_v888 260702
VFB_00108jzh	BANC_888:720575941581639925	left side of organism	has_soma_location	BANC888	doi:10.1038/s41586-026-10735-w	BANC_v888 260702
VFB_00105abe	BANC_888:720575941581640569	right side of organism	has_soma_location	BANC888	doi:10.1038/s41586-026-10735-w	BANC_v888 260702
VFB_00105abf	BANC_888:720575941581641311	right side of organism	has_soma_location	BANC888	doi:10.1038/s41586-026-10735-w	BANC_v888 260702
VFB_00108jzi	BANC_888:720575941581642741	left side of organism	has_soma_location	BANC888	doi:10.1038/s41586-026-10735-w	BANC_v888 260702
VFB_00108jzj	BANC_888:720575941581643509	left side of organism	has_soma_location	BANC888	doi:10.1038/s41586-026-10735-w	BANC_v888 260702
VFB_00105abg	BANC_888:720575941581644409	right side of organism	has_soma_location	BANC888	doi:10.1038/s41586-026-10735-w	BANC_v888 260702
VFB_00108jzk	BANC_888:720575941581645557	left side of organism	has_soma_location	BANC888	doi:10.1038/s41586-026-10735-w	BANC_v888 260702
VFB_00105abh	BANC_888:720575941581648479	left side of organism	has_soma_location	BANC888	doi:10.1038/s41586-026-10735-w	BANC_v888 260702
VFB_00105abi	BANC_888:720575941581648761	left side of organism	has_soma_location	BANC888	doi:10.1038/s41586-026-10735-w	BANC_v888 260702
VFB_00108jzl	BANC_888:720575941581648885	left side of organism	has_soma_location	BANC888	doi:10.1038/s41586-026-10735-w	BANC_v888 260702
VFB_00108jzm	BANC_888:720575941581649653	left side of organism	has_soma_location	BANC888	doi:10.1038/s41586-026-10735-w	BANC_v888 260702
VFB_00108jzn	BANC_888:720575941581650933	right side of organism	has_soma_location	BANC888	doi:10.1038/s41586-026-10735-w	BANC_v888 260702
VFB_00108jzo	BANC_888:720575941581651701	right side of organism	has_soma_location	BANC888	doi:10.1038/s41586-026-10735-w	BANC_v888 260702
VFB_00108jzp	BANC_888:720575941581652089	left side of organism	has_soma_location	BANC888	doi:10.1038/s41586-026-10735-w	BANC_v888 260702
VFB_00105abj	BANC_888:720575941581653113	left side of organism	has_soma_location	BANC888	doi:10.1038/s41586-026-10735-w	BANC_v888 260702
VFB_00108jzq	BANC_888:720575941581653237	left side of organism	has_soma_location	BANC888	doi:10.1038/s41586-026-10735-w	BANC_v888 260702
VFB_00108jzr	BANC_888:720575941581656821	right side of organism	has_soma_location	BANC888	doi:10.1038/s41586-026-10735-w	BANC_v888 260702
VFB_00108jzs	BANC_888:720575941581657077	right side of organism	has_soma_location	BANC888	doi:10.1038/s41586-026-10735-w	BANC_v888 260702
VFB_00108jzt	BANC_888:720575941581657695	left side of organism	has_soma_location	BANC888	doi:10.1038/s41586-026-10735-w	BANC_v888 260702
VFB_00108jzu	BANC_888:720575941581657845	right side of organism	has_soma_location	BANC888	doi:10.1038/s41586-026-10735-w	BANC_v888 260702
VFB_00105abk	BANC_888:720575941581658745	left side of organism	has_soma_location	BANC888	doi:10.1038/s41586-026-10735-w	BANC_v888 260702
VFB_00108jzv	BANC_888:720575941581661429	right side of organism	has_soma_location	BANC888	doi:10.1038/s41586-026-10735-w	BANC_v888 260702
VFB_00105abl	BANC_888:720575941581661535	right side of organism	has_soma_location	BANC888	doi:10.1038/s41586-026-10735-w	BANC_v888 260702
VFB_00105abm	BANC_888:720575941581663865	right side of organism	has_soma_location	BANC888	doi:10.1038/s41586-026-10735-w	BANC_v888 260702
VFB_00108jzw	BANC_888:720575941581666169	left side of organism	has_soma_location	BANC888	doi:10.1038/s41586-026-10735-w	BANC_v888 260702
VFB_00105abn	BANC_888:720575941581666655	right side of organism	has_soma_location	BANC888	doi:10.1038/s41586-026-10735-w	BANC_v888 260702
VFB_00108jzx	BANC_888:720575941581667061	right side of organism	has_soma_location	BANC888	doi:10.1038/s41586-026-10735-w	BANC_v888 260702
VFB_00105abp	BANC_888:720575941581672313	right side of organism	has_soma_location	BANC888	doi:10.1038/s41586-026-10735-w	BANC_v888 260702
VFB_00108jzy	BANC_888:720575941581672437	right side of organism	has_soma_location	BANC888	doi:10.1038/s41586-026-10735-w	BANC_v888 260702
VFB_00105abq	BANC_888:720575941581672569	right side of organism	has_soma_location	BANC888	doi:10.1038/s41586-026-10735-w	BANC_v888 260702
VFB_00105abr	BANC_888:720575941581673337	left side of organism	has_soma_location	BANC888	doi:10.1038/s41586-026-10735-w	BANC_v888 260702
VFB_00108jzz	BANC_888:720575941581676533	right side of organism	has_soma_location	BANC888	doi:10.1038/s41586-026-10735-w	BANC_v888 260702
VFB_00108k00	BANC_888:720575941581677557	right side of organism	has_soma_location	BANC888	doi:10.1038/s41586-026-10735-w	BANC_v888 260702
VFB_00108k01	BANC_888:720575941581678069	right side of organism	has_soma_location	BANC888	doi:10.1038/s41586-026-10735-w	BANC_v888 260702
VFB_00105abs	BANC_888:720575941581678175	right side of organism	has_soma_location	BANC888	doi:10.1038/s41586-026-10735-w	BANC_v888 260702
VFB_00105abt	BANC_888:720575941581678713	left side of organism	has_soma_location	BANC888	doi:10.1038/s41586-026-10735-w	BANC_v888 260702
VFB_00108k02	BANC_888:720575941581681653	right side of organism	has_soma_location	BANC888	doi:10.1038/s41586-026-10735-w	BANC_v888 260702
VFB_00105abu	BANC_888:720575941581682015	left side of organism	has_soma_location	BANC888	doi:10.1038/s41586-026-10735-w	BANC_v888 260702
VFB_00105abw	BANC_888:720575941581683039	left side of organism	has_soma_location	BANC888	doi:10.1038/s41586-026-10735-w	BANC_v888 260702
VFB_00105abx	BANC_888:720575941581684601	right side of organism	has_soma_location	BANC888	doi:10.1038/s41586-026-10735-w	BANC_v888 260702
VFB_00108k03	BANC_888:720575941581684725	right side of organism	has_soma_location	BANC888	doi:10.1038/s41586-026-10735-w	BANC_v888 260702
VFB_00105abz	BANC_888:720575941581685113	left side of organism	has_soma_location	BANC888	doi:10.1038/s41586-026-10735-w	BANC_v888 260702
VFB_00105ac0	BANC_888:720575941581685369	right side of organism	has_soma_location	BANC888	doi:10.1038/s41586-026-10735-w	BANC_v888 260702
VFB_00108k04	BANC_888:720575941581690357	right side of organism	has_soma_location	BANC888	doi:10.1038/s41586-026-10735-w	BANC_v888 260702
VFB_00108k05	BANC_888:720575941581691125	right side of organism	has_soma_location	BANC888	doi:10.1038/s41586-026-10735-w	BANC_v888 260702
VFB_00108k06	BANC_888:720575941581691257	left side of organism	has_soma_location	BANC888	doi:10.1038/s41586-026-10735-w	BANC_v888 260702
VFB_00108k07	BANC_888:720575941581708665	left side of organism	has_soma_location	BANC888	doi:10.1038/s41586-026-10735-w	BANC_v888 260702
VFB_00105ac1	BANC_888:720575941581710713	right side of organism	has_soma_location	BANC888	doi:10.1038/s41586-026-10735-w	BANC_v888 260702
VFB_00108k08	BANC_888:720575941581716601	right side of organism	has_soma_location	BANC888	doi:10.1038/s41586-026-10735-w	BANC_v888 260702
VFB_00105ac2	BANC_888:720575941581719903	right side of organism	has_soma_location	BANC888	doi:10.1038/s41586-026-10735-w	BANC_v888 260702
VFB_00105ac3	BANC_888:720575941581720159	right side of organism	has_soma_location	BANC888	doi:10.1038/s41586-026-10735-w	BANC_v888 260702
VFB_00105ac4	BANC_888:720575941581721977	right side of organism	has_soma_location	BANC888	doi:10.1038/s41586-026-10735-w	BANC_v888 260702
VFB_00105ac5	BANC_888:720575941581724025	right side of organism	has_soma_location	BANC888	doi:10.1038/s41586-026-10735-w	BANC_v888 260702
VFB_00108k09	BANC_888:720575941581724281	left side of organism	has_soma_location	BANC888	doi:10.1038/s41586-026-10735-w	BANC_v888 260702
VFB_00105ac6	BANC_888:720575941581724793	right side of organism	has_soma_location	BANC888	doi:10.1038/s41586-026-10735-w	BANC_v888 260702
VFB_00105ac7	BANC_888:720575941581725305	left side of organism	has_soma_location	BANC888	doi:10.1038/s41586-026-10735-w	BANC_v888 260702
VFB_00105ac8	BANC_888:720575941581725817	right side of organism	has_soma_location	BANC888	doi:10.1038/s41586-026-10735-w	BANC_v888 260702
VFB_00105ac9	BANC_888:720575941581738847	right side of organism	has_soma_location	BANC888	doi:10.1038/s41586-026-10735-w	BANC_v888 260702
VFB_00105aca	BANC_888:720575941581739615	right side of organism	has_soma_location	BANC888	doi:10.1038/s41586-026-10735-w	BANC_v888 260702
VFB_00108k0a	BANC_888:720575941581742457	right side of organism	has_soma_location	BANC888	doi:10.1038/s41586-026-10735-w	BANC_v888 260702
VFB_00105acb	BANC_888:720575941581747295	right side of organism	has_soma_location	BANC888	doi:10.1038/s41586-026-10735-w	BANC_v888 260702
VFB_00105acd	BANC_888:720575941581748857	left side of organism	has_soma_location	BANC888	doi:10.1038/s41586-026-10735-w	BANC_v888 260702
VFB_00105ace	BANC_888:720575941581749369	left side of organism	has_soma_location	BANC888	doi:10.1038/s41586-026-10735-w	BANC_v888 260702
VFB_00105acf	BANC_888:720575941581752441	right side of organism	has_soma_location	BANC888	doi:10.1038/s41586-026-10735-w	BANC_v888 260702
VFB_00105acg	BANC_888:720575941581754719	right side of organism	has_soma_location	BANC888	doi:10.1038/s41586-026-10735-w	BANC_v888 260702
VFB_00105ach	BANC_888:720575941581763167	right side of organism	has_soma_location	BANC888	doi:10.1038/s41586-026-10735-w	BANC_v888 260702
VFB_00105acl	BANC_888:720575941581772153	right side of organism	has_soma_location	BANC888	doi:10.1038/s41586-026-10735-w	BANC_v888 260702
VFB_00105acm	BANC_888:720575941581776249	right side of organism	has_soma_location	BANC888	doi:10.1038/s41586-026-10735-w	BANC_v888 260702
VFB_00105aco	BANC_888:720575941581801567	right side of organism	has_soma_location	BANC888	doi:10.1038/s41586-026-10735-w	BANC_v888 260702
VFB_00108k0b	BANC_888:720575941581801849	right side of organism	has_soma_location	BANC888	doi:10.1038/s41586-026-10735-w	BANC_v888 260702
VFB_00105acp	BANC_888:720575941581804383	right side of organism	has_soma_location	BANC888	doi:10.1038/s41586-026-10735-w	BANC_v888 260702
VFB_00108k0c	BANC_888:720575941581804409	left side of organism	has_soma_location	BANC888	doi:10.1038/s41586-026-10735-w	BANC_v888 260702
VFB_00108k0d	BANC_888:720575941581805945	left side of organism	has_soma_location	BANC888	doi:10.1038/s41586-026-10735-w	BANC_v888 260702
VFB_00105acq	BANC_888:720575941581807225	right side of organism	has_soma_location	BANC888	doi:10.1038/s41586-026-10735-w	BANC_v888 260702
VFB_00105acr	BANC_888:720575941581814137	left side of organism	has_soma_location	BANC888	doi:10.1038/s41586-026-10735-w	BANC_v888 260702
VFB_00105acs	BANC_888:720575941581815417	right side of organism	has_soma_location	BANC888	doi:10.1038/s41586-026-10735-w	BANC_v888 260702
VFB_00105act	BANC_888:720575941581820537	left side of organism	has_soma_location	BANC888	doi:10.1038/s41586-026-10735-w	BANC_v888 260702
VFB_00105acv	BANC_888:720575941581829241	right side of organism	has_soma_location	BANC888	doi:10.1038/s41586-026-10735-w	BANC_v888 260702
VFB_00108k0e	BANC_888:720575941581831801	left side of organism	has_soma_location	BANC888	doi:10.1038/s41586-026-10735-w	BANC_v888 260702
VFB_00108k0f	BANC_888:720575941581845369	right side of organism	has_soma_location	BANC888	doi:10.1038/s41586-026-10735-w	BANC_v888 260702
VFB_00105acw	BANC_888:720575941581847929	right side of organism	has_soma_location	BANC888	doi:10.1038/s41586-026-10735-w	BANC_v888 260702
VFB_00105acx	BANC_888:720575941581855865	left side of organism	has_soma_location	BANC888	doi:10.1038/s41586-026-10735-w	BANC_v888 260702
VFB_00105acy	BANC_888:720575941581860729	left side of organism	has_soma_location	BANC888	doi:10.1038/s41586-026-10735-w	BANC_v888 260702
VFB_00108k0g	BANC_888:720575941581862009	right side of organism	has_soma_location	BANC888	doi:10.1038/s41586-026-10735-w	BANC_v888 260702
VFB_00105acz	BANC_888:720575941581864057	left side of organism	has_soma_location	BANC888	doi:10.1038/s41586-026-10735-w	BANC_v888 260702
VFB_00105ad0	BANC_888:720575941581870457	left side of organism	has_soma_location	BANC888	doi:10.1038/s41586-026-10735-w	BANC_v888 260702
VFB_00108k0h	BANC_888:720575941581870969	left side of organism	has_soma_location	BANC888	doi:10.1038/s41586-026-10735-w	BANC_v888 260702
VFB_00105ad1	BANC_888:720575941581872249	left side of organism	has_soma_location	BANC888	doi:10.1038/s41586-026-10735-w	BANC_v888 260702
VFB_00105ad2	BANC_888:720575941581873785	left side of organism	has_soma_location	BANC888	doi:10.1038/s41586-026-10735-w	BANC_v888 260702
VFB_00108k0i	BANC_888:720575941581877113	right side of organism	has_soma_location	BANC888	doi:10.1038/s41586-026-10735-w	BANC_v888 260702
VFB_00105ad3	BANC_888:720575941581880441	left side of organism	has_soma_location	BANC888	doi:10.1038/s41586-026-10735-w	BANC_v888 260702
VFB_00105ad4	BANC_888:720575941581881465	left side of organism	has_soma_location	BANC888	doi:10.1038/s41586-026-10735-w	BANC_v888 260702
VFB_00105ad5	BANC_888:720575941581885305	right side of organism	has_soma_location	BANC888	doi:10.1038/s41586-026-10735-w	BANC_v888 260702
VFB_00105ad6	BANC_888:720575941581891449	left side of organism	has_soma_location	BANC888	doi:10.1038/s41586-026-10735-w	BANC_v888 260702
VFB_00105ad7	BANC_888:720575941581894265	left side of organism	has_soma_location	BANC888	doi:10.1038/s41586-026-10735-w	BANC_v888 260702
VFB_00105ad8	BANC_888:720575941581895801	left side of organism	has_soma_location	BANC888	doi:10.1038/s41586-026-10735-w	BANC_v888 260702
VFB_00108k0j	BANC_888:720575941581896057	left side of organism	has_soma_location	BANC888	doi:10.1038/s41586-026-10735-w	BANC_v888 260702
VFB_00105ad9	BANC_888:720575941581896569	left side of organism	has_soma_location	BANC888	doi:10.1038/s41586-026-10735-w	BANC_v888 260702
VFB_00108k0k	BANC_888:720575941581902201	left side of organism	has_soma_location	BANC888	doi:10.1038/s41586-026-10735-w	BANC_v888 260702
VFB_00108k0l	BANC_888:720575941581903225	left side of organism	has_soma_location	BANC888	doi:10.1038/s41586-026-10735-w	BANC_v888 260702
VFB_00108k0m	BANC_888:720575941581906041	left side of organism	has_soma_location	BANC888	doi:10.1038/s41586-026-10735-w	BANC_v888 260702
VFB_00108k0n	BANC_888:720575941581933177	left side of organism	has_soma_location	BANC888	doi:10.1038/s41586-026-10735-w	BANC_v888 260702
VFB_00108k0o	BANC_888:720575941581948793	left side of organism	has_soma_location	BANC888	doi:10.1038/s41586-026-10735-w	BANC_v888 260702
VFB_00108k0p	BANC_888:720575941581968341	right side of organism	has_soma_location	BANC888	doi:10.1038/s41586-026-10735-w	BANC_v888 260702
VFB_00108k0q	BANC_888:720575941581977209	left side of organism	has_soma_location	BANC888	doi:10.1038/s41586-026-10735-w	BANC_v888 260702
VFB_00105ade	BANC_888:720575941581980793	right side of organism	has_soma_location	BANC888	doi:10.1038/s41586-026-10735-w	BANC_v888 260702
VFB_00105adg	BANC_888:720575941581991263	right side of organism	has_soma_location	BANC888	doi:10.1038/s41586-026-10735-w	BANC_v888 260702
VFB_00108k0r	BANC_888:720575941581994335	right side of organism	has_soma_location	BANC888	doi:10.1038/s41586-026-10735-w	BANC_v888 260702
VFB_00105adh	BANC_888:720575941582002553	left side of organism	has_soma_location	BANC888	doi:10.1038/s41586-026-10735-w	BANC_v888 260702
VFB_00108k0s	BANC_888:720575941582005461	right side of organism	has_soma_location	BANC888	doi:10.1038/s41586-026-10735-w	BANC_v888 260702
VFB_00108k0t	BANC_888:720575941582013305	left side of organism	has_soma_location	BANC888	doi:10.1038/s41586-026-10735-w	BANC_v888 260702
VFB_00108k0u	BANC_888:720575941582014329	left side of organism	has_soma_location	BANC888	doi:10.1038/s41586-026-10735-w	BANC_v888 260702
VFB_00108k0v	BANC_888:720575941582019961	left side of organism	has_soma_location	BANC888	doi:10.1038/s41586-026-10735-w	BANC_v888 260702
VFB_00108k0w	BANC_888:720575941582020985	left side of organism	has_soma_location	BANC888	doi:10.1038/s41586-026-10735-w	BANC_v888 260702
VFB_00108k0x	BANC_888:720575941582029177	left side of organism	has_soma_location	BANC888	doi:10.1038/s41586-026-10735-w	BANC_v888 260702
VFB_00105adi	BANC_888:720575941582029689	right side of organism	has_soma_location	BANC888	doi:10.1038/s41586-026-10735-w	BANC_v888 260702
VFB_00108k0y	BANC_888:720575941582034133	right side of organism	has_soma_location	BANC888	doi:10.1038/s41586-026-10735-w	BANC_v888 260702
VFB_00108k0z	BANC_888:720575941582044537	left side of organism	has_soma_location	BANC888	doi:10.1038/s41586-026-10735-w	BANC_v888 260702
VFB_00105adj	BANC_888:720575941582046073	left side of organism	has_soma_location	BANC888	doi:10.1038/s41586-026-10735-w	BANC_v888 260702
VFB_00105adk	BANC_888:720575941582047865	left side of organism	has_soma_location	BANC888	doi:10.1038/s41586-026-10735-w	BANC_v888 260702
VFB_00108k10	BANC_888:720575941582049913	left side of organism	has_soma_location	BANC888	doi:10.1038/s41586-026-10735-w	BANC_v888 260702
VFB_00105adl	BANC_888:720575941582051679	left side of organism	has_soma_location	BANC888	doi:10.1038/s41586-026-10735-w	BANC_v888 260702
VFB_00105adm	BANC_888:720575941582057849	left side of organism	has_soma_location	BANC888	doi:10.1038/s41586-026-10735-w	BANC_v888 260702
VFB_00105ado	BANC_888:720575941582076025	left side of organism	has_soma_location	BANC888	doi:10.1038/s41586-026-10735-w	BANC_v888 260702
VFB_00105adq	BANC_888:720575941582082911	right side of organism	has_soma_location	BANC888	doi:10.1038/s41586-026-10735-w	BANC_v888 260702
VFB_00105adr	BANC_888:720575941582097247	right side of organism	has_soma_location	BANC888	doi:10.1038/s41586-026-10735-w	BANC_v888 260702
VFB_00108k11	BANC_888:720575941582116729	left side of organism	has_soma_location	BANC888	doi:10.1038/s41586-026-10735-w	BANC_v888 260702
VFB_00108k12	BANC_888:720575941582117753	left side of organism	has_soma_location	BANC888	doi:10.1038/s41586-026-10735-w	BANC_v888 260702
VFB_00108k13	BANC_888:720575941582130041	left side of organism	has_soma_location	BANC888	doi:10.1038/s41586-026-10735-w	BANC_v888 260702
VFB_00105ads	BANC_888:720575941582135903	left side of organism	has_soma_location	BANC888	doi:10.1038/s41586-026-10735-w	BANC_v888 260702
VFB_00108k14	BANC_888:720575941582141817	left side of organism	has_soma_location	BANC888	doi:10.1038/s41586-026-10735-w	BANC_v888 260702
VFB_00108k15	BANC_888:720575941582148473	left side of organism	has_soma_location	BANC888	doi:10.1038/s41586-026-10735-w	BANC_v888 260702
VFB_00108k16	BANC_888:720575941582174329	left side of organism	has_soma_location	BANC888	doi:10.1038/s41586-026-10735-w	BANC_v888 260702
VFB_00108k17	BANC_888:720575941582174841	left side of organism	has_soma_location	BANC888	doi:10.1038/s41586-026-10735-w	BANC_v888 260702
VFB_00105adt	BANC_888:720575941582183263	left side of organism	has_soma_location	BANC888	doi:10.1038/s41586-026-10735-w	BANC_v888 260702
VFB_00108k18	BANC_888:720575941582187897	left side of organism	has_soma_location	BANC888	doi:10.1038/s41586-026-10735-w	BANC_v888 260702
VFB_00108k19	BANC_888:720575941582188409	left side of organism	has_soma_location	BANC888	doi:10.1038/s41586-026-10735-w	BANC_v888 260702
VFB_00108k1a	BANC_888:720575941582193017	left side of organism	has_soma_location	BANC888	doi:10.1038/s41586-026-10735-w	BANC_v888 260702
VFB_00108k1b	BANC_888:720575941582209913	left side of organism	has_soma_location	BANC888	doi:10.1038/s41586-026-10735-w	BANC_v888 260702
VFB_00108k1c	BANC_888:720575941582215033	left side of organism	has_soma_location	BANC888	doi:10.1038/s41586-026-10735-w	BANC_v888 260702
VFB_00105adu	BANC_888:720575941582233695	left side of organism	has_soma_location	BANC888	doi:10.1038/s41586-026-10735-w	BANC_v888 260702
VFB_00108k1d	BANC_888:720575941582238073	left side of organism	has_soma_location	BANC888	doi:10.1038/s41586-026-10735-w	BANC_v888 260702
VFB_00108k1e	BANC_888:720575941582263161	right side of organism	has_soma_location	BANC888	doi:10.1038/s41586-026-10735-w	BANC_v888 260702
VFB_00108k1f	BANC_888:720575941582268025	right side of organism	has_soma_location	BANC888	doi:10.1038/s41586-026-10735-w	BANC_v888 260702
VFB_00105adv	BANC_888:720575941582278265	left side of organism	has_soma_location	BANC888	doi:10.1038/s41586-026-10735-w	BANC_v888 260702
VFB_00105adw	BANC_888:720575941582278777	left side of organism	has_soma_location	BANC888	doi:10.1038/s41586-026-10735-w	BANC_v888 260702
VFB_00105adx	BANC_888:720575941582282873	right side of organism	has_soma_location	BANC888	doi:10.1038/s41586-026-10735-w	BANC_v888 260702
VFB_00108k1g	BANC_888:720575941582284153	right side of organism	has_soma_location	BANC888	doi:10.1038/s41586-026-10735-w	BANC_v888 260702
VFB_00108k1h	BANC_888:720575941582286457	right side of organism	has_soma_location	BANC888	doi:10.1038/s41586-026-10735-w	BANC_v888 260702
VFB_00108k1i	BANC_888:720575941582287481	right side of organism	has_soma_location	BANC888	doi:10.1038/s41586-026-10735-w	BANC_v888 260702
VFB_00105adz	BANC_888:720575941582296697	right side of organism	has_soma_location	BANC888	doi:10.1038/s41586-026-10735-w	BANC_v888 260702
VFB_00108k1j	BANC_888:720575941582297695	right side of organism	has_soma_location	BANC888	doi:10.1038/s41586-026-10735-w	BANC_v888 260702
VFB_00108k1k	BANC_888:720575941582298233	right side of organism	has_soma_location	BANC888	doi:10.1038/s41586-026-10735-w	BANC_v888 260702
VFB_00105ae0	BANC_888:720575941582313337	right side of organism	has_soma_location	BANC888	doi:10.1038/s41586-026-10735-w	BANC_v888 260702
VFB_00105ae1	BANC_888:720575941582317177	right side of organism	has_soma_location	BANC888	doi:10.1038/s41586-026-10735-w	BANC_v888 260702
VFB_00108k1l	BANC_888:720575941582319481	right side of organism	has_soma_location	BANC888	doi:10.1038/s41586-026-10735-w	BANC_v888 260702
VFB_00108k1m	BANC_888:720575941582329209	right side of organism	has_soma_location	BANC888	doi:10.1038/s41586-026-10735-w	BANC_v888 260702
VFB_00108k1n	BANC_888:720575941582342777	right side of organism	has_soma_location	BANC888	doi:10.1038/s41586-026-10735-w	BANC_v888 260702
VFB_00108k1o	BANC_888:720575941582347641	right side of organism	has_soma_location	BANC888	doi:10.1038/s41586-026-10735-w	BANC_v888 260702
VFB_00108k1p	BANC_888:720575941582349177	right side of organism	has_soma_location	BANC888	doi:10.1038/s41586-026-10735-w	BANC_v888 260702
VFB_00108k1q	BANC_888:720575941582361977	right side of organism	has_soma_location	BANC888	doi:10.1038/s41586-026-10735-w	BANC_v888 260702
VFB_00108k1r	BANC_888:720575941582371705	right side of organism	has_soma_location	BANC888	doi:10.1038/s41586-026-10735-w	BANC_v888 260702
VFB_00108k1s	BANC_888:720575941582383737	right side of organism	has_soma_location	BANC888	doi:10.1038/s41586-026-10735-w	BANC_v888 260702
VFB_00108k1t	BANC_888:720575941582384761	right side of organism	has_soma_location	BANC888	doi:10.1038/s41586-026-10735-w	BANC_v888 260702
VFB_00105ae3	BANC_888:720575941582390367	right side of organism	has_soma_location	BANC888	doi:10.1038/s41586-026-10735-w	BANC_v888 260702
VFB_00108k1u	BANC_888:720575941582392697	right side of organism	has_soma_location	BANC888	doi:10.1038/s41586-026-10735-w	BANC_v888 260702
VFB_00105ae5	BANC_888:720575941582403935	right side of organism	has_soma_location	BANC888	doi:10.1038/s41586-026-10735-w	BANC_v888 260702
VFB_00105ae6	BANC_888:720575941582408543	right side of organism	has_soma_location	BANC888	doi:10.1038/s41586-026-10735-w	BANC_v888 260702
VFB_00108k1v	BANC_888:720575941582410591	right side of organism	has_soma_location	BANC888	doi:10.1038/s41586-026-10735-w	BANC_v888 260702
VFB_00108k1w	BANC_888:720575941582413945	right side of organism	has_soma_location	BANC888	doi:10.1038/s41586-026-10735-w	BANC_v888 260702
VFB_00105ae7	BANC_888:720575941582419295	right side of organism	has_soma_location	BANC888	doi:10.1038/s41586-026-10735-w	BANC_v888 260702
VFB_00108k1x	BANC_888:720575941582421246	left side of organism	has_soma_location	BANC888	doi:10.1038/s41586-026-10735-w	BANC_v888 260702
VFB_00108k1y	BANC_888:720575941582421369	left side of organism	has_soma_location	BANC888	doi:10.1038/s41586-026-10735-w	BANC_v888 260702
VFB_00108k1z	BANC_888:720575941582421881	right side of organism	has_soma_location	BANC888	doi:10.1038/s41586-026-10735-w	BANC_v888 260702
VFB_00108k20	BANC_888:720575941582425209	right side of organism	has_soma_location	BANC888	doi:10.1038/s41586-026-10735-w	BANC_v888 260702
VFB_00105ae8	BANC_888:720575941582431839	right side of organism	has_soma_location	BANC888	doi:10.1038/s41586-026-10735-w	BANC_v888 260702
VFB_00108k21	BANC_888:720575941582438265	right side of organism	has_soma_location	BANC888	doi:10.1038/s41586-026-10735-w	BANC_v888 260702
VFB_00108k22	BANC_888:720575941582441593	left side of organism	has_soma_location	BANC888	doi:10.1038/s41586-026-10735-w	BANC_v888 260702
VFB_00108k23	BANC_888:720575941582446431	right side of organism	has_soma_location	BANC888	doi:10.1038/s41586-026-10735-w	BANC_v888 260702
VFB_00105ae9	BANC_888:720575941582456415	right side of organism	has_soma_location	BANC888	doi:10.1038/s41586-026-10735-w	BANC_v888 260702
VFB_00105aea	BANC_888:720575941582464095	right side of organism	has_soma_location	BANC888	doi:10.1038/s41586-026-10735-w	BANC_v888 260702
VFB_00105aec	BANC_888:720575941582475871	right side of organism	has_soma_location	BANC888	doi:10.1038/s41586-026-10735-w	BANC_v888 260702
VFB_00108k24	BANC_888:720575941582476409	right side of organism	has_soma_location	BANC888	doi:10.1038/s41586-026-10735-w	BANC_v888 260702
VFB_00105aee	BANC_888:720575941582492255	right side of organism	has_soma_location	BANC888	doi:10.1038/s41586-026-10735-w	BANC_v888 260702
VFB_00105aei	BANC_888:720575941582520927	right side of organism	has_soma_location	BANC888	doi:10.1038/s41586-026-10735-w	BANC_v888 260702
VFB_00108k25	BANC_888:720575941582535033	right side of organism	has_soma_location	BANC888	doi:10.1038/s41586-026-10735-w	BANC_v888 260702
VFB_00108k26	BANC_888:720575941582539897	left side of organism	has_soma_location	BANC888	doi:10.1038/s41586-026-10735-w	BANC_v888 260702
VFB_00105aek	BANC_888:720575941582539909	left side of organism	has_soma_location	BANC888	doi:10.1038/s41586-026-10735-w	BANC_v888 260702
VFB_00105ael	BANC_888:720575941582551391	right side of organism	has_soma_location	BANC888	doi:10.1038/s41586-026-10735-w	BANC_v888 260702
VFB_00105aen	BANC_888:720575941582565215	right side of organism	has_soma_location	BANC888	doi:10.1038/s41586-026-10735-w	BANC_v888 260702
VFB_00108k27	BANC_888:720575941582567801	right side of organism	has_soma_location	BANC888	doi:10.1038/s41586-026-10735-w	BANC_v888 260702
VFB_00108k28	BANC_888:720575941582578041	left side of organism	has_soma_location	BANC888	doi:10.1038/s41586-026-10735-w	BANC_v888 260702
VFB_00105aeo	BANC_888:720575941582578527	right side of organism	has_soma_location	BANC888	doi:10.1038/s41586-026-10735-w	BANC_v888 260702
VFB_00108k29	BANC_888:720575941582588793	left side of organism	has_soma_location	BANC888	doi:10.1038/s41586-026-10735-w	BANC_v888 260702
VFB_00105aep	BANC_888:720575941582589535	right side of organism	has_soma_location	BANC888	doi:10.1038/s41586-026-10735-w	BANC_v888 260702
VFB_00108k2a	BANC_888:720575941582590841	left side of organism	has_soma_location	BANC888	doi:10.1038/s41586-026-10735-w	BANC_v888 260702
VFB_00108k2b	BANC_888:720575941582594425	left side of organism	has_soma_location	BANC888	doi:10.1038/s41586-026-10735-w	BANC_v888 260702
VFB_00108k2c	BANC_888:720575941582599775	right side of organism	has_soma_location	BANC888	doi:10.1038/s41586-026-10735-w	BANC_v888 260702
VFB_00108k2d	BANC_888:720575941582602105	left side of organism	has_soma_location	BANC888	doi:10.1038/s41586-026-10735-w	BANC_v888 260702
VFB_00105aeq	BANC_888:720575941582604383	right side of organism	has_soma_location	BANC888	doi:10.1038/s41586-026-10735-w	BANC_v888 260702
VFB_00105aer	BANC_888:720575941582608991	right side of organism	has_soma_location	BANC888	doi:10.1038/s41586-026-10735-w	BANC_v888 260702
VFB_00105aes	BANC_888:720575941582613855	right side of organism	has_soma_location	BANC888	doi:10.1038/s41586-026-10735-w	BANC_v888 260702
VFB_00108k2e	BANC_888:720575941582616441	left side of organism	has_soma_location	BANC888	doi:10.1038/s41586-026-10735-w	BANC_v888 260702
VFB_00108k2f	BANC_888:720575941582619257	right side of organism	has_soma_location	BANC888	doi:10.1038/s41586-026-10735-w	BANC_v888 260702
VFB_00108k2g	BANC_888:720575941582621561	right side of organism	has_soma_location	BANC888	doi:10.1038/s41586-026-10735-w	BANC_v888 260702
VFB_00108k2h	BANC_888:720575941582632825	right side of organism	has_soma_location	BANC888	doi:10.1038/s41586-026-10735-w	BANC_v888 260702
VFB_00108k2i	BANC_888:720575941582633849	right side of organism	has_soma_location	BANC888	doi:10.1038/s41586-026-10735-w	BANC_v888 260702
VFB_00108k2j	BANC_888:720575941582634105	right side of organism	has_soma_location	BANC888	doi:10.1038/s41586-026-10735-w	BANC_v888 260702
VFB_00108k2k	BANC_888:720575941582636665	right side of organism	has_soma_location	BANC888	doi:10.1038/s41586-026-10735-w	BANC_v888 260702
VFB_00108k2l	BANC_888:720575941582636921	right side of organism	has_soma_location	BANC888	doi:10.1038/s41586-026-10735-w	BANC_v888 260702
VFB_00105aet	BANC_888:720575941582638175	right side of organism	has_soma_location	BANC888	doi:10.1038/s41586-026-10735-w	BANC_v888 260702
VFB_00108k2m	BANC_888:720575941582643065	right side of organism	has_soma_location	BANC888	doi:10.1038/s41586-026-10735-w	BANC_v888 260702
VFB_00108k2n	BANC_888:720575941582648185	right side of organism	has_soma_location	BANC888	doi:10.1038/s41586-026-10735-w	BANC_v888 260702
VFB_00108k2o	BANC_888:720575941582651513	right side of organism	has_soma_location	BANC888	doi:10.1038/s41586-026-10735-w	BANC_v888 260702
VFB_00105aeu	BANC_888:720575941582655327	right side of organism	has_soma_location	BANC888	doi:10.1038/s41586-026-10735-w	BANC_v888 260702
VFB_00105aev	BANC_888:720575941582656607	right side of organism	has_soma_location	BANC888	doi:10.1038/s41586-026-10735-w	BANC_v888 260702
VFB_00108k2p	BANC_888:720575941582657401	left side of organism	has_soma_location	BANC888	doi:10.1038/s41586-026-10735-w	BANC_v888 260702
VFB_00108k2q	BANC_888:720575941582657657	right side of organism	has_soma_location	BANC888	doi:10.1038/s41586-026-10735-w	BANC_v888 260702
VFB_00108k2r	BANC_888:720575941582658169	right side of organism	has_soma_location	BANC888	doi:10.1038/s41586-026-10735-w	BANC_v888 260702
VFB_00108k2s	BANC_888:720575941582658425	left side of organism	has_soma_location	BANC888	doi:10.1038/s41586-026-10735-w	BANC_v888 260702
VFB_00105aew	BANC_888:720575941582662277	left side of organism	has_soma_location	BANC888	doi:10.1038/s41586-026-10735-w	BANC_v888 260702
VFB_00108k2t	BANC_888:720575941582662521	left side of organism	has_soma_location	BANC888	doi:10.1038/s41586-026-10735-w	BANC_v888 260702
VFB_00108k2u	BANC_888:720575941582662777	left side of organism	has_soma_location	BANC888	doi:10.1038/s41586-026-10735-w	BANC_v888 260702
VFB_00105aex	BANC_888:720575941582663519	right side of organism	has_soma_location	BANC888	doi:10.1038/s41586-026-10735-w	BANC_v888 260702
VFB_00105aey	BANC_888:720575941582669663	right side of organism	has_soma_location	BANC888	doi:10.1038/s41586-026-10735-w	BANC_v888 260702
VFB_00105aez	BANC_888:720575941582670687	right side of organism	has_soma_location	BANC888	doi:10.1038/s41586-026-10735-w	BANC_v888 260702
VFB_00108k2v	BANC_888:720575941582670713	left side of organism	has_soma_location	BANC888	doi:10.1038/s41586-026-10735-w	BANC_v888 260702
VFB_00105af0	BANC_888:720575941582671455	right side of organism	has_soma_location	BANC888	doi:10.1038/s41586-026-10735-w	BANC_v888 260702
VFB_00105af1	BANC_888:720575941582672735	right side of organism	has_soma_location	BANC888	doi:10.1038/s41586-026-10735-w	BANC_v888 260702
VFB_00108k2w	BANC_888:720575941582677113	left side of organism	has_soma_location	BANC888	doi:10.1038/s41586-026-10735-w	BANC_v888 260702
VFB_00105af2	BANC_888:720575941582683487	right side of organism	has_soma_location	BANC888	doi:10.1038/s41586-026-10735-w	BANC_v888 260702
VFB_00108k2x	BANC_888:720575941582683513	left side of organism	has_soma_location	BANC888	doi:10.1038/s41586-026-10735-w	BANC_v888 260702
VFB_00108k2y	BANC_888:720575941582686841	left side of organism	has_soma_location	BANC888	doi:10.1038/s41586-026-10735-w	BANC_v888 260702
VFB_00105af3	BANC_888:720575941582688901	left side of organism	has_soma_location	BANC888	doi:10.1038/s41586-026-10735-w	BANC_v888 260702
VFB_00105af4	BANC_888:720575941582694751	right side of organism	has_soma_location	BANC888	doi:10.1038/s41586-026-10735-w	BANC_v888 260702
VFB_00108k2z	BANC_888:720575941582695033	left side of organism	has_soma_location	BANC888	doi:10.1038/s41586-026-10735-w	BANC_v888 260702
VFB_00105af5	BANC_888:720575941582695301	left side of organism	has_soma_location	BANC888	doi:10.1038/s41586-026-10735-w	BANC_v888 260702
VFB_00105af7	BANC_888:720575941582696799	right side of organism	has_soma_location	BANC888	doi:10.1038/s41586-026-10735-w	BANC_v888 260702
VFB_00108k30	BANC_888:720575941582698361	left side of organism	has_soma_location	BANC888	doi:10.1038/s41586-026-10735-w	BANC_v888 260702
VFB_00105af8	BANC_888:720575941582702431	right side of organism	has_soma_location	BANC888	doi:10.1038/s41586-026-10735-w	BANC_v888 260702
VFB_00108k31	BANC_888:720575941582703993	left side of organism	has_soma_location	BANC888	doi:10.1038/s41586-026-10735-w	BANC_v888 260702
VFB_00108k32	BANC_888:720575941582705247	right side of organism	has_soma_location	BANC888	doi:10.1038/s41586-026-10735-w	BANC_v888 260702
VFB_00108k33	BANC_888:720575941582706297	left side of organism	has_soma_location	BANC888	doi:10.1038/s41586-026-10735-w	BANC_v888 260702
VFB_00105afa	BANC_888:720575941582710623	right side of organism	has_soma_location	BANC888	doi:10.1038/s41586-026-10735-w	BANC_v888 260702
VFB_00105afb	BANC_888:720575941582710879	right side of organism	has_soma_location	BANC888	doi:10.1038/s41586-026-10735-w	BANC_v888 260702
VFB_00108k34	BANC_888:720575941582711673	left side of organism	has_soma_location	BANC888	doi:10.1038/s41586-026-10735-w	BANC_v888 260702
VFB_00108k35	BANC_888:720575941582714745	right side of organism	has_soma_location	BANC888	doi:10.1038/s41586-026-10735-w	BANC_v888 260702
VFB_00105afc	BANC_888:720575941582717791	right side of organism	has_soma_location	BANC888	doi:10.1038/s41586-026-10735-w	BANC_v888 260702
VFB_00108k36	BANC_888:720575941582719097	left side of organism	has_soma_location	BANC888	doi:10.1038/s41586-026-10735-w	BANC_v888 260702
VFB_00108k37	BANC_888:720575941582719609	left side of organism	has_soma_location	BANC888	doi:10.1038/s41586-026-10735-w	BANC_v888 260702
VFB_00108k38	BANC_888:720575941582720889	right side of organism	has_soma_location	BANC888	doi:10.1038/s41586-026-10735-w	BANC_v888 260702
VFB_00108k39	BANC_888:720575941582724473	left side of organism	has_soma_location	BANC888	doi:10.1038/s41586-026-10735-w	BANC_v888 260702
VFB_00108k3a	BANC_888:720575941582725753	right side of organism	has_soma_location	BANC888	doi:10.1038/s41586-026-10735-w	BANC_v888 260702
VFB_00108k3b	BANC_888:720575941582726239	right side of organism	has_soma_location	BANC888	doi:10.1038/s41586-026-10735-w	BANC_v888 260702
VFB_00105afd	BANC_888:720575941582728031	right side of organism	has_soma_location	BANC888	doi:10.1038/s41586-026-10735-w	BANC_v888 260702
VFB_00108k3c	BANC_888:720575941582728057	left side of organism	has_soma_location	BANC888	doi:10.1038/s41586-026-10735-w	BANC_v888 260702
VFB_00108k3d	BANC_888:720575941582728569	right side of organism	has_soma_location	BANC888	doi:10.1038/s41586-026-10735-w	BANC_v888 260702
VFB_00105afe	BANC_888:720575941582729311	right side of organism	has_soma_location	BANC888	doi:10.1038/s41586-026-10735-w	BANC_v888 260702
VFB_00105aff	BANC_888:720575941582729567	right side of organism	has_soma_location	BANC888	doi:10.1038/s41586-026-10735-w	BANC_v888 260702
VFB_00105afg	BANC_888:720575941582730335	right side of organism	has_soma_location	BANC888	doi:10.1038/s41586-026-10735-w	BANC_v888 260702
VFB_00108k3e	BANC_888:720575941582732153	right side of organism	has_soma_location	BANC888	doi:10.1038/s41586-026-10735-w	BANC_v888 260702
VFB_00108k3f	BANC_888:720575941582737785	left side of organism	has_soma_location	BANC888	doi:10.1038/s41586-026-10735-w	BANC_v888 260702
VFB_00108k3g	BANC_888:720575941582739833	right side of organism	has_soma_location	BANC888	doi:10.1038/s41586-026-10735-w	BANC_v888 260702
VFB_00108k3h	BANC_888:720575941582741599	right side of organism	has_soma_location	BANC888	doi:10.1038/s41586-026-10735-w	BANC_v888 260702
VFB_00108k3i	BANC_888:720575941582741625	right side of organism	has_soma_location	BANC888	doi:10.1038/s41586-026-10735-w	BANC_v888 260702
VFB_00108k3j	BANC_888:720575941582742137	right side of organism	has_soma_location	BANC888	doi:10.1038/s41586-026-10735-w	BANC_v888 260702
VFB_00108k3k	BANC_888:720575941582742649	left side of organism	has_soma_location	BANC888	doi:10.1038/s41586-026-10735-w	BANC_v888 260702
VFB_00108k3l	BANC_888:720575941582744927	right side of organism	has_soma_location	BANC888	doi:10.1038/s41586-026-10735-w	BANC_v888 260702
VFB_00105afh	BANC_888:720575941582745183	right side of organism	has_soma_location	BANC888	doi:10.1038/s41586-026-10735-w	BANC_v888 260702
VFB_00108k3m	BANC_888:720575941582746233	right side of organism	has_soma_location	BANC888	doi:10.1038/s41586-026-10735-w	BANC_v888 260702
VFB_00108k3n	BANC_888:720575941582747257	left side of organism	has_soma_location	BANC888	doi:10.1038/s41586-026-10735-w	BANC_v888 260702
VFB_00108k3o	BANC_888:720575941582748793	left side of organism	has_soma_location	BANC888	doi:10.1038/s41586-026-10735-w	BANC_v888 260702
VFB_00105afi	BANC_888:720575941582749791	right side of organism	has_soma_location	BANC888	doi:10.1038/s41586-026-10735-w	BANC_v888 260702
VFB_00108k3p	BANC_888:720575941582749817	right side of organism	has_soma_location	BANC888	doi:10.1038/s41586-026-10735-w	BANC_v888 260702
VFB_00108k3q	BANC_888:720575941582756729	right side of organism	has_soma_location	BANC888	doi:10.1038/s41586-026-10735-w	BANC_v888 260702
VFB_00108k3r	BANC_888:720575941582761081	left side of organism	has_soma_location	BANC888	doi:10.1038/s41586-026-10735-w	BANC_v888 260702
VFB_00105afj	BANC_888:720575941582765407	right side of organism	has_soma_location	BANC888	doi:10.1038/s41586-026-10735-w	BANC_v888 260702
VFB_00108k3s	BANC_888:720575941582766201	left side of organism	has_soma_location	BANC888	doi:10.1038/s41586-026-10735-w	BANC_v888 260702
VFB_00108k3t	BANC_888:720575941582767737	left side of organism	has_soma_location	BANC888	doi:10.1038/s41586-026-10735-w	BANC_v888 260702
VFB_00105afk	BANC_888:720575941582767967	right side of organism	has_soma_location	BANC888	doi:10.1038/s41586-026-10735-w	BANC_v888 260702
VFB_00105afl	BANC_888:720575941582769247	right side of organism	has_soma_location	BANC888	doi:10.1038/s41586-026-10735-w	BANC_v888 260702
VFB_00105afm	BANC_888:720575941582770783	right side of organism	has_soma_location	BANC888	doi:10.1038/s41586-026-10735-w	BANC_v888 260702
VFB_00105afn	BANC_888:720575941582772063	right side of organism	has_soma_location	BANC888	doi:10.1038/s41586-026-10735-w	BANC_v888 260702
VFB_00108k3u	BANC_888:720575941582772089	left side of organism	has_soma_location	BANC888	doi:10.1038/s41586-026-10735-w	BANC_v888 260702
VFB_00108k3v	BANC_888:720575941582772601	left side of organism	has_soma_location	BANC888	doi:10.1038/s41586-026-10735-w	BANC_v888 260702
VFB_00105afo	BANC_888:720575941582776159	right side of organism	has_soma_location	BANC888	doi:10.1038/s41586-026-10735-w	BANC_v888 260702
VFB_00105afq	BANC_888:720575941582780255	right side of organism	has_soma_location	BANC888	doi:10.1038/s41586-026-10735-w	BANC_v888 260702
VFB_00108k3w	BANC_888:720575941582786911	right side of organism	has_soma_location	BANC888	doi:10.1038/s41586-026-10735-w	BANC_v888 260702
VFB_00105afr	BANC_888:720575941582788959	left side of organism	has_soma_location	BANC888	doi:10.1038/s41586-026-10735-w	BANC_v888 260702
VFB_00108k3x	BANC_888:720575941582799967	right side of organism	has_soma_location	BANC888	doi:10.1038/s41586-026-10735-w	BANC_v888 260702
VFB_00108k3y	BANC_888:720575941582806905	left side of organism	has_soma_location	BANC888	doi:10.1038/s41586-026-10735-w	BANC_v888 260702
VFB_00108k3z	BANC_888:720575941582807161	left side of organism	has_soma_location	BANC888	doi:10.1038/s41586-026-10735-w	BANC_v888 260702
VFB_00108k40	BANC_888:720575941582809977	right side of organism	has_soma_location	BANC888	doi:10.1038/s41586-026-10735-w	BANC_v888 260702
VFB_00108k41	BANC_888:720575941582814047	right side of organism	has_soma_location	BANC888	doi:10.1038/s41586-026-10735-w	BANC_v888 260702
VFB_00108k42	BANC_888:720575941582816121	left side of organism	has_soma_location	BANC888	doi:10.1038/s41586-026-10735-w	BANC_v888 260702
VFB_00108k43	BANC_888:720575941582830201	right side of organism	has_soma_location	BANC888	doi:10.1038/s41586-026-10735-w	BANC_v888 260702
VFB_00108k44	BANC_888:720575941582836601	left side of organism	has_soma_location	BANC888	doi:10.1038/s41586-026-10735-w	BANC_v888 260702
VFB_00105afv	BANC_888:720575941582843231	right side of organism	has_soma_location	BANC888	doi:10.1038/s41586-026-10735-w	BANC_v888 260702
VFB_00105afw	BANC_888:720575941582843999	right side of organism	has_soma_location	BANC888	doi:10.1038/s41586-026-10735-w	BANC_v888 260702
VFB_00108k45	BANC_888:720575941582845817	left side of organism	has_soma_location	BANC888	doi:10.1038/s41586-026-10735-w	BANC_v888 260702
VFB_00108k46	BANC_888:720575941582869881	left side of organism	has_soma_location	BANC888	doi:10.1038/s41586-026-10735-w	BANC_v888 260702
VFB_00108k47	BANC_888:720575941582875513	left side of organism	has_soma_location	BANC888	doi:10.1038/s41586-026-10735-w	BANC_v888 260702
VFB_00108k48	BANC_888:720575941582878329	left side of organism	has_soma_location	BANC888	doi:10.1038/s41586-026-10735-w	BANC_v888 260702
VFB_00108k49	BANC_888:720575941582881913	left side of organism	has_soma_location	BANC888	doi:10.1038/s41586-026-10735-w	BANC_v888 260702
VFB_00108k4a	BANC_888:720575941582890361	left side of organism	has_soma_location	BANC888	doi:10.1038/s41586-026-10735-w	BANC_v888 260702
VFB_00108k4b	BANC_888:720575941582891129	left side of organism	has_soma_location	BANC888	doi:10.1038/s41586-026-10735-w	BANC_v888 260702
VFB_00105afx	BANC_888:720575941582892127	right side of organism	has_soma_location	BANC888	doi:10.1038/s41586-026-10735-w	BANC_v888 260702
VFB_00108k4c	BANC_888:720575941582908281	left side of organism	has_soma_location	BANC888	doi:10.1038/s41586-026-10735-w	BANC_v888 260702
VFB_00108k4d	BANC_888:720575941582908511	right side of organism	has_soma_location	BANC888	doi:10.1038/s41586-026-10735-w	BANC_v888 260702
VFB_00108k4e	BANC_888:720575941582911097	left side of organism	has_soma_location	BANC888	doi:10.1038/s41586-026-10735-w	BANC_v888 260702
VFB_00108k4f	BANC_888:720575941582911865	left side of organism	has_soma_location	BANC888	doi:10.1038/s41586-026-10735-w	BANC_v888 260702
VFB_00108k4g	BANC_888:720575941582912889	left side of organism	has_soma_location	BANC888	doi:10.1038/s41586-026-10735-w	BANC_v888 260702
VFB_00108k4h	BANC_888:720575941582920569	left side of organism	has_soma_location	BANC888	doi:10.1038/s41586-026-10735-w	BANC_v888 260702
VFB_00108k4i	BANC_888:720575941582920825	left side of organism	has_soma_location	BANC888	doi:10.1038/s41586-026-10735-w	BANC_v888 260702
VFB_00108k4j	BANC_888:720575941582923897	left side of organism	has_soma_location	BANC888	doi:10.1038/s41586-026-10735-w	BANC_v888 260702
VFB_00108k4k	BANC_888:720575941582927481	left side of organism	has_soma_location	BANC888	doi:10.1038/s41586-026-10735-w	BANC_v888 260702
VFB_00108k4l	BANC_888:720575941582928479	right side of organism	has_soma_location	BANC888	doi:10.1038/s41586-026-10735-w	BANC_v888 260702
VFB_00108k4m	BANC_888:720575941582933113	left side of organism	has_soma_location	BANC888	doi:10.1038/s41586-026-10735-w	BANC_v888 260702
VFB_00108k4n	BANC_888:720575941582938489	right side of organism	has_soma_location	BANC888	doi:10.1038/s41586-026-10735-w	BANC_v888 260702
VFB_00108k4o	BANC_888:720575941582938745	left side of organism	has_soma_location	BANC888	doi:10.1038/s41586-026-10735-w	BANC_v888 260702
VFB_00108k4p	BANC_888:720575941582959481	left side of organism	has_soma_location	BANC888	doi:10.1038/s41586-026-10735-w	BANC_v888 260702
VFB_00108k4q	BANC_888:720575941582959993	right side of organism	has_soma_location	BANC888	doi:10.1038/s41586-026-10735-w	BANC_v888 260702
VFB_00108k4r	BANC_888:720575941582960761	left side of organism	has_soma_location	BANC888	doi:10.1038/s41586-026-10735-w	BANC_v888 260702
VFB_00108k4s	BANC_888:720575941582962297	left side of organism	has_soma_location	BANC888	doi:10.1038/s41586-026-10735-w	BANC_v888 260702
VFB_00108k4t	BANC_888:720575941582964345	left side of organism	has_soma_location	BANC888	doi:10.1038/s41586-026-10735-w	BANC_v888 260702
VFB_00108k4u	BANC_888:720575941582964601	left side of organism	has_soma_location	BANC888	doi:10.1038/s41586-026-10735-w	BANC_v888 260702
VFB_00108k4v	BANC_888:720575941582973561	right side of organism	has_soma_location	BANC888	doi:10.1038/s41586-026-10735-w	BANC_v888 260702
VFB_00108k4w	BANC_888:720575941582975097	right side of organism	has_soma_location	BANC888	doi:10.1038/s41586-026-10735-w	BANC_v888 260702
VFB_00105afz	BANC_888:720575941582981471	left side of organism	has_soma_location	BANC888	doi:10.1038/s41586-026-10735-w	BANC_v888 260702
VFB_00108k4x	BANC_888:720575941582983033	left side of organism	has_soma_location	BANC888	doi:10.1038/s41586-026-10735-w	BANC_v888 260702
VFB_00108k4y	BANC_888:720575941582983801	left side of organism	has_soma_location	BANC888	doi:10.1038/s41586-026-10735-w	BANC_v888 260702
VFB_00108k4z	BANC_888:720575941582988921	right side of organism	has_soma_location	BANC888	doi:10.1038/s41586-026-10735-w	BANC_v888 260702
VFB_00108k50	BANC_888:720575941582989177	left side of organism	has_soma_location	BANC888	doi:10.1038/s41586-026-10735-w	BANC_v888 260702
VFB_00108k51	BANC_888:720575941582993017	left side of organism	has_soma_location	BANC888	doi:10.1038/s41586-026-10735-w	BANC_v888 260702
VFB_00108k52	BANC_888:720575941582993785	left side of organism	has_soma_location	BANC888	doi:10.1038/s41586-026-10735-w	BANC_v888 260702
VFB_00108k53	BANC_888:720575941582997881	right side of organism	has_soma_location	BANC888	doi:10.1038/s41586-026-10735-w	BANC_v888 260702
VFB_00108k54	BANC_888:720575941583004537	right side of organism	has_soma_location	BANC888	doi:10.1038/s41586-026-10735-w	BANC_v888 260702
VFB_00108k55	BANC_888:720575941583008607	left side of organism	has_soma_location	BANC888	doi:10.1038/s41586-026-10735-w	BANC_v888 260702
VFB_00108k56	BANC_888:720575941583008889	left side of organism	has_soma_location	BANC888	doi:10.1038/s41586-026-10735-w	BANC_v888 260702
VFB_00108k57	BANC_888:720575941583009913	left side of organism	has_soma_location	BANC888	doi:10.1038/s41586-026-10735-w	BANC_v888 260702
VFB_00105ag0	BANC_888:720575941583011423	left side of organism	has_soma_location	BANC888	doi:10.1038/s41586-026-10735-w	BANC_v888 260702
VFB_00105ag1	BANC_888:720575941583012191	left side of organism	has_soma_location	BANC888	doi:10.1038/s41586-026-10735-w	BANC_v888 260702
VFB_00108k58	BANC_888:720575941583014265	right side of organism	has_soma_location	BANC888	doi:10.1038/s41586-026-10735-w	BANC_v888 260702
VFB_00108k59	BANC_888:720575941583018105	left side of organism	has_soma_location	BANC888	doi:10.1038/s41586-026-10735-w	BANC_v888 260702
VFB_00108k5a	BANC_888:720575941583034745	right side of organism	has_soma_location	BANC888	doi:10.1038/s41586-026-10735-w	BANC_v888 260702
VFB_00108k5b	BANC_888:720575941583036793	right side of organism	has_soma_location	BANC888	doi:10.1038/s41586-026-10735-w	BANC_v888 260702
VFB_00108k5c	BANC_888:720575941583037561	right side of organism	has_soma_location	BANC888	doi:10.1038/s41586-026-10735-w	BANC_v888 260702
VFB_00108k5d	BANC_888:720575941583038073	right side of organism	has_soma_location	BANC888	doi:10.1038/s41586-026-10735-w	BANC_v888 260702
VFB_00105ag2	BANC_888:720575941583038559	right side of organism	has_soma_location	BANC888	doi:10.1038/s41586-026-10735-w	BANC_v888 260702
VFB_00108k5e	BANC_888:720575941583039353	right side of organism	has_soma_location	BANC888	doi:10.1038/s41586-026-10735-w	BANC_v888 260702
VFB_00108k5f	BANC_888:720575941583039865	right side of organism	has_soma_location	BANC888	doi:10.1038/s41586-026-10735-w	BANC_v888 260702
VFB_00108k5g	BANC_888:720575941583042399	left side of organism	has_soma_location	BANC888	doi:10.1038/s41586-026-10735-w	BANC_v888 260702
VFB_00108k5h	BANC_888:720575941583044473	right side of organism	has_soma_location	BANC888	doi:10.1038/s41586-026-10735-w	BANC_v888 260702
VFB_00108k5i	BANC_888:720575941583047033	right side of organism	has_soma_location	BANC888	doi:10.1038/s41586-026-10735-w	BANC_v888 260702
VFB_00108k5j	BANC_888:720575941583047545	right side of organism	has_soma_location	BANC888	doi:10.1038/s41586-026-10735-w	BANC_v888 260702
VFB_00108k5k	BANC_888:720575941583050617	right side of organism	has_soma_location	BANC888	doi:10.1038/s41586-026-10735-w	BANC_v888 260702
VFB_00108k5l	BANC_888:720575941583053433	right side of organism	has_soma_location	BANC888	doi:10.1038/s41586-026-10735-w	BANC_v888 260702
VFB_00108k5m	BANC_888:720575941583053945	right side of organism	has_soma_location	BANC888	doi:10.1038/s41586-026-10735-w	BANC_v888 260702
VFB_00105ag3	BANC_888:720575941583054175	right side of organism	has_soma_location	BANC888	doi:10.1038/s41586-026-10735-w	BANC_v888 260702
VFB_00108k5n	BANC_888:720575941583055225	right side of organism	has_soma_location	BANC888	doi:10.1038/s41586-026-10735-w	BANC_v888 260702
VFB_00108k5o	BANC_888:720575941583056505	right side of organism	has_soma_location	BANC888	doi:10.1038/s41586-026-10735-w	BANC_v888 260702
VFB_00105ag4	BANC_888:720575941583057247	right side of organism	has_soma_location	BANC888	doi:10.1038/s41586-026-10735-w	BANC_v888 260702
VFB_00108k5p	BANC_888:720575941583061113	right side of organism	has_soma_location	BANC888	doi:10.1038/s41586-026-10735-w	BANC_v888 260702
VFB_00108k5q	BANC_888:720575941583064185	right side of organism	has_soma_location	BANC888	doi:10.1038/s41586-026-10735-w	BANC_v888 260702
VFB_00105ag5	BANC_888:720575941583064415	right side of organism	has_soma_location	BANC888	doi:10.1038/s41586-026-10735-w	BANC_v888 260702
VFB_00108k5r	BANC_888:720575941583066745	right side of organism	has_soma_location	BANC888	doi:10.1038/s41586-026-10735-w	BANC_v888 260702
VFB_00105ag6	BANC_888:720575941583066975	right side of organism	has_soma_location	BANC888	doi:10.1038/s41586-026-10735-w	BANC_v888 260702
VFB_00108k5s	BANC_888:720575941583071609	right side of organism	has_soma_location	BANC888	doi:10.1038/s41586-026-10735-w	BANC_v888 260702
VFB_00108k5t	BANC_888:720575941583073913	right side of organism	has_soma_location	BANC888	doi:10.1038/s41586-026-10735-w	BANC_v888 260702
VFB_00108k5u	BANC_888:720575941583074169	right side of organism	has_soma_location	BANC888	doi:10.1038/s41586-026-10735-w	BANC_v888 260702
VFB_00108k5v	BANC_888:720575941583075705	right side of organism	has_soma_location	BANC888	doi:10.1038/s41586-026-10735-w	BANC_v888 260702
VFB_00108k5w	BANC_888:720575941583075961	right side of organism	has_soma_location	BANC888	doi:10.1038/s41586-026-10735-w	BANC_v888 260702
VFB_00108k5x	BANC_888:720575941583076985	left side of organism	has_soma_location	BANC888	doi:10.1038/s41586-026-10735-w	BANC_v888 260702
VFB_00108k5y	BANC_888:720575941583083871	right side of organism	has_soma_location	BANC888	doi:10.1038/s41586-026-10735-w	BANC_v888 260702
VFB_00108k5z	BANC_888:720575941583084409	left side of organism	has_soma_location	BANC888	doi:10.1038/s41586-026-10735-w	BANC_v888 260702
VFB_00108k60	BANC_888:720575941583085177	left side of organism	has_soma_location	BANC888	doi:10.1038/s41586-026-10735-w	BANC_v888 260702
VFB_00108k61	BANC_888:720575941583085919	right side of organism	has_soma_location	BANC888	doi:10.1038/s41586-026-10735-w	BANC_v888 260702
VFB_00108k62	BANC_888:720575941583086713	left side of organism	has_soma_location	BANC888	doi:10.1038/s41586-026-10735-w	BANC_v888 260702
VFB_00108k63	BANC_888:720575941583087225	left side of organism	has_soma_location	BANC888	doi:10.1038/s41586-026-10735-w	BANC_v888 260702
VFB_00105ag7	BANC_888:720575941583088223	right side of organism	has_soma_location	BANC888	doi:10.1038/s41586-026-10735-w	BANC_v888 260702
VFB_00108k64	BANC_888:720575941583089503	left side of organism	has_soma_location	BANC888	doi:10.1038/s41586-026-10735-w	BANC_v888 260702
VFB_00108k65	BANC_888:720575941583090297	left side of organism	has_soma_location	BANC888	doi:10.1038/s41586-026-10735-w	BANC_v888 260702
VFB_00108k66	BANC_888:720575941583102073	left side of organism	has_soma_location	BANC888	doi:10.1038/s41586-026-10735-w	BANC_v888 260702
VFB_00108k67	BANC_888:720575941583107679	right side of organism	has_soma_location	BANC888	doi:10.1038/s41586-026-10735-w	BANC_v888 260702
VFB_00108k68	BANC_888:720575941583109497	left side of organism	has_soma_location	BANC888	doi:10.1038/s41586-026-10735-w	BANC_v888 260702
VFB_00105ag8	BANC_888:720575941583112582	right side of organism	has_soma_location	BANC888	doi:10.1038/s41586-026-10735-w	BANC_v888 260702
VFB_00108k69	BANC_888:720575941583114617	left side of organism	has_soma_location	BANC888	doi:10.1038/s41586-026-10735-w	BANC_v888 260702
VFB_00108k6a	BANC_888:720575941583116409	left side of organism	has_soma_location	BANC888	doi:10.1038/s41586-026-10735-w	BANC_v888 260702
VFB_00108k6b	BANC_888:720575941583119993	left side of organism	has_soma_location	BANC888	doi:10.1038/s41586-026-10735-w	BANC_v888 260702
VFB_00105ag9	BANC_888:720575941583120774	right side of organism	has_soma_location	BANC888	doi:10.1038/s41586-026-10735-w	BANC_v888 260702
VFB_00105aga	BANC_888:720575941583122527	left side of organism	has_soma_location	BANC888	doi:10.1038/s41586-026-10735-w	BANC_v888 260702
VFB_00105agb	BANC_888:720575941583123807	right side of organism	has_soma_location	BANC888	doi:10.1038/s41586-026-10735-w	BANC_v888 260702
VFB_00108k6c	BANC_888:720575941583123833	left side of organism	has_soma_location	BANC888	doi:10.1038/s41586-026-10735-w	BANC_v888 260702
VFB_00108k6d	BANC_888:720575941583126137	left side of organism	has_soma_location	BANC888	doi:10.1038/s41586-026-10735-w	BANC_v888 260702
VFB_00105agc	BANC_888:720575941583128454	left side of organism	has_soma_location	BANC888	doi:10.1038/s41586-026-10735-w	BANC_v888 260702
VFB_00105agd	BANC_888:720575941583128927	right side of organism	has_soma_location	BANC888	doi:10.1038/s41586-026-10735-w	BANC_v888 260702
VFB_00108k6e	BANC_888:720575941583129721	right side of organism	has_soma_location	BANC888	doi:10.1038/s41586-026-10735-w	BANC_v888 260702
VFB_00108k6f	BANC_888:720575941583130489	left side of organism	has_soma_location	BANC888	doi:10.1038/s41586-026-10735-w	BANC_v888 260702
VFB_00108k6g	BANC_888:720575941583132793	left side of organism	has_soma_location	BANC888	doi:10.1038/s41586-026-10735-w	BANC_v888 260702
VFB_00108k6h	BANC_888:720575941583133279	right side of organism	has_soma_location	BANC888	doi:10.1038/s41586-026-10735-w	BANC_v888 260702
VFB_00108k6i	BANC_888:720575941583134073	left side of organism	has_soma_location	BANC888	doi:10.1038/s41586-026-10735-w	BANC_v888 260702
VFB_00105age	BANC_888:720575941583134559	right side of organism	has_soma_location	BANC888	doi:10.1038/s41586-026-10735-w	BANC_v888 260702
VFB_00108k6j	BANC_888:720575941583135839	left side of organism	has_soma_location	BANC888	doi:10.1038/s41586-026-10735-w	BANC_v888 260702
VFB_00108k6k	BANC_888:720575941583136889	left side of organism	has_soma_location	BANC888	doi:10.1038/s41586-026-10735-w	BANC_v888 260702
VFB_00108k6l	BANC_888:720575941583142521	right side of organism	has_soma_location	BANC888	doi:10.1038/s41586-026-10735-w	BANC_v888 260702
VFB_00108k6m	BANC_888:720575941583146105	right side of organism	has_soma_location	BANC888	doi:10.1038/s41586-026-10735-w	BANC_v888 260702
VFB_00108k6n	BANC_888:720575941583149433	right side of organism	has_soma_location	BANC888	doi:10.1038/s41586-026-10735-w	BANC_v888 260702
VFB_00108k6o	BANC_888:720575941583151993	right side of organism	has_soma_location	BANC888	doi:10.1038/s41586-026-10735-w	BANC_v888 260702
VFB_00108k6p	BANC_888:720575941583152249	left side of organism	has_soma_location	BANC888	doi:10.1038/s41586-026-10735-w	BANC_v888 260702
VFB_00105agg	BANC_888:720575941583153798	right side of organism	has_soma_location	BANC888	doi:10.1038/s41586-026-10735-w	BANC_v888 260702
VFB_00108k6q	BANC_888:720575941583156089	left side of organism	has_soma_location	BANC888	doi:10.1038/s41586-026-10735-w	BANC_v888 260702
VFB_00108k6r	BANC_888:720575941583156601	left side of organism	has_soma_location	BANC888	doi:10.1038/s41586-026-10735-w	BANC_v888 260702
VFB_00105agh	BANC_888:720575941583156869	left side of organism	has_soma_location	BANC888	doi:10.1038/s41586-026-10735-w	BANC_v888 260702
VFB_00108k6s	BANC_888:720575941583157625	right side of organism	has_soma_location	BANC888	doi:10.1038/s41586-026-10735-w	BANC_v888 260702
VFB_00105agi	BANC_888:720575941583159647	right side of organism	has_soma_location	BANC888	doi:10.1038/s41586-026-10735-w	BANC_v888 260702
VFB_00108k6t	BANC_888:720575941583164537	right side of organism	has_soma_location	BANC888	doi:10.1038/s41586-026-10735-w	BANC_v888 260702
VFB_00108k6u	BANC_888:720575941583164793	right side of organism	has_soma_location	BANC888	doi:10.1038/s41586-026-10735-w	BANC_v888 260702
VFB_00108k6v	BANC_888:720575941583165561	right side of organism	has_soma_location	BANC888	doi:10.1038/s41586-026-10735-w	BANC_v888 260702
VFB_00108k6w	BANC_888:720575941583166047	right side of organism	has_soma_location	BANC888	doi:10.1038/s41586-026-10735-w	BANC_v888 260702
VFB_00108k6x	BANC_888:720575941583167327	right side of organism	has_soma_location	BANC888	doi:10.1038/s41586-026-10735-w	BANC_v888 260702
VFB_00105agj	BANC_888:720575941583167839	right side of organism	has_soma_location	BANC888	doi:10.1038/s41586-026-10735-w	BANC_v888 260702
VFB_00105agk	BANC_888:720575941583169158	right side of organism	has_soma_location	BANC888	doi:10.1038/s41586-026-10735-w	BANC_v888 260702
VFB_00108k6y	BANC_888:720575941583169657	right side of organism	has_soma_location	BANC888	doi:10.1038/s41586-026-10735-w	BANC_v888 260702
VFB_00108k6z	BANC_888:720575941583170425	right side of organism	has_soma_location	BANC888	doi:10.1038/s41586-026-10735-w	BANC_v888 260702
VFB_00105agl	BANC_888:720575941583173510	right side of organism	has_soma_location	BANC888	doi:10.1038/s41586-026-10735-w	BANC_v888 260702
VFB_00108k70	BANC_888:720575941583173753	right side of organism	has_soma_location	BANC888	doi:10.1038/s41586-026-10735-w	BANC_v888 260702
VFB_00108k71	BANC_888:720575941583176569	right side of organism	has_soma_location	BANC888	doi:10.1038/s41586-026-10735-w	BANC_v888 260702
VFB_00108k72	BANC_888:720575941583178105	right side of organism	has_soma_location	BANC888	doi:10.1038/s41586-026-10735-w	BANC_v888 260702
VFB_00108k73	BANC_888:720575941583179641	right side of organism	has_soma_location	BANC888	doi:10.1038/s41586-026-10735-w	BANC_v888 260702
VFB_00108k74	BANC_888:720575941583179897	right side of organism	has_soma_location	BANC888	doi:10.1038/s41586-026-10735-w	BANC_v888 260702
VFB_00108k75	BANC_888:720575941583180153	right side of organism	has_soma_location	BANC888	doi:10.1038/s41586-026-10735-w	BANC_v888 260702
VFB_00108k76	BANC_888:720575941583181945	right side of organism	has_soma_location	BANC888	doi:10.1038/s41586-026-10735-w	BANC_v888 260702
VFB_00105agm	BANC_888:720575941583182213	left side of organism	has_soma_location	BANC888	doi:10.1038/s41586-026-10735-w	BANC_v888 260702
VFB_00108k77	BANC_888:720575941583182457	right side of organism	has_soma_location	BANC888	doi:10.1038/s41586-026-10735-w	BANC_v888 260702
VFB_00105agn	BANC_888:720575941583183238	right side of organism	has_soma_location	BANC888	doi:10.1038/s41586-026-10735-w	BANC_v888 260702
VFB_00108k78	BANC_888:720575941583186297	right side of organism	has_soma_location	BANC888	doi:10.1038/s41586-026-10735-w	BANC_v888 260702
VFB_00105ago	BANC_888:720575941583186566	right side of organism	has_soma_location	BANC888	doi:10.1038/s41586-026-10735-w	BANC_v888 260702
VFB_00108k79	BANC_888:720575941583187039	right side of organism	has_soma_location	BANC888	doi:10.1038/s41586-026-10735-w	BANC_v888 260702
VFB_00108k7a	BANC_888:720575941583189113	left side of organism	has_soma_location	BANC888	doi:10.1038/s41586-026-10735-w	BANC_v888 260702
VFB_00108k7b	BANC_888:720575941583192441	left side of organism	has_soma_location	BANC888	doi:10.1038/s41586-026-10735-w	BANC_v888 260702
VFB_00105agp	BANC_888:720575941583193733	left side of organism	has_soma_location	BANC888	doi:10.1038/s41586-026-10735-w	BANC_v888 260702
VFB_00108k7c	BANC_888:720575941583195001	left side of organism	has_soma_location	BANC888	doi:10.1038/s41586-026-10735-w	BANC_v888 260702
VFB_00108k7d	BANC_888:720575941583198585	left side of organism	has_soma_location	BANC888	doi:10.1038/s41586-026-10735-w	BANC_v888 260702
VFB_00108k7e	BANC_888:720575941583203193	left side of organism	has_soma_location	BANC888	doi:10.1038/s41586-026-10735-w	BANC_v888 260702
VFB_00105agq	BANC_888:720575941583203462	left side of organism	has_soma_location	BANC888	doi:10.1038/s41586-026-10735-w	BANC_v888 260702
VFB_00105agr	BANC_888:720575941583206790	right side of organism	has_soma_location	BANC888	doi:10.1038/s41586-026-10735-w	BANC_v888 260702
VFB_00108k7f	BANC_888:720575941583207893	right side of organism	has_soma_location	BANC888	doi:10.1038/s41586-026-10735-w	BANC_v888 260702
VFB_00108k7g	BANC_888:720575941583208287	right side of organism	has_soma_location	BANC888	doi:10.1038/s41586-026-10735-w	BANC_v888 260702
VFB_00105ags	BANC_888:720575941583208582	left side of organism	has_soma_location	BANC888	doi:10.1038/s41586-026-10735-w	BANC_v888 260702
VFB_00108k7h	BANC_888:720575941583216761	left side of organism	has_soma_location	BANC888	doi:10.1038/s41586-026-10735-w	BANC_v888 260702
VFB_00105agu	BANC_888:720575941583223391	left side of organism	has_soma_location	BANC888	doi:10.1038/s41586-026-10735-w	BANC_v888 260702
VFB_00105agv	BANC_888:720575941583224927	right side of organism	has_soma_location	BANC888	doi:10.1038/s41586-026-10735-w	BANC_v888 260702
VFB_00108k7i	BANC_888:720575941583227001	left side of organism	has_soma_location	BANC888	doi:10.1038/s41586-026-10735-w	BANC_v888 260702
VFB_00105agw	BANC_888:720575941583229023	right side of organism	has_soma_location	BANC888	doi:10.1038/s41586-026-10735-w	BANC_v888 260702
VFB_00105agx	BANC_888:720575941583234911	right side of organism	has_soma_location	BANC888	doi:10.1038/s41586-026-10735-w	BANC_v888 260702
VFB_00105agy	BANC_888:720575941583236998	left side of organism	has_soma_location	BANC888	doi:10.1038/s41586-026-10735-w	BANC_v888 260702
VFB_00105agz	BANC_888:720575941583238278	left side of organism	has_soma_location	BANC888	doi:10.1038/s41586-026-10735-w	BANC_v888 260702
VFB_00105ah0	BANC_888:720575941583239301	left side of organism	has_soma_location	BANC888	doi:10.1038/s41586-026-10735-w	BANC_v888 260702
VFB_00108k7j	BANC_888:720575941583239545	left side of organism	has_soma_location	BANC888	doi:10.1038/s41586-026-10735-w	BANC_v888 260702
VFB_00108k7k	BANC_888:720575941583243654	right side of organism	has_soma_location	BANC888	doi:10.1038/s41586-026-10735-w	BANC_v888 260702
VFB_00105ah1	BANC_888:720575941583244895	right side of organism	has_soma_location	BANC888	doi:10.1038/s41586-026-10735-w	BANC_v888 260702
VFB_00108k7l	BANC_888:720575941583254137	left side of organism	has_soma_location	BANC888	doi:10.1038/s41586-026-10735-w	BANC_v888 260702
VFB_00105ah2	BANC_888:720575941583254918	right side of organism	has_soma_location	BANC888	doi:10.1038/s41586-026-10735-w	BANC_v888 260702
VFB_00105ah3	BANC_888:720575941583256159	right side of organism	has_soma_location	BANC888	doi:10.1038/s41586-026-10735-w	BANC_v888 260702
VFB_00108k7m	BANC_888:720575941583257209	left side of organism	has_soma_location	BANC888	doi:10.1038/s41586-026-10735-w	BANC_v888 260702
VFB_00108k7n	BANC_888:720575941583258233	left side of organism	has_soma_location	BANC888	doi:10.1038/s41586-026-10735-w	BANC_v888 260702
VFB_00105ah4	BANC_888:720575941583260038	left side of organism	has_soma_location	BANC888	doi:10.1038/s41586-026-10735-w	BANC_v888 260702
VFB_00105ah6	BANC_888:720575941583263710	right side of organism	has_soma_location	BANC888	doi:10.1038/s41586-026-10735-w	BANC_v888 260702
VFB_00108k7o	BANC_888:720575941583264121	left side of organism	has_soma_location	BANC888	doi:10.1038/s41586-026-10735-w	BANC_v888 260702
VFB_00105ah7	BANC_888:720575941583266655	right side of organism	has_soma_location	BANC888	doi:10.1038/s41586-026-10735-w	BANC_v888 260702
VFB_00108k7p	BANC_888:720575941583268729	left side of organism	has_soma_location	BANC888	doi:10.1038/s41586-026-10735-w	BANC_v888 260702
VFB_00108k7q	BANC_888:720575941583269241	left side of organism	has_soma_location	BANC888	doi:10.1038/s41586-026-10735-w	BANC_v888 260702
VFB_00108k7r	BANC_888:720575941583270521	right side of organism	has_soma_location	BANC888	doi:10.1038/s41586-026-10735-w	BANC_v888 260702
VFB_00108k7s	BANC_888:720575941583270777	left side of organism	has_soma_location	BANC888	doi:10.1038/s41586-026-10735-w	BANC_v888 260702
VFB_00105ah8	BANC_888:720575941583270790	left side of organism	has_soma_location	BANC888	doi:10.1038/s41586-026-10735-w	BANC_v888 260702
VFB_00105ah9	BANC_888:720575941583279967	right side of organism	has_soma_location	BANC888	doi:10.1038/s41586-026-10735-w	BANC_v888 260702
VFB_00108k7t	BANC_888:720575941583283833	right side of organism	has_soma_location	BANC888	doi:10.1038/s41586-026-10735-w	BANC_v888 260702
VFB_00108k7u	BANC_888:720575941583284345	left side of organism	has_soma_location	BANC888	doi:10.1038/s41586-026-10735-w	BANC_v888 260702
VFB_00108k7v	BANC_888:720575941583284857	left side of organism	has_soma_location	BANC888	doi:10.1038/s41586-026-10735-w	BANC_v888 260702
VFB_00105aha	BANC_888:720575941583289951	right side of organism	has_soma_location	BANC888	doi:10.1038/s41586-026-10735-w	BANC_v888 260702
VFB_00105ahb	BANC_888:720575941583290758	left side of organism	has_soma_location	BANC888	doi:10.1038/s41586-026-10735-w	BANC_v888 260702
VFB_00108k7w	BANC_888:720575941583293561	left side of organism	has_soma_location	BANC888	doi:10.1038/s41586-026-10735-w	BANC_v888 260702
VFB_00108k7x	BANC_888:720575941583295097	left side of organism	has_soma_location	BANC888	doi:10.1038/s41586-026-10735-w	BANC_v888 260702
VFB_00105ahc	BANC_888:720575941583296902	right side of organism	has_soma_location	BANC888	doi:10.1038/s41586-026-10735-w	BANC_v888 260702
VFB_00105ahd	BANC_888:720575941583297158	right side of organism	has_soma_location	BANC888	doi:10.1038/s41586-026-10735-w	BANC_v888 260702
VFB_00108k7y	BANC_888:720575941583299679	left side of organism	has_soma_location	BANC888	doi:10.1038/s41586-026-10735-w	BANC_v888 260702
VFB_00108k7z	BANC_888:720575941583299705	left side of organism	has_soma_location	BANC888	doi:10.1038/s41586-026-10735-w	BANC_v888 260702
VFB_00108k80	BANC_888:720575941583300729	right side of organism	has_soma_location	BANC888	doi:10.1038/s41586-026-10735-w	BANC_v888 260702
VFB_00108k81	BANC_888:720575941583305429	right side of organism	has_soma_location	BANC888	doi:10.1038/s41586-026-10735-w	BANC_v888 260702
VFB_00108k82	BANC_888:720575941583305593	left side of organism	has_soma_location	BANC888	doi:10.1038/s41586-026-10735-w	BANC_v888 260702
VFB_00108k83	BANC_888:720575941583307103	right side of organism	has_soma_location	BANC888	doi:10.1038/s41586-026-10735-w	BANC_v888 260702
VFB_00108k84	BANC_888:720575941583307129	right side of organism	has_soma_location	BANC888	doi:10.1038/s41586-026-10735-w	BANC_v888 260702
VFB_00105ahe	BANC_888:720575941583307654	left side of organism	has_soma_location	BANC888	doi:10.1038/s41586-026-10735-w	BANC_v888 260702
VFB_00108k85	BANC_888:720575941583312249	left side of organism	has_soma_location	BANC888	doi:10.1038/s41586-026-10735-w	BANC_v888 260702
VFB_00108k86	BANC_888:720575941583315321	right side of organism	has_soma_location	BANC888	doi:10.1038/s41586-026-10735-w	BANC_v888 260702
VFB_00105ahf	BANC_888:720575941583315334	right side of organism	has_soma_location	BANC888	doi:10.1038/s41586-026-10735-w	BANC_v888 260702
VFB_00105ahh	BANC_888:720575941583316358	right side of organism	has_soma_location	BANC888	doi:10.1038/s41586-026-10735-w	BANC_v888 260702
VFB_00105ahi	BANC_888:720575941583317894	left side of organism	has_soma_location	BANC888	doi:10.1038/s41586-026-10735-w	BANC_v888 260702
VFB_00105ahj	BANC_888:720575941583320671	left side of organism	has_soma_location	BANC888	doi:10.1038/s41586-026-10735-w	BANC_v888 260702
VFB_00105ahk	BANC_888:720575941583323358	left side of organism	has_soma_location	BANC888	doi:10.1038/s41586-026-10735-w	BANC_v888 260702
VFB_00108k87	BANC_888:720575941583328889	left side of organism	has_soma_location	BANC888	doi:10.1038/s41586-026-10735-w	BANC_v888 260702
VFB_00108k88	BANC_888:720575941583330169	left side of organism	has_soma_location	BANC888	doi:10.1038/s41586-026-10735-w	BANC_v888 260702
VFB_00105ahl	BANC_888:720575941583333766	right side of organism	has_soma_location	BANC888	doi:10.1038/s41586-026-10735-w	BANC_v888 260702
VFB_00108k89	BANC_888:720575941583336313	left side of organism	has_soma_location	BANC888	doi:10.1038/s41586-026-10735-w	BANC_v888 260702
VFB_00108k8a	BANC_888:720575941583337337	left side of organism	has_soma_location	BANC888	doi:10.1038/s41586-026-10735-w	BANC_v888 260702
VFB_00108k8b	BANC_888:720575941583345273	left side of organism	has_soma_location	BANC888	doi:10.1038/s41586-026-10735-w	BANC_v888 260702
VFB_00105ahm	BANC_888:720575941583348063	left side of organism	has_soma_location	BANC888	doi:10.1038/s41586-026-10735-w	BANC_v888 260702
VFB_00108k8c	BANC_888:720575941583358073	right side of organism	has_soma_location	BANC888	doi:10.1038/s41586-026-10735-w	BANC_v888 260702
VFB_00105aho	BANC_888:720575941583361887	right side of organism	has_soma_location	BANC888	doi:10.1038/s41586-026-10735-w	BANC_v888 260702
VFB_00105ahp	BANC_888:720575941583368543	right side of organism	has_soma_location	BANC888	doi:10.1038/s41586-026-10735-w	BANC_v888 260702
VFB_00105ahq	BANC_888:720575941583371142	left side of organism	has_soma_location	BANC888	doi:10.1038/s41586-026-10735-w	BANC_v888 260702
VFB_00108k8d	BANC_888:720575941583376249	left side of organism	has_soma_location	BANC888	doi:10.1038/s41586-026-10735-w	BANC_v888 260702
VFB_00105ahs	BANC_888:720575941583377503	right side of organism	has_soma_location	BANC888	doi:10.1038/s41586-026-10735-w	BANC_v888 260702
VFB_00105aht	BANC_888:720575941583378271	right side of organism	has_soma_location	BANC888	doi:10.1038/s41586-026-10735-w	BANC_v888 260702
VFB_00108k8e	BANC_888:720575941583380857	left side of organism	has_soma_location	BANC888	doi:10.1038/s41586-026-10735-w	BANC_v888 260702
VFB_00105ahu	BANC_888:720575941583384671	right side of organism	has_soma_location	BANC888	doi:10.1038/s41586-026-10735-w	BANC_v888 260702
VFB_00108k8f	BANC_888:720575941583393657	left side of organism	has_soma_location	BANC888	doi:10.1038/s41586-026-10735-w	BANC_v888 260702
VFB_00108k8g	BANC_888:720575941583404409	left side of organism	has_soma_location	BANC888	doi:10.1038/s41586-026-10735-w	BANC_v888 260702
VFB_00108k8h	BANC_888:720575941583404921	left side of organism	has_soma_location	BANC888	doi:10.1038/s41586-026-10735-w	BANC_v888 260702
VFB_00108k8i	BANC_888:720575941583405177	left side of organism	has_soma_location	BANC888	doi:10.1038/s41586-026-10735-w	BANC_v888 260702
VFB_00105ahv	BANC_888:720575941583410015	right side of organism	has_soma_location	BANC888	doi:10.1038/s41586-026-10735-w	BANC_v888 260702
VFB_00108k8j	BANC_888:720575941583410041	right side of organism	has_soma_location	BANC888	doi:10.1038/s41586-026-10735-w	BANC_v888 260702
VFB_00108k8k	BANC_888:720575941583411321	left side of organism	has_soma_location	BANC888	doi:10.1038/s41586-026-10735-w	BANC_v888 260702
VFB_00105ahw	BANC_888:720575941583417734	right side of organism	has_soma_location	BANC888	doi:10.1038/s41586-026-10735-w	BANC_v888 260702
VFB_00108k8l	BANC_888:720575941583423097	left side of organism	has_soma_location	BANC888	doi:10.1038/s41586-026-10735-w	BANC_v888 260702
VFB_00105ahx	BANC_888:720575941583423839	left side of organism	has_soma_location	BANC888	doi:10.1038/s41586-026-10735-w	BANC_v888 260702
VFB_00108k8m	BANC_888:720575941583425145	left side of organism	has_soma_location	BANC888	doi:10.1038/s41586-026-10735-w	BANC_v888 260702
VFB_00108k8n	BANC_888:720575941583426169	left side of organism	has_soma_location	BANC888	doi:10.1038/s41586-026-10735-w	BANC_v888 260702
VFB_00108k8o	BANC_888:720575941583429753	left side of organism	has_soma_location	BANC888	doi:10.1038/s41586-026-10735-w	BANC_v888 260702
VFB_00108k8p	BANC_888:720575941583430777	left side of organism	has_soma_location	BANC888	doi:10.1038/s41586-026-10735-w	BANC_v888 260702
VFB_00108k8q	BANC_888:720575941583431033	right side of organism	has_soma_location	BANC888	doi:10.1038/s41586-026-10735-w	BANC_v888 260702
VFB_00108k8r	BANC_888:720575941583432825	left side of organism	has_soma_location	BANC888	doi:10.1038/s41586-026-10735-w	BANC_v888 260702
VFB_00105ahy	BANC_888:720575941583439399	right side of organism	has_soma_location	BANC888	doi:10.1038/s41586-026-10735-w	BANC_v888 260702
VFB_00105ahz	BANC_888:720575941583440423	right side of organism	has_soma_location	BANC888	doi:10.1038/s41586-026-10735-w	BANC_v888 260702
VFB_00105ai0	BANC_888:720575941583441503	left side of organism	has_soma_location	BANC888	doi:10.1038/s41586-026-10735-w	BANC_v888 260702
VFB_00108k8s	BANC_888:720575941583451231	right side of organism	has_soma_location	BANC888	doi:10.1038/s41586-026-10735-w	BANC_v888 260702
VFB_00108k8t	BANC_888:720575941583452281	left side of organism	has_soma_location	BANC888	doi:10.1038/s41586-026-10735-w	BANC_v888 260702
VFB_00105ai1	BANC_888:720575941583453406	right side of organism	has_soma_location	BANC888	doi:10.1038/s41586-026-10735-w	BANC_v888 260702
VFB_00105ai2	BANC_888:720575941583453735	right side of organism	has_soma_location	BANC888	doi:10.1038/s41586-026-10735-w	BANC_v888 260702
VFB_00108k8u	BANC_888:720575941583456377	right side of organism	has_soma_location	BANC888	doi:10.1038/s41586-026-10735-w	BANC_v888 260702
VFB_00105ai3	BANC_888:720575941583458911	left side of organism	has_soma_location	BANC888	doi:10.1038/s41586-026-10735-w	BANC_v888 260702
VFB_00108k8v	BANC_888:720575941583459449	left side of organism	has_soma_location	BANC888	doi:10.1038/s41586-026-10735-w	BANC_v888 260702
VFB_00105ai4	BANC_888:720575941583462110	right side of organism	has_soma_location	BANC888	doi:10.1038/s41586-026-10735-w	BANC_v888 260702
VFB_00108k8w	BANC_888:720575941583475157	right side of organism	has_soma_location	BANC888	doi:10.1038/s41586-026-10735-w	BANC_v888 260702
VFB_00105ai5	BANC_888:720575941583478750	right side of organism	has_soma_location	BANC888	doi:10.1038/s41586-026-10735-w	BANC_v888 260702
VFB_00105ai6	BANC_888:720575941583479391	right side of organism	has_soma_location	BANC888	doi:10.1038/s41586-026-10735-w	BANC_v888 260702
VFB_00108k8x	BANC_888:720575941583483513	left side of organism	has_soma_location	BANC888	doi:10.1038/s41586-026-10735-w	BANC_v888 260702
VFB_00108k8y	BANC_888:720575941583489119	left side of organism	has_soma_location	BANC888	doi:10.1038/s41586-026-10735-w	BANC_v888 260702
VFB_00108k8z	BANC_888:720575941583492985	left side of organism	has_soma_location	BANC888	doi:10.1038/s41586-026-10735-w	BANC_v888 260702
VFB_00105ai7	BANC_888:720575941583493471	left side of organism	has_soma_location	BANC888	doi:10.1038/s41586-026-10735-w	BANC_v888 260702
VFB_00105ai8	BANC_888:720575941583497606	left side of organism	has_soma_location	BANC888	doi:10.1038/s41586-026-10735-w	BANC_v888 260702
VFB_00108k90	BANC_888:720575941583498105	left side of organism	has_soma_location	BANC888	doi:10.1038/s41586-026-10735-w	BANC_v888 260702
VFB_00105ai9	BANC_888:720575941583499615	left side of organism	has_soma_location	BANC888	doi:10.1038/s41586-026-10735-w	BANC_v888 260702
VFB_00108k91	BANC_888:720575941583500409	left side of organism	has_soma_location	BANC888	doi:10.1038/s41586-026-10735-w	BANC_v888 260702
VFB_00108k92	BANC_888:720575941583505785	left side of organism	has_soma_location	BANC888	doi:10.1038/s41586-026-10735-w	BANC_v888 260702
VFB_00105aia	BANC_888:720575941583506142	left side of organism	has_soma_location	BANC888	doi:10.1038/s41586-026-10735-w	BANC_v888 260702
VFB_00105aib	BANC_888:720575941583507166	left side of organism	has_soma_location	BANC888	doi:10.1038/s41586-026-10735-w	BANC_v888 260702
VFB_00108k93	BANC_888:720575941583509369	left side of organism	has_soma_location	BANC888	doi:10.1038/s41586-026-10735-w	BANC_v888 260702
VFB_00105aic	BANC_888:720575941583509599	left side of organism	has_soma_location	BANC888	doi:10.1038/s41586-026-10735-w	BANC_v888 260702
VFB_00105aid	BANC_888:720575941583511518	left side of organism	has_soma_location	BANC888	doi:10.1038/s41586-026-10735-w	BANC_v888 260702
VFB_00105aie	BANC_888:720575941583511903	right side of organism	has_soma_location	BANC888	doi:10.1038/s41586-026-10735-w	BANC_v888 260702
VFB_00108k94	BANC_888:720575941583513977	left side of organism	has_soma_location	BANC888	doi:10.1038/s41586-026-10735-w	BANC_v888 260702
VFB_00105aif	BANC_888:720575941583514078	left side of organism	has_soma_location	BANC888	doi:10.1038/s41586-026-10735-w	BANC_v888 260702
VFB_00105aig	BANC_888:720575941583518815	left side of organism	has_soma_location	BANC888	doi:10.1038/s41586-026-10735-w	BANC_v888 260702
VFB_00105aih	BANC_888:720575941583519071	right side of organism	has_soma_location	BANC888	doi:10.1038/s41586-026-10735-w	BANC_v888 260702
VFB_00108k95	BANC_888:720575941583521657	left side of organism	has_soma_location	BANC888	doi:10.1038/s41586-026-10735-w	BANC_v888 260702
VFB_00108k96	BANC_888:720575941583523449	left side of organism	has_soma_location	BANC888	doi:10.1038/s41586-026-10735-w	BANC_v888 260702
VFB_00105aii	BANC_888:720575941583523935	left side of organism	has_soma_location	BANC888	doi:10.1038/s41586-026-10735-w	BANC_v888 260702
VFB_00105aij	BANC_888:720575941583525215	left side of organism	has_soma_location	BANC888	doi:10.1038/s41586-026-10735-w	BANC_v888 260702
VFB_00108k97	BANC_888:720575941583526521	left side of organism	has_soma_location	BANC888	doi:10.1038/s41586-026-10735-w	BANC_v888 260702
VFB_00105aik	BANC_888:720575941583527519	left side of organism	has_soma_location	BANC888	doi:10.1038/s41586-026-10735-w	BANC_v888 260702
VFB_00108k98	BANC_888:720575941583529337	left side of organism	has_soma_location	BANC888	doi:10.1038/s41586-026-10735-w	BANC_v888 260702
VFB_00108k99	BANC_888:720575941583534201	left side of organism	has_soma_location	BANC888	doi:10.1038/s41586-026-10735-w	BANC_v888 260702
VFB_00108k9a	BANC_888:720575941583536853	right side of organism	has_soma_location	BANC888	doi:10.1038/s41586-026-10735-w	BANC_v888 260702
VFB_00105ail	BANC_888:720575941583538015	right side of organism	has_soma_location	BANC888	doi:10.1038/s41586-026-10735-w	BANC_v888 260702
VFB_00105aim	BANC_888:720575941583543135	right side of organism	has_soma_location	BANC888	doi:10.1038/s41586-026-10735-w	BANC_v888 260702
VFB_00105ain	BANC_888:720575941583544286	right side of organism	has_soma_location	BANC888	doi:10.1038/s41586-026-10735-w	BANC_v888 260702
VFB_00108k9b	BANC_888:720575941583544953	right side of organism	has_soma_location	BANC888	doi:10.1038/s41586-026-10735-w	BANC_v888 260702
VFB_00108k9c	BANC_888:720575941583546233	right side of organism	has_soma_location	BANC888	doi:10.1038/s41586-026-10735-w	BANC_v888 260702
VFB_00105aio	BANC_888:720575941583546502	left side of organism	has_soma_location	BANC888	doi:10.1038/s41586-026-10735-w	BANC_v888 260702
VFB_00105aip	BANC_888:720575941583546975	left side of organism	has_soma_location	BANC888	doi:10.1038/s41586-026-10735-w	BANC_v888 260702
VFB_00105aiq	BANC_888:720575941583549830	left side of organism	has_soma_location	BANC888	doi:10.1038/s41586-026-10735-w	BANC_v888 260702
VFB_00105air	BANC_888:720575941583554143	left side of organism	has_soma_location	BANC888	doi:10.1038/s41586-026-10735-w	BANC_v888 260702
VFB_00108k9d	BANC_888:720575941583554399	left side of organism	has_soma_location	BANC888	doi:10.1038/s41586-026-10735-w	BANC_v888 260702
VFB_00108k9e	BANC_888:720575941583554937	right side of organism	has_soma_location	BANC888	doi:10.1038/s41586-026-10735-w	BANC_v888 260702
VFB_00105ais	BANC_888:720575941583557983	right side of organism	has_soma_location	BANC888	doi:10.1038/s41586-026-10735-w	BANC_v888 260702
VFB_00108k9f	BANC_888:720575941583559289	right side of organism	has_soma_location	BANC888	doi:10.1038/s41586-026-10735-w	BANC_v888 260702
VFB_00105ait	BANC_888:720575941583559390	right side of organism	has_soma_location	BANC888	doi:10.1038/s41586-026-10735-w	BANC_v888 260702
VFB_00108k9g	BANC_888:720575941583559545	right side of organism	has_soma_location	BANC888	doi:10.1038/s41586-026-10735-w	BANC_v888 260702
VFB_00108k9h	BANC_888:720575941583562361	right side of organism	has_soma_location	BANC888	doi:10.1038/s41586-026-10735-w	BANC_v888 260702
VFB_00105aiu	BANC_888:720575941583564678	right side of organism	has_soma_location	BANC888	doi:10.1038/s41586-026-10735-w	BANC_v888 260702
VFB_00105aiv	BANC_888:720575941583565663	right side of organism	has_soma_location	BANC888	doi:10.1038/s41586-026-10735-w	BANC_v888 260702
VFB_00108k9i	BANC_888:720575941583567993	right side of organism	has_soma_location	BANC888	doi:10.1038/s41586-026-10735-w	BANC_v888 260702
VFB_00105aiw	BANC_888:720575941583568479	left side of organism	has_soma_location	BANC888	doi:10.1038/s41586-026-10735-w	BANC_v888 260702
VFB_00105aix	BANC_888:720575941583568862	left side of organism	has_soma_location	BANC888	doi:10.1038/s41586-026-10735-w	BANC_v888 260702
VFB_00108k9j	BANC_888:720575941583569017	right side of organism	has_soma_location	BANC888	doi:10.1038/s41586-026-10735-w	BANC_v888 260702
VFB_00108k9k	BANC_888:720575941583570041	right side of organism	has_soma_location	BANC888	doi:10.1038/s41586-026-10735-w	BANC_v888 260702
VFB_00105aiy	BANC_888:720575941583573599	right side of organism	has_soma_location	BANC888	doi:10.1038/s41586-026-10735-w	BANC_v888 260702
VFB_00105aj0	BANC_888:720575941583574238	right side of organism	has_soma_location	BANC888	doi:10.1038/s41586-026-10735-w	BANC_v888 260702
VFB_00105aj1	BANC_888:720575941583575135	left side of organism	has_soma_location	BANC888	doi:10.1038/s41586-026-10735-w	BANC_v888 260702
VFB_00108k9l	BANC_888:720575941583576953	right side of organism	has_soma_location	BANC888	doi:10.1038/s41586-026-10735-w	BANC_v888 260702
VFB_00105aj2	BANC_888:720575941583577183	right side of organism	has_soma_location	BANC888	doi:10.1038/s41586-026-10735-w	BANC_v888 260702
VFB_00108k9m	BANC_888:720575941583581049	right side of organism	has_soma_location	BANC888	doi:10.1038/s41586-026-10735-w	BANC_v888 260702
VFB_00108k9n	BANC_888:720575941583581397	right side of organism	has_soma_location	BANC888	doi:10.1038/s41586-026-10735-w	BANC_v888 260702
VFB_00108k9o	BANC_888:720575941583582585	right side of organism	has_soma_location	BANC888	doi:10.1038/s41586-026-10735-w	BANC_v888 260702
VFB_00108k9p	BANC_888:720575941583583353	right side of organism	has_soma_location	BANC888	doi:10.1038/s41586-026-10735-w	BANC_v888 260702
VFB_00105aj3	BANC_888:720575941583588830	left side of organism	has_soma_location	BANC888	doi:10.1038/s41586-026-10735-w	BANC_v888 260702
VFB_00105aj4	BANC_888:720575941583588959	right side of organism	has_soma_location	BANC888	doi:10.1038/s41586-026-10735-w	BANC_v888 260702
VFB_00105aj5	BANC_888:720575941583590495	right side of organism	has_soma_location	BANC888	doi:10.1038/s41586-026-10735-w	BANC_v888 260702
VFB_00105aj6	BANC_888:720575941583595486	right side of organism	has_soma_location	BANC888	doi:10.1038/s41586-026-10735-w	BANC_v888 260702
VFB_00105aj8	BANC_888:720575941583601286	right side of organism	has_soma_location	BANC888	doi:10.1038/s41586-026-10735-w	BANC_v888 260702
VFB_00105aj9	BANC_888:720575941583601886	left side of organism	has_soma_location	BANC888	doi:10.1038/s41586-026-10735-w	BANC_v888 260702
VFB_00105aja	BANC_888:720575941583608286	right side of organism	has_soma_location	BANC888	doi:10.1038/s41586-026-10735-w	BANC_v888 260702
VFB_00105ajb	BANC_888:720575941583613918	left side of organism	has_soma_location	BANC888	doi:10.1038/s41586-026-10735-w	BANC_v888 260702
VFB_00108k9q	BANC_888:720575941583614342	right side of organism	has_soma_location	BANC888	doi:10.1038/s41586-026-10735-w	BANC_v888 260702
VFB_00108k9r	BANC_888:720575941583622751	left side of organism	has_soma_location	BANC888	doi:10.1038/s41586-026-10735-w	BANC_v888 260702
VFB_00105ajc	BANC_888:720575941583630558	left side of organism	has_soma_location	BANC888	doi:10.1038/s41586-026-10735-w	BANC_v888 260702
VFB_00105ajd	BANC_888:720575941583634054	right side of organism	has_soma_location	BANC888	doi:10.1038/s41586-026-10735-w	BANC_v888 260702
VFB_00105aje	BANC_888:720575941583636702	right side of organism	has_soma_location	BANC888	doi:10.1038/s41586-026-10735-w	BANC_v888 260702
VFB_00105ajf	BANC_888:720575941583637214	left side of organism	has_soma_location	BANC888	doi:10.1038/s41586-026-10735-w	BANC_v888 260702
VFB_00105ajg	BANC_888:720575941583637726	right side of organism	has_soma_location	BANC888	doi:10.1038/s41586-026-10735-w	BANC_v888 260702
VFB_00105ajh	BANC_888:720575941583638494	right side of organism	has_soma_location	BANC888	doi:10.1038/s41586-026-10735-w	BANC_v888 260702
VFB_00105aji	BANC_888:720575941583644382	right side of organism	has_soma_location	BANC888	doi:10.1038/s41586-026-10735-w	BANC_v888 260702
VFB_00105ajj	BANC_888:720575941583646430	right side of organism	has_soma_location	BANC888	doi:10.1038/s41586-026-10735-w	BANC_v888 260702
VFB_00105ajk	BANC_888:720575941583649887	left side of organism	has_soma_location	BANC888	doi:10.1038/s41586-026-10735-w	BANC_v888 260702
VFB_00105ajl	BANC_888:720575941583650143	right side of organism	has_soma_location	BANC888	doi:10.1038/s41586-026-10735-w	BANC_v888 260702
VFB_00108k9s	BANC_888:720575941583652191	left side of organism	has_soma_location	BANC888	doi:10.1038/s41586-026-10735-w	BANC_v888 260702
VFB_00105ajm	BANC_888:720575941583654878	right side of organism	has_soma_location	BANC888	doi:10.1038/s41586-026-10735-w	BANC_v888 260702
VFB_00105ajn	BANC_888:720575941583655263	right side of organism	has_soma_location	BANC888	doi:10.1038/s41586-026-10735-w	BANC_v888 260702
VFB_00105ajo	BANC_888:720575941583658462	right side of organism	has_soma_location	BANC888	doi:10.1038/s41586-026-10735-w	BANC_v888 260702
VFB_00105ajp	BANC_888:720575941583659742	right side of organism	has_soma_location	BANC888	doi:10.1038/s41586-026-10735-w	BANC_v888 260702
VFB_00105ajq	BANC_888:720575941583662687	right side of organism	has_soma_location	BANC888	doi:10.1038/s41586-026-10735-w	BANC_v888 260702
VFB_00105ajr	BANC_888:720575941583663070	left side of organism	has_soma_location	BANC888	doi:10.1038/s41586-026-10735-w	BANC_v888 260702
VFB_00105ajs	BANC_888:720575941583665630	left side of organism	has_soma_location	BANC888	doi:10.1038/s41586-026-10735-w	BANC_v888 260702
VFB_00105ajt	BANC_888:720575941583668063	left side of organism	has_soma_location	BANC888	doi:10.1038/s41586-026-10735-w	BANC_v888 260702
VFB_00105aju	BANC_888:720575941583678942	left side of organism	has_soma_location	BANC888	doi:10.1038/s41586-026-10735-w	BANC_v888 260702
VFB_00105ajv	BANC_888:720575941583692127	left side of organism	has_soma_location	BANC888	doi:10.1038/s41586-026-10735-w	BANC_v888 260702
VFB_00108k9t	BANC_888:720575941583693278	right side of organism	has_soma_location	BANC888	doi:10.1038/s41586-026-10735-w	BANC_v888 260702
VFB_00108k9u	BANC_888:720575941583701599	left side of organism	has_soma_location	BANC888	doi:10.1038/s41586-026-10735-w	BANC_v888 260702
VFB_00108k9v	BANC_888:720575941583705951	right side of organism	has_soma_location	BANC888	doi:10.1038/s41586-026-10735-w	BANC_v888 260702
VFB_00105ajw	BANC_888:720575941583716574	left side of organism	has_soma_location	BANC888	doi:10.1038/s41586-026-10735-w	BANC_v888 260702
VFB_00105ajx	BANC_888:720575941583716998	left side of organism	has_soma_location	BANC888	doi:10.1038/s41586-026-10735-w	BANC_v888 260702
VFB_00105ajy	BANC_888:720575941583726558	right side of organism	has_soma_location	BANC888	doi:10.1038/s41586-026-10735-w	BANC_v888 260702
VFB_00108k9w	BANC_888:720575941583731166	left side of organism	has_soma_location	BANC888	doi:10.1038/s41586-026-10735-w	BANC_v888 260702
VFB_00105ajz	BANC_888:720575941583734238	right side of organism	has_soma_location	BANC888	doi:10.1038/s41586-026-10735-w	BANC_v888 260702
VFB_00108k9x	BANC_888:720575941583745758	right side of organism	has_soma_location	BANC888	doi:10.1038/s41586-026-10735-w	BANC_v888 260702
VFB_00108k9y	BANC_888:720575941583746399	right side of organism	has_soma_location	BANC888	doi:10.1038/s41586-026-10735-w	BANC_v888 260702
VFB_00105ak1	BANC_888:720575941583752158	right side of organism	has_soma_location	BANC888	doi:10.1038/s41586-026-10735-w	BANC_v888 260702
VFB_00105ak2	BANC_888:720575941583755230	right side of organism	has_soma_location	BANC888	doi:10.1038/s41586-026-10735-w	BANC_v888 260702
VFB_00105ak3	BANC_888:720575941583758726	left side of organism	has_soma_location	BANC888	doi:10.1038/s41586-026-10735-w	BANC_v888 260702
VFB_00105ak4	BANC_888:720575941583759494	left side of organism	has_soma_location	BANC888	doi:10.1038/s41586-026-10735-w	BANC_v888 260702
VFB_00105ak5	BANC_888:720575941583759711	right side of organism	has_soma_location	BANC888	doi:10.1038/s41586-026-10735-w	BANC_v888 260702
VFB_00105ak6	BANC_888:720575941583761759	right side of organism	has_soma_location	BANC888	doi:10.1038/s41586-026-10735-w	BANC_v888 260702
VFB_00105ak7	BANC_888:720575941583764614	right side of organism	has_soma_location	BANC888	doi:10.1038/s41586-026-10735-w	BANC_v888 260702
VFB_00105ak8	BANC_888:720575941583777119	right side of organism	has_soma_location	BANC888	doi:10.1038/s41586-026-10735-w	BANC_v888 260702
VFB_00105ak9	BANC_888:720575941583777631	right side of organism	has_soma_location	BANC888	doi:10.1038/s41586-026-10735-w	BANC_v888 260702
VFB_00105aka	BANC_888:720575941583785055	right side of organism	has_soma_location	BANC888	doi:10.1038/s41586-026-10735-w	BANC_v888 260702
VFB_00108k9z	BANC_888:720575941583795295	left side of organism	has_soma_location	BANC888	doi:10.1038/s41586-026-10735-w	BANC_v888 260702
VFB_00105akb	BANC_888:720575941583817311	right side of organism	has_soma_location	BANC888	doi:10.1038/s41586-026-10735-w	BANC_v888 260702
VFB_00105ake	BANC_888:720575941583827166	right side of organism	has_soma_location	BANC888	doi:10.1038/s41586-026-10735-w	BANC_v888 260702
VFB_00105akf	BANC_888:720575941583836638	right side of organism	has_soma_location	BANC888	doi:10.1038/s41586-026-10735-w	BANC_v888 260702
VFB_00108ka0	BANC_888:720575941583852383	right side of organism	has_soma_location	BANC888	doi:10.1038/s41586-026-10735-w	BANC_v888 260702
VFB_00108ka1	BANC_888:720575941583852639	right side of organism	has_soma_location	BANC888	doi:10.1038/s41586-026-10735-w	BANC_v888 260702
VFB_00105akh	BANC_888:720575941583854943	right side of organism	has_soma_location	BANC888	doi:10.1038/s41586-026-10735-w	BANC_v888 260702
VFB_00105aki	BANC_888:720575941583859807	right side of organism	has_soma_location	BANC888	doi:10.1038/s41586-026-10735-w	BANC_v888 260702
VFB_00105akj	BANC_888:720575941583859846	left side of organism	has_soma_location	BANC888	doi:10.1038/s41586-026-10735-w	BANC_v888 260702
VFB_00108ka2	BANC_888:720575941583861087	right side of organism	has_soma_location	BANC888	doi:10.1038/s41586-026-10735-w	BANC_v888 260702
VFB_00108ka3	BANC_888:720575941583863518	left side of organism	has_soma_location	BANC888	doi:10.1038/s41586-026-10735-w	BANC_v888 260702
VFB_00105akl	BANC_888:720575941583871366	right side of organism	has_soma_location	BANC888	doi:10.1038/s41586-026-10735-w	BANC_v888 260702
VFB_00105akm	BANC_888:720575941583874014	left side of organism	has_soma_location	BANC888	doi:10.1038/s41586-026-10735-w	BANC_v888 260702
VFB_00105akn	BANC_888:720575941583879007	left side of organism	has_soma_location	BANC888	doi:10.1038/s41586-026-10735-w	BANC_v888 260702
VFB_00108ka4	BANC_888:720575941583882079	right side of organism	has_soma_location	BANC888	doi:10.1038/s41586-026-10735-w	BANC_v888 260702
VFB_00105ako	BANC_888:720575941583883359	right side of organism	has_soma_location	BANC888	doi:10.1038/s41586-026-10735-w	BANC_v888 260702
VFB_00108ka5	BANC_888:720575941583888991	left side of organism	has_soma_location	BANC888	doi:10.1038/s41586-026-10735-w	BANC_v888 260702
VFB_00105akp	BANC_888:720575941583892831	right side of organism	has_soma_location	BANC888	doi:10.1038/s41586-026-10735-w	BANC_v888 260702
VFB_00105akq	BANC_888:720575941583897478	left side of organism	has_soma_location	BANC888	doi:10.1038/s41586-026-10735-w	BANC_v888 260702
VFB_00105akr	BANC_888:720575941583901791	right side of organism	has_soma_location	BANC888	doi:10.1038/s41586-026-10735-w	BANC_v888 260702
VFB_00105aks	BANC_888:720575941583907935	right side of organism	has_soma_location	BANC888	doi:10.1038/s41586-026-10735-w	BANC_v888 260702
VFB_00105akt	BANC_888:720575941583911302	left side of organism	has_soma_location	BANC888	doi:10.1038/s41586-026-10735-w	BANC_v888 260702
VFB_00108ka6	BANC_888:720575941583916422	right side of organism	has_soma_location	BANC888	doi:10.1038/s41586-026-10735-w	BANC_v888 260702
VFB_00105aku	BANC_888:720575941583917958	left side of organism	has_soma_location	BANC888	doi:10.1038/s41586-026-10735-w	BANC_v888 260702
VFB_00105akv	BANC_888:720575941583929439	right side of organism	has_soma_location	BANC888	doi:10.1038/s41586-026-10735-w	BANC_v888 260702
VFB_00108ka7	BANC_888:720575941583936725	right side of organism	has_soma_location	BANC888	doi:10.1038/s41586-026-10735-w	BANC_v888 260702
VFB_00105akx	BANC_888:720575941583939423	right side of organism	has_soma_location	BANC888	doi:10.1038/s41586-026-10735-w	BANC_v888 260702
VFB_00108ka8	BANC_888:720575941583945055	left side of organism	has_soma_location	BANC888	doi:10.1038/s41586-026-10735-w	BANC_v888 260702
VFB_00105aky	BANC_888:720575941583947230	right side of organism	has_soma_location	BANC888	doi:10.1038/s41586-026-10735-w	BANC_v888 260702
VFB_00105akz	BANC_888:720575941583951494	left side of organism	has_soma_location	BANC888	doi:10.1038/s41586-026-10735-w	BANC_v888 260702
VFB_00105al0	BANC_888:720575941583954015	left side of organism	has_soma_location	BANC888	doi:10.1038/s41586-026-10735-w	BANC_v888 260702
VFB_00105al1	BANC_888:720575941583954566	left side of organism	has_soma_location	BANC888	doi:10.1038/s41586-026-10735-w	BANC_v888 260702
VFB_00108ka9	BANC_888:720575941583956831	right side of organism	has_soma_location	BANC888	doi:10.1038/s41586-026-10735-w	BANC_v888 260702
VFB_00108kaa	BANC_888:720575941583977823	left side of organism	has_soma_location	BANC888	doi:10.1038/s41586-026-10735-w	BANC_v888 260702
VFB_00105al2	BANC_888:720575941583979910	left side of organism	has_soma_location	BANC888	doi:10.1038/s41586-026-10735-w	BANC_v888 260702
VFB_00105al3	BANC_888:720575941583981445	left side of organism	has_soma_location	BANC888	doi:10.1038/s41586-026-10735-w	BANC_v888 260702
VFB_00105al4	BANC_888:720575941583985759	right side of organism	has_soma_location	BANC888	doi:10.1038/s41586-026-10735-w	BANC_v888 260702
VFB_00105al5	BANC_888:720575941583986054	left side of organism	has_soma_location	BANC888	doi:10.1038/s41586-026-10735-w	BANC_v888 260702
VFB_00105al6	BANC_888:720575941583986910	right side of organism	has_soma_location	BANC888	doi:10.1038/s41586-026-10735-w	BANC_v888 260702
VFB_00105al7	BANC_888:720575941583989637	left side of organism	has_soma_location	BANC888	doi:10.1038/s41586-026-10735-w	BANC_v888 260702
VFB_00105al9	BANC_888:720575941583997318	left side of organism	has_soma_location	BANC888	doi:10.1038/s41586-026-10735-w	BANC_v888 260702
VFB_00105ala	BANC_888:720575941583999583	right side of organism	has_soma_location	BANC888	doi:10.1038/s41586-026-10735-w	BANC_v888 260702
VFB_00108kab	BANC_888:720575941584004447	left side of organism	has_soma_location	BANC888	doi:10.1038/s41586-026-10735-w	BANC_v888 260702
VFB_00108kac	BANC_888:720575941584007775	left side of organism	has_soma_location	BANC888	doi:10.1038/s41586-026-10735-w	BANC_v888 260702
VFB_00108kad	BANC_888:720575941584009055	right side of organism	has_soma_location	BANC888	doi:10.1038/s41586-026-10735-w	BANC_v888 260702
VFB_00108kae	BANC_888:720575941584017759	left side of organism	has_soma_location	BANC888	doi:10.1038/s41586-026-10735-w	BANC_v888 260702
VFB_00105alb	BANC_888:720575941584019039	right side of organism	has_soma_location	BANC888	doi:10.1038/s41586-026-10735-w	BANC_v888 260702
VFB_00105alc	BANC_888:720575941584024887	left side of organism	has_soma_location	BANC888	doi:10.1038/s41586-026-10735-w	BANC_v888 260702
VFB_00105ald	BANC_888:720575941584028511	left side of organism	has_soma_location	BANC888	doi:10.1038/s41586-026-10735-w	BANC_v888 260702
VFB_00105ale	BANC_888:720575941584031071	right side of organism	has_soma_location	BANC888	doi:10.1038/s41586-026-10735-w	BANC_v888 260702
VFB_00105alf	BANC_888:720575941584044087	left side of organism	has_soma_location	BANC888	doi:10.1038/s41586-026-10735-w	BANC_v888 260702
VFB_00105alg	BANC_888:720575941584047711	left side of organism	has_soma_location	BANC888	doi:10.1038/s41586-026-10735-w	BANC_v888 260702
VFB_00105alh	BANC_888:720575941584048006	right side of organism	has_soma_location	BANC888	doi:10.1038/s41586-026-10735-w	BANC_v888 260702
VFB_00108kaf	BANC_888:720575941584048862	left side of organism	has_soma_location	BANC888	doi:10.1038/s41586-026-10735-w	BANC_v888 260702
VFB_00105ali	BANC_888:720575941584056671	left side of organism	has_soma_location	BANC888	doi:10.1038/s41586-026-10735-w	BANC_v888 260702
VFB_00108kag	BANC_888:720575941584057695	left side of organism	has_soma_location	BANC888	doi:10.1038/s41586-026-10735-w	BANC_v888 260702
VFB_00105alk	BANC_888:720575941584059270	right side of organism	has_soma_location	BANC888	doi:10.1038/s41586-026-10735-w	BANC_v888 260702
VFB_00108kah	BANC_888:720575941584061279	right side of organism	has_soma_location	BANC888	doi:10.1038/s41586-026-10735-w	BANC_v888 260702
VFB_00108kai	BANC_888:720575941584064095	left side of organism	has_soma_location	BANC888	doi:10.1038/s41586-026-10735-w	BANC_v888 260702
VFB_00108kaj	BANC_888:720575941584065926	right side of organism	has_soma_location	BANC888	doi:10.1038/s41586-026-10735-w	BANC_v888 260702
VFB_00108kak	BANC_888:720575941584067167	right side of organism	has_soma_location	BANC888	doi:10.1038/s41586-026-10735-w	BANC_v888 260702
VFB_00108kal	BANC_888:720575941584067582	left side of organism	has_soma_location	BANC888	doi:10.1038/s41586-026-10735-w	BANC_v888 260702
VFB_00105aln	BANC_888:720575941584076678	right side of organism	has_soma_location	BANC888	doi:10.1038/s41586-026-10735-w	BANC_v888 260702
VFB_00108kam	BANC_888:720575941584079711	right side of organism	has_soma_location	BANC888	doi:10.1038/s41586-026-10735-w	BANC_v888 260702
VFB_00108kan	BANC_888:720575941584080223	right side of organism	has_soma_location	BANC888	doi:10.1038/s41586-026-10735-w	BANC_v888 260702
VFB_00105alo	BANC_888:720575941584082054	right side of organism	has_soma_location	BANC888	doi:10.1038/s41586-026-10735-w	BANC_v888 260702
VFB_00105alp	BANC_888:720575941584082310	right side of organism	has_soma_location	BANC888	doi:10.1038/s41586-026-10735-w	BANC_v888 260702
VFB_00105alq	BANC_888:720575941584082654	left side of organism	has_soma_location	BANC888	doi:10.1038/s41586-026-10735-w	BANC_v888 260702
VFB_00105alr	BANC_888:720575941584082783	left side of organism	has_soma_location	BANC888	doi:10.1038/s41586-026-10735-w	BANC_v888 260702
VFB_00105als	BANC_888:720575941584084319	right side of organism	has_soma_location	BANC888	doi:10.1038/s41586-026-10735-w	BANC_v888 260702
VFB_00108kao	BANC_888:720575941584089951	right side of organism	has_soma_location	BANC888	doi:10.1038/s41586-026-10735-w	BANC_v888 260702
VFB_00105alu	BANC_888:720575941584091487	right side of organism	has_soma_location	BANC888	doi:10.1038/s41586-026-10735-w	BANC_v888 260702
VFB_00105alv	BANC_888:720575941584094047	right side of organism	has_soma_location	BANC888	doi:10.1038/s41586-026-10735-w	BANC_v888 260702
VFB_00105alw	BANC_888:720575941584097631	right side of organism	has_soma_location	BANC888	doi:10.1038/s41586-026-10735-w	BANC_v888 260702
VFB_00105alx	BANC_888:720575941584099935	right side of organism	has_soma_location	BANC888	doi:10.1038/s41586-026-10735-w	BANC_v888 260702
VFB_00105aly	BANC_888:720575941584102495	right side of organism	has_soma_location	BANC888	doi:10.1038/s41586-026-10735-w	BANC_v888 260702
VFB_00105alz	BANC_888:720575941584103046	right side of organism	has_soma_location	BANC888	doi:10.1038/s41586-026-10735-w	BANC_v888 260702
VFB_00105am0	BANC_888:720575941584104543	right side of organism	has_soma_location	BANC888	doi:10.1038/s41586-026-10735-w	BANC_v888 260702
VFB_00105am1	BANC_888:720575941584105055	right side of organism	has_soma_location	BANC888	doi:10.1038/s41586-026-10735-w	BANC_v888 260702
VFB_00105am2	BANC_888:720575941584105567	right side of organism	has_soma_location	BANC888	doi:10.1038/s41586-026-10735-w	BANC_v888 260702
VFB_00105am3	BANC_888:720575941584106886	right side of organism	has_soma_location	BANC888	doi:10.1038/s41586-026-10735-w	BANC_v888 260702
VFB_00105am4	BANC_888:720575941584108639	right side of organism	has_soma_location	BANC888	doi:10.1038/s41586-026-10735-w	BANC_v888 260702
VFB_00105am5	BANC_888:720575941584109151	right side of organism	has_soma_location	BANC888	doi:10.1038/s41586-026-10735-w	BANC_v888 260702
VFB_00105am6	BANC_888:720575941584111494	right side of organism	has_soma_location	BANC888	doi:10.1038/s41586-026-10735-w	BANC_v888 260702
VFB_00105am7	BANC_888:720575941584112479	right side of organism	has_soma_location	BANC888	doi:10.1038/s41586-026-10735-w	BANC_v888 260702
VFB_00108kap	BANC_888:720575941584114822	left side of organism	has_soma_location	BANC888	doi:10.1038/s41586-026-10735-w	BANC_v888 260702
VFB_00108kaq	BANC_888:720575941584116870	right side of organism	has_soma_location	BANC888	doi:10.1038/s41586-026-10735-w	BANC_v888 260702
VFB_00108kar	BANC_888:720575941584118111	right side of organism	has_soma_location	BANC888	doi:10.1038/s41586-026-10735-w	BANC_v888 260702
VFB_00105am8	BANC_888:720575941584118367	right side of organism	has_soma_location	BANC888	doi:10.1038/s41586-026-10735-w	BANC_v888 260702
VFB_00105am9	BANC_888:720575941584118623	right side of organism	has_soma_location	BANC888	doi:10.1038/s41586-026-10735-w	BANC_v888 260702
VFB_00105amb	BANC_888:720575941584122246	right side of organism	has_soma_location	BANC888	doi:10.1038/s41586-026-10735-w	BANC_v888 260702
VFB_00108kas	BANC_888:720575941584127327	right side of organism	has_soma_location	BANC888	doi:10.1038/s41586-026-10735-w	BANC_v888 260702
VFB_00105amc	BANC_888:720575941584128863	right side of organism	has_soma_location	BANC888	doi:10.1038/s41586-026-10735-w	BANC_v888 260702
VFB_00105amd	BANC_888:720575941584129670	right side of organism	has_soma_location	BANC888	doi:10.1038/s41586-026-10735-w	BANC_v888 260702
VFB_00105ame	BANC_888:720575941584131206	right side of organism	has_soma_location	BANC888	doi:10.1038/s41586-026-10735-w	BANC_v888 260702
VFB_00105amf	BANC_888:720575941584132959	right side of organism	has_soma_location	BANC888	doi:10.1038/s41586-026-10735-w	BANC_v888 260702
VFB_00108kat	BANC_888:720575941584133215	right side of organism	has_soma_location	BANC888	doi:10.1038/s41586-026-10735-w	BANC_v888 260702
VFB_00108kau	BANC_888:720575941584133727	right side of organism	has_soma_location	BANC888	doi:10.1038/s41586-026-10735-w	BANC_v888 260702
VFB_00108kav	BANC_888:720575941584140127	right side of organism	has_soma_location	BANC888	doi:10.1038/s41586-026-10735-w	BANC_v888 260702
VFB_00105amg	BANC_888:720575941584141151	left side of organism	has_soma_location	BANC888	doi:10.1038/s41586-026-10735-w	BANC_v888 260702
VFB_00105amh	BANC_888:720575941584143199	right side of organism	has_soma_location	BANC888	doi:10.1038/s41586-026-10735-w	BANC_v888 260702
VFB_00108kaw	BANC_888:720575941584150014	left side of organism	has_soma_location	BANC888	doi:10.1038/s41586-026-10735-w	BANC_v888 260702
VFB_00105aml	BANC_888:720575941584151647	right side of organism	has_soma_location	BANC888	doi:10.1038/s41586-026-10735-w	BANC_v888 260702
VFB_00105amm	BANC_888:720575941584155270	right side of organism	has_soma_location	BANC888	doi:10.1038/s41586-026-10735-w	BANC_v888 260702
VFB_00108kax	BANC_888:720575941584161887	right side of organism	has_soma_location	BANC888	doi:10.1038/s41586-026-10735-w	BANC_v888 260702
VFB_00108kay	BANC_888:720575941584161926	right side of organism	has_soma_location	BANC888	doi:10.1038/s41586-026-10735-w	BANC_v888 260702
VFB_00108kaz	BANC_888:720575941584188255	left side of organism	has_soma_location	BANC888	doi:10.1038/s41586-026-10735-w	BANC_v888 260702
VFB_00108kb0	BANC_888:720575941584188894	left side of organism	has_soma_location	BANC888	doi:10.1038/s41586-026-10735-w	BANC_v888 260702
VFB_00108kb1	BANC_888:720575941584190559	left side of organism	has_soma_location	BANC888	doi:10.1038/s41586-026-10735-w	BANC_v888 260702
VFB_00105amn	BANC_888:720575941584191710	right side of organism	has_soma_location	BANC888	doi:10.1038/s41586-026-10735-w	BANC_v888 260702
VFB_00105amo	BANC_888:720575941584194270	right side of organism	has_soma_location	BANC888	doi:10.1038/s41586-026-10735-w	BANC_v888 260702
VFB_00105amp	BANC_888:720575941584196742	right side of organism	has_soma_location	BANC888	doi:10.1038/s41586-026-10735-w	BANC_v888 260702
VFB_00108kb2	BANC_888:720575941584205663	left side of organism	has_soma_location	BANC888	doi:10.1038/s41586-026-10735-w	BANC_v888 260702
VFB_00105amq	BANC_888:720575941584209030	right side of organism	has_soma_location	BANC888	doi:10.1038/s41586-026-10735-w	BANC_v888 260702
VFB_00108kb3	BANC_888:720575941584210527	left side of organism	has_soma_location	BANC888	doi:10.1038/s41586-026-10735-w	BANC_v888 260702
VFB_00105amr	BANC_888:720575941584210566	right side of organism	has_soma_location	BANC888	doi:10.1038/s41586-026-10735-w	BANC_v888 260702
VFB_00105ams	BANC_888:720575941584214623	right side of organism	has_soma_location	BANC888	doi:10.1038/s41586-026-10735-w	BANC_v888 260702
VFB_00105amt	BANC_888:720575941584215686	right side of organism	has_soma_location	BANC888	doi:10.1038/s41586-026-10735-w	BANC_v888 260702
VFB_00105amu	BANC_888:720575941584219614	left side of organism	has_soma_location	BANC888	doi:10.1038/s41586-026-10735-w	BANC_v888 260702
VFB_00105amv	BANC_888:720575941584220550	left side of organism	has_soma_location	BANC888	doi:10.1038/s41586-026-10735-w	BANC_v888 260702
VFB_00105amw	BANC_888:720575941584228742	right side of organism	has_soma_location	BANC888	doi:10.1038/s41586-026-10735-w	BANC_v888 260702
VFB_00105amy	BANC_888:720575941584236422	right side of organism	has_soma_location	BANC888	doi:10.1038/s41586-026-10735-w	BANC_v888 260702
VFB_00105amz	BANC_888:720575941584237407	right side of organism	has_soma_location	BANC888	doi:10.1038/s41586-026-10735-w	BANC_v888 260702
VFB_00108kb4	BANC_888:720575941584246111	left side of organism	has_soma_location	BANC888	doi:10.1038/s41586-026-10735-w	BANC_v888 260702
VFB_00105an4	BANC_888:720575941584251014	right side of organism	has_soma_location	BANC888	doi:10.1038/s41586-026-10735-w	BANC_v888 260702
VFB_00105an5	BANC_888:720575941584257375	right side of organism	has_soma_location	BANC888	doi:10.1038/s41586-026-10735-w	BANC_v888 260702
VFB_00105an6	BANC_888:720575941584261471	right side of organism	has_soma_location	BANC888	doi:10.1038/s41586-026-10735-w	BANC_v888 260702
VFB_00108kb5	BANC_888:720575941584270726	right side of organism	has_soma_location	BANC888	doi:10.1038/s41586-026-10735-w	BANC_v888 260702
VFB_00105an7	BANC_888:720575941584275846	right side of organism	has_soma_location	BANC888	doi:10.1038/s41586-026-10735-w	BANC_v888 260702
VFB_00105an9	BANC_888:720575941584277982	left side of organism	has_soma_location	BANC888	doi:10.1038/s41586-026-10735-w	BANC_v888 260702
VFB_00108kb6	BANC_888:720575941584281695	left side of organism	has_soma_location	BANC888	doi:10.1038/s41586-026-10735-w	BANC_v888 260702
VFB_00105ana	BANC_888:720575941584286686	right side of organism	has_soma_location	BANC888	doi:10.1038/s41586-026-10735-w	BANC_v888 260702
VFB_00108kb7	BANC_888:720575941584287071	left side of organism	has_soma_location	BANC888	doi:10.1038/s41586-026-10735-w	BANC_v888 260702
VFB_00108kb8	BANC_888:720575941584290438	right side of organism	has_soma_location	BANC888	doi:10.1038/s41586-026-10735-w	BANC_v888 260702
VFB_00105anb	BANC_888:720575941584291974	right side of organism	has_soma_location	BANC888	doi:10.1038/s41586-026-10735-w	BANC_v888 260702
VFB_00108kb9	BANC_888:720575941584299871	right side of organism	has_soma_location	BANC888	doi:10.1038/s41586-026-10735-w	BANC_v888 260702
VFB_00105anc	BANC_888:720575941584305030	right side of organism	has_soma_location	BANC888	doi:10.1038/s41586-026-10735-w	BANC_v888 260702
VFB_00108kba	BANC_888:720575941584306015	left side of organism	has_soma_location	BANC888	doi:10.1038/s41586-026-10735-w	BANC_v888 260702
VFB_00108kbb	BANC_888:720575941584309894	right side of organism	has_soma_location	BANC888	doi:10.1038/s41586-026-10735-w	BANC_v888 260702
VFB_00105and	BANC_888:720575941584311262	right side of organism	has_soma_location	BANC888	doi:10.1038/s41586-026-10735-w	BANC_v888 260702
VFB_00105ane	BANC_888:720575941584311942	right side of organism	has_soma_location	BANC888	doi:10.1038/s41586-026-10735-w	BANC_v888 260702
VFB_00108kbc	BANC_888:720575941584314719	left side of organism	has_soma_location	BANC888	doi:10.1038/s41586-026-10735-w	BANC_v888 260702
VFB_00105anf	BANC_888:720575941584318342	right side of organism	has_soma_location	BANC888	doi:10.1038/s41586-026-10735-w	BANC_v888 260702
VFB_00105anh	BANC_888:720575941584320134	right side of organism	has_soma_location	BANC888	doi:10.1038/s41586-026-10735-w	BANC_v888 260702
VFB_00105anj	BANC_888:720575941584325598	right side of organism	has_soma_location	BANC888	doi:10.1038/s41586-026-10735-w	BANC_v888 260702
VFB_00108kbd	BANC_888:720575941584327902	left side of organism	has_soma_location	BANC888	doi:10.1038/s41586-026-10735-w	BANC_v888 260702
VFB_00108kbe	BANC_888:720575941584328958	left side of organism	has_soma_location	BANC888	doi:10.1038/s41586-026-10735-w	BANC_v888 260702
VFB_00105ank	BANC_888:720575941584329694	right side of organism	has_soma_location	BANC888	doi:10.1038/s41586-026-10735-w	BANC_v888 260702
VFB_00105anl	BANC_888:720575941584335326	right side of organism	has_soma_location	BANC888	doi:10.1038/s41586-026-10735-w	BANC_v888 260702
VFB_00105anm	BANC_888:720575941584337118	right side of organism	has_soma_location	BANC888	doi:10.1038/s41586-026-10735-w	BANC_v888 260702
VFB_00105ann	BANC_888:720575941584342662	right side of organism	has_soma_location	BANC888	doi:10.1038/s41586-026-10735-w	BANC_v888 260702
VFB_00105ano	BANC_888:720575941584349406	right side of organism	has_soma_location	BANC888	doi:10.1038/s41586-026-10735-w	BANC_v888 260702
VFB_00105anp	BANC_888:720575941584350686	right side of organism	has_soma_location	BANC888	doi:10.1038/s41586-026-10735-w	BANC_v888 260702
VFB_00105anq	BANC_888:720575941584352734	right side of organism	has_soma_location	BANC888	doi:10.1038/s41586-026-10735-w	BANC_v888 260702
VFB_00105anr	BANC_888:720575941584353119	left side of organism	has_soma_location	BANC888	doi:10.1038/s41586-026-10735-w	BANC_v888 260702
VFB_00108kbf	BANC_888:720575941584367102	left side of organism	has_soma_location	BANC888	doi:10.1038/s41586-026-10735-w	BANC_v888 260702
VFB_00105anu	BANC_888:720575941584371934	right side of organism	has_soma_location	BANC888	doi:10.1038/s41586-026-10735-w	BANC_v888 260702
VFB_00105anx	BANC_888:720575941584375006	right side of organism	has_soma_location	BANC888	doi:10.1038/s41586-026-10735-w	BANC_v888 260702
VFB_00105any	BANC_888:720575941584377310	right side of organism	has_soma_location	BANC888	doi:10.1038/s41586-026-10735-w	BANC_v888 260702
VFB_00105anz	BANC_888:720575941584379102	right side of organism	has_soma_location	BANC888	doi:10.1038/s41586-026-10735-w	BANC_v888 260702
VFB_00105ao0	BANC_888:720575941584383198	right side of organism	has_soma_location	BANC888	doi:10.1038/s41586-026-10735-w	BANC_v888 260702
VFB_00105ao1	BANC_888:720575941584387550	right side of organism	has_soma_location	BANC888	doi:10.1038/s41586-026-10735-w	BANC_v888 260702
VFB_00105ao2	BANC_888:720575941584391646	right side of organism	has_soma_location	BANC888	doi:10.1038/s41586-026-10735-w	BANC_v888 260702
VFB_00105ao3	BANC_888:720575941584391775	left side of organism	has_soma_location	BANC888	doi:10.1038/s41586-026-10735-w	BANC_v888 260702
VFB_00105ao5	BANC_888:720575941584395871	right side of organism	has_soma_location	BANC888	doi:10.1038/s41586-026-10735-w	BANC_v888 260702
VFB_00105ao6	BANC_888:720575941584400094	right side of organism	has_soma_location	BANC888	doi:10.1038/s41586-026-10735-w	BANC_v888 260702
VFB_00105ao8	BANC_888:720575941584405982	right side of organism	has_soma_location	BANC888	doi:10.1038/s41586-026-10735-w	BANC_v888 260702
VFB_00108kbg	BANC_888:720575941584407262	right side of organism	has_soma_location	BANC888	doi:10.1038/s41586-026-10735-w	BANC_v888 260702
VFB_00108kbh	BANC_888:720575941584409183	left side of organism	has_soma_location	BANC888	doi:10.1038/s41586-026-10735-w	BANC_v888 260702
VFB_00105ao9	BANC_888:720575941584412638	right side of organism	has_soma_location	BANC888	doi:10.1038/s41586-026-10735-w	BANC_v888 260702
VFB_00108kbi	BANC_888:720575941584416351	left side of organism	has_soma_location	BANC888	doi:10.1038/s41586-026-10735-w	BANC_v888 260702
VFB_00105aob	BANC_888:720575941584418950	right side of organism	has_soma_location	BANC888	doi:10.1038/s41586-026-10735-w	BANC_v888 260702
VFB_00105aoc	BANC_888:720575941584419806	right side of organism	has_soma_location	BANC888	doi:10.1038/s41586-026-10735-w	BANC_v888 260702
VFB_00105aod	BANC_888:720575941584420191	right side of organism	has_soma_location	BANC888	doi:10.1038/s41586-026-10735-w	BANC_v888 260702
VFB_00108kbj	BANC_888:720575941584420606	left side of organism	has_soma_location	BANC888	doi:10.1038/s41586-026-10735-w	BANC_v888 260702
VFB_00105aoe	BANC_888:720575941584421086	right side of organism	has_soma_location	BANC888	doi:10.1038/s41586-026-10735-w	BANC_v888 260702
VFB_00105aof	BANC_888:720575941584423007	right side of organism	has_soma_location	BANC888	doi:10.1038/s41586-026-10735-w	BANC_v888 260702
VFB_00105aog	BANC_888:720575941584424926	left side of organism	has_soma_location	BANC888	doi:10.1038/s41586-026-10735-w	BANC_v888 260702
VFB_00108kbk	BANC_888:720575941584428934	left side of organism	has_soma_location	BANC888	doi:10.1038/s41586-026-10735-w	BANC_v888 260702
VFB_00108kbl	BANC_888:720575941584431870	left side of organism	has_soma_location	BANC888	doi:10.1038/s41586-026-10735-w	BANC_v888 260702
VFB_00105aoi	BANC_888:720575941584432606	right side of organism	has_soma_location	BANC888	doi:10.1038/s41586-026-10735-w	BANC_v888 260702
VFB_00105aoj	BANC_888:720575941584433118	right side of organism	has_soma_location	BANC888	doi:10.1038/s41586-026-10735-w	BANC_v888 260702
VFB_00108kbm	BANC_888:720575941584434271	left side of organism	has_soma_location	BANC888	doi:10.1038/s41586-026-10735-w	BANC_v888 260702
VFB_00108kbn	BANC_888:720575941584443902	left side of organism	has_soma_location	BANC888	doi:10.1038/s41586-026-10735-w	BANC_v888 260702
VFB_00105aok	BANC_888:720575941584446815	left side of organism	has_soma_location	BANC888	doi:10.1038/s41586-026-10735-w	BANC_v888 260702
VFB_00105aol	BANC_888:720575941584447839	left side of organism	has_soma_location	BANC888	doi:10.1038/s41586-026-10735-w	BANC_v888 260702
VFB_00105aom	BANC_888:720575941584448134	right side of organism	has_soma_location	BANC888	doi:10.1038/s41586-026-10735-w	BANC_v888 260702
VFB_00105aon	BANC_888:720575941584448390	left side of organism	has_soma_location	BANC888	doi:10.1038/s41586-026-10735-w	BANC_v888 260702
VFB_00105aoo	BANC_888:720575941584451167	left side of organism	has_soma_location	BANC888	doi:10.1038/s41586-026-10735-w	BANC_v888 260702
VFB_00105aop	BANC_888:720575941584453854	right side of organism	has_soma_location	BANC888	doi:10.1038/s41586-026-10735-w	BANC_v888 260702
VFB_00105aoq	BANC_888:720575941584454110	right side of organism	has_soma_location	BANC888	doi:10.1038/s41586-026-10735-w	BANC_v888 260702
VFB_00108kbo	BANC_888:720575941584455007	left side of organism	has_soma_location	BANC888	doi:10.1038/s41586-026-10735-w	BANC_v888 260702
VFB_00108kbp	BANC_888:720575941584455519	right side of organism	has_soma_location	BANC888	doi:10.1038/s41586-026-10735-w	BANC_v888 260702
VFB_00105aos	BANC_888:720575941584459871	right side of organism	has_soma_location	BANC888	doi:10.1038/s41586-026-10735-w	BANC_v888 260702
VFB_00105aot	BANC_888:720575941584459998	right side of organism	has_soma_location	BANC888	doi:10.1038/s41586-026-10735-w	BANC_v888 260702
VFB_00105aou	BANC_888:720575941584460639	left side of organism	has_soma_location	BANC888	doi:10.1038/s41586-026-10735-w	BANC_v888 260702
VFB_00105aov	BANC_888:720575941584460934	right side of organism	has_soma_location	BANC888	doi:10.1038/s41586-026-10735-w	BANC_v888 260702
VFB_00108kbq	BANC_888:720575941584463711	left side of organism	has_soma_location	BANC888	doi:10.1038/s41586-026-10735-w	BANC_v888 260702
VFB_00105aow	BANC_888:720575941584464991	left side of organism	has_soma_location	BANC888	doi:10.1038/s41586-026-10735-w	BANC_v888 260702
VFB_00105aox	BANC_888:720575941584465503	left side of organism	has_soma_location	BANC888	doi:10.1038/s41586-026-10735-w	BANC_v888 260702
VFB_00105aoy	BANC_888:720575941584466527	right side of organism	has_soma_location	BANC888	doi:10.1038/s41586-026-10735-w	BANC_v888 260702
VFB_00105aoz	BANC_888:720575941584468319	right side of organism	has_soma_location	BANC888	doi:10.1038/s41586-026-10735-w	BANC_v888 260702
VFB_00105ap0	BANC_888:720575941584470879	right side of organism	has_soma_location	BANC888	doi:10.1038/s41586-026-10735-w	BANC_v888 260702
VFB_00105ap1	BANC_888:720575941584471647	right side of organism	has_soma_location	BANC888	doi:10.1038/s41586-026-10735-w	BANC_v888 260702
VFB_00105ap2	BANC_888:720575941584475782	left side of organism	has_soma_location	BANC888	doi:10.1038/s41586-026-10735-w	BANC_v888 260702
VFB_00105ap3	BANC_888:720575941584476126	right side of organism	has_soma_location	BANC888	doi:10.1038/s41586-026-10735-w	BANC_v888 260702
VFB_00108kbr	BANC_888:720575941584478047	right side of organism	has_soma_location	BANC888	doi:10.1038/s41586-026-10735-w	BANC_v888 260702
VFB_00105ap5	BANC_888:720575941584488287	left side of organism	has_soma_location	BANC888	doi:10.1038/s41586-026-10735-w	BANC_v888 260702
VFB_00105ap6	BANC_888:720575941584492510	right side of organism	has_soma_location	BANC888	doi:10.1038/s41586-026-10735-w	BANC_v888 260702
VFB_00105ap7	BANC_888:720575941584492639	left side of organism	has_soma_location	BANC888	doi:10.1038/s41586-026-10735-w	BANC_v888 260702
VFB_00105ap8	BANC_888:720575941584493190	right side of organism	has_soma_location	BANC888	doi:10.1038/s41586-026-10735-w	BANC_v888 260702
VFB_00105apa	BANC_888:720575941584502367	right side of organism	has_soma_location	BANC888	doi:10.1038/s41586-026-10735-w	BANC_v888 260702
VFB_00108kbs	BANC_888:720575941584502918	right side of organism	has_soma_location	BANC888	doi:10.1038/s41586-026-10735-w	BANC_v888 260702
VFB_00108kbt	BANC_888:720575941584506366	left side of organism	has_soma_location	BANC888	doi:10.1038/s41586-026-10735-w	BANC_v888 260702
VFB_00105apb	BANC_888:720575941584513926	left side of organism	has_soma_location	BANC888	doi:10.1038/s41586-026-10735-w	BANC_v888 260702
VFB_00105apc	BANC_888:720575941584517983	right side of organism	has_soma_location	BANC888	doi:10.1038/s41586-026-10735-w	BANC_v888 260702
VFB_00108kbu	BANC_888:720575941584521214	left side of organism	has_soma_location	BANC888	doi:10.1038/s41586-026-10735-w	BANC_v888 260702
VFB_00108kbv	BANC_888:720575941584522374	right side of organism	has_soma_location	BANC888	doi:10.1038/s41586-026-10735-w	BANC_v888 260702
VFB_00108kbw	BANC_888:720575941584522494	left side of organism	has_soma_location	BANC888	doi:10.1038/s41586-026-10735-w	BANC_v888 260702
VFB_00108kbx	BANC_888:720575941584523518	left side of organism	has_soma_location	BANC888	doi:10.1038/s41586-026-10735-w	BANC_v888 260702
VFB_00105ape	BANC_888:720575941584526175	left side of organism	has_soma_location	BANC888	doi:10.1038/s41586-026-10735-w	BANC_v888 260702
VFB_00105apf	BANC_888:720575941584527838	right side of organism	has_soma_location	BANC888	doi:10.1038/s41586-026-10735-w	BANC_v888 260702
VFB_00105apg	BANC_888:720575941584528774	right side of organism	has_soma_location	BANC888	doi:10.1038/s41586-026-10735-w	BANC_v888 260702
VFB_00105aph	BANC_888:720575941584530142	right side of organism	has_soma_location	BANC888	doi:10.1038/s41586-026-10735-w	BANC_v888 260702
VFB_00105api	BANC_888:720575941584530783	right side of organism	has_soma_location	BANC888	doi:10.1038/s41586-026-10735-w	BANC_v888 260702
VFB_00105apj	BANC_888:720575941584532446	right side of organism	has_soma_location	BANC888	doi:10.1038/s41586-026-10735-w	BANC_v888 260702
VFB_00108kby	BANC_888:720575941584537990	right side of organism	has_soma_location	BANC888	doi:10.1038/s41586-026-10735-w	BANC_v888 260702
VFB_00108kbz	BANC_888:720575941584545631	right side of organism	has_soma_location	BANC888	doi:10.1038/s41586-026-10735-w	BANC_v888 260702
VFB_00108kc0	BANC_888:720575941584548062	right side of organism	has_soma_location	BANC888	doi:10.1038/s41586-026-10735-w	BANC_v888 260702
VFB_00105apl	BANC_888:720575941584552926	right side of organism	has_soma_location	BANC888	doi:10.1038/s41586-026-10735-w	BANC_v888 260702
VFB_00105apm	BANC_888:720575941584553606	right side of organism	has_soma_location	BANC888	doi:10.1038/s41586-026-10735-w	BANC_v888 260702
VFB_00105apn	BANC_888:720575941584553862	right side of organism	has_soma_location	BANC888	doi:10.1038/s41586-026-10735-w	BANC_v888 260702
VFB_00105app	BANC_888:720575941584557534	right side of organism	has_soma_location	BANC888	doi:10.1038/s41586-026-10735-w	BANC_v888 260702
VFB_00108kc1	BANC_888:720575941584558846	left side of organism	has_soma_location	BANC888	doi:10.1038/s41586-026-10735-w	BANC_v888 260702
VFB_00105apr	BANC_888:720575941584560350	right side of organism	has_soma_location	BANC888	doi:10.1038/s41586-026-10735-w	BANC_v888 260702
VFB_00108kc2	BANC_888:720575941584562174	left side of organism	has_soma_location	BANC888	doi:10.1038/s41586-026-10735-w	BANC_v888 260702
VFB_00105aps	BANC_888:720575941584562654	right side of organism	has_soma_location	BANC888	doi:10.1038/s41586-026-10735-w	BANC_v888 260702
VFB_00108kc3	BANC_888:720575941584565470	right side of organism	has_soma_location	BANC888	doi:10.1038/s41586-026-10735-w	BANC_v888 260702
VFB_00108kc4	BANC_888:720575941584567647	right side of organism	has_soma_location	BANC888	doi:10.1038/s41586-026-10735-w	BANC_v888 260702
VFB_00105apu	BANC_888:720575941584570334	right side of organism	has_soma_location	BANC888	doi:10.1038/s41586-026-10735-w	BANC_v888 260702
VFB_00105apv	BANC_888:720575941584571743	right side of organism	has_soma_location	BANC888	doi:10.1038/s41586-026-10735-w	BANC_v888 260702
VFB_00105apw	BANC_888:720575941584571782	right side of organism	has_soma_location	BANC888	doi:10.1038/s41586-026-10735-w	BANC_v888 260702
VFB_00108kc5	BANC_888:720575941584575198	right side of organism	has_soma_location	BANC888	doi:10.1038/s41586-026-10735-w	BANC_v888 260702
VFB_00105apy	BANC_888:720575941584575966	right side of organism	has_soma_location	BANC888	doi:10.1038/s41586-026-10735-w	BANC_v888 260702
VFB_00105apz	BANC_888:720575941584578182	right side of organism	has_soma_location	BANC888	doi:10.1038/s41586-026-10735-w	BANC_v888 260702
VFB_00105aq0	BANC_888:720575941584578270	right side of organism	has_soma_location	BANC888	doi:10.1038/s41586-026-10735-w	BANC_v888 260702
VFB_00105aq1	BANC_888:720575941584584326	right side of organism	has_soma_location	BANC888	doi:10.1038/s41586-026-10735-w	BANC_v888 260702
VFB_00105aq2	BANC_888:720575941584585950	right side of organism	has_soma_location	BANC888	doi:10.1038/s41586-026-10735-w	BANC_v888 260702
VFB_00105aq3	BANC_888:720575941584590943	right side of organism	has_soma_location	BANC888	doi:10.1038/s41586-026-10735-w	BANC_v888 260702
VFB_00105aq4	BANC_888:720575941584591494	left side of organism	has_soma_location	BANC888	doi:10.1038/s41586-026-10735-w	BANC_v888 260702
VFB_00105aq5	BANC_888:720575941584591582	right side of organism	has_soma_location	BANC888	doi:10.1038/s41586-026-10735-w	BANC_v888 260702
VFB_00105aq7	BANC_888:720575941584593030	right side of organism	has_soma_location	BANC888	doi:10.1038/s41586-026-10735-w	BANC_v888 260702
VFB_00105aq8	BANC_888:720575941584594054	right side of organism	has_soma_location	BANC888	doi:10.1038/s41586-026-10735-w	BANC_v888 260702
VFB_00108kc6	BANC_888:720575941584594910	right side of organism	has_soma_location	BANC888	doi:10.1038/s41586-026-10735-w	BANC_v888 260702
VFB_00105aq9	BANC_888:720575941584596831	left side of organism	has_soma_location	BANC888	doi:10.1038/s41586-026-10735-w	BANC_v888 260702
VFB_00105aqa	BANC_888:720575941584601054	right side of organism	has_soma_location	BANC888	doi:10.1038/s41586-026-10735-w	BANC_v888 260702
VFB_00108kc7	BANC_888:720575941584608134	right side of organism	has_soma_location	BANC888	doi:10.1038/s41586-026-10735-w	BANC_v888 260702
VFB_00105aqb	BANC_888:720575941584610655	left side of organism	has_soma_location	BANC888	doi:10.1038/s41586-026-10735-w	BANC_v888 260702
VFB_00105aqc	BANC_888:720575941584610911	left side of organism	has_soma_location	BANC888	doi:10.1038/s41586-026-10735-w	BANC_v888 260702
VFB_00108kc8	BANC_888:720575941584611582	left side of organism	has_soma_location	BANC888	doi:10.1038/s41586-026-10735-w	BANC_v888 260702
VFB_00105aqd	BANC_888:720575941584611974	right side of organism	has_soma_location	BANC888	doi:10.1038/s41586-026-10735-w	BANC_v888 260702
VFB_00108kc9	BANC_888:720575941584614869	right side of organism	has_soma_location	BANC888	doi:10.1038/s41586-026-10735-w	BANC_v888 260702
VFB_00108kca	BANC_888:720575941584615637	right side of organism	has_soma_location	BANC888	doi:10.1038/s41586-026-10735-w	BANC_v888 260702
VFB_00105aqe	BANC_888:720575941584618206	right side of organism	has_soma_location	BANC888	doi:10.1038/s41586-026-10735-w	BANC_v888 260702
VFB_00105aqf	BANC_888:720575941584620895	left side of organism	has_soma_location	BANC888	doi:10.1038/s41586-026-10735-w	BANC_v888 260702
VFB_00105aqg	BANC_888:720575941584621919	left side of organism	has_soma_location	BANC888	doi:10.1038/s41586-026-10735-w	BANC_v888 260702
VFB_00108kcb	BANC_888:720575941584627846	right side of organism	has_soma_location	BANC888	doi:10.1038/s41586-026-10735-w	BANC_v888 260702
VFB_00105aqi	BANC_888:720575941584631518	right side of organism	has_soma_location	BANC888	doi:10.1038/s41586-026-10735-w	BANC_v888 260702
VFB_00105aqj	BANC_888:720575941584633439	left side of organism	has_soma_location	BANC888	doi:10.1038/s41586-026-10735-w	BANC_v888 260702
VFB_00108kcc	BANC_888:720575941584634325	right side of organism	has_soma_location	BANC888	doi:10.1038/s41586-026-10735-w	BANC_v888 260702
VFB_00108kcd	BANC_888:720575941584636629	right side of organism	has_soma_location	BANC888	doi:10.1038/s41586-026-10735-w	BANC_v888 260702
VFB_00108kce	BANC_888:720575941584637791	left side of organism	has_soma_location	BANC888	doi:10.1038/s41586-026-10735-w	BANC_v888 260702
VFB_00108kcf	BANC_888:720575941584641237	right side of organism	has_soma_location	BANC888	doi:10.1038/s41586-026-10735-w	BANC_v888 260702
VFB_00105aqm	BANC_888:720575941584643935	right side of organism	has_soma_location	BANC888	doi:10.1038/s41586-026-10735-w	BANC_v888 260702
VFB_00105aqn	BANC_888:720575941584644998	right side of organism	has_soma_location	BANC888	doi:10.1038/s41586-026-10735-w	BANC_v888 260702
VFB_00105aqo	BANC_888:720575941584645727	right side of organism	has_soma_location	BANC888	doi:10.1038/s41586-026-10735-w	BANC_v888 260702
VFB_00108kcg	BANC_888:720575941584647775	right side of organism	has_soma_location	BANC888	doi:10.1038/s41586-026-10735-w	BANC_v888 260702
VFB_00108kch	BANC_888:720575941584649470	left side of organism	has_soma_location	BANC888	doi:10.1038/s41586-026-10735-w	BANC_v888 260702
VFB_00108kci	BANC_888:720575941584656341	right side of organism	has_soma_location	BANC888	doi:10.1038/s41586-026-10735-w	BANC_v888 260702
VFB_00108kcj	BANC_888:720575941584657877	right side of organism	has_soma_location	BANC888	doi:10.1038/s41586-026-10735-w	BANC_v888 260702
VFB_00105aqr	BANC_888:720575941584665439	right side of organism	has_soma_location	BANC888	doi:10.1038/s41586-026-10735-w	BANC_v888 260702
VFB_00105aqt	BANC_888:720575941584670303	right side of organism	has_soma_location	BANC888	doi:10.1038/s41586-026-10735-w	BANC_v888 260702
VFB_00108kck	BANC_888:720575941584671701	right side of organism	has_soma_location	BANC888	doi:10.1038/s41586-026-10735-w	BANC_v888 260702
VFB_00108kcl	BANC_888:720575941584674270	right side of organism	has_soma_location	BANC888	doi:10.1038/s41586-026-10735-w	BANC_v888 260702
VFB_00105aqu	BANC_888:720575941584675718	right side of organism	has_soma_location	BANC888	doi:10.1038/s41586-026-10735-w	BANC_v888 260702
VFB_00108kcm	BANC_888:720575941584675797	right side of organism	has_soma_location	BANC888	doi:10.1038/s41586-026-10735-w	BANC_v888 260702
VFB_00105aqv	BANC_888:720575941584677086	right side of organism	has_soma_location	BANC888	doi:10.1038/s41586-026-10735-w	BANC_v888 260702
VFB_00105aqw	BANC_888:720575941584677854	right side of organism	has_soma_location	BANC888	doi:10.1038/s41586-026-10735-w	BANC_v888 260702
VFB_00105aqx	BANC_888:720575941584678110	right side of organism	has_soma_location	BANC888	doi:10.1038/s41586-026-10735-w	BANC_v888 260702
VFB_00105aqz	BANC_888:720575941584682118	left side of organism	has_soma_location	BANC888	doi:10.1038/s41586-026-10735-w	BANC_v888 260702
VFB_00108kcn	BANC_888:720575941584686175	left side of organism	has_soma_location	BANC888	doi:10.1038/s41586-026-10735-w	BANC_v888 260702
VFB_00105ar0	BANC_888:720575941584687238	right side of organism	has_soma_location	BANC888	doi:10.1038/s41586-026-10735-w	BANC_v888 260702
VFB_00108kco	BANC_888:720575941584691925	right side of organism	has_soma_location	BANC888	doi:10.1038/s41586-026-10735-w	BANC_v888 260702
VFB_00105ar1	BANC_888:720575941584692446	right side of organism	has_soma_location	BANC888	doi:10.1038/s41586-026-10735-w	BANC_v888 260702
VFB_00105ar3	BANC_888:720575941584694150	right side of organism	has_soma_location	BANC888	doi:10.1038/s41586-026-10735-w	BANC_v888 260702
VFB_00108kcp	BANC_888:720575941584695430	right side of organism	has_soma_location	BANC888	doi:10.1038/s41586-026-10735-w	BANC_v888 260702
VFB_00105ar4	BANC_888:720575941584699102	right side of organism	has_soma_location	BANC888	doi:10.1038/s41586-026-10735-w	BANC_v888 260702
VFB_00105ar5	BANC_888:720575941584703966	right side of organism	has_soma_location	BANC888	doi:10.1038/s41586-026-10735-w	BANC_v888 260702
VFB_00105ar6	BANC_888:720575941584708486	left side of organism	has_soma_location	BANC888	doi:10.1038/s41586-026-10735-w	BANC_v888 260702
VFB_00105ar7	BANC_888:720575941584712031	right side of organism	has_soma_location	BANC888	doi:10.1038/s41586-026-10735-w	BANC_v888 260702
VFB_00105ar8	BANC_888:720575941584715103	right side of organism	has_soma_location	BANC888	doi:10.1038/s41586-026-10735-w	BANC_v888 260702
VFB_00108kcq	BANC_888:720575941584718431	left side of organism	has_soma_location	BANC888	doi:10.1038/s41586-026-10735-w	BANC_v888 260702
VFB_00108kcr	BANC_888:720575941584733397	right side of organism	has_soma_location	BANC888	doi:10.1038/s41586-026-10735-w	BANC_v888 260702
VFB_00105ar9	BANC_888:720575941584738399	left side of organism	has_soma_location	BANC888	doi:10.1038/s41586-026-10735-w	BANC_v888 260702
VFB_00105arb	BANC_888:720575941584745606	right side of organism	has_soma_location	BANC888	doi:10.1038/s41586-026-10735-w	BANC_v888 260702
VFB_00105arc	BANC_888:720575941584746591	right side of organism	has_soma_location	BANC888	doi:10.1038/s41586-026-10735-w	BANC_v888 260702
VFB_00105ard	BANC_888:720575941584747359	left side of organism	has_soma_location	BANC888	doi:10.1038/s41586-026-10735-w	BANC_v888 260702
VFB_00105are	BANC_888:720575941584749663	right side of organism	has_soma_location	BANC888	doi:10.1038/s41586-026-10735-w	BANC_v888 260702
VFB_00108kcs	BANC_888:720575941584750431	left side of organism	has_soma_location	BANC888	doi:10.1038/s41586-026-10735-w	BANC_v888 260702
VFB_00108kct	BANC_888:720575941584753286	right side of organism	has_soma_location	BANC888	doi:10.1038/s41586-026-10735-w	BANC_v888 260702
VFB_00105arg	BANC_888:720575941584754566	right side of organism	has_soma_location	BANC888	doi:10.1038/s41586-026-10735-w	BANC_v888 260702
VFB_00108kcu	BANC_888:720575941584760671	right side of organism	has_soma_location	BANC888	doi:10.1038/s41586-026-10735-w	BANC_v888 260702
VFB_00105arh	BANC_888:720575941584761951	right side of organism	has_soma_location	BANC888	doi:10.1038/s41586-026-10735-w	BANC_v888 260702
VFB_00105ari	BANC_888:720575941584765023	right side of organism	has_soma_location	BANC888	doi:10.1038/s41586-026-10735-w	BANC_v888 260702
VFB_00105ark	BANC_888:720575941584770014	left side of organism	has_soma_location	BANC888	doi:10.1038/s41586-026-10735-w	BANC_v888 260702
VFB_00105arl	BANC_888:720575941584770655	left side of organism	has_soma_location	BANC888	doi:10.1038/s41586-026-10735-w	BANC_v888 260702
VFB_00105arm	BANC_888:720575941584770782	left side of organism	has_soma_location	BANC888	doi:10.1038/s41586-026-10735-w	BANC_v888 260702
VFB_00105arn	BANC_888:720575941584771550	left side of organism	has_soma_location	BANC888	doi:10.1038/s41586-026-10735-w	BANC_v888 260702
VFB_00108kcv	BANC_888:720575941584775263	left side of organism	has_soma_location	BANC888	doi:10.1038/s41586-026-10735-w	BANC_v888 260702
VFB_00108kcw	BANC_888:720575941584782431	left side of organism	has_soma_location	BANC888	doi:10.1038/s41586-026-10735-w	BANC_v888 260702
VFB_00105arq	BANC_888:720575941584783326	right side of organism	has_soma_location	BANC888	doi:10.1038/s41586-026-10735-w	BANC_v888 260702
VFB_00108kcx	BANC_888:720575941584783967	left side of organism	has_soma_location	BANC888	doi:10.1038/s41586-026-10735-w	BANC_v888 260702
VFB_00105arr	BANC_888:720575941584785030	right side of organism	has_soma_location	BANC888	doi:10.1038/s41586-026-10735-w	BANC_v888 260702
VFB_00105ars	BANC_888:720575941584789726	right side of organism	has_soma_location	BANC888	doi:10.1038/s41586-026-10735-w	BANC_v888 260702
VFB_00105art	BANC_888:720575941584789982	left side of organism	has_soma_location	BANC888	doi:10.1038/s41586-026-10735-w	BANC_v888 260702
VFB_00108kcy	BANC_888:720575941584805727	left side of organism	has_soma_location	BANC888	doi:10.1038/s41586-026-10735-w	BANC_v888 260702
VFB_00105aru	BANC_888:720575941584808158	left side of organism	has_soma_location	BANC888	doi:10.1038/s41586-026-10735-w	BANC_v888 260702
VFB_00108kcz	BANC_888:720575941584809055	left side of organism	has_soma_location	BANC888	doi:10.1038/s41586-026-10735-w	BANC_v888 260702
VFB_00105arv	BANC_888:720575941584810206	right side of organism	has_soma_location	BANC888	doi:10.1038/s41586-026-10735-w	BANC_v888 260702
VFB_00108kd0	BANC_888:720575941584815455	left side of organism	has_soma_location	BANC888	doi:10.1038/s41586-026-10735-w	BANC_v888 260702
VFB_00108kd1	BANC_888:720575941584822918	right side of organism	has_soma_location	BANC888	doi:10.1038/s41586-026-10735-w	BANC_v888 260702
VFB_00108kd2	BANC_888:720575941584839007	left side of organism	has_soma_location	BANC888	doi:10.1038/s41586-026-10735-w	BANC_v888 260702
VFB_00105arx	BANC_888:720575941584843910	right side of organism	has_soma_location	BANC888	doi:10.1038/s41586-026-10735-w	BANC_v888 260702
VFB_00105ary	BANC_888:720575941584847750	right side of organism	has_soma_location	BANC888	doi:10.1038/s41586-026-10735-w	BANC_v888 260702
VFB_00105arz	BANC_888:720575941584848518	right side of organism	has_soma_location	BANC888	doi:10.1038/s41586-026-10735-w	BANC_v888 260702
VFB_00105as0	BANC_888:720575941584854111	right side of organism	has_soma_location	BANC888	doi:10.1038/s41586-026-10735-w	BANC_v888 260702
VFB_00105as1	BANC_888:720575941584854662	right side of organism	has_soma_location	BANC888	doi:10.1038/s41586-026-10735-w	BANC_v888 260702
VFB_00108kd3	BANC_888:720575941584856159	left side of organism	has_soma_location	BANC888	doi:10.1038/s41586-026-10735-w	BANC_v888 260702
VFB_00108kd4	BANC_888:720575941584859102	left side of organism	has_soma_location	BANC888	doi:10.1038/s41586-026-10735-w	BANC_v888 260702
VFB_00105as2	BANC_888:720575941584865414	left side of organism	has_soma_location	BANC888	doi:10.1038/s41586-026-10735-w	BANC_v888 260702
VFB_00105as3	BANC_888:720575941584877278	left side of organism	has_soma_location	BANC888	doi:10.1038/s41586-026-10735-w	BANC_v888 260702
VFB_00108kd5	BANC_888:720575941584880479	left side of organism	has_soma_location	BANC888	doi:10.1038/s41586-026-10735-w	BANC_v888 260702
VFB_00105as5	BANC_888:720575941584889183	left side of organism	has_soma_location	BANC888	doi:10.1038/s41586-026-10735-w	BANC_v888 260702
VFB_00105as6	BANC_888:720575941584889734	right side of organism	has_soma_location	BANC888	doi:10.1038/s41586-026-10735-w	BANC_v888 260702
VFB_00105as7	BANC_888:720575941584891526	left side of organism	has_soma_location	BANC888	doi:10.1038/s41586-026-10735-w	BANC_v888 260702
VFB_00105as8	BANC_888:720575941584891782	right side of organism	has_soma_location	BANC888	doi:10.1038/s41586-026-10735-w	BANC_v888 260702
VFB_00105as9	BANC_888:720575941584898182	right side of organism	has_soma_location	BANC888	doi:10.1038/s41586-026-10735-w	BANC_v888 260702
VFB_00108kd6	BANC_888:720575941584898911	left side of organism	has_soma_location	BANC888	doi:10.1038/s41586-026-10735-w	BANC_v888 260702
VFB_00105asb	BANC_888:720575941584906886	right side of organism	has_soma_location	BANC888	doi:10.1038/s41586-026-10735-w	BANC_v888 260702
VFB_00108kd7	BANC_888:720575941584907615	left side of organism	has_soma_location	BANC888	doi:10.1038/s41586-026-10735-w	BANC_v888 260702
VFB_00105asc	BANC_888:720575941584909022	right side of organism	has_soma_location	BANC888	doi:10.1038/s41586-026-10735-w	BANC_v888 260702
VFB_00105asd	BANC_888:720575941584909190	right side of organism	has_soma_location	BANC888	doi:10.1038/s41586-026-10735-w	BANC_v888 260702
VFB_00108kd8	BANC_888:720575941584911838	right side of organism	has_soma_location	BANC888	doi:10.1038/s41586-026-10735-w	BANC_v888 260702
VFB_00105ase	BANC_888:720575941584918238	right side of organism	has_soma_location	BANC888	doi:10.1038/s41586-026-10735-w	BANC_v888 260702
VFB_00108kd9	BANC_888:720575941584920159	left side of organism	has_soma_location	BANC888	doi:10.1038/s41586-026-10735-w	BANC_v888 260702
VFB_00105asf	BANC_888:720575941584922078	right side of organism	has_soma_location	BANC888	doi:10.1038/s41586-026-10735-w	BANC_v888 260702
VFB_00108kda	BANC_888:720575941584924767	left side of organism	has_soma_location	BANC888	doi:10.1038/s41586-026-10735-w	BANC_v888 260702
VFB_00108kdb	BANC_888:720575941584926559	left side of organism	has_soma_location	BANC888	doi:10.1038/s41586-026-10735-w	BANC_v888 260702
VFB_00108kdc	BANC_888:720575941584928222	right side of organism	has_soma_location	BANC888	doi:10.1038/s41586-026-10735-w	BANC_v888 260702
VFB_00105asg	BANC_888:720575941584928390	left side of organism	has_soma_location	BANC888	doi:10.1038/s41586-026-10735-w	BANC_v888 260702
VFB_00108kdd	BANC_888:720575941584929246	right side of organism	has_soma_location	BANC888	doi:10.1038/s41586-026-10735-w	BANC_v888 260702
VFB_00108kde	BANC_888:720575941584929887	left side of organism	has_soma_location	BANC888	doi:10.1038/s41586-026-10735-w	BANC_v888 260702
VFB_00105ash	BANC_888:720575941584932486	right side of organism	has_soma_location	BANC888	doi:10.1038/s41586-026-10735-w	BANC_v888 260702
VFB_00108kdf	BANC_888:720575941584932574	right side of organism	has_soma_location	BANC888	doi:10.1038/s41586-026-10735-w	BANC_v888 260702
VFB_00108kdg	BANC_888:720575941584933471	left side of organism	has_soma_location	BANC888	doi:10.1038/s41586-026-10735-w	BANC_v888 260702
VFB_00108kdh	BANC_888:720575941584936287	left side of organism	has_soma_location	BANC888	doi:10.1038/s41586-026-10735-w	BANC_v888 260702
VFB_00108kdi	BANC_888:720575941584940254	right side of organism	has_soma_location	BANC888	doi:10.1038/s41586-026-10735-w	BANC_v888 260702
VFB_00108kdj	BANC_888:720575941584940895	left side of organism	has_soma_location	BANC888	doi:10.1038/s41586-026-10735-w	BANC_v888 260702
VFB_00105asj	BANC_888:720575941584946142	right side of organism	has_soma_location	BANC888	doi:10.1038/s41586-026-10735-w	BANC_v888 260702
VFB_00108kdk	BANC_888:720575941584948063	left side of organism	has_soma_location	BANC888	doi:10.1038/s41586-026-10735-w	BANC_v888 260702
VFB_00108kdl	BANC_888:720575941584949214	right side of organism	has_soma_location	BANC888	doi:10.1038/s41586-026-10735-w	BANC_v888 260702
VFB_00105asl	BANC_888:720575941584950150	left side of organism	has_soma_location	BANC888	doi:10.1038/s41586-026-10735-w	BANC_v888 260702
VFB_00105asm	BANC_888:720575941584951518	right side of organism	has_soma_location	BANC888	doi:10.1038/s41586-026-10735-w	BANC_v888 260702
VFB_00108kdm	BANC_888:720575941584954719	left side of organism	has_soma_location	BANC888	doi:10.1038/s41586-026-10735-w	BANC_v888 260702
VFB_00105asn	BANC_888:720575941584955102	right side of organism	has_soma_location	BANC888	doi:10.1038/s41586-026-10735-w	BANC_v888 260702
VFB_00108kdn	BANC_888:720575941584955743	left side of organism	has_soma_location	BANC888	doi:10.1038/s41586-026-10735-w	BANC_v888 260702
VFB_00105aso	BANC_888:720575941584955870	right side of organism	has_soma_location	BANC888	doi:10.1038/s41586-026-10735-w	BANC_v888 260702
VFB_00105asp	BANC_888:720575941584957406	left side of organism	has_soma_location	BANC888	doi:10.1038/s41586-026-10735-w	BANC_v888 260702
VFB_00105asq	BANC_888:720575941584959710	right side of organism	has_soma_location	BANC888	doi:10.1038/s41586-026-10735-w	BANC_v888 260702
VFB_00105asr	BANC_888:720575941584961246	right side of organism	has_soma_location	BANC888	doi:10.1038/s41586-026-10735-w	BANC_v888 260702
VFB_00108kdo	BANC_888:720575941584963167	left side of organism	has_soma_location	BANC888	doi:10.1038/s41586-026-10735-w	BANC_v888 260702
VFB_00105ass	BANC_888:720575941584964062	left side of organism	has_soma_location	BANC888	doi:10.1038/s41586-026-10735-w	BANC_v888 260702
VFB_00105asu	BANC_888:720575941584967390	left side of organism	has_soma_location	BANC888	doi:10.1038/s41586-026-10735-w	BANC_v888 260702
VFB_00108kdp	BANC_888:720575941584969823	left side of organism	has_soma_location	BANC888	doi:10.1038/s41586-026-10735-w	BANC_v888 260702
VFB_00105asv	BANC_888:720575941584969950	right side of organism	has_soma_location	BANC888	doi:10.1038/s41586-026-10735-w	BANC_v888 260702
VFB_00108kdq	BANC_888:720575941584981855	left side of organism	has_soma_location	BANC888	doi:10.1038/s41586-026-10735-w	BANC_v888 260702
VFB_00105asx	BANC_888:720575941584982750	right side of organism	has_soma_location	BANC888	doi:10.1038/s41586-026-10735-w	BANC_v888 260702
VFB_00105asy	BANC_888:720575941584984030	right side of organism	has_soma_location	BANC888	doi:10.1038/s41586-026-10735-w	BANC_v888 260702
VFB_00105asz	BANC_888:720575941584984542	right side of organism	has_soma_location	BANC888	doi:10.1038/s41586-026-10735-w	BANC_v888 260702
VFB_00105at0	BANC_888:720575941584988638	right side of organism	has_soma_location	BANC888	doi:10.1038/s41586-026-10735-w	BANC_v888 260702
VFB_00108kdr	BANC_888:720575941584991454	right side of organism	has_soma_location	BANC888	doi:10.1038/s41586-026-10735-w	BANC_v888 260702
VFB_00105at1	BANC_888:720575941584992990	right side of organism	has_soma_location	BANC888	doi:10.1038/s41586-026-10735-w	BANC_v888 260702
VFB_00105at2	BANC_888:720575941584995206	right side of organism	has_soma_location	BANC888	doi:10.1038/s41586-026-10735-w	BANC_v888 260702
VFB_00105at3	BANC_888:720575941584997254	left side of organism	has_soma_location	BANC888	doi:10.1038/s41586-026-10735-w	BANC_v888 260702
VFB_00105at4	BANC_888:720575941584997854	right side of organism	has_soma_location	BANC888	doi:10.1038/s41586-026-10735-w	BANC_v888 260702
VFB_00105at6	BANC_888:720575941584999646	right side of organism	has_soma_location	BANC888	doi:10.1038/s41586-026-10735-w	BANC_v888 260702
VFB_00105at7	BANC_888:720575941585000070	left side of organism	has_soma_location	BANC888	doi:10.1038/s41586-026-10735-w	BANC_v888 260702
VFB_00105at8	BANC_888:720575941585000414	right side of organism	has_soma_location	BANC888	doi:10.1038/s41586-026-10735-w	BANC_v888 260702
VFB_00105at9	BANC_888:720575941585000582	right side of organism	has_soma_location	BANC888	doi:10.1038/s41586-026-10735-w	BANC_v888 260702
VFB_00105ata	BANC_888:720575941585004127	right side of organism	has_soma_location	BANC888	doi:10.1038/s41586-026-10735-w	BANC_v888 260702
VFB_00105atc	BANC_888:720575941585004934	right side of organism	has_soma_location	BANC888	doi:10.1038/s41586-026-10735-w	BANC_v888 260702
VFB_00105atd	BANC_888:720575941585007238	left side of organism	has_soma_location	BANC888	doi:10.1038/s41586-026-10735-w	BANC_v888 260702
VFB_00105ate	BANC_888:720575941585013470	right side of organism	has_soma_location	BANC888	doi:10.1038/s41586-026-10735-w	BANC_v888 260702
VFB_00105atf	BANC_888:720575941585018846	right side of organism	has_soma_location	BANC888	doi:10.1038/s41586-026-10735-w	BANC_v888 260702
VFB_00105atg	BANC_888:720575941585022598	right side of organism	has_soma_location	BANC888	doi:10.1038/s41586-026-10735-w	BANC_v888 260702
VFB_00108kds	BANC_888:720575941585029215	left side of organism	has_soma_location	BANC888	doi:10.1038/s41586-026-10735-w	BANC_v888 260702
VFB_00105ath	BANC_888:720575941585029254	left side of organism	has_soma_location	BANC888	doi:10.1038/s41586-026-10735-w	BANC_v888 260702
VFB_00105atj	BANC_888:720575941585032070	left side of organism	has_soma_location	BANC888	doi:10.1038/s41586-026-10735-w	BANC_v888 260702
VFB_00108kdt	BANC_888:720575941585034591	left side of organism	has_soma_location	BANC888	doi:10.1038/s41586-026-10735-w	BANC_v888 260702
VFB_00105atk	BANC_888:720575941585035398	right side of organism	has_soma_location	BANC888	doi:10.1038/s41586-026-10735-w	BANC_v888 260702
VFB_00108kdu	BANC_888:720575941585036639	left side of organism	has_soma_location	BANC888	doi:10.1038/s41586-026-10735-w	BANC_v888 260702
VFB_00105atl	BANC_888:720575941585038558	right side of organism	has_soma_location	BANC888	doi:10.1038/s41586-026-10735-w	BANC_v888 260702
VFB_00105atm	BANC_888:720575941585048966	right side of organism	has_soma_location	BANC888	doi:10.1038/s41586-026-10735-w	BANC_v888 260702
VFB_00108kdv	BANC_888:720575941585056863	left side of organism	has_soma_location	BANC888	doi:10.1038/s41586-026-10735-w	BANC_v888 260702
VFB_00108kdw	BANC_888:720575941585064287	left side of organism	has_soma_location	BANC888	doi:10.1038/s41586-026-10735-w	BANC_v888 260702
VFB_00105atn	BANC_888:720575941585065350	right side of organism	has_soma_location	BANC888	doi:10.1038/s41586-026-10735-w	BANC_v888 260702
VFB_00105ato	BANC_888:720575941585067142	left side of organism	has_soma_location	BANC888	doi:10.1038/s41586-026-10735-w	BANC_v888 260702
VFB_00105atp	BANC_888:720575941585070558	right side of organism	has_soma_location	BANC888	doi:10.1038/s41586-026-10735-w	BANC_v888 260702
VFB_00105atq	BANC_888:720575941585078662	right side of organism	has_soma_location	BANC888	doi:10.1038/s41586-026-10735-w	BANC_v888 260702
VFB_00108kdx	BANC_888:720575941585079647	right side of organism	has_soma_location	BANC888	doi:10.1038/s41586-026-10735-w	BANC_v888 260702
VFB_00108kdy	BANC_888:720575941585080927	right side of organism	has_soma_location	BANC888	doi:10.1038/s41586-026-10735-w	BANC_v888 260702
VFB_00105atr	BANC_888:720575941585081695	right side of organism	has_soma_location	BANC888	doi:10.1038/s41586-026-10735-w	BANC_v888 260702
VFB_00105ats	BANC_888:720575941585085662	right side of organism	has_soma_location	BANC888	doi:10.1038/s41586-026-10735-w	BANC_v888 260702
VFB_00108kdz	BANC_888:720575941585089887	right side of organism	has_soma_location	BANC888	doi:10.1038/s41586-026-10735-w	BANC_v888 260702
VFB_00108ke0	BANC_888:720575941585091935	right side of organism	has_soma_location	BANC888	doi:10.1038/s41586-026-10735-w	BANC_v888 260702
VFB_00105att	BANC_888:720575941585098206	right side of organism	has_soma_location	BANC888	doi:10.1038/s41586-026-10735-w	BANC_v888 260702
VFB_00105atu	BANC_888:720575941585099486	right side of organism	has_soma_location	BANC888	doi:10.1038/s41586-026-10735-w	BANC_v888 260702
VFB_00105atw	BANC_888:720575941585103070	right side of organism	has_soma_location	BANC888	doi:10.1038/s41586-026-10735-w	BANC_v888 260702
VFB_00105aty	BANC_888:720575941585110494	right side of organism	has_soma_location	BANC888	doi:10.1038/s41586-026-10735-w	BANC_v888 260702
VFB_00105atz	BANC_888:720575941585115526	left side of organism	has_soma_location	BANC888	doi:10.1038/s41586-026-10735-w	BANC_v888 260702
VFB_00105au0	BANC_888:720575941585121414	right side of organism	has_soma_location	BANC888	doi:10.1038/s41586-026-10735-w	BANC_v888 260702
VFB_00108ke1	BANC_888:720575941585121887	right side of organism	has_soma_location	BANC888	doi:10.1038/s41586-026-10735-w	BANC_v888 260702
VFB_00105au1	BANC_888:720575941585130630	left side of organism	has_soma_location	BANC888	doi:10.1038/s41586-026-10735-w	BANC_v888 260702
VFB_00108ke2	BANC_888:720575941585131103	right side of organism	has_soma_location	BANC888	doi:10.1038/s41586-026-10735-w	BANC_v888 260702
VFB_00105au2	BANC_888:720575941585137247	left side of organism	has_soma_location	BANC888	doi:10.1038/s41586-026-10735-w	BANC_v888 260702
VFB_00108ke3	BANC_888:720575941585137503	right side of organism	has_soma_location	BANC888	doi:10.1038/s41586-026-10735-w	BANC_v888 260702
VFB_00108ke4	BANC_888:720575941585138271	right side of organism	has_soma_location	BANC888	doi:10.1038/s41586-026-10735-w	BANC_v888 260702
VFB_00108ke5	BANC_888:720575941585139422	right side of organism	has_soma_location	BANC888	doi:10.1038/s41586-026-10735-w	BANC_v888 260702
VFB_00108ke6	BANC_888:720575941585141855	right side of organism	has_soma_location	BANC888	doi:10.1038/s41586-026-10735-w	BANC_v888 260702
VFB_00105au6	BANC_888:720575941585144415	left side of organism	has_soma_location	BANC888	doi:10.1038/s41586-026-10735-w	BANC_v888 260702
VFB_00108ke7	BANC_888:720575941585145439	right side of organism	has_soma_location	BANC888	doi:10.1038/s41586-026-10735-w	BANC_v888 260702
VFB_00108ke8	BANC_888:720575941585146463	right side of organism	has_soma_location	BANC888	doi:10.1038/s41586-026-10735-w	BANC_v888 260702
VFB_00105au7	BANC_888:720575941585146719	left side of organism	has_soma_location	BANC888	doi:10.1038/s41586-026-10735-w	BANC_v888 260702
VFB_00108ke9	BANC_888:720575941585147999	right side of organism	has_soma_location	BANC888	doi:10.1038/s41586-026-10735-w	BANC_v888 260702
VFB_00108kea	BANC_888:720575941585152646	right side of organism	has_soma_location	BANC888	doi:10.1038/s41586-026-10735-w	BANC_v888 260702
VFB_00105au8	BANC_888:720575941585164166	right side of organism	has_soma_location	BANC888	doi:10.1038/s41586-026-10735-w	BANC_v888 260702
VFB_00108keb	BANC_888:720575941585166687	right side of organism	has_soma_location	BANC888	doi:10.1038/s41586-026-10735-w	BANC_v888 260702
VFB_00108kec	BANC_888:720575941585169247	right side of organism	has_soma_location	BANC888	doi:10.1038/s41586-026-10735-w	BANC_v888 260702
VFB_00108ked	BANC_888:720575941585169503	right side of organism	has_soma_location	BANC888	doi:10.1038/s41586-026-10735-w	BANC_v888 260702
VFB_00108kee	BANC_888:720575941585171551	right side of organism	has_soma_location	BANC888	doi:10.1038/s41586-026-10735-w	BANC_v888 260702
VFB_00108kef	BANC_888:720575941585176159	right side of organism	has_soma_location	BANC888	doi:10.1038/s41586-026-10735-w	BANC_v888 260702
VFB_00108keg	BANC_888:720575941585184095	right side of organism	has_soma_location	BANC888	doi:10.1038/s41586-026-10735-w	BANC_v888 260702
VFB_00105aua	BANC_888:720575941585186014	right side of organism	has_soma_location	BANC888	doi:10.1038/s41586-026-10735-w	BANC_v888 260702
VFB_00105aub	BANC_888:720575941585187206	right side of organism	has_soma_location	BANC888	doi:10.1038/s41586-026-10735-w	BANC_v888 260702
VFB_00108keh	BANC_888:720575941585187423	right side of organism	has_soma_location	BANC888	doi:10.1038/s41586-026-10735-w	BANC_v888 260702
VFB_00108kei	BANC_888:720575941585188447	right side of organism	has_soma_location	BANC888	doi:10.1038/s41586-026-10735-w	BANC_v888 260702
VFB_00105aud	BANC_888:720575941585188486	right side of organism	has_soma_location	BANC888	doi:10.1038/s41586-026-10735-w	BANC_v888 260702
VFB_00108kej	BANC_888:720575941585189471	right side of organism	has_soma_location	BANC888	doi:10.1038/s41586-026-10735-w	BANC_v888 260702
VFB_00108kek	BANC_888:720575941585190751	right side of organism	has_soma_location	BANC888	doi:10.1038/s41586-026-10735-w	BANC_v888 260702
VFB_00105aue	BANC_888:720575941585192926	right side of organism	has_soma_location	BANC888	doi:10.1038/s41586-026-10735-w	BANC_v888 260702
VFB_00108kel	BANC_888:720575941585193606	right side of organism	has_soma_location	BANC888	doi:10.1038/s41586-026-10735-w	BANC_v888 260702
VFB_00105auf	BANC_888:720575941585194462	right side of organism	has_soma_location	BANC888	doi:10.1038/s41586-026-10735-w	BANC_v888 260702
VFB_00105aug	BANC_888:720575941585195910	left side of organism	has_soma_location	BANC888	doi:10.1038/s41586-026-10735-w	BANC_v888 260702
VFB_00108kem	BANC_888:720575941585202015	right side of organism	has_soma_location	BANC888	doi:10.1038/s41586-026-10735-w	BANC_v888 260702
VFB_00108ken	BANC_888:720575941585211999	left side of organism	has_soma_location	BANC888	doi:10.1038/s41586-026-10735-w	BANC_v888 260702
VFB_00108keo	BANC_888:720575941585214047	left side of organism	has_soma_location	BANC888	doi:10.1038/s41586-026-10735-w	BANC_v888 260702
VFB_00105auh	BANC_888:720575941585215198	left side of organism	has_soma_location	BANC888	doi:10.1038/s41586-026-10735-w	BANC_v888 260702
VFB_00108kep	BANC_888:720575941585219718	left side of organism	has_soma_location	BANC888	doi:10.1038/s41586-026-10735-w	BANC_v888 260702
VFB_00105aui	BANC_888:720575941585225438	left side of organism	has_soma_location	BANC888	doi:10.1038/s41586-026-10735-w	BANC_v888 260702
VFB_00105auk	BANC_888:720575941585233118	left side of organism	has_soma_location	BANC888	doi:10.1038/s41586-026-10735-w	BANC_v888 260702
VFB_00105aul	BANC_888:720575941585234910	left side of organism	has_soma_location	BANC888	doi:10.1038/s41586-026-10735-w	BANC_v888 260702
VFB_00108keq	BANC_888:720575941585238623	right side of organism	has_soma_location	BANC888	doi:10.1038/s41586-026-10735-w	BANC_v888 260702
VFB_00105aum	BANC_888:720575941585238750	left side of organism	has_soma_location	BANC888	doi:10.1038/s41586-026-10735-w	BANC_v888 260702
VFB_00108ker	BANC_888:720575941585238879	left side of organism	has_soma_location	BANC888	doi:10.1038/s41586-026-10735-w	BANC_v888 260702
VFB_00108kes	BANC_888:720575941585244767	left side of organism	has_soma_location	BANC888	doi:10.1038/s41586-026-10735-w	BANC_v888 260702
VFB_00105aun	BANC_888:720575941585258118	left side of organism	has_soma_location	BANC888	doi:10.1038/s41586-026-10735-w	BANC_v888 260702
VFB_00108ket	BANC_888:720575941585258462	left side of organism	has_soma_location	BANC888	doi:10.1038/s41586-026-10735-w	BANC_v888 260702
VFB_00105auo	BANC_888:720575941585258630	right side of organism	has_soma_location	BANC888	doi:10.1038/s41586-026-10735-w	BANC_v888 260702
VFB_00108keu	BANC_888:720575941585259142	right side of organism	has_soma_location	BANC888	doi:10.1038/s41586-026-10735-w	BANC_v888 260702
VFB_00108kev	BANC_888:720575941585261446	left side of organism	has_soma_location	BANC888	doi:10.1038/s41586-026-10735-w	BANC_v888 260702
VFB_00108kew	BANC_888:720575941585262549	right side of organism	has_soma_location	BANC888	doi:10.1038/s41586-026-10735-w	BANC_v888 260702
VFB_00108kex	BANC_888:720575941585269855	right side of organism	has_soma_location	BANC888	doi:10.1038/s41586-026-10735-w	BANC_v888 260702
VFB_00108key	BANC_888:720575941585270111	right side of organism	has_soma_location	BANC888	doi:10.1038/s41586-026-10735-w	BANC_v888 260702
VFB_00108kez	BANC_888:720575941585270623	right side of organism	has_soma_location	BANC888	doi:10.1038/s41586-026-10735-w	BANC_v888 260702
VFB_00108kf0	BANC_888:720575941585271391	right side of organism	has_soma_location	BANC888	doi:10.1038/s41586-026-10735-w	BANC_v888 260702
VFB_00105aup	BANC_888:720575941585273478	right side of organism	has_soma_location	BANC888	doi:10.1038/s41586-026-10735-w	BANC_v888 260702
VFB_00105auq	BANC_888:720575941585284230	left side of organism	has_soma_location	BANC888	doi:10.1038/s41586-026-10735-w	BANC_v888 260702
VFB_00105aur	BANC_888:720575941585289950	left side of organism	has_soma_location	BANC888	doi:10.1038/s41586-026-10735-w	BANC_v888 260702
VFB_00105aus	BANC_888:720575941585297286	left side of organism	has_soma_location	BANC888	doi:10.1038/s41586-026-10735-w	BANC_v888 260702
VFB_00108kf1	BANC_888:720575941585299807	left side of organism	has_soma_location	BANC888	doi:10.1038/s41586-026-10735-w	BANC_v888 260702
VFB_00108kf2	BANC_888:720575941585302150	left side of organism	has_soma_location	BANC888	doi:10.1038/s41586-026-10735-w	BANC_v888 260702
VFB_00108kf3	BANC_888:720575941585308117	right side of organism	has_soma_location	BANC888	doi:10.1038/s41586-026-10735-w	BANC_v888 260702
VFB_00105aut	BANC_888:720575941585311366	left side of organism	has_soma_location	BANC888	doi:10.1038/s41586-026-10735-w	BANC_v888 260702
VFB_00105auu	BANC_888:720575941585315462	right side of organism	has_soma_location	BANC888	doi:10.1038/s41586-026-10735-w	BANC_v888 260702
VFB_00105auv	BANC_888:720575941585315718	right side of organism	has_soma_location	BANC888	doi:10.1038/s41586-026-10735-w	BANC_v888 260702
VFB_00105auw	BANC_888:720575941585315806	left side of organism	has_soma_location	BANC888	doi:10.1038/s41586-026-10735-w	BANC_v888 260702
VFB_00108kf4	BANC_888:720575941585316998	right side of organism	has_soma_location	BANC888	doi:10.1038/s41586-026-10735-w	BANC_v888 260702
VFB_00105aux	BANC_888:720575941585318534	left side of organism	has_soma_location	BANC888	doi:10.1038/s41586-026-10735-w	BANC_v888 260702
VFB_00108kf5	BANC_888:720575941585329621	right side of organism	has_soma_location	BANC888	doi:10.1038/s41586-026-10735-w	BANC_v888 260702
VFB_00108kf6	BANC_888:720575941585337183	left side of organism	has_soma_location	BANC888	doi:10.1038/s41586-026-10735-w	BANC_v888 260702
VFB_00108kf7	BANC_888:720575941585341830	right side of organism	has_soma_location	BANC888	doi:10.1038/s41586-026-10735-w	BANC_v888 260702
VFB_00105auz	BANC_888:720575941585344478	right side of organism	has_soma_location	BANC888	doi:10.1038/s41586-026-10735-w	BANC_v888 260702
VFB_00108kf8	BANC_888:720575941585344902	right side of organism	has_soma_location	BANC888	doi:10.1038/s41586-026-10735-w	BANC_v888 260702
VFB_00108kf9	BANC_888:720575941585346182	right side of organism	has_soma_location	BANC888	doi:10.1038/s41586-026-10735-w	BANC_v888 260702
VFB_00105av0	BANC_888:720575941585348742	right side of organism	has_soma_location	BANC888	doi:10.1038/s41586-026-10735-w	BANC_v888 260702
VFB_00105av1	BANC_888:720575941585350878	left side of organism	has_soma_location	BANC888	doi:10.1038/s41586-026-10735-w	BANC_v888 260702
VFB_00105av4	BANC_888:720575941585360350	left side of organism	has_soma_location	BANC888	doi:10.1038/s41586-026-10735-w	BANC_v888 260702
VFB_00108kfa	BANC_888:720575941585363807	left side of organism	has_soma_location	BANC888	doi:10.1038/s41586-026-10735-w	BANC_v888 260702
VFB_00108kfb	BANC_888:720575941585367174	right side of organism	has_soma_location	BANC888	doi:10.1038/s41586-026-10735-w	BANC_v888 260702
VFB_00105av6	BANC_888:720575941585370246	right side of organism	has_soma_location	BANC888	doi:10.1038/s41586-026-10735-w	BANC_v888 260702
VFB_00105av7	BANC_888:720575941585371014	right side of organism	has_soma_location	BANC888	doi:10.1038/s41586-026-10735-w	BANC_v888 260702
VFB_00105av8	BANC_888:720575941585376222	left side of organism	has_soma_location	BANC888	doi:10.1038/s41586-026-10735-w	BANC_v888 260702
VFB_00108kfc	BANC_888:720575941585378911	right side of organism	has_soma_location	BANC888	doi:10.1038/s41586-026-10735-w	BANC_v888 260702
VFB_00105av9	BANC_888:720575941585381598	right side of organism	has_soma_location	BANC888	doi:10.1038/s41586-026-10735-w	BANC_v888 260702
VFB_00108kfd	BANC_888:720575941585383125	right side of organism	has_soma_location	BANC888	doi:10.1038/s41586-026-10735-w	BANC_v888 260702
VFB_00105ava	BANC_888:720575941585385094	right side of organism	has_soma_location	BANC888	doi:10.1038/s41586-026-10735-w	BANC_v888 260702
VFB_00105avb	BANC_888:720575941585396358	left side of organism	has_soma_location	BANC888	doi:10.1038/s41586-026-10735-w	BANC_v888 260702
VFB_00108kfe	BANC_888:720575941585398879	left side of organism	has_soma_location	BANC888	doi:10.1038/s41586-026-10735-w	BANC_v888 260702
VFB_00108kff	BANC_888:720575941585400710	left side of organism	has_soma_location	BANC888	doi:10.1038/s41586-026-10735-w	BANC_v888 260702
VFB_00108kfg	BANC_888:720575941585403487	left side of organism	has_soma_location	BANC888	doi:10.1038/s41586-026-10735-w	BANC_v888 260702
VFB_00105avc	BANC_888:720575941585403614	right side of organism	has_soma_location	BANC888	doi:10.1038/s41586-026-10735-w	BANC_v888 260702
VFB_00105avd	BANC_888:720575941585406174	right side of organism	has_soma_location	BANC888	doi:10.1038/s41586-026-10735-w	BANC_v888 260702
VFB_00105ave	BANC_888:720575941585410182	right side of organism	has_soma_location	BANC888	doi:10.1038/s41586-026-10735-w	BANC_v888 260702
VFB_00105avf	BANC_888:720575941585411038	left side of organism	has_soma_location	BANC888	doi:10.1038/s41586-026-10735-w	BANC_v888 260702
VFB_00108kfh	BANC_888:720575941585412574	left side of organism	has_soma_location	BANC888	doi:10.1038/s41586-026-10735-w	BANC_v888 260702
VFB_00108kfi	BANC_888:720575941585414022	left side of organism	has_soma_location	BANC888	doi:10.1038/s41586-026-10735-w	BANC_v888 260702
VFB_00105avg	BANC_888:720575941585415390	left side of organism	has_soma_location	BANC888	doi:10.1038/s41586-026-10735-w	BANC_v888 260702
VFB_00108kfj	BANC_888:720575941585415519	left side of organism	has_soma_location	BANC888	doi:10.1038/s41586-026-10735-w	BANC_v888 260702
VFB_00108kfk	BANC_888:720575941585415775	left side of organism	has_soma_location	BANC888	doi:10.1038/s41586-026-10735-w	BANC_v888 260702
VFB_00108kfl	BANC_888:720575941585418335	left side of organism	has_soma_location	BANC888	doi:10.1038/s41586-026-10735-w	BANC_v888 260702
VFB_00105avj	BANC_888:720575941585422302	left side of organism	has_soma_location	BANC888	doi:10.1038/s41586-026-10735-w	BANC_v888 260702
VFB_00108kfm	BANC_888:720575941585423199	left side of organism	has_soma_location	BANC888	doi:10.1038/s41586-026-10735-w	BANC_v888 260702
VFB_00108kfn	BANC_888:720575941585428702	right side of organism	has_soma_location	BANC888	doi:10.1038/s41586-026-10735-w	BANC_v888 260702
VFB_00108kfo	BANC_888:720575941585431903	left side of organism	has_soma_location	BANC888	doi:10.1038/s41586-026-10735-w	BANC_v888 260702
VFB_00108kfp	BANC_888:720575941585433183	right side of organism	has_soma_location	BANC888	doi:10.1038/s41586-026-10735-w	BANC_v888 260702
VFB_00105avl	BANC_888:720575941585435358	right side of organism	has_soma_location	BANC888	doi:10.1038/s41586-026-10735-w	BANC_v888 260702
VFB_00108kfq	BANC_888:720575941585436511	left side of organism	has_soma_location	BANC888	doi:10.1038/s41586-026-10735-w	BANC_v888 260702
VFB_00105avm	BANC_888:720575941585437662	left side of organism	has_soma_location	BANC888	doi:10.1038/s41586-026-10735-w	BANC_v888 260702
VFB_00105avo	BANC_888:720575941585439878	right side of organism	has_soma_location	BANC888	doi:10.1038/s41586-026-10735-w	BANC_v888 260702
VFB_00108kfr	BANC_888:720575941585440863	left side of organism	has_soma_location	BANC888	doi:10.1038/s41586-026-10735-w	BANC_v888 260702
VFB_00108kfs	BANC_888:720575941585441631	left side of organism	has_soma_location	BANC888	doi:10.1038/s41586-026-10735-w	BANC_v888 260702
VFB_00105avp	BANC_888:720575941585447646	right side of organism	has_soma_location	BANC888	doi:10.1038/s41586-026-10735-w	BANC_v888 260702
VFB_00105avq	BANC_888:720575941585449950	right side of organism	has_soma_location	BANC888	doi:10.1038/s41586-026-10735-w	BANC_v888 260702
VFB_00108kft	BANC_888:720575941585451103	left side of organism	has_soma_location	BANC888	doi:10.1038/s41586-026-10735-w	BANC_v888 260702
VFB_00105avr	BANC_888:720575941585451230	right side of organism	has_soma_location	BANC888	doi:10.1038/s41586-026-10735-w	BANC_v888 260702
VFB_00105avs	BANC_888:720575941585462150	left side of organism	has_soma_location	BANC888	doi:10.1038/s41586-026-10735-w	BANC_v888 260702
VFB_00108kfu	BANC_888:720575941585462623	right side of organism	has_soma_location	BANC888	doi:10.1038/s41586-026-10735-w	BANC_v888 260702
VFB_00108kfv	BANC_888:720575941585464927	left side of organism	has_soma_location	BANC888	doi:10.1038/s41586-026-10735-w	BANC_v888 260702
VFB_00105avt	BANC_888:720575941585466334	right side of organism	has_soma_location	BANC888	doi:10.1038/s41586-026-10735-w	BANC_v888 260702
VFB_00108kfw	BANC_888:720575941585466463	left side of organism	has_soma_location	BANC888	doi:10.1038/s41586-026-10735-w	BANC_v888 260702
VFB_00108kfx	BANC_888:720575941585467743	left side of organism	has_soma_location	BANC888	doi:10.1038/s41586-026-10735-w	BANC_v888 260702
VFB_00108kfy	BANC_888:720575941585468638	right side of organism	has_soma_location	BANC888	doi:10.1038/s41586-026-10735-w	BANC_v888 260702
VFB_00105avu	BANC_888:720575941585469062	right side of organism	has_soma_location	BANC888	doi:10.1038/s41586-026-10735-w	BANC_v888 260702
VFB_00105avv	BANC_888:720575941585469662	left side of organism	has_soma_location	BANC888	doi:10.1038/s41586-026-10735-w	BANC_v888 260702
VFB_00108kfz	BANC_888:720575941585469791	left side of organism	has_soma_location	BANC888	doi:10.1038/s41586-026-10735-w	BANC_v888 260702
VFB_00105avw	BANC_888:720575941585469918	left side of organism	has_soma_location	BANC888	doi:10.1038/s41586-026-10735-w	BANC_v888 260702
VFB_00105avx	BANC_888:720575941585472390	right side of organism	has_soma_location	BANC888	doi:10.1038/s41586-026-10735-w	BANC_v888 260702
VFB_00108kg0	BANC_888:720575941585476191	right side of organism	has_soma_location	BANC888	doi:10.1038/s41586-026-10735-w	BANC_v888 260702
VFB_00105avy	BANC_888:720575941585476742	right side of organism	has_soma_location	BANC888	doi:10.1038/s41586-026-10735-w	BANC_v888 260702
VFB_00105avz	BANC_888:720575941585478110	left side of organism	has_soma_location	BANC888	doi:10.1038/s41586-026-10735-w	BANC_v888 260702
VFB_00108kg1	BANC_888:720575941585478357	right side of organism	has_soma_location	BANC888	doi:10.1038/s41586-026-10735-w	BANC_v888 260702
VFB_00105aw0	BANC_888:720575941585478790	right side of organism	has_soma_location	BANC888	doi:10.1038/s41586-026-10735-w	BANC_v888 260702
VFB_00108kg2	BANC_888:720575941585480149	right side of organism	has_soma_location	BANC888	doi:10.1038/s41586-026-10735-w	BANC_v888 260702
VFB_00105aw1	BANC_888:720575941585484766	right side of organism	has_soma_location	BANC888	doi:10.1038/s41586-026-10735-w	BANC_v888 260702
VFB_00105aw2	BANC_888:720575941585488094	left side of organism	has_soma_location	BANC888	doi:10.1038/s41586-026-10735-w	BANC_v888 260702
VFB_00108kg3	BANC_888:720575941585488606	left side of organism	has_soma_location	BANC888	doi:10.1038/s41586-026-10735-w	BANC_v888 260702
VFB_00105aw3	BANC_888:720575941585488862	right side of organism	has_soma_location	BANC888	doi:10.1038/s41586-026-10735-w	BANC_v888 260702
VFB_00108kg4	BANC_888:720575941585490054	right side of organism	has_soma_location	BANC888	doi:10.1038/s41586-026-10735-w	BANC_v888 260702
VFB_00108kg5	BANC_888:720575941585491678	right side of organism	has_soma_location	BANC888	doi:10.1038/s41586-026-10735-w	BANC_v888 260702
VFB_00105aw5	BANC_888:720575941585493726	right side of organism	has_soma_location	BANC888	doi:10.1038/s41586-026-10735-w	BANC_v888 260702
VFB_00108kg6	BANC_888:720575941585494741	right side of organism	has_soma_location	BANC888	doi:10.1038/s41586-026-10735-w	BANC_v888 260702
VFB_00105aw6	BANC_888:720575941585494750	left side of organism	has_soma_location	BANC888	doi:10.1038/s41586-026-10735-w	BANC_v888 260702
VFB_00105aw7	BANC_888:720575941585496030	right side of organism	has_soma_location	BANC888	doi:10.1038/s41586-026-10735-w	BANC_v888 260702
VFB_00108kg7	BANC_888:720575941585496415	left side of organism	has_soma_location	BANC888	doi:10.1038/s41586-026-10735-w	BANC_v888 260702
VFB_00108kg8	BANC_888:720575941585497183	left side of organism	has_soma_location	BANC888	doi:10.1038/s41586-026-10735-w	BANC_v888 260702
VFB_00105aw8	BANC_888:720575941585499358	left side of organism	has_soma_location	BANC888	doi:10.1038/s41586-026-10735-w	BANC_v888 260702
VFB_00108kg9	BANC_888:720575941585499487	left side of organism	has_soma_location	BANC888	doi:10.1038/s41586-026-10735-w	BANC_v888 260702
VFB_00105aw9	BANC_888:720575941585500806	right side of organism	has_soma_location	BANC888	doi:10.1038/s41586-026-10735-w	BANC_v888 260702
VFB_00108kga	BANC_888:720575941585501791	left side of organism	has_soma_location	BANC888	doi:10.1038/s41586-026-10735-w	BANC_v888 260702
VFB_00108kgb	BANC_888:720575941585505631	left side of organism	has_soma_location	BANC888	doi:10.1038/s41586-026-10735-w	BANC_v888 260702
VFB_00108kgc	BANC_888:720575941585506261	right side of organism	has_soma_location	BANC888	doi:10.1038/s41586-026-10735-w	BANC_v888 260702
VFB_00105awa	BANC_888:720575941585506270	right side of organism	has_soma_location	BANC888	doi:10.1038/s41586-026-10735-w	BANC_v888 260702
VFB_00105awb	BANC_888:720575941585509766	right side of organism	has_soma_location	BANC888	doi:10.1038/s41586-026-10735-w	BANC_v888 260702
VFB_00108kgd	BANC_888:720575941585510239	left side of organism	has_soma_location	BANC888	doi:10.1038/s41586-026-10735-w	BANC_v888 260702
VFB_00105awd	BANC_888:720575941585519070	left side of organism	has_soma_location	BANC888	doi:10.1038/s41586-026-10735-w	BANC_v888 260702
VFB_00105awf	BANC_888:720575941585521030	right side of organism	has_soma_location	BANC888	doi:10.1038/s41586-026-10735-w	BANC_v888 260702
VFB_00108kge	BANC_888:720575941585528671	left side of organism	has_soma_location	BANC888	doi:10.1038/s41586-026-10735-w	BANC_v888 260702
VFB_00108kgf	BANC_888:720575941585530502	right side of organism	has_soma_location	BANC888	doi:10.1038/s41586-026-10735-w	BANC_v888 260702
VFB_00108kgg	BANC_888:720575941585531782	right side of organism	has_soma_location	BANC888	doi:10.1038/s41586-026-10735-w	BANC_v888 260702
VFB_00105awg	BANC_888:720575941585532126	right side of organism	has_soma_location	BANC888	doi:10.1038/s41586-026-10735-w	BANC_v888 260702
VFB_00105awh	BANC_888:720575941585535110	right side of organism	has_soma_location	BANC888	doi:10.1038/s41586-026-10735-w	BANC_v888 260702
VFB_00108kgh	BANC_888:720575941585535583	right side of organism	has_soma_location	BANC888	doi:10.1038/s41586-026-10735-w	BANC_v888 260702
VFB_00105awi	BANC_888:720575941585537158	right side of organism	has_soma_location	BANC888	doi:10.1038/s41586-026-10735-w	BANC_v888 260702
VFB_00108kgi	BANC_888:720575941585537246	right side of organism	has_soma_location	BANC888	doi:10.1038/s41586-026-10735-w	BANC_v888 260702
VFB_00105awj	BANC_888:720575941585538438	right side of organism	has_soma_location	BANC888	doi:10.1038/s41586-026-10735-w	BANC_v888 260702
VFB_00105awk	BANC_888:720575941585539294	left side of organism	has_soma_location	BANC888	doi:10.1038/s41586-026-10735-w	BANC_v888 260702
VFB_00105awm	BANC_888:720575941585548934	right side of organism	has_soma_location	BANC888	doi:10.1038/s41586-026-10735-w	BANC_v888 260702
VFB_00108kgj	BANC_888:720575941585550431	left side of organism	has_soma_location	BANC888	doi:10.1038/s41586-026-10735-w	BANC_v888 260702
VFB_00108kgk	BANC_888:720575941585555551	left side of organism	has_soma_location	BANC888	doi:10.1038/s41586-026-10735-w	BANC_v888 260702
VFB_00105awn	BANC_888:720575941585556614	right side of organism	has_soma_location	BANC888	doi:10.1038/s41586-026-10735-w	BANC_v888 260702
VFB_00105awp	BANC_888:720575941585561054	right side of organism	has_soma_location	BANC888	doi:10.1038/s41586-026-10735-w	BANC_v888 260702
VFB_00105awq	BANC_888:720575941585562246	right side of organism	has_soma_location	BANC888	doi:10.1038/s41586-026-10735-w	BANC_v888 260702
VFB_00108kgl	BANC_888:720575941585562758	right side of organism	has_soma_location	BANC888	doi:10.1038/s41586-026-10735-w	BANC_v888 260702
VFB_00105awr	BANC_888:720575941585563014	right side of organism	has_soma_location	BANC888	doi:10.1038/s41586-026-10735-w	BANC_v888 260702
VFB_00108kgm	BANC_888:720575941585567327	left side of organism	has_soma_location	BANC888	doi:10.1038/s41586-026-10735-w	BANC_v888 260702
VFB_00108kgn	BANC_888:720575941585572447	right side of organism	has_soma_location	BANC888	doi:10.1038/s41586-026-10735-w	BANC_v888 260702
VFB_00108kgo	BANC_888:720575941585573983	right side of organism	has_soma_location	BANC888	doi:10.1038/s41586-026-10735-w	BANC_v888 260702
VFB_00108kgp	BANC_888:720575941585577055	right side of organism	has_soma_location	BANC888	doi:10.1038/s41586-026-10735-w	BANC_v888 260702
VFB_00105awu	BANC_888:720575941585578630	right side of organism	has_soma_location	BANC888	doi:10.1038/s41586-026-10735-w	BANC_v888 260702
VFB_00105awv	BANC_888:720575941585579486	right side of organism	has_soma_location	BANC888	doi:10.1038/s41586-026-10735-w	BANC_v888 260702
VFB_00105aww	BANC_888:720575941585579910	right side of organism	has_soma_location	BANC888	doi:10.1038/s41586-026-10735-w	BANC_v888 260702
VFB_00105awy	BANC_888:720575941585584606	left side of organism	has_soma_location	BANC888	doi:10.1038/s41586-026-10735-w	BANC_v888 260702
VFB_00108kgq	BANC_888:720575941585586910	right side of organism	has_soma_location	BANC888	doi:10.1038/s41586-026-10735-w	BANC_v888 260702
VFB_00105awz	BANC_888:720575941585588870	right side of organism	has_soma_location	BANC888	doi:10.1038/s41586-026-10735-w	BANC_v888 260702
VFB_00105ax0	BANC_888:720575941585589638	right side of organism	has_soma_location	BANC888	doi:10.1038/s41586-026-10735-w	BANC_v888 260702
VFB_00108kgr	BANC_888:720575941585591942	right side of organism	has_soma_location	BANC888	doi:10.1038/s41586-026-10735-w	BANC_v888 260702
VFB_00105ax1	BANC_888:720575941585592710	right side of organism	has_soma_location	BANC888	doi:10.1038/s41586-026-10735-w	BANC_v888 260702
VFB_00105ax2	BANC_888:720575941585593222	right side of organism	has_soma_location	BANC888	doi:10.1038/s41586-026-10735-w	BANC_v888 260702
VFB_00108kgs	BANC_888:720575941585593695	left side of organism	has_soma_location	BANC888	doi:10.1038/s41586-026-10735-w	BANC_v888 260702
VFB_00108kgt	BANC_888:720575941585594846	left side of organism	has_soma_location	BANC888	doi:10.1038/s41586-026-10735-w	BANC_v888 260702
VFB_00108kgu	BANC_888:720575941585595487	right side of organism	has_soma_location	BANC888	doi:10.1038/s41586-026-10735-w	BANC_v888 260702
VFB_00108kgv	BANC_888:720575941585596255	right side of organism	has_soma_location	BANC888	doi:10.1038/s41586-026-10735-w	BANC_v888 260702
VFB_00108kgw	BANC_888:720575941585597279	right side of organism	has_soma_location	BANC888	doi:10.1038/s41586-026-10735-w	BANC_v888 260702
VFB_00105ax3	BANC_888:720575941585597406	left side of organism	has_soma_location	BANC888	doi:10.1038/s41586-026-10735-w	BANC_v888 260702
VFB_00105ax4	BANC_888:720575941585597918	right side of organism	has_soma_location	BANC888	doi:10.1038/s41586-026-10735-w	BANC_v888 260702
VFB_00108kgx	BANC_888:720575941585598342	right side of organism	has_soma_location	BANC888	doi:10.1038/s41586-026-10735-w	BANC_v888 260702
VFB_00105ax5	BANC_888:720575941585603974	right side of organism	has_soma_location	BANC888	doi:10.1038/s41586-026-10735-w	BANC_v888 260702
VFB_00105ax6	BANC_888:720575941585605766	right side of organism	has_soma_location	BANC888	doi:10.1038/s41586-026-10735-w	BANC_v888 260702
VFB_00105ax7	BANC_888:720575941585606534	right side of organism	has_soma_location	BANC888	doi:10.1038/s41586-026-10735-w	BANC_v888 260702
VFB_00108kgy	BANC_888:720575941585614982	right side of organism	has_soma_location	BANC888	doi:10.1038/s41586-026-10735-w	BANC_v888 260702
VFB_00105ax8	BANC_888:720575941585615070	right side of organism	has_soma_location	BANC888	doi:10.1038/s41586-026-10735-w	BANC_v888 260702
VFB_00105ax9	BANC_888:720575941585615238	right side of organism	has_soma_location	BANC888	doi:10.1038/s41586-026-10735-w	BANC_v888 260702
VFB_00108kgz	BANC_888:720575941585616223	left side of organism	has_soma_location	BANC888	doi:10.1038/s41586-026-10735-w	BANC_v888 260702
VFB_00108kh0	BANC_888:720575941585616991	right side of organism	has_soma_location	BANC888	doi:10.1038/s41586-026-10735-w	BANC_v888 260702
VFB_00108kh1	BANC_888:720575941585617247	right side of organism	has_soma_location	BANC888	doi:10.1038/s41586-026-10735-w	BANC_v888 260702
VFB_00108kh2	BANC_888:720575941585617798	right side of organism	has_soma_location	BANC888	doi:10.1038/s41586-026-10735-w	BANC_v888 260702
VFB_00108kh3	BANC_888:720575941585619551	left side of organism	has_soma_location	BANC888	doi:10.1038/s41586-026-10735-w	BANC_v888 260702
VFB_00105axa	BANC_888:720575941585621382	right side of organism	has_soma_location	BANC888	doi:10.1038/s41586-026-10735-w	BANC_v888 260702
VFB_00108kh4	BANC_888:720575941585621855	right side of organism	has_soma_location	BANC888	doi:10.1038/s41586-026-10735-w	BANC_v888 260702
VFB_00105axb	BANC_888:720575941585622750	right side of organism	has_soma_location	BANC888	doi:10.1038/s41586-026-10735-w	BANC_v888 260702
VFB_00105axc	BANC_888:720575941585623006	right side of organism	has_soma_location	BANC888	doi:10.1038/s41586-026-10735-w	BANC_v888 260702
VFB_00105axd	BANC_888:720575941585623174	right side of organism	has_soma_location	BANC888	doi:10.1038/s41586-026-10735-w	BANC_v888 260702
VFB_00105axf	BANC_888:720575941585628126	left side of organism	has_soma_location	BANC888	doi:10.1038/s41586-026-10735-w	BANC_v888 260702
VFB_00105axg	BANC_888:720575941585629062	left side of organism	has_soma_location	BANC888	doi:10.1038/s41586-026-10735-w	BANC_v888 260702
VFB_00108kh5	BANC_888:720575941585631701	right side of organism	has_soma_location	BANC888	doi:10.1038/s41586-026-10735-w	BANC_v888 260702
VFB_00108kh6	BANC_888:720575941585631710	right side of organism	has_soma_location	BANC888	doi:10.1038/s41586-026-10735-w	BANC_v888 260702
VFB_00108kh7	BANC_888:720575941585632469	right side of organism	has_soma_location	BANC888	doi:10.1038/s41586-026-10735-w	BANC_v888 260702
VFB_00108kh8	BANC_888:720575941585635679	right side of organism	has_soma_location	BANC888	doi:10.1038/s41586-026-10735-w	BANC_v888 260702
VFB_00108kh9	BANC_888:720575941585637471	left side of organism	has_soma_location	BANC888	doi:10.1038/s41586-026-10735-w	BANC_v888 260702
VFB_00108kha	BANC_888:720575941585638495	left side of organism	has_soma_location	BANC888	doi:10.1038/s41586-026-10735-w	BANC_v888 260702
VFB_00105axh	BANC_888:720575941585639902	right side of organism	has_soma_location	BANC888	doi:10.1038/s41586-026-10735-w	BANC_v888 260702
VFB_00105axi	BANC_888:720575941585640414	right side of organism	has_soma_location	BANC888	doi:10.1038/s41586-026-10735-w	BANC_v888 260702
VFB_00108khb	BANC_888:720575941585640799	right side of organism	has_soma_location	BANC888	doi:10.1038/s41586-026-10735-w	BANC_v888 260702
VFB_00108khc	BANC_888:720575941585641311	left side of organism	has_soma_location	BANC888	doi:10.1038/s41586-026-10735-w	BANC_v888 260702
VFB_00105axk	BANC_888:720575941585643142	right side of organism	has_soma_location	BANC888	doi:10.1038/s41586-026-10735-w	BANC_v888 260702
VFB_00108khd	BANC_888:720575941585643615	left side of organism	has_soma_location	BANC888	doi:10.1038/s41586-026-10735-w	BANC_v888 260702
VFB_00108khe	BANC_888:720575941585644383	left side of organism	has_soma_location	BANC888	doi:10.1038/s41586-026-10735-w	BANC_v888 260702
VFB_00108khf	BANC_888:720575941585645663	left side of organism	has_soma_location	BANC888	doi:10.1038/s41586-026-10735-w	BANC_v888 260702
VFB_00105axl	BANC_888:720575941585649542	right side of organism	has_soma_location	BANC888	doi:10.1038/s41586-026-10735-w	BANC_v888 260702
VFB_00108khg	BANC_888:720575941585650015	left side of organism	has_soma_location	BANC888	doi:10.1038/s41586-026-10735-w	BANC_v888 260702
VFB_00108khh	BANC_888:720575941585650566	left side of organism	has_soma_location	BANC888	doi:10.1038/s41586-026-10735-w	BANC_v888 260702
VFB_00108khi	BANC_888:720575941585652063	left side of organism	has_soma_location	BANC888	doi:10.1038/s41586-026-10735-w	BANC_v888 260702
VFB_00105axm	BANC_888:720575941585654406	right side of organism	has_soma_location	BANC888	doi:10.1038/s41586-026-10735-w	BANC_v888 260702
VFB_00108khj	BANC_888:720575941585655038	left side of organism	has_soma_location	BANC888	doi:10.1038/s41586-026-10735-w	BANC_v888 260702
VFB_00108khk	BANC_888:720575941585655135	left side of organism	has_soma_location	BANC888	doi:10.1038/s41586-026-10735-w	BANC_v888 260702
VFB_00108khl	BANC_888:720575941585655391	left side of organism	has_soma_location	BANC888	doi:10.1038/s41586-026-10735-w	BANC_v888 260702
VFB_00105axn	BANC_888:720575941585655774	right side of organism	has_soma_location	BANC888	doi:10.1038/s41586-026-10735-w	BANC_v888 260702
VFB_00105axo	BANC_888:720575941585656710	right side of organism	has_soma_location	BANC888	doi:10.1038/s41586-026-10735-w	BANC_v888 260702
VFB_00108khm	BANC_888:720575941585664351	right side of organism	has_soma_location	BANC888	doi:10.1038/s41586-026-10735-w	BANC_v888 260702
VFB_00108khn	BANC_888:720575941585665158	right side of organism	has_soma_location	BANC888	doi:10.1038/s41586-026-10735-w	BANC_v888 260702
VFB_00108kho	BANC_888:720575941585668191	right side of organism	has_soma_location	BANC888	doi:10.1038/s41586-026-10735-w	BANC_v888 260702
VFB_00108khp	BANC_888:720575941585674335	right side of organism	has_soma_location	BANC888	doi:10.1038/s41586-026-10735-w	BANC_v888 260702
VFB_00108khq	BANC_888:720575941585676639	right side of organism	has_soma_location	BANC888	doi:10.1038/s41586-026-10735-w	BANC_v888 260702
VFB_00108khr	BANC_888:720575941585678431	left side of organism	has_soma_location	BANC888	doi:10.1038/s41586-026-10735-w	BANC_v888 260702
VFB_00105axr	BANC_888:720575941585681118	right side of organism	has_soma_location	BANC888	doi:10.1038/s41586-026-10735-w	BANC_v888 260702
VFB_00105axs	BANC_888:720575941585688966	right side of organism	has_soma_location	BANC888	doi:10.1038/s41586-026-10735-w	BANC_v888 260702
VFB_00108khs	BANC_888:720575941585690207	left side of organism	has_soma_location	BANC888	doi:10.1038/s41586-026-10735-w	BANC_v888 260702
VFB_00108kht	BANC_888:720575941585693535	left side of organism	has_soma_location	BANC888	doi:10.1038/s41586-026-10735-w	BANC_v888 260702
VFB_00105axt	BANC_888:720575941585696734	right side of organism	has_soma_location	BANC888	doi:10.1038/s41586-026-10735-w	BANC_v888 260702
VFB_00108khu	BANC_888:720575941585698911	right side of organism	has_soma_location	BANC888	doi:10.1038/s41586-026-10735-w	BANC_v888 260702
VFB_00108khv	BANC_888:720575941585699462	left side of organism	has_soma_location	BANC888	doi:10.1038/s41586-026-10735-w	BANC_v888 260702
VFB_00108khw	BANC_888:720575941585704190	left side of organism	has_soma_location	BANC888	doi:10.1038/s41586-026-10735-w	BANC_v888 260702
VFB_00108khx	BANC_888:720575941585709151	right side of organism	has_soma_location	BANC888	doi:10.1038/s41586-026-10735-w	BANC_v888 260702
VFB_00105axu	BANC_888:720575941585709446	right side of organism	has_soma_location	BANC888	doi:10.1038/s41586-026-10735-w	BANC_v888 260702
VFB_00108khy	BANC_888:720575941585709958	left side of organism	has_soma_location	BANC888	doi:10.1038/s41586-026-10735-w	BANC_v888 260702
VFB_00108khz	BANC_888:720575941585722590	right side of organism	has_soma_location	BANC888	doi:10.1038/s41586-026-10735-w	BANC_v888 260702
VFB_00108ki0	BANC_888:720575941585722719	left side of organism	has_soma_location	BANC888	doi:10.1038/s41586-026-10735-w	BANC_v888 260702
VFB_00108ki1	BANC_888:720575941585726047	left side of organism	has_soma_location	BANC888	doi:10.1038/s41586-026-10735-w	BANC_v888 260702
VFB_00108ki2	BANC_888:720575941585729119	left side of organism	has_soma_location	BANC888	doi:10.1038/s41586-026-10735-w	BANC_v888 260702
VFB_00108ki3	BANC_888:720575941585730438	left side of organism	has_soma_location	BANC888	doi:10.1038/s41586-026-10735-w	BANC_v888 260702
VFB_00108ki4	BANC_888:720575941585730911	left side of organism	has_soma_location	BANC888	doi:10.1038/s41586-026-10735-w	BANC_v888 260702
VFB_00105axx	BANC_888:720575941585731462	right side of organism	has_soma_location	BANC888	doi:10.1038/s41586-026-10735-w	BANC_v888 260702
VFB_00108ki5	BANC_888:720575941585732486	left side of organism	has_soma_location	BANC888	doi:10.1038/s41586-026-10735-w	BANC_v888 260702
VFB_00108ki6	BANC_888:720575941585734790	right side of organism	has_soma_location	BANC888	doi:10.1038/s41586-026-10735-w	BANC_v888 260702
VFB_00105axz	BANC_888:720575941585737094	left side of organism	has_soma_location	BANC888	doi:10.1038/s41586-026-10735-w	BANC_v888 260702
VFB_00108ki7	BANC_888:720575941585739615	left side of organism	has_soma_location	BANC888	doi:10.1038/s41586-026-10735-w	BANC_v888 260702
VFB_00108ki8	BANC_888:720575941585740678	left side of organism	has_soma_location	BANC888	doi:10.1038/s41586-026-10735-w	BANC_v888 260702
VFB_00108ki9	BANC_888:720575941585740895	right side of organism	has_soma_location	BANC888	doi:10.1038/s41586-026-10735-w	BANC_v888 260702
VFB_00108kia	BANC_888:720575941585742687	right side of organism	has_soma_location	BANC888	doi:10.1038/s41586-026-10735-w	BANC_v888 260702
VFB_00108kib	BANC_888:720575941585744223	right side of organism	has_soma_location	BANC888	doi:10.1038/s41586-026-10735-w	BANC_v888 260702
VFB_00108kic	BANC_888:720575941585745503	right side of organism	has_soma_location	BANC888	doi:10.1038/s41586-026-10735-w	BANC_v888 260702
VFB_00105ay0	BANC_888:720575941585745542	right side of organism	has_soma_location	BANC888	doi:10.1038/s41586-026-10735-w	BANC_v888 260702
VFB_00108kid	BANC_888:720575941585746015	left side of organism	has_soma_location	BANC888	doi:10.1038/s41586-026-10735-w	BANC_v888 260702
VFB_00105ay1	BANC_888:720575941585752030	left side of organism	has_soma_location	BANC888	doi:10.1038/s41586-026-10735-w	BANC_v888 260702
VFB_00108kie	BANC_888:720575941585753822	left side of organism	has_soma_location	BANC888	doi:10.1038/s41586-026-10735-w	BANC_v888 260702
VFB_00108kif	BANC_888:720575941585755231	right side of organism	has_soma_location	BANC888	doi:10.1038/s41586-026-10735-w	BANC_v888 260702
VFB_00105ay3	BANC_888:720575941585757830	left side of organism	has_soma_location	BANC888	doi:10.1038/s41586-026-10735-w	BANC_v888 260702
VFB_00108kig	BANC_888:720575941585758815	right side of organism	has_soma_location	BANC888	doi:10.1038/s41586-026-10735-w	BANC_v888 260702
VFB_00108kih	BANC_888:720575941585759742	left side of organism	has_soma_location	BANC888	doi:10.1038/s41586-026-10735-w	BANC_v888 260702
VFB_00108kii	BANC_888:720575941585762950	right side of organism	has_soma_location	BANC888	doi:10.1038/s41586-026-10735-w	BANC_v888 260702
VFB_00108kij	BANC_888:720575941585765471	right side of organism	has_soma_location	BANC888	doi:10.1038/s41586-026-10735-w	BANC_v888 260702
VFB_00108kik	BANC_888:720575941585766239	left side of organism	has_soma_location	BANC888	doi:10.1038/s41586-026-10735-w	BANC_v888 260702
VFB_00108kil	BANC_888:720575941585766495	right side of organism	has_soma_location	BANC888	doi:10.1038/s41586-026-10735-w	BANC_v888 260702
VFB_00108kim	BANC_888:720575941585768799	left side of organism	has_soma_location	BANC888	doi:10.1038/s41586-026-10735-w	BANC_v888 260702
VFB_00108kin	BANC_888:720575941585770118	left side of organism	has_soma_location	BANC888	doi:10.1038/s41586-026-10735-w	BANC_v888 260702
VFB_00108kio	BANC_888:720575941585772383	left side of organism	has_soma_location	BANC888	doi:10.1038/s41586-026-10735-w	BANC_v888 260702
VFB_00108kip	BANC_888:720575941585773919	left side of organism	has_soma_location	BANC888	doi:10.1038/s41586-026-10735-w	BANC_v888 260702
VFB_00105ay4	BANC_888:720575941585774214	right side of organism	has_soma_location	BANC888	doi:10.1038/s41586-026-10735-w	BANC_v888 260702
VFB_00108kiq	BANC_888:720575941585774687	left side of organism	has_soma_location	BANC888	doi:10.1038/s41586-026-10735-w	BANC_v888 260702
VFB_00108kir	BANC_888:720575941585774982	right side of organism	has_soma_location	BANC888	doi:10.1038/s41586-026-10735-w	BANC_v888 260702
VFB_00105ay5	BANC_888:720575941585783006	left side of organism	has_soma_location	BANC888	doi:10.1038/s41586-026-10735-w	BANC_v888 260702
VFB_00108kis	BANC_888:720575941585783391	right side of organism	has_soma_location	BANC888	doi:10.1038/s41586-026-10735-w	BANC_v888 260702
VFB_00108kit	BANC_888:720575941585796486	left side of organism	has_soma_location	BANC888	doi:10.1038/s41586-026-10735-w	BANC_v888 260702
VFB_00108kiu	BANC_888:720575941585797727	left side of organism	has_soma_location	BANC888	doi:10.1038/s41586-026-10735-w	BANC_v888 260702
VFB_00108kiv	BANC_888:720575941585798239	right side of organism	has_soma_location	BANC888	doi:10.1038/s41586-026-10735-w	BANC_v888 260702
VFB_00108kiw	BANC_888:720575941585798495	left side of organism	has_soma_location	BANC888	doi:10.1038/s41586-026-10735-w	BANC_v888 260702
VFB_00108kix	BANC_888:720575941585800414	right side of organism	has_soma_location	BANC888	doi:10.1038/s41586-026-10735-w	BANC_v888 260702
VFB_00105ay7	BANC_888:720575941585803230	right side of organism	has_soma_location	BANC888	doi:10.1038/s41586-026-10735-w	BANC_v888 260702
VFB_00108kiy	BANC_888:720575941585810271	left side of organism	has_soma_location	BANC888	doi:10.1038/s41586-026-10735-w	BANC_v888 260702
VFB_00108kiz	BANC_888:720575941585814918	right side of organism	has_soma_location	BANC888	doi:10.1038/s41586-026-10735-w	BANC_v888 260702
VFB_00108kj0	BANC_888:720575941585818719	right side of organism	has_soma_location	BANC888	doi:10.1038/s41586-026-10735-w	BANC_v888 260702
VFB_00108kj1	BANC_888:720575941585819999	left side of organism	has_soma_location	BANC888	doi:10.1038/s41586-026-10735-w	BANC_v888 260702
VFB_00108kj2	BANC_888:720575941585821574	left side of organism	has_soma_location	BANC888	doi:10.1038/s41586-026-10735-w	BANC_v888 260702
VFB_00105ay9	BANC_888:720575941585822174	right side of organism	has_soma_location	BANC888	doi:10.1038/s41586-026-10735-w	BANC_v888 260702
VFB_00108kj3	BANC_888:720575941585822559	left side of organism	has_soma_location	BANC888	doi:10.1038/s41586-026-10735-w	BANC_v888 260702
VFB_00105aya	BANC_888:720575941585825670	right side of organism	has_soma_location	BANC888	doi:10.1038/s41586-026-10735-w	BANC_v888 260702
VFB_00108kj4	BANC_888:720575941585828191	right side of organism	has_soma_location	BANC888	doi:10.1038/s41586-026-10735-w	BANC_v888 260702
VFB_00108kj5	BANC_888:720575941585829471	left side of organism	has_soma_location	BANC888	doi:10.1038/s41586-026-10735-w	BANC_v888 260702
VFB_00108kj6	BANC_888:720575941585830278	right side of organism	has_soma_location	BANC888	doi:10.1038/s41586-026-10735-w	BANC_v888 260702
VFB_00108kj7	BANC_888:720575941585830495	right side of organism	has_soma_location	BANC888	doi:10.1038/s41586-026-10735-w	BANC_v888 260702
VFB_00105ayb	BANC_888:720575941585831646	right side of organism	has_soma_location	BANC888	doi:10.1038/s41586-026-10735-w	BANC_v888 260702
VFB_00108kj8	BANC_888:720575941585836127	right side of organism	has_soma_location	BANC888	doi:10.1038/s41586-026-10735-w	BANC_v888 260702
VFB_00108kj9	BANC_888:720575941585840518	left side of organism	has_soma_location	BANC888	doi:10.1038/s41586-026-10735-w	BANC_v888 260702
VFB_00108kja	BANC_888:720575941585842527	left side of organism	has_soma_location	BANC888	doi:10.1038/s41586-026-10735-w	BANC_v888 260702
VFB_00108kjb	BANC_888:720575941585843551	right side of organism	has_soma_location	BANC888	doi:10.1038/s41586-026-10735-w	BANC_v888 260702
VFB_00108kjc	BANC_888:720575941585845855	right side of organism	has_soma_location	BANC888	doi:10.1038/s41586-026-10735-w	BANC_v888 260702
VFB_00105ayc	BANC_888:720575941585846750	right side of organism	has_soma_location	BANC888	doi:10.1038/s41586-026-10735-w	BANC_v888 260702
VFB_00108kjd	BANC_888:720575941585848030	right side of organism	has_soma_location	BANC888	doi:10.1038/s41586-026-10735-w	BANC_v888 260702
VFB_00108kje	BANC_888:720575941585848454	left side of organism	has_soma_location	BANC888	doi:10.1038/s41586-026-10735-w	BANC_v888 260702
VFB_00105aye	BANC_888:720575941585849822	right side of organism	has_soma_location	BANC888	doi:10.1038/s41586-026-10735-w	BANC_v888 260702
VFB_00108kjf	BANC_888:720575941585852255	right side of organism	has_soma_location	BANC888	doi:10.1038/s41586-026-10735-w	BANC_v888 260702
VFB_00108kjg	BANC_888:720575941585853535	right side of organism	has_soma_location	BANC888	doi:10.1038/s41586-026-10735-w	BANC_v888 260702
VFB_00108kjh	BANC_888:720575941585856607	left side of organism	has_soma_location	BANC888	doi:10.1038/s41586-026-10735-w	BANC_v888 260702
VFB_00108kji	BANC_888:720575941585858655	right side of organism	has_soma_location	BANC888	doi:10.1038/s41586-026-10735-w	BANC_v888 260702
VFB_00108kjj	BANC_888:720575941585859167	right side of organism	has_soma_location	BANC888	doi:10.1038/s41586-026-10735-w	BANC_v888 260702
VFB_00105ayf	BANC_888:720575941585859718	right side of organism	has_soma_location	BANC888	doi:10.1038/s41586-026-10735-w	BANC_v888 260702
VFB_00108kjk	BANC_888:720575941585859935	right side of organism	has_soma_location	BANC888	doi:10.1038/s41586-026-10735-w	BANC_v888 260702
VFB_00105ayg	BANC_888:720575941585860998	right side of organism	has_soma_location	BANC888	doi:10.1038/s41586-026-10735-w	BANC_v888 260702
VFB_00105ayh	BANC_888:720575941585862110	right side of organism	has_soma_location	BANC888	doi:10.1038/s41586-026-10735-w	BANC_v888 260702
VFB_00108kjl	BANC_888:720575941585864543	left side of organism	has_soma_location	BANC888	doi:10.1038/s41586-026-10735-w	BANC_v888 260702
VFB_00105ayi	BANC_888:720575941585867142	left side of organism	has_soma_location	BANC888	doi:10.1038/s41586-026-10735-w	BANC_v888 260702
VFB_00105ayj	BANC_888:720575941585870046	right side of organism	has_soma_location	BANC888	doi:10.1038/s41586-026-10735-w	BANC_v888 260702
VFB_00108kjm	BANC_888:720575941585873247	left side of organism	has_soma_location	BANC888	doi:10.1038/s41586-026-10735-w	BANC_v888 260702
VFB_00108kjn	BANC_888:720575941585874822	left side of organism	has_soma_location	BANC888	doi:10.1038/s41586-026-10735-w	BANC_v888 260702
VFB_00108kjo	BANC_888:720575941585877126	left side of organism	has_soma_location	BANC888	doi:10.1038/s41586-026-10735-w	BANC_v888 260702
VFB_00108kjp	BANC_888:720575941585877382	left side of organism	has_soma_location	BANC888	doi:10.1038/s41586-026-10735-w	BANC_v888 260702
VFB_00105ayk	BANC_888:720575941585879430	right side of organism	has_soma_location	BANC888	doi:10.1038/s41586-026-10735-w	BANC_v888 260702
VFB_00108kjq	BANC_888:720575941585880927	right side of organism	has_soma_location	BANC888	doi:10.1038/s41586-026-10735-w	BANC_v888 260702
VFB_00108kjr	BANC_888:720575941585881951	left side of organism	has_soma_location	BANC888	doi:10.1038/s41586-026-10735-w	BANC_v888 260702
VFB_00108kjs	BANC_888:720575941585882975	right side of organism	has_soma_location	BANC888	doi:10.1038/s41586-026-10735-w	BANC_v888 260702
VFB_00108kjt	BANC_888:720575941585890143	left side of organism	has_soma_location	BANC888	doi:10.1038/s41586-026-10735-w	BANC_v888 260702
VFB_00105aym	BANC_888:720575941585890694	right side of organism	has_soma_location	BANC888	doi:10.1038/s41586-026-10735-w	BANC_v888 260702
VFB_00108kju	BANC_888:720575941585893727	left side of organism	has_soma_location	BANC888	doi:10.1038/s41586-026-10735-w	BANC_v888 260702
VFB_00105ayn	BANC_888:720575941585901446	right side of organism	has_soma_location	BANC888	doi:10.1038/s41586-026-10735-w	BANC_v888 260702
VFB_00105ayo	BANC_888:720575941585902470	left side of organism	has_soma_location	BANC888	doi:10.1038/s41586-026-10735-w	BANC_v888 260702
VFB_00108kjv	BANC_888:720575941585902687	left side of organism	has_soma_location	BANC888	doi:10.1038/s41586-026-10735-w	BANC_v888 260702
VFB_00105ayp	BANC_888:720575941585902982	left side of organism	has_soma_location	BANC888	doi:10.1038/s41586-026-10735-w	BANC_v888 260702
VFB_00108kjw	BANC_888:720575941585903455	left side of organism	has_soma_location	BANC888	doi:10.1038/s41586-026-10735-w	BANC_v888 260702
VFB_00105ayq	BANC_888:720575941585907334	right side of organism	has_soma_location	BANC888	doi:10.1038/s41586-026-10735-w	BANC_v888 260702
VFB_00105ayr	BANC_888:720575941585908446	left side of organism	has_soma_location	BANC888	doi:10.1038/s41586-026-10735-w	BANC_v888 260702
VFB_00108kjx	BANC_888:720575941585911686	left side of organism	has_soma_location	BANC888	doi:10.1038/s41586-026-10735-w	BANC_v888 260702
VFB_00105ays	BANC_888:720575941585920646	left side of organism	has_soma_location	BANC888	doi:10.1038/s41586-026-10735-w	BANC_v888 260702
VFB_00105ayt	BANC_888:720575941585922182	left side of organism	has_soma_location	BANC888	doi:10.1038/s41586-026-10735-w	BANC_v888 260702
VFB_00105ayv	BANC_888:720575941585924486	left side of organism	has_soma_location	BANC888	doi:10.1038/s41586-026-10735-w	BANC_v888 260702
VFB_00108kjy	BANC_888:720575941585925983	left side of organism	has_soma_location	BANC888	doi:10.1038/s41586-026-10735-w	BANC_v888 260702
VFB_00108kjz	BANC_888:720575941585928582	right side of organism	has_soma_location	BANC888	doi:10.1038/s41586-026-10735-w	BANC_v888 260702
VFB_00105ayw	BANC_888:720575941585929350	right side of organism	has_soma_location	BANC888	doi:10.1038/s41586-026-10735-w	BANC_v888 260702
VFB_00105ayx	BANC_888:720575941585932422	left side of organism	has_soma_location	BANC888	doi:10.1038/s41586-026-10735-w	BANC_v888 260702
VFB_00105ayz	BANC_888:720575941585935494	left side of organism	has_soma_location	BANC888	doi:10.1038/s41586-026-10735-w	BANC_v888 260702
VFB_00105az0	BANC_888:720575941585936006	right side of organism	has_soma_location	BANC888	doi:10.1038/s41586-026-10735-w	BANC_v888 260702
VFB_00105az1	BANC_888:720575941585936606	right side of organism	has_soma_location	BANC888	doi:10.1038/s41586-026-10735-w	BANC_v888 260702
VFB_00108kk0	BANC_888:720575941585940614	left side of organism	has_soma_location	BANC888	doi:10.1038/s41586-026-10735-w	BANC_v888 260702
VFB_00105az2	BANC_888:720575941585941214	left side of organism	has_soma_location	BANC888	doi:10.1038/s41586-026-10735-w	BANC_v888 260702
VFB_00108kk1	BANC_888:720575941585945822	right side of organism	has_soma_location	BANC888	doi:10.1038/s41586-026-10735-w	BANC_v888 260702
VFB_00108kk2	BANC_888:720575941585947270	left side of organism	has_soma_location	BANC888	doi:10.1038/s41586-026-10735-w	BANC_v888 260702
VFB_00108kk3	BANC_888:720575941585948511	left side of organism	has_soma_location	BANC888	doi:10.1038/s41586-026-10735-w	BANC_v888 260702
VFB_00108kk4	BANC_888:720575941585949406	left side of organism	has_soma_location	BANC888	doi:10.1038/s41586-026-10735-w	BANC_v888 260702
VFB_00108kk5	BANC_888:720575941585950047	left side of organism	has_soma_location	BANC888	doi:10.1038/s41586-026-10735-w	BANC_v888 260702
VFB_00108kk6	BANC_888:720575941585956191	left side of organism	has_soma_location	BANC888	doi:10.1038/s41586-026-10735-w	BANC_v888 260702
VFB_00108kk7	BANC_888:720575941585959263	right side of organism	has_soma_location	BANC888	doi:10.1038/s41586-026-10735-w	BANC_v888 260702
VFB_00108kk8	BANC_888:720575941585967199	right side of organism	has_soma_location	BANC888	doi:10.1038/s41586-026-10735-w	BANC_v888 260702
VFB_00108kk9	BANC_888:720575941585967838	left side of organism	has_soma_location	BANC888	doi:10.1038/s41586-026-10735-w	BANC_v888 260702
VFB_00105az3	BANC_888:720575941585971166	right side of organism	has_soma_location	BANC888	doi:10.1038/s41586-026-10735-w	BANC_v888 260702
VFB_00108kka	BANC_888:720575941585978207	right side of organism	has_soma_location	BANC888	doi:10.1038/s41586-026-10735-w	BANC_v888 260702
VFB_00108kkb	BANC_888:720575941585980767	left side of organism	has_soma_location	BANC888	doi:10.1038/s41586-026-10735-w	BANC_v888 260702
VFB_00108kkc	BANC_888:720575941585981279	left side of organism	has_soma_location	BANC888	doi:10.1038/s41586-026-10735-w	BANC_v888 260702
VFB_00108kkd	BANC_888:720575941585982303	left side of organism	has_soma_location	BANC888	doi:10.1038/s41586-026-10735-w	BANC_v888 260702
VFB_00108kke	BANC_888:720575941585983839	left side of organism	has_soma_location	BANC888	doi:10.1038/s41586-026-10735-w	BANC_v888 260702
VFB_00108kkf	BANC_888:720575941585991007	left side of organism	has_soma_location	BANC888	doi:10.1038/s41586-026-10735-w	BANC_v888 260702
VFB_00108kkg	BANC_888:720575941585991302	right side of organism	has_soma_location	BANC888	doi:10.1038/s41586-026-10735-w	BANC_v888 260702
VFB_00108kkh	BANC_888:720575941585991775	left side of organism	has_soma_location	BANC888	doi:10.1038/s41586-026-10735-w	BANC_v888 260702
VFB_00108kki	BANC_888:720575941585995615	left side of organism	has_soma_location	BANC888	doi:10.1038/s41586-026-10735-w	BANC_v888 260702
VFB_00105az6	BANC_888:720575941585996254	left side of organism	has_soma_location	BANC888	doi:10.1038/s41586-026-10735-w	BANC_v888 260702
VFB_00108kkj	BANC_888:720575941585996639	left side of organism	has_soma_location	BANC888	doi:10.1038/s41586-026-10735-w	BANC_v888 260702
VFB_00108kkl	BANC_888:720575941585997919	left side of organism	has_soma_location	BANC888	doi:10.1038/s41586-026-10735-w	BANC_v888 260702
VFB_00108kkm	BANC_888:720575941585998431	left side of organism	has_soma_location	BANC888	doi:10.1038/s41586-026-10735-w	BANC_v888 260702
VFB_00108kkn	BANC_888:720575941586001118	left side of organism	has_soma_location	BANC888	doi:10.1038/s41586-026-10735-w	BANC_v888 260702
VFB_00108kko	BANC_888:720575941586001630	left side of organism	has_soma_location	BANC888	doi:10.1038/s41586-026-10735-w	BANC_v888 260702
VFB_00108kkp	BANC_888:720575941586003295	left side of organism	has_soma_location	BANC888	doi:10.1038/s41586-026-10735-w	BANC_v888 260702
VFB_00108kkq	BANC_888:720575941586003422	right side of organism	has_soma_location	BANC888	doi:10.1038/s41586-026-10735-w	BANC_v888 260702
VFB_00105az9	BANC_888:720575941586004702	right side of organism	has_soma_location	BANC888	doi:10.1038/s41586-026-10735-w	BANC_v888 260702
VFB_00108kkr	BANC_888:720575941586006111	left side of organism	has_soma_location	BANC888	doi:10.1038/s41586-026-10735-w	BANC_v888 260702
VFB_00108kks	BANC_888:720575941586006367	left side of organism	has_soma_location	BANC888	doi:10.1038/s41586-026-10735-w	BANC_v888 260702
VFB_00108kkt	BANC_888:720575941586009695	left side of organism	has_soma_location	BANC888	doi:10.1038/s41586-026-10735-w	BANC_v888 260702
VFB_00108kku	BANC_888:720575941586014686	right side of organism	has_soma_location	BANC888	doi:10.1038/s41586-026-10735-w	BANC_v888 260702
VFB_00108kkv	BANC_888:720575941586015071	left side of organism	has_soma_location	BANC888	doi:10.1038/s41586-026-10735-w	BANC_v888 260702
VFB_00105aza	BANC_888:720575941586016478	left side of organism	has_soma_location	BANC888	doi:10.1038/s41586-026-10735-w	BANC_v888 260702
VFB_00108kkw	BANC_888:720575941586019423	left side of organism	has_soma_location	BANC888	doi:10.1038/s41586-026-10735-w	BANC_v888 260702
VFB_00108kkx	BANC_888:720575941586019935	left side of organism	has_soma_location	BANC888	doi:10.1038/s41586-026-10735-w	BANC_v888 260702
VFB_00108kky	BANC_888:720575941586021983	left side of organism	has_soma_location	BANC888	doi:10.1038/s41586-026-10735-w	BANC_v888 260702
VFB_00108kkz	BANC_888:720575941586024031	left side of organism	has_soma_location	BANC888	doi:10.1038/s41586-026-10735-w	BANC_v888 260702
VFB_00108kl0	BANC_888:720575941586032991	right side of organism	has_soma_location	BANC888	doi:10.1038/s41586-026-10735-w	BANC_v888 260702
VFB_00108kl1	BANC_888:720575941586033247	left side of organism	has_soma_location	BANC888	doi:10.1038/s41586-026-10735-w	BANC_v888 260702
VFB_00108kl2	BANC_888:720575941586038879	right side of organism	has_soma_location	BANC888	doi:10.1038/s41586-026-10735-w	BANC_v888 260702
VFB_00108kl3	BANC_888:720575941586044511	left side of organism	has_soma_location	BANC888	doi:10.1038/s41586-026-10735-w	BANC_v888 260702
VFB_00105azd	BANC_888:720575941586045918	right side of organism	has_soma_location	BANC888	doi:10.1038/s41586-026-10735-w	BANC_v888 260702
VFB_00105aze	BANC_888:720575941586046174	right side of organism	has_soma_location	BANC888	doi:10.1038/s41586-026-10735-w	BANC_v888 260702
VFB_00108kl4	BANC_888:720575941586048351	left side of organism	has_soma_location	BANC888	doi:10.1038/s41586-026-10735-w	BANC_v888 260702
VFB_00105azf	BANC_888:720575941586049926	right side of organism	has_soma_location	BANC888	doi:10.1038/s41586-026-10735-w	BANC_v888 260702
VFB_00105azg	BANC_888:720575941586053598	left side of organism	has_soma_location	BANC888	doi:10.1038/s41586-026-10735-w	BANC_v888 260702
VFB_00105azi	BANC_888:720575941586058462	left side of organism	has_soma_location	BANC888	doi:10.1038/s41586-026-10735-w	BANC_v888 260702
VFB_00105azl	BANC_888:720575941586067334	left side of organism	has_soma_location	BANC888	doi:10.1038/s41586-026-10735-w	BANC_v888 260702
VFB_00105azm	BANC_888:720575941586068102	right side of organism	has_soma_location	BANC888	doi:10.1038/s41586-026-10735-w	BANC_v888 260702
VFB_00108kl5	BANC_888:720575941586069126	left side of organism	has_soma_location	BANC888	doi:10.1038/s41586-026-10735-w	BANC_v888 260702
VFB_00108kl6	BANC_888:720575941586069855	right side of organism	has_soma_location	BANC888	doi:10.1038/s41586-026-10735-w	BANC_v888 260702
VFB_00108kl7	BANC_888:720575941586070662	left side of organism	has_soma_location	BANC888	doi:10.1038/s41586-026-10735-w	BANC_v888 260702
VFB_00105azn	BANC_888:720575941586071430	right side of organism	has_soma_location	BANC888	doi:10.1038/s41586-026-10735-w	BANC_v888 260702
VFB_00105azo	BANC_888:720575941586072030	right side of organism	has_soma_location	BANC888	doi:10.1038/s41586-026-10735-w	BANC_v888 260702
VFB_00105azq	BANC_888:720575941586073734	right side of organism	has_soma_location	BANC888	doi:10.1038/s41586-026-10735-w	BANC_v888 260702
VFB_00108kl8	BANC_888:720575941586073951	left side of organism	has_soma_location	BANC888	doi:10.1038/s41586-026-10735-w	BANC_v888 260702
VFB_00105azr	BANC_888:720575941586082270	right side of organism	has_soma_location	BANC888	doi:10.1038/s41586-026-10735-w	BANC_v888 260702
VFB_00105azt	BANC_888:720575941586084230	right side of organism	has_soma_location	BANC888	doi:10.1038/s41586-026-10735-w	BANC_v888 260702
VFB_00108kl9	BANC_888:720575941586087007	left side of organism	has_soma_location	BANC888	doi:10.1038/s41586-026-10735-w	BANC_v888 260702
VFB_00105azu	BANC_888:720575941586088158	right side of organism	has_soma_location	BANC888	doi:10.1038/s41586-026-10735-w	BANC_v888 260702
VFB_00105azv	BANC_888:720575941586089182	right side of organism	has_soma_location	BANC888	doi:10.1038/s41586-026-10735-w	BANC_v888 260702
VFB_00108kla	BANC_888:720575941586090494	left side of organism	has_soma_location	BANC888	doi:10.1038/s41586-026-10735-w	BANC_v888 260702
VFB_00108klb	BANC_888:720575941586091006	left side of organism	has_soma_location	BANC888	doi:10.1038/s41586-026-10735-w	BANC_v888 260702
VFB_00108klc	BANC_888:720575941586094687	left side of organism	has_soma_location	BANC888	doi:10.1038/s41586-026-10735-w	BANC_v888 260702
VFB_00105azw	BANC_888:720575941586098310	left side of organism	has_soma_location	BANC888	doi:10.1038/s41586-026-10735-w	BANC_v888 260702
VFB_00105azx	BANC_888:720575941586099334	right side of organism	has_soma_location	BANC888	doi:10.1038/s41586-026-10735-w	BANC_v888 260702
VFB_00108kld	BANC_888:720575941586101382	left side of organism	has_soma_location	BANC888	doi:10.1038/s41586-026-10735-w	BANC_v888 260702
VFB_00105azz	BANC_888:720575941586104710	left side of organism	has_soma_location	BANC888	doi:10.1038/s41586-026-10735-w	BANC_v888 260702
VFB_00108kle	BANC_888:720575941586107999	right side of organism	has_soma_location	BANC888	doi:10.1038/s41586-026-10735-w	BANC_v888 260702
VFB_00108klf	BANC_888:720575941586110815	left side of organism	has_soma_location	BANC888	doi:10.1038/s41586-026-10735-w	BANC_v888 260702
VFB_00108klg	BANC_888:720575941586111878	right side of organism	has_soma_location	BANC888	doi:10.1038/s41586-026-10735-w	BANC_v888 260702
VFB_00105b00	BANC_888:720575941586112222	right side of organism	has_soma_location	BANC888	doi:10.1038/s41586-026-10735-w	BANC_v888 260702
VFB_00105b01	BANC_888:720575941586112390	right side of organism	has_soma_location	BANC888	doi:10.1038/s41586-026-10735-w	BANC_v888 260702
VFB_00108klh	BANC_888:720575941586116703	right side of organism	has_soma_location	BANC888	doi:10.1038/s41586-026-10735-w	BANC_v888 260702
VFB_00108kli	BANC_888:720575941586117471	left side of organism	has_soma_location	BANC888	doi:10.1038/s41586-026-10735-w	BANC_v888 260702
VFB_00108klj	BANC_888:720575941586119302	right side of organism	has_soma_location	BANC888	doi:10.1038/s41586-026-10735-w	BANC_v888 260702
VFB_00105b03	BANC_888:720575941586120582	right side of organism	has_soma_location	BANC888	doi:10.1038/s41586-026-10735-w	BANC_v888 260702
VFB_00108klk	BANC_888:720575941586121055	left side of organism	has_soma_location	BANC888	doi:10.1038/s41586-026-10735-w	BANC_v888 260702
VFB_00108kll	BANC_888:720575941586123615	left side of organism	has_soma_location	BANC888	doi:10.1038/s41586-026-10735-w	BANC_v888 260702
VFB_00105b05	BANC_888:720575941586127838	right side of organism	has_soma_location	BANC888	doi:10.1038/s41586-026-10735-w	BANC_v888 260702
VFB_00108klm	BANC_888:720575941586130015	left side of organism	has_soma_location	BANC888	doi:10.1038/s41586-026-10735-w	BANC_v888 260702
VFB_00105b06	BANC_888:720575941586135174	left side of organism	has_soma_location	BANC888	doi:10.1038/s41586-026-10735-w	BANC_v888 260702
VFB_00108kln	BANC_888:720575941586135391	left side of organism	has_soma_location	BANC888	doi:10.1038/s41586-026-10735-w	BANC_v888 260702
VFB_00105b07	BANC_888:720575941586137222	left side of organism	has_soma_location	BANC888	doi:10.1038/s41586-026-10735-w	BANC_v888 260702
VFB_00108klo	BANC_888:720575941586141023	right side of organism	has_soma_location	BANC888	doi:10.1038/s41586-026-10735-w	BANC_v888 260702
VFB_00105b08	BANC_888:720575941586144134	right side of organism	has_soma_location	BANC888	doi:10.1038/s41586-026-10735-w	BANC_v888 260702
VFB_00108klp	BANC_888:720575941586147462	right side of organism	has_soma_location	BANC888	doi:10.1038/s41586-026-10735-w	BANC_v888 260702
VFB_00108klq	BANC_888:720575941586148959	left side of organism	has_soma_location	BANC888	doi:10.1038/s41586-026-10735-w	BANC_v888 260702
VFB_00108klr	BANC_888:720575941586157663	left side of organism	has_soma_location	BANC888	doi:10.1038/s41586-026-10735-w	BANC_v888 260702
VFB_00108kls	BANC_888:720575941586157790	right side of organism	has_soma_location	BANC888	doi:10.1038/s41586-026-10735-w	BANC_v888 260702
VFB_00105b09	BANC_888:720575941586158214	right side of organism	has_soma_location	BANC888	doi:10.1038/s41586-026-10735-w	BANC_v888 260702
VFB_00108klt	BANC_888:720575941586160735	left side of organism	has_soma_location	BANC888	doi:10.1038/s41586-026-10735-w	BANC_v888 260702
VFB_00108klu	BANC_888:720575941586169439	left side of organism	has_soma_location	BANC888	doi:10.1038/s41586-026-10735-w	BANC_v888 260702
VFB_00108klv	BANC_888:720575941586179167	left side of organism	has_soma_location	BANC888	doi:10.1038/s41586-026-10735-w	BANC_v888 260702
VFB_00108klw	BANC_888:720575941586184543	left side of organism	has_soma_location	BANC888	doi:10.1038/s41586-026-10735-w	BANC_v888 260702
VFB_00108klx	BANC_888:720575941586186591	left side of organism	has_soma_location	BANC888	doi:10.1038/s41586-026-10735-w	BANC_v888 260702
VFB_00108kly	BANC_888:720575941586187871	left side of organism	has_soma_location	BANC888	doi:10.1038/s41586-026-10735-w	BANC_v888 260702
VFB_00108klz	BANC_888:720575941586188639	left side of organism	has_soma_location	BANC888	doi:10.1038/s41586-026-10735-w	BANC_v888 260702
VFB_00108km0	BANC_888:720575941586190431	left side of organism	has_soma_location	BANC888	doi:10.1038/s41586-026-10735-w	BANC_v888 260702
VFB_00108km1	BANC_888:720575941586191455	left side of organism	has_soma_location	BANC888	doi:10.1038/s41586-026-10735-w	BANC_v888 260702
VFB_00108km2	BANC_888:720575941586192262	right side of organism	has_soma_location	BANC888	doi:10.1038/s41586-026-10735-w	BANC_v888 260702
VFB_00105b0b	BANC_888:720575941586192774	left side of organism	has_soma_location	BANC888	doi:10.1038/s41586-026-10735-w	BANC_v888 260702
VFB_00108km3	BANC_888:720575941586199391	left side of organism	has_soma_location	BANC888	doi:10.1038/s41586-026-10735-w	BANC_v888 260702
VFB_00108km4	BANC_888:720575941586202078	left side of organism	has_soma_location	BANC888	doi:10.1038/s41586-026-10735-w	BANC_v888 260702
VFB_00108km5	BANC_888:720575941586206174	left side of organism	has_soma_location	BANC888	doi:10.1038/s41586-026-10735-w	BANC_v888 260702
VFB_00108km6	BANC_888:720575941586206559	left side of organism	has_soma_location	BANC888	doi:10.1038/s41586-026-10735-w	BANC_v888 260702
VFB_00105b0c	BANC_888:720575941586207366	left side of organism	has_soma_location	BANC888	doi:10.1038/s41586-026-10735-w	BANC_v888 260702
VFB_00105b0d	BANC_888:720575941586208646	right side of organism	has_soma_location	BANC888	doi:10.1038/s41586-026-10735-w	BANC_v888 260702
VFB_00105b0e	BANC_888:720575941586210438	right side of organism	has_soma_location	BANC888	doi:10.1038/s41586-026-10735-w	BANC_v888 260702
VFB_00108km7	BANC_888:720575941586211679	left side of organism	has_soma_location	BANC888	doi:10.1038/s41586-026-10735-w	BANC_v888 260702
VFB_00108km8	BANC_888:720575941586215007	left side of organism	has_soma_location	BANC888	doi:10.1038/s41586-026-10735-w	BANC_v888 260702
VFB_00108km9	BANC_888:720575941586215558	right side of organism	has_soma_location	BANC888	doi:10.1038/s41586-026-10735-w	BANC_v888 260702
VFB_00105b0f	BANC_888:720575941586217862	right side of organism	has_soma_location	BANC888	doi:10.1038/s41586-026-10735-w	BANC_v888 260702
VFB_00108kma	BANC_888:720575941586218079	left side of organism	has_soma_location	BANC888	doi:10.1038/s41586-026-10735-w	BANC_v888 260702
VFB_00108kmb	BANC_888:720575941586219654	left side of organism	has_soma_location	BANC888	doi:10.1038/s41586-026-10735-w	BANC_v888 260702
VFB_00108kmc	BANC_888:720575941586219871	left side of organism	has_soma_location	BANC888	doi:10.1038/s41586-026-10735-w	BANC_v888 260702
VFB_00105b0h	BANC_888:720575941586220510	right side of organism	has_soma_location	BANC888	doi:10.1038/s41586-026-10735-w	BANC_v888 260702
VFB_00108kmd	BANC_888:720575941586223326	left side of organism	has_soma_location	BANC888	doi:10.1038/s41586-026-10735-w	BANC_v888 260702
VFB_00108kme	BANC_888:720575941586223711	left side of organism	has_soma_location	BANC888	doi:10.1038/s41586-026-10735-w	BANC_v888 260702
VFB_00108kmf	BANC_888:720575941586225374	left side of organism	has_soma_location	BANC888	doi:10.1038/s41586-026-10735-w	BANC_v888 260702
VFB_00108kmg	BANC_888:720575941586225759	left side of organism	has_soma_location	BANC888	doi:10.1038/s41586-026-10735-w	BANC_v888 260702
VFB_00108kmh	BANC_888:720575941586226054	right side of organism	has_soma_location	BANC888	doi:10.1038/s41586-026-10735-w	BANC_v888 260702
VFB_00108kmi	BANC_888:720575941586226654	left side of organism	has_soma_location	BANC888	doi:10.1038/s41586-026-10735-w	BANC_v888 260702
VFB_00108kmj	BANC_888:720575941586227422	right side of organism	has_soma_location	BANC888	doi:10.1038/s41586-026-10735-w	BANC_v888 260702
VFB_00105b0j	BANC_888:720575941586229126	left side of organism	has_soma_location	BANC888	doi:10.1038/s41586-026-10735-w	BANC_v888 260702
VFB_00108kmk	BANC_888:720575941586230879	left side of organism	has_soma_location	BANC888	doi:10.1038/s41586-026-10735-w	BANC_v888 260702
VFB_00108kml	BANC_888:720575941586232454	right side of organism	has_soma_location	BANC888	doi:10.1038/s41586-026-10735-w	BANC_v888 260702
VFB_00108kmm	BANC_888:720575941586233734	right side of organism	has_soma_location	BANC888	doi:10.1038/s41586-026-10735-w	BANC_v888 260702
VFB_00108kmn	BANC_888:720575941586235743	right side of organism	has_soma_location	BANC888	doi:10.1038/s41586-026-10735-w	BANC_v888 260702
VFB_00105b0l	BANC_888:720575941586237830	right side of organism	has_soma_location	BANC888	doi:10.1038/s41586-026-10735-w	BANC_v888 260702
VFB_00108kmo	BANC_888:720575941586240095	right side of organism	has_soma_location	BANC888	doi:10.1038/s41586-026-10735-w	BANC_v888 260702
VFB_00108kmp	BANC_888:720575941586241670	right side of organism	has_soma_location	BANC888	doi:10.1038/s41586-026-10735-w	BANC_v888 260702
VFB_00108kmq	BANC_888:720575941586247263	right side of organism	has_soma_location	BANC888	doi:10.1038/s41586-026-10735-w	BANC_v888 260702
VFB_00105b0n	BANC_888:720575941586249094	left side of organism	has_soma_location	BANC888	doi:10.1038/s41586-026-10735-w	BANC_v888 260702
VFB_00108kmr	BANC_888:720575941586249567	right side of organism	has_soma_location	BANC888	doi:10.1038/s41586-026-10735-w	BANC_v888 260702
VFB_00105b0p	BANC_888:720575941586253702	right side of organism	has_soma_location	BANC888	doi:10.1038/s41586-026-10735-w	BANC_v888 260702
VFB_00105b0q	BANC_888:720575941586256774	right side of organism	has_soma_location	BANC888	doi:10.1038/s41586-026-10735-w	BANC_v888 260702
VFB_00105b0r	BANC_888:720575941586257542	right side of organism	has_soma_location	BANC888	doi:10.1038/s41586-026-10735-w	BANC_v888 260702
VFB_00108kms	BANC_888:720575941586259590	left side of organism	has_soma_location	BANC888	doi:10.1038/s41586-026-10735-w	BANC_v888 260702
VFB_00108kmt	BANC_888:720575941586261214	right side of organism	has_soma_location	BANC888	doi:10.1038/s41586-026-10735-w	BANC_v888 260702
VFB_00108kmu	BANC_888:720575941586262367	right side of organism	has_soma_location	BANC888	doi:10.1038/s41586-026-10735-w	BANC_v888 260702
VFB_00108kmv	BANC_888:720575941586265439	right side of organism	has_soma_location	BANC888	doi:10.1038/s41586-026-10735-w	BANC_v888 260702
VFB_00108kmw	BANC_888:720575941586267526	left side of organism	has_soma_location	BANC888	doi:10.1038/s41586-026-10735-w	BANC_v888 260702
VFB_00108kmx	BANC_888:720575941586268806	right side of organism	has_soma_location	BANC888	doi:10.1038/s41586-026-10735-w	BANC_v888 260702
VFB_00105b0s	BANC_888:720575941586270854	left side of organism	has_soma_location	BANC888	doi:10.1038/s41586-026-10735-w	BANC_v888 260702
VFB_00105b0u	BANC_888:720575941586273926	right side of organism	has_soma_location	BANC888	doi:10.1038/s41586-026-10735-w	BANC_v888 260702
VFB_00105b0v	BANC_888:720575941586281094	right side of organism	has_soma_location	BANC888	doi:10.1038/s41586-026-10735-w	BANC_v888 260702
VFB_00108kmy	BANC_888:720575941586288006	right side of organism	has_soma_location	BANC888	doi:10.1038/s41586-026-10735-w	BANC_v888 260702
VFB_00108kmz	BANC_888:720575941586288606	left side of organism	has_soma_location	BANC888	doi:10.1038/s41586-026-10735-w	BANC_v888 260702
VFB_00105b11	BANC_888:720575941586298246	left side of organism	has_soma_location	BANC888	doi:10.1038/s41586-026-10735-w	BANC_v888 260702
VFB_00105b12	BANC_888:720575941586299014	right side of organism	has_soma_location	BANC888	doi:10.1038/s41586-026-10735-w	BANC_v888 260702
VFB_00105b13	BANC_888:720575941586308574	right side of organism	has_soma_location	BANC888	doi:10.1038/s41586-026-10735-w	BANC_v888 260702
VFB_00108kn0	BANC_888:720575941586308998	left side of organism	has_soma_location	BANC888	doi:10.1038/s41586-026-10735-w	BANC_v888 260702
VFB_00105b14	BANC_888:720575941586312260	right side of organism	has_soma_location	BANC888	doi:10.1038/s41586-026-10735-w	BANC_v888 260702
VFB_00105b15	BANC_888:720575941586314308	left side of organism	has_soma_location	BANC888	doi:10.1038/s41586-026-10735-w	BANC_v888 260702
VFB_00108kn1	BANC_888:720575941586319750	left side of organism	has_soma_location	BANC888	doi:10.1038/s41586-026-10735-w	BANC_v888 260702
VFB_00108kn2	BANC_888:720575941586323166	left side of organism	has_soma_location	BANC888	doi:10.1038/s41586-026-10735-w	BANC_v888 260702
VFB_00108kn3	BANC_888:720575941586329222	left side of organism	has_soma_location	BANC888	doi:10.1038/s41586-026-10735-w	BANC_v888 260702
VFB_00105b16	BANC_888:720575941586329924	left side of organism	has_soma_location	BANC888	doi:10.1038/s41586-026-10735-w	BANC_v888 260702
VFB_00108kn4	BANC_888:720575941586332294	left side of organism	has_soma_location	BANC888	doi:10.1038/s41586-026-10735-w	BANC_v888 260702
VFB_00105b17	BANC_888:720575941586335044	right side of organism	has_soma_location	BANC888	doi:10.1038/s41586-026-10735-w	BANC_v888 260702
VFB_00108kn5	BANC_888:720575941586342534	left side of organism	has_soma_location	BANC888	doi:10.1038/s41586-026-10735-w	BANC_v888 260702
VFB_00108kn6	BANC_888:720575941586343814	left side of organism	has_soma_location	BANC888	doi:10.1038/s41586-026-10735-w	BANC_v888 260702
VFB_00108kn7	BANC_888:720575941586350214	left side of organism	has_soma_location	BANC888	doi:10.1038/s41586-026-10735-w	BANC_v888 260702
VFB_00105b18	BANC_888:720575941586360798	right side of organism	has_soma_location	BANC888	doi:10.1038/s41586-026-10735-w	BANC_v888 260702
VFB_00108kn8	BANC_888:720575941586361310	right side of organism	has_soma_location	BANC888	doi:10.1038/s41586-026-10735-w	BANC_v888 260702
VFB_00105b19	BANC_888:720575941586363716	left side of organism	has_soma_location	BANC888	doi:10.1038/s41586-026-10735-w	BANC_v888 260702
VFB_00108kn9	BANC_888:720575941586367878	left side of organism	has_soma_location	BANC888	doi:10.1038/s41586-026-10735-w	BANC_v888 260702
VFB_00105b1a	BANC_888:720575941586372830	right side of organism	has_soma_location	BANC888	doi:10.1038/s41586-026-10735-w	BANC_v888 260702
VFB_00105b1b	BANC_888:720575941586373444	left side of organism	has_soma_location	BANC888	doi:10.1038/s41586-026-10735-w	BANC_v888 260702
VFB_00105b1c	BANC_888:720575941586374980	right side of organism	has_soma_location	BANC888	doi:10.1038/s41586-026-10735-w	BANC_v888 260702
VFB_00105b1d	BANC_888:720575941586375390	right side of organism	has_soma_location	BANC888	doi:10.1038/s41586-026-10735-w	BANC_v888 260702
VFB_00105b1e	BANC_888:720575941586378820	left side of organism	has_soma_location	BANC888	doi:10.1038/s41586-026-10735-w	BANC_v888 260702
VFB_00105b1f	BANC_888:720575941586378974	right side of organism	has_soma_location	BANC888	doi:10.1038/s41586-026-10735-w	BANC_v888 260702
VFB_00108kna	BANC_888:720575941586380766	left side of organism	has_soma_location	BANC888	doi:10.1038/s41586-026-10735-w	BANC_v888 260702
VFB_00105b1g	BANC_888:720575941586381534	right side of organism	has_soma_location	BANC888	doi:10.1038/s41586-026-10735-w	BANC_v888 260702
VFB_00105b1h	BANC_888:720575941586381892	right side of organism	has_soma_location	BANC888	doi:10.1038/s41586-026-10735-w	BANC_v888 260702
VFB_00108knb	BANC_888:720575941586391876	right side of organism	has_soma_location	BANC888	doi:10.1038/s41586-026-10735-w	BANC_v888 260702
VFB_00108knc	BANC_888:720575941586396550	left side of organism	has_soma_location	BANC888	doi:10.1038/s41586-026-10735-w	BANC_v888 260702
VFB_00105b1i	BANC_888:720575941586402014	left side of organism	has_soma_location	BANC888	doi:10.1038/s41586-026-10735-w	BANC_v888 260702
VFB_00105b1j	BANC_888:720575941586402628	left side of organism	has_soma_location	BANC888	doi:10.1038/s41586-026-10735-w	BANC_v888 260702
VFB_00105b1l	BANC_888:720575941586408670	right side of organism	has_soma_location	BANC888	doi:10.1038/s41586-026-10735-w	BANC_v888 260702
VFB_00105b1m	BANC_888:720575941586409540	right side of organism	has_soma_location	BANC888	doi:10.1038/s41586-026-10735-w	BANC_v888 260702
VFB_00108knd	BANC_888:720575941586413190	left side of organism	has_soma_location	BANC888	doi:10.1038/s41586-026-10735-w	BANC_v888 260702
VFB_00105b1n	BANC_888:720575941586414046	right side of organism	has_soma_location	BANC888	doi:10.1038/s41586-026-10735-w	BANC_v888 260702
VFB_00105b1p	BANC_888:720575941586417118	right side of organism	has_soma_location	BANC888	doi:10.1038/s41586-026-10735-w	BANC_v888 260702
VFB_00108kne	BANC_888:720575941586419590	left side of organism	has_soma_location	BANC888	doi:10.1038/s41586-026-10735-w	BANC_v888 260702
VFB_00105b1r	BANC_888:720575941586424030	left side of organism	has_soma_location	BANC888	doi:10.1038/s41586-026-10735-w	BANC_v888 260702
VFB_00105b1s	BANC_888:720575941586424542	right side of organism	has_soma_location	BANC888	doi:10.1038/s41586-026-10735-w	BANC_v888 260702
VFB_00105b1t	BANC_888:720575941586425412	right side of organism	has_soma_location	BANC888	doi:10.1038/s41586-026-10735-w	BANC_v888 260702
VFB_00105b1u	BANC_888:720575941586427460	right side of organism	has_soma_location	BANC888	doi:10.1038/s41586-026-10735-w	BANC_v888 260702
VFB_00105b1v	BANC_888:720575941586427972	right side of organism	has_soma_location	BANC888	doi:10.1038/s41586-026-10735-w	BANC_v888 260702
VFB_00105b1w	BANC_888:720575941586428382	left side of organism	has_soma_location	BANC888	doi:10.1038/s41586-026-10735-w	BANC_v888 260702
VFB_00105b1x	BANC_888:720575941586429150	left side of organism	has_soma_location	BANC888	doi:10.1038/s41586-026-10735-w	BANC_v888 260702
VFB_00108knf	BANC_888:720575941586429918	left side of organism	has_soma_location	BANC888	doi:10.1038/s41586-026-10735-w	BANC_v888 260702
VFB_00105b1y	BANC_888:720575941586431812	left side of organism	has_soma_location	BANC888	doi:10.1038/s41586-026-10735-w	BANC_v888 260702
VFB_00105b1z	BANC_888:720575941586432068	right side of organism	has_soma_location	BANC888	doi:10.1038/s41586-026-10735-w	BANC_v888 260702
VFB_00105b20	BANC_888:720575941586435806	right side of organism	has_soma_location	BANC888	doi:10.1038/s41586-026-10735-w	BANC_v888 260702
VFB_00105b21	BANC_888:720575941586436318	left side of organism	has_soma_location	BANC888	doi:10.1038/s41586-026-10735-w	BANC_v888 260702
VFB_00108kng	BANC_888:720575941586438212	left side of organism	has_soma_location	BANC888	doi:10.1038/s41586-026-10735-w	BANC_v888 260702
VFB_00105b22	BANC_888:720575941586438278	left side of organism	has_soma_location	BANC888	doi:10.1038/s41586-026-10735-w	BANC_v888 260702
VFB_00105b23	BANC_888:720575941586438534	left side of organism	has_soma_location	BANC888	doi:10.1038/s41586-026-10735-w	BANC_v888 260702
VFB_00105b24	BANC_888:720575941586439902	right side of organism	has_soma_location	BANC888	doi:10.1038/s41586-026-10735-w	BANC_v888 260702
VFB_00105b26	BANC_888:720575941586440926	right side of organism	has_soma_location	BANC888	doi:10.1038/s41586-026-10735-w	BANC_v888 260702
VFB_00108knh	BANC_888:720575941586441284	left side of organism	has_soma_location	BANC888	doi:10.1038/s41586-026-10735-w	BANC_v888 260702
VFB_00105b27	BANC_888:720575941586441950	left side of organism	has_soma_location	BANC888	doi:10.1038/s41586-026-10735-w	BANC_v888 260702
VFB_00105b28	BANC_888:720575941586442462	left side of organism	has_soma_location	BANC888	doi:10.1038/s41586-026-10735-w	BANC_v888 260702
VFB_00105b29	BANC_888:720575941586443998	right side of organism	has_soma_location	BANC888	doi:10.1038/s41586-026-10735-w	BANC_v888 260702
VFB_00105b2a	BANC_888:720575941586445534	left side of organism	has_soma_location	BANC888	doi:10.1038/s41586-026-10735-w	BANC_v888 260702
VFB_00105b2b	BANC_888:720575941586448708	left side of organism	has_soma_location	BANC888	doi:10.1038/s41586-026-10735-w	BANC_v888 260702
VFB_00105b2c	BANC_888:720575941586449118	left side of organism	has_soma_location	BANC888	doi:10.1038/s41586-026-10735-w	BANC_v888 260702
VFB_00108kni	BANC_888:720575941586449476	left side of organism	has_soma_location	BANC888	doi:10.1038/s41586-026-10735-w	BANC_v888 260702
VFB_00105b2e	BANC_888:720575941586453726	left side of organism	has_soma_location	BANC888	doi:10.1038/s41586-026-10735-w	BANC_v888 260702
VFB_00108knj	BANC_888:720575941586454150	left side of organism	has_soma_location	BANC888	doi:10.1038/s41586-026-10735-w	BANC_v888 260702
VFB_00105b2f	BANC_888:720575941586455774	right side of organism	has_soma_location	BANC888	doi:10.1038/s41586-026-10735-w	BANC_v888 260702
VFB_00108knk	BANC_888:720575941586457310	right side of organism	has_soma_location	BANC888	doi:10.1038/s41586-026-10735-w	BANC_v888 260702
VFB_00105b2g	BANC_888:720575941586457822	right side of organism	has_soma_location	BANC888	doi:10.1038/s41586-026-10735-w	BANC_v888 260702
VFB_00105b2i	BANC_888:720575941586469510	left side of organism	has_soma_location	BANC888	doi:10.1038/s41586-026-10735-w	BANC_v888 260702
VFB_00105b2j	BANC_888:720575941586470110	right side of organism	has_soma_location	BANC888	doi:10.1038/s41586-026-10735-w	BANC_v888 260702
VFB_00105b2k	BANC_888:720575941586471646	right side of organism	has_soma_location	BANC888	doi:10.1038/s41586-026-10735-w	BANC_v888 260702
VFB_00108knl	BANC_888:720575941586473350	left side of organism	has_soma_location	BANC888	doi:10.1038/s41586-026-10735-w	BANC_v888 260702
VFB_00105b2l	BANC_888:720575941586474564	right side of organism	has_soma_location	BANC888	doi:10.1038/s41586-026-10735-w	BANC_v888 260702
VFB_00105b2m	BANC_888:720575941586475076	left side of organism	has_soma_location	BANC888	doi:10.1038/s41586-026-10735-w	BANC_v888 260702
VFB_00108knm	BANC_888:720575941586475998	left side of organism	has_soma_location	BANC888	doi:10.1038/s41586-026-10735-w	BANC_v888 260702
VFB_00105b2o	BANC_888:720575941586479070	left side of organism	has_soma_location	BANC888	doi:10.1038/s41586-026-10735-w	BANC_v888 260702
VFB_00108knn	BANC_888:720575941586493150	left side of organism	has_soma_location	BANC888	doi:10.1038/s41586-026-10735-w	BANC_v888 260702
VFB_00108kno	BANC_888:720575941586496222	left side of organism	has_soma_location	BANC888	doi:10.1038/s41586-026-10735-w	BANC_v888 260702
VFB_00108knp	BANC_888:720575941586498014	right side of organism	has_soma_location	BANC888	doi:10.1038/s41586-026-10735-w	BANC_v888 260702
VFB_00108knq	BANC_888:720575941586500062	left side of organism	has_soma_location	BANC888	doi:10.1038/s41586-026-10735-w	BANC_v888 260702
VFB_00105b2t	BANC_888:720575941586505950	right side of organism	has_soma_location	BANC888	doi:10.1038/s41586-026-10735-w	BANC_v888 260702
VFB_00108knr	BANC_888:720575941586522758	left side of organism	has_soma_location	BANC888	doi:10.1038/s41586-026-10735-w	BANC_v888 260702
VFB_00105b2v	BANC_888:720575941586525662	left side of organism	has_soma_location	BANC888	doi:10.1038/s41586-026-10735-w	BANC_v888 260702
VFB_00108kns	BANC_888:720575941586526854	left side of organism	has_soma_location	BANC888	doi:10.1038/s41586-026-10735-w	BANC_v888 260702
VFB_00108knt	BANC_888:720575941586531974	left side of organism	has_soma_location	BANC888	doi:10.1038/s41586-026-10735-w	BANC_v888 260702
VFB_00105b2w	BANC_888:720575941586534110	left side of organism	has_soma_location	BANC888	doi:10.1038/s41586-026-10735-w	BANC_v888 260702
VFB_00108knu	BANC_888:720575941586535134	left side of organism	has_soma_location	BANC888	doi:10.1038/s41586-026-10735-w	BANC_v888 260702
VFB_00108knv	BANC_888:720575941586542814	left side of organism	has_soma_location	BANC888	doi:10.1038/s41586-026-10735-w	BANC_v888 260702
VFB_00105b2y	BANC_888:720575941586544094	left side of organism	has_soma_location	BANC888	doi:10.1038/s41586-026-10735-w	BANC_v888 260702
VFB_00105b30	BANC_888:720575941586552644	right side of organism	has_soma_location	BANC888	doi:10.1038/s41586-026-10735-w	BANC_v888 260702
VFB_00108knw	BANC_888:720575941586578244	left side of organism	has_soma_location	BANC888	doi:10.1038/s41586-026-10735-w	BANC_v888 260702
VFB_00105b31	BANC_888:720575941586584542	right side of organism	has_soma_location	BANC888	doi:10.1038/s41586-026-10735-w	BANC_v888 260702
VFB_00108knx	BANC_888:720575941586586846	right side of organism	has_soma_location	BANC888	doi:10.1038/s41586-026-10735-w	BANC_v888 260702
VFB_00105b33	BANC_888:720575941586591710	right side of organism	has_soma_location	BANC888	doi:10.1038/s41586-026-10735-w	BANC_v888 260702
VFB_00105b34	BANC_888:720575941586594182	right side of organism	has_soma_location	BANC888	doi:10.1038/s41586-026-10735-w	BANC_v888 260702
VFB_00105b35	BANC_888:720575941586606814	left side of organism	has_soma_location	BANC888	doi:10.1038/s41586-026-10735-w	BANC_v888 260702
VFB_00105b36	BANC_888:720575941586608862	right side of organism	has_soma_location	BANC888	doi:10.1038/s41586-026-10735-w	BANC_v888 260702
VFB_00105b37	BANC_888:720575941586609886	left side of organism	has_soma_location	BANC888	doi:10.1038/s41586-026-10735-w	BANC_v888 260702
VFB_00108kny	BANC_888:720575941586612446	left side of organism	has_soma_location	BANC888	doi:10.1038/s41586-026-10735-w	BANC_v888 260702
VFB_00105b38	BANC_888:720575941586617536	right side of organism	has_soma_location	BANC888	doi:10.1038/s41586-026-10735-w	BANC_v888 260702
VFB_00108knz	BANC_888:720575941586617990	left side of organism	has_soma_location	BANC888	doi:10.1038/s41586-026-10735-w	BANC_v888 260702
VFB_00105b3c	BANC_888:720575941586627462	right side of organism	has_soma_location	BANC888	doi:10.1038/s41586-026-10735-w	BANC_v888 260702
VFB_00105b3d	BANC_888:720575941586628062	right side of organism	has_soma_location	BANC888	doi:10.1038/s41586-026-10735-w	BANC_v888 260702
VFB_00105b3e	BANC_888:720575941586630110	left side of organism	has_soma_location	BANC888	doi:10.1038/s41586-026-10735-w	BANC_v888 260702
VFB_00105b3f	BANC_888:720575941586631390	left side of organism	has_soma_location	BANC888	doi:10.1038/s41586-026-10735-w	BANC_v888 260702
VFB_00105b3g	BANC_888:720575941586636356	right side of organism	has_soma_location	BANC888	doi:10.1038/s41586-026-10735-w	BANC_v888 260702
VFB_00105b3i	BANC_888:720575941586648198	left side of organism	has_soma_location	BANC888	doi:10.1038/s41586-026-10735-w	BANC_v888 260702
VFB_00108ko0	BANC_888:720575941586648454	right side of organism	has_soma_location	BANC888	doi:10.1038/s41586-026-10735-w	BANC_v888 260702
VFB_00108ko1	BANC_888:720575941586652294	right side of organism	has_soma_location	BANC888	doi:10.1038/s41586-026-10735-w	BANC_v888 260702
VFB_00108ko2	BANC_888:720575941586652382	left side of organism	has_soma_location	BANC888	doi:10.1038/s41586-026-10735-w	BANC_v888 260702
VFB_00105b3j	BANC_888:720575941586653062	right side of organism	has_soma_location	BANC888	doi:10.1038/s41586-026-10735-w	BANC_v888 260702
VFB_00108ko3	BANC_888:720575941586655878	right side of organism	has_soma_location	BANC888	doi:10.1038/s41586-026-10735-w	BANC_v888 260702
VFB_00105b3k	BANC_888:720575941586660574	right side of organism	has_soma_location	BANC888	doi:10.1038/s41586-026-10735-w	BANC_v888 260702
VFB_00108ko4	BANC_888:720575941586664926	left side of organism	has_soma_location	BANC888	doi:10.1038/s41586-026-10735-w	BANC_v888 260702
VFB_00108ko5	BANC_888:720575941586665606	right side of organism	has_soma_location	BANC888	doi:10.1038/s41586-026-10735-w	BANC_v888 260702
VFB_00105b3l	BANC_888:720575941586666206	left side of organism	has_soma_location	BANC888	doi:10.1038/s41586-026-10735-w	BANC_v888 260702
VFB_00105b3m	BANC_888:720575941586674142	right side of organism	has_soma_location	BANC888	doi:10.1038/s41586-026-10735-w	BANC_v888 260702
VFB_00105b3n	BANC_888:720575941586678238	left side of organism	has_soma_location	BANC888	doi:10.1038/s41586-026-10735-w	BANC_v888 260702
VFB_00108ko6	BANC_888:720575941586680454	right side of organism	has_soma_location	BANC888	doi:10.1038/s41586-026-10735-w	BANC_v888 260702
VFB_00108ko7	BANC_888:720575941586680798	left side of organism	has_soma_location	BANC888	doi:10.1038/s41586-026-10735-w	BANC_v888 260702
VFB_00105b3p	BANC_888:720575941586682590	left side of organism	has_soma_location	BANC888	doi:10.1038/s41586-026-10735-w	BANC_v888 260702
VFB_00108ko8	BANC_888:720575941586682846	left side of organism	has_soma_location	BANC888	doi:10.1038/s41586-026-10735-w	BANC_v888 260702
VFB_00108ko9	BANC_888:720575941586687366	right side of organism	has_soma_location	BANC888	doi:10.1038/s41586-026-10735-w	BANC_v888 260702
VFB_00105b3q	BANC_888:720575941586691396	left side of organism	has_soma_location	BANC888	doi:10.1038/s41586-026-10735-w	BANC_v888 260702
VFB_00108koa	BANC_888:720575941586695302	right side of organism	has_soma_location	BANC888	doi:10.1038/s41586-026-10735-w	BANC_v888 260702
VFB_00105b3s	BANC_888:720575941586697438	right side of organism	has_soma_location	BANC888	doi:10.1038/s41586-026-10735-w	BANC_v888 260702
VFB_00105b3t	BANC_888:720575941586697950	left side of organism	has_soma_location	BANC888	doi:10.1038/s41586-026-10735-w	BANC_v888 260702
VFB_00108kob	BANC_888:720575941586699142	right side of organism	has_soma_location	BANC888	doi:10.1038/s41586-026-10735-w	BANC_v888 260702
VFB_00105b3u	BANC_888:720575941586700254	right side of organism	has_soma_location	BANC888	doi:10.1038/s41586-026-10735-w	BANC_v888 260702
VFB_00108koc	BANC_888:720575941586700678	right side of organism	has_soma_location	BANC888	doi:10.1038/s41586-026-10735-w	BANC_v888 260702
VFB_00108kod	BANC_888:720575941586702982	right side of organism	has_soma_location	BANC888	doi:10.1038/s41586-026-10735-w	BANC_v888 260702
VFB_00108koe	BANC_888:720575941586719710	left side of organism	has_soma_location	BANC888	doi:10.1038/s41586-026-10735-w	BANC_v888 260702
VFB_00108kof	BANC_888:720575941586720390	right side of organism	has_soma_location	BANC888	doi:10.1038/s41586-026-10735-w	BANC_v888 260702
VFB_00105b3x	BANC_888:720575941586720734	right side of organism	has_soma_location	BANC888	doi:10.1038/s41586-026-10735-w	BANC_v888 260702
VFB_00108kog	BANC_888:720575941586725342	right side of organism	has_soma_location	BANC888	doi:10.1038/s41586-026-10735-w	BANC_v888 260702
VFB_00105b3y	BANC_888:720575941586727646	right side of organism	has_soma_location	BANC888	doi:10.1038/s41586-026-10735-w	BANC_v888 260702
VFB_00108koh	BANC_888:720575941586727814	right side of organism	has_soma_location	BANC888	doi:10.1038/s41586-026-10735-w	BANC_v888 260702
VFB_00108koi	BANC_888:720575941586727902	right side of organism	has_soma_location	BANC888	doi:10.1038/s41586-026-10735-w	BANC_v888 260702
VFB_00108koj	BANC_888:720575941586728158	right side of organism	has_soma_location	BANC888	doi:10.1038/s41586-026-10735-w	BANC_v888 260702
VFB_00105b3z	BANC_888:720575941586729182	left side of organism	has_soma_location	BANC888	doi:10.1038/s41586-026-10735-w	BANC_v888 260702
VFB_00108kok	BANC_888:720575941586737030	right side of organism	has_soma_location	BANC888	doi:10.1038/s41586-026-10735-w	BANC_v888 260702
VFB_00105b43	BANC_888:720575941586739422	left side of organism	has_soma_location	BANC888	doi:10.1038/s41586-026-10735-w	BANC_v888 260702
VFB_00108kol	BANC_888:720575941586742918	left side of organism	has_soma_location	BANC888	doi:10.1038/s41586-026-10735-w	BANC_v888 260702
VFB_00108kom	BANC_888:720575941586749150	left side of organism	has_soma_location	BANC888	doi:10.1038/s41586-026-10735-w	BANC_v888 260702
VFB_00108kon	BANC_888:720575941586749918	left side of organism	has_soma_location	BANC888	doi:10.1038/s41586-026-10735-w	BANC_v888 260702
VFB_00105b44	BANC_888:720575941586754526	right side of organism	has_soma_location	BANC888	doi:10.1038/s41586-026-10735-w	BANC_v888 260702
VFB_00108koo	BANC_888:720575941586755462	left side of organism	has_soma_location	BANC888	doi:10.1038/s41586-026-10735-w	BANC_v888 260702
VFB_00105b45	BANC_888:720575941586756830	left side of organism	has_soma_location	BANC888	doi:10.1038/s41586-026-10735-w	BANC_v888 260702
VFB_00108kop	BANC_888:720575941586757342	left side of organism	has_soma_location	BANC888	doi:10.1038/s41586-026-10735-w	BANC_v888 260702
VFB_00105b46	BANC_888:720575941586758724	right side of organism	has_soma_location	BANC888	doi:10.1038/s41586-026-10735-w	BANC_v888 260702
VFB_00105b47	BANC_888:720575941586760670	right side of organism	has_soma_location	BANC888	doi:10.1038/s41586-026-10735-w	BANC_v888 260702
VFB_00105b48	BANC_888:720575941586760926	right side of organism	has_soma_location	BANC888	doi:10.1038/s41586-026-10735-w	BANC_v888 260702
VFB_00105b49	BANC_888:720575941586763486	left side of organism	has_soma_location	BANC888	doi:10.1038/s41586-026-10735-w	BANC_v888 260702
VFB_00108koq	BANC_888:720575941586767750	left side of organism	has_soma_location	BANC888	doi:10.1038/s41586-026-10735-w	BANC_v888 260702
VFB_00105b4b	BANC_888:720575941586767838	left side of organism	has_soma_location	BANC888	doi:10.1038/s41586-026-10735-w	BANC_v888 260702
VFB_00108kor	BANC_888:720575941586770566	left side of organism	has_soma_location	BANC888	doi:10.1038/s41586-026-10735-w	BANC_v888 260702
VFB_00108kos	BANC_888:720575941586772614	left side of organism	has_soma_location	BANC888	doi:10.1038/s41586-026-10735-w	BANC_v888 260702
VFB_00108kot	BANC_888:720575941586773982	left side of organism	has_soma_location	BANC888	doi:10.1038/s41586-026-10735-w	BANC_v888 260702
VFB_00108kou	BANC_888:720575941586775518	left side of organism	has_soma_location	BANC888	doi:10.1038/s41586-026-10735-w	BANC_v888 260702
VFB_00105b4e	BANC_888:720575941586776542	right side of organism	has_soma_location	BANC888	doi:10.1038/s41586-026-10735-w	BANC_v888 260702
VFB_00105b4f	BANC_888:720575941586776798	right side of organism	has_soma_location	BANC888	doi:10.1038/s41586-026-10735-w	BANC_v888 260702
VFB_00108kov	BANC_888:720575941586786950	right side of organism	has_soma_location	BANC888	doi:10.1038/s41586-026-10735-w	BANC_v888 260702
VFB_00108kow	BANC_888:720575941586787718	right side of organism	has_soma_location	BANC888	doi:10.1038/s41586-026-10735-w	BANC_v888 260702
VFB_00108kox	BANC_888:720575941586789854	left side of organism	has_soma_location	BANC888	doi:10.1038/s41586-026-10735-w	BANC_v888 260702
VFB_00105b4g	BANC_888:720575941586800964	left side of organism	has_soma_location	BANC888	doi:10.1038/s41586-026-10735-w	BANC_v888 260702
VFB_00108koy	BANC_888:720575941586808966	left side of organism	has_soma_location	BANC888	doi:10.1038/s41586-026-10735-w	BANC_v888 260702
VFB_00108koz	BANC_888:720575941586812382	left side of organism	has_soma_location	BANC888	doi:10.1038/s41586-026-10735-w	BANC_v888 260702
VFB_00105b4i	BANC_888:720575941586822110	right side of organism	has_soma_location	BANC888	doi:10.1038/s41586-026-10735-w	BANC_v888 260702
VFB_00108kp0	BANC_888:720575941586831326	left side of organism	has_soma_location	BANC888	doi:10.1038/s41586-026-10735-w	BANC_v888 260702
VFB_00108kp1	BANC_888:720575941586839430	left side of organism	has_soma_location	BANC888	doi:10.1038/s41586-026-10735-w	BANC_v888 260702
VFB_00108kp2	BANC_888:720575941586845662	left side of organism	has_soma_location	BANC888	doi:10.1038/s41586-026-10735-w	BANC_v888 260702
VFB_00108kp3	BANC_888:720575941586846686	left side of organism	has_soma_location	BANC888	doi:10.1038/s41586-026-10735-w	BANC_v888 260702
VFB_00108kp4	BANC_888:720575941586846854	left side of organism	has_soma_location	BANC888	doi:10.1038/s41586-026-10735-w	BANC_v888 260702
VFB_00108kp5	BANC_888:720575941586847110	left side of organism	has_soma_location	BANC888	doi:10.1038/s41586-026-10735-w	BANC_v888 260702
VFB_00108kp6	BANC_888:720575941586851206	left side of organism	has_soma_location	BANC888	doi:10.1038/s41586-026-10735-w	BANC_v888 260702
VFB_00108kp7	BANC_888:720575941586852830	left side of organism	has_soma_location	BANC888	doi:10.1038/s41586-026-10735-w	BANC_v888 260702
VFB_00108kp8	BANC_888:720575941586855558	left side of organism	has_soma_location	BANC888	doi:10.1038/s41586-026-10735-w	BANC_v888 260702
VFB_00105b4j	BANC_888:720575941586859742	left side of organism	has_soma_location	BANC888	doi:10.1038/s41586-026-10735-w	BANC_v888 260702
VFB_00108kp9	BANC_888:720575941586862814	left side of organism	has_soma_location	BANC888	doi:10.1038/s41586-026-10735-w	BANC_v888 260702
VFB_00108kpa	BANC_888:720575941586864350	left side of organism	has_soma_location	BANC888	doi:10.1038/s41586-026-10735-w	BANC_v888 260702
VFB_00108kpb	BANC_888:720575941586867846	left side of organism	has_soma_location	BANC888	doi:10.1038/s41586-026-10735-w	BANC_v888 260702
VFB_00108kpc	BANC_888:720575941586869382	left side of organism	has_soma_location	BANC888	doi:10.1038/s41586-026-10735-w	BANC_v888 260702
VFB_00108kpd	BANC_888:720575941586869894	right side of organism	has_soma_location	BANC888	doi:10.1038/s41586-026-10735-w	BANC_v888 260702
VFB_00105b4k	BANC_888:720575941586872132	left side of organism	has_soma_location	BANC888	doi:10.1038/s41586-026-10735-w	BANC_v888 260702
VFB_00108kpe	BANC_888:720575941586873222	right side of organism	has_soma_location	BANC888	doi:10.1038/s41586-026-10735-w	BANC_v888 260702
VFB_00108kpf	BANC_888:720575941586873478	left side of organism	has_soma_location	BANC888	doi:10.1038/s41586-026-10735-w	BANC_v888 260702
VFB_00108kpg	BANC_888:720575941586874502	right side of organism	has_soma_location	BANC888	doi:10.1038/s41586-026-10735-w	BANC_v888 260702
VFB_00108kph	BANC_888:720575941586874758	right side of organism	has_soma_location	BANC888	doi:10.1038/s41586-026-10735-w	BANC_v888 260702
VFB_00105b4l	BANC_888:720575941586875716	left side of organism	has_soma_location	BANC888	doi:10.1038/s41586-026-10735-w	BANC_v888 260702
VFB_00108kpi	BANC_888:720575941586877918	left side of organism	has_soma_location	BANC888	doi:10.1038/s41586-026-10735-w	BANC_v888 260702
VFB_00108kpj	BANC_888:720575941586878686	left side of organism	has_soma_location	BANC888	doi:10.1038/s41586-026-10735-w	BANC_v888 260702
VFB_00108kpk	BANC_888:720575941586879878	right side of organism	has_soma_location	BANC888	doi:10.1038/s41586-026-10735-w	BANC_v888 260702
VFB_00108kpl	BANC_888:720575941586880390	right side of organism	has_soma_location	BANC888	doi:10.1038/s41586-026-10735-w	BANC_v888 260702
VFB_00108kpm	BANC_888:720575941586880646	right side of organism	has_soma_location	BANC888	doi:10.1038/s41586-026-10735-w	BANC_v888 260702
VFB_00108kpn	BANC_888:720575941586882438	right side of organism	has_soma_location	BANC888	doi:10.1038/s41586-026-10735-w	BANC_v888 260702
VFB_00108kpo	BANC_888:720575941586885086	left side of organism	has_soma_location	BANC888	doi:10.1038/s41586-026-10735-w	BANC_v888 260702
VFB_00108kpp	BANC_888:720575941586890118	right side of organism	has_soma_location	BANC888	doi:10.1038/s41586-026-10735-w	BANC_v888 260702
VFB_00108kpq	BANC_888:720575941586890374	left side of organism	has_soma_location	BANC888	doi:10.1038/s41586-026-10735-w	BANC_v888 260702
VFB_00105b4o	BANC_888:720575941586891486	left side of organism	has_soma_location	BANC888	doi:10.1038/s41586-026-10735-w	BANC_v888 260702
VFB_00108kpr	BANC_888:720575941586891654	right side of organism	has_soma_location	BANC888	doi:10.1038/s41586-026-10735-w	BANC_v888 260702
VFB_00105b4p	BANC_888:720575941586891998	left side of organism	has_soma_location	BANC888	doi:10.1038/s41586-026-10735-w	BANC_v888 260702
VFB_00108kps	BANC_888:720575941586897374	left side of organism	has_soma_location	BANC888	doi:10.1038/s41586-026-10735-w	BANC_v888 260702
VFB_00108kpt	BANC_888:720575941586899678	left side of organism	has_soma_location	BANC888	doi:10.1038/s41586-026-10735-w	BANC_v888 260702
VFB_00105b4q	BANC_888:720575941586901316	left side of organism	has_soma_location	BANC888	doi:10.1038/s41586-026-10735-w	BANC_v888 260702
VFB_00108kpu	BANC_888:720575941586902238	left side of organism	has_soma_location	BANC888	doi:10.1038/s41586-026-10735-w	BANC_v888 260702
VFB_00108kpv	BANC_888:720575941586907270	right side of organism	has_soma_location	BANC888	doi:10.1038/s41586-026-10735-w	BANC_v888 260702
VFB_00108kpw	BANC_888:720575941586907526	left side of organism	has_soma_location	BANC888	doi:10.1038/s41586-026-10735-w	BANC_v888 260702
VFB_00108kpx	BANC_888:720575941586908806	left side of organism	has_soma_location	BANC888	doi:10.1038/s41586-026-10735-w	BANC_v888 260702
VFB_00108kpy	BANC_888:720575941586909062	right side of organism	has_soma_location	BANC888	doi:10.1038/s41586-026-10735-w	BANC_v888 260702
VFB_00108kpz	BANC_888:720575941586909318	left side of organism	has_soma_location	BANC888	doi:10.1038/s41586-026-10735-w	BANC_v888 260702
VFB_00105b4r	BANC_888:720575941586909764	left side of organism	has_soma_location	BANC888	doi:10.1038/s41586-026-10735-w	BANC_v888 260702
VFB_00108kq0	BANC_888:720575941586910598	left side of organism	has_soma_location	BANC888	doi:10.1038/s41586-026-10735-w	BANC_v888 260702
VFB_00108kq1	BANC_888:720575941586912134	right side of organism	has_soma_location	BANC888	doi:10.1038/s41586-026-10735-w	BANC_v888 260702
VFB_00108kq2	BANC_888:720575941586912646	left side of organism	has_soma_location	BANC888	doi:10.1038/s41586-026-10735-w	BANC_v888 260702
VFB_00108kq3	BANC_888:720575941586920838	right side of organism	has_soma_location	BANC888	doi:10.1038/s41586-026-10735-w	BANC_v888 260702
VFB_00108kq4	BANC_888:720575941586923910	left side of organism	has_soma_location	BANC888	doi:10.1038/s41586-026-10735-w	BANC_v888 260702
VFB_00108kq5	BANC_888:720575941586937222	left side of organism	has_soma_location	BANC888	doi:10.1038/s41586-026-10735-w	BANC_v888 260702
VFB_00108kq6	BANC_888:720575941586942342	left side of organism	has_soma_location	BANC888	doi:10.1038/s41586-026-10735-w	BANC_v888 260702
VFB_00108kq7	BANC_888:720575941586942598	left side of organism	has_soma_location	BANC888	doi:10.1038/s41586-026-10735-w	BANC_v888 260702
VFB_00105b4s	BANC_888:720575941586943812	right side of organism	has_soma_location	BANC888	doi:10.1038/s41586-026-10735-w	BANC_v888 260702
VFB_00108kq8	BANC_888:720575941586950790	right side of organism	has_soma_location	BANC888	doi:10.1038/s41586-026-10735-w	BANC_v888 260702
VFB_00105b4u	BANC_888:720575941586951390	left side of organism	has_soma_location	BANC888	doi:10.1038/s41586-026-10735-w	BANC_v888 260702
VFB_00108kq9	BANC_888:720575941586955588	right side of organism	has_soma_location	BANC888	doi:10.1038/s41586-026-10735-w	BANC_v888 260702
VFB_00108kqa	BANC_888:720575941586955654	right side of organism	has_soma_location	BANC888	doi:10.1038/s41586-026-10735-w	BANC_v888 260702
VFB_00108kqb	BANC_888:720575941586958982	left side of organism	has_soma_location	BANC888	doi:10.1038/s41586-026-10735-w	BANC_v888 260702
VFB_00105b4v	BANC_888:720575941586959940	left side of organism	has_soma_location	BANC888	doi:10.1038/s41586-026-10735-w	BANC_v888 260702
VFB_00108kqc	BANC_888:720575941586962310	right side of organism	has_soma_location	BANC888	doi:10.1038/s41586-026-10735-w	BANC_v888 260702
VFB_00108kqd	BANC_888:720575941586964548	left side of organism	has_soma_location	BANC888	doi:10.1038/s41586-026-10735-w	BANC_v888 260702
VFB_00108kqe	BANC_888:720575941586970590	left side of organism	has_soma_location	BANC888	doi:10.1038/s41586-026-10735-w	BANC_v888 260702
VFB_00105b4w	BANC_888:720575941586973764	right side of organism	has_soma_location	BANC888	doi:10.1038/s41586-026-10735-w	BANC_v888 260702
VFB_00105b4x	BANC_888:720575941586973918	left side of organism	has_soma_location	BANC888	doi:10.1038/s41586-026-10735-w	BANC_v888 260702
VFB_00108kqf	BANC_888:720575941586975622	right side of organism	has_soma_location	BANC888	doi:10.1038/s41586-026-10735-w	BANC_v888 260702
VFB_00108kqg	BANC_888:720575941586980574	left side of organism	has_soma_location	BANC888	doi:10.1038/s41586-026-10735-w	BANC_v888 260702
VFB_00108kqh	BANC_888:720575941586981766	left side of organism	has_soma_location	BANC888	doi:10.1038/s41586-026-10735-w	BANC_v888 260702
VFB_00108kqi	BANC_888:720575941586985950	left side of organism	has_soma_location	BANC888	doi:10.1038/s41586-026-10735-w	BANC_v888 260702
VFB_00108kqj	BANC_888:720575941586989446	right side of organism	has_soma_location	BANC888	doi:10.1038/s41586-026-10735-w	BANC_v888 260702
VFB_00105b4y	BANC_888:720575941586999518	right side of organism	has_soma_location	BANC888	doi:10.1038/s41586-026-10735-w	BANC_v888 260702
VFB_00108kqk	BANC_888:720575941587004382	left side of organism	has_soma_location	BANC888	doi:10.1038/s41586-026-10735-w	BANC_v888 260702
VFB_00108kql	BANC_888:720575941587006174	left side of organism	has_soma_location	BANC888	doi:10.1038/s41586-026-10735-w	BANC_v888 260702
VFB_00105b50	BANC_888:720575941587007300	left side of organism	has_soma_location	BANC888	doi:10.1038/s41586-026-10735-w	BANC_v888 260702
VFB_00108kqm	BANC_888:720575941587008734	left side of organism	has_soma_location	BANC888	doi:10.1038/s41586-026-10735-w	BANC_v888 260702
VFB_00108kqn	BANC_888:720575941587015134	left side of organism	has_soma_location	BANC888	doi:10.1038/s41586-026-10735-w	BANC_v888 260702
VFB_00108kqo	BANC_888:720575941587015814	left side of organism	has_soma_location	BANC888	doi:10.1038/s41586-026-10735-w	BANC_v888 260702
VFB_00105b51	BANC_888:720575941587018462	left side of organism	has_soma_location	BANC888	doi:10.1038/s41586-026-10735-w	BANC_v888 260702
VFB_00108kqp	BANC_888:720575941587018886	right side of organism	has_soma_location	BANC888	doi:10.1038/s41586-026-10735-w	BANC_v888 260702
VFB_00105b52	BANC_888:720575941587022558	right side of organism	has_soma_location	BANC888	doi:10.1038/s41586-026-10735-w	BANC_v888 260702
VFB_00108kqq	BANC_888:720575941587022814	left side of organism	has_soma_location	BANC888	doi:10.1038/s41586-026-10735-w	BANC_v888 260702
VFB_00105b53	BANC_888:720575941587023671	right side of organism	has_soma_location	BANC888	doi:10.1038/s41586-026-10735-w	BANC_v888 260702
VFB_00108kqr	BANC_888:720575941587026142	left side of organism	has_soma_location	BANC888	doi:10.1038/s41586-026-10735-w	BANC_v888 260702
VFB_00108kqs	BANC_888:720575941587028870	right side of organism	has_soma_location	BANC888	doi:10.1038/s41586-026-10735-w	BANC_v888 260702
VFB_00105b54	BANC_888:720575941587029189	right side of organism	has_soma_location	BANC888	doi:10.1038/s41586-026-10735-w	BANC_v888 260702
VFB_00108kqt	BANC_888:720575941587031262	left side of organism	has_soma_location	BANC888	doi:10.1038/s41586-026-10735-w	BANC_v888 260702
VFB_00108kqu	BANC_888:720575941587031774	left side of organism	has_soma_location	BANC888	doi:10.1038/s41586-026-10735-w	BANC_v888 260702
VFB_00108kqv	BANC_888:720575941587032798	left side of organism	has_soma_location	BANC888	doi:10.1038/s41586-026-10735-w	BANC_v888 260702
VFB_00108kqw	BANC_888:720575941587035358	left side of organism	has_soma_location	BANC888	doi:10.1038/s41586-026-10735-w	BANC_v888 260702
VFB_00108kqx	BANC_888:720575941587035782	right side of organism	has_soma_location	BANC888	doi:10.1038/s41586-026-10735-w	BANC_v888 260702
VFB_00108kqy	BANC_888:720575941587037574	left side of organism	has_soma_location	BANC888	doi:10.1038/s41586-026-10735-w	BANC_v888 260702
VFB_00108kqz	BANC_888:720575941587038686	left side of organism	has_soma_location	BANC888	doi:10.1038/s41586-026-10735-w	BANC_v888 260702
VFB_00108kr0	BANC_888:720575941587039366	left side of organism	has_soma_location	BANC888	doi:10.1038/s41586-026-10735-w	BANC_v888 260702
VFB_00108kr1	BANC_888:720575941587040646	left side of organism	has_soma_location	BANC888	doi:10.1038/s41586-026-10735-w	BANC_v888 260702
VFB_00108kr2	BANC_888:720575941587041670	left side of organism	has_soma_location	BANC888	doi:10.1038/s41586-026-10735-w	BANC_v888 260702
VFB_00108kr3	BANC_888:720575941587045086	left side of organism	has_soma_location	BANC888	doi:10.1038/s41586-026-10735-w	BANC_v888 260702
VFB_00108kr4	BANC_888:720575941587050718	left side of organism	has_soma_location	BANC888	doi:10.1038/s41586-026-10735-w	BANC_v888 260702
VFB_00108kr5	BANC_888:720575941587056196	right side of organism	has_soma_location	BANC888	doi:10.1038/s41586-026-10735-w	BANC_v888 260702
VFB_00108kr6	BANC_888:720575941587058142	left side of organism	has_soma_location	BANC888	doi:10.1038/s41586-026-10735-w	BANC_v888 260702
VFB_00108kr7	BANC_888:720575941587059334	right side of organism	has_soma_location	BANC888	doi:10.1038/s41586-026-10735-w	BANC_v888 260702
VFB_00108kr8	BANC_888:720575941587060958	left side of organism	has_soma_location	BANC888	doi:10.1038/s41586-026-10735-w	BANC_v888 260702
VFB_00108kr9	BANC_888:720575941587064198	left side of organism	has_soma_location	BANC888	doi:10.1038/s41586-026-10735-w	BANC_v888 260702
VFB_00108kra	BANC_888:720575941587064542	left side of organism	has_soma_location	BANC888	doi:10.1038/s41586-026-10735-w	BANC_v888 260702
VFB_00108krb	BANC_888:720575941587065054	left side of organism	has_soma_location	BANC888	doi:10.1038/s41586-026-10735-w	BANC_v888 260702
VFB_00108krc	BANC_888:720575941587068894	left side of organism	has_soma_location	BANC888	doi:10.1038/s41586-026-10735-w	BANC_v888 260702
VFB_00108krd	BANC_888:720575941587073246	left side of organism	has_soma_location	BANC888	doi:10.1038/s41586-026-10735-w	BANC_v888 260702
VFB_00108kre	BANC_888:720575941587073502	left side of organism	has_soma_location	BANC888	doi:10.1038/s41586-026-10735-w	BANC_v888 260702
VFB_00108krf	BANC_888:720575941587076932	left side of organism	has_soma_location	BANC888	doi:10.1038/s41586-026-10735-w	BANC_v888 260702
VFB_00108krg	BANC_888:720575941587080926	left side of organism	has_soma_location	BANC888	doi:10.1038/s41586-026-10735-w	BANC_v888 260702
VFB_00108krh	BANC_888:720575941587083142	left side of organism	has_soma_location	BANC888	doi:10.1038/s41586-026-10735-w	BANC_v888 260702
VFB_00105b56	BANC_888:720575941587084356	right side of organism	has_soma_location	BANC888	doi:10.1038/s41586-026-10735-w	BANC_v888 260702
VFB_00108kri	BANC_888:720575941587084510	left side of organism	has_soma_location	BANC888	doi:10.1038/s41586-026-10735-w	BANC_v888 260702
VFB_00108krj	BANC_888:720575941587087494	left side of organism	has_soma_location	BANC888	doi:10.1038/s41586-026-10735-w	BANC_v888 260702
VFB_00108krk	BANC_888:720575941587089798	right side of organism	has_soma_location	BANC888	doi:10.1038/s41586-026-10735-w	BANC_v888 260702
VFB_00108krl	BANC_888:720575941587090822	left side of organism	has_soma_location	BANC888	doi:10.1038/s41586-026-10735-w	BANC_v888 260702
VFB_00105b57	BANC_888:720575941587092292	right side of organism	has_soma_location	BANC888	doi:10.1038/s41586-026-10735-w	BANC_v888 260702
VFB_00108krm	BANC_888:720575941587102342	right side of organism	has_soma_location	BANC888	doi:10.1038/s41586-026-10735-w	BANC_v888 260702
VFB_00108krn	BANC_888:720575941587103622	left side of organism	has_soma_location	BANC888	doi:10.1038/s41586-026-10735-w	BANC_v888 260702
VFB_00105b59	BANC_888:720575941587107652	right side of organism	has_soma_location	BANC888	doi:10.1038/s41586-026-10735-w	BANC_v888 260702
VFB_00105b5a	BANC_888:720575941587109598	left side of organism	has_soma_location	BANC888	doi:10.1038/s41586-026-10735-w	BANC_v888 260702
VFB_00108kro	BANC_888:720575941587111302	left side of organism	has_soma_location	BANC888	doi:10.1038/s41586-026-10735-w	BANC_v888 260702
VFB_00108krp	BANC_888:720575941587111558	left side of organism	has_soma_location	BANC888	doi:10.1038/s41586-026-10735-w	BANC_v888 260702
VFB_00105b5b	BANC_888:720575941587113527	right side of organism	has_soma_location	BANC888	doi:10.1038/s41586-026-10735-w	BANC_v888 260702
VFB_00108krq	BANC_888:720575941587114206	left side of organism	has_soma_location	BANC888	doi:10.1038/s41586-026-10735-w	BANC_v888 260702
VFB_00105b5c	BANC_888:720575941587116356	right side of organism	has_soma_location	BANC888	doi:10.1038/s41586-026-10735-w	BANC_v888 260702
VFB_00108krr	BANC_888:720575941587117446	left side of organism	has_soma_location	BANC888	doi:10.1038/s41586-026-10735-w	BANC_v888 260702
VFB_00108krs	BANC_888:720575941587118982	left side of organism	has_soma_location	BANC888	doi:10.1038/s41586-026-10735-w	BANC_v888 260702
VFB_00108krt	BANC_888:720575941587119940	left side of organism	has_soma_location	BANC888	doi:10.1038/s41586-026-10735-w	BANC_v888 260702
VFB_00108kru	BANC_888:720575941587121030	left side of organism	has_soma_location	BANC888	doi:10.1038/s41586-026-10735-w	BANC_v888 260702
VFB_00108krv	BANC_888:720575941587123846	right side of organism	has_soma_location	BANC888	doi:10.1038/s41586-026-10735-w	BANC_v888 260702
VFB_00108krw	BANC_888:720575941587125572	left side of organism	has_soma_location	BANC888	doi:10.1038/s41586-026-10735-w	BANC_v888 260702
VFB_00108krx	BANC_888:720575941587126918	left side of organism	has_soma_location	BANC888	doi:10.1038/s41586-026-10735-w	BANC_v888 260702
VFB_00105b5e	BANC_888:720575941587127518	right side of organism	has_soma_location	BANC888	doi:10.1038/s41586-026-10735-w	BANC_v888 260702
VFB_00108kry	BANC_888:720575941587129478	left side of organism	has_soma_location	BANC888	doi:10.1038/s41586-026-10735-w	BANC_v888 260702
VFB_00105b5f	BANC_888:720575941587134942	right side of organism	has_soma_location	BANC888	doi:10.1038/s41586-026-10735-w	BANC_v888 260702
VFB_00108krz	BANC_888:720575941587135622	right side of organism	has_soma_location	BANC888	doi:10.1038/s41586-026-10735-w	BANC_v888 260702
VFB_00108ks0	BANC_888:720575941587136646	right side of organism	has_soma_location	BANC888	doi:10.1038/s41586-026-10735-w	BANC_v888 260702
VFB_00108ks1	BANC_888:720575941587136734	right side of organism	has_soma_location	BANC888	doi:10.1038/s41586-026-10735-w	BANC_v888 260702
VFB_00105b5g	BANC_888:720575941587137348	right side of organism	has_soma_location	BANC888	doi:10.1038/s41586-026-10735-w	BANC_v888 260702
VFB_00108ks2	BANC_888:720575941587137926	right side of organism	has_soma_location	BANC888	doi:10.1038/s41586-026-10735-w	BANC_v888 260702
VFB_00108ks3	BANC_888:720575941587138438	right side of organism	has_soma_location	BANC888	doi:10.1038/s41586-026-10735-w	BANC_v888 260702
VFB_00108ks4	BANC_888:720575941587142878	right side of organism	has_soma_location	BANC888	doi:10.1038/s41586-026-10735-w	BANC_v888 260702
VFB_00108ks5	BANC_888:720575941587143814	right side of organism	has_soma_location	BANC888	doi:10.1038/s41586-026-10735-w	BANC_v888 260702
VFB_00108ks6	BANC_888:720575941587144926	right side of organism	has_soma_location	BANC888	doi:10.1038/s41586-026-10735-w	BANC_v888 260702
VFB_00105b5h	BANC_888:720575941587147486	left side of organism	has_soma_location	BANC888	doi:10.1038/s41586-026-10735-w	BANC_v888 260702
VFB_00105b5i	BANC_888:720575941587147998	right side of organism	has_soma_location	BANC888	doi:10.1038/s41586-026-10735-w	BANC_v888 260702
VFB_00108ks7	BANC_888:720575941587150214	right side of organism	has_soma_location	BANC888	doi:10.1038/s41586-026-10735-w	BANC_v888 260702
VFB_00108ks8	BANC_888:720575941587150726	right side of organism	has_soma_location	BANC888	doi:10.1038/s41586-026-10735-w	BANC_v888 260702
VFB_00105b5j	BANC_888:720575941587152862	right side of organism	has_soma_location	BANC888	doi:10.1038/s41586-026-10735-w	BANC_v888 260702
VFB_00105b5k	BANC_888:720575941587154500	right side of organism	has_soma_location	BANC888	doi:10.1038/s41586-026-10735-w	BANC_v888 260702
VFB_00108ks9	BANC_888:720575941587157382	right side of organism	has_soma_location	BANC888	doi:10.1038/s41586-026-10735-w	BANC_v888 260702
VFB_00108ksa	BANC_888:720575941587157638	right side of organism	has_soma_location	BANC888	doi:10.1038/s41586-026-10735-w	BANC_v888 260702
VFB_00108ksb	BANC_888:720575941587159174	right side of organism	has_soma_location	BANC888	doi:10.1038/s41586-026-10735-w	BANC_v888 260702
VFB_00108ksc	BANC_888:720575941587159518	right side of organism	has_soma_location	BANC888	doi:10.1038/s41586-026-10735-w	BANC_v888 260702
VFB_00108ksd	BANC_888:720575941587159774	right side of organism	has_soma_location	BANC888	doi:10.1038/s41586-026-10735-w	BANC_v888 260702
VFB_00108kse	BANC_888:720575941587160966	left side of organism	has_soma_location	BANC888	doi:10.1038/s41586-026-10735-w	BANC_v888 260702
VFB_00108ksf	BANC_888:720575941587162758	left side of organism	has_soma_location	BANC888	doi:10.1038/s41586-026-10735-w	BANC_v888 260702
VFB_00108ksg	BANC_888:720575941587163526	right side of organism	has_soma_location	BANC888	doi:10.1038/s41586-026-10735-w	BANC_v888 260702
VFB_00105b5l	BANC_888:720575941587165508	right side of organism	has_soma_location	BANC888	doi:10.1038/s41586-026-10735-w	BANC_v888 260702
VFB_00108ksh	BANC_888:720575941587165830	left side of organism	has_soma_location	BANC888	doi:10.1038/s41586-026-10735-w	BANC_v888 260702
VFB_00108ksi	BANC_888:720575941587166854	right side of organism	has_soma_location	BANC888	doi:10.1038/s41586-026-10735-w	BANC_v888 260702
VFB_00108ksj	BANC_888:720575941587167198	right side of organism	has_soma_location	BANC888	doi:10.1038/s41586-026-10735-w	BANC_v888 260702
VFB_00105b5m	BANC_888:720575941587171908	right side of organism	has_soma_location	BANC888	doi:10.1038/s41586-026-10735-w	BANC_v888 260702
VFB_00108ksk	BANC_888:720575941587172230	left side of organism	has_soma_location	BANC888	doi:10.1038/s41586-026-10735-w	BANC_v888 260702
VFB_00108ksl	BANC_888:720575941587175558	left side of organism	has_soma_location	BANC888	doi:10.1038/s41586-026-10735-w	BANC_v888 260702
VFB_00108ksm	BANC_888:720575941587176326	left side of organism	has_soma_location	BANC888	doi:10.1038/s41586-026-10735-w	BANC_v888 260702
VFB_00105b5n	BANC_888:720575941587178052	right side of organism	has_soma_location	BANC888	doi:10.1038/s41586-026-10735-w	BANC_v888 260702
VFB_00105b5o	BANC_888:720575941587178295	right side of organism	has_soma_location	BANC888	doi:10.1038/s41586-026-10735-w	BANC_v888 260702
VFB_00108ksn	BANC_888:720575941587181190	left side of organism	has_soma_location	BANC888	doi:10.1038/s41586-026-10735-w	BANC_v888 260702
VFB_00105b5q	BANC_888:720575941587181879	right side of organism	has_soma_location	BANC888	doi:10.1038/s41586-026-10735-w	BANC_v888 260702
VFB_00108kso	BANC_888:720575941587184006	left side of organism	has_soma_location	BANC888	doi:10.1038/s41586-026-10735-w	BANC_v888 260702
VFB_00108ksp	BANC_888:720575941587185798	left side of organism	has_soma_location	BANC888	doi:10.1038/s41586-026-10735-w	BANC_v888 260702
VFB_00108ksq	BANC_888:720575941587186310	left side of organism	has_soma_location	BANC888	doi:10.1038/s41586-026-10735-w	BANC_v888 260702
VFB_00108ksr	BANC_888:720575941587190238	right side of organism	has_soma_location	BANC888	doi:10.1038/s41586-026-10735-w	BANC_v888 260702
VFB_00105b5s	BANC_888:720575941587190583	left side of organism	has_soma_location	BANC888	doi:10.1038/s41586-026-10735-w	BANC_v888 260702
VFB_00105b5t	BANC_888:720575941587196453	right side of organism	has_soma_location	BANC888	doi:10.1038/s41586-026-10735-w	BANC_v888 260702
VFB_00105b5u	BANC_888:720575941587196471	right side of organism	has_soma_location	BANC888	doi:10.1038/s41586-026-10735-w	BANC_v888 260702
VFB_00108kss	BANC_888:720575941587198086	right side of organism	has_soma_location	BANC888	doi:10.1038/s41586-026-10735-w	BANC_v888 260702
VFB_00108kst	BANC_888:720575941587198598	left side of organism	has_soma_location	BANC888	doi:10.1038/s41586-026-10735-w	BANC_v888 260702
VFB_00105b5v	BANC_888:720575941587200324	right side of organism	has_soma_location	BANC888	doi:10.1038/s41586-026-10735-w	BANC_v888 260702
VFB_00105b5w	BANC_888:720575941587200836	right side of organism	has_soma_location	BANC888	doi:10.1038/s41586-026-10735-w	BANC_v888 260702
VFB_00105b5x	BANC_888:720575941587201847	right side of organism	has_soma_location	BANC888	doi:10.1038/s41586-026-10735-w	BANC_v888 260702
VFB_00105b5y	BANC_888:720575941587204062	left side of organism	has_soma_location	BANC888	doi:10.1038/s41586-026-10735-w	BANC_v888 260702
VFB_00108ksu	BANC_888:720575941587207814	left side of organism	has_soma_location	BANC888	doi:10.1038/s41586-026-10735-w	BANC_v888 260702
VFB_00108ksv	BANC_888:720575941587209350	left side of organism	has_soma_location	BANC888	doi:10.1038/s41586-026-10735-w	BANC_v888 260702
VFB_00108ksw	BANC_888:720575941587210630	left side of organism	has_soma_location	BANC888	doi:10.1038/s41586-026-10735-w	BANC_v888 260702
VFB_00108ksx	BANC_888:720575941587213278	left side of organism	has_soma_location	BANC888	doi:10.1038/s41586-026-10735-w	BANC_v888 260702
VFB_00105b5z	BANC_888:720575941587217207	left side of organism	has_soma_location	BANC888	doi:10.1038/s41586-026-10735-w	BANC_v888 260702
VFB_00108ksy	BANC_888:720575941587218654	right side of organism	has_soma_location	BANC888	doi:10.1038/s41586-026-10735-w	BANC_v888 260702
VFB_00108ksz	BANC_888:720575941587218822	left side of organism	has_soma_location	BANC888	doi:10.1038/s41586-026-10735-w	BANC_v888 260702
VFB_00108kt0	BANC_888:720575941587219166	right side of organism	has_soma_location	BANC888	doi:10.1038/s41586-026-10735-w	BANC_v888 260702
VFB_00108kt1	BANC_888:720575941587220614	right side of organism	has_soma_location	BANC888	doi:10.1038/s41586-026-10735-w	BANC_v888 260702
VFB_00108kt2	BANC_888:720575941587222150	right side of organism	has_soma_location	BANC888	doi:10.1038/s41586-026-10735-w	BANC_v888 260702
VFB_00108kt3	BANC_888:720575941587222340	right side of organism	has_soma_location	BANC888	doi:10.1038/s41586-026-10735-w	BANC_v888 260702
VFB_00105b60	BANC_888:720575941587224900	right side of organism	has_soma_location	BANC888	doi:10.1038/s41586-026-10735-w	BANC_v888 260702
VFB_00108kt4	BANC_888:720575941587226246	right side of organism	has_soma_location	BANC888	doi:10.1038/s41586-026-10735-w	BANC_v888 260702
VFB_00108kt5	BANC_888:720575941587227014	right side of organism	has_soma_location	BANC888	doi:10.1038/s41586-026-10735-w	BANC_v888 260702
VFB_00108kt6	BANC_888:720575941587227102	right side of organism	has_soma_location	BANC888	doi:10.1038/s41586-026-10735-w	BANC_v888 260702
VFB_00108kt7	BANC_888:720575941587227870	right side of organism	has_soma_location	BANC888	doi:10.1038/s41586-026-10735-w	BANC_v888 260702
VFB_00108kt8	BANC_888:720575941587228294	right side of organism	has_soma_location	BANC888	doi:10.1038/s41586-026-10735-w	BANC_v888 260702
VFB_00108kt9	BANC_888:720575941587230342	left side of organism	has_soma_location	BANC888	doi:10.1038/s41586-026-10735-w	BANC_v888 260702
VFB_00108kta	BANC_888:720575941587231622	left side of organism	has_soma_location	BANC888	doi:10.1038/s41586-026-10735-w	BANC_v888 260702
VFB_00108ktb	BANC_888:720575941587232222	right side of organism	has_soma_location	BANC888	doi:10.1038/s41586-026-10735-w	BANC_v888 260702
VFB_00105b61	BANC_888:720575941587234884	right side of organism	has_soma_location	BANC888	doi:10.1038/s41586-026-10735-w	BANC_v888 260702
VFB_00108ktc	BANC_888:720575941587238366	right side of organism	has_soma_location	BANC888	doi:10.1038/s41586-026-10735-w	BANC_v888 260702
VFB_00108ktd	BANC_888:720575941587238622	right side of organism	has_soma_location	BANC888	doi:10.1038/s41586-026-10735-w	BANC_v888 260702
VFB_00108kte	BANC_888:720575941587238878	right side of organism	has_soma_location	BANC888	doi:10.1038/s41586-026-10735-w	BANC_v888 260702
VFB_00105b62	BANC_888:720575941587239479	left side of organism	has_soma_location	BANC888	doi:10.1038/s41586-026-10735-w	BANC_v888 260702
VFB_00105b63	BANC_888:720575941587241271	right side of organism	has_soma_location	BANC888	doi:10.1038/s41586-026-10735-w	BANC_v888 260702
VFB_00108ktf	BANC_888:720575941587242118	left side of organism	has_soma_location	BANC888	doi:10.1038/s41586-026-10735-w	BANC_v888 260702
VFB_00108ktg	BANC_888:720575941587243142	left side of organism	has_soma_location	BANC888	doi:10.1038/s41586-026-10735-w	BANC_v888 260702
VFB_00108kth	BANC_888:720575941587245446	right side of organism	has_soma_location	BANC888	doi:10.1038/s41586-026-10735-w	BANC_v888 260702
VFB_00108kti	BANC_888:720575941587246214	left side of organism	has_soma_location	BANC888	doi:10.1038/s41586-026-10735-w	BANC_v888 260702
VFB_00105b64	BANC_888:720575941587247415	left side of organism	has_soma_location	BANC888	doi:10.1038/s41586-026-10735-w	BANC_v888 260702
VFB_00108ktj	BANC_888:720575941587252358	left side of organism	has_soma_location	BANC888	doi:10.1038/s41586-026-10735-w	BANC_v888 260702
VFB_00108ktk	BANC_888:720575941587254662	left side of organism	has_soma_location	BANC888	doi:10.1038/s41586-026-10735-w	BANC_v888 260702
VFB_00108ktl	BANC_888:720575941587257990	left side of organism	has_soma_location	BANC888	doi:10.1038/s41586-026-10735-w	BANC_v888 260702
VFB_00105b66	BANC_888:720575941587259204	right side of organism	has_soma_location	BANC888	doi:10.1038/s41586-026-10735-w	BANC_v888 260702
VFB_00108ktm	BANC_888:720575941587260382	left side of organism	has_soma_location	BANC888	doi:10.1038/s41586-026-10735-w	BANC_v888 260702
VFB_00108ktn	BANC_888:720575941587262342	left side of organism	has_soma_location	BANC888	doi:10.1038/s41586-026-10735-w	BANC_v888 260702
VFB_00105b68	BANC_888:720575941587267895	left side of organism	has_soma_location	BANC888	doi:10.1038/s41586-026-10735-w	BANC_v888 260702
VFB_00105b69	BANC_888:720575941587269175	right side of organism	has_soma_location	BANC888	doi:10.1038/s41586-026-10735-w	BANC_v888 260702
VFB_00108kto	BANC_888:720575941587269254	left side of organism	has_soma_location	BANC888	doi:10.1038/s41586-026-10735-w	BANC_v888 260702
VFB_00105b6a	BANC_888:720575941587269687	right side of organism	has_soma_location	BANC888	doi:10.1038/s41586-026-10735-w	BANC_v888 260702
VFB_00108ktp	BANC_888:720575941587269766	left side of organism	has_soma_location	BANC888	doi:10.1038/s41586-026-10735-w	BANC_v888 260702
VFB_00108ktq	BANC_888:720575941587275076	right side of organism	has_soma_location	BANC888	doi:10.1038/s41586-026-10735-w	BANC_v888 260702
VFB_00108ktr	BANC_888:720575941587276422	left side of organism	has_soma_location	BANC888	doi:10.1038/s41586-026-10735-w	BANC_v888 260702
VFB_00105b6b	BANC_888:720575941587276612	right side of organism	has_soma_location	BANC888	doi:10.1038/s41586-026-10735-w	BANC_v888 260702
VFB_00108kts	BANC_888:720575941587276678	left side of organism	has_soma_location	BANC888	doi:10.1038/s41586-026-10735-w	BANC_v888 260702
VFB_00108ktt	BANC_888:720575941587276766	left side of organism	has_soma_location	BANC888	doi:10.1038/s41586-026-10735-w	BANC_v888 260702
VFB_00105b6c	BANC_888:720575941587280196	right side of organism	has_soma_location	BANC888	doi:10.1038/s41586-026-10735-w	BANC_v888 260702
VFB_00105b6d	BANC_888:720575941587284535	left side of organism	has_soma_location	BANC888	doi:10.1038/s41586-026-10735-w	BANC_v888 260702
VFB_00108ktu	BANC_888:720575941587285726	right side of organism	has_soma_location	BANC888	doi:10.1038/s41586-026-10735-w	BANC_v888 260702
VFB_00105b6e	BANC_888:720575941587293508	right side of organism	has_soma_location	BANC888	doi:10.1038/s41586-026-10735-w	BANC_v888 260702
VFB_00108ktv	BANC_888:720575941587293574	left side of organism	has_soma_location	BANC888	doi:10.1038/s41586-026-10735-w	BANC_v888 260702
VFB_00105b6f	BANC_888:720575941587294788	right side of organism	has_soma_location	BANC888	doi:10.1038/s41586-026-10735-w	BANC_v888 260702
VFB_00105b6g	BANC_888:720575941587302967	left side of organism	has_soma_location	BANC888	doi:10.1038/s41586-026-10735-w	BANC_v888 260702
VFB_00108ktw	BANC_888:720575941587304582	right side of organism	has_soma_location	BANC888	doi:10.1038/s41586-026-10735-w	BANC_v888 260702
VFB_00105b6h	BANC_888:720575941587304759	right side of organism	has_soma_location	BANC888	doi:10.1038/s41586-026-10735-w	BANC_v888 260702
VFB_00105b6j	BANC_888:720575941587307588	right side of organism	has_soma_location	BANC888	doi:10.1038/s41586-026-10735-w	BANC_v888 260702
VFB_00108ktx	BANC_888:720575941587311940	right side of organism	has_soma_location	BANC888	doi:10.1038/s41586-026-10735-w	BANC_v888 260702
VFB_00108kty	BANC_888:720575941587313374	left side of organism	has_soma_location	BANC888	doi:10.1038/s41586-026-10735-w	BANC_v888 260702
VFB_00108ktz	BANC_888:720575941587313878	left side of organism	has_soma_location	BANC888	doi:10.1038/s41586-026-10735-w	BANC_v888 260702
VFB_00105b6l	BANC_888:720575941587315767	left side of organism	has_soma_location	BANC888	doi:10.1038/s41586-026-10735-w	BANC_v888 260702
VFB_00108ku0	BANC_888:720575941587316702	left side of organism	has_soma_location	BANC888	doi:10.1038/s41586-026-10735-w	BANC_v888 260702
VFB_00105b6m	BANC_888:720575941587317060	right side of organism	has_soma_location	BANC888	doi:10.1038/s41586-026-10735-w	BANC_v888 260702
VFB_00108ku1	BANC_888:720575941587317126	left side of organism	has_soma_location	BANC888	doi:10.1038/s41586-026-10735-w	BANC_v888 260702
VFB_00105b6n	BANC_888:720575941587318327	left side of organism	has_soma_location	BANC888	doi:10.1038/s41586-026-10735-w	BANC_v888 260702
VFB_00105b6o	BANC_888:720575941587318340	right side of organism	has_soma_location	BANC888	doi:10.1038/s41586-026-10735-w	BANC_v888 260702
VFB_00105b6p	BANC_888:720575941587319108	right side of organism	has_soma_location	BANC888	doi:10.1038/s41586-026-10735-w	BANC_v888 260702
VFB_00108ku2	BANC_888:720575941587323782	left side of organism	has_soma_location	BANC888	doi:10.1038/s41586-026-10735-w	BANC_v888 260702
VFB_00105b6q	BANC_888:720575941587324740	right side of organism	has_soma_location	BANC888	doi:10.1038/s41586-026-10735-w	BANC_v888 260702
VFB_00108ku3	BANC_888:720575941587324894	left side of organism	has_soma_location	BANC888	doi:10.1038/s41586-026-10735-w	BANC_v888 260702
VFB_00108ku4	BANC_888:720575941587325252	right side of organism	has_soma_location	BANC888	doi:10.1038/s41586-026-10735-w	BANC_v888 260702
VFB_00108ku5	BANC_888:720575941587326174	left side of organism	has_soma_location	BANC888	doi:10.1038/s41586-026-10735-w	BANC_v888 260702
VFB_00108ku6	BANC_888:720575941587329670	left side of organism	has_soma_location	BANC888	doi:10.1038/s41586-026-10735-w	BANC_v888 260702
VFB_00105b6r	BANC_888:720575941587329860	right side of organism	has_soma_location	BANC888	doi:10.1038/s41586-026-10735-w	BANC_v888 260702
VFB_00108ku7	BANC_888:720575941587330628	right side of organism	has_soma_location	BANC888	doi:10.1038/s41586-026-10735-w	BANC_v888 260702
VFB_00105b6s	BANC_888:720575941587332420	right side of organism	has_soma_location	BANC888	doi:10.1038/s41586-026-10735-w	BANC_v888 260702
VFB_00105b6t	BANC_888:720575941587334199	left side of organism	has_soma_location	BANC888	doi:10.1038/s41586-026-10735-w	BANC_v888 260702
VFB_00105b6u	BANC_888:720575941587337284	right side of organism	has_soma_location	BANC888	doi:10.1038/s41586-026-10735-w	BANC_v888 260702
VFB_00108ku8	BANC_888:720575941587337862	left side of organism	has_soma_location	BANC888	doi:10.1038/s41586-026-10735-w	BANC_v888 260702
VFB_00105b6v	BANC_888:720575941587341124	right side of organism	has_soma_location	BANC888	doi:10.1038/s41586-026-10735-w	BANC_v888 260702
VFB_00105b6w	BANC_888:720575941587341380	right side of organism	has_soma_location	BANC888	doi:10.1038/s41586-026-10735-w	BANC_v888 260702
VFB_00105b6x	BANC_888:720575941587344695	right side of organism	has_soma_location	BANC888	doi:10.1038/s41586-026-10735-w	BANC_v888 260702
VFB_00108ku9	BANC_888:720575941587351686	left side of organism	has_soma_location	BANC888	doi:10.1038/s41586-026-10735-w	BANC_v888 260702
VFB_00105b6y	BANC_888:720575941587352900	right side of organism	has_soma_location	BANC888	doi:10.1038/s41586-026-10735-w	BANC_v888 260702
VFB_00108kua	BANC_888:720575941587353478	left side of organism	has_soma_location	BANC888	doi:10.1038/s41586-026-10735-w	BANC_v888 260702
VFB_00105b6z	BANC_888:720575941587355191	right side of organism	has_soma_location	BANC888	doi:10.1038/s41586-026-10735-w	BANC_v888 260702
VFB_00105b70	BANC_888:720575941587358020	right side of organism	has_soma_location	BANC888	doi:10.1038/s41586-026-10735-w	BANC_v888 260702
VFB_00108kub	BANC_888:720575941587359198	left side of organism	has_soma_location	BANC888	doi:10.1038/s41586-026-10735-w	BANC_v888 260702
VFB_00108kuc	BANC_888:720575941587360134	left side of organism	has_soma_location	BANC888	doi:10.1038/s41586-026-10735-w	BANC_v888 260702
VFB_00105b71	BANC_888:720575941587360580	right side of organism	has_soma_location	BANC888	doi:10.1038/s41586-026-10735-w	BANC_v888 260702
VFB_00105b72	BANC_888:720575941587361335	left side of organism	has_soma_location	BANC888	doi:10.1038/s41586-026-10735-w	BANC_v888 260702
VFB_00105b73	BANC_888:720575941587361348	right side of organism	has_soma_location	BANC888	doi:10.1038/s41586-026-10735-w	BANC_v888 260702
VFB_00108kud	BANC_888:720575941587361604	right side of organism	has_soma_location	BANC888	doi:10.1038/s41586-026-10735-w	BANC_v888 260702
VFB_00108kue	BANC_888:720575941587361926	left side of organism	has_soma_location	BANC888	doi:10.1038/s41586-026-10735-w	BANC_v888 260702
VFB_00105b74	BANC_888:720575941587362103	left side of organism	has_soma_location	BANC888	doi:10.1038/s41586-026-10735-w	BANC_v888 260702
VFB_00105b75	BANC_888:720575941587362628	right side of organism	has_soma_location	BANC888	doi:10.1038/s41586-026-10735-w	BANC_v888 260702
VFB_00105b76	BANC_888:720575941587363127	right side of organism	has_soma_location	BANC888	doi:10.1038/s41586-026-10735-w	BANC_v888 260702
VFB_00105b78	BANC_888:720575941587367991	right side of organism	has_soma_location	BANC888	doi:10.1038/s41586-026-10735-w	BANC_v888 260702
VFB_00108kuf	BANC_888:720575941587371654	left side of organism	has_soma_location	BANC888	doi:10.1038/s41586-026-10735-w	BANC_v888 260702
VFB_00108kug	BANC_888:720575941587374726	left side of organism	has_soma_location	BANC888	doi:10.1038/s41586-026-10735-w	BANC_v888 260702
VFB_00105b79	BANC_888:720575941587375940	right side of organism	has_soma_location	BANC888	doi:10.1038/s41586-026-10735-w	BANC_v888 260702
VFB_00108kuh	BANC_888:720575941587377542	left side of organism	has_soma_location	BANC888	doi:10.1038/s41586-026-10735-w	BANC_v888 260702
VFB_00108kui	BANC_888:720575941587383364	right side of organism	has_soma_location	BANC888	doi:10.1038/s41586-026-10735-w	BANC_v888 260702
VFB_00108kuj	BANC_888:720575941587384542	left side of organism	has_soma_location	BANC888	doi:10.1038/s41586-026-10735-w	BANC_v888 260702
VFB_00105b7a	BANC_888:720575941587385143	right side of organism	has_soma_location	BANC888	doi:10.1038/s41586-026-10735-w	BANC_v888 260702
VFB_00105b7b	BANC_888:720575941587386423	left side of organism	has_soma_location	BANC888	doi:10.1038/s41586-026-10735-w	BANC_v888 260702
VFB_00108kuk	BANC_888:720575941587388038	left side of organism	has_soma_location	BANC888	doi:10.1038/s41586-026-10735-w	BANC_v888 260702
VFB_00108kul	BANC_888:720575941587389150	right side of organism	has_soma_location	BANC888	doi:10.1038/s41586-026-10735-w	BANC_v888 260702
VFB_00105b7d	BANC_888:720575941587391300	right side of organism	has_soma_location	BANC888	doi:10.1038/s41586-026-10735-w	BANC_v888 260702
VFB_00105b7e	BANC_888:720575941587394615	left side of organism	has_soma_location	BANC888	doi:10.1038/s41586-026-10735-w	BANC_v888 260702
VFB_00105b7f	BANC_888:720575941587396151	left side of organism	has_soma_location	BANC888	doi:10.1038/s41586-026-10735-w	BANC_v888 260702
VFB_00108kun	BANC_888:720575941587397254	left side of organism	has_soma_location	BANC888	doi:10.1038/s41586-026-10735-w	BANC_v888 260702
VFB_00108kuo	BANC_888:720575941587400326	left side of organism	has_soma_location	BANC888	doi:10.1038/s41586-026-10735-w	BANC_v888 260702
VFB_00108kup	BANC_888:720575941587402206	left side of organism	has_soma_location	BANC888	doi:10.1038/s41586-026-10735-w	BANC_v888 260702
VFB_00108kuq	BANC_888:720575941587403142	left side of organism	has_soma_location	BANC888	doi:10.1038/s41586-026-10735-w	BANC_v888 260702
VFB_00105b7g	BANC_888:720575941587403844	right side of organism	has_soma_location	BANC888	doi:10.1038/s41586-026-10735-w	BANC_v888 260702
VFB_00105b7h	BANC_888:720575941587404087	right side of organism	has_soma_location	BANC888	doi:10.1038/s41586-026-10735-w	BANC_v888 260702
VFB_00105b7i	BANC_888:720575941587406660	right side of organism	has_soma_location	BANC888	doi:10.1038/s41586-026-10735-w	BANC_v888 260702
VFB_00108kur	BANC_888:720575941587410398	right side of organism	has_soma_location	BANC888	doi:10.1038/s41586-026-10735-w	BANC_v888 260702
VFB_00108kus	BANC_888:720575941587418502	left side of organism	has_soma_location	BANC888	doi:10.1038/s41586-026-10735-w	BANC_v888 260702
VFB_00108kut	BANC_888:720575941587419270	left side of organism	has_soma_location	BANC888	doi:10.1038/s41586-026-10735-w	BANC_v888 260702
VFB_00108kuu	BANC_888:720575941587420382	left side of organism	has_soma_location	BANC888	doi:10.1038/s41586-026-10735-w	BANC_v888 260702
VFB_00105b7j	BANC_888:720575941587428151	right side of organism	has_soma_location	BANC888	doi:10.1038/s41586-026-10735-w	BANC_v888 260702
VFB_00108kuv	BANC_888:720575941587428230	left side of organism	has_soma_location	BANC888	doi:10.1038/s41586-026-10735-w	BANC_v888 260702
VFB_00105b7k	BANC_888:720575941587430199	left side of organism	has_soma_location	BANC888	doi:10.1038/s41586-026-10735-w	BANC_v888 260702
VFB_00108kuw	BANC_888:720575941587432326	left side of organism	has_soma_location	BANC888	doi:10.1038/s41586-026-10735-w	BANC_v888 260702
VFB_00108kux	BANC_888:720575941587435486	left side of organism	has_soma_location	BANC888	doi:10.1038/s41586-026-10735-w	BANC_v888 260702
VFB_00105b7l	BANC_888:720575941587436087	right side of organism	has_soma_location	BANC888	doi:10.1038/s41586-026-10735-w	BANC_v888 260702
VFB_00108kuy	BANC_888:720575941587439750	left side of organism	has_soma_location	BANC888	doi:10.1038/s41586-026-10735-w	BANC_v888 260702
VFB_00105b7n	BANC_888:720575941587449924	right side of organism	has_soma_location	BANC888	doi:10.1038/s41586-026-10735-w	BANC_v888 260702
VFB_00108kuz	BANC_888:720575941587453406	right side of organism	has_soma_location	BANC888	doi:10.1038/s41586-026-10735-w	BANC_v888 260702
VFB_00108kv0	BANC_888:720575941587454430	left side of organism	has_soma_location	BANC888	doi:10.1038/s41586-026-10735-w	BANC_v888 260702
VFB_00108kv1	BANC_888:720575941587459550	right side of organism	has_soma_location	BANC888	doi:10.1038/s41586-026-10735-w	BANC_v888 260702
VFB_00108kv2	BANC_888:720575941587459806	right side of organism	has_soma_location	BANC888	doi:10.1038/s41586-026-10735-w	BANC_v888 260702
VFB_00108kv3	BANC_888:720575941587460742	left side of organism	has_soma_location	BANC888	doi:10.1038/s41586-026-10735-w	BANC_v888 260702
VFB_00108kv4	BANC_888:720575941587461854	left side of organism	has_soma_location	BANC888	doi:10.1038/s41586-026-10735-w	BANC_v888 260702
VFB_00108kv5	BANC_888:720575941587462622	left side of organism	has_soma_location	BANC888	doi:10.1038/s41586-026-10735-w	BANC_v888 260702
VFB_00108kv6	BANC_888:720575941587465606	left side of organism	has_soma_location	BANC888	doi:10.1038/s41586-026-10735-w	BANC_v888 260702
VFB_00108kv7	BANC_888:720575941587467486	left side of organism	has_soma_location	BANC888	doi:10.1038/s41586-026-10735-w	BANC_v888 260702
VFB_00108kv8	BANC_888:720575941587469022	left side of organism	has_soma_location	BANC888	doi:10.1038/s41586-026-10735-w	BANC_v888 260702
VFB_00108kv9	BANC_888:720575941587470046	right side of organism	has_soma_location	BANC888	doi:10.1038/s41586-026-10735-w	BANC_v888 260702
VFB_00108kva	BANC_888:720575941587471428	right side of organism	has_soma_location	BANC888	doi:10.1038/s41586-026-10735-w	BANC_v888 260702
VFB_00108kvb	BANC_888:720575941587471582	left side of organism	has_soma_location	BANC888	doi:10.1038/s41586-026-10735-w	BANC_v888 260702
VFB_00108kvc	BANC_888:720575941587482078	left side of organism	has_soma_location	BANC888	doi:10.1038/s41586-026-10735-w	BANC_v888 260702
VFB_00108kvd	BANC_888:720575941587482846	right side of organism	has_soma_location	BANC888	doi:10.1038/s41586-026-10735-w	BANC_v888 260702
VFB_00108kve	BANC_888:720575941587482948	left side of organism	has_soma_location	BANC888	doi:10.1038/s41586-026-10735-w	BANC_v888 260702
VFB_00108kvf	BANC_888:720575941587487198	left side of organism	has_soma_location	BANC888	doi:10.1038/s41586-026-10735-w	BANC_v888 260702
VFB_00108kvg	BANC_888:720575941587488902	right side of organism	has_soma_location	BANC888	doi:10.1038/s41586-026-10735-w	BANC_v888 260702
VFB_00108kvh	BANC_888:720575941587491038	left side of organism	has_soma_location	BANC888	doi:10.1038/s41586-026-10735-w	BANC_v888 260702
VFB_00108kvi	BANC_888:720575941587491806	right side of organism	has_soma_location	BANC888	doi:10.1038/s41586-026-10735-w	BANC_v888 260702
VFB_00108kvj	BANC_888:720575941587493086	left side of organism	has_soma_location	BANC888	doi:10.1038/s41586-026-10735-w	BANC_v888 260702
VFB_00108kvk	BANC_888:720575941587495646	left side of organism	has_soma_location	BANC888	doi:10.1038/s41586-026-10735-w	BANC_v888 260702
VFB_00108kvl	BANC_888:720575941587497182	right side of organism	has_soma_location	BANC888	doi:10.1038/s41586-026-10735-w	BANC_v888 260702
VFB_00108kvn	BANC_888:720575941587498462	right side of organism	has_soma_location	BANC888	doi:10.1038/s41586-026-10735-w	BANC_v888 260702
VFB_00108kvo	BANC_888:720575941587498974	right side of organism	has_soma_location	BANC888	doi:10.1038/s41586-026-10735-w	BANC_v888 260702
VFB_00108kvp	BANC_888:720575941587501534	right side of organism	has_soma_location	BANC888	doi:10.1038/s41586-026-10735-w	BANC_v888 260702
VFB_00108kvq	BANC_888:720575941587505118	right side of organism	has_soma_location	BANC888	doi:10.1038/s41586-026-10735-w	BANC_v888 260702
VFB_00108kvr	BANC_888:720575941587505630	left side of organism	has_soma_location	BANC888	doi:10.1038/s41586-026-10735-w	BANC_v888 260702
VFB_00108kvs	BANC_888:720575941587505886	left side of organism	has_soma_location	BANC888	doi:10.1038/s41586-026-10735-w	BANC_v888 260702
VFB_00108kvt	BANC_888:720575941587506822	left side of organism	has_soma_location	BANC888	doi:10.1038/s41586-026-10735-w	BANC_v888 260702
VFB_00105b7o	BANC_888:720575941587511095	right side of organism	has_soma_location	BANC888	doi:10.1038/s41586-026-10735-w	BANC_v888 260702
VFB_00105b7p	BANC_888:720575941587511607	right side of organism	has_soma_location	BANC888	doi:10.1038/s41586-026-10735-w	BANC_v888 260702
VFB_00108kvu	BANC_888:720575941587512030	left side of organism	has_soma_location	BANC888	doi:10.1038/s41586-026-10735-w	BANC_v888 260702
VFB_00108kvv	BANC_888:720575941587513478	left side of organism	has_soma_location	BANC888	doi:10.1038/s41586-026-10735-w	BANC_v888 260702
VFB_00108kvw	BANC_888:720575941587518174	left side of organism	has_soma_location	BANC888	doi:10.1038/s41586-026-10735-w	BANC_v888 260702
VFB_00105b7q	BANC_888:720575941587520068	right side of organism	has_soma_location	BANC888	doi:10.1038/s41586-026-10735-w	BANC_v888 260702
VFB_00105b7r	BANC_888:720575941587528772	right side of organism	has_soma_location	BANC888	doi:10.1038/s41586-026-10735-w	BANC_v888 260702
VFB_00108kvx	BANC_888:720575941587533446	left side of organism	has_soma_location	BANC888	doi:10.1038/s41586-026-10735-w	BANC_v888 260702
VFB_00108kvy	BANC_888:720575941587533790	left side of organism	has_soma_location	BANC888	doi:10.1038/s41586-026-10735-w	BANC_v888 260702
VFB_00108kvz	BANC_888:720575941587535750	left side of organism	has_soma_location	BANC888	doi:10.1038/s41586-026-10735-w	BANC_v888 260702
VFB_00108kw0	BANC_888:720575941587541382	left side of organism	has_soma_location	BANC888	doi:10.1038/s41586-026-10735-w	BANC_v888 260702
VFB_00108kw1	BANC_888:720575941587543518	left side of organism	has_soma_location	BANC888	doi:10.1038/s41586-026-10735-w	BANC_v888 260702
VFB_00108kw2	BANC_888:720575941587548894	left side of organism	has_soma_location	BANC888	doi:10.1038/s41586-026-10735-w	BANC_v888 260702
VFB_00108kw3	BANC_888:720575941587549830	left side of organism	has_soma_location	BANC888	doi:10.1038/s41586-026-10735-w	BANC_v888 260702
VFB_00108kw4	BANC_888:720575941587550174	left side of organism	has_soma_location	BANC888	doi:10.1038/s41586-026-10735-w	BANC_v888 260702
VFB_00108kw5	BANC_888:720575941587554950	left side of organism	has_soma_location	BANC888	doi:10.1038/s41586-026-10735-w	BANC_v888 260702
VFB_00105b7t	BANC_888:720575941587555652	right side of organism	has_soma_location	BANC888	doi:10.1038/s41586-026-10735-w	BANC_v888 260702
VFB_00108kw6	BANC_888:720575941587555718	left side of organism	has_soma_location	BANC888	doi:10.1038/s41586-026-10735-w	BANC_v888 260702
VFB_00108kw7	BANC_888:720575941587556318	left side of organism	has_soma_location	BANC888	doi:10.1038/s41586-026-10735-w	BANC_v888 260702
VFB_00108kw8	BANC_888:720575941587564766	right side of organism	has_soma_location	BANC888	doi:10.1038/s41586-026-10735-w	BANC_v888 260702
VFB_00108kw9	BANC_888:720575941587567750	right side of organism	has_soma_location	BANC888	doi:10.1038/s41586-026-10735-w	BANC_v888 260702
VFB_00108kwa	BANC_888:720575941587569030	right side of organism	has_soma_location	BANC888	doi:10.1038/s41586-026-10735-w	BANC_v888 260702
VFB_00108kwb	BANC_888:720575941587573382	right side of organism	has_soma_location	BANC888	doi:10.1038/s41586-026-10735-w	BANC_v888 260702
VFB_00108kwc	BANC_888:720575941587575942	right side of organism	has_soma_location	BANC888	doi:10.1038/s41586-026-10735-w	BANC_v888 260702
VFB_00108kwd	BANC_888:720575941587578502	right side of organism	has_soma_location	BANC888	doi:10.1038/s41586-026-10735-w	BANC_v888 260702
VFB_00108kwe	BANC_888:720575941587582174	left side of organism	has_soma_location	BANC888	doi:10.1038/s41586-026-10735-w	BANC_v888 260702
VFB_00108kwf	BANC_888:720575941587583110	right side of organism	has_soma_location	BANC888	doi:10.1038/s41586-026-10735-w	BANC_v888 260702
VFB_00108kwg	BANC_888:720575941587584134	right side of organism	has_soma_location	BANC888	doi:10.1038/s41586-026-10735-w	BANC_v888 260702
VFB_00108kwh	BANC_888:720575941587586438	right side of organism	has_soma_location	BANC888	doi:10.1038/s41586-026-10735-w	BANC_v888 260702
VFB_00108kwi	BANC_888:720575941587587550	right side of organism	has_soma_location	BANC888	doi:10.1038/s41586-026-10735-w	BANC_v888 260702
VFB_00108kwj	BANC_888:720575941587587974	right side of organism	has_soma_location	BANC888	doi:10.1038/s41586-026-10735-w	BANC_v888 260702
VFB_00108kwk	BANC_888:720575941587588062	right side of organism	has_soma_location	BANC888	doi:10.1038/s41586-026-10735-w	BANC_v888 260702
VFB_00108kwl	BANC_888:720575941587588486	right side of organism	has_soma_location	BANC888	doi:10.1038/s41586-026-10735-w	BANC_v888 260702
VFB_00108kwm	BANC_888:720575941587590022	right side of organism	has_soma_location	BANC888	doi:10.1038/s41586-026-10735-w	BANC_v888 260702
VFB_00108kwn	BANC_888:720575941587593606	right side of organism	has_soma_location	BANC888	doi:10.1038/s41586-026-10735-w	BANC_v888 260702
VFB_00108kwo	BANC_888:720575941587594118	right side of organism	has_soma_location	BANC888	doi:10.1038/s41586-026-10735-w	BANC_v888 260702
VFB_00105b7v	BANC_888:720575941587594820	right side of organism	has_soma_location	BANC888	doi:10.1038/s41586-026-10735-w	BANC_v888 260702
VFB_00108kwp	BANC_888:720575941587594886	right side of organism	has_soma_location	BANC888	doi:10.1038/s41586-026-10735-w	BANC_v888 260702
VFB_00108kwq	BANC_888:720575941587597190	right side of organism	has_soma_location	BANC888	doi:10.1038/s41586-026-10735-w	BANC_v888 260702
VFB_00108kwr	BANC_888:720575941587598470	right side of organism	has_soma_location	BANC888	doi:10.1038/s41586-026-10735-w	BANC_v888 260702
VFB_00108kws	BANC_888:720575941587599326	right side of organism	has_soma_location	BANC888	doi:10.1038/s41586-026-10735-w	BANC_v888 260702
VFB_00105b7w	BANC_888:720575941587601220	left side of organism	has_soma_location	BANC888	doi:10.1038/s41586-026-10735-w	BANC_v888 260702
VFB_00108kwt	BANC_888:720575941587601286	right side of organism	has_soma_location	BANC888	doi:10.1038/s41586-026-10735-w	BANC_v888 260702
VFB_00105b7x	BANC_888:720575941587602244	right side of organism	has_soma_location	BANC888	doi:10.1038/s41586-026-10735-w	BANC_v888 260702
VFB_00108kwu	BANC_888:720575941587605726	left side of organism	has_soma_location	BANC888	doi:10.1038/s41586-026-10735-w	BANC_v888 260702
VFB_00105b7y	BANC_888:720575941587606084	right side of organism	has_soma_location	BANC888	doi:10.1038/s41586-026-10735-w	BANC_v888 260702
VFB_00105b7z	BANC_888:720575941587611703	right side of organism	has_soma_location	BANC888	doi:10.1038/s41586-026-10735-w	BANC_v888 260702
VFB_00105b80	BANC_888:720575941587612228	right side of organism	has_soma_location	BANC888	doi:10.1038/s41586-026-10735-w	BANC_v888 260702
VFB_00108kwv	BANC_888:720575941587620574	right side of organism	has_soma_location	BANC888	doi:10.1038/s41586-026-10735-w	BANC_v888 260702
VFB_00108kww	BANC_888:720575941587623902	left side of organism	has_soma_location	BANC888	doi:10.1038/s41586-026-10735-w	BANC_v888 260702
VFB_00105b82	BANC_888:720575941587625253	right side of organism	has_soma_location	BANC888	doi:10.1038/s41586-026-10735-w	BANC_v888 260702
VFB_00108kwx	BANC_888:720575941587630046	left side of organism	has_soma_location	BANC888	doi:10.1038/s41586-026-10735-w	BANC_v888 260702
VFB_00108kwy	BANC_888:720575941587631358	left side of organism	has_soma_location	BANC888	doi:10.1038/s41586-026-10735-w	BANC_v888 260702
VFB_00108kwz	BANC_888:720575941587631614	left side of organism	has_soma_location	BANC888	doi:10.1038/s41586-026-10735-w	BANC_v888 260702
VFB_00108kx0	BANC_888:720575941587631838	left side of organism	has_soma_location	BANC888	doi:10.1038/s41586-026-10735-w	BANC_v888 260702
VFB_00108kx1	BANC_888:720575941587634398	left side of organism	has_soma_location	BANC888	doi:10.1038/s41586-026-10735-w	BANC_v888 260702
VFB_00108kx2	BANC_888:720575941587635934	left side of organism	has_soma_location	BANC888	doi:10.1038/s41586-026-10735-w	BANC_v888 260702
VFB_00105b83	BANC_888:720575941587636036	right side of organism	has_soma_location	BANC888	doi:10.1038/s41586-026-10735-w	BANC_v888 260702
VFB_00108kx3	BANC_888:720575941587647966	left side of organism	has_soma_location	BANC888	doi:10.1038/s41586-026-10735-w	BANC_v888 260702
VFB_00108kx4	BANC_888:720575941587649246	left side of organism	has_soma_location	BANC888	doi:10.1038/s41586-026-10735-w	BANC_v888 260702
VFB_00108kx5	BANC_888:720575941587655134	right side of organism	has_soma_location	BANC888	doi:10.1038/s41586-026-10735-w	BANC_v888 260702
VFB_00108kx6	BANC_888:720575941587655646	left side of organism	has_soma_location	BANC888	doi:10.1038/s41586-026-10735-w	BANC_v888 260702
VFB_00105b84	BANC_888:720575941587656772	left side of organism	has_soma_location	BANC888	doi:10.1038/s41586-026-10735-w	BANC_v888 260702
VFB_00108kx7	BANC_888:720575941587658462	left side of organism	has_soma_location	BANC888	doi:10.1038/s41586-026-10735-w	BANC_v888 260702
VFB_00108kx8	BANC_888:720575941587661278	left side of organism	has_soma_location	BANC888	doi:10.1038/s41586-026-10735-w	BANC_v888 260702
VFB_00108kx9	BANC_888:720575941587663070	right side of organism	has_soma_location	BANC888	doi:10.1038/s41586-026-10735-w	BANC_v888 260702
VFB_00105b85	BANC_888:720575941587665988	right side of organism	has_soma_location	BANC888	doi:10.1038/s41586-026-10735-w	BANC_v888 260702
VFB_00105b86	BANC_888:720575941587668292	right side of organism	has_soma_location	BANC888	doi:10.1038/s41586-026-10735-w	BANC_v888 260702
VFB_00108kxa	BANC_888:720575941587673566	right side of organism	has_soma_location	BANC888	doi:10.1038/s41586-026-10735-w	BANC_v888 260702
VFB_00108kxb	BANC_888:720575941587678174	left side of organism	has_soma_location	BANC888	doi:10.1038/s41586-026-10735-w	BANC_v888 260702
VFB_00105b88	BANC_888:720575941587678788	right side of organism	has_soma_location	BANC888	doi:10.1038/s41586-026-10735-w	BANC_v888 260702
VFB_00108kxc	BANC_888:720575941587683550	right side of organism	has_soma_location	BANC888	doi:10.1038/s41586-026-10735-w	BANC_v888 260702
VFB_00105b89	BANC_888:720575941587687492	right side of organism	has_soma_location	BANC888	doi:10.1038/s41586-026-10735-w	BANC_v888 260702
VFB_00108kxd	BANC_888:720575941587688670	right side of organism	has_soma_location	BANC888	doi:10.1038/s41586-026-10735-w	BANC_v888 260702
VFB_00105b8a	BANC_888:720575941587689284	right side of organism	has_soma_location	BANC888	doi:10.1038/s41586-026-10735-w	BANC_v888 260702
VFB_00108kxe	BANC_888:720575941587689950	right side of organism	has_soma_location	BANC888	doi:10.1038/s41586-026-10735-w	BANC_v888 260702
VFB_00105b8b	BANC_888:720575941587694404	right side of organism	has_soma_location	BANC888	doi:10.1038/s41586-026-10735-w	BANC_v888 260702
VFB_00105b8c	BANC_888:720575941587695428	right side of organism	has_soma_location	BANC888	doi:10.1038/s41586-026-10735-w	BANC_v888 260702
VFB_00108kxf	BANC_888:720575941587697886	left side of organism	has_soma_location	BANC888	doi:10.1038/s41586-026-10735-w	BANC_v888 260702
VFB_00105b8e	BANC_888:720575941587702084	right side of organism	has_soma_location	BANC888	doi:10.1038/s41586-026-10735-w	BANC_v888 260702
VFB_00108kxg	BANC_888:720575941587703108	right side of organism	has_soma_location	BANC888	doi:10.1038/s41586-026-10735-w	BANC_v888 260702
VFB_00108kxh	BANC_888:720575941587703518	left side of organism	has_soma_location	BANC888	doi:10.1038/s41586-026-10735-w	BANC_v888 260702
VFB_00105b8f	BANC_888:720575941587706436	right side of organism	has_soma_location	BANC888	doi:10.1038/s41586-026-10735-w	BANC_v888 260702
VFB_00108kxi	BANC_888:720575941587707102	left side of organism	has_soma_location	BANC888	doi:10.1038/s41586-026-10735-w	BANC_v888 260702
VFB_00108kxj	BANC_888:720575941587714014	left side of organism	has_soma_location	BANC888	doi:10.1038/s41586-026-10735-w	BANC_v888 260702
VFB_00108kxk	BANC_888:720575941587714782	left side of organism	has_soma_location	BANC888	doi:10.1038/s41586-026-10735-w	BANC_v888 260702
VFB_00108kxl	BANC_888:720575941587718878	left side of organism	has_soma_location	BANC888	doi:10.1038/s41586-026-10735-w	BANC_v888 260702
VFB_00108kxm	BANC_888:720575941587720158	left side of organism	has_soma_location	BANC888	doi:10.1038/s41586-026-10735-w	BANC_v888 260702
VFB_00105b8g	BANC_888:720575941587721540	right side of organism	has_soma_location	BANC888	doi:10.1038/s41586-026-10735-w	BANC_v888 260702
VFB_00108kxn	BANC_888:720575941587722718	left side of organism	has_soma_location	BANC888	doi:10.1038/s41586-026-10735-w	BANC_v888 260702
VFB_00108kxo	BANC_888:720575941587723742	left side of organism	has_soma_location	BANC888	doi:10.1038/s41586-026-10735-w	BANC_v888 260702
VFB_00108kxp	BANC_888:720575941587723998	right side of organism	has_soma_location	BANC888	doi:10.1038/s41586-026-10735-w	BANC_v888 260702
VFB_00108kxq	BANC_888:720575941587725278	right side of organism	has_soma_location	BANC888	doi:10.1038/s41586-026-10735-w	BANC_v888 260702
VFB_00105b8h	BANC_888:720575941587726404	right side of organism	has_soma_location	BANC888	doi:10.1038/s41586-026-10735-w	BANC_v888 260702
VFB_00108kxr	BANC_888:720575941587726814	right side of organism	has_soma_location	BANC888	doi:10.1038/s41586-026-10735-w	BANC_v888 260702
VFB_00108kxs	BANC_888:720575941587727070	right side of organism	has_soma_location	BANC888	doi:10.1038/s41586-026-10735-w	BANC_v888 260702
VFB_00108kxt	BANC_888:720575941587728862	right side of organism	has_soma_location	BANC888	doi:10.1038/s41586-026-10735-w	BANC_v888 260702
VFB_00108kxu	BANC_888:720575941587730654	right side of organism	has_soma_location	BANC888	doi:10.1038/s41586-026-10735-w	BANC_v888 260702
VFB_00105b8j	BANC_888:720575941587730756	right side of organism	has_soma_location	BANC888	doi:10.1038/s41586-026-10735-w	BANC_v888 260702
VFB_00108kxv	BANC_888:720575941587731422	right side of organism	has_soma_location	BANC888	doi:10.1038/s41586-026-10735-w	BANC_v888 260702
VFB_00108kxw	BANC_888:720575941587731934	right side of organism	has_soma_location	BANC888	doi:10.1038/s41586-026-10735-w	BANC_v888 260702
VFB_00108kxx	BANC_888:720575941587732446	left side of organism	has_soma_location	BANC888	doi:10.1038/s41586-026-10735-w	BANC_v888 260702
VFB_00105b8k	BANC_888:720575941587733559	right side of organism	has_soma_location	BANC888	doi:10.1038/s41586-026-10735-w	BANC_v888 260702
VFB_00105b8l	BANC_888:720575941587733828	right side of organism	has_soma_location	BANC888	doi:10.1038/s41586-026-10735-w	BANC_v888 260702
VFB_00108kxy	BANC_888:720575941587734238	right side of organism	has_soma_location	BANC888	doi:10.1038/s41586-026-10735-w	BANC_v888 260702
VFB_00108kxz	BANC_888:720575941587740382	right side of organism	has_soma_location	BANC888	doi:10.1038/s41586-026-10735-w	BANC_v888 260702
VFB_00105b8m	BANC_888:720575941587742532	right side of organism	has_soma_location	BANC888	doi:10.1038/s41586-026-10735-w	BANC_v888 260702
VFB_00108ky0	BANC_888:720575941587748318	left side of organism	has_soma_location	BANC888	doi:10.1038/s41586-026-10735-w	BANC_v888 260702
VFB_00108ky1	BANC_888:720575941587748830	left side of organism	has_soma_location	BANC888	doi:10.1038/s41586-026-10735-w	BANC_v888 260702
VFB_00108ky2	BANC_888:720575941587751646	left side of organism	has_soma_location	BANC888	doi:10.1038/s41586-026-10735-w	BANC_v888 260702
VFB_00105b8n	BANC_888:720575941587753284	right side of organism	has_soma_location	BANC888	doi:10.1038/s41586-026-10735-w	BANC_v888 260702
VFB_00108ky3	BANC_888:720575941587753950	left side of organism	has_soma_location	BANC888	doi:10.1038/s41586-026-10735-w	BANC_v888 260702
VFB_00108ky4	BANC_888:720575941587755486	right side of organism	has_soma_location	BANC888	doi:10.1038/s41586-026-10735-w	BANC_v888 260702
VFB_00108ky5	BANC_888:720575941587761630	left side of organism	has_soma_location	BANC888	doi:10.1038/s41586-026-10735-w	BANC_v888 260702
VFB_00108ky6	BANC_888:720575941587764702	left side of organism	has_soma_location	BANC888	doi:10.1038/s41586-026-10735-w	BANC_v888 260702
VFB_00108ky7	BANC_888:720575941587771102	left side of organism	has_soma_location	BANC888	doi:10.1038/s41586-026-10735-w	BANC_v888 260702
VFB_00108ky8	BANC_888:720575941587773406	left side of organism	has_soma_location	BANC888	doi:10.1038/s41586-026-10735-w	BANC_v888 260702
VFB_00108ky9	BANC_888:720575941587776478	right side of organism	has_soma_location	BANC888	doi:10.1038/s41586-026-10735-w	BANC_v888 260702
VFB_00108kya	BANC_888:720575941587790558	left side of organism	has_soma_location	BANC888	doi:10.1038/s41586-026-10735-w	BANC_v888 260702
VFB_00108kyb	BANC_888:720575941587805150	left side of organism	has_soma_location	BANC888	doi:10.1038/s41586-026-10735-w	BANC_v888 260702
VFB_00108kyc	BANC_888:720575941587812574	right side of organism	has_soma_location	BANC888	doi:10.1038/s41586-026-10735-w	BANC_v888 260702
VFB_00108kyd	BANC_888:720575941587815134	left side of organism	has_soma_location	BANC888	doi:10.1038/s41586-026-10735-w	BANC_v888 260702
VFB_00108kye	BANC_888:720575941587821278	right side of organism	has_soma_location	BANC888	doi:10.1038/s41586-026-10735-w	BANC_v888 260702
VFB_00108kyf	BANC_888:720575941587821534	right side of organism	has_soma_location	BANC888	doi:10.1038/s41586-026-10735-w	BANC_v888 260702
VFB_00108kyg	BANC_888:720575941587827678	right side of organism	has_soma_location	BANC888	doi:10.1038/s41586-026-10735-w	BANC_v888 260702
VFB_00108kyh	BANC_888:720575941587827934	right side of organism	has_soma_location	BANC888	doi:10.1038/s41586-026-10735-w	BANC_v888 260702
VFB_00108kyi	BANC_888:720575941587833566	right side of organism	has_soma_location	BANC888	doi:10.1038/s41586-026-10735-w	BANC_v888 260702
VFB_00108kyj	BANC_888:720575941587833822	right side of organism	has_soma_location	BANC888	doi:10.1038/s41586-026-10735-w	BANC_v888 260702
VFB_00108kyk	BANC_888:720575941587837150	left side of organism	has_soma_location	BANC888	doi:10.1038/s41586-026-10735-w	BANC_v888 260702
VFB_00108kyl	BANC_888:720575941587843038	left side of organism	has_soma_location	BANC888	doi:10.1038/s41586-026-10735-w	BANC_v888 260702
VFB_00108kym	BANC_888:720575941587845086	left side of organism	has_soma_location	BANC888	doi:10.1038/s41586-026-10735-w	BANC_v888 260702
VFB_00105b8p	BANC_888:720575941587849028	left side of organism	has_soma_location	BANC888	doi:10.1038/s41586-026-10735-w	BANC_v888 260702
VFB_00108kyn	BANC_888:720575941587849438	right side of organism	has_soma_location	BANC888	doi:10.1038/s41586-026-10735-w	BANC_v888 260702
VFB_00105b8q	BANC_888:720575941587852868	right side of organism	has_soma_location	BANC888	doi:10.1038/s41586-026-10735-w	BANC_v888 260702
VFB_00108kyo	BANC_888:720575941587853534	left side of organism	has_soma_location	BANC888	doi:10.1038/s41586-026-10735-w	BANC_v888 260702
VFB_00105b8s	BANC_888:720575941587856708	right side of organism	has_soma_location	BANC888	doi:10.1038/s41586-026-10735-w	BANC_v888 260702
VFB_00105b8t	BANC_888:720575941587856951	left side of organism	has_soma_location	BANC888	doi:10.1038/s41586-026-10735-w	BANC_v888 260702
VFB_00105b8u	BANC_888:720575941587856964	right side of organism	has_soma_location	BANC888	doi:10.1038/s41586-026-10735-w	BANC_v888 260702
VFB_00108kyp	BANC_888:720575941587859166	left side of organism	has_soma_location	BANC888	doi:10.1038/s41586-026-10735-w	BANC_v888 260702
VFB_00105b8x	BANC_888:720575941587863876	right side of organism	has_soma_location	BANC888	doi:10.1038/s41586-026-10735-w	BANC_v888 260702
VFB_00105b8y	BANC_888:720575941587866692	right side of organism	has_soma_location	BANC888	doi:10.1038/s41586-026-10735-w	BANC_v888 260702
VFB_00108kyq	BANC_888:720575941587867358	right side of organism	has_soma_location	BANC888	doi:10.1038/s41586-026-10735-w	BANC_v888 260702
VFB_00108kyr	BANC_888:720575941587867959	left side of organism	has_soma_location	BANC888	doi:10.1038/s41586-026-10735-w	BANC_v888 260702
VFB_00105b8z	BANC_888:720575941587869764	right side of organism	has_soma_location	BANC888	doi:10.1038/s41586-026-10735-w	BANC_v888 260702
VFB_00105b90	BANC_888:720575941587870276	right side of organism	has_soma_location	BANC888	doi:10.1038/s41586-026-10735-w	BANC_v888 260702
VFB_00108kys	BANC_888:720575941587874526	left side of organism	has_soma_location	BANC888	doi:10.1038/s41586-026-10735-w	BANC_v888 260702
VFB_00105b91	BANC_888:720575941587875396	right side of organism	has_soma_location	BANC888	doi:10.1038/s41586-026-10735-w	BANC_v888 260702
VFB_00108kyt	BANC_888:720575941587875550	right side of organism	has_soma_location	BANC888	doi:10.1038/s41586-026-10735-w	BANC_v888 260702
VFB_00108kyu	BANC_888:720575941587875806	right side of organism	has_soma_location	BANC888	doi:10.1038/s41586-026-10735-w	BANC_v888 260702
VFB_00105b92	BANC_888:720575941587882564	right side of organism	has_soma_location	BANC888	doi:10.1038/s41586-026-10735-w	BANC_v888 260702
VFB_00105b93	BANC_888:720575941587883332	right side of organism	has_soma_location	BANC888	doi:10.1038/s41586-026-10735-w	BANC_v888 260702
VFB_00108kyv	BANC_888:720575941587883742	left side of organism	has_soma_location	BANC888	doi:10.1038/s41586-026-10735-w	BANC_v888 260702
VFB_00105b94	BANC_888:720575941587883844	left side of organism	has_soma_location	BANC888	doi:10.1038/s41586-026-10735-w	BANC_v888 260702
VFB_00105b95	BANC_888:720575941587885636	right side of organism	has_soma_location	BANC888	doi:10.1038/s41586-026-10735-w	BANC_v888 260702
VFB_00108kyw	BANC_888:720575941587887428	right side of organism	has_soma_location	BANC888	doi:10.1038/s41586-026-10735-w	BANC_v888 260702
VFB_00105b96	BANC_888:720575941587891767	left side of organism	has_soma_location	BANC888	doi:10.1038/s41586-026-10735-w	BANC_v888 260702
VFB_00108kyx	BANC_888:720575941587892446	left side of organism	has_soma_location	BANC888	doi:10.1038/s41586-026-10735-w	BANC_v888 260702
VFB_00108kyy	BANC_888:720575941587893726	left side of organism	has_soma_location	BANC888	doi:10.1038/s41586-026-10735-w	BANC_v888 260702
VFB_00105b98	BANC_888:720575941587894340	right side of organism	has_soma_location	BANC888	doi:10.1038/s41586-026-10735-w	BANC_v888 260702
VFB_00105b99	BANC_888:720575941587895620	right side of organism	has_soma_location	BANC888	doi:10.1038/s41586-026-10735-w	BANC_v888 260702
VFB_00105b9a	BANC_888:720575941587896388	right side of organism	has_soma_location	BANC888	doi:10.1038/s41586-026-10735-w	BANC_v888 260702
VFB_00105b9b	BANC_888:720575941587898692	right side of organism	has_soma_location	BANC888	doi:10.1038/s41586-026-10735-w	BANC_v888 260702
VFB_00108kyz	BANC_888:720575941587901252	right side of organism	has_soma_location	BANC888	doi:10.1038/s41586-026-10735-w	BANC_v888 260702
VFB_00108kz0	BANC_888:720575941587902430	left side of organism	has_soma_location	BANC888	doi:10.1038/s41586-026-10735-w	BANC_v888 260702
VFB_00105b9c	BANC_888:720575941587903556	right side of organism	has_soma_location	BANC888	doi:10.1038/s41586-026-10735-w	BANC_v888 260702
VFB_00108kz1	BANC_888:720575941587906116	right side of organism	has_soma_location	BANC888	doi:10.1038/s41586-026-10735-w	BANC_v888 260702
VFB_00108kz2	BANC_888:720575941587908164	right side of organism	has_soma_location	BANC888	doi:10.1038/s41586-026-10735-w	BANC_v888 260702
VFB_00108kz3	BANC_888:720575941587913182	left side of organism	has_soma_location	BANC888	doi:10.1038/s41586-026-10735-w	BANC_v888 260702
VFB_00108kz4	BANC_888:720575941587914308	left side of organism	has_soma_location	BANC888	doi:10.1038/s41586-026-10735-w	BANC_v888 260702
VFB_00108kz5	BANC_888:720575941587926750	left side of organism	has_soma_location	BANC888	doi:10.1038/s41586-026-10735-w	BANC_v888 260702
VFB_00108kz6	BANC_888:720575941587937246	left side of organism	has_soma_location	BANC888	doi:10.1038/s41586-026-10735-w	BANC_v888 260702
VFB_00108kz7	BANC_888:720575941587938526	left side of organism	has_soma_location	BANC888	doi:10.1038/s41586-026-10735-w	BANC_v888 260702
VFB_00108kz8	BANC_888:720575941587941854	left side of organism	has_soma_location	BANC888	doi:10.1038/s41586-026-10735-w	BANC_v888 260702
VFB_00105b9e	BANC_888:720575941587943236	right side of organism	has_soma_location	BANC888	doi:10.1038/s41586-026-10735-w	BANC_v888 260702
VFB_00108kz9	BANC_888:720575941587943390	left side of organism	has_soma_location	BANC888	doi:10.1038/s41586-026-10735-w	BANC_v888 260702
VFB_00108kza	BANC_888:720575941587946564	right side of organism	has_soma_location	BANC888	doi:10.1038/s41586-026-10735-w	BANC_v888 260702
VFB_00108kzb	BANC_888:720575941587947998	left side of organism	has_soma_location	BANC888	doi:10.1038/s41586-026-10735-w	BANC_v888 260702
VFB_00105b9f	BANC_888:720575941587950903	left side of organism	has_soma_location	BANC888	doi:10.1038/s41586-026-10735-w	BANC_v888 260702
VFB_00105b9g	BANC_888:720575941587952452	right side of organism	has_soma_location	BANC888	doi:10.1038/s41586-026-10735-w	BANC_v888 260702
VFB_00108kzc	BANC_888:720575941587953118	left side of organism	has_soma_location	BANC888	doi:10.1038/s41586-026-10735-w	BANC_v888 260702
VFB_00108kzd	BANC_888:720575941587958238	right side of organism	has_soma_location	BANC888	doi:10.1038/s41586-026-10735-w	BANC_v888 260702
VFB_00108kze	BANC_888:720575941587958596	left side of organism	has_soma_location	BANC888	doi:10.1038/s41586-026-10735-w	BANC_v888 260702
VFB_00108kzf	BANC_888:720575941587962078	left side of organism	has_soma_location	BANC888	doi:10.1038/s41586-026-10735-w	BANC_v888 260702
VFB_00108kzg	BANC_888:720575941587963870	left side of organism	has_soma_location	BANC888	doi:10.1038/s41586-026-10735-w	BANC_v888 260702
VFB_00105b9h	BANC_888:720575941587968823	left side of organism	has_soma_location	BANC888	doi:10.1038/s41586-026-10735-w	BANC_v888 260702
VFB_00108kzh	BANC_888:720575941587969079	left side of organism	has_soma_location	BANC888	doi:10.1038/s41586-026-10735-w	BANC_v888 260702
VFB_00108kzi	BANC_888:720575941587969246	left side of organism	has_soma_location	BANC888	doi:10.1038/s41586-026-10735-w	BANC_v888 260702
VFB_00108kzj	BANC_888:720575941587969502	left side of organism	has_soma_location	BANC888	doi:10.1038/s41586-026-10735-w	BANC_v888 260702
VFB_00108kzk	BANC_888:720575941587974622	left side of organism	has_soma_location	BANC888	doi:10.1038/s41586-026-10735-w	BANC_v888 260702
VFB_00108kzl	BANC_888:720575941587974878	left side of organism	has_soma_location	BANC888	doi:10.1038/s41586-026-10735-w	BANC_v888 260702
VFB_00108kzm	BANC_888:720575941587975646	left side of organism	has_soma_location	BANC888	doi:10.1038/s41586-026-10735-w	BANC_v888 260702
VFB_00108kzn	BANC_888:720575941587978206	left side of organism	has_soma_location	BANC888	doi:10.1038/s41586-026-10735-w	BANC_v888 260702
VFB_00105b9i	BANC_888:720575941587981111	right side of organism	has_soma_location	BANC888	doi:10.1038/s41586-026-10735-w	BANC_v888 260702
VFB_00108kzo	BANC_888:720575941587984862	left side of organism	has_soma_location	BANC888	doi:10.1038/s41586-026-10735-w	BANC_v888 260702
VFB_00105b9j	BANC_888:720575941587989502	right side of organism	has_soma_location	BANC888	doi:10.1038/s41586-026-10735-w	BANC_v888 260702
VFB_00108kzp	BANC_888:720575941587990238	left side of organism	has_soma_location	BANC888	doi:10.1038/s41586-026-10735-w	BANC_v888 260702
VFB_00105b9k	BANC_888:720575941587991863	left side of organism	has_soma_location	BANC888	doi:10.1038/s41586-026-10735-w	BANC_v888 260702
VFB_00108kzq	BANC_888:720575941587992798	left side of organism	has_soma_location	BANC888	doi:10.1038/s41586-026-10735-w	BANC_v888 260702
VFB_00108kzr	BANC_888:720575941587993399	left side of organism	has_soma_location	BANC888	doi:10.1038/s41586-026-10735-w	BANC_v888 260702
VFB_00108kzs	BANC_888:720575941587994078	left side of organism	has_soma_location	BANC888	doi:10.1038/s41586-026-10735-w	BANC_v888 260702
VFB_00108kzt	BANC_888:720575941587996126	left side of organism	has_soma_location	BANC888	doi:10.1038/s41586-026-10735-w	BANC_v888 260702
VFB_00105b9l	BANC_888:720575941588000823	left side of organism	has_soma_location	BANC888	doi:10.1038/s41586-026-10735-w	BANC_v888 260702
VFB_00105b9m	BANC_888:720575941588002628	right side of organism	has_soma_location	BANC888	doi:10.1038/s41586-026-10735-w	BANC_v888 260702
VFB_00105b9n	BANC_888:720575941588003908	right side of organism	has_soma_location	BANC888	doi:10.1038/s41586-026-10735-w	BANC_v888 260702
VFB_00108kzu	BANC_888:720575941588004062	left side of organism	has_soma_location	BANC888	doi:10.1038/s41586-026-10735-w	BANC_v888 260702
VFB_00108kzv	BANC_888:720575941588004318	left side of organism	has_soma_location	BANC888	doi:10.1038/s41586-026-10735-w	BANC_v888 260702
VFB_00105b9o	BANC_888:720575941588004676	right side of organism	has_soma_location	BANC888	doi:10.1038/s41586-026-10735-w	BANC_v888 260702
VFB_00108kzw	BANC_888:720575941588005431	right side of organism	has_soma_location	BANC888	doi:10.1038/s41586-026-10735-w	BANC_v888 260702
VFB_00105b9p	BANC_888:720575941588006212	right side of organism	has_soma_location	BANC888	doi:10.1038/s41586-026-10735-w	BANC_v888 260702
VFB_00108kzx	BANC_888:720575941588006878	left side of organism	has_soma_location	BANC888	doi:10.1038/s41586-026-10735-w	BANC_v888 260702
VFB_00105b9q	BANC_888:720575941588006980	right side of organism	has_soma_location	BANC888	doi:10.1038/s41586-026-10735-w	BANC_v888 260702
VFB_00105b9r	BANC_888:720575941588007492	left side of organism	has_soma_location	BANC888	doi:10.1038/s41586-026-10735-w	BANC_v888 260702
VFB_00105b9s	BANC_888:720575941588012087	left side of organism	has_soma_location	BANC888	doi:10.1038/s41586-026-10735-w	BANC_v888 260702
VFB_00105b9t	BANC_888:720575941588014404	left side of organism	has_soma_location	BANC888	doi:10.1038/s41586-026-10735-w	BANC_v888 260702
VFB_00108kzy	BANC_888:720575941588015159	left side of organism	has_soma_location	BANC888	doi:10.1038/s41586-026-10735-w	BANC_v888 260702
VFB_00108kzz	BANC_888:720575941588018910	right side of organism	has_soma_location	BANC888	doi:10.1038/s41586-026-10735-w	BANC_v888 260702
VFB_00105b9u	BANC_888:720575941588018942	left side of organism	has_soma_location	BANC888	doi:10.1038/s41586-026-10735-w	BANC_v888 260702
VFB_00108l00	BANC_888:720575941588021726	left side of organism	has_soma_location	BANC888	doi:10.1038/s41586-026-10735-w	BANC_v888 260702
VFB_00108l01	BANC_888:720575941588026692	left side of organism	has_soma_location	BANC888	doi:10.1038/s41586-026-10735-w	BANC_v888 260702
VFB_00105b9v	BANC_888:720575941588028228	left side of organism	has_soma_location	BANC888	doi:10.1038/s41586-026-10735-w	BANC_v888 260702
VFB_00108l02	BANC_888:720575941588031198	left side of organism	has_soma_location	BANC888	doi:10.1038/s41586-026-10735-w	BANC_v888 260702
VFB_00108l03	BANC_888:720575941588032990	left side of organism	has_soma_location	BANC888	doi:10.1038/s41586-026-10735-w	BANC_v888 260702
VFB_00108l04	BANC_888:720575941588034526	left side of organism	has_soma_location	BANC888	doi:10.1038/s41586-026-10735-w	BANC_v888 260702
VFB_00108l05	BANC_888:720575941588043998	right side of organism	has_soma_location	BANC888	doi:10.1038/s41586-026-10735-w	BANC_v888 260702
VFB_00105b9x	BANC_888:720575941588045566	right side of organism	has_soma_location	BANC888	doi:10.1038/s41586-026-10735-w	BANC_v888 260702
VFB_00105b9y	BANC_888:720575941588048196	left side of organism	has_soma_location	BANC888	doi:10.1038/s41586-026-10735-w	BANC_v888 260702
VFB_00108l06	BANC_888:720575941588048350	right side of organism	has_soma_location	BANC888	doi:10.1038/s41586-026-10735-w	BANC_v888 260702
VFB_00108l07	BANC_888:720575941588054750	left side of organism	has_soma_location	BANC888	doi:10.1038/s41586-026-10735-w	BANC_v888 260702
VFB_00108l08	BANC_888:720575941588055262	left side of organism	has_soma_location	BANC888	doi:10.1038/s41586-026-10735-w	BANC_v888 260702
VFB_00105b9z	BANC_888:720575941588058692	right side of organism	has_soma_location	BANC888	doi:10.1038/s41586-026-10735-w	BANC_v888 260702
VFB_00105ba0	BANC_888:720575941588059390	left side of organism	has_soma_location	BANC888	doi:10.1038/s41586-026-10735-w	BANC_v888 260702
VFB_00105ba2	BANC_888:720575941588061438	left side of organism	has_soma_location	BANC888	doi:10.1038/s41586-026-10735-w	BANC_v888 260702
VFB_00105ba3	BANC_888:720575941588062020	right side of organism	has_soma_location	BANC888	doi:10.1038/s41586-026-10735-w	BANC_v888 260702
VFB_00108l09	BANC_888:720575941588066270	right side of organism	has_soma_location	BANC888	doi:10.1038/s41586-026-10735-w	BANC_v888 260702
VFB_00108l0a	BANC_888:720575941588067550	right side of organism	has_soma_location	BANC888	doi:10.1038/s41586-026-10735-w	BANC_v888 260702
VFB_00105ba6	BANC_888:720575941588068676	left side of organism	has_soma_location	BANC888	doi:10.1038/s41586-026-10735-w	BANC_v888 260702
VFB_00105ba7	BANC_888:720575941588068862	left side of organism	has_soma_location	BANC888	doi:10.1038/s41586-026-10735-w	BANC_v888 260702
VFB_00108l0b	BANC_888:720575941588069086	left side of organism	has_soma_location	BANC888	doi:10.1038/s41586-026-10735-w	BANC_v888 260702
VFB_00108l0c	BANC_888:720575941588069854	left side of organism	has_soma_location	BANC888	doi:10.1038/s41586-026-10735-w	BANC_v888 260702
VFB_00105ba9	BANC_888:720575941588072516	left side of organism	has_soma_location	BANC888	doi:10.1038/s41586-026-10735-w	BANC_v888 260702
VFB_00108l0d	BANC_888:720575941588074295	right side of organism	has_soma_location	BANC888	doi:10.1038/s41586-026-10735-w	BANC_v888 260702
VFB_00108l0e	BANC_888:720575941588074462	right side of organism	has_soma_location	BANC888	doi:10.1038/s41586-026-10735-w	BANC_v888 260702
VFB_00105baa	BANC_888:720575941588075332	left side of organism	has_soma_location	BANC888	doi:10.1038/s41586-026-10735-w	BANC_v888 260702
VFB_00105bab	BANC_888:720575941588075844	left side of organism	has_soma_location	BANC888	doi:10.1038/s41586-026-10735-w	BANC_v888 260702
VFB_00108l0f	BANC_888:720575941588079326	left side of organism	has_soma_location	BANC888	doi:10.1038/s41586-026-10735-w	BANC_v888 260702
VFB_00108l0g	BANC_888:720575941588079838	right side of organism	has_soma_location	BANC888	doi:10.1038/s41586-026-10735-w	BANC_v888 260702
VFB_00105bac	BANC_888:720575941588080638	right side of organism	has_soma_location	BANC888	doi:10.1038/s41586-026-10735-w	BANC_v888 260702
VFB_00108l0h	BANC_888:720575941588083166	left side of organism	has_soma_location	BANC888	doi:10.1038/s41586-026-10735-w	BANC_v888 260702
VFB_00105bad	BANC_888:720575941588091204	right side of organism	has_soma_location	BANC888	doi:10.1038/s41586-026-10735-w	BANC_v888 260702
VFB_00105bae	BANC_888:720575941588095300	left side of organism	has_soma_location	BANC888	doi:10.1038/s41586-026-10735-w	BANC_v888 260702
VFB_00105baf	BANC_888:720575941588099140	right side of organism	has_soma_location	BANC888	doi:10.1038/s41586-026-10735-w	BANC_v888 260702
VFB_00105bag	BANC_888:720575941588105284	right side of organism	has_soma_location	BANC888	doi:10.1038/s41586-026-10735-w	BANC_v888 260702
VFB_00105bah	BANC_888:720575941588107588	right side of organism	has_soma_location	BANC888	doi:10.1038/s41586-026-10735-w	BANC_v888 260702
VFB_00108l0i	BANC_888:720575941588110302	left side of organism	has_soma_location	BANC888	doi:10.1038/s41586-026-10735-w	BANC_v888 260702
VFB_00105bai	BANC_888:720575941588114174	right side of organism	has_soma_location	BANC888	doi:10.1038/s41586-026-10735-w	BANC_v888 260702
VFB_00108l0j	BANC_888:720575941588116702	right side of organism	has_soma_location	BANC888	doi:10.1038/s41586-026-10735-w	BANC_v888 260702
VFB_00105bak	BANC_888:720575941588116804	right side of organism	has_soma_location	BANC888	doi:10.1038/s41586-026-10735-w	BANC_v888 260702
VFB_00108l0k	BANC_888:720575941588118084	left side of organism	has_soma_location	BANC888	doi:10.1038/s41586-026-10735-w	BANC_v888 260702
VFB_00108l0l	BANC_888:720575941588123870	left side of organism	has_soma_location	BANC888	doi:10.1038/s41586-026-10735-w	BANC_v888 260702
VFB_00105bal	BANC_888:720575941588123902	right side of organism	has_soma_location	BANC888	doi:10.1038/s41586-026-10735-w	BANC_v888 260702
VFB_00108l0m	BANC_888:720575941588124126	right side of organism	has_soma_location	BANC888	doi:10.1038/s41586-026-10735-w	BANC_v888 260702
VFB_00108l0n	BANC_888:720575941588126532	right side of organism	has_soma_location	BANC888	doi:10.1038/s41586-026-10735-w	BANC_v888 260702
VFB_00105bam	BANC_888:720575941588131652	right side of organism	has_soma_location	BANC888	doi:10.1038/s41586-026-10735-w	BANC_v888 260702
VFB_00108l0o	BANC_888:720575941588134110	left side of organism	has_soma_location	BANC888	doi:10.1038/s41586-026-10735-w	BANC_v888 260702
VFB_00108l0p	BANC_888:720575941588134366	left side of organism	has_soma_location	BANC888	doi:10.1038/s41586-026-10735-w	BANC_v888 260702
VFB_00105ban	BANC_888:720575941588134724	right side of organism	has_soma_location	BANC888	doi:10.1038/s41586-026-10735-w	BANC_v888 260702
VFB_00108l0q	BANC_888:720575941588136414	right side of organism	has_soma_location	BANC888	doi:10.1038/s41586-026-10735-w	BANC_v888 260702
VFB_00105bao	BANC_888:720575941588137028	right side of organism	has_soma_location	BANC888	doi:10.1038/s41586-026-10735-w	BANC_v888 260702
VFB_00108l0r	BANC_888:720575941588138974	left side of organism	has_soma_location	BANC888	doi:10.1038/s41586-026-10735-w	BANC_v888 260702
VFB_00105bap	BANC_888:720575941588140855	right side of organism	has_soma_location	BANC888	doi:10.1038/s41586-026-10735-w	BANC_v888 260702
VFB_00105baq	BANC_888:720575941588140868	right side of organism	has_soma_location	BANC888	doi:10.1038/s41586-026-10735-w	BANC_v888 260702
VFB_00105bar	BANC_888:720575941588141367	right side of organism	has_soma_location	BANC888	doi:10.1038/s41586-026-10735-w	BANC_v888 260702
VFB_00105bas	BANC_888:720575941588143415	right side of organism	has_soma_location	BANC888	doi:10.1038/s41586-026-10735-w	BANC_v888 260702
VFB_00105bat	BANC_888:720575941588144196	right side of organism	has_soma_location	BANC888	doi:10.1038/s41586-026-10735-w	BANC_v888 260702
VFB_00108l0s	BANC_888:720575941588149559	left side of organism	has_soma_location	BANC888	doi:10.1038/s41586-026-10735-w	BANC_v888 260702
VFB_00105bau	BANC_888:720575941588156414	left side of organism	has_soma_location	BANC888	doi:10.1038/s41586-026-10735-w	BANC_v888 260702
VFB_00108l0t	BANC_888:720575941588160311	right side of organism	has_soma_location	BANC888	doi:10.1038/s41586-026-10735-w	BANC_v888 260702
VFB_00105bax	BANC_888:720575941588160580	left side of organism	has_soma_location	BANC888	doi:10.1038/s41586-026-10735-w	BANC_v888 260702
VFB_00108l0u	BANC_888:720575941588160823	left side of organism	has_soma_location	BANC888	doi:10.1038/s41586-026-10735-w	BANC_v888 260702
VFB_00105bay	BANC_888:720575941588161348	right side of organism	has_soma_location	BANC888	doi:10.1038/s41586-026-10735-w	BANC_v888 260702
VFB_00105baz	BANC_888:720575941588168503	right side of organism	has_soma_location	BANC888	doi:10.1038/s41586-026-10735-w	BANC_v888 260702
VFB_00108l0v	BANC_888:720575941588169182	left side of organism	has_soma_location	BANC888	doi:10.1038/s41586-026-10735-w	BANC_v888 260702
VFB_00105bb0	BANC_888:720575941588170820	left side of organism	has_soma_location	BANC888	doi:10.1038/s41586-026-10735-w	BANC_v888 260702
VFB_00108l0w	BANC_888:720575941588177630	left side of organism	has_soma_location	BANC888	doi:10.1038/s41586-026-10735-w	BANC_v888 260702
VFB_00105bb1	BANC_888:720575941588177732	right side of organism	has_soma_location	BANC888	doi:10.1038/s41586-026-10735-w	BANC_v888 260702
VFB_00108l0x	BANC_888:720575941588179422	left side of organism	has_soma_location	BANC888	doi:10.1038/s41586-026-10735-w	BANC_v888 260702
VFB_00105bb2	BANC_888:720575941588182526	left side of organism	has_soma_location	BANC888	doi:10.1038/s41586-026-10735-w	BANC_v888 260702
VFB_00105bb3	BANC_888:720575941588183620	right side of organism	has_soma_location	BANC888	doi:10.1038/s41586-026-10735-w	BANC_v888 260702
VFB_00108l0y	BANC_888:720575941588183774	left side of organism	has_soma_location	BANC888	doi:10.1038/s41586-026-10735-w	BANC_v888 260702
VFB_00105bb4	BANC_888:720575941588185412	left side of organism	has_soma_location	BANC888	doi:10.1038/s41586-026-10735-w	BANC_v888 260702
VFB_00105bb5	BANC_888:720575941588185924	left side of organism	has_soma_location	BANC888	doi:10.1038/s41586-026-10735-w	BANC_v888 260702
VFB_00108l0z	BANC_888:720575941588189662	left side of organism	has_soma_location	BANC888	doi:10.1038/s41586-026-10735-w	BANC_v888 260702
VFB_00108l10	BANC_888:720575941588190686	left side of organism	has_soma_location	BANC888	doi:10.1038/s41586-026-10735-w	BANC_v888 260702
VFB_00108l11	BANC_888:720575941588191966	left side of organism	has_soma_location	BANC888	doi:10.1038/s41586-026-10735-w	BANC_v888 260702
VFB_00108l12	BANC_888:720575941588194270	left side of organism	has_soma_location	BANC888	doi:10.1038/s41586-026-10735-w	BANC_v888 260702
VFB_00105bb6	BANC_888:720575941588195140	right side of organism	has_soma_location	BANC888	doi:10.1038/s41586-026-10735-w	BANC_v888 260702
VFB_00108l13	BANC_888:720575941588196062	left side of organism	has_soma_location	BANC888	doi:10.1038/s41586-026-10735-w	BANC_v888 260702
VFB_00105bb7	BANC_888:720575941588200247	right side of organism	has_soma_location	BANC888	doi:10.1038/s41586-026-10735-w	BANC_v888 260702
VFB_00105bb8	BANC_888:720575941588200260	right side of organism	has_soma_location	BANC888	doi:10.1038/s41586-026-10735-w	BANC_v888 260702
VFB_00108l14	BANC_888:720575941588200414	left side of organism	has_soma_location	BANC888	doi:10.1038/s41586-026-10735-w	BANC_v888 260702
VFB_00105bb9	BANC_888:720575941588201726	left side of organism	has_soma_location	BANC888	doi:10.1038/s41586-026-10735-w	BANC_v888 260702
VFB_00105bba	BANC_888:720575941588204087	right side of organism	has_soma_location	BANC888	doi:10.1038/s41586-026-10735-w	BANC_v888 260702
VFB_00108l15	BANC_888:720575941588204510	right side of organism	has_soma_location	BANC888	doi:10.1038/s41586-026-10735-w	BANC_v888 260702
VFB_00108l16	BANC_888:720575941588206558	right side of organism	has_soma_location	BANC888	doi:10.1038/s41586-026-10735-w	BANC_v888 260702
VFB_00108l17	BANC_888:720575941588207326	right side of organism	has_soma_location	BANC888	doi:10.1038/s41586-026-10735-w	BANC_v888 260702
VFB_00105bbb	BANC_888:720575941588208126	left side of organism	has_soma_location	BANC888	doi:10.1038/s41586-026-10735-w	BANC_v888 260702
VFB_00108l18	BANC_888:720575941588212804	right side of organism	has_soma_location	BANC888	doi:10.1038/s41586-026-10735-w	BANC_v888 260702
VFB_00105bbc	BANC_888:720575941588216887	right side of organism	has_soma_location	BANC888	doi:10.1038/s41586-026-10735-w	BANC_v888 260702
VFB_00108l19	BANC_888:720575941588217822	right side of organism	has_soma_location	BANC888	doi:10.1038/s41586-026-10735-w	BANC_v888 260702
VFB_00105bbd	BANC_888:720575941588220215	right side of organism	has_soma_location	BANC888	doi:10.1038/s41586-026-10735-w	BANC_v888 260702
VFB_00108l1a	BANC_888:720575941588222686	right side of organism	has_soma_location	BANC888	doi:10.1038/s41586-026-10735-w	BANC_v888 260702
VFB_00108l1b	BANC_888:720575941588225758	right side of organism	has_soma_location	BANC888	doi:10.1038/s41586-026-10735-w	BANC_v888 260702
VFB_00108l1c	BANC_888:720575941588227806	right side of organism	has_soma_location	BANC888	doi:10.1038/s41586-026-10735-w	BANC_v888 260702
VFB_00105bbe	BANC_888:720575941588230468	right side of organism	has_soma_location	BANC888	doi:10.1038/s41586-026-10735-w	BANC_v888 260702
VFB_00108l1d	BANC_888:720575941588230622	right side of organism	has_soma_location	BANC888	doi:10.1038/s41586-026-10735-w	BANC_v888 260702
VFB_00108l1e	BANC_888:720575941588233182	right side of organism	has_soma_location	BANC888	doi:10.1038/s41586-026-10735-w	BANC_v888 260702
VFB_00105bbf	BANC_888:720575941588234039	right side of organism	has_soma_location	BANC888	doi:10.1038/s41586-026-10735-w	BANC_v888 260702
VFB_00105bbg	BANC_888:720575941588234820	right side of organism	has_soma_location	BANC888	doi:10.1038/s41586-026-10735-w	BANC_v888 260702
VFB_00108l1f	BANC_888:720575941588236254	right side of organism	has_soma_location	BANC888	doi:10.1038/s41586-026-10735-w	BANC_v888 260702
VFB_00108l1g	BANC_888:720575941588236766	right side of organism	has_soma_location	BANC888	doi:10.1038/s41586-026-10735-w	BANC_v888 260702
VFB_00108l1h	BANC_888:720575941588238903	right side of organism	has_soma_location	BANC888	doi:10.1038/s41586-026-10735-w	BANC_v888 260702
VFB_00105bbh	BANC_888:720575941588243511	right side of organism	has_soma_location	BANC888	doi:10.1038/s41586-026-10735-w	BANC_v888 260702
VFB_00105bbi	BANC_888:720575941588244990	right side of organism	has_soma_location	BANC888	doi:10.1038/s41586-026-10735-w	BANC_v888 260702
VFB_00105bbj	BANC_888:720575941588247607	right side of organism	has_soma_location	BANC888	doi:10.1038/s41586-026-10735-w	BANC_v888 260702
VFB_00105bbk	BANC_888:720575941588254206	right side of organism	has_soma_location	BANC888	doi:10.1038/s41586-026-10735-w	BANC_v888 260702
VFB_00108l1i	BANC_888:720575941588255287	right side of organism	has_soma_location	BANC888	doi:10.1038/s41586-026-10735-w	BANC_v888 260702
VFB_00105bbl	BANC_888:720575941588260407	right side of organism	has_soma_location	BANC888	doi:10.1038/s41586-026-10735-w	BANC_v888 260702
VFB_00108l1j	BANC_888:720575941588260932	right side of organism	has_soma_location	BANC888	doi:10.1038/s41586-026-10735-w	BANC_v888 260702
VFB_00108l1k	BANC_888:720575941588261943	right side of organism	has_soma_location	BANC888	doi:10.1038/s41586-026-10735-w	BANC_v888 260702
VFB_00105bbm	BANC_888:720575941588265284	right side of organism	has_soma_location	BANC888	doi:10.1038/s41586-026-10735-w	BANC_v888 260702
VFB_00105bbn	BANC_888:720575941588269124	left side of organism	has_soma_location	BANC888	doi:10.1038/s41586-026-10735-w	BANC_v888 260702
VFB_00105bbp	BANC_888:720575941588277303	right side of organism	has_soma_location	BANC888	doi:10.1038/s41586-026-10735-w	BANC_v888 260702
VFB_00105bbq	BANC_888:720575941588279038	left side of organism	has_soma_location	BANC888	doi:10.1038/s41586-026-10735-w	BANC_v888 260702
VFB_00105bbr	BANC_888:720575941588280388	right side of organism	has_soma_location	BANC888	doi:10.1038/s41586-026-10735-w	BANC_v888 260702
VFB_00105bbs	BANC_888:720575941588281668	left side of organism	has_soma_location	BANC888	doi:10.1038/s41586-026-10735-w	BANC_v888 260702
VFB_00105bbt	BANC_888:720575941588302647	right side of organism	has_soma_location	BANC888	doi:10.1038/s41586-026-10735-w	BANC_v888 260702
VFB_00105bbu	BANC_888:720575941588303159	right side of organism	has_soma_location	BANC888	doi:10.1038/s41586-026-10735-w	BANC_v888 260702
VFB_00105bbv	BANC_888:720575941588304964	left side of organism	has_soma_location	BANC888	doi:10.1038/s41586-026-10735-w	BANC_v888 260702
VFB_00105bbw	BANC_888:720575941588308292	left side of organism	has_soma_location	BANC888	doi:10.1038/s41586-026-10735-w	BANC_v888 260702
VFB_00105bbx	BANC_888:720575941588317751	right side of organism	has_soma_location	BANC888	doi:10.1038/s41586-026-10735-w	BANC_v888 260702
VFB_00105bby	BANC_888:720575941588319230	right side of organism	has_soma_location	BANC888	doi:10.1038/s41586-026-10735-w	BANC_v888 260702
VFB_00105bc0	BANC_888:720575941588329015	right side of organism	has_soma_location	BANC888	doi:10.1038/s41586-026-10735-w	BANC_v888 260702
VFB_00105bc1	BANC_888:720575941588333623	right side of organism	has_soma_location	BANC888	doi:10.1038/s41586-026-10735-w	BANC_v888 260702
VFB_00108l1l	BANC_888:720575941588339511	right side of organism	has_soma_location	BANC888	doi:10.1038/s41586-026-10735-w	BANC_v888 260702
VFB_00105bc2	BANC_888:720575941588350263	right side of organism	has_soma_location	BANC888	doi:10.1038/s41586-026-10735-w	BANC_v888 260702
VFB_00105bc3	BANC_888:720575941588353335	right side of organism	has_soma_location	BANC888	doi:10.1038/s41586-026-10735-w	BANC_v888 260702
VFB_00105bc4	BANC_888:720575941588355383	right side of organism	has_soma_location	BANC888	doi:10.1038/s41586-026-10735-w	BANC_v888 260702
VFB_00105bc5	BANC_888:720575941588355908	left side of organism	has_soma_location	BANC888	doi:10.1038/s41586-026-10735-w	BANC_v888 260702
VFB_00105bc6	BANC_888:720575941588358724	right side of organism	has_soma_location	BANC888	doi:10.1038/s41586-026-10735-w	BANC_v888 260702
VFB_00105bc8	BANC_888:720575941588369662	left side of organism	has_soma_location	BANC888	doi:10.1038/s41586-026-10735-w	BANC_v888 260702
VFB_00105bc9	BANC_888:720575941588371255	right side of organism	has_soma_location	BANC888	doi:10.1038/s41586-026-10735-w	BANC_v888 260702
VFB_00105bca	BANC_888:720575941588381764	left side of organism	has_soma_location	BANC888	doi:10.1038/s41586-026-10735-w	BANC_v888 260702
VFB_00105bcb	BANC_888:720575941588389431	right side of organism	has_soma_location	BANC888	doi:10.1038/s41586-026-10735-w	BANC_v888 260702
VFB_00105bcc	BANC_888:720575941588393540	right side of organism	has_soma_location	BANC888	doi:10.1038/s41586-026-10735-w	BANC_v888 260702
VFB_00105bcd	BANC_888:720575941588402500	right side of organism	has_soma_location	BANC888	doi:10.1038/s41586-026-10735-w	BANC_v888 260702
VFB_00105bce	BANC_888:720575941588409924	right side of organism	has_soma_location	BANC888	doi:10.1038/s41586-026-10735-w	BANC_v888 260702
VFB_00108l1m	BANC_888:720575941588412484	left side of organism	has_soma_location	BANC888	doi:10.1038/s41586-026-10735-w	BANC_v888 260702
VFB_00105bcf	BANC_888:720575941588421444	right side of organism	has_soma_location	BANC888	doi:10.1038/s41586-026-10735-w	BANC_v888 260702
VFB_00108l1n	BANC_888:720575941588439876	right side of organism	has_soma_location	BANC888	doi:10.1038/s41586-026-10735-w	BANC_v888 260702
VFB_00108l1o	BANC_888:720575941588445252	right side of organism	has_soma_location	BANC888	doi:10.1038/s41586-026-10735-w	BANC_v888 260702
VFB_00105bch	BANC_888:720575941588445580	left side of organism	has_soma_location	BANC888	doi:10.1038/s41586-026-10735-w	BANC_v888 260702
VFB_00105bcj	BANC_888:720575941588447287	right side of organism	has_soma_location	BANC888	doi:10.1038/s41586-026-10735-w	BANC_v888 260702
VFB_00105bck	BANC_888:720575941588454980	right side of organism	has_soma_location	BANC888	doi:10.1038/s41586-026-10735-w	BANC_v888 260702
VFB_00105bcl	BANC_888:720575941588459332	right side of organism	has_soma_location	BANC888	doi:10.1038/s41586-026-10735-w	BANC_v888 260702
VFB_00105bco	BANC_888:720575941588484236	left side of organism	has_soma_location	BANC888	doi:10.1038/s41586-026-10735-w	BANC_v888 260702
VFB_00108l1p	BANC_888:720575941588499780	right side of organism	has_soma_location	BANC888	doi:10.1038/s41586-026-10735-w	BANC_v888 260702
VFB_00105bcp	BANC_888:720575941588502405	left side of organism	has_soma_location	BANC888	doi:10.1038/s41586-026-10735-w	BANC_v888 260702
VFB_00108l1q	BANC_888:720575941588502852	right side of organism	has_soma_location	BANC888	doi:10.1038/s41586-026-10735-w	BANC_v888 260702
VFB_00105bcq	BANC_888:720575941588503173	left side of organism	has_soma_location	BANC888	doi:10.1038/s41586-026-10735-w	BANC_v888 260702
VFB_00105bcr	BANC_888:720575941588503429	left side of organism	has_soma_location	BANC888	doi:10.1038/s41586-026-10735-w	BANC_v888 260702
VFB_00105bcs	BANC_888:720575941588503948	right side of organism	has_soma_location	BANC888	doi:10.1038/s41586-026-10735-w	BANC_v888 260702
VFB_00105bct	BANC_888:720575941588506764	left side of organism	has_soma_location	BANC888	doi:10.1038/s41586-026-10735-w	BANC_v888 260702
VFB_00108l1r	BANC_888:720575941588515127	left side of organism	has_soma_location	BANC888	doi:10.1038/s41586-026-10735-w	BANC_v888 260702
VFB_00105bcv	BANC_888:720575941588520076	left side of organism	has_soma_location	BANC888	doi:10.1038/s41586-026-10735-w	BANC_v888 260702
VFB_00105bcw	BANC_888:720575941588524428	left side of organism	has_soma_location	BANC888	doi:10.1038/s41586-026-10735-w	BANC_v888 260702
VFB_00105bcy	BANC_888:720575941588531255	left side of organism	has_soma_location	BANC888	doi:10.1038/s41586-026-10735-w	BANC_v888 260702
VFB_00105bd0	BANC_888:720575941588534917	left side of organism	has_soma_location	BANC888	doi:10.1038/s41586-026-10735-w	BANC_v888 260702
VFB_00105bd1	BANC_888:720575941588536119	left side of organism	has_soma_location	BANC888	doi:10.1038/s41586-026-10735-w	BANC_v888 260702
VFB_00105bd2	BANC_888:720575941588539525	left side of organism	has_soma_location	BANC888	doi:10.1038/s41586-026-10735-w	BANC_v888 260702
VFB_00108l1s	BANC_888:720575941588544055	left side of organism	has_soma_location	BANC888	doi:10.1038/s41586-026-10735-w	BANC_v888 260702
VFB_00105bd3	BANC_888:720575941588545157	left side of organism	has_soma_location	BANC888	doi:10.1038/s41586-026-10735-w	BANC_v888 260702
VFB_00105bd4	BANC_888:720575941588545335	right side of organism	has_soma_location	BANC888	doi:10.1038/s41586-026-10735-w	BANC_v888 260702
VFB_00105bd5	BANC_888:720575941588545925	left side of organism	has_soma_location	BANC888	doi:10.1038/s41586-026-10735-w	BANC_v888 260702
VFB_00105bd6	BANC_888:720575941588545932	left side of organism	has_soma_location	BANC888	doi:10.1038/s41586-026-10735-w	BANC_v888 260702
VFB_00105bd7	BANC_888:720575941588546437	left side of organism	has_soma_location	BANC888	doi:10.1038/s41586-026-10735-w	BANC_v888 260702
VFB_00105bd9	BANC_888:720575941588550028	right side of organism	has_soma_location	BANC888	doi:10.1038/s41586-026-10735-w	BANC_v888 260702
VFB_00105bda	BANC_888:720575941588551748	right side of organism	has_soma_location	BANC888	doi:10.1038/s41586-026-10735-w	BANC_v888 260702
VFB_00105bdb	BANC_888:720575941588556612	right side of organism	has_soma_location	BANC888	doi:10.1038/s41586-026-10735-w	BANC_v888 260702
VFB_00108l1t	BANC_888:720575941588559264	right side of organism	has_soma_location	BANC888	doi:10.1038/s41586-026-10735-w	BANC_v888 260702
VFB_00105bdc	BANC_888:720575941588566661	left side of organism	has_soma_location	BANC888	doi:10.1038/s41586-026-10735-w	BANC_v888 260702
VFB_00105bdd	BANC_888:720575941588569996	left side of organism	has_soma_location	BANC888	doi:10.1038/s41586-026-10735-w	BANC_v888 260702
VFB_00105bde	BANC_888:720575941588575365	left side of organism	has_soma_location	BANC888	doi:10.1038/s41586-026-10735-w	BANC_v888 260702
VFB_00105bdf	BANC_888:720575941588576140	right side of organism	has_soma_location	BANC888	doi:10.1038/s41586-026-10735-w	BANC_v888 260702
VFB_00105bdh	BANC_888:720575941588577534	left side of organism	has_soma_location	BANC888	doi:10.1038/s41586-026-10735-w	BANC_v888 260702
VFB_00105bdj	BANC_888:720575941588581253	left side of organism	has_soma_location	BANC888	doi:10.1038/s41586-026-10735-w	BANC_v888 260702
VFB_00105bdk	BANC_888:720575941588581700	right side of organism	has_soma_location	BANC888	doi:10.1038/s41586-026-10735-w	BANC_v888 260702
VFB_00105bdl	BANC_888:720575941588581956	right side of organism	has_soma_location	BANC888	doi:10.1038/s41586-026-10735-w	BANC_v888 260702
VFB_00105bdn	BANC_888:720575941588585540	right side of organism	has_soma_location	BANC888	doi:10.1038/s41586-026-10735-w	BANC_v888 260702
VFB_00108l1u	BANC_888:720575941588587076	right side of organism	has_soma_location	BANC888	doi:10.1038/s41586-026-10735-w	BANC_v888 260702
VFB_00105bdo	BANC_888:720575941588587332	left side of organism	has_soma_location	BANC888	doi:10.1038/s41586-026-10735-w	BANC_v888 260702
VFB_00105bdp	BANC_888:720575941588592452	right side of organism	has_soma_location	BANC888	doi:10.1038/s41586-026-10735-w	BANC_v888 260702
VFB_00105bdq	BANC_888:720575941588595255	right side of organism	has_soma_location	BANC888	doi:10.1038/s41586-026-10735-w	BANC_v888 260702
VFB_00105bdr	BANC_888:720575941588599180	left side of organism	has_soma_location	BANC888	doi:10.1038/s41586-026-10735-w	BANC_v888 260702
VFB_00108l1v	BANC_888:720575941588599253	right side of organism	has_soma_location	BANC888	doi:10.1038/s41586-026-10735-w	BANC_v888 260702
VFB_00105bds	BANC_888:720575941588600972	right side of organism	has_soma_location	BANC888	doi:10.1038/s41586-026-10735-w	BANC_v888 260702
VFB_00108l1w	BANC_888:720575941588606263	left side of organism	has_soma_location	BANC888	doi:10.1038/s41586-026-10735-w	BANC_v888 260702
VFB_00105bdt	BANC_888:720575941588606276	right side of organism	has_soma_location	BANC888	doi:10.1038/s41586-026-10735-w	BANC_v888 260702
VFB_00105bdu	BANC_888:720575941588608836	right side of organism	has_soma_location	BANC888	doi:10.1038/s41586-026-10735-w	BANC_v888 260702
VFB_00105bdv	BANC_888:720575941588609860	right side of organism	has_soma_location	BANC888	doi:10.1038/s41586-026-10735-w	BANC_v888 260702
VFB_00105bdw	BANC_888:720575941588610437	left side of organism	has_soma_location	BANC888	doi:10.1038/s41586-026-10735-w	BANC_v888 260702
VFB_00105bdx	BANC_888:720575941588610693	left side of organism	has_soma_location	BANC888	doi:10.1038/s41586-026-10735-w	BANC_v888 260702
VFB_00105bdz	BANC_888:720575941588611205	left side of organism	has_soma_location	BANC888	doi:10.1038/s41586-026-10735-w	BANC_v888 260702
VFB_00105be0	BANC_888:720575941588611461	left side of organism	has_soma_location	BANC888	doi:10.1038/s41586-026-10735-w	BANC_v888 260702
VFB_00105be1	BANC_888:720575941588611520	right side of organism	has_soma_location	BANC888	doi:10.1038/s41586-026-10735-w	BANC_v888 260702
VFB_00105be2	BANC_888:720575941588615052	left side of organism	has_soma_location	BANC888	doi:10.1038/s41586-026-10735-w	BANC_v888 260702
VFB_00105be3	BANC_888:720575941588619148	left side of organism	has_soma_location	BANC888	doi:10.1038/s41586-026-10735-w	BANC_v888 260702
VFB_00105be4	BANC_888:720575941588624005	left side of organism	has_soma_location	BANC888	doi:10.1038/s41586-026-10735-w	BANC_v888 260702
VFB_00105be5	BANC_888:720575941588624261	left side of organism	has_soma_location	BANC888	doi:10.1038/s41586-026-10735-w	BANC_v888 260702
VFB_00105be6	BANC_888:720575941588624517	left side of organism	has_soma_location	BANC888	doi:10.1038/s41586-026-10735-w	BANC_v888 260702
VFB_00105be7	BANC_888:720575941588624773	left side of organism	has_soma_location	BANC888	doi:10.1038/s41586-026-10735-w	BANC_v888 260702
VFB_00105be8	BANC_888:720575941588625029	left side of organism	has_soma_location	BANC888	doi:10.1038/s41586-026-10735-w	BANC_v888 260702
VFB_00105be9	BANC_888:720575941588627751	left side of organism	has_soma_location	BANC888	doi:10.1038/s41586-026-10735-w	BANC_v888 260702
VFB_00105bea	BANC_888:720575941588628620	right side of organism	has_soma_location	BANC888	doi:10.1038/s41586-026-10735-w	BANC_v888 260702
VFB_00105beb	BANC_888:720575941588629758	left side of organism	has_soma_location	BANC888	doi:10.1038/s41586-026-10735-w	BANC_v888 260702
VFB_00105bec	BANC_888:720575941588630270	left side of organism	has_soma_location	BANC888	doi:10.1038/s41586-026-10735-w	BANC_v888 260702
VFB_00105bed	BANC_888:720575941588630782	left side of organism	has_soma_location	BANC888	doi:10.1038/s41586-026-10735-w	BANC_v888 260702
VFB_00105bee	BANC_888:720575941588631038	left side of organism	has_soma_location	BANC888	doi:10.1038/s41586-026-10735-w	BANC_v888 260702
VFB_00105beh	BANC_888:720575941588634436	right side of organism	has_soma_location	BANC888	doi:10.1038/s41586-026-10735-w	BANC_v888 260702
VFB_00105bei	BANC_888:720575941588635460	right side of organism	has_soma_location	BANC888	doi:10.1038/s41586-026-10735-w	BANC_v888 260702
VFB_00105bej	BANC_888:720575941588636996	left side of organism	has_soma_location	BANC888	doi:10.1038/s41586-026-10735-w	BANC_v888 260702
VFB_00105bek	BANC_888:720575941588637252	left side of organism	has_soma_location	BANC888	doi:10.1038/s41586-026-10735-w	BANC_v888 260702
VFB_00105bel	BANC_888:720575941588639372	left side of organism	has_soma_location	BANC888	doi:10.1038/s41586-026-10735-w	BANC_v888 260702
VFB_00108l1x	BANC_888:720575941588641348	right side of organism	has_soma_location	BANC888	doi:10.1038/s41586-026-10735-w	BANC_v888 260702
VFB_00108l1y	BANC_888:720575941588644932	right side of organism	has_soma_location	BANC888	doi:10.1038/s41586-026-10735-w	BANC_v888 260702
VFB_00105bem	BANC_888:720575941588646284	right side of organism	has_soma_location	BANC888	doi:10.1038/s41586-026-10735-w	BANC_v888 260702
VFB_00105ben	BANC_888:720575941588646336	right side of organism	has_soma_location	BANC888	doi:10.1038/s41586-026-10735-w	BANC_v888 260702
VFB_00105bep	BANC_888:720575941588649527	right side of organism	has_soma_location	BANC888	doi:10.1038/s41586-026-10735-w	BANC_v888 260702
VFB_00105beq	BANC_888:720575941588651844	left side of organism	has_soma_location	BANC888	doi:10.1038/s41586-026-10735-w	BANC_v888 260702
VFB_00105ber	BANC_888:720575941588652940	right side of organism	has_soma_location	BANC888	doi:10.1038/s41586-026-10735-w	BANC_v888 260702
VFB_00105bes	BANC_888:720575941588653964	left side of organism	has_soma_location	BANC888	doi:10.1038/s41586-026-10735-w	BANC_v888 260702
VFB_00105bet	BANC_888:720575941588655684	right side of organism	has_soma_location	BANC888	doi:10.1038/s41586-026-10735-w	BANC_v888 260702
VFB_00105beu	BANC_888:720575941588657732	right side of organism	has_soma_location	BANC888	doi:10.1038/s41586-026-10735-w	BANC_v888 260702
VFB_00108l1z	BANC_888:720575941588658487	right side of organism	has_soma_location	BANC888	doi:10.1038/s41586-026-10735-w	BANC_v888 260702
VFB_00108l20	BANC_888:720575941588659710	right side of organism	has_soma_location	BANC888	doi:10.1038/s41586-026-10735-w	BANC_v888 260702
VFB_00105bew	BANC_888:720575941588661381	left side of organism	has_soma_location	BANC888	doi:10.1038/s41586-026-10735-w	BANC_v888 260702
VFB_00105bex	BANC_888:720575941588661388	right side of organism	has_soma_location	BANC888	doi:10.1038/s41586-026-10735-w	BANC_v888 260702
VFB_00105bey	BANC_888:720575941588661637	left side of organism	has_soma_location	BANC888	doi:10.1038/s41586-026-10735-w	BANC_v888 260702
VFB_00105bez	BANC_888:720575941588661893	left side of organism	has_soma_location	BANC888	doi:10.1038/s41586-026-10735-w	BANC_v888 260702
VFB_00105bf0	BANC_888:720575941588662149	left side of organism	has_soma_location	BANC888	doi:10.1038/s41586-026-10735-w	BANC_v888 260702
VFB_00108l21	BANC_888:720575941588662852	right side of organism	has_soma_location	BANC888	doi:10.1038/s41586-026-10735-w	BANC_v888 260702
VFB_00105bf1	BANC_888:720575941588664197	left side of organism	has_soma_location	BANC888	doi:10.1038/s41586-026-10735-w	BANC_v888 260702
VFB_00105bf2	BANC_888:720575941588665924	right side of organism	has_soma_location	BANC888	doi:10.1038/s41586-026-10735-w	BANC_v888 260702
VFB_00108l22	BANC_888:720575941588669252	right side of organism	has_soma_location	BANC888	doi:10.1038/s41586-026-10735-w	BANC_v888 260702
VFB_00105bf3	BANC_888:720575941588669324	right side of organism	has_soma_location	BANC888	doi:10.1038/s41586-026-10735-w	BANC_v888 260702
VFB_00105bf4	BANC_888:720575941588672901	left side of organism	has_soma_location	BANC888	doi:10.1038/s41586-026-10735-w	BANC_v888 260702
VFB_00105bf5	BANC_888:720575941588673079	right side of organism	has_soma_location	BANC888	doi:10.1038/s41586-026-10735-w	BANC_v888 260702
VFB_00105bf6	BANC_888:720575941588673591	right side of organism	has_soma_location	BANC888	doi:10.1038/s41586-026-10735-w	BANC_v888 260702
VFB_00105bf7	BANC_888:720575941588673669	left side of organism	has_soma_location	BANC888	doi:10.1038/s41586-026-10735-w	BANC_v888 260702
VFB_00105bf8	BANC_888:720575941588674181	left side of organism	has_soma_location	BANC888	doi:10.1038/s41586-026-10735-w	BANC_v888 260702
VFB_00105bf9	BANC_888:720575941588675980	left side of organism	has_soma_location	BANC888	doi:10.1038/s41586-026-10735-w	BANC_v888 260702
VFB_00105bfa	BANC_888:720575941588678468	right side of organism	has_soma_location	BANC888	doi:10.1038/s41586-026-10735-w	BANC_v888 260702
VFB_00105bfb	BANC_888:720575941588678654	left side of organism	has_soma_location	BANC888	doi:10.1038/s41586-026-10735-w	BANC_v888 260702
VFB_00105bfc	BANC_888:720575941588683332	right side of organism	has_soma_location	BANC888	doi:10.1038/s41586-026-10735-w	BANC_v888 260702
VFB_00105bfd	BANC_888:720575941588683588	right side of organism	has_soma_location	BANC888	doi:10.1038/s41586-026-10735-w	BANC_v888 260702
VFB_00108l23	BANC_888:720575941588684087	right side of organism	has_soma_location	BANC888	doi:10.1038/s41586-026-10735-w	BANC_v888 260702
VFB_00108l24	BANC_888:720575941588685367	right side of organism	has_soma_location	BANC888	doi:10.1038/s41586-026-10735-w	BANC_v888 260702
VFB_00108l25	BANC_888:720575941588686404	right side of organism	has_soma_location	BANC888	doi:10.1038/s41586-026-10735-w	BANC_v888 260702
VFB_00105bff	BANC_888:720575941588689292	right side of organism	has_soma_location	BANC888	doi:10.1038/s41586-026-10735-w	BANC_v888 260702
VFB_00105bfg	BANC_888:720575941588689548	right side of organism	has_soma_location	BANC888	doi:10.1038/s41586-026-10735-w	BANC_v888 260702
VFB_00105bfi	BANC_888:720575941588691589	left side of organism	has_soma_location	BANC888	doi:10.1038/s41586-026-10735-w	BANC_v888 260702
VFB_00108l26	BANC_888:720575941588692036	right side of organism	has_soma_location	BANC888	doi:10.1038/s41586-026-10735-w	BANC_v888 260702
VFB_00105bfk	BANC_888:720575941588693828	right side of organism	has_soma_location	BANC888	doi:10.1038/s41586-026-10735-w	BANC_v888 260702
VFB_00105bfl	BANC_888:720575941588695941	left side of organism	has_soma_location	BANC888	doi:10.1038/s41586-026-10735-w	BANC_v888 260702
VFB_00108l27	BANC_888:720575941588697399	right side of organism	has_soma_location	BANC888	doi:10.1038/s41586-026-10735-w	BANC_v888 260702
VFB_00108l28	BANC_888:720575941588698436	right side of organism	has_soma_location	BANC888	doi:10.1038/s41586-026-10735-w	BANC_v888 260702
VFB_00105bfm	BANC_888:720575941588703230	right side of organism	has_soma_location	BANC888	doi:10.1038/s41586-026-10735-w	BANC_v888 260702
VFB_00105bfn	BANC_888:720575941588710021	left side of organism	has_soma_location	BANC888	doi:10.1038/s41586-026-10735-w	BANC_v888 260702
VFB_00105bfo	BANC_888:720575941588710199	left side of organism	has_soma_location	BANC888	doi:10.1038/s41586-026-10735-w	BANC_v888 260702
VFB_00105bfq	BANC_888:720575941588717957	left side of organism	has_soma_location	BANC888	doi:10.1038/s41586-026-10735-w	BANC_v888 260702
VFB_00105bfr	BANC_888:720575941588719428	right side of organism	has_soma_location	BANC888	doi:10.1038/s41586-026-10735-w	BANC_v888 260702
VFB_00105bfs	BANC_888:720575941588723454	right side of organism	has_soma_location	BANC888	doi:10.1038/s41586-026-10735-w	BANC_v888 260702
VFB_00105bft	BANC_888:720575941588725047	right side of organism	has_soma_location	BANC888	doi:10.1038/s41586-026-10735-w	BANC_v888 260702
VFB_00105bfu	BANC_888:720575941588725559	right side of organism	has_soma_location	BANC888	doi:10.1038/s41586-026-10735-w	BANC_v888 260702
VFB_00105bfv	BANC_888:720575941588727436	right side of organism	has_soma_location	BANC888	doi:10.1038/s41586-026-10735-w	BANC_v888 260702
VFB_00105bfw	BANC_888:720575941588730622	right side of organism	has_soma_location	BANC888	doi:10.1038/s41586-026-10735-w	BANC_v888 260702
VFB_00105bfx	BANC_888:720575941588730935	right side of organism	has_soma_location	BANC888	doi:10.1038/s41586-026-10735-w	BANC_v888 260702
VFB_00105bfy	BANC_888:720575941588731447	right side of organism	has_soma_location	BANC888	doi:10.1038/s41586-026-10735-w	BANC_v888 260702
VFB_00105bfz	BANC_888:720575941588734974	right side of organism	has_soma_location	BANC888	doi:10.1038/s41586-026-10735-w	BANC_v888 260702
VFB_00108l29	BANC_888:720575941588740164	right side of organism	has_soma_location	BANC888	doi:10.1038/s41586-026-10735-w	BANC_v888 260702
VFB_00105bg0	BANC_888:720575941588740741	left side of organism	has_soma_location	BANC888	doi:10.1038/s41586-026-10735-w	BANC_v888 260702
VFB_00105bg1	BANC_888:720575941588741509	left side of organism	has_soma_location	BANC888	doi:10.1038/s41586-026-10735-w	BANC_v888 260702
VFB_00105bg2	BANC_888:720575941588743813	left side of organism	has_soma_location	BANC888	doi:10.1038/s41586-026-10735-w	BANC_v888 260702
VFB_00105bg3	BANC_888:720575941588746551	right side of organism	has_soma_location	BANC888	doi:10.1038/s41586-026-10735-w	BANC_v888 260702
VFB_00105bg4	BANC_888:720575941588749566	right side of organism	has_soma_location	BANC888	doi:10.1038/s41586-026-10735-w	BANC_v888 260702
VFB_00105bg6	BANC_888:720575941588752517	left side of organism	has_soma_location	BANC888	doi:10.1038/s41586-026-10735-w	BANC_v888 260702
VFB_00105bg7	BANC_888:720575941588752695	right side of organism	has_soma_location	BANC888	doi:10.1038/s41586-026-10735-w	BANC_v888 260702
VFB_00105bg8	BANC_888:720575941588753207	right side of organism	has_soma_location	BANC888	doi:10.1038/s41586-026-10735-w	BANC_v888 260702
VFB_00105bg9	BANC_888:720575941588758405	left side of organism	has_soma_location	BANC888	doi:10.1038/s41586-026-10735-w	BANC_v888 260702
VFB_00105bga	BANC_888:720575941588759038	right side of organism	has_soma_location	BANC888	doi:10.1038/s41586-026-10735-w	BANC_v888 260702
VFB_00108l2a	BANC_888:720575941588762692	left side of organism	has_soma_location	BANC888	doi:10.1038/s41586-026-10735-w	BANC_v888 260702
VFB_00108l2b	BANC_888:720575941588762935	left side of organism	has_soma_location	BANC888	doi:10.1038/s41586-026-10735-w	BANC_v888 260702
VFB_00108l2c	BANC_888:720575941588767044	left side of organism	has_soma_location	BANC888	doi:10.1038/s41586-026-10735-w	BANC_v888 260702
VFB_00105bgb	BANC_888:720575941588767556	right side of organism	has_soma_location	BANC888	doi:10.1038/s41586-026-10735-w	BANC_v888 260702
VFB_00108l2d	BANC_888:720575941588769348	left side of organism	has_soma_location	BANC888	doi:10.1038/s41586-026-10735-w	BANC_v888 260702
VFB_00105bgc	BANC_888:720575941588774398	right side of organism	has_soma_location	BANC888	doi:10.1038/s41586-026-10735-w	BANC_v888 260702
VFB_00105bgd	BANC_888:720575941588779518	right side of organism	has_soma_location	BANC888	doi:10.1038/s41586-026-10735-w	BANC_v888 260702
VFB_00105bge	BANC_888:720575941588781380	right side of organism	has_soma_location	BANC888	doi:10.1038/s41586-026-10735-w	BANC_v888 260702
VFB_00108l2e	BANC_888:720575941588783428	right side of organism	has_soma_location	BANC888	doi:10.1038/s41586-026-10735-w	BANC_v888 260702
VFB_00108l2f	BANC_888:720575941588787524	left side of organism	has_soma_location	BANC888	doi:10.1038/s41586-026-10735-w	BANC_v888 260702
VFB_00108l2g	BANC_888:720575941588792644	left side of organism	has_soma_location	BANC888	doi:10.1038/s41586-026-10735-w	BANC_v888 260702
VFB_00108l2h	BANC_888:720575941588793668	left side of organism	has_soma_location	BANC888	doi:10.1038/s41586-026-10735-w	BANC_v888 260702
VFB_00108l2i	BANC_888:720575941588798007	right side of organism	has_soma_location	BANC888	doi:10.1038/s41586-026-10735-w	BANC_v888 260702
VFB_00108l2j	BANC_888:720575941588800567	right side of organism	has_soma_location	BANC888	doi:10.1038/s41586-026-10735-w	BANC_v888 260702
VFB_00108l2k	BANC_888:720575941588804420	right side of organism	has_soma_location	BANC888	doi:10.1038/s41586-026-10735-w	BANC_v888 260702
VFB_00105bgg	BANC_888:720575941588809540	right side of organism	has_soma_location	BANC888	doi:10.1038/s41586-026-10735-w	BANC_v888 260702
VFB_00105bgh	BANC_888:720575941588809612	left side of organism	has_soma_location	BANC888	doi:10.1038/s41586-026-10735-w	BANC_v888 260702
VFB_00105bgi	BANC_888:720575941588811774	right side of organism	has_soma_location	BANC888	doi:10.1038/s41586-026-10735-w	BANC_v888 260702
VFB_00105bgj	BANC_888:720575941588825342	right side of organism	has_soma_location	BANC888	doi:10.1038/s41586-026-10735-w	BANC_v888 260702
VFB_00108l2l	BANC_888:720575941588826948	left side of organism	has_soma_location	BANC888	doi:10.1038/s41586-026-10735-w	BANC_v888 260702
VFB_00105bgl	BANC_888:720575941588835838	right side of organism	has_soma_location	BANC888	doi:10.1038/s41586-026-10735-w	BANC_v888 260702
VFB_00105bgm	BANC_888:720575941588836350	right side of organism	has_soma_location	BANC888	doi:10.1038/s41586-026-10735-w	BANC_v888 260702
VFB_00105bgn	BANC_888:720575941588841100	left side of organism	has_soma_location	BANC888	doi:10.1038/s41586-026-10735-w	BANC_v888 260702
VFB_00105bgo	BANC_888:720575941588841783	right side of organism	has_soma_location	BANC888	doi:10.1038/s41586-026-10735-w	BANC_v888 260702
VFB_00105bgp	BANC_888:720575941588842238	right side of organism	has_soma_location	BANC888	doi:10.1038/s41586-026-10735-w	BANC_v888 260702
VFB_00105bgq	BANC_888:720575941588842295	right side of organism	has_soma_location	BANC888	doi:10.1038/s41586-026-10735-w	BANC_v888 260702
VFB_00105bgs	BANC_888:720575941588843063	right side of organism	has_soma_location	BANC888	doi:10.1038/s41586-026-10735-w	BANC_v888 260702
VFB_00108l2m	BANC_888:720575941588843831	right side of organism	has_soma_location	BANC888	doi:10.1038/s41586-026-10735-w	BANC_v888 260702
VFB_00105bgt	BANC_888:720575941588847671	right side of organism	has_soma_location	BANC888	doi:10.1038/s41586-026-10735-w	BANC_v888 260702
VFB_00105bgu	BANC_888:720575941588847870	right side of organism	has_soma_location	BANC888	doi:10.1038/s41586-026-10735-w	BANC_v888 260702
VFB_00105bgx	BANC_888:720575941588859703	right side of organism	has_soma_location	BANC888	doi:10.1038/s41586-026-10735-w	BANC_v888 260702
VFB_00105bgz	BANC_888:720575941588874892	left side of organism	has_soma_location	BANC888	doi:10.1038/s41586-026-10735-w	BANC_v888 260702
VFB_00105bh0	BANC_888:720575941588877380	right side of organism	has_soma_location	BANC888	doi:10.1038/s41586-026-10735-w	BANC_v888 260702
VFB_00105bh1	BANC_888:720575941588878647	left side of organism	has_soma_location	BANC888	doi:10.1038/s41586-026-10735-w	BANC_v888 260702
VFB_00108l2n	BANC_888:720575941588888644	left side of organism	has_soma_location	BANC888	doi:10.1038/s41586-026-10735-w	BANC_v888 260702
VFB_00108l2o	BANC_888:720575941588889228	right side of organism	has_soma_location	BANC888	doi:10.1038/s41586-026-10735-w	BANC_v888 260702
VFB_00105bh4	BANC_888:720575941588890878	right side of organism	has_soma_location	BANC888	doi:10.1038/s41586-026-10735-w	BANC_v888 260702
VFB_00105bh5	BANC_888:720575941588895031	left side of organism	has_soma_location	BANC888	doi:10.1038/s41586-026-10735-w	BANC_v888 260702
VFB_00108l2p	BANC_888:720575941588895799	right side of organism	has_soma_location	BANC888	doi:10.1038/s41586-026-10735-w	BANC_v888 260702
VFB_00105bh6	BANC_888:720575941588899639	right side of organism	has_soma_location	BANC888	doi:10.1038/s41586-026-10735-w	BANC_v888 260702
VFB_00105bh7	BANC_888:720575941588906380	right side of organism	has_soma_location	BANC888	doi:10.1038/s41586-026-10735-w	BANC_v888 260702
VFB_00108l2q	BANC_888:720575941588910660	left side of organism	has_soma_location	BANC888	doi:10.1038/s41586-026-10735-w	BANC_v888 260702
VFB_00105bh9	BANC_888:720575941588912708	right side of organism	has_soma_location	BANC888	doi:10.1038/s41586-026-10735-w	BANC_v888 260702
VFB_00105bha	BANC_888:720575941588913918	right side of organism	has_soma_location	BANC888	doi:10.1038/s41586-026-10735-w	BANC_v888 260702
VFB_00108l2r	BANC_888:720575941588915340	right side of organism	has_soma_location	BANC888	doi:10.1038/s41586-026-10735-w	BANC_v888 260702
VFB_00105bhc	BANC_888:720575941588916036	left side of organism	has_soma_location	BANC888	doi:10.1038/s41586-026-10735-w	BANC_v888 260702
VFB_00105bhd	BANC_888:720575941588918596	left side of organism	has_soma_location	BANC888	doi:10.1038/s41586-026-10735-w	BANC_v888 260702
VFB_00105bhe	BANC_888:720575941588919607	right side of organism	has_soma_location	BANC888	doi:10.1038/s41586-026-10735-w	BANC_v888 260702
VFB_00105bhf	BANC_888:720575941588919863	left side of organism	has_soma_location	BANC888	doi:10.1038/s41586-026-10735-w	BANC_v888 260702
VFB_00105bhg	BANC_888:720575941588920631	right side of organism	has_soma_location	BANC888	doi:10.1038/s41586-026-10735-w	BANC_v888 260702
VFB_00105bhh	BANC_888:720575941588924215	right side of organism	has_soma_location	BANC888	doi:10.1038/s41586-026-10735-w	BANC_v888 260702
VFB_00105bhi	BANC_888:720575941588924996	right side of organism	has_soma_location	BANC888	doi:10.1038/s41586-026-10735-w	BANC_v888 260702
VFB_00105bhj	BANC_888:720575941588925764	right side of organism	has_soma_location	BANC888	doi:10.1038/s41586-026-10735-w	BANC_v888 260702
VFB_00105bhk	BANC_888:720575941588926519	left side of organism	has_soma_location	BANC888	doi:10.1038/s41586-026-10735-w	BANC_v888 260702
VFB_00108l2s	BANC_888:720575941588927742	right side of organism	has_soma_location	BANC888	doi:10.1038/s41586-026-10735-w	BANC_v888 260702
VFB_00105bhl	BANC_888:720575941588930615	right side of organism	has_soma_location	BANC888	doi:10.1038/s41586-026-10735-w	BANC_v888 260702
VFB_00108l2t	BANC_888:720575941588934398	right side of organism	has_soma_location	BANC888	doi:10.1038/s41586-026-10735-w	BANC_v888 260702
VFB_00105bhm	BANC_888:720575941588935492	right side of organism	has_soma_location	BANC888	doi:10.1038/s41586-026-10735-w	BANC_v888 260702
VFB_00105bhn	BANC_888:720575941588941822	right side of organism	has_soma_location	BANC888	doi:10.1038/s41586-026-10735-w	BANC_v888 260702
VFB_00108l2u	BANC_888:720575941588945220	left side of organism	has_soma_location	BANC888	doi:10.1038/s41586-026-10735-w	BANC_v888 260702
VFB_00105bhp	BANC_888:720575941588946942	right side of organism	has_soma_location	BANC888	doi:10.1038/s41586-026-10735-w	BANC_v888 260702
VFB_00105bhq	BANC_888:720575941588948791	right side of organism	has_soma_location	BANC888	doi:10.1038/s41586-026-10735-w	BANC_v888 260702
VFB_00105bhr	BANC_888:720575941588951180	right side of organism	has_soma_location	BANC888	doi:10.1038/s41586-026-10735-w	BANC_v888 260702
VFB_00105bhs	BANC_888:720575941588951550	right side of organism	has_soma_location	BANC888	doi:10.1038/s41586-026-10735-w	BANC_v888 260702
VFB_00105bht	BANC_888:720575941588953598	right side of organism	has_soma_location	BANC888	doi:10.1038/s41586-026-10735-w	BANC_v888 260702
VFB_00105bhu	BANC_888:720575941588955276	right side of organism	has_soma_location	BANC888	doi:10.1038/s41586-026-10735-w	BANC_v888 260702
VFB_00105bhv	BANC_888:720575941588955703	right side of organism	has_soma_location	BANC888	doi:10.1038/s41586-026-10735-w	BANC_v888 260702
VFB_00105bhx	BANC_888:720575941588957239	left side of organism	has_soma_location	BANC888	doi:10.1038/s41586-026-10735-w	BANC_v888 260702
VFB_00108l2v	BANC_888:720575941588959300	left side of organism	has_soma_location	BANC888	doi:10.1038/s41586-026-10735-w	BANC_v888 260702
VFB_00108l2w	BANC_888:720575941588962884	right side of organism	has_soma_location	BANC888	doi:10.1038/s41586-026-10735-w	BANC_v888 260702
VFB_00108l2x	BANC_888:720575941588964420	right side of organism	has_soma_location	BANC888	doi:10.1038/s41586-026-10735-w	BANC_v888 260702
VFB_00105bhy	BANC_888:720575941588964663	right side of organism	has_soma_location	BANC888	doi:10.1038/s41586-026-10735-w	BANC_v888 260702
VFB_00105bhz	BANC_888:720575941588964676	right side of organism	has_soma_location	BANC888	doi:10.1038/s41586-026-10735-w	BANC_v888 260702
VFB_00108l2y	BANC_888:720575941588968958	right side of organism	has_soma_location	BANC888	doi:10.1038/s41586-026-10735-w	BANC_v888 260702
VFB_00105bi0	BANC_888:720575941588970308	left side of organism	has_soma_location	BANC888	doi:10.1038/s41586-026-10735-w	BANC_v888 260702
VFB_00108l2z	BANC_888:720575941588970750	right side of organism	has_soma_location	BANC888	doi:10.1038/s41586-026-10735-w	BANC_v888 260702
VFB_00108l30	BANC_888:720575941588972356	right side of organism	has_soma_location	BANC888	doi:10.1038/s41586-026-10735-w	BANC_v888 260702
VFB_00105bi1	BANC_888:720575941588975614	right side of organism	has_soma_location	BANC888	doi:10.1038/s41586-026-10735-w	BANC_v888 260702
VFB_00105bi2	BANC_888:720575941588975870	right side of organism	has_soma_location	BANC888	doi:10.1038/s41586-026-10735-w	BANC_v888 260702
VFB_00105bi3	BANC_888:720575941588978244	right side of organism	has_soma_location	BANC888	doi:10.1038/s41586-026-10735-w	BANC_v888 260702
VFB_00105bi4	BANC_888:720575941588978500	left side of organism	has_soma_location	BANC888	doi:10.1038/s41586-026-10735-w	BANC_v888 260702
VFB_00108l31	BANC_888:720575941588980023	left side of organism	has_soma_location	BANC888	doi:10.1038/s41586-026-10735-w	BANC_v888 260702
VFB_00105bi5	BANC_888:720575941588981572	right side of organism	has_soma_location	BANC888	doi:10.1038/s41586-026-10735-w	BANC_v888 260702
VFB_00105bi7	BANC_888:720575941588985655	left side of organism	has_soma_location	BANC888	doi:10.1038/s41586-026-10735-w	BANC_v888 260702
VFB_00105bi8	BANC_888:720575941588986622	right side of organism	has_soma_location	BANC888	doi:10.1038/s41586-026-10735-w	BANC_v888 260702
VFB_00105bi9	BANC_888:720575941588986679	right side of organism	has_soma_location	BANC888	doi:10.1038/s41586-026-10735-w	BANC_v888 260702
VFB_00105bia	BANC_888:720575941588988484	left side of organism	has_soma_location	BANC888	doi:10.1038/s41586-026-10735-w	BANC_v888 260702
VFB_00105bid	BANC_888:720575941588993591	left side of organism	has_soma_location	BANC888	doi:10.1038/s41586-026-10735-w	BANC_v888 260702
VFB_00105bie	BANC_888:720575941588993604	left side of organism	has_soma_location	BANC888	doi:10.1038/s41586-026-10735-w	BANC_v888 260702
VFB_00105bif	BANC_888:720575941588994103	left side of organism	has_soma_location	BANC888	doi:10.1038/s41586-026-10735-w	BANC_v888 260702
VFB_00105bih	BANC_888:720575941589001470	right side of organism	has_soma_location	BANC888	doi:10.1038/s41586-026-10735-w	BANC_v888 260702
VFB_00105bii	BANC_888:720575941589003319	left side of organism	has_soma_location	BANC888	doi:10.1038/s41586-026-10735-w	BANC_v888 260702
VFB_00105bij	BANC_888:720575941589004343	left side of organism	has_soma_location	BANC888	doi:10.1038/s41586-026-10735-w	BANC_v888 260702
VFB_00105bik	BANC_888:720575941589009918	right side of organism	has_soma_location	BANC888	doi:10.1038/s41586-026-10735-w	BANC_v888 260702
VFB_00105bil	BANC_888:720575941589010686	right side of organism	has_soma_location	BANC888	doi:10.1038/s41586-026-10735-w	BANC_v888 260702
VFB_00105bin	BANC_888:720575941589017143	right side of organism	has_soma_location	BANC888	doi:10.1038/s41586-026-10735-w	BANC_v888 260702
VFB_00105bio	BANC_888:720575941589022718	right side of organism	has_soma_location	BANC888	doi:10.1038/s41586-026-10735-w	BANC_v888 260702
VFB_00108l32	BANC_888:720575941589023300	right side of organism	has_soma_location	BANC888	doi:10.1038/s41586-026-10735-w	BANC_v888 260702
VFB_00105bip	BANC_888:720575941589025604	right side of organism	has_soma_location	BANC888	doi:10.1038/s41586-026-10735-w	BANC_v888 260702
VFB_00108l33	BANC_888:720575941589025790	right side of organism	has_soma_location	BANC888	doi:10.1038/s41586-026-10735-w	BANC_v888 260702
VFB_00105bis	BANC_888:720575941589029687	left side of organism	has_soma_location	BANC888	doi:10.1038/s41586-026-10735-w	BANC_v888 260702
VFB_00105bit	BANC_888:720575941589030199	left side of organism	has_soma_location	BANC888	doi:10.1038/s41586-026-10735-w	BANC_v888 260702
VFB_00105biv	BANC_888:720575941589036343	right side of organism	has_soma_location	BANC888	doi:10.1038/s41586-026-10735-w	BANC_v888 260702
VFB_00105biw	BANC_888:720575941589036542	right side of organism	has_soma_location	BANC888	doi:10.1038/s41586-026-10735-w	BANC_v888 260702
VFB_00108l34	BANC_888:720575941589044036	right side of organism	has_soma_location	BANC888	doi:10.1038/s41586-026-10735-w	BANC_v888 260702
VFB_00105bix	BANC_888:720575941589044990	right side of organism	has_soma_location	BANC888	doi:10.1038/s41586-026-10735-w	BANC_v888 260702
VFB_00108l35	BANC_888:720575941589045828	right side of organism	has_soma_location	BANC888	doi:10.1038/s41586-026-10735-w	BANC_v888 260702
VFB_00105biy	BANC_888:720575941589046014	right side of organism	has_soma_location	BANC888	doi:10.1038/s41586-026-10735-w	BANC_v888 260702
VFB_00105bj0	BANC_888:720575941589050878	right side of organism	has_soma_location	BANC888	doi:10.1038/s41586-026-10735-w	BANC_v888 260702
VFB_00108l36	BANC_888:720575941589054519	right side of organism	has_soma_location	BANC888	doi:10.1038/s41586-026-10735-w	BANC_v888 260702
VFB_00105bj1	BANC_888:720575941589055742	right side of organism	has_soma_location	BANC888	doi:10.1038/s41586-026-10735-w	BANC_v888 260702
VFB_00105bj2	BANC_888:720575941589056567	right side of organism	has_soma_location	BANC888	doi:10.1038/s41586-026-10735-w	BANC_v888 260702
VFB_00108l37	BANC_888:720575941589056766	right side of organism	has_soma_location	BANC888	doi:10.1038/s41586-026-10735-w	BANC_v888 260702
VFB_00105bj3	BANC_888:720575941589056823	right side of organism	has_soma_location	BANC888	doi:10.1038/s41586-026-10735-w	BANC_v888 260702
VFB_00105bj4	BANC_888:720575941589058103	left side of organism	has_soma_location	BANC888	doi:10.1038/s41586-026-10735-w	BANC_v888 260702
VFB_00105bj5	BANC_888:720575941589061431	left side of organism	has_soma_location	BANC888	doi:10.1038/s41586-026-10735-w	BANC_v888 260702
VFB_00105bj7	BANC_888:720575941589064759	right side of organism	has_soma_location	BANC888	doi:10.1038/s41586-026-10735-w	BANC_v888 260702
VFB_00105bj9	BANC_888:720575941589067148	left side of organism	has_soma_location	BANC888	doi:10.1038/s41586-026-10735-w	BANC_v888 260702
VFB_00105bja	BANC_888:720575941589070903	left side of organism	has_soma_location	BANC888	doi:10.1038/s41586-026-10735-w	BANC_v888 260702
VFB_00105bjb	BANC_888:720575941589073463	left side of organism	has_soma_location	BANC888	doi:10.1038/s41586-026-10735-w	BANC_v888 260702
VFB_00105bjc	BANC_888:720575941589074231	left side of organism	has_soma_location	BANC888	doi:10.1038/s41586-026-10735-w	BANC_v888 260702
VFB_00108l38	BANC_888:720575941589078084	left side of organism	has_soma_location	BANC888	doi:10.1038/s41586-026-10735-w	BANC_v888 260702
VFB_00105bjf	BANC_888:720575941589078340	left side of organism	has_soma_location	BANC888	doi:10.1038/s41586-026-10735-w	BANC_v888 260702
VFB_00105bjg	BANC_888:720575941589080900	right side of organism	has_soma_location	BANC888	doi:10.1038/s41586-026-10735-w	BANC_v888 260702
VFB_00105bjh	BANC_888:720575941589082935	left side of organism	has_soma_location	BANC888	doi:10.1038/s41586-026-10735-w	BANC_v888 260702
VFB_00105bji	BANC_888:720575941589083972	right side of organism	has_soma_location	BANC888	doi:10.1038/s41586-026-10735-w	BANC_v888 260702
VFB_00105bjj	BANC_888:720575941589084471	left side of organism	has_soma_location	BANC888	doi:10.1038/s41586-026-10735-w	BANC_v888 260702
VFB_00105bjk	BANC_888:720575941589084727	left side of organism	has_soma_location	BANC888	doi:10.1038/s41586-026-10735-w	BANC_v888 260702
VFB_00105bjl	BANC_888:720575941589086007	left side of organism	has_soma_location	BANC888	doi:10.1038/s41586-026-10735-w	BANC_v888 260702
VFB_00105bjm	BANC_888:720575941589087543	left side of organism	has_soma_location	BANC888	doi:10.1038/s41586-026-10735-w	BANC_v888 260702
VFB_00105bjn	BANC_888:720575941589093431	left side of organism	has_soma_location	BANC888	doi:10.1038/s41586-026-10735-w	BANC_v888 260702
VFB_00105bjp	BANC_888:720575941589095308	left side of organism	has_soma_location	BANC888	doi:10.1038/s41586-026-10735-w	BANC_v888 260702
VFB_00105bjq	BANC_888:720575941589096503	right side of organism	has_soma_location	BANC888	doi:10.1038/s41586-026-10735-w	BANC_v888 260702
VFB_00105bjs	BANC_888:720575941589105292	left side of organism	has_soma_location	BANC888	doi:10.1038/s41586-026-10735-w	BANC_v888 260702
VFB_00105bjt	BANC_888:720575941589107012	right side of organism	has_soma_location	BANC888	doi:10.1038/s41586-026-10735-w	BANC_v888 260702
VFB_00108l39	BANC_888:720575941589108364	left side of organism	has_soma_location	BANC888	doi:10.1038/s41586-026-10735-w	BANC_v888 260702
VFB_00108l3a	BANC_888:720575941589116414	right side of organism	has_soma_location	BANC888	doi:10.1038/s41586-026-10735-w	BANC_v888 260702
VFB_00105bju	BANC_888:720575941589117508	right side of organism	has_soma_location	BANC888	doi:10.1038/s41586-026-10735-w	BANC_v888 260702
VFB_00108l3b	BANC_888:720575941589118974	right side of organism	has_soma_location	BANC888	doi:10.1038/s41586-026-10735-w	BANC_v888 260702
VFB_00105bjw	BANC_888:720575941589123070	right side of organism	has_soma_location	BANC888	doi:10.1038/s41586-026-10735-w	BANC_v888 260702
VFB_00108l3c	BANC_888:720575941589124492	left side of organism	has_soma_location	BANC888	doi:10.1038/s41586-026-10735-w	BANC_v888 260702
VFB_00105bjx	BANC_888:720575941589125687	left side of organism	has_soma_location	BANC888	doi:10.1038/s41586-026-10735-w	BANC_v888 260702
VFB_00105bjy	BANC_888:720575941589126980	left side of organism	has_soma_location	BANC888	doi:10.1038/s41586-026-10735-w	BANC_v888 260702
VFB_00105bjz	BANC_888:720575941589129028	right side of organism	has_soma_location	BANC888	doi:10.1038/s41586-026-10735-w	BANC_v888 260702
VFB_00105bk2	BANC_888:720575941589134889	right side of organism	has_soma_location	BANC888	doi:10.1038/s41586-026-10735-w	BANC_v888 260702
VFB_00105bk3	BANC_888:720575941589135684	left side of organism	has_soma_location	BANC888	doi:10.1038/s41586-026-10735-w	BANC_v888 260702
VFB_00108l3d	BANC_888:720575941589141828	left side of organism	has_soma_location	BANC888	doi:10.1038/s41586-026-10735-w	BANC_v888 260702
VFB_00105bk4	BANC_888:720575941589144887	left side of organism	has_soma_location	BANC888	doi:10.1038/s41586-026-10735-w	BANC_v888 260702
VFB_00105bk5	BANC_888:720575941589148228	left side of organism	has_soma_location	BANC888	doi:10.1038/s41586-026-10735-w	BANC_v888 260702
VFB_00105bk6	BANC_888:720575941589151799	left side of organism	has_soma_location	BANC888	doi:10.1038/s41586-026-10735-w	BANC_v888 260702
VFB_00108l3e	BANC_888:720575941589151812	left side of organism	has_soma_location	BANC888	doi:10.1038/s41586-026-10735-w	BANC_v888 260702
VFB_00105bk7	BANC_888:720575941589152580	right side of organism	has_soma_location	BANC888	doi:10.1038/s41586-026-10735-w	BANC_v888 260702
VFB_00105bk8	BANC_888:720575941589153079	left side of organism	has_soma_location	BANC888	doi:10.1038/s41586-026-10735-w	BANC_v888 260702
VFB_00105bk9	BANC_888:720575941589161028	right side of organism	has_soma_location	BANC888	doi:10.1038/s41586-026-10735-w	BANC_v888 260702
VFB_00105bka	BANC_888:720575941589164100	left side of organism	has_soma_location	BANC888	doi:10.1038/s41586-026-10735-w	BANC_v888 260702
VFB_00105bkb	BANC_888:720575941589165879	right side of organism	has_soma_location	BANC888	doi:10.1038/s41586-026-10735-w	BANC_v888 260702
VFB_00105bkc	BANC_888:720575941589165892	right side of organism	has_soma_location	BANC888	doi:10.1038/s41586-026-10735-w	BANC_v888 260702
VFB_00108l3f	BANC_888:720575941589166916	left side of organism	has_soma_location	BANC888	doi:10.1038/s41586-026-10735-w	BANC_v888 260702
VFB_00108l3g	BANC_888:720575941589169732	right side of organism	has_soma_location	BANC888	doi:10.1038/s41586-026-10735-w	BANC_v888 260702
VFB_00108l3h	BANC_888:720575941589171012	right side of organism	has_soma_location	BANC888	doi:10.1038/s41586-026-10735-w	BANC_v888 260702
VFB_001053tl	BANC_888:720575941589172804	left side of organism	has_soma_location	BANC888	doi:10.1038/s41586-026-10735-w	BANC_v888 260702
VFB_00108l3i	BANC_888:720575941589173132	right side of organism	has_soma_location	BANC888	doi:10.1038/s41586-026-10735-w	BANC_v888 260702
VFB_001053tm	BANC_888:720575941589174583	left side of organism	has_soma_location	BANC888	doi:10.1038/s41586-026-10735-w	BANC_v888 260702
VFB_001053tp	BANC_888:720575941589177655	right side of organism	has_soma_location	BANC888	doi:10.1038/s41586-026-10735-w	BANC_v888 260702
VFB_001053tq	BANC_888:720575941589186871	left side of organism	has_soma_location	BANC888	doi:10.1038/s41586-026-10735-w	BANC_v888 260702
VFB_001053tr	BANC_888:720575941589192004	right side of organism	has_soma_location	BANC888	doi:10.1038/s41586-026-10735-w	BANC_v888 260702
VFB_001053ts	BANC_888:720575941589192247	right side of organism	has_soma_location	BANC888	doi:10.1038/s41586-026-10735-w	BANC_v888 260702
VFB_001053tt	BANC_888:720575941589192702	right side of organism	has_soma_location	BANC888	doi:10.1038/s41586-026-10735-w	BANC_v888 260702
VFB_001053tu	BANC_888:720575941589194494	left side of organism	has_soma_location	BANC888	doi:10.1038/s41586-026-10735-w	BANC_v888 260702
VFB_001053tv	BANC_888:720575941589197879	left side of organism	has_soma_location	BANC888	doi:10.1038/s41586-026-10735-w	BANC_v888 260702
VFB_00108l3j	BANC_888:720575941589199244	left side of organism	has_soma_location	BANC888	doi:10.1038/s41586-026-10735-w	BANC_v888 260702
VFB_001053tw	BANC_888:720575941589203780	left side of organism	has_soma_location	BANC888	doi:10.1038/s41586-026-10735-w	BANC_v888 260702
VFB_001053tx	BANC_888:720575941589205303	left side of organism	has_soma_location	BANC888	doi:10.1038/s41586-026-10735-w	BANC_v888 260702
VFB_00108l3k	BANC_888:720575941589205828	left side of organism	has_soma_location	BANC888	doi:10.1038/s41586-026-10735-w	BANC_v888 260702
VFB_001053tz	BANC_888:720575941589207607	left side of organism	has_soma_location	BANC888	doi:10.1038/s41586-026-10735-w	BANC_v888 260702
VFB_001053u1	BANC_888:720575941589212215	left side of organism	has_soma_location	BANC888	doi:10.1038/s41586-026-10735-w	BANC_v888 260702
VFB_001053u2	BANC_888:720575941589212228	left side of organism	has_soma_location	BANC888	doi:10.1038/s41586-026-10735-w	BANC_v888 260702
VFB_001053u3	BANC_888:720575941589213438	left side of organism	has_soma_location	BANC888	doi:10.1038/s41586-026-10735-w	BANC_v888 260702
VFB_00108l3l	BANC_888:720575941589219212	left side of organism	has_soma_location	BANC888	doi:10.1038/s41586-026-10735-w	BANC_v888 260702
VFB_001053u4	BANC_888:720575941589219582	right side of organism	has_soma_location	BANC888	doi:10.1038/s41586-026-10735-w	BANC_v888 260702
VFB_001053u5	BANC_888:720575941589224190	left side of organism	has_soma_location	BANC888	doi:10.1038/s41586-026-10735-w	BANC_v888 260702
VFB_001053u6	BANC_888:720575941589237303	left side of organism	has_soma_location	BANC888	doi:10.1038/s41586-026-10735-w	BANC_v888 260702
VFB_001053u7	BANC_888:720575941589242110	right side of organism	has_soma_location	BANC888	doi:10.1038/s41586-026-10735-w	BANC_v888 260702
VFB_001053u8	BANC_888:720575941589246020	right side of organism	has_soma_location	BANC888	doi:10.1038/s41586-026-10735-w	BANC_v888 260702
VFB_001053u9	BANC_888:720575941589247300	right side of organism	has_soma_location	BANC888	doi:10.1038/s41586-026-10735-w	BANC_v888 260702
VFB_00108l3m	BANC_888:720575941589251396	left side of organism	has_soma_location	BANC888	doi:10.1038/s41586-026-10735-w	BANC_v888 260702
VFB_001053ub	BANC_888:720575941589253118	left side of organism	has_soma_location	BANC888	doi:10.1038/s41586-026-10735-w	BANC_v888 260702
VFB_001053uc	BANC_888:720575941589254724	left side of organism	has_soma_location	BANC888	doi:10.1038/s41586-026-10735-w	BANC_v888 260702
VFB_001053ud	BANC_888:720575941589256260	right side of organism	has_soma_location	BANC888	doi:10.1038/s41586-026-10735-w	BANC_v888 260702
VFB_001053ue	BANC_888:720575941589260073	right side of organism	has_soma_location	BANC888	doi:10.1038/s41586-026-10735-w	BANC_v888 260702
VFB_001053uf	BANC_888:720575941589260087	right side of organism	has_soma_location	BANC888	doi:10.1038/s41586-026-10735-w	BANC_v888 260702
VFB_001053uh	BANC_888:720575941589261367	left side of organism	has_soma_location	BANC888	doi:10.1038/s41586-026-10735-w	BANC_v888 260702
VFB_00108l3o	BANC_888:720575941589264695	right side of organism	has_soma_location	BANC888	doi:10.1038/s41586-026-10735-w	BANC_v888 260702
VFB_001053ui	BANC_888:720575941589268292	right side of organism	has_soma_location	BANC888	doi:10.1038/s41586-026-10735-w	BANC_v888 260702
VFB_001053uj	BANC_888:720575941589269828	right side of organism	has_soma_location	BANC888	doi:10.1038/s41586-026-10735-w	BANC_v888 260702
VFB_00108l3p	BANC_888:720575941589275972	right side of organism	has_soma_location	BANC888	doi:10.1038/s41586-026-10735-w	BANC_v888 260702
VFB_001053uk	BANC_888:720575941589276158	right side of organism	has_soma_location	BANC888	doi:10.1038/s41586-026-10735-w	BANC_v888 260702
VFB_001053ul	BANC_888:720575941589276996	left side of organism	has_soma_location	BANC888	doi:10.1038/s41586-026-10735-w	BANC_v888 260702
VFB_001053un	BANC_888:720575941589278532	right side of organism	has_soma_location	BANC888	doi:10.1038/s41586-026-10735-w	BANC_v888 260702
VFB_001053up	BANC_888:720575941589280068	right side of organism	has_soma_location	BANC888	doi:10.1038/s41586-026-10735-w	BANC_v888 260702
VFB_00108l3q	BANC_888:720575941589280836	left side of organism	has_soma_location	BANC888	doi:10.1038/s41586-026-10735-w	BANC_v888 260702
VFB_001053uq	BANC_888:720575941589281591	right side of organism	has_soma_location	BANC888	doi:10.1038/s41586-026-10735-w	BANC_v888 260702
VFB_001053ur	BANC_888:720575941589284164	right side of organism	has_soma_location	BANC888	doi:10.1038/s41586-026-10735-w	BANC_v888 260702
VFB_001053us	BANC_888:720575941589284350	right side of organism	has_soma_location	BANC888	doi:10.1038/s41586-026-10735-w	BANC_v888 260702
VFB_001053uv	BANC_888:720575941589288446	right side of organism	has_soma_location	BANC888	doi:10.1038/s41586-026-10735-w	BANC_v888 260702
VFB_00108l3r	BANC_888:720575941589289028	left side of organism	has_soma_location	BANC888	doi:10.1038/s41586-026-10735-w	BANC_v888 260702
VFB_00108l3s	BANC_888:720575941589289796	left side of organism	has_soma_location	BANC888	doi:10.1038/s41586-026-10735-w	BANC_v888 260702
VFB_001053ux	BANC_888:720575941589290564	right side of organism	has_soma_location	BANC888	doi:10.1038/s41586-026-10735-w	BANC_v888 260702
VFB_001053uz	BANC_888:720575941589293394	left side of organism	has_soma_location	BANC888	doi:10.1038/s41586-026-10735-w	BANC_v888 260702
VFB_001053v0	BANC_888:720575941589293636	left side of organism	has_soma_location	BANC888	doi:10.1038/s41586-026-10735-w	BANC_v888 260702
VFB_001053v2	BANC_888:720575941589297918	right side of organism	has_soma_location	BANC888	doi:10.1038/s41586-026-10735-w	BANC_v888 260702
VFB_00108l3t	BANC_888:720575941589298999	left side of organism	has_soma_location	BANC888	doi:10.1038/s41586-026-10735-w	BANC_v888 260702
VFB_001053v3	BANC_888:720575941589299198	right side of organism	has_soma_location	BANC888	doi:10.1038/s41586-026-10735-w	BANC_v888 260702
VFB_001053v4	BANC_888:720575941589302596	right side of organism	has_soma_location	BANC888	doi:10.1038/s41586-026-10735-w	BANC_v888 260702
VFB_001053v5	BANC_888:720575941589303095	left side of organism	has_soma_location	BANC888	doi:10.1038/s41586-026-10735-w	BANC_v888 260702
VFB_001053v6	BANC_888:720575941589304644	left side of organism	has_soma_location	BANC888	doi:10.1038/s41586-026-10735-w	BANC_v888 260702
VFB_001053v7	BANC_888:720575941589305412	right side of organism	has_soma_location	BANC888	doi:10.1038/s41586-026-10735-w	BANC_v888 260702
VFB_001053v8	BANC_888:720575941589306436	right side of organism	has_soma_location	BANC888	doi:10.1038/s41586-026-10735-w	BANC_v888 260702
VFB_001053vb	BANC_888:720575941589310206	left side of organism	has_soma_location	BANC888	doi:10.1038/s41586-026-10735-w	BANC_v888 260702
VFB_001053vd	BANC_888:720575941589320759	left side of organism	has_soma_location	BANC888	doi:10.1038/s41586-026-10735-w	BANC_v888 260702
VFB_00108l3u	BANC_888:720575941589325380	left side of organism	has_soma_location	BANC888	doi:10.1038/s41586-026-10735-w	BANC_v888 260702
VFB_001053ve	BANC_888:720575941589327172	left side of organism	has_soma_location	BANC888	doi:10.1038/s41586-026-10735-w	BANC_v888 260702
VFB_001053vf	BANC_888:720575941589327940	right side of organism	has_soma_location	BANC888	doi:10.1038/s41586-026-10735-w	BANC_v888 260702
VFB_001053vh	BANC_888:720575941589329662	right side of organism	has_soma_location	BANC888	doi:10.1038/s41586-026-10735-w	BANC_v888 260702
VFB_001053vi	BANC_888:720575941589330743	left side of organism	has_soma_location	BANC888	doi:10.1038/s41586-026-10735-w	BANC_v888 260702
VFB_001053vj	BANC_888:720575941589331454	right side of organism	has_soma_location	BANC888	doi:10.1038/s41586-026-10735-w	BANC_v888 260702
VFB_00108l3v	BANC_888:720575941589332990	right side of organism	has_soma_location	BANC888	doi:10.1038/s41586-026-10735-w	BANC_v888 260702
VFB_001053vk	BANC_888:720575941589333303	left side of organism	has_soma_location	BANC888	doi:10.1038/s41586-026-10735-w	BANC_v888 260702
VFB_00108l3w	BANC_888:720575941589333316	left side of organism	has_soma_location	BANC888	doi:10.1038/s41586-026-10735-w	BANC_v888 260702
VFB_001053vm	BANC_888:720575941589337740	right side of organism	has_soma_location	BANC888	doi:10.1038/s41586-026-10735-w	BANC_v888 260702
VFB_00108l3x	BANC_888:720575941589344324	left side of organism	has_soma_location	BANC888	doi:10.1038/s41586-026-10735-w	BANC_v888 260702
VFB_001053vo	BANC_888:720575941589347582	right side of organism	has_soma_location	BANC888	doi:10.1038/s41586-026-10735-w	BANC_v888 260702
VFB_00108l3y	BANC_888:720575941589348606	right side of organism	has_soma_location	BANC888	doi:10.1038/s41586-026-10735-w	BANC_v888 260702
VFB_001053vq	BANC_888:720575941589353284	left side of organism	has_soma_location	BANC888	doi:10.1038/s41586-026-10735-w	BANC_v888 260702
VFB_001053vr	BANC_888:720575941589353540	right side of organism	has_soma_location	BANC888	doi:10.1038/s41586-026-10735-w	BANC_v888 260702
VFB_00108l40	BANC_888:720575941589359940	left side of organism	has_soma_location	BANC888	doi:10.1038/s41586-026-10735-w	BANC_v888 260702
VFB_001053vs	BANC_888:720575941589362999	right side of organism	has_soma_location	BANC888	doi:10.1038/s41586-026-10735-w	BANC_v888 260702
VFB_00108l41	BANC_888:720575941589363012	left side of organism	has_soma_location	BANC888	doi:10.1038/s41586-026-10735-w	BANC_v888 260702
VFB_00108l42	BANC_888:720575941589363524	left side of organism	has_soma_location	BANC888	doi:10.1038/s41586-026-10735-w	BANC_v888 260702
VFB_001053vu	BANC_888:720575941589364791	right side of organism	has_soma_location	BANC888	doi:10.1038/s41586-026-10735-w	BANC_v888 260702
VFB_00108l43	BANC_888:720575941589364804	left side of organism	has_soma_location	BANC888	doi:10.1038/s41586-026-10735-w	BANC_v888 260702
VFB_001053vv	BANC_888:720575941589374718	right side of organism	has_soma_location	BANC888	doi:10.1038/s41586-026-10735-w	BANC_v888 260702
VFB_001053vw	BANC_888:720575941589379838	right side of organism	has_soma_location	BANC888	doi:10.1038/s41586-026-10735-w	BANC_v888 260702
VFB_001053vx	BANC_888:720575941589382398	right side of organism	has_soma_location	BANC888	doi:10.1038/s41586-026-10735-w	BANC_v888 260702
VFB_001053vy	BANC_888:720575941589387006	right side of organism	has_soma_location	BANC888	doi:10.1038/s41586-026-10735-w	BANC_v888 260702
VFB_001053w0	BANC_888:720575941589397758	right side of organism	has_soma_location	BANC888	doi:10.1038/s41586-026-10735-w	BANC_v888 260702
VFB_001053w1	BANC_888:720575941589398839	right side of organism	has_soma_location	BANC888	doi:10.1038/s41586-026-10735-w	BANC_v888 260702
VFB_00108l44	BANC_888:720575941589407556	left side of organism	has_soma_location	BANC888	doi:10.1038/s41586-026-10735-w	BANC_v888 260702
VFB_001053w3	BANC_888:720575941589410558	right side of organism	has_soma_location	BANC888	doi:10.1038/s41586-026-10735-w	BANC_v888 260702
VFB_001053w4	BANC_888:720575941589410615	right side of organism	has_soma_location	BANC888	doi:10.1038/s41586-026-10735-w	BANC_v888 260702
VFB_001053w5	BANC_888:720575941589410642	left side of organism	has_soma_location	BANC888	doi:10.1038/s41586-026-10735-w	BANC_v888 260702
VFB_001053w6	BANC_888:720575941589412606	right side of organism	has_soma_location	BANC888	doi:10.1038/s41586-026-10735-w	BANC_v888 260702
VFB_00108l45	BANC_888:720575941589413886	right side of organism	has_soma_location	BANC888	doi:10.1038/s41586-026-10735-w	BANC_v888 260702
VFB_001053w7	BANC_888:720575941589414028	right side of organism	has_soma_location	BANC888	doi:10.1038/s41586-026-10735-w	BANC_v888 260702
VFB_001053w9	BANC_888:720575941589415934	right side of organism	has_soma_location	BANC888	doi:10.1038/s41586-026-10735-w	BANC_v888 260702
VFB_00108l46	BANC_888:720575941589421879	right side of organism	has_soma_location	BANC888	doi:10.1038/s41586-026-10735-w	BANC_v888 260702
VFB_00108l47	BANC_888:720575941589422148	left side of organism	has_soma_location	BANC888	doi:10.1038/s41586-026-10735-w	BANC_v888 260702
VFB_001053wb	BANC_888:720575941589425406	right side of organism	has_soma_location	BANC888	doi:10.1038/s41586-026-10735-w	BANC_v888 260702
VFB_00108l48	BANC_888:720575941589425988	left side of organism	has_soma_location	BANC888	doi:10.1038/s41586-026-10735-w	BANC_v888 260702
VFB_00108l49	BANC_888:720575941589426500	left side of organism	has_soma_location	BANC888	doi:10.1038/s41586-026-10735-w	BANC_v888 260702
VFB_001053wc	BANC_888:720575941589427767	left side of organism	has_soma_location	BANC888	doi:10.1038/s41586-026-10735-w	BANC_v888 260702
VFB_00108l4a	BANC_888:720575941589427780	left side of organism	has_soma_location	BANC888	doi:10.1038/s41586-026-10735-w	BANC_v888 260702
VFB_001053wd	BANC_888:720575941589428990	right side of organism	has_soma_location	BANC888	doi:10.1038/s41586-026-10735-w	BANC_v888 260702
VFB_001053we	BANC_888:720575941589429303	left side of organism	has_soma_location	BANC888	doi:10.1038/s41586-026-10735-w	BANC_v888 260702
VFB_001053wf	BANC_888:720575941589434110	right side of organism	has_soma_location	BANC888	doi:10.1038/s41586-026-10735-w	BANC_v888 260702
VFB_001053wg	BANC_888:720575941589434450	left side of organism	has_soma_location	BANC888	doi:10.1038/s41586-026-10735-w	BANC_v888 260702
VFB_001053wh	BANC_888:720575941589434962	left side of organism	has_soma_location	BANC888	doi:10.1038/s41586-026-10735-w	BANC_v888 260702
VFB_001053wi	BANC_888:720575941589436754	left side of organism	has_soma_location	BANC888	doi:10.1038/s41586-026-10735-w	BANC_v888 260702
VFB_001053wj	BANC_888:720575941589437508	right side of organism	has_soma_location	BANC888	doi:10.1038/s41586-026-10735-w	BANC_v888 260702
VFB_00108l4b	BANC_888:720575941589438263	right side of organism	has_soma_location	BANC888	doi:10.1038/s41586-026-10735-w	BANC_v888 260702
VFB_00108l4c	BANC_888:720575941589440140	right side of organism	has_soma_location	BANC888	doi:10.1038/s41586-026-10735-w	BANC_v888 260702
VFB_001053wk	BANC_888:720575941589441591	right side of organism	has_soma_location	BANC888	doi:10.1038/s41586-026-10735-w	BANC_v888 260702
VFB_00108l4d	BANC_888:720575941589442116	left side of organism	has_soma_location	BANC888	doi:10.1038/s41586-026-10735-w	BANC_v888 260702
VFB_001053wl	BANC_888:720575941589444151	left side of organism	has_soma_location	BANC888	doi:10.1038/s41586-026-10735-w	BANC_v888 260702
VFB_00108l4e	BANC_888:720575941589446724	left side of organism	has_soma_location	BANC888	doi:10.1038/s41586-026-10735-w	BANC_v888 260702
VFB_001053wm	BANC_888:720575941589447166	right side of organism	has_soma_location	BANC888	doi:10.1038/s41586-026-10735-w	BANC_v888 260702
VFB_001053wn	BANC_888:720575941589451831	left side of organism	has_soma_location	BANC888	doi:10.1038/s41586-026-10735-w	BANC_v888 260702
VFB_001053wo	BANC_888:720575941589452940	right side of organism	has_soma_location	BANC888	doi:10.1038/s41586-026-10735-w	BANC_v888 260702
VFB_00108l4f	BANC_888:720575941589456964	left side of organism	has_soma_location	BANC888	doi:10.1038/s41586-026-10735-w	BANC_v888 260702
VFB_001053wq	BANC_888:720575941589459255	right side of organism	has_soma_location	BANC888	doi:10.1038/s41586-026-10735-w	BANC_v888 260702
VFB_001053wr	BANC_888:720575941589460222	right side of organism	has_soma_location	BANC888	doi:10.1038/s41586-026-10735-w	BANC_v888 260702
VFB_001053ws	BANC_888:720575941589460734	right side of organism	has_soma_location	BANC888	doi:10.1038/s41586-026-10735-w	BANC_v888 260702
VFB_001053wt	BANC_888:720575941589463122	left side of organism	has_soma_location	BANC888	doi:10.1038/s41586-026-10735-w	BANC_v888 260702
VFB_001053wu	BANC_888:720575941589463378	left side of organism	has_soma_location	BANC888	doi:10.1038/s41586-026-10735-w	BANC_v888 260702
VFB_001053wv	BANC_888:720575941589464914	left side of organism	has_soma_location	BANC888	doi:10.1038/s41586-026-10735-w	BANC_v888 260702
VFB_001053ww	BANC_888:720575941589465170	left side of organism	has_soma_location	BANC888	doi:10.1038/s41586-026-10735-w	BANC_v888 260702
VFB_001053wx	BANC_888:720575941589466935	left side of organism	has_soma_location	BANC888	doi:10.1038/s41586-026-10735-w	BANC_v888 260702
VFB_001053wy	BANC_888:720575941589468044	right side of organism	has_soma_location	BANC888	doi:10.1038/s41586-026-10735-w	BANC_v888 260702
VFB_001053wz	BANC_888:720575941589470206	left side of organism	has_soma_location	BANC888	doi:10.1038/s41586-026-10735-w	BANC_v888 260702
VFB_001053y0	BANC_888:720575941589470290	left side of organism	has_soma_location	BANC888	doi:10.1038/s41586-026-10735-w	BANC_v888 260702
VFB_001053y1	BANC_888:720575941589472338	left side of organism	has_soma_location	BANC888	doi:10.1038/s41586-026-10735-w	BANC_v888 260702
VFB_001053y2	BANC_888:720575941589473164	right side of organism	has_soma_location	BANC888	doi:10.1038/s41586-026-10735-w	BANC_v888 260702
VFB_00108l4g	BANC_888:720575941589476151	right side of organism	has_soma_location	BANC888	doi:10.1038/s41586-026-10735-w	BANC_v888 260702
VFB_001053y4	BANC_888:720575941589479820	right side of organism	has_soma_location	BANC888	doi:10.1038/s41586-026-10735-w	BANC_v888 260702
VFB_001053y5	BANC_888:720575941589480844	right side of organism	has_soma_location	BANC888	doi:10.1038/s41586-026-10735-w	BANC_v888 260702
VFB_001053y6	BANC_888:720575941589481527	left side of organism	has_soma_location	BANC888	doi:10.1038/s41586-026-10735-w	BANC_v888 260702
VFB_001053y7	BANC_888:720575941589481868	right side of organism	has_soma_location	BANC888	doi:10.1038/s41586-026-10735-w	BANC_v888 260702
VFB_001053y8	BANC_888:720575941589483575	right side of organism	has_soma_location	BANC888	doi:10.1038/s41586-026-10735-w	BANC_v888 260702
VFB_001053y9	BANC_888:720575941589485111	left side of organism	has_soma_location	BANC888	doi:10.1038/s41586-026-10735-w	BANC_v888 260702
VFB_00108l4h	BANC_888:720575941589487927	left side of organism	has_soma_location	BANC888	doi:10.1038/s41586-026-10735-w	BANC_v888 260702
VFB_00108l4i	BANC_888:720575941589488439	right side of organism	has_soma_location	BANC888	doi:10.1038/s41586-026-10735-w	BANC_v888 260702
VFB_00108l4j	BANC_888:720575941589488951	right side of organism	has_soma_location	BANC888	doi:10.1038/s41586-026-10735-w	BANC_v888 260702
VFB_00108l4k	BANC_888:720575941589490500	left side of organism	has_soma_location	BANC888	doi:10.1038/s41586-026-10735-w	BANC_v888 260702
VFB_00108l4l	BANC_888:720575941589491780	left side of organism	has_soma_location	BANC888	doi:10.1038/s41586-026-10735-w	BANC_v888 260702
VFB_00108l4m	BANC_888:720575941589494412	right side of organism	has_soma_location	BANC888	doi:10.1038/s41586-026-10735-w	BANC_v888 260702
VFB_001053yb	BANC_888:720575941589495364	left side of organism	has_soma_location	BANC888	doi:10.1038/s41586-026-10735-w	BANC_v888 260702
VFB_001053yd	BANC_888:720575941589498252	right side of organism	has_soma_location	BANC888	doi:10.1038/s41586-026-10735-w	BANC_v888 260702
VFB_001053ye	BANC_888:720575941589499276	right side of organism	has_soma_location	BANC888	doi:10.1038/s41586-026-10735-w	BANC_v888 260702
VFB_00108l4n	BANC_888:720575941589502020	left side of organism	has_soma_location	BANC888	doi:10.1038/s41586-026-10735-w	BANC_v888 260702
VFB_001053yf	BANC_888:720575941589502348	right side of organism	has_soma_location	BANC888	doi:10.1038/s41586-026-10735-w	BANC_v888 260702
VFB_001053yh	BANC_888:720575941589502775	right side of organism	has_soma_location	BANC888	doi:10.1038/s41586-026-10735-w	BANC_v888 260702
VFB_001053yi	BANC_888:720575941589503372	right side of organism	has_soma_location	BANC888	doi:10.1038/s41586-026-10735-w	BANC_v888 260702
VFB_00108l4o	BANC_888:720575941589504836	left side of organism	has_soma_location	BANC888	doi:10.1038/s41586-026-10735-w	BANC_v888 260702
VFB_001053yj	BANC_888:720575941589506188	right side of organism	has_soma_location	BANC888	doi:10.1038/s41586-026-10735-w	BANC_v888 260702
VFB_001053yk	BANC_888:720575941589507070	right side of organism	has_soma_location	BANC888	doi:10.1038/s41586-026-10735-w	BANC_v888 260702
VFB_001053yl	BANC_888:720575941589507895	right side of organism	has_soma_location	BANC888	doi:10.1038/s41586-026-10735-w	BANC_v888 260702
VFB_001053ym	BANC_888:720575941589510711	left side of organism	has_soma_location	BANC888	doi:10.1038/s41586-026-10735-w	BANC_v888 260702
VFB_001053yn	BANC_888:720575941589513470	right side of organism	has_soma_location	BANC888	doi:10.1038/s41586-026-10735-w	BANC_v888 260702
VFB_001053yo	BANC_888:720575941589513982	right side of organism	has_soma_location	BANC888	doi:10.1038/s41586-026-10735-w	BANC_v888 260702
VFB_00108l4p	BANC_888:720575941589514308	left side of organism	has_soma_location	BANC888	doi:10.1038/s41586-026-10735-w	BANC_v888 260702
VFB_00108l4q	BANC_888:720575941589517892	left side of organism	has_soma_location	BANC888	doi:10.1038/s41586-026-10735-w	BANC_v888 260702
VFB_001053yp	BANC_888:720575941589520183	right side of organism	has_soma_location	BANC888	doi:10.1038/s41586-026-10735-w	BANC_v888 260702
VFB_00108l4r	BANC_888:720575941589524535	right side of organism	has_soma_location	BANC888	doi:10.1038/s41586-026-10735-w	BANC_v888 260702
VFB_001053yr	BANC_888:720575941589528388	left side of organism	has_soma_location	BANC888	doi:10.1038/s41586-026-10735-w	BANC_v888 260702
VFB_001053ys	BANC_888:720575941589528716	right side of organism	has_soma_location	BANC888	doi:10.1038/s41586-026-10735-w	BANC_v888 260702
VFB_00108l4s	BANC_888:720575941589529598	right side of organism	has_soma_location	BANC888	doi:10.1038/s41586-026-10735-w	BANC_v888 260702
VFB_00108l4t	BANC_888:720575941589548428	right side of organism	has_soma_location	BANC888	doi:10.1038/s41586-026-10735-w	BANC_v888 260702
VFB_001053yv	BANC_888:720575941589550476	right side of organism	has_soma_location	BANC888	doi:10.1038/s41586-026-10735-w	BANC_v888 260702
VFB_00108l4u	BANC_888:720575941589552439	right side of organism	has_soma_location	BANC888	doi:10.1038/s41586-026-10735-w	BANC_v888 260702
VFB_001053yw	BANC_888:720575941589554258	left side of organism	has_soma_location	BANC888	doi:10.1038/s41586-026-10735-w	BANC_v888 260702
VFB_001053yx	BANC_888:720575941589554316	right side of organism	has_soma_location	BANC888	doi:10.1038/s41586-026-10735-w	BANC_v888 260702
VFB_001053yy	BANC_888:720575941589555538	left side of organism	has_soma_location	BANC888	doi:10.1038/s41586-026-10735-w	BANC_v888 260702
VFB_001053yz	BANC_888:720575941589555794	left side of organism	has_soma_location	BANC888	doi:10.1038/s41586-026-10735-w	BANC_v888 260702
VFB_001053z0	BANC_888:720575941589556050	left side of organism	has_soma_location	BANC888	doi:10.1038/s41586-026-10735-w	BANC_v888 260702
VFB_00108l4v	BANC_888:720575941589556791	left side of organism	has_soma_location	BANC888	doi:10.1038/s41586-026-10735-w	BANC_v888 260702
VFB_00108l4w	BANC_888:720575941589557316	left side of organism	has_soma_location	BANC888	doi:10.1038/s41586-026-10735-w	BANC_v888 260702
VFB_00108l4x	BANC_888:720575941589560388	left side of organism	has_soma_location	BANC888	doi:10.1038/s41586-026-10735-w	BANC_v888 260702
VFB_001053z2	BANC_888:720575941589560402	left side of organism	has_soma_location	BANC888	doi:10.1038/s41586-026-10735-w	BANC_v888 260702
VFB_001053z3	BANC_888:720575941589562110	right side of organism	has_soma_location	BANC888	doi:10.1038/s41586-026-10735-w	BANC_v888 260702
VFB_001053z4	BANC_888:720575941589562706	left side of organism	has_soma_location	BANC888	doi:10.1038/s41586-026-10735-w	BANC_v888 260702
VFB_001053z5	BANC_888:720575941589563134	left side of organism	has_soma_location	BANC888	doi:10.1038/s41586-026-10735-w	BANC_v888 260702
VFB_001053z6	BANC_888:720575941589565324	right side of organism	has_soma_location	BANC888	doi:10.1038/s41586-026-10735-w	BANC_v888 260702
VFB_001053z7	BANC_888:720575941589566206	left side of organism	has_soma_location	BANC888	doi:10.1038/s41586-026-10735-w	BANC_v888 260702
VFB_001053z8	BANC_888:720575941589567314	left side of organism	has_soma_location	BANC888	doi:10.1038/s41586-026-10735-w	BANC_v888 260702
VFB_001053z9	BANC_888:720575941589569022	left side of organism	has_soma_location	BANC888	doi:10.1038/s41586-026-10735-w	BANC_v888 260702
VFB_001053za	BANC_888:720575941589571639	right side of organism	has_soma_location	BANC888	doi:10.1038/s41586-026-10735-w	BANC_v888 260702
VFB_001053zb	BANC_888:720575941589576759	right side of organism	has_soma_location	BANC888	doi:10.1038/s41586-026-10735-w	BANC_v888 260702
VFB_001053zc	BANC_888:720575941589577783	right side of organism	has_soma_location	BANC888	doi:10.1038/s41586-026-10735-w	BANC_v888 260702
VFB_00108l4y	BANC_888:720575941589578052	left side of organism	has_soma_location	BANC888	doi:10.1038/s41586-026-10735-w	BANC_v888 260702
VFB_001053ze	BANC_888:720575941589579262	left side of organism	has_soma_location	BANC888	doi:10.1038/s41586-026-10735-w	BANC_v888 260702
VFB_00108l4z	BANC_888:720575941589580612	left side of organism	has_soma_location	BANC888	doi:10.1038/s41586-026-10735-w	BANC_v888 260702
VFB_001053zf	BANC_888:720575941589583671	right side of organism	has_soma_location	BANC888	doi:10.1038/s41586-026-10735-w	BANC_v888 260702
VFB_001053zg	BANC_888:720575941589587710	right side of organism	has_soma_location	BANC888	doi:10.1038/s41586-026-10735-w	BANC_v888 260702
VFB_001053zh	BANC_888:720575941589589303	left side of organism	has_soma_location	BANC888	doi:10.1038/s41586-026-10735-w	BANC_v888 260702
VFB_001053zi	BANC_888:720575941589589502	right side of organism	has_soma_location	BANC888	doi:10.1038/s41586-026-10735-w	BANC_v888 260702
VFB_001053zj	BANC_888:720575941589590270	right side of organism	has_soma_location	BANC888	doi:10.1038/s41586-026-10735-w	BANC_v888 260702
VFB_001053zk	BANC_888:720575941589590782	right side of organism	has_soma_location	BANC888	doi:10.1038/s41586-026-10735-w	BANC_v888 260702
VFB_00108l50	BANC_888:720575941589591108	left side of organism	has_soma_location	BANC888	doi:10.1038/s41586-026-10735-w	BANC_v888 260702
VFB_001053zl	BANC_888:720575941589592574	left side of organism	has_soma_location	BANC888	doi:10.1038/s41586-026-10735-w	BANC_v888 260702
VFB_00108l51	BANC_888:720575941589592887	right side of organism	has_soma_location	BANC888	doi:10.1038/s41586-026-10735-w	BANC_v888 260702
VFB_001053zo	BANC_888:720575941589596242	left side of organism	has_soma_location	BANC888	doi:10.1038/s41586-026-10735-w	BANC_v888 260702
VFB_00108l52	BANC_888:720575941589597252	left side of organism	has_soma_location	BANC888	doi:10.1038/s41586-026-10735-w	BANC_v888 260702
VFB_001053zq	BANC_888:720575941589597950	left side of organism	has_soma_location	BANC888	doi:10.1038/s41586-026-10735-w	BANC_v888 260702
VFB_001053zr	BANC_888:720575941589599812	left side of organism	has_soma_location	BANC888	doi:10.1038/s41586-026-10735-w	BANC_v888 260702
VFB_001053zs	BANC_888:720575941589606142	right side of organism	has_soma_location	BANC888	doi:10.1038/s41586-026-10735-w	BANC_v888 260702
VFB_001053zt	BANC_888:720575941589609271	left side of organism	has_soma_location	BANC888	doi:10.1038/s41586-026-10735-w	BANC_v888 260702
VFB_001053zv	BANC_888:720575941589610124	right side of organism	has_soma_location	BANC888	doi:10.1038/s41586-026-10735-w	BANC_v888 260702
VFB_00108l53	BANC_888:720575941589614148	left side of organism	has_soma_location	BANC888	doi:10.1038/s41586-026-10735-w	BANC_v888 260702
VFB_001053zw	BANC_888:720575941589616695	right side of organism	has_soma_location	BANC888	doi:10.1038/s41586-026-10735-w	BANC_v888 260702
VFB_00108l54	BANC_888:720575941589617532	left side of organism	has_soma_location	BANC888	doi:10.1038/s41586-026-10735-w	BANC_v888 260702
VFB_001053zx	BANC_888:720575941589622071	right side of organism	has_soma_location	BANC888	doi:10.1038/s41586-026-10735-w	BANC_v888 260702
VFB_00108l55	BANC_888:720575941589623095	right side of organism	has_soma_location	BANC888	doi:10.1038/s41586-026-10735-w	BANC_v888 260702
VFB_00108l56	BANC_888:720575941589623351	right side of organism	has_soma_location	BANC888	doi:10.1038/s41586-026-10735-w	BANC_v888 260702
VFB_001053zy	BANC_888:720575941589623436	right side of organism	has_soma_location	BANC888	doi:10.1038/s41586-026-10735-w	BANC_v888 260702
VFB_001053zz	BANC_888:720575941589624402	left side of organism	has_soma_location	BANC888	doi:10.1038/s41586-026-10735-w	BANC_v888 260702
VFB_00108l57	BANC_888:720575941589625143	right side of organism	has_soma_location	BANC888	doi:10.1038/s41586-026-10735-w	BANC_v888 260702
VFB_00108l58	BANC_888:720575941589625156	left side of organism	has_soma_location	BANC888	doi:10.1038/s41586-026-10735-w	BANC_v888 260702
VFB_00105400	BANC_888:720575941589625854	left side of organism	has_soma_location	BANC888	doi:10.1038/s41586-026-10735-w	BANC_v888 260702
VFB_00108l59	BANC_888:720575941589627972	left side of organism	has_soma_location	BANC888	doi:10.1038/s41586-026-10735-w	BANC_v888 260702
VFB_00108l5a	BANC_888:720575941589629495	right side of organism	has_soma_location	BANC888	doi:10.1038/s41586-026-10735-w	BANC_v888 260702
VFB_00108l5b	BANC_888:720575941589632580	left side of organism	has_soma_location	BANC888	doi:10.1038/s41586-026-10735-w	BANC_v888 260702
VFB_00105401	BANC_888:720575941589633335	right side of organism	has_soma_location	BANC888	doi:10.1038/s41586-026-10735-w	BANC_v888 260702
VFB_00108l5c	BANC_888:720575941589633591	right side of organism	has_soma_location	BANC888	doi:10.1038/s41586-026-10735-w	BANC_v888 260702
VFB_00105402	BANC_888:720575941589635895	right side of organism	has_soma_location	BANC888	doi:10.1038/s41586-026-10735-w	BANC_v888 260702
VFB_00108l5d	BANC_888:720575941589639735	right side of organism	has_soma_location	BANC888	doi:10.1038/s41586-026-10735-w	BANC_v888 260702
VFB_00105403	BANC_888:720575941589640759	right side of organism	has_soma_location	BANC888	doi:10.1038/s41586-026-10735-w	BANC_v888 260702
VFB_00108l5e	BANC_888:720575941589646903	right side of organism	has_soma_location	BANC888	doi:10.1038/s41586-026-10735-w	BANC_v888 260702
VFB_00105404	BANC_888:720575941589648183	right side of organism	has_soma_location	BANC888	doi:10.1038/s41586-026-10735-w	BANC_v888 260702
VFB_00105405	BANC_888:720575941589650231	right side of organism	has_soma_location	BANC888	doi:10.1038/s41586-026-10735-w	BANC_v888 260702
VFB_00105406	BANC_888:720575941589654924	right side of organism	has_soma_location	BANC888	doi:10.1038/s41586-026-10735-w	BANC_v888 260702
VFB_00105407	BANC_888:720575941589655095	right side of organism	has_soma_location	BANC888	doi:10.1038/s41586-026-10735-w	BANC_v888 260702
VFB_00108l5f	BANC_888:720575941589655876	left side of organism	has_soma_location	BANC888	doi:10.1038/s41586-026-10735-w	BANC_v888 260702
VFB_00105408	BANC_888:720575941589657598	left side of organism	has_soma_location	BANC888	doi:10.1038/s41586-026-10735-w	BANC_v888 260702
VFB_00105409	BANC_888:720575941589657655	right side of organism	has_soma_location	BANC888	doi:10.1038/s41586-026-10735-w	BANC_v888 260702
VFB_00108l5g	BANC_888:720575941589657668	left side of organism	has_soma_location	BANC888	doi:10.1038/s41586-026-10735-w	BANC_v888 260702
VFB_0010540a	BANC_888:720575941589657911	right side of organism	has_soma_location	BANC888	doi:10.1038/s41586-026-10735-w	BANC_v888 260702
VFB_0010540c	BANC_888:720575941589664254	right side of organism	has_soma_location	BANC888	doi:10.1038/s41586-026-10735-w	BANC_v888 260702
VFB_0010540d	BANC_888:720575941589665278	right side of organism	has_soma_location	BANC888	doi:10.1038/s41586-026-10735-w	BANC_v888 260702
VFB_0010540f	BANC_888:720575941589665420	right side of organism	has_soma_location	BANC888	doi:10.1038/s41586-026-10735-w	BANC_v888 260702
VFB_0010540g	BANC_888:720575941589665874	left side of organism	has_soma_location	BANC888	doi:10.1038/s41586-026-10735-w	BANC_v888 260702
VFB_00108l5h	BANC_888:720575941589667127	right side of organism	has_soma_location	BANC888	doi:10.1038/s41586-026-10735-w	BANC_v888 260702
VFB_0010540h	BANC_888:720575941589669714	left side of organism	has_soma_location	BANC888	doi:10.1038/s41586-026-10735-w	BANC_v888 260702
VFB_0010540i	BANC_888:720575941589670455	right side of organism	has_soma_location	BANC888	doi:10.1038/s41586-026-10735-w	BANC_v888 260702
VFB_0010540j	BANC_888:720575941589671223	right side of organism	has_soma_location	BANC888	doi:10.1038/s41586-026-10735-w	BANC_v888 260702
VFB_0010540k	BANC_888:720575941589671506	left side of organism	has_soma_location	BANC888	doi:10.1038/s41586-026-10735-w	BANC_v888 260702
VFB_0010540l	BANC_888:720575941589672247	right side of organism	has_soma_location	BANC888	doi:10.1038/s41586-026-10735-w	BANC_v888 260702
VFB_00108l5i	BANC_888:720575941589672702	right side of organism	has_soma_location	BANC888	doi:10.1038/s41586-026-10735-w	BANC_v888 260702
VFB_0010540m	BANC_888:720575941589674551	right side of organism	has_soma_location	BANC888	doi:10.1038/s41586-026-10735-w	BANC_v888 260702
VFB_0010540n	BANC_888:720575941589674636	right side of organism	has_soma_location	BANC888	doi:10.1038/s41586-026-10735-w	BANC_v888 260702
VFB_0010540o	BANC_888:720575941589674750	right side of organism	has_soma_location	BANC888	doi:10.1038/s41586-026-10735-w	BANC_v888 260702
VFB_0010540p	BANC_888:720575941589674807	right side of organism	has_soma_location	BANC888	doi:10.1038/s41586-026-10735-w	BANC_v888 260702
VFB_0010540q	BANC_888:720575941589676940	right side of organism	has_soma_location	BANC888	doi:10.1038/s41586-026-10735-w	BANC_v888 260702
VFB_0010540r	BANC_888:720575941589677452	right side of organism	has_soma_location	BANC888	doi:10.1038/s41586-026-10735-w	BANC_v888 260702
VFB_0010540s	BANC_888:720575941589677964	right side of organism	has_soma_location	BANC888	doi:10.1038/s41586-026-10735-w	BANC_v888 260702
VFB_0010540t	BANC_888:720575941589678078	left side of organism	has_soma_location	BANC888	doi:10.1038/s41586-026-10735-w	BANC_v888 260702
VFB_0010540u	BANC_888:720575941589692044	right side of organism	has_soma_location	BANC888	doi:10.1038/s41586-026-10735-w	BANC_v888 260702
VFB_00108l5j	BANC_888:720575941589693580	left side of organism	has_soma_location	BANC888	doi:10.1038/s41586-026-10735-w	BANC_v888 260702
VFB_0010540v	BANC_888:720575941589696652	right side of organism	has_soma_location	BANC888	doi:10.1038/s41586-026-10735-w	BANC_v888 260702
VFB_0010540x	BANC_888:720575941589704844	right side of organism	has_soma_location	BANC888	doi:10.1038/s41586-026-10735-w	BANC_v888 260702
VFB_0010540z	BANC_888:720575941589713548	right side of organism	has_soma_location	BANC888	doi:10.1038/s41586-026-10735-w	BANC_v888 260702
VFB_00105410	BANC_888:720575941589715794	left side of organism	has_soma_location	BANC888	doi:10.1038/s41586-026-10735-w	BANC_v888 260702
VFB_00108l5k	BANC_888:720575941589724996	right side of organism	has_soma_location	BANC888	doi:10.1038/s41586-026-10735-w	BANC_v888 260702
VFB_00105413	BANC_888:720575941589725836	right side of organism	has_soma_location	BANC888	doi:10.1038/s41586-026-10735-w	BANC_v888 260702
VFB_00105414	BANC_888:720575941589727884	right side of organism	has_soma_location	BANC888	doi:10.1038/s41586-026-10735-w	BANC_v888 260702
VFB_00105415	BANC_888:720575941589731724	right side of organism	has_soma_location	BANC888	doi:10.1038/s41586-026-10735-w	BANC_v888 260702
VFB_00108l5l	BANC_888:720575941589732236	right side of organism	has_soma_location	BANC888	doi:10.1038/s41586-026-10735-w	BANC_v888 260702
VFB_00108l5m	BANC_888:720575941589732932	right side of organism	has_soma_location	BANC888	doi:10.1038/s41586-026-10735-w	BANC_v888 260702
VFB_00105416	BANC_888:720575941589735564	right side of organism	has_soma_location	BANC888	doi:10.1038/s41586-026-10735-w	BANC_v888 260702
VFB_00105417	BANC_888:720575941589736702	right side of organism	has_soma_location	BANC888	doi:10.1038/s41586-026-10735-w	BANC_v888 260702
VFB_00105418	BANC_888:720575941589742476	left side of organism	has_soma_location	BANC888	doi:10.1038/s41586-026-10735-w	BANC_v888 260702
VFB_00105419	BANC_888:720575941589742903	right side of organism	has_soma_location	BANC888	doi:10.1038/s41586-026-10735-w	BANC_v888 260702
VFB_0010541a	BANC_888:720575941589744708	right side of organism	has_soma_location	BANC888	doi:10.1038/s41586-026-10735-w	BANC_v888 260702
VFB_0010541b	BANC_888:720575941589746756	right side of organism	has_soma_location	BANC888	doi:10.1038/s41586-026-10735-w	BANC_v888 260702
VFB_0010541c	BANC_888:720575941589747012	left side of organism	has_soma_location	BANC888	doi:10.1038/s41586-026-10735-w	BANC_v888 260702
VFB_0010541e	BANC_888:720575941589762444	right side of organism	has_soma_location	BANC888	doi:10.1038/s41586-026-10735-w	BANC_v888 260702
VFB_0010541f	BANC_888:720575941589762700	right side of organism	has_soma_location	BANC888	doi:10.1038/s41586-026-10735-w	BANC_v888 260702
VFB_00108l5n	BANC_888:720575941589764420	right side of organism	has_soma_location	BANC888	doi:10.1038/s41586-026-10735-w	BANC_v888 260702
VFB_0010541h	BANC_888:720575941589765175	right side of organism	has_soma_location	BANC888	doi:10.1038/s41586-026-10735-w	BANC_v888 260702
VFB_00108l5o	BANC_888:720575941589766980	right side of organism	has_soma_location	BANC888	doi:10.1038/s41586-026-10735-w	BANC_v888 260702
VFB_00108l5p	BANC_888:720575941589767236	right side of organism	has_soma_location	BANC888	doi:10.1038/s41586-026-10735-w	BANC_v888 260702
VFB_00108l5q	BANC_888:720575941589767479	right side of organism	has_soma_location	BANC888	doi:10.1038/s41586-026-10735-w	BANC_v888 260702
VFB_0010541j	BANC_888:720575941589768190	left side of organism	has_soma_location	BANC888	doi:10.1038/s41586-026-10735-w	BANC_v888 260702
VFB_0010541m	BANC_888:720575941589769100	right side of organism	has_soma_location	BANC888	doi:10.1038/s41586-026-10735-w	BANC_v888 260702
VFB_00108l5r	BANC_888:720575941589771332	left side of organism	has_soma_location	BANC888	doi:10.1038/s41586-026-10735-w	BANC_v888 260702
VFB_0010541n	BANC_888:720575941589772114	left side of organism	has_soma_location	BANC888	doi:10.1038/s41586-026-10735-w	BANC_v888 260702
VFB_0010541o	BANC_888:720575941589773367	left side of organism	has_soma_location	BANC888	doi:10.1038/s41586-026-10735-w	BANC_v888 260702
VFB_0010541p	BANC_888:720575941589773566	left side of organism	has_soma_location	BANC888	doi:10.1038/s41586-026-10735-w	BANC_v888 260702
VFB_0010541q	BANC_888:720575941589773623	right side of organism	has_soma_location	BANC888	doi:10.1038/s41586-026-10735-w	BANC_v888 260702
VFB_0010541r	BANC_888:720575941589777804	right side of organism	has_soma_location	BANC888	doi:10.1038/s41586-026-10735-w	BANC_v888 260702
VFB_0010541s	BANC_888:720575941589778316	right side of organism	has_soma_location	BANC888	doi:10.1038/s41586-026-10735-w	BANC_v888 260702
VFB_00108l5s	BANC_888:720575941589779012	right side of organism	has_soma_location	BANC888	doi:10.1038/s41586-026-10735-w	BANC_v888 260702
VFB_00108l5t	BANC_888:720575941589782327	left side of organism	has_soma_location	BANC888	doi:10.1038/s41586-026-10735-w	BANC_v888 260702
VFB_0010541u	BANC_888:720575941589782924	right side of organism	has_soma_location	BANC888	doi:10.1038/s41586-026-10735-w	BANC_v888 260702
VFB_00108l5u	BANC_888:720575941589783863	right side of organism	has_soma_location	BANC888	doi:10.1038/s41586-026-10735-w	BANC_v888 260702
VFB_00108l5v	BANC_888:720575941589786948	left side of organism	has_soma_location	BANC888	doi:10.1038/s41586-026-10735-w	BANC_v888 260702
VFB_0010541w	BANC_888:720575941589788300	right side of organism	has_soma_location	BANC888	doi:10.1038/s41586-026-10735-w	BANC_v888 260702
VFB_0010541x	BANC_888:720575941589788414	left side of organism	has_soma_location	BANC888	doi:10.1038/s41586-026-10735-w	BANC_v888 260702
VFB_00108l5w	BANC_888:720575941589793860	right side of organism	has_soma_location	BANC888	doi:10.1038/s41586-026-10735-w	BANC_v888 260702
VFB_0010541y	BANC_888:720575941589794046	left side of organism	has_soma_location	BANC888	doi:10.1038/s41586-026-10735-w	BANC_v888 260702
VFB_0010541z	BANC_888:720575941589794444	right side of organism	has_soma_location	BANC888	doi:10.1038/s41586-026-10735-w	BANC_v888 260702
VFB_00105420	BANC_888:720575941589795468	right side of organism	has_soma_location	BANC888	doi:10.1038/s41586-026-10735-w	BANC_v888 260702
VFB_00108l5x	BANC_888:720575941589795582	left side of organism	has_soma_location	BANC888	doi:10.1038/s41586-026-10735-w	BANC_v888 260702
VFB_00108l5y	BANC_888:720575941589801796	right side of organism	has_soma_location	BANC888	doi:10.1038/s41586-026-10735-w	BANC_v888 260702
VFB_00105421	BANC_888:720575941589807954	left side of organism	has_soma_location	BANC888	doi:10.1038/s41586-026-10735-w	BANC_v888 260702
VFB_00105422	BANC_888:720575941589809548	right side of organism	has_soma_location	BANC888	doi:10.1038/s41586-026-10735-w	BANC_v888 260702
VFB_00105423	BANC_888:720575941589810942	left side of organism	has_soma_location	BANC888	doi:10.1038/s41586-026-10735-w	BANC_v888 260702
VFB_00105424	BANC_888:720575941589811767	right side of organism	has_soma_location	BANC888	doi:10.1038/s41586-026-10735-w	BANC_v888 260702
VFB_00105425	BANC_888:720575941589816318	left side of organism	has_soma_location	BANC888	doi:10.1038/s41586-026-10735-w	BANC_v888 260702
VFB_00108l5z	BANC_888:720575941589816388	right side of organism	has_soma_location	BANC888	doi:10.1038/s41586-026-10735-w	BANC_v888 260702
VFB_00105426	BANC_888:720575941589816658	left side of organism	has_soma_location	BANC888	doi:10.1038/s41586-026-10735-w	BANC_v888 260702
VFB_00105427	BANC_888:720575941589818167	right side of organism	has_soma_location	BANC888	doi:10.1038/s41586-026-10735-w	BANC_v888 260702
VFB_00105428	BANC_888:720575941589829118	right side of organism	has_soma_location	BANC888	doi:10.1038/s41586-026-10735-w	BANC_v888 260702
VFB_00105429	BANC_888:720575941589838988	right side of organism	has_soma_location	BANC888	doi:10.1038/s41586-026-10735-w	BANC_v888 260702
VFB_0010542a	BANC_888:720575941589840183	right side of organism	has_soma_location	BANC888	doi:10.1038/s41586-026-10735-w	BANC_v888 260702
VFB_00108l60	BANC_888:720575941589842244	left side of organism	has_soma_location	BANC888	doi:10.1038/s41586-026-10735-w	BANC_v888 260702
VFB_0010542b	BANC_888:720575941589842316	right side of organism	has_soma_location	BANC888	doi:10.1038/s41586-026-10735-w	BANC_v888 260702
VFB_0010542c	BANC_888:720575941589844535	left side of organism	has_soma_location	BANC888	doi:10.1038/s41586-026-10735-w	BANC_v888 260702
VFB_00108l61	BANC_888:720575941589845828	right side of organism	has_soma_location	BANC888	doi:10.1038/s41586-026-10735-w	BANC_v888 260702
VFB_00108l62	BANC_888:720575941589846583	left side of organism	has_soma_location	BANC888	doi:10.1038/s41586-026-10735-w	BANC_v888 260702
VFB_00108l63	BANC_888:720575941589849412	right side of organism	has_soma_location	BANC888	doi:10.1038/s41586-026-10735-w	BANC_v888 260702
VFB_0010542e	BANC_888:720575941589852414	right side of organism	has_soma_location	BANC888	doi:10.1038/s41586-026-10735-w	BANC_v888 260702
VFB_0010542f	BANC_888:720575941589853950	right side of organism	has_soma_location	BANC888	doi:10.1038/s41586-026-10735-w	BANC_v888 260702
VFB_0010542g	BANC_888:720575941589854604	left side of organism	has_soma_location	BANC888	doi:10.1038/s41586-026-10735-w	BANC_v888 260702
VFB_0010542h	BANC_888:720575941589857790	left side of organism	has_soma_location	BANC888	doi:10.1038/s41586-026-10735-w	BANC_v888 260702
VFB_0010542j	BANC_888:720575941589862654	right side of organism	has_soma_location	BANC888	doi:10.1038/s41586-026-10735-w	BANC_v888 260702
VFB_0010542k	BANC_888:720575941589863052	right side of organism	has_soma_location	BANC888	doi:10.1038/s41586-026-10735-w	BANC_v888 260702
VFB_0010542l	BANC_888:720575941589863678	left side of organism	has_soma_location	BANC888	doi:10.1038/s41586-026-10735-w	BANC_v888 260702
VFB_0010542m	BANC_888:720575941589863735	left side of organism	has_soma_location	BANC888	doi:10.1038/s41586-026-10735-w	BANC_v888 260702
VFB_00108l64	BANC_888:720575941589867076	left side of organism	has_soma_location	BANC888	doi:10.1038/s41586-026-10735-w	BANC_v888 260702
VFB_0010542n	BANC_888:720575941589870078	right side of organism	has_soma_location	BANC888	doi:10.1038/s41586-026-10735-w	BANC_v888 260702
VFB_0010542o	BANC_888:720575941589871358	right side of organism	has_soma_location	BANC888	doi:10.1038/s41586-026-10735-w	BANC_v888 260702
VFB_00108l65	BANC_888:720575941589872894	left side of organism	has_soma_location	BANC888	doi:10.1038/s41586-026-10735-w	BANC_v888 260702
VFB_00108l66	BANC_888:720575941589873476	left side of organism	has_soma_location	BANC888	doi:10.1038/s41586-026-10735-w	BANC_v888 260702
VFB_00108l67	BANC_888:720575941589873662	right side of organism	has_soma_location	BANC888	doi:10.1038/s41586-026-10735-w	BANC_v888 260702
VFB_00108l68	BANC_888:720575941589877828	right side of organism	has_soma_location	BANC888	doi:10.1038/s41586-026-10735-w	BANC_v888 260702
VFB_0010542p	BANC_888:720575941589878327	left side of organism	has_soma_location	BANC888	doi:10.1038/s41586-026-10735-w	BANC_v888 260702
VFB_0010542q	BANC_888:720575941589878839	right side of organism	has_soma_location	BANC888	doi:10.1038/s41586-026-10735-w	BANC_v888 260702
VFB_0010542r	BANC_888:720575941589879038	right side of organism	has_soma_location	BANC888	doi:10.1038/s41586-026-10735-w	BANC_v888 260702
VFB_00108l69	BANC_888:720575941589881598	right side of organism	has_soma_location	BANC888	doi:10.1038/s41586-026-10735-w	BANC_v888 260702
VFB_0010542t	BANC_888:720575941589888055	left side of organism	has_soma_location	BANC888	doi:10.1038/s41586-026-10735-w	BANC_v888 260702
VFB_00108l6a	BANC_888:720575941589890628	left side of organism	has_soma_location	BANC888	doi:10.1038/s41586-026-10735-w	BANC_v888 260702
VFB_0010542v	BANC_888:720575941589893772	right side of organism	has_soma_location	BANC888	doi:10.1038/s41586-026-10735-w	BANC_v888 260702
VFB_0010542w	BANC_888:720575941589894142	right side of organism	has_soma_location	BANC888	doi:10.1038/s41586-026-10735-w	BANC_v888 260702
VFB_0010542y	BANC_888:720575941589897214	left side of organism	has_soma_location	BANC888	doi:10.1038/s41586-026-10735-w	BANC_v888 260702
VFB_00108l6b	BANC_888:720575941589897783	right side of organism	has_soma_location	BANC888	doi:10.1038/s41586-026-10735-w	BANC_v888 260702
VFB_0010542z	BANC_888:720575941589901822	right side of organism	has_soma_location	BANC888	doi:10.1038/s41586-026-10735-w	BANC_v888 260702
VFB_00105430	BANC_888:720575941589907710	left side of organism	has_soma_location	BANC888	doi:10.1038/s41586-026-10735-w	BANC_v888 260702
VFB_00105431	BANC_888:720575941589910583	right side of organism	has_soma_location	BANC888	doi:10.1038/s41586-026-10735-w	BANC_v888 260702
VFB_00108l6c	BANC_888:720575941589911108	left side of organism	has_soma_location	BANC888	doi:10.1038/s41586-026-10735-w	BANC_v888 260702
VFB_00105432	BANC_888:720575941589911806	left side of organism	has_soma_location	BANC888	doi:10.1038/s41586-026-10735-w	BANC_v888 260702
VFB_00105433	BANC_888:720575941589912375	right side of organism	has_soma_location	BANC888	doi:10.1038/s41586-026-10735-w	BANC_v888 260702
VFB_00105434	BANC_888:720575941589913086	right side of organism	has_soma_location	BANC888	doi:10.1038/s41586-026-10735-w	BANC_v888 260702
VFB_00105435	BANC_888:720575941589913854	left side of organism	has_soma_location	BANC888	doi:10.1038/s41586-026-10735-w	BANC_v888 260702
VFB_00105436	BANC_888:720575941589916414	right side of organism	has_soma_location	BANC888	doi:10.1038/s41586-026-10735-w	BANC_v888 260702
VFB_00105437	BANC_888:720575941589917694	right side of organism	has_soma_location	BANC888	doi:10.1038/s41586-026-10735-w	BANC_v888 260702
VFB_00108l6d	BANC_888:720575941589918860	left side of organism	has_soma_location	BANC888	doi:10.1038/s41586-026-10735-w	BANC_v888 260702
VFB_00105439	BANC_888:720575941589923326	right side of organism	has_soma_location	BANC888	doi:10.1038/s41586-026-10735-w	BANC_v888 260702
VFB_0010543a	BANC_888:720575941589927678	left side of organism	has_soma_location	BANC888	doi:10.1038/s41586-026-10735-w	BANC_v888 260702
VFB_00108l6e	BANC_888:720575941589928247	left side of organism	has_soma_location	BANC888	doi:10.1038/s41586-026-10735-w	BANC_v888 260702
VFB_0010543b	BANC_888:720575941589929726	right side of organism	has_soma_location	BANC888	doi:10.1038/s41586-026-10735-w	BANC_v888 260702
VFB_0010543c	BANC_888:720575941589931006	right side of organism	has_soma_location	BANC888	doi:10.1038/s41586-026-10735-w	BANC_v888 260702
VFB_0010543d	BANC_888:720575941589934590	right side of organism	has_soma_location	BANC888	doi:10.1038/s41586-026-10735-w	BANC_v888 260702
VFB_00108l6f	BANC_888:720575941589939511	right side of organism	has_soma_location	BANC888	doi:10.1038/s41586-026-10735-w	BANC_v888 260702
VFB_0010543e	BANC_888:720575941589940279	left side of organism	has_soma_location	BANC888	doi:10.1038/s41586-026-10735-w	BANC_v888 260702
VFB_00108l6g	BANC_888:720575941589942084	left side of organism	has_soma_location	BANC888	doi:10.1038/s41586-026-10735-w	BANC_v888 260702
VFB_0010543f	BANC_888:720575941589944631	right side of organism	has_soma_location	BANC888	doi:10.1038/s41586-026-10735-w	BANC_v888 260702
VFB_0010543i	BANC_888:720575941589950263	right side of organism	has_soma_location	BANC888	doi:10.1038/s41586-026-10735-w	BANC_v888 260702
VFB_0010543j	BANC_888:720575941589951486	right side of organism	has_soma_location	BANC888	doi:10.1038/s41586-026-10735-w	BANC_v888 260702
VFB_0010543k	BANC_888:720575941589952055	right side of organism	has_soma_location	BANC888	doi:10.1038/s41586-026-10735-w	BANC_v888 260702
VFB_0010543m	BANC_888:720575941589954871	right side of organism	has_soma_location	BANC888	doi:10.1038/s41586-026-10735-w	BANC_v888 260702
VFB_00108l6h	BANC_888:720575941589955140	right side of organism	has_soma_location	BANC888	doi:10.1038/s41586-026-10735-w	BANC_v888 260702
VFB_0010543n	BANC_888:720575941589958455	right side of organism	has_soma_location	BANC888	doi:10.1038/s41586-026-10735-w	BANC_v888 260702
VFB_0010543o	BANC_888:720575941589962380	right side of organism	has_soma_location	BANC888	doi:10.1038/s41586-026-10735-w	BANC_v888 260702
VFB_0010543p	BANC_888:720575941589964542	right side of organism	has_soma_location	BANC888	doi:10.1038/s41586-026-10735-w	BANC_v888 260702
VFB_0010543q	BANC_888:720575941589966078	right side of organism	has_soma_location	BANC888	doi:10.1038/s41586-026-10735-w	BANC_v888 260702
VFB_0010543r	BANC_888:720575941589967159	left side of organism	has_soma_location	BANC888	doi:10.1038/s41586-026-10735-w	BANC_v888 260702
VFB_00108l6i	BANC_888:720575941589967428	left side of organism	has_soma_location	BANC888	doi:10.1038/s41586-026-10735-w	BANC_v888 260702
VFB_00108l6j	BANC_888:720575941589968452	left side of organism	has_soma_location	BANC888	doi:10.1038/s41586-026-10735-w	BANC_v888 260702
VFB_0010543s	BANC_888:720575941589968780	left side of organism	has_soma_location	BANC888	doi:10.1038/s41586-026-10735-w	BANC_v888 260702
VFB_0010543t	BANC_888:720575941589969292	right side of organism	has_soma_location	BANC888	doi:10.1038/s41586-026-10735-w	BANC_v888 260702
VFB_00108l6k	BANC_888:720575941589971012	right side of organism	has_soma_location	BANC888	doi:10.1038/s41586-026-10735-w	BANC_v888 260702
VFB_0010543u	BANC_888:720575941589971596	right side of organism	has_soma_location	BANC888	doi:10.1038/s41586-026-10735-w	BANC_v888 260702
VFB_0010543v	BANC_888:720575941589972364	right side of organism	has_soma_location	BANC888	doi:10.1038/s41586-026-10735-w	BANC_v888 260702
VFB_0010543w	BANC_888:720575941589972734	left side of organism	has_soma_location	BANC888	doi:10.1038/s41586-026-10735-w	BANC_v888 260702
VFB_0010543x	BANC_888:720575941589972876	left side of organism	has_soma_location	BANC888	doi:10.1038/s41586-026-10735-w	BANC_v888 260702
VFB_0010543y	BANC_888:720575941589974071	right side of organism	has_soma_location	BANC888	doi:10.1038/s41586-026-10735-w	BANC_v888 260702
VFB_0010543z	BANC_888:720575941589975948	right side of organism	has_soma_location	BANC888	doi:10.1038/s41586-026-10735-w	BANC_v888 260702
VFB_00108l6l	BANC_888:720575941589976716	right side of organism	has_soma_location	BANC888	doi:10.1038/s41586-026-10735-w	BANC_v888 260702
VFB_00108l6m	BANC_888:720575941589978679	left side of organism	has_soma_location	BANC888	doi:10.1038/s41586-026-10735-w	BANC_v888 260702
VFB_00108l6n	BANC_888:720575941589979703	right side of organism	has_soma_location	BANC888	doi:10.1038/s41586-026-10735-w	BANC_v888 260702
VFB_00105440	BANC_888:720575941589980215	left side of organism	has_soma_location	BANC888	doi:10.1038/s41586-026-10735-w	BANC_v888 260702
VFB_00105442	BANC_888:720575941589981751	right side of organism	has_soma_location	BANC888	doi:10.1038/s41586-026-10735-w	BANC_v888 260702
VFB_00105443	BANC_888:720575941589982348	right side of organism	has_soma_location	BANC888	doi:10.1038/s41586-026-10735-w	BANC_v888 260702
VFB_00105444	BANC_888:720575941589982775	right side of organism	has_soma_location	BANC888	doi:10.1038/s41586-026-10735-w	BANC_v888 260702
VFB_00108l6o	BANC_888:720575941589983300	right side of organism	has_soma_location	BANC888	doi:10.1038/s41586-026-10735-w	BANC_v888 260702
VFB_00105445	BANC_888:720575941589986359	right side of organism	has_soma_location	BANC888	doi:10.1038/s41586-026-10735-w	BANC_v888 260702
VFB_00105446	BANC_888:720575941589986615	right side of organism	has_soma_location	BANC888	doi:10.1038/s41586-026-10735-w	BANC_v888 260702
VFB_00105448	BANC_888:720575941589988492	right side of organism	has_soma_location	BANC888	doi:10.1038/s41586-026-10735-w	BANC_v888 260702
VFB_00105449	BANC_888:720575941589988606	right side of organism	has_soma_location	BANC888	doi:10.1038/s41586-026-10735-w	BANC_v888 260702
VFB_00108l6p	BANC_888:720575941589988676	right side of organism	has_soma_location	BANC888	doi:10.1038/s41586-026-10735-w	BANC_v888 260702
VFB_00108l6q	BANC_888:720575941589992516	left side of organism	has_soma_location	BANC888	doi:10.1038/s41586-026-10735-w	BANC_v888 260702
VFB_0010544a	BANC_888:720575941589992759	right side of organism	has_soma_location	BANC888	doi:10.1038/s41586-026-10735-w	BANC_v888 260702
VFB_00108l6r	BANC_888:720575941589993028	right side of organism	has_soma_location	BANC888	doi:10.1038/s41586-026-10735-w	BANC_v888 260702
VFB_0010544c	BANC_888:720575941589993100	right side of organism	has_soma_location	BANC888	doi:10.1038/s41586-026-10735-w	BANC_v888 260702
VFB_0010544e	BANC_888:720575941589994039	left side of organism	has_soma_location	BANC888	doi:10.1038/s41586-026-10735-w	BANC_v888 260702
VFB_0010544f	BANC_888:720575941589994551	left side of organism	has_soma_location	BANC888	doi:10.1038/s41586-026-10735-w	BANC_v888 260702
VFB_0010544g	BANC_888:720575941589995319	left side of organism	has_soma_location	BANC888	doi:10.1038/s41586-026-10735-w	BANC_v888 260702
VFB_00108l6s	BANC_888:720575941589996428	right side of organism	has_soma_location	BANC888	doi:10.1038/s41586-026-10735-w	BANC_v888 260702
VFB_0010544i	BANC_888:720575941589997623	right side of organism	has_soma_location	BANC888	doi:10.1038/s41586-026-10735-w	BANC_v888 260702
VFB_00108l6t	BANC_888:720575941589998916	left side of organism	has_soma_location	BANC888	doi:10.1038/s41586-026-10735-w	BANC_v888 260702
VFB_0010544j	BANC_888:720575941589999500	right side of organism	has_soma_location	BANC888	doi:10.1038/s41586-026-10735-w	BANC_v888 260702
VFB_00108l6u	BANC_888:720575941590000708	left side of organism	has_soma_location	BANC888	doi:10.1038/s41586-026-10735-w	BANC_v888 260702
VFB_00108l6v	BANC_888:720575941590002244	left side of organism	has_soma_location	BANC888	doi:10.1038/s41586-026-10735-w	BANC_v888 260702
VFB_0010544k	BANC_888:720575941590002430	left side of organism	has_soma_location	BANC888	doi:10.1038/s41586-026-10735-w	BANC_v888 260702
VFB_00108l6w	BANC_888:720575941590005060	right side of organism	has_soma_location	BANC888	doi:10.1038/s41586-026-10735-w	BANC_v888 260702
VFB_0010544l	BANC_888:720575941590006156	right side of organism	has_soma_location	BANC888	doi:10.1038/s41586-026-10735-w	BANC_v888 260702
VFB_00108l6x	BANC_888:720575941590006596	left side of organism	has_soma_location	BANC888	doi:10.1038/s41586-026-10735-w	BANC_v888 260702
VFB_00108l6y	BANC_888:720575941590008644	right side of organism	has_soma_location	BANC888	doi:10.1038/s41586-026-10735-w	BANC_v888 260702
VFB_00108l6z	BANC_888:720575941590010180	right side of organism	has_soma_location	BANC888	doi:10.1038/s41586-026-10735-w	BANC_v888 260702
VFB_0010544m	BANC_888:720575941590010679	right side of organism	has_soma_location	BANC888	doi:10.1038/s41586-026-10735-w	BANC_v888 260702
VFB_00108l70	BANC_888:720575941590011972	right side of organism	has_soma_location	BANC888	doi:10.1038/s41586-026-10735-w	BANC_v888 260702
VFB_00108l71	BANC_888:720575941590012228	right side of organism	has_soma_location	BANC888	doi:10.1038/s41586-026-10735-w	BANC_v888 260702
VFB_00108l72	BANC_888:720575941590013508	left side of organism	has_soma_location	BANC888	doi:10.1038/s41586-026-10735-w	BANC_v888 260702
VFB_0010544n	BANC_888:720575941590014007	right side of organism	has_soma_location	BANC888	doi:10.1038/s41586-026-10735-w	BANC_v888 260702
VFB_00108l73	BANC_888:720575941590014276	right side of organism	has_soma_location	BANC888	doi:10.1038/s41586-026-10735-w	BANC_v888 260702
VFB_0010544o	BANC_888:720575941590014775	right side of organism	has_soma_location	BANC888	doi:10.1038/s41586-026-10735-w	BANC_v888 260702
VFB_0010544p	BANC_888:720575941590015372	right side of organism	has_soma_location	BANC888	doi:10.1038/s41586-026-10735-w	BANC_v888 260702
VFB_00108l74	BANC_888:720575941590016068	left side of organism	has_soma_location	BANC888	doi:10.1038/s41586-026-10735-w	BANC_v888 260702
VFB_00108l75	BANC_888:720575941590019212	right side of organism	has_soma_location	BANC888	doi:10.1038/s41586-026-10735-w	BANC_v888 260702
VFB_0010544r	BANC_888:720575941590020492	right side of organism	has_soma_location	BANC888	doi:10.1038/s41586-026-10735-w	BANC_v888 260702
VFB_00108l76	BANC_888:720575941590020676	right side of organism	has_soma_location	BANC888	doi:10.1038/s41586-026-10735-w	BANC_v888 260702
VFB_0010544s	BANC_888:720575941590020748	right side of organism	has_soma_location	BANC888	doi:10.1038/s41586-026-10735-w	BANC_v888 260702
VFB_0010544t	BANC_888:720575941590021516	right side of organism	has_soma_location	BANC888	doi:10.1038/s41586-026-10735-w	BANC_v888 260702
VFB_0010544u	BANC_888:720575941590021943	right side of organism	has_soma_location	BANC888	doi:10.1038/s41586-026-10735-w	BANC_v888 260702
VFB_00108l77	BANC_888:720575941590022711	right side of organism	has_soma_location	BANC888	doi:10.1038/s41586-026-10735-w	BANC_v888 260702
VFB_00108l78	BANC_888:720575941590022980	right side of organism	has_soma_location	BANC888	doi:10.1038/s41586-026-10735-w	BANC_v888 260702
VFB_00108l79	BANC_888:720575941590023492	left side of organism	has_soma_location	BANC888	doi:10.1038/s41586-026-10735-w	BANC_v888 260702
VFB_00108l7a	BANC_888:720575941590023748	right side of organism	has_soma_location	BANC888	doi:10.1038/s41586-026-10735-w	BANC_v888 260702
VFB_00108l7b	BANC_888:720575941590024004	right side of organism	has_soma_location	BANC888	doi:10.1038/s41586-026-10735-w	BANC_v888 260702
VFB_00108l7c	BANC_888:720575941590029124	right side of organism	has_soma_location	BANC888	doi:10.1038/s41586-026-10735-w	BANC_v888 260702
VFB_00108l7d	BANC_888:720575941590031684	right side of organism	has_soma_location	BANC888	doi:10.1038/s41586-026-10735-w	BANC_v888 260702
VFB_00108l7e	BANC_888:720575941590032964	right side of organism	has_soma_location	BANC888	doi:10.1038/s41586-026-10735-w	BANC_v888 260702
VFB_00108l7f	BANC_888:720575941590035780	left side of organism	has_soma_location	BANC888	doi:10.1038/s41586-026-10735-w	BANC_v888 260702
VFB_00108l7g	BANC_888:720575941590038071	left side of organism	has_soma_location	BANC888	doi:10.1038/s41586-026-10735-w	BANC_v888 260702
VFB_0010544w	BANC_888:720575941590038526	right side of organism	has_soma_location	BANC888	doi:10.1038/s41586-026-10735-w	BANC_v888 260702
VFB_0010544x	BANC_888:720575941590039180	right side of organism	has_soma_location	BANC888	doi:10.1038/s41586-026-10735-w	BANC_v888 260702
VFB_0010544y	BANC_888:720575941590040204	right side of organism	has_soma_location	BANC888	doi:10.1038/s41586-026-10735-w	BANC_v888 260702
VFB_00108l7h	BANC_888:720575941590041412	right side of organism	has_soma_location	BANC888	doi:10.1038/s41586-026-10735-w	BANC_v888 260702
VFB_0010544z	BANC_888:720575941590043474	left side of organism	has_soma_location	BANC888	doi:10.1038/s41586-026-10735-w	BANC_v888 260702
VFB_00108l7i	BANC_888:720575941590043716	right side of organism	has_soma_location	BANC888	doi:10.1038/s41586-026-10735-w	BANC_v888 260702
VFB_00105450	BANC_888:720575941590045324	right side of organism	has_soma_location	BANC888	doi:10.1038/s41586-026-10735-w	BANC_v888 260702
VFB_00105451	BANC_888:720575941590045836	left side of organism	has_soma_location	BANC888	doi:10.1038/s41586-026-10735-w	BANC_v888 260702
VFB_00105452	BANC_888:720575941590046519	left side of organism	has_soma_location	BANC888	doi:10.1038/s41586-026-10735-w	BANC_v888 260702
VFB_00105454	BANC_888:720575941590049106	left side of organism	has_soma_location	BANC888	doi:10.1038/s41586-026-10735-w	BANC_v888 260702
VFB_00108l7j	BANC_888:720575941590050372	left side of organism	has_soma_location	BANC888	doi:10.1038/s41586-026-10735-w	BANC_v888 260702
VFB_00105455	BANC_888:720575941590050615	right side of organism	has_soma_location	BANC888	doi:10.1038/s41586-026-10735-w	BANC_v888 260702
VFB_00108l7k	BANC_888:720575941590053700	left side of organism	has_soma_location	BANC888	doi:10.1038/s41586-026-10735-w	BANC_v888 260702
VFB_00108l7l	BANC_888:720575941590053956	left side of organism	has_soma_location	BANC888	doi:10.1038/s41586-026-10735-w	BANC_v888 260702
VFB_00108l7m	BANC_888:720575941590059404	right side of organism	has_soma_location	BANC888	doi:10.1038/s41586-026-10735-w	BANC_v888 260702
VFB_00105457	BANC_888:720575941590064183	right side of organism	has_soma_location	BANC888	doi:10.1038/s41586-026-10735-w	BANC_v888 260702
VFB_00108l7n	BANC_888:720575941590064196	left side of organism	has_soma_location	BANC888	doi:10.1038/s41586-026-10735-w	BANC_v888 260702
VFB_00105458	BANC_888:720575941590064780	right side of organism	has_soma_location	BANC888	doi:10.1038/s41586-026-10735-w	BANC_v888 260702
VFB_00108l7o	BANC_888:720575941590064951	right side of organism	has_soma_location	BANC888	doi:10.1038/s41586-026-10735-w	BANC_v888 260702
VFB_00108l7p	BANC_888:720575941590065732	left side of organism	has_soma_location	BANC888	doi:10.1038/s41586-026-10735-w	BANC_v888 260702
VFB_00105459	BANC_888:720575941590065804	right side of organism	has_soma_location	BANC888	doi:10.1038/s41586-026-10735-w	BANC_v888 260702
VFB_0010545a	BANC_888:720575941590066942	left side of organism	has_soma_location	BANC888	doi:10.1038/s41586-026-10735-w	BANC_v888 260702
VFB_00108l7q	BANC_888:720575941590068548	right side of organism	has_soma_location	BANC888	doi:10.1038/s41586-026-10735-w	BANC_v888 260702
VFB_00108l7r	BANC_888:720575941590070084	left side of organism	has_soma_location	BANC888	doi:10.1038/s41586-026-10735-w	BANC_v888 260702
VFB_0010545d	BANC_888:720575941590072119	left side of organism	has_soma_location	BANC888	doi:10.1038/s41586-026-10735-w	BANC_v888 260702
VFB_0010545e	BANC_888:720575941590072972	right side of organism	has_soma_location	BANC888	doi:10.1038/s41586-026-10735-w	BANC_v888 260702
VFB_0010545f	BANC_888:720575941590074167	left side of organism	has_soma_location	BANC888	doi:10.1038/s41586-026-10735-w	BANC_v888 260702
VFB_00108l7s	BANC_888:720575941590076228	left side of organism	has_soma_location	BANC888	doi:10.1038/s41586-026-10735-w	BANC_v888 260702
VFB_0010545h	BANC_888:720575941590077580	right side of organism	has_soma_location	BANC888	doi:10.1038/s41586-026-10735-w	BANC_v888 260702
VFB_0010545i	BANC_888:720575941590077836	right side of organism	has_soma_location	BANC888	doi:10.1038/s41586-026-10735-w	BANC_v888 260702
VFB_0010545j	BANC_888:720575941590078860	right side of organism	has_soma_location	BANC888	doi:10.1038/s41586-026-10735-w	BANC_v888 260702
VFB_00108l7t	BANC_888:720575941590081348	left side of organism	has_soma_location	BANC888	doi:10.1038/s41586-026-10735-w	BANC_v888 260702
VFB_00108l7u	BANC_888:720575941590083140	right side of organism	has_soma_location	BANC888	doi:10.1038/s41586-026-10735-w	BANC_v888 260702
VFB_0010545k	BANC_888:720575941590083468	right side of organism	has_soma_location	BANC888	doi:10.1038/s41586-026-10735-w	BANC_v888 260702
VFB_00108l7v	BANC_888:720575941590084676	left side of organism	has_soma_location	BANC888	doi:10.1038/s41586-026-10735-w	BANC_v888 260702
VFB_0010545l	BANC_888:720575941590084748	right side of organism	has_soma_location	BANC888	doi:10.1038/s41586-026-10735-w	BANC_v888 260702
VFB_0010545n	BANC_888:720575941590086455	left side of organism	has_soma_location	BANC888	doi:10.1038/s41586-026-10735-w	BANC_v888 260702
VFB_0010545o	BANC_888:720575941590087820	right side of organism	has_soma_location	BANC888	doi:10.1038/s41586-026-10735-w	BANC_v888 260702
VFB_0010545p	BANC_888:720575941590088190	right side of organism	has_soma_location	BANC888	doi:10.1038/s41586-026-10735-w	BANC_v888 260702
VFB_0010545q	BANC_888:720575941590088446	right side of organism	has_soma_location	BANC888	doi:10.1038/s41586-026-10735-w	BANC_v888 260702
VFB_00108l7w	BANC_888:720575941590088503	left side of organism	has_soma_location	BANC888	doi:10.1038/s41586-026-10735-w	BANC_v888 260702
VFB_0010545r	BANC_888:720575941590090039	right side of organism	has_soma_location	BANC888	doi:10.1038/s41586-026-10735-w	BANC_v888 260702
VFB_0010545s	BANC_888:720575941590092855	left side of organism	has_soma_location	BANC888	doi:10.1038/s41586-026-10735-w	BANC_v888 260702
VFB_0010545t	BANC_888:720575941590096268	right side of organism	has_soma_location	BANC888	doi:10.1038/s41586-026-10735-w	BANC_v888 260702
VFB_0010545u	BANC_888:720575941590096524	left side of organism	has_soma_location	BANC888	doi:10.1038/s41586-026-10735-w	BANC_v888 260702
VFB_00108l7x	BANC_888:720575941590099012	right side of organism	has_soma_location	BANC888	doi:10.1038/s41586-026-10735-w	BANC_v888 260702
VFB_0010545v	BANC_888:720575941590104375	right side of organism	has_soma_location	BANC888	doi:10.1038/s41586-026-10735-w	BANC_v888 260702
VFB_0010545w	BANC_888:720575941590104574	right side of organism	has_soma_location	BANC888	doi:10.1038/s41586-026-10735-w	BANC_v888 260702
VFB_00108l7y	BANC_888:720575941590105412	left side of organism	has_soma_location	BANC888	doi:10.1038/s41586-026-10735-w	BANC_v888 260702
VFB_00108l7z	BANC_888:720575941590110788	left side of organism	has_soma_location	BANC888	doi:10.1038/s41586-026-10735-w	BANC_v888 260702
VFB_0010545x	BANC_888:720575941590111628	right side of organism	has_soma_location	BANC888	doi:10.1038/s41586-026-10735-w	BANC_v888 260702
VFB_0010545y	BANC_888:720575941590112040	left side of organism	has_soma_location	BANC888	doi:10.1038/s41586-026-10735-w	BANC_v888 260702
VFB_00105460	BANC_888:720575941590117630	right side of organism	has_soma_location	BANC888	doi:10.1038/s41586-026-10735-w	BANC_v888 260702
VFB_00105461	BANC_888:720575941590118398	right side of organism	has_soma_location	BANC888	doi:10.1038/s41586-026-10735-w	BANC_v888 260702
VFB_00105462	BANC_888:720575941590118654	right side of organism	has_soma_location	BANC888	doi:10.1038/s41586-026-10735-w	BANC_v888 260702
VFB_00105463	BANC_888:720575941590123063	left side of organism	has_soma_location	BANC888	doi:10.1038/s41586-026-10735-w	BANC_v888 260702
VFB_00105464	BANC_888:720575941590127912	right side of organism	has_soma_location	BANC888	doi:10.1038/s41586-026-10735-w	BANC_v888 260702
VFB_00105465	BANC_888:720575941590130174	right side of organism	has_soma_location	BANC888	doi:10.1038/s41586-026-10735-w	BANC_v888 260702
VFB_00105466	BANC_888:720575941590130316	right side of organism	has_soma_location	BANC888	doi:10.1038/s41586-026-10735-w	BANC_v888 260702
VFB_00105467	BANC_888:720575941590130572	right side of organism	has_soma_location	BANC888	doi:10.1038/s41586-026-10735-w	BANC_v888 260702
VFB_00108l80	BANC_888:720575941590131454	right side of organism	has_soma_location	BANC888	doi:10.1038/s41586-026-10735-w	BANC_v888 260702
VFB_00105468	BANC_888:720575941590136360	left side of organism	has_soma_location	BANC888	doi:10.1038/s41586-026-10735-w	BANC_v888 260702
VFB_00108l81	BANC_888:720575941590136644	left side of organism	has_soma_location	BANC888	doi:10.1038/s41586-026-10735-w	BANC_v888 260702
VFB_00108l82	BANC_888:720575941590141751	right side of organism	has_soma_location	BANC888	doi:10.1038/s41586-026-10735-w	BANC_v888 260702
VFB_00105469	BANC_888:720575941590148862	right side of organism	has_soma_location	BANC888	doi:10.1038/s41586-026-10735-w	BANC_v888 260702
VFB_00108l83	BANC_888:720575941590150455	right side of organism	has_soma_location	BANC888	doi:10.1038/s41586-026-10735-w	BANC_v888 260702
VFB_00108l84	BANC_888:720575941590150724	left side of organism	has_soma_location	BANC888	doi:10.1038/s41586-026-10735-w	BANC_v888 260702
VFB_00108l85	BANC_888:720575941590151748	right side of organism	has_soma_location	BANC888	doi:10.1038/s41586-026-10735-w	BANC_v888 260702
VFB_00108l86	BANC_888:720575941590161732	left side of organism	has_soma_location	BANC888	doi:10.1038/s41586-026-10735-w	BANC_v888 260702
VFB_00108l87	BANC_888:720575941590168644	right side of organism	has_soma_location	BANC888	doi:10.1038/s41586-026-10735-w	BANC_v888 260702
VFB_00108l88	BANC_888:720575941590170110	right side of organism	has_soma_location	BANC888	doi:10.1038/s41586-026-10735-w	BANC_v888 260702
VFB_0010546e	BANC_888:720575941590171447	right side of organism	has_soma_location	BANC888	doi:10.1038/s41586-026-10735-w	BANC_v888 260702
VFB_00108l89	BANC_888:720575941590171716	left side of organism	has_soma_location	BANC888	doi:10.1038/s41586-026-10735-w	BANC_v888 260702
VFB_00108l8a	BANC_888:720575941590179895	right side of organism	has_soma_location	BANC888	doi:10.1038/s41586-026-10735-w	BANC_v888 260702
VFB_00108l8b	BANC_888:720575941590181188	left side of organism	has_soma_location	BANC888	doi:10.1038/s41586-026-10735-w	BANC_v888 260702
VFB_00108l8c	BANC_888:720575941590189367	right side of organism	has_soma_location	BANC888	doi:10.1038/s41586-026-10735-w	BANC_v888 260702
VFB_0010546f	BANC_888:720575941590190590	left side of organism	has_soma_location	BANC888	doi:10.1038/s41586-026-10735-w	BANC_v888 260702
VFB_0010546g	BANC_888:720575941590190632	right side of organism	has_soma_location	BANC888	doi:10.1038/s41586-026-10735-w	BANC_v888 260702
VFB_0010546h	BANC_888:720575941590190846	left side of organism	has_soma_location	BANC888	doi:10.1038/s41586-026-10735-w	BANC_v888 260702
VFB_00108l8d	BANC_888:720575941590196791	right side of organism	has_soma_location	BANC888	doi:10.1038/s41586-026-10735-w	BANC_v888 260702
VFB_0010546i	BANC_888:720575941590197032	right side of organism	has_soma_location	BANC888	doi:10.1038/s41586-026-10735-w	BANC_v888 260702
VFB_00108l8e	BANC_888:720575941590199108	left side of organism	has_soma_location	BANC888	doi:10.1038/s41586-026-10735-w	BANC_v888 260702
VFB_0010546j	BANC_888:720575941590200574	right side of organism	has_soma_location	BANC888	doi:10.1038/s41586-026-10735-w	BANC_v888 260702
VFB_00108l8f	BANC_888:720575941590201412	left side of organism	has_soma_location	BANC888	doi:10.1038/s41586-026-10735-w	BANC_v888 260702
VFB_0010546k	BANC_888:720575941590202423	right side of organism	has_soma_location	BANC888	doi:10.1038/s41586-026-10735-w	BANC_v888 260702
VFB_0010546l	BANC_888:720575941590202878	right side of organism	has_soma_location	BANC888	doi:10.1038/s41586-026-10735-w	BANC_v888 260702
VFB_00108l8g	BANC_888:720575941590204484	left side of organism	has_soma_location	BANC888	doi:10.1038/s41586-026-10735-w	BANC_v888 260702
VFB_00108l8h	BANC_888:720575941590204996	left side of organism	has_soma_location	BANC888	doi:10.1038/s41586-026-10735-w	BANC_v888 260702
VFB_0010546n	BANC_888:720575941590206519	right side of organism	has_soma_location	BANC888	doi:10.1038/s41586-026-10735-w	BANC_v888 260702
VFB_0010546o	BANC_888:720575941590208055	right side of organism	has_soma_location	BANC888	doi:10.1038/s41586-026-10735-w	BANC_v888 260702
VFB_00108l8i	BANC_888:720575941590209348	left side of organism	has_soma_location	BANC888	doi:10.1038/s41586-026-10735-w	BANC_v888 260702
VFB_0010546p	BANC_888:720575941590209591	left side of organism	has_soma_location	BANC888	doi:10.1038/s41586-026-10735-w	BANC_v888 260702
VFB_00108l8j	BANC_888:720575941590210302	left side of organism	has_soma_location	BANC888	doi:10.1038/s41586-026-10735-w	BANC_v888 260702
VFB_0010546r	BANC_888:720575941590212151	right side of organism	has_soma_location	BANC888	doi:10.1038/s41586-026-10735-w	BANC_v888 260702
VFB_00108l8k	BANC_888:720575941590213260	left side of organism	has_soma_location	BANC888	doi:10.1038/s41586-026-10735-w	BANC_v888 260702
VFB_00108l8l	BANC_888:720575941590215748	right side of organism	has_soma_location	BANC888	doi:10.1038/s41586-026-10735-w	BANC_v888 260702
VFB_0010546s	BANC_888:720575941590217271	left side of organism	has_soma_location	BANC888	doi:10.1038/s41586-026-10735-w	BANC_v888 260702
VFB_00108l8m	BANC_888:720575941590218052	right side of organism	has_soma_location	BANC888	doi:10.1038/s41586-026-10735-w	BANC_v888 260702
VFB_0010546t	BANC_888:720575941590219518	right side of organism	has_soma_location	BANC888	doi:10.1038/s41586-026-10735-w	BANC_v888 260702
VFB_0010546u	BANC_888:720575941590220684	left side of organism	has_soma_location	BANC888	doi:10.1038/s41586-026-10735-w	BANC_v888 260702
VFB_0010546w	BANC_888:720575941590222647	left side of organism	has_soma_location	BANC888	doi:10.1038/s41586-026-10735-w	BANC_v888 260702
VFB_00108l8n	BANC_888:720575941590222660	left side of organism	has_soma_location	BANC888	doi:10.1038/s41586-026-10735-w	BANC_v888 260702
VFB_00108l8o	BANC_888:720575941590223172	left side of organism	has_soma_location	BANC888	doi:10.1038/s41586-026-10735-w	BANC_v888 260702
VFB_0010546x	BANC_888:720575941590223358	right side of organism	has_soma_location	BANC888	doi:10.1038/s41586-026-10735-w	BANC_v888 260702
VFB_00108l8p	BANC_888:720575941590223684	left side of organism	has_soma_location	BANC888	doi:10.1038/s41586-026-10735-w	BANC_v888 260702
VFB_0010546y	BANC_888:720575941590223927	left side of organism	has_soma_location	BANC888	doi:10.1038/s41586-026-10735-w	BANC_v888 260702
VFB_0010546z	BANC_888:720575941590227511	left side of organism	has_soma_location	BANC888	doi:10.1038/s41586-026-10735-w	BANC_v888 260702
VFB_00105470	BANC_888:720575941590228023	right side of organism	has_soma_location	BANC888	doi:10.1038/s41586-026-10735-w	BANC_v888 260702
VFB_00105471	BANC_888:720575941590229815	right side of organism	has_soma_location	BANC888	doi:10.1038/s41586-026-10735-w	BANC_v888 260702
VFB_00108l8q	BANC_888:720575941590229828	right side of organism	has_soma_location	BANC888	doi:10.1038/s41586-026-10735-w	BANC_v888 260702
VFB_00105472	BANC_888:720575941590230839	right side of organism	has_soma_location	BANC888	doi:10.1038/s41586-026-10735-w	BANC_v888 260702
VFB_00105473	BANC_888:720575941590231080	right side of organism	has_soma_location	BANC888	doi:10.1038/s41586-026-10735-w	BANC_v888 260702
VFB_00105474	BANC_888:720575941590232631	right side of organism	has_soma_location	BANC888	doi:10.1038/s41586-026-10735-w	BANC_v888 260702
VFB_00108l8r	BANC_888:720575941590232644	left side of organism	has_soma_location	BANC888	doi:10.1038/s41586-026-10735-w	BANC_v888 260702
VFB_00105475	BANC_888:720575941590233640	right side of organism	has_soma_location	BANC888	doi:10.1038/s41586-026-10735-w	BANC_v888 260702
VFB_00105476	BANC_888:720575941590237580	right side of organism	has_soma_location	BANC888	doi:10.1038/s41586-026-10735-w	BANC_v888 260702
VFB_00108l8s	BANC_888:720575941590239300	right side of organism	has_soma_location	BANC888	doi:10.1038/s41586-026-10735-w	BANC_v888 260702
VFB_00108l8t	BANC_888:720575941590239799	right side of organism	has_soma_location	BANC888	doi:10.1038/s41586-026-10735-w	BANC_v888 260702
VFB_00108l8u	BANC_888:720575941590239812	right side of organism	has_soma_location	BANC888	doi:10.1038/s41586-026-10735-w	BANC_v888 260702
VFB_00105478	BANC_888:720575941590241591	left side of organism	has_soma_location	BANC888	doi:10.1038/s41586-026-10735-w	BANC_v888 260702
VFB_00105479	BANC_888:720575941590242359	right side of organism	has_soma_location	BANC888	doi:10.1038/s41586-026-10735-w	BANC_v888 260702
VFB_00108l8v	BANC_888:720575941590243140	right side of organism	has_soma_location	BANC888	doi:10.1038/s41586-026-10735-w	BANC_v888 260702
VFB_0010547a	BANC_888:720575941590248844	right side of organism	has_soma_location	BANC888	doi:10.1038/s41586-026-10735-w	BANC_v888 260702
VFB_0010547b	BANC_888:720575941590250536	left side of organism	has_soma_location	BANC888	doi:10.1038/s41586-026-10735-w	BANC_v888 260702
VFB_00108l8w	BANC_888:720575941590252100	left side of organism	has_soma_location	BANC888	doi:10.1038/s41586-026-10735-w	BANC_v888 260702
VFB_0010547d	BANC_888:720575941590252172	left side of organism	has_soma_location	BANC888	doi:10.1038/s41586-026-10735-w	BANC_v888 260702
VFB_00108l8x	BANC_888:720575941590253892	left side of organism	has_soma_location	BANC888	doi:10.1038/s41586-026-10735-w	BANC_v888 260702
VFB_00108l8y	BANC_888:720575941590254135	left side of organism	has_soma_location	BANC888	doi:10.1038/s41586-026-10735-w	BANC_v888 260702
VFB_00108l8z	BANC_888:720575941590254404	right side of organism	has_soma_location	BANC888	doi:10.1038/s41586-026-10735-w	BANC_v888 260702
VFB_00108l90	BANC_888:720575941590255940	left side of organism	has_soma_location	BANC888	doi:10.1038/s41586-026-10735-w	BANC_v888 260702
VFB_0010547e	BANC_888:720575941590256695	left side of organism	has_soma_location	BANC888	doi:10.1038/s41586-026-10735-w	BANC_v888 260702
VFB_00108l91	BANC_888:720575941590256708	right side of organism	has_soma_location	BANC888	doi:10.1038/s41586-026-10735-w	BANC_v888 260702
VFB_00108l92	BANC_888:720575941590256951	right side of organism	has_soma_location	BANC888	doi:10.1038/s41586-026-10735-w	BANC_v888 260702
VFB_00108l93	BANC_888:720575941590257207	right side of organism	has_soma_location	BANC888	doi:10.1038/s41586-026-10735-w	BANC_v888 260702
VFB_0010547f	BANC_888:720575941590259240	right side of organism	has_soma_location	BANC888	doi:10.1038/s41586-026-10735-w	BANC_v888 260702
VFB_00108l94	BANC_888:720575941590260548	left side of organism	has_soma_location	BANC888	doi:10.1038/s41586-026-10735-w	BANC_v888 260702
VFB_00108l95	BANC_888:720575941590261828	left side of organism	has_soma_location	BANC888	doi:10.1038/s41586-026-10735-w	BANC_v888 260702
VFB_00108l96	BANC_888:720575941590262596	left side of organism	has_soma_location	BANC888	doi:10.1038/s41586-026-10735-w	BANC_v888 260702
VFB_0010547g	BANC_888:720575941590264375	right side of organism	has_soma_location	BANC888	doi:10.1038/s41586-026-10735-w	BANC_v888 260702
VFB_00108l97	BANC_888:720575941590266167	left side of organism	has_soma_location	BANC888	doi:10.1038/s41586-026-10735-w	BANC_v888 260702
VFB_00108l98	BANC_888:720575941590269252	left side of organism	has_soma_location	BANC888	doi:10.1038/s41586-026-10735-w	BANC_v888 260702
VFB_0010547h	BANC_888:720575941590273064	right side of organism	has_soma_location	BANC888	doi:10.1038/s41586-026-10735-w	BANC_v888 260702
VFB_0010547i	BANC_888:720575941590276919	left side of organism	has_soma_location	BANC888	doi:10.1038/s41586-026-10735-w	BANC_v888 260702
VFB_0010547j	BANC_888:720575941590277687	right side of organism	has_soma_location	BANC888	doi:10.1038/s41586-026-10735-w	BANC_v888 260702
VFB_00108l99	BANC_888:720575941590278199	right side of organism	has_soma_location	BANC888	doi:10.1038/s41586-026-10735-w	BANC_v888 260702
VFB_0010547l	BANC_888:720575941590279208	right side of organism	has_soma_location	BANC888	doi:10.1038/s41586-026-10735-w	BANC_v888 260702
VFB_00108l9a	BANC_888:720575941590280759	left side of organism	has_soma_location	BANC888	doi:10.1038/s41586-026-10735-w	BANC_v888 260702
VFB_00108l9b	BANC_888:720575941590283262	left side of organism	has_soma_location	BANC888	doi:10.1038/s41586-026-10735-w	BANC_v888 260702
VFB_00108l9c	BANC_888:720575941590284356	left side of organism	has_soma_location	BANC888	doi:10.1038/s41586-026-10735-w	BANC_v888 260702
VFB_0010547m	BANC_888:720575941590285096	right side of organism	has_soma_location	BANC888	doi:10.1038/s41586-026-10735-w	BANC_v888 260702
VFB_00108l9d	BANC_888:720575941590287927	left side of organism	has_soma_location	BANC888	doi:10.1038/s41586-026-10735-w	BANC_v888 260702
VFB_00108l9e	BANC_888:720575941590288183	left side of organism	has_soma_location	BANC888	doi:10.1038/s41586-026-10735-w	BANC_v888 260702
VFB_0010547n	BANC_888:720575941590291084	left side of organism	has_soma_location	BANC888	doi:10.1038/s41586-026-10735-w	BANC_v888 260702
VFB_00108l9f	BANC_888:720575941590293502	right side of organism	has_soma_location	BANC888	doi:10.1038/s41586-026-10735-w	BANC_v888 260702
VFB_00108l9g	BANC_888:720575941590293559	left side of organism	has_soma_location	BANC888	doi:10.1038/s41586-026-10735-w	BANC_v888 260702
VFB_0010547o	BANC_888:720575941590293900	right side of organism	has_soma_location	BANC888	doi:10.1038/s41586-026-10735-w	BANC_v888 260702
VFB_00108l9h	BANC_888:720575941590294084	right side of organism	has_soma_location	BANC888	doi:10.1038/s41586-026-10735-w	BANC_v888 260702
VFB_0010547p	BANC_888:720575941590294824	left side of organism	has_soma_location	BANC888	doi:10.1038/s41586-026-10735-w	BANC_v888 260702
VFB_00108l9i	BANC_888:720575941590295108	left side of organism	has_soma_location	BANC888	doi:10.1038/s41586-026-10735-w	BANC_v888 260702
VFB_00108l9j	BANC_888:720575941590305092	right side of organism	has_soma_location	BANC888	doi:10.1038/s41586-026-10735-w	BANC_v888 260702
VFB_00108l9k	BANC_888:720575941590305832	right side of organism	has_soma_location	BANC888	doi:10.1038/s41586-026-10735-w	BANC_v888 260702
VFB_00108l9l	BANC_888:720575941590306116	right side of organism	has_soma_location	BANC888	doi:10.1038/s41586-026-10735-w	BANC_v888 260702
VFB_00108l9m	BANC_888:720575941590306344	right side of organism	has_soma_location	BANC888	doi:10.1038/s41586-026-10735-w	BANC_v888 260702
VFB_00108l9n	BANC_888:720575941590306372	right side of organism	has_soma_location	BANC888	doi:10.1038/s41586-026-10735-w	BANC_v888 260702
VFB_00108l9o	BANC_888:720575941590307140	right side of organism	has_soma_location	BANC888	doi:10.1038/s41586-026-10735-w	BANC_v888 260702
VFB_0010547r	BANC_888:720575941590309416	left side of organism	has_soma_location	BANC888	doi:10.1038/s41586-026-10735-w	BANC_v888 260702
VFB_00108l9p	BANC_888:720575941590315518	right side of organism	has_soma_location	BANC888	doi:10.1038/s41586-026-10735-w	BANC_v888 260702
VFB_0010547t	BANC_888:720575941590315560	right side of organism	has_soma_location	BANC888	doi:10.1038/s41586-026-10735-w	BANC_v888 260702
VFB_0010547u	BANC_888:720575941590317054	right side of organism	has_soma_location	BANC888	doi:10.1038/s41586-026-10735-w	BANC_v888 260702
VFB_0010547v	BANC_888:720575941590317352	right side of organism	has_soma_location	BANC888	doi:10.1038/s41586-026-10735-w	BANC_v888 260702
VFB_00108l9q	BANC_888:720575941590319159	left side of organism	has_soma_location	BANC888	doi:10.1038/s41586-026-10735-w	BANC_v888 260702
VFB_00108l9r	BANC_888:720575941590323012	right side of organism	has_soma_location	BANC888	doi:10.1038/s41586-026-10735-w	BANC_v888 260702
VFB_00108l9s	BANC_888:720575941590323780	right side of organism	has_soma_location	BANC888	doi:10.1038/s41586-026-10735-w	BANC_v888 260702
VFB_0010547x	BANC_888:720575941590325800	left side of organism	has_soma_location	BANC888	doi:10.1038/s41586-026-10735-w	BANC_v888 260702
VFB_00108l9t	BANC_888:720575941590330436	right side of organism	has_soma_location	BANC888	doi:10.1038/s41586-026-10735-w	BANC_v888 260702
VFB_0010547y	BANC_888:720575941590331134	right side of organism	has_soma_location	BANC888	doi:10.1038/s41586-026-10735-w	BANC_v888 260702
VFB_00108l9u	BANC_888:720575941590336324	right side of organism	has_soma_location	BANC888	doi:10.1038/s41586-026-10735-w	BANC_v888 260702
VFB_0010547z	BANC_888:720575941590338088	left side of organism	has_soma_location	BANC888	doi:10.1038/s41586-026-10735-w	BANC_v888 260702
VFB_00105480	BANC_888:720575941590338558	right side of organism	has_soma_location	BANC888	doi:10.1038/s41586-026-10735-w	BANC_v888 260702
VFB_00108l9v	BANC_888:720575941590340676	left side of organism	has_soma_location	BANC888	doi:10.1038/s41586-026-10735-w	BANC_v888 260702
VFB_00105481	BANC_888:720575941590341516	right side of organism	has_soma_location	BANC888	doi:10.1038/s41586-026-10735-w	BANC_v888 260702
VFB_00105482	BANC_888:720575941590342028	left side of organism	has_soma_location	BANC888	doi:10.1038/s41586-026-10735-w	BANC_v888 260702
VFB_00105483	BANC_888:720575941590342440	right side of organism	has_soma_location	BANC888	doi:10.1038/s41586-026-10735-w	BANC_v888 260702
VFB_00108l9w	BANC_888:720575941590347076	left side of organism	has_soma_location	BANC888	doi:10.1038/s41586-026-10735-w	BANC_v888 260702
VFB_00108l9x	BANC_888:720575941590348100	left side of organism	has_soma_location	BANC888	doi:10.1038/s41586-026-10735-w	BANC_v888 260702
VFB_00105484	BANC_888:720575941590349352	right side of organism	has_soma_location	BANC888	doi:10.1038/s41586-026-10735-w	BANC_v888 260702
VFB_00108l9y	BANC_888:720575941590349636	left side of organism	has_soma_location	BANC888	doi:10.1038/s41586-026-10735-w	BANC_v888 260702
VFB_00108l9z	BANC_888:720575941590351358	right side of organism	has_soma_location	BANC888	doi:10.1038/s41586-026-10735-w	BANC_v888 260702
VFB_00108la0	BANC_888:720575941590354430	right side of organism	has_soma_location	BANC888	doi:10.1038/s41586-026-10735-w	BANC_v888 260702
VFB_00108la1	BANC_888:720575941590357060	left side of organism	has_soma_location	BANC888	doi:10.1038/s41586-026-10735-w	BANC_v888 260702
VFB_00108la2	BANC_888:720575941590358084	left side of organism	has_soma_location	BANC888	doi:10.1038/s41586-026-10735-w	BANC_v888 260702
VFB_00105485	BANC_888:720575941590358156	left side of organism	has_soma_location	BANC888	doi:10.1038/s41586-026-10735-w	BANC_v888 260702
VFB_00105486	BANC_888:720575941590358583	right side of organism	has_soma_location	BANC888	doi:10.1038/s41586-026-10735-w	BANC_v888 260702
VFB_00105487	BANC_888:720575941590358668	right side of organism	has_soma_location	BANC888	doi:10.1038/s41586-026-10735-w	BANC_v888 260702
VFB_00108la3	BANC_888:720575941590361911	left side of organism	has_soma_location	BANC888	doi:10.1038/s41586-026-10735-w	BANC_v888 260702
VFB_00105488	BANC_888:720575941590362408	right side of organism	has_soma_location	BANC888	doi:10.1038/s41586-026-10735-w	BANC_v888 260702
VFB_00108la4	BANC_888:720575941590364215	right side of organism	has_soma_location	BANC888	doi:10.1038/s41586-026-10735-w	BANC_v888 260702
VFB_00108la5	BANC_888:720575941590365764	left side of organism	has_soma_location	BANC888	doi:10.1038/s41586-026-10735-w	BANC_v888 260702
VFB_00108la6	BANC_888:720575941590367031	left side of organism	has_soma_location	BANC888	doi:10.1038/s41586-026-10735-w	BANC_v888 260702
VFB_00108la7	BANC_888:720575941590369348	left side of organism	has_soma_location	BANC888	doi:10.1038/s41586-026-10735-w	BANC_v888 260702
VFB_00108la8	BANC_888:720575941590369604	left side of organism	has_soma_location	BANC888	doi:10.1038/s41586-026-10735-w	BANC_v888 260702
VFB_00108la9	BANC_888:720575941590370116	left side of organism	has_soma_location	BANC888	doi:10.1038/s41586-026-10735-w	BANC_v888 260702
VFB_00108laa	BANC_888:720575941590370628	left side of organism	has_soma_location	BANC888	doi:10.1038/s41586-026-10735-w	BANC_v888 260702
VFB_00108lab	BANC_888:720575941590380100	left side of organism	has_soma_location	BANC888	doi:10.1038/s41586-026-10735-w	BANC_v888 260702
VFB_00108lac	BANC_888:720575941590381380	left side of organism	has_soma_location	BANC888	doi:10.1038/s41586-026-10735-w	BANC_v888 260702
VFB_00108lad	BANC_888:720575941590381892	right side of organism	has_soma_location	BANC888	doi:10.1038/s41586-026-10735-w	BANC_v888 260702
VFB_00108lae	BANC_888:720575941590383684	right side of organism	has_soma_location	BANC888	doi:10.1038/s41586-026-10735-w	BANC_v888 260702
VFB_00108laf	BANC_888:720575941590383940	left side of organism	has_soma_location	BANC888	doi:10.1038/s41586-026-10735-w	BANC_v888 260702
VFB_00108lag	BANC_888:720575941590387012	right side of organism	has_soma_location	BANC888	doi:10.1038/s41586-026-10735-w	BANC_v888 260702
VFB_0010548b	BANC_888:720575941590387084	right side of organism	has_soma_location	BANC888	doi:10.1038/s41586-026-10735-w	BANC_v888 260702
VFB_00108lah	BANC_888:720575941590387268	right side of organism	has_soma_location	BANC888	doi:10.1038/s41586-026-10735-w	BANC_v888 260702
VFB_0010548c	BANC_888:720575941590399742	right side of organism	has_soma_location	BANC888	doi:10.1038/s41586-026-10735-w	BANC_v888 260702
VFB_00108lai	BANC_888:720575941590399812	right side of organism	has_soma_location	BANC888	doi:10.1038/s41586-026-10735-w	BANC_v888 260702
VFB_0010548d	BANC_888:720575941590400254	right side of organism	has_soma_location	BANC888	doi:10.1038/s41586-026-10735-w	BANC_v888 260702
VFB_0010548e	BANC_888:720575941590401164	left side of organism	has_soma_location	BANC888	doi:10.1038/s41586-026-10735-w	BANC_v888 260702
VFB_00108laj	BANC_888:720575941590401335	left side of organism	has_soma_location	BANC888	doi:10.1038/s41586-026-10735-w	BANC_v888 260702
VFB_00108lak	BANC_888:720575941590402359	left side of organism	has_soma_location	BANC888	doi:10.1038/s41586-026-10735-w	BANC_v888 260702
VFB_0010548f	BANC_888:720575941590403326	right side of organism	has_soma_location	BANC888	doi:10.1038/s41586-026-10735-w	BANC_v888 260702
VFB_0010548g	BANC_888:720575941590403639	right side of organism	has_soma_location	BANC888	doi:10.1038/s41586-026-10735-w	BANC_v888 260702
VFB_00108lal	BANC_888:720575941590409028	left side of organism	has_soma_location	BANC888	doi:10.1038/s41586-026-10735-w	BANC_v888 260702
VFB_00108lam	BANC_888:720575941590411774	right side of organism	has_soma_location	BANC888	doi:10.1038/s41586-026-10735-w	BANC_v888 260702
VFB_00108lan	BANC_888:720575941590411844	right side of organism	has_soma_location	BANC888	doi:10.1038/s41586-026-10735-w	BANC_v888 260702
VFB_00108lao	BANC_888:720575941590412100	left side of organism	has_soma_location	BANC888	doi:10.1038/s41586-026-10735-w	BANC_v888 260702
VFB_00108lap	BANC_888:720575941590413380	left side of organism	has_soma_location	BANC888	doi:10.1038/s41586-026-10735-w	BANC_v888 260702
VFB_0010548i	BANC_888:720575941590413708	right side of organism	has_soma_location	BANC888	doi:10.1038/s41586-026-10735-w	BANC_v888 260702
VFB_00108laq	BANC_888:720575941590415684	left side of organism	has_soma_location	BANC888	doi:10.1038/s41586-026-10735-w	BANC_v888 260702
VFB_00108lar	BANC_888:720575941590415940	left side of organism	has_soma_location	BANC888	doi:10.1038/s41586-026-10735-w	BANC_v888 260702
VFB_0010548j	BANC_888:720575941590417662	right side of organism	has_soma_location	BANC888	doi:10.1038/s41586-026-10735-w	BANC_v888 260702
VFB_00108las	BANC_888:720575941590417975	left side of organism	has_soma_location	BANC888	doi:10.1038/s41586-026-10735-w	BANC_v888 260702
VFB_00108lat	BANC_888:720575941590417988	right side of organism	has_soma_location	BANC888	doi:10.1038/s41586-026-10735-w	BANC_v888 260702
VFB_00108lau	BANC_888:720575941590419524	right side of organism	has_soma_location	BANC888	doi:10.1038/s41586-026-10735-w	BANC_v888 260702
VFB_00108lav	BANC_888:720575941590421060	right side of organism	has_soma_location	BANC888	doi:10.1038/s41586-026-10735-w	BANC_v888 260702
VFB_00108law	BANC_888:720575941590421316	right side of organism	has_soma_location	BANC888	doi:10.1038/s41586-026-10735-w	BANC_v888 260702
VFB_00108lax	BANC_888:720575941590422014	left side of organism	has_soma_location	BANC888	doi:10.1038/s41586-026-10735-w	BANC_v888 260702
VFB_00108lay	BANC_888:720575941590422340	left side of organism	has_soma_location	BANC888	doi:10.1038/s41586-026-10735-w	BANC_v888 260702
VFB_00108laz	BANC_888:720575941590423364	right side of organism	has_soma_location	BANC888	doi:10.1038/s41586-026-10735-w	BANC_v888 260702
VFB_00108lb0	BANC_888:720575941590433335	left side of organism	has_soma_location	BANC888	doi:10.1038/s41586-026-10735-w	BANC_v888 260702
VFB_00108lb1	BANC_888:720575941590434615	left side of organism	has_soma_location	BANC888	doi:10.1038/s41586-026-10735-w	BANC_v888 260702
VFB_0010548k	BANC_888:720575941590435070	right side of organism	has_soma_location	BANC888	doi:10.1038/s41586-026-10735-w	BANC_v888 260702
VFB_0010548l	BANC_888:720575941590438540	right side of organism	has_soma_location	BANC888	doi:10.1038/s41586-026-10735-w	BANC_v888 260702
VFB_00108lb2	BANC_888:720575941590438980	right side of organism	has_soma_location	BANC888	doi:10.1038/s41586-026-10735-w	BANC_v888 260702
VFB_0010548m	BANC_888:720575941590440332	left side of organism	has_soma_location	BANC888	doi:10.1038/s41586-026-10735-w	BANC_v888 260702
VFB_00108lb3	BANC_888:720575941590443319	left side of organism	has_soma_location	BANC888	doi:10.1038/s41586-026-10735-w	BANC_v888 260702
VFB_00108lb4	BANC_888:720575941590443332	right side of organism	has_soma_location	BANC888	doi:10.1038/s41586-026-10735-w	BANC_v888 260702
VFB_0010548n	BANC_888:720575941590444940	right side of organism	has_soma_location	BANC888	doi:10.1038/s41586-026-10735-w	BANC_v888 260702
VFB_00108lb5	BANC_888:720575941590449220	right side of organism	has_soma_location	BANC888	doi:10.1038/s41586-026-10735-w	BANC_v888 260702
VFB_0010548o	BANC_888:720575941590451084	left side of organism	has_soma_location	BANC888	doi:10.1038/s41586-026-10735-w	BANC_v888 260702
VFB_0010548q	BANC_888:720575941590455180	left side of organism	has_soma_location	BANC888	doi:10.1038/s41586-026-10735-w	BANC_v888 260702
VFB_00108lb6	BANC_888:720575941590455550	right side of organism	has_soma_location	BANC888	doi:10.1038/s41586-026-10735-w	BANC_v888 260702
VFB_00108lb7	BANC_888:720575941590455863	left side of organism	has_soma_location	BANC888	doi:10.1038/s41586-026-10735-w	BANC_v888 260702
VFB_00108lb8	BANC_888:720575941590456062	left side of organism	has_soma_location	BANC888	doi:10.1038/s41586-026-10735-w	BANC_v888 260702
VFB_00108lb9	BANC_888:720575941590456375	left side of organism	has_soma_location	BANC888	doi:10.1038/s41586-026-10735-w	BANC_v888 260702
VFB_0010548s	BANC_888:720575941590456716	left side of organism	has_soma_location	BANC888	doi:10.1038/s41586-026-10735-w	BANC_v888 260702
VFB_00108lba	BANC_888:720575941590457156	right side of organism	has_soma_location	BANC888	doi:10.1038/s41586-026-10735-w	BANC_v888 260702
VFB_0010548t	BANC_888:720575941590457484	right side of organism	has_soma_location	BANC888	doi:10.1038/s41586-026-10735-w	BANC_v888 260702
VFB_0010548u	BANC_888:720575941590457740	right side of organism	has_soma_location	BANC888	doi:10.1038/s41586-026-10735-w	BANC_v888 260702
VFB_00108lbb	BANC_888:720575941590459703	left side of organism	has_soma_location	BANC888	doi:10.1038/s41586-026-10735-w	BANC_v888 260702
VFB_0010548w	BANC_888:720575941590460556	left side of organism	has_soma_location	BANC888	doi:10.1038/s41586-026-10735-w	BANC_v888 260702
VFB_00108lbc	BANC_888:720575941590460996	left side of organism	has_soma_location	BANC888	doi:10.1038/s41586-026-10735-w	BANC_v888 260702
VFB_0010548x	BANC_888:720575941590461694	right side of organism	has_soma_location	BANC888	doi:10.1038/s41586-026-10735-w	BANC_v888 260702
VFB_00108lbd	BANC_888:720575941590461764	right side of organism	has_soma_location	BANC888	doi:10.1038/s41586-026-10735-w	BANC_v888 260702
VFB_0010548y	BANC_888:720575941590464875	left side of organism	has_soma_location	BANC888	doi:10.1038/s41586-026-10735-w	BANC_v888 260702
VFB_0010548z	BANC_888:720575941590464908	left side of organism	has_soma_location	BANC888	doi:10.1038/s41586-026-10735-w	BANC_v888 260702
VFB_00105491	BANC_888:720575941590466700	left side of organism	has_soma_location	BANC888	doi:10.1038/s41586-026-10735-w	BANC_v888 260702
VFB_00108lbe	BANC_888:720575941590468420	right side of organism	has_soma_location	BANC888	doi:10.1038/s41586-026-10735-w	BANC_v888 260702
VFB_00108lbf	BANC_888:720575941590468904	left side of organism	has_soma_location	BANC888	doi:10.1038/s41586-026-10735-w	BANC_v888 260702
VFB_00105492	BANC_888:720575941590469118	right side of organism	has_soma_location	BANC888	doi:10.1038/s41586-026-10735-w	BANC_v888 260702
VFB_00108lbg	BANC_888:720575941590469175	left side of organism	has_soma_location	BANC888	doi:10.1038/s41586-026-10735-w	BANC_v888 260702
VFB_00108lbh	BANC_888:720575941590469444	right side of organism	has_soma_location	BANC888	doi:10.1038/s41586-026-10735-w	BANC_v888 260702
VFB_00105493	BANC_888:720575941590469516	left side of organism	has_soma_location	BANC888	doi:10.1038/s41586-026-10735-w	BANC_v888 260702
VFB_00108lbi	BANC_888:720575941590470212	right side of organism	has_soma_location	BANC888	doi:10.1038/s41586-026-10735-w	BANC_v888 260702
VFB_00105494	BANC_888:720575941590470910	right side of organism	has_soma_location	BANC888	doi:10.1038/s41586-026-10735-w	BANC_v888 260702
VFB_00108lbj	BANC_888:720575941590471422	left side of organism	has_soma_location	BANC888	doi:10.1038/s41586-026-10735-w	BANC_v888 260702
VFB_00105495	BANC_888:720575941590471820	left side of organism	has_soma_location	BANC888	doi:10.1038/s41586-026-10735-w	BANC_v888 260702
VFB_00108lbk	BANC_888:720575941590474295	left side of organism	has_soma_location	BANC888	doi:10.1038/s41586-026-10735-w	BANC_v888 260702
VFB_00108lbl	BANC_888:720575941590476612	right side of organism	has_soma_location	BANC888	doi:10.1038/s41586-026-10735-w	BANC_v888 260702
VFB_00108lbm	BANC_888:720575941590477892	right side of organism	has_soma_location	BANC888	doi:10.1038/s41586-026-10735-w	BANC_v888 260702
VFB_00105496	BANC_888:720575941590478334	right side of organism	has_soma_location	BANC888	doi:10.1038/s41586-026-10735-w	BANC_v888 260702
VFB_00108lbn	BANC_888:720575941590479159	left side of organism	has_soma_location	BANC888	doi:10.1038/s41586-026-10735-w	BANC_v888 260702
VFB_00108lbo	BANC_888:720575941590479940	right side of organism	has_soma_location	BANC888	doi:10.1038/s41586-026-10735-w	BANC_v888 260702
VFB_00105497	BANC_888:720575941590480638	right side of organism	has_soma_location	BANC888	doi:10.1038/s41586-026-10735-w	BANC_v888 260702
VFB_00108lbp	BANC_888:720575941590486340	left side of organism	has_soma_location	BANC888	doi:10.1038/s41586-026-10735-w	BANC_v888 260702
VFB_00105499	BANC_888:720575941590487038	right side of organism	has_soma_location	BANC888	doi:10.1038/s41586-026-10735-w	BANC_v888 260702
VFB_00108lbq	BANC_888:720575941590490692	right side of organism	has_soma_location	BANC888	doi:10.1038/s41586-026-10735-w	BANC_v888 260702
VFB_00108lbr	BANC_888:720575941590492740	left side of organism	has_soma_location	BANC888	doi:10.1038/s41586-026-10735-w	BANC_v888 260702
VFB_00108lbs	BANC_888:720575941590493252	left side of organism	has_soma_location	BANC888	doi:10.1038/s41586-026-10735-w	BANC_v888 260702
VFB_00108lbt	BANC_888:720575941590493508	left side of organism	has_soma_location	BANC888	doi:10.1038/s41586-026-10735-w	BANC_v888 260702
VFB_00108lbu	BANC_888:720575941590494519	left side of organism	has_soma_location	BANC888	doi:10.1038/s41586-026-10735-w	BANC_v888 260702
VFB_00108lbv	BANC_888:720575941590495812	left side of organism	has_soma_location	BANC888	doi:10.1038/s41586-026-10735-w	BANC_v888 260702
VFB_00108lbw	BANC_888:720575941590497860	right side of organism	has_soma_location	BANC888	doi:10.1038/s41586-026-10735-w	BANC_v888 260702
VFB_0010549a	BANC_888:720575941590499838	right side of organism	has_soma_location	BANC888	doi:10.1038/s41586-026-10735-w	BANC_v888 260702
VFB_00108lbx	BANC_888:720575941590502199	left side of organism	has_soma_location	BANC888	doi:10.1038/s41586-026-10735-w	BANC_v888 260702
VFB_00108lby	BANC_888:720575941590503492	left side of organism	has_soma_location	BANC888	doi:10.1038/s41586-026-10735-w	BANC_v888 260702
VFB_0010549b	BANC_888:720575941590503678	right side of organism	has_soma_location	BANC888	doi:10.1038/s41586-026-10735-w	BANC_v888 260702
VFB_0010549c	BANC_888:720575941590504588	right side of organism	has_soma_location	BANC888	doi:10.1038/s41586-026-10735-w	BANC_v888 260702
VFB_00108lbz	BANC_888:720575941590506295	left side of organism	has_soma_location	BANC888	doi:10.1038/s41586-026-10735-w	BANC_v888 260702
VFB_0010549d	BANC_888:720575941590508840	right side of organism	has_soma_location	BANC888	doi:10.1038/s41586-026-10735-w	BANC_v888 260702
VFB_0010549e	BANC_888:720575941590514828	left side of organism	has_soma_location	BANC888	doi:10.1038/s41586-026-10735-w	BANC_v888 260702
VFB_00108lc0	BANC_888:720575941590517828	left side of organism	has_soma_location	BANC888	doi:10.1038/s41586-026-10735-w	BANC_v888 260702
VFB_00108lc1	BANC_888:720575941590520533	right side of organism	has_soma_location	BANC888	doi:10.1038/s41586-026-10735-w	BANC_v888 260702
VFB_0010549g	BANC_888:720575941590522764	right side of organism	has_soma_location	BANC888	doi:10.1038/s41586-026-10735-w	BANC_v888 260702
VFB_00108lc2	BANC_888:720575941590527799	left side of organism	has_soma_location	BANC888	doi:10.1038/s41586-026-10735-w	BANC_v888 260702
VFB_0010549h	BANC_888:720575941590528510	right side of organism	has_soma_location	BANC888	doi:10.1038/s41586-026-10735-w	BANC_v888 260702
VFB_00108lc3	BANC_888:720575941590534654	right side of organism	has_soma_location	BANC888	doi:10.1038/s41586-026-10735-w	BANC_v888 260702
VFB_00108lc4	BANC_888:720575941590540855	left side of organism	has_soma_location	BANC888	doi:10.1038/s41586-026-10735-w	BANC_v888 260702
VFB_00108lc5	BANC_888:720575941590542660	left side of organism	has_soma_location	BANC888	doi:10.1038/s41586-026-10735-w	BANC_v888 260702
VFB_00108lc6	BANC_888:720575941590543428	left side of organism	has_soma_location	BANC888	doi:10.1038/s41586-026-10735-w	BANC_v888 260702
VFB_0010549j	BANC_888:720575941590546174	right side of organism	has_soma_location	BANC888	doi:10.1038/s41586-026-10735-w	BANC_v888 260702
VFB_0010549k	BANC_888:720575941590546686	right side of organism	has_soma_location	BANC888	doi:10.1038/s41586-026-10735-w	BANC_v888 260702
VFB_0010549l	BANC_888:720575941590548222	left side of organism	has_soma_location	BANC888	doi:10.1038/s41586-026-10735-w	BANC_v888 260702
VFB_0010549m	BANC_888:720575941590549047	left side of organism	has_soma_location	BANC888	doi:10.1038/s41586-026-10735-w	BANC_v888 260702
VFB_00108lc7	BANC_888:720575941590550782	right side of organism	has_soma_location	BANC888	doi:10.1038/s41586-026-10735-w	BANC_v888 260702
VFB_00108lc8	BANC_888:720575941590551080	left side of organism	has_soma_location	BANC888	doi:10.1038/s41586-026-10735-w	BANC_v888 260702
VFB_0010549n	BANC_888:720575941590551294	right side of organism	has_soma_location	BANC888	doi:10.1038/s41586-026-10735-w	BANC_v888 260702
VFB_0010549o	BANC_888:720575941590551336	left side of organism	has_soma_location	BANC888	doi:10.1038/s41586-026-10735-w	BANC_v888 260702
VFB_0010549q	BANC_888:720575941590551592	right side of organism	has_soma_location	BANC888	doi:10.1038/s41586-026-10735-w	BANC_v888 260702
VFB_00108lc9	BANC_888:720575941590557252	left side of organism	has_soma_location	BANC888	doi:10.1038/s41586-026-10735-w	BANC_v888 260702
VFB_0010549r	BANC_888:720575941590557836	left side of organism	has_soma_location	BANC888	doi:10.1038/s41586-026-10735-w	BANC_v888 260702
VFB_0010549s	BANC_888:720575941590558462	right side of organism	has_soma_location	BANC888	doi:10.1038/s41586-026-10735-w	BANC_v888 260702
VFB_0010549t	BANC_888:720575941590559784	right side of organism	has_soma_location	BANC888	doi:10.1038/s41586-026-10735-w	BANC_v888 260702
VFB_0010549v	BANC_888:720575941590561022	right side of organism	has_soma_location	BANC888	doi:10.1038/s41586-026-10735-w	BANC_v888 260702
VFB_0010549x	BANC_888:720575941590570750	left side of organism	has_soma_location	BANC888	doi:10.1038/s41586-026-10735-w	BANC_v888 260702
VFB_00108lca	BANC_888:720575941590571332	left side of organism	has_soma_location	BANC888	doi:10.1038/s41586-026-10735-w	BANC_v888 260702
VFB_0010549y	BANC_888:720575941590571774	left side of organism	has_soma_location	BANC888	doi:10.1038/s41586-026-10735-w	BANC_v888 260702
VFB_0010549z	BANC_888:720575941590572072	right side of organism	has_soma_location	BANC888	doi:10.1038/s41586-026-10735-w	BANC_v888 260702
VFB_001054a0	BANC_888:720575941590572542	right side of organism	has_soma_location	BANC888	doi:10.1038/s41586-026-10735-w	BANC_v888 260702
VFB_001054a1	BANC_888:720575941590573054	right side of organism	has_soma_location	BANC888	doi:10.1038/s41586-026-10735-w	BANC_v888 260702
VFB_001054a2	BANC_888:720575941590574078	right side of organism	has_soma_location	BANC888	doi:10.1038/s41586-026-10735-w	BANC_v888 260702
VFB_00108lcb	BANC_888:720575941590574846	right side of organism	has_soma_location	BANC888	doi:10.1038/s41586-026-10735-w	BANC_v888 260702
VFB_001054a4	BANC_888:720575941590575358	right side of organism	has_soma_location	BANC888	doi:10.1038/s41586-026-10735-w	BANC_v888 260702
VFB_001054a5	BANC_888:720575941590576382	right side of organism	has_soma_location	BANC888	doi:10.1038/s41586-026-10735-w	BANC_v888 260702
VFB_001054a6	BANC_888:720575941590576424	right side of organism	has_soma_location	BANC888	doi:10.1038/s41586-026-10735-w	BANC_v888 260702
VFB_00108lcc	BANC_888:720575941590576708	right side of organism	has_soma_location	BANC888	doi:10.1038/s41586-026-10735-w	BANC_v888 260702
VFB_00108lcd	BANC_888:720575941590579710	right side of organism	has_soma_location	BANC888	doi:10.1038/s41586-026-10735-w	BANC_v888 260702
VFB_00108lce	BANC_888:720575941590580292	left side of organism	has_soma_location	BANC888	doi:10.1038/s41586-026-10735-w	BANC_v888 260702
VFB_00108lcf	BANC_888:720575941590580548	left side of organism	has_soma_location	BANC888	doi:10.1038/s41586-026-10735-w	BANC_v888 260702
VFB_00108lcg	BANC_888:720575941590580791	right side of organism	has_soma_location	BANC888	doi:10.1038/s41586-026-10735-w	BANC_v888 260702
VFB_001054a7	BANC_888:720575941590581502	right side of organism	has_soma_location	BANC888	doi:10.1038/s41586-026-10735-w	BANC_v888 260702
VFB_00108lch	BANC_888:720575941590581828	left side of organism	has_soma_location	BANC888	doi:10.1038/s41586-026-10735-w	BANC_v888 260702
VFB_001054a8	BANC_888:720575941590583095	right side of organism	has_soma_location	BANC888	doi:10.1038/s41586-026-10735-w	BANC_v888 260702
VFB_001054a9	BANC_888:720575941590583863	right side of organism	has_soma_location	BANC888	doi:10.1038/s41586-026-10735-w	BANC_v888 260702
VFB_00108lci	BANC_888:720575941590585143	right side of organism	has_soma_location	BANC888	doi:10.1038/s41586-026-10735-w	BANC_v888 260702
VFB_00108lcj	BANC_888:720575941590588414	right side of organism	has_soma_location	BANC888	doi:10.1038/s41586-026-10735-w	BANC_v888 260702
VFB_00108lck	BANC_888:720575941590589141	right side of organism	has_soma_location	BANC888	doi:10.1038/s41586-026-10735-w	BANC_v888 260702
VFB_00108lcl	BANC_888:720575941590590206	right side of organism	has_soma_location	BANC888	doi:10.1038/s41586-026-10735-w	BANC_v888 260702
VFB_00108lcm	BANC_888:720575941590590775	right side of organism	has_soma_location	BANC888	doi:10.1038/s41586-026-10735-w	BANC_v888 260702
VFB_001054aa	BANC_888:720575941590592254	right side of organism	has_soma_location	BANC888	doi:10.1038/s41586-026-10735-w	BANC_v888 260702
VFB_001054ab	BANC_888:720575941590593022	left side of organism	has_soma_location	BANC888	doi:10.1038/s41586-026-10735-w	BANC_v888 260702
VFB_00108lcn	BANC_888:720575941590596350	right side of organism	has_soma_location	BANC888	doi:10.1038/s41586-026-10735-w	BANC_v888 260702
VFB_001054ac	BANC_888:720575941590596492	left side of organism	has_soma_location	BANC888	doi:10.1038/s41586-026-10735-w	BANC_v888 260702
VFB_001054ad	BANC_888:720575941590597118	right side of organism	has_soma_location	BANC888	doi:10.1038/s41586-026-10735-w	BANC_v888 260702
VFB_00108lco	BANC_888:720575941590598199	right side of organism	has_soma_location	BANC888	doi:10.1038/s41586-026-10735-w	BANC_v888 260702
VFB_00108lcp	BANC_888:720575941590598468	left side of organism	has_soma_location	BANC888	doi:10.1038/s41586-026-10735-w	BANC_v888 260702
VFB_00108lcq	BANC_888:720575941590598980	left side of organism	has_soma_location	BANC888	doi:10.1038/s41586-026-10735-w	BANC_v888 260702
VFB_00108lcr	BANC_888:720575941590600503	right side of organism	has_soma_location	BANC888	doi:10.1038/s41586-026-10735-w	BANC_v888 260702
VFB_00108lcs	BANC_888:720575941590600772	left side of organism	has_soma_location	BANC888	doi:10.1038/s41586-026-10735-w	BANC_v888 260702
VFB_001054ag	BANC_888:720575941590612520	right side of organism	has_soma_location	BANC888	doi:10.1038/s41586-026-10735-w	BANC_v888 260702
VFB_00108lct	BANC_888:720575941590612620	right side of organism	has_soma_location	BANC888	doi:10.1038/s41586-026-10735-w	BANC_v888 260702
VFB_00108lcu	BANC_888:720575941590614340	left side of organism	has_soma_location	BANC888	doi:10.1038/s41586-026-10735-w	BANC_v888 260702
VFB_00108lcv	BANC_888:720575941590614596	left side of organism	has_soma_location	BANC888	doi:10.1038/s41586-026-10735-w	BANC_v888 260702
VFB_00108lcw	BANC_888:720575941590615607	right side of organism	has_soma_location	BANC888	doi:10.1038/s41586-026-10735-w	BANC_v888 260702
VFB_00108lcx	BANC_888:720575941590619447	right side of organism	has_soma_location	BANC888	doi:10.1038/s41586-026-10735-w	BANC_v888 260702
VFB_00108lcy	BANC_888:720575941590623031	right side of organism	has_soma_location	BANC888	doi:10.1038/s41586-026-10735-w	BANC_v888 260702
VFB_001054ah	BANC_888:720575941590623372	right side of organism	has_soma_location	BANC888	doi:10.1038/s41586-026-10735-w	BANC_v888 260702
VFB_00108lcz	BANC_888:720575941590623543	right side of organism	has_soma_location	BANC888	doi:10.1038/s41586-026-10735-w	BANC_v888 260702
VFB_00108ld0	BANC_888:720575941590627127	right side of organism	has_soma_location	BANC888	doi:10.1038/s41586-026-10735-w	BANC_v888 260702
VFB_00108ld1	BANC_888:720575941590627396	left side of organism	has_soma_location	BANC888	doi:10.1038/s41586-026-10735-w	BANC_v888 260702
VFB_00108ld2	BANC_888:720575941590631748	left side of organism	has_soma_location	BANC888	doi:10.1038/s41586-026-10735-w	BANC_v888 260702
VFB_00108ld3	BANC_888:720575941590632004	left side of organism	has_soma_location	BANC888	doi:10.1038/s41586-026-10735-w	BANC_v888 260702
VFB_00108ld4	BANC_888:720575941590633028	left side of organism	has_soma_location	BANC888	doi:10.1038/s41586-026-10735-w	BANC_v888 260702
VFB_00108ld5	BANC_888:720575941590635588	left side of organism	has_soma_location	BANC888	doi:10.1038/s41586-026-10735-w	BANC_v888 260702
VFB_001054aj	BANC_888:720575941590639358	right side of organism	has_soma_location	BANC888	doi:10.1038/s41586-026-10735-w	BANC_v888 260702
VFB_001054ak	BANC_888:720575941590639656	right side of organism	has_soma_location	BANC888	doi:10.1038/s41586-026-10735-w	BANC_v888 260702
VFB_001054al	BANC_888:720575941590644734	left side of organism	has_soma_location	BANC888	doi:10.1038/s41586-026-10735-w	BANC_v888 260702
VFB_00108ld6	BANC_888:720575941590645559	right side of organism	has_soma_location	BANC888	doi:10.1038/s41586-026-10735-w	BANC_v888 260702
VFB_00108ld7	BANC_888:720575941590645828	left side of organism	has_soma_location	BANC888	doi:10.1038/s41586-026-10735-w	BANC_v888 260702
VFB_00108ld8	BANC_888:720575941590646327	left side of organism	has_soma_location	BANC888	doi:10.1038/s41586-026-10735-w	BANC_v888 260702
VFB_001054am	BANC_888:720575941590650252	left side of organism	has_soma_location	BANC888	doi:10.1038/s41586-026-10735-w	BANC_v888 260702
VFB_001054an	BANC_888:720575941590659880	right side of organism	has_soma_location	BANC888	doi:10.1038/s41586-026-10735-w	BANC_v888 260702
VFB_00108ld9	BANC_888:720575941590663492	left side of organism	has_soma_location	BANC888	doi:10.1038/s41586-026-10735-w	BANC_v888 260702
VFB_00108lda	BANC_888:720575941590667076	left side of organism	has_soma_location	BANC888	doi:10.1038/s41586-026-10735-w	BANC_v888 260702
VFB_00108ldb	BANC_888:720575941590669566	right side of organism	has_soma_location	BANC888	doi:10.1038/s41586-026-10735-w	BANC_v888 260702
VFB_00108ldc	BANC_888:720575941590673988	left side of organism	has_soma_location	BANC888	doi:10.1038/s41586-026-10735-w	BANC_v888 260702
VFB_001054ap	BANC_888:720575941590675340	right side of organism	has_soma_location	BANC888	doi:10.1038/s41586-026-10735-w	BANC_v888 260702
VFB_001054aq	BANC_888:720575941590677644	left side of organism	has_soma_location	BANC888	doi:10.1038/s41586-026-10735-w	BANC_v888 260702
VFB_00108ldd	BANC_888:720575941590677828	left side of organism	has_soma_location	BANC888	doi:10.1038/s41586-026-10735-w	BANC_v888 260702
VFB_00108lde	BANC_888:720575941590682110	left side of organism	has_soma_location	BANC888	doi:10.1038/s41586-026-10735-w	BANC_v888 260702
VFB_00108ldf	BANC_888:720575941590683972	left side of organism	has_soma_location	BANC888	doi:10.1038/s41586-026-10735-w	BANC_v888 260702
VFB_00108ldg	BANC_888:720575941590684926	right side of organism	has_soma_location	BANC888	doi:10.1038/s41586-026-10735-w	BANC_v888 260702
VFB_00108ldh	BANC_888:720575941590684996	left side of organism	has_soma_location	BANC888	doi:10.1038/s41586-026-10735-w	BANC_v888 260702
VFB_00108ldi	BANC_888:720575941590686007	left side of organism	has_soma_location	BANC888	doi:10.1038/s41586-026-10735-w	BANC_v888 260702
VFB_001054ar	BANC_888:720575941590687339	right side of organism	has_soma_location	BANC888	doi:10.1038/s41586-026-10735-w	BANC_v888 260702
VFB_00108ldj	BANC_888:720575941590688580	right side of organism	has_soma_location	BANC888	doi:10.1038/s41586-026-10735-w	BANC_v888 260702
VFB_00108ldk	BANC_888:720575941590689022	right side of organism	has_soma_location	BANC888	doi:10.1038/s41586-026-10735-w	BANC_v888 260702
VFB_00108ldl	BANC_888:720575941590689932	right side of organism	has_soma_location	BANC888	doi:10.1038/s41586-026-10735-w	BANC_v888 260702
VFB_001054as	BANC_888:720575941590693004	right side of organism	has_soma_location	BANC888	doi:10.1038/s41586-026-10735-w	BANC_v888 260702
VFB_001054at	BANC_888:720575941590694540	left side of organism	has_soma_location	BANC888	doi:10.1038/s41586-026-10735-w	BANC_v888 260702
VFB_00108ldm	BANC_888:720575941590694980	left side of organism	has_soma_location	BANC888	doi:10.1038/s41586-026-10735-w	BANC_v888 260702
VFB_00108ldn	BANC_888:720575941590698564	left side of organism	has_soma_location	BANC888	doi:10.1038/s41586-026-10735-w	BANC_v888 260702
VFB_00108ldo	BANC_888:720575941590700356	left side of organism	has_soma_location	BANC888	doi:10.1038/s41586-026-10735-w	BANC_v888 260702
VFB_00108ldp	BANC_888:720575941590701708	right side of organism	has_soma_location	BANC888	doi:10.1038/s41586-026-10735-w	BANC_v888 260702
VFB_00108ldq	BANC_888:720575941590706500	right side of organism	has_soma_location	BANC888	doi:10.1038/s41586-026-10735-w	BANC_v888 260702
VFB_00108ldr	BANC_888:720575941590708036	left side of organism	has_soma_location	BANC888	doi:10.1038/s41586-026-10735-w	BANC_v888 260702
VFB_001054au	BANC_888:720575941590711915	left side of organism	has_soma_location	BANC888	doi:10.1038/s41586-026-10735-w	BANC_v888 260702
VFB_001054av	BANC_888:720575941590714110	left side of organism	has_soma_location	BANC888	doi:10.1038/s41586-026-10735-w	BANC_v888 260702
VFB_001054ax	BANC_888:720575941590715276	right side of organism	has_soma_location	BANC888	doi:10.1038/s41586-026-10735-w	BANC_v888 260702
VFB_00108lds	BANC_888:720575941590715902	left side of organism	has_soma_location	BANC888	doi:10.1038/s41586-026-10735-w	BANC_v888 260702
VFB_00108ldt	BANC_888:720575941590715972	right side of organism	has_soma_location	BANC888	doi:10.1038/s41586-026-10735-w	BANC_v888 260702
VFB_00108ldu	BANC_888:720575941590716968	left side of organism	has_soma_location	BANC888	doi:10.1038/s41586-026-10735-w	BANC_v888 260702
VFB_00108ldv	BANC_888:720575941590718519	left side of organism	has_soma_location	BANC888	doi:10.1038/s41586-026-10735-w	BANC_v888 260702
VFB_001054az	BANC_888:720575941590718718	right side of organism	has_soma_location	BANC888	doi:10.1038/s41586-026-10735-w	BANC_v888 260702
VFB_001054b0	BANC_888:720575941590721534	left side of organism	has_soma_location	BANC888	doi:10.1038/s41586-026-10735-w	BANC_v888 260702
VFB_001054b1	BANC_888:720575941590723724	right side of organism	has_soma_location	BANC888	doi:10.1038/s41586-026-10735-w	BANC_v888 260702
VFB_00108ldw	BANC_888:720575941590725630	left side of organism	has_soma_location	BANC888	doi:10.1038/s41586-026-10735-w	BANC_v888 260702
VFB_00108ldx	BANC_888:720575941590727820	right side of organism	has_soma_location	BANC888	doi:10.1038/s41586-026-10735-w	BANC_v888 260702
VFB_00108ldy	BANC_888:720575941590728772	left side of organism	has_soma_location	BANC888	doi:10.1038/s41586-026-10735-w	BANC_v888 260702
VFB_00108ldz	BANC_888:720575941590730564	left side of organism	has_soma_location	BANC888	doi:10.1038/s41586-026-10735-w	BANC_v888 260702
VFB_00108le0	BANC_888:720575941590732612	left side of organism	has_soma_location	BANC888	doi:10.1038/s41586-026-10735-w	BANC_v888 260702
VFB_001054b3	BANC_888:720575941590734443	left side of organism	has_soma_location	BANC888	doi:10.1038/s41586-026-10735-w	BANC_v888 260702
VFB_001054b4	BANC_888:720575941590735400	left side of organism	has_soma_location	BANC888	doi:10.1038/s41586-026-10735-w	BANC_v888 260702
VFB_00108le1	BANC_888:720575941590736196	left side of organism	has_soma_location	BANC888	doi:10.1038/s41586-026-10735-w	BANC_v888 260702
VFB_001054b6	BANC_888:720575941590739084	right side of organism	has_soma_location	BANC888	doi:10.1038/s41586-026-10735-w	BANC_v888 260702
VFB_001054b7	BANC_888:720575941590741288	left side of organism	has_soma_location	BANC888	doi:10.1038/s41586-026-10735-w	BANC_v888 260702
VFB_00108le2	BANC_888:720575941590742084	left side of organism	has_soma_location	BANC888	doi:10.1038/s41586-026-10735-w	BANC_v888 260702
VFB_00108le3	BANC_888:720575941590742924	right side of organism	has_soma_location	BANC888	doi:10.1038/s41586-026-10735-w	BANC_v888 260702
VFB_00108le4	BANC_888:720575941590744716	right side of organism	has_soma_location	BANC888	doi:10.1038/s41586-026-10735-w	BANC_v888 260702
VFB_00108le5	BANC_888:720575941590745668	left side of organism	has_soma_location	BANC888	doi:10.1038/s41586-026-10735-w	BANC_v888 260702
VFB_001054b8	BANC_888:720575941590749836	right side of organism	has_soma_location	BANC888	doi:10.1038/s41586-026-10735-w	BANC_v888 260702
VFB_001054b9	BANC_888:720575941590752396	left side of organism	has_soma_location	BANC888	doi:10.1038/s41586-026-10735-w	BANC_v888 260702
VFB_00108le6	BANC_888:720575941590754116	left side of organism	has_soma_location	BANC888	doi:10.1038/s41586-026-10735-w	BANC_v888 260702
VFB_00108le7	BANC_888:720575941590756164	left side of organism	has_soma_location	BANC888	doi:10.1038/s41586-026-10735-w	BANC_v888 260702
VFB_00108le8	BANC_888:720575941590756420	right side of organism	has_soma_location	BANC888	doi:10.1038/s41586-026-10735-w	BANC_v888 260702
VFB_001054bb	BANC_888:720575941590758398	left side of organism	has_soma_location	BANC888	doi:10.1038/s41586-026-10735-w	BANC_v888 260702
VFB_001054bd	BANC_888:720575941590759720	right side of organism	has_soma_location	BANC888	doi:10.1038/s41586-026-10735-w	BANC_v888 260702
VFB_001054bf	BANC_888:720575941590761100	left side of organism	has_soma_location	BANC888	doi:10.1038/s41586-026-10735-w	BANC_v888 260702
VFB_001054bg	BANC_888:720575941590763148	left side of organism	has_soma_location	BANC888	doi:10.1038/s41586-026-10735-w	BANC_v888 260702
VFB_001054bh	BANC_888:720575941590763404	right side of organism	has_soma_location	BANC888	doi:10.1038/s41586-026-10735-w	BANC_v888 260702
VFB_001054bi	BANC_888:720575941590763660	left side of organism	has_soma_location	BANC888	doi:10.1038/s41586-026-10735-w	BANC_v888 260702
VFB_00108le9	BANC_888:720575941590764356	left side of organism	has_soma_location	BANC888	doi:10.1038/s41586-026-10735-w	BANC_v888 260702
VFB_001054bk	BANC_888:720575941590767614	right side of organism	has_soma_location	BANC888	doi:10.1038/s41586-026-10735-w	BANC_v888 260702
VFB_00108lea	BANC_888:720575941590768183	right side of organism	has_soma_location	BANC888	doi:10.1038/s41586-026-10735-w	BANC_v888 260702
VFB_00108leb	BANC_888:720575941590773559	right side of organism	has_soma_location	BANC888	doi:10.1038/s41586-026-10735-w	BANC_v888 260702
VFB_00108lec	BANC_888:720575941590774071	left side of organism	has_soma_location	BANC888	doi:10.1038/s41586-026-10735-w	BANC_v888 260702
VFB_001054bl	BANC_888:720575941590774924	left side of organism	has_soma_location	BANC888	doi:10.1038/s41586-026-10735-w	BANC_v888 260702
VFB_00108led	BANC_888:720575941590775806	left side of organism	has_soma_location	BANC888	doi:10.1038/s41586-026-10735-w	BANC_v888 260702
VFB_00108lee	BANC_888:720575941590776375	left side of organism	has_soma_location	BANC888	doi:10.1038/s41586-026-10735-w	BANC_v888 260702
VFB_001054bm	BANC_888:720575941590778475	right side of organism	has_soma_location	BANC888	doi:10.1038/s41586-026-10735-w	BANC_v888 260702
VFB_00108lef	BANC_888:720575941590781495	right side of organism	has_soma_location	BANC888	doi:10.1038/s41586-026-10735-w	BANC_v888 260702
VFB_00108leg	BANC_888:720575941590783287	right side of organism	has_soma_location	BANC888	doi:10.1038/s41586-026-10735-w	BANC_v888 260702
VFB_001054bn	BANC_888:720575941590783372	right side of organism	has_soma_location	BANC888	doi:10.1038/s41586-026-10735-w	BANC_v888 260702
VFB_00108leh	BANC_888:720575941590784311	left side of organism	has_soma_location	BANC888	doi:10.1038/s41586-026-10735-w	BANC_v888 260702
VFB_001054bo	BANC_888:720575941590787724	right side of organism	has_soma_location	BANC888	doi:10.1038/s41586-026-10735-w	BANC_v888 260702
VFB_00108lei	BANC_888:720575941590787980	right side of organism	has_soma_location	BANC888	doi:10.1038/s41586-026-10735-w	BANC_v888 260702
VFB_00108lej	BANC_888:720575941590789700	right side of organism	has_soma_location	BANC888	doi:10.1038/s41586-026-10735-w	BANC_v888 260702
VFB_00108lek	BANC_888:720575941590793015	left side of organism	has_soma_location	BANC888	doi:10.1038/s41586-026-10735-w	BANC_v888 260702
VFB_00108lel	BANC_888:720575941590793214	right side of organism	has_soma_location	BANC888	doi:10.1038/s41586-026-10735-w	BANC_v888 260702
VFB_00108lem	BANC_888:720575941590793527	left side of organism	has_soma_location	BANC888	doi:10.1038/s41586-026-10735-w	BANC_v888 260702
VFB_00108leo	BANC_888:720575941590795063	right side of organism	has_soma_location	BANC888	doi:10.1038/s41586-026-10735-w	BANC_v888 260702
VFB_00108lep	BANC_888:720575941590796599	left side of organism	has_soma_location	BANC888	doi:10.1038/s41586-026-10735-w	BANC_v888 260702
VFB_00108leq	BANC_888:720575941590797367	right side of organism	has_soma_location	BANC888	doi:10.1038/s41586-026-10735-w	BANC_v888 260702
VFB_00108ler	BANC_888:720575941590798590	right side of organism	has_soma_location	BANC888	doi:10.1038/s41586-026-10735-w	BANC_v888 260702
VFB_00108les	BANC_888:720575941590799671	right side of organism	has_soma_location	BANC888	doi:10.1038/s41586-026-10735-w	BANC_v888 260702
VFB_001054bp	BANC_888:720575941590800268	right side of organism	has_soma_location	BANC888	doi:10.1038/s41586-026-10735-w	BANC_v888 260702
VFB_00108let	BANC_888:720575941590800964	left side of organism	has_soma_location	BANC888	doi:10.1038/s41586-026-10735-w	BANC_v888 260702
VFB_001054bq	BANC_888:720575941590801662	right side of organism	has_soma_location	BANC888	doi:10.1038/s41586-026-10735-w	BANC_v888 260702
VFB_001054br	BANC_888:720575941590801960	left side of organism	has_soma_location	BANC888	doi:10.1038/s41586-026-10735-w	BANC_v888 260702
VFB_00108leu	BANC_888:720575941590804023	left side of organism	has_soma_location	BANC888	doi:10.1038/s41586-026-10735-w	BANC_v888 260702
VFB_00108lev	BANC_888:720575941590804548	left side of organism	has_soma_location	BANC888	doi:10.1038/s41586-026-10735-w	BANC_v888 260702
VFB_001054bs	BANC_888:720575941590805644	right side of organism	has_soma_location	BANC888	doi:10.1038/s41586-026-10735-w	BANC_v888 260702
VFB_00108lew	BANC_888:720575941590806084	left side of organism	has_soma_location	BANC888	doi:10.1038/s41586-026-10735-w	BANC_v888 260702
VFB_001054bt	BANC_888:720575941590806924	right side of organism	has_soma_location	BANC888	doi:10.1038/s41586-026-10735-w	BANC_v888 260702
VFB_00108lex	BANC_888:720575941590807038	right side of organism	has_soma_location	BANC888	doi:10.1038/s41586-026-10735-w	BANC_v888 260702
VFB_00108ley	BANC_888:720575941590807876	left side of organism	has_soma_location	BANC888	doi:10.1038/s41586-026-10735-w	BANC_v888 260702
VFB_00108lf0	BANC_888:720575941590810679	left side of organism	has_soma_location	BANC888	doi:10.1038/s41586-026-10735-w	BANC_v888 260702
VFB_001054bu	BANC_888:720575941590812300	right side of organism	has_soma_location	BANC888	doi:10.1038/s41586-026-10735-w	BANC_v888 260702
VFB_00108lf1	BANC_888:720575941590813239	left side of organism	has_soma_location	BANC888	doi:10.1038/s41586-026-10735-w	BANC_v888 260702
VFB_001054bv	BANC_888:720575941590813438	left side of organism	has_soma_location	BANC888	doi:10.1038/s41586-026-10735-w	BANC_v888 260702
VFB_001054bw	BANC_888:720575941590813836	right side of organism	has_soma_location	BANC888	doi:10.1038/s41586-026-10735-w	BANC_v888 260702
VFB_001054bx	BANC_888:720575941590820971	left side of organism	has_soma_location	BANC888	doi:10.1038/s41586-026-10735-w	BANC_v888 260702
VFB_001054c0	BANC_888:720575941590824076	right side of organism	has_soma_location	BANC888	doi:10.1038/s41586-026-10735-w	BANC_v888 260702
VFB_00108lf2	BANC_888:720575941590828343	right side of organism	has_soma_location	BANC888	doi:10.1038/s41586-026-10735-w	BANC_v888 260702
VFB_00108lf3	BANC_888:720575941590829623	left side of organism	has_soma_location	BANC888	doi:10.1038/s41586-026-10735-w	BANC_v888 260702
VFB_001054c1	BANC_888:720575941590830888	left side of organism	has_soma_location	BANC888	doi:10.1038/s41586-026-10735-w	BANC_v888 260702
VFB_00108lf4	BANC_888:720575941590831656	left side of organism	has_soma_location	BANC888	doi:10.1038/s41586-026-10735-w	BANC_v888 260702
VFB_001054c3	BANC_888:720575941590833292	right side of organism	has_soma_location	BANC888	doi:10.1038/s41586-026-10735-w	BANC_v888 260702
VFB_001054c4	BANC_888:720575941590834060	right side of organism	has_soma_location	BANC888	doi:10.1038/s41586-026-10735-w	BANC_v888 260702
VFB_001054c5	BANC_888:720575941590835752	left side of organism	has_soma_location	BANC888	doi:10.1038/s41586-026-10735-w	BANC_v888 260702
VFB_00108lf5	BANC_888:720575941590837303	left side of organism	has_soma_location	BANC888	doi:10.1038/s41586-026-10735-w	BANC_v888 260702
VFB_00108lf6	BANC_888:720575941590839108	left side of organism	has_soma_location	BANC888	doi:10.1038/s41586-026-10735-w	BANC_v888 260702
VFB_00108lf7	BANC_888:720575941590839364	left side of organism	has_soma_location	BANC888	doi:10.1038/s41586-026-10735-w	BANC_v888 260702
VFB_001054c7	BANC_888:720575941590840062	right side of organism	has_soma_location	BANC888	doi:10.1038/s41586-026-10735-w	BANC_v888 260702
VFB_001054c9	BANC_888:720575941590843788	right side of organism	has_soma_location	BANC888	doi:10.1038/s41586-026-10735-w	BANC_v888 260702
VFB_001054ca	BANC_888:720575941590844158	right side of organism	has_soma_location	BANC888	doi:10.1038/s41586-026-10735-w	BANC_v888 260702
VFB_00108lf8	BANC_888:720575941590846007	left side of organism	has_soma_location	BANC888	doi:10.1038/s41586-026-10735-w	BANC_v888 260702
VFB_00108lf9	BANC_888:720575941590848068	left side of organism	has_soma_location	BANC888	doi:10.1038/s41586-026-10735-w	BANC_v888 260702
VFB_00108lfa	BANC_888:720575941590848311	left side of organism	has_soma_location	BANC888	doi:10.1038/s41586-026-10735-w	BANC_v888 260702
VFB_00108lfb	BANC_888:720575941590850116	right side of organism	has_soma_location	BANC888	doi:10.1038/s41586-026-10735-w	BANC_v888 260702
VFB_001054cb	BANC_888:720575941590852094	left side of organism	has_soma_location	BANC888	doi:10.1038/s41586-026-10735-w	BANC_v888 260702
VFB_00108lfc	BANC_888:720575941590852606	left side of organism	has_soma_location	BANC888	doi:10.1038/s41586-026-10735-w	BANC_v888 260702
VFB_001054cc	BANC_888:720575941590854028	right side of organism	has_soma_location	BANC888	doi:10.1038/s41586-026-10735-w	BANC_v888 260702
VFB_00108lfd	BANC_888:720575941590859831	left side of organism	has_soma_location	BANC888	doi:10.1038/s41586-026-10735-w	BANC_v888 260702
VFB_00108lfe	BANC_888:720575941590860343	left side of organism	has_soma_location	BANC888	doi:10.1038/s41586-026-10735-w	BANC_v888 260702
VFB_001054cd	BANC_888:720575941590862955	left side of organism	has_soma_location	BANC888	doi:10.1038/s41586-026-10735-w	BANC_v888 260702
VFB_00108lff	BANC_888:720575941590866430	right side of organism	has_soma_location	BANC888	doi:10.1038/s41586-026-10735-w	BANC_v888 260702
VFB_00108lfg	BANC_888:720575941590867268	left side of organism	has_soma_location	BANC888	doi:10.1038/s41586-026-10735-w	BANC_v888 260702
VFB_001054ce	BANC_888:720575941590867819	right side of organism	has_soma_location	BANC888	doi:10.1038/s41586-026-10735-w	BANC_v888 260702
VFB_00108lfh	BANC_888:720575941590868535	left side of organism	has_soma_location	BANC888	doi:10.1038/s41586-026-10735-w	BANC_v888 260702
VFB_00108lfi	BANC_888:720575941590868548	left side of organism	has_soma_location	BANC888	doi:10.1038/s41586-026-10735-w	BANC_v888 260702
VFB_001054cf	BANC_888:720575941590870379	left side of organism	has_soma_location	BANC888	doi:10.1038/s41586-026-10735-w	BANC_v888 260702
VFB_001054cg	BANC_888:720575941590870782	right side of organism	has_soma_location	BANC888	doi:10.1038/s41586-026-10735-w	BANC_v888 260702
VFB_00108lfj	BANC_888:720575941590871180	right side of organism	has_soma_location	BANC888	doi:10.1038/s41586-026-10735-w	BANC_v888 260702
VFB_001054ch	BANC_888:720575941590871550	right side of organism	has_soma_location	BANC888	doi:10.1038/s41586-026-10735-w	BANC_v888 260702
VFB_001054ci	BANC_888:720575941590872171	left side of organism	has_soma_location	BANC888	doi:10.1038/s41586-026-10735-w	BANC_v888 260702
VFB_00108lfk	BANC_888:720575941590872388	left side of organism	has_soma_location	BANC888	doi:10.1038/s41586-026-10735-w	BANC_v888 260702
VFB_001054cj	BANC_888:720575941590873707	left side of organism	has_soma_location	BANC888	doi:10.1038/s41586-026-10735-w	BANC_v888 260702
VFB_00108lfl	BANC_888:720575941590874167	left side of organism	has_soma_location	BANC888	doi:10.1038/s41586-026-10735-w	BANC_v888 260702
VFB_00108lfm	BANC_888:720575941590875460	left side of organism	has_soma_location	BANC888	doi:10.1038/s41586-026-10735-w	BANC_v888 260702
VFB_001054ck	BANC_888:720575941590875532	right side of organism	has_soma_location	BANC888	doi:10.1038/s41586-026-10735-w	BANC_v888 260702
VFB_001054cl	BANC_888:720575941590876011	left side of organism	has_soma_location	BANC888	doi:10.1038/s41586-026-10735-w	BANC_v888 260702
VFB_001054cm	BANC_888:720575941590878462	left side of organism	has_soma_location	BANC888	doi:10.1038/s41586-026-10735-w	BANC_v888 260702
VFB_001054co	BANC_888:720575941590881278	right side of organism	has_soma_location	BANC888	doi:10.1038/s41586-026-10735-w	BANC_v888 260702
VFB_00108lfn	BANC_888:720575941590881591	right side of organism	has_soma_location	BANC888	doi:10.1038/s41586-026-10735-w	BANC_v888 260702
VFB_00108lfo	BANC_888:720575941590884663	left side of organism	has_soma_location	BANC888	doi:10.1038/s41586-026-10735-w	BANC_v888 260702
VFB_00108lfp	BANC_888:720575941590884919	left side of organism	has_soma_location	BANC888	doi:10.1038/s41586-026-10735-w	BANC_v888 260702
VFB_001054cr	BANC_888:720575941590885374	right side of organism	has_soma_location	BANC888	doi:10.1038/s41586-026-10735-w	BANC_v888 260702
VFB_001054cs	BANC_888:720575941590889323	right side of organism	has_soma_location	BANC888	doi:10.1038/s41586-026-10735-w	BANC_v888 260702
VFB_00108lfq	BANC_888:720575941590890892	right side of organism	has_soma_location	BANC888	doi:10.1038/s41586-026-10735-w	BANC_v888 260702
VFB_00108lfr	BANC_888:720575941590892030	left side of organism	has_soma_location	BANC888	doi:10.1038/s41586-026-10735-w	BANC_v888 260702
VFB_00108lfs	BANC_888:720575941590894476	left side of organism	has_soma_location	BANC888	doi:10.1038/s41586-026-10735-w	BANC_v888 260702
VFB_00108lft	BANC_888:720575941590894903	left side of organism	has_soma_location	BANC888	doi:10.1038/s41586-026-10735-w	BANC_v888 260702
VFB_001054ct	BANC_888:720575941590898027	right side of organism	has_soma_location	BANC888	doi:10.1038/s41586-026-10735-w	BANC_v888 260702
VFB_00108lfu	BANC_888:720575941590898743	left side of organism	has_soma_location	BANC888	doi:10.1038/s41586-026-10735-w	BANC_v888 260702
VFB_00108lfv	BANC_888:720575941590899012	left side of organism	has_soma_location	BANC888	doi:10.1038/s41586-026-10735-w	BANC_v888 260702
VFB_001054cu	BANC_888:720575941590899563	right side of organism	has_soma_location	BANC888	doi:10.1038/s41586-026-10735-w	BANC_v888 260702
VFB_00108lfw	BANC_888:720575941590902084	left side of organism	has_soma_location	BANC888	doi:10.1038/s41586-026-10735-w	BANC_v888 260702
VFB_00108lfx	BANC_888:720575941590904631	right side of organism	has_soma_location	BANC888	doi:10.1038/s41586-026-10735-w	BANC_v888 260702
VFB_00108lfy	BANC_888:720575941590906180	left side of organism	has_soma_location	BANC888	doi:10.1038/s41586-026-10735-w	BANC_v888 260702
VFB_00108lfz	BANC_888:720575941590907204	left side of organism	has_soma_location	BANC888	doi:10.1038/s41586-026-10735-w	BANC_v888 260702
VFB_001054cv	BANC_888:720575941590908414	right side of organism	has_soma_location	BANC888	doi:10.1038/s41586-026-10735-w	BANC_v888 260702
VFB_00108lg0	BANC_888:720575941590908740	left side of organism	has_soma_location	BANC888	doi:10.1038/s41586-026-10735-w	BANC_v888 260702
VFB_001054cw	BANC_888:720575941590909438	right side of organism	has_soma_location	BANC888	doi:10.1038/s41586-026-10735-w	BANC_v888 260702
VFB_00108lg1	BANC_888:720575941590914116	left side of organism	has_soma_location	BANC888	doi:10.1038/s41586-026-10735-w	BANC_v888 260702
VFB_00108lg2	BANC_888:720575941590914188	left side of organism	has_soma_location	BANC888	doi:10.1038/s41586-026-10735-w	BANC_v888 260702
VFB_00108lg3	BANC_888:720575941590914871	left side of organism	has_soma_location	BANC888	doi:10.1038/s41586-026-10735-w	BANC_v888 260702
VFB_00108lg4	BANC_888:720575941590915895	right side of organism	has_soma_location	BANC888	doi:10.1038/s41586-026-10735-w	BANC_v888 260702
VFB_00108lg5	BANC_888:720575941590918468	left side of organism	has_soma_location	BANC888	doi:10.1038/s41586-026-10735-w	BANC_v888 260702
VFB_00108lg6	BANC_888:720575941590918910	right side of organism	has_soma_location	BANC888	doi:10.1038/s41586-026-10735-w	BANC_v888 260702
VFB_00108lg7	BANC_888:720575941590919223	left side of organism	has_soma_location	BANC888	doi:10.1038/s41586-026-10735-w	BANC_v888 260702
VFB_001054d0	BANC_888:720575941590922536	right side of organism	has_soma_location	BANC888	doi:10.1038/s41586-026-10735-w	BANC_v888 260702
VFB_001054d1	BANC_888:720575941590925964	left side of organism	has_soma_location	BANC888	doi:10.1038/s41586-026-10735-w	BANC_v888 260702
VFB_00108lg8	BANC_888:720575941590928196	left side of organism	has_soma_location	BANC888	doi:10.1038/s41586-026-10735-w	BANC_v888 260702
VFB_00108lg9	BANC_888:720575941590928708	left side of organism	has_soma_location	BANC888	doi:10.1038/s41586-026-10735-w	BANC_v888 260702
VFB_00108lga	BANC_888:720575941590929476	left side of organism	has_soma_location	BANC888	doi:10.1038/s41586-026-10735-w	BANC_v888 260702
VFB_00108lgb	BANC_888:720575941590930500	left side of organism	has_soma_location	BANC888	doi:10.1038/s41586-026-10735-w	BANC_v888 260702
VFB_001054d2	BANC_888:720575941590930728	right side of organism	has_soma_location	BANC888	doi:10.1038/s41586-026-10735-w	BANC_v888 260702
VFB_001054d3	BANC_888:720575941590931084	right side of organism	has_soma_location	BANC888	doi:10.1038/s41586-026-10735-w	BANC_v888 260702
VFB_001054d4	BANC_888:720575941590932008	right side of organism	has_soma_location	BANC888	doi:10.1038/s41586-026-10735-w	BANC_v888 260702
VFB_00108lgc	BANC_888:720575941590932279	left side of organism	has_soma_location	BANC888	doi:10.1038/s41586-026-10735-w	BANC_v888 260702
VFB_00108lgd	BANC_888:720575941590934583	left side of organism	has_soma_location	BANC888	doi:10.1038/s41586-026-10735-w	BANC_v888 260702
VFB_00108lge	BANC_888:720575941590935095	left side of organism	has_soma_location	BANC888	doi:10.1038/s41586-026-10735-w	BANC_v888 260702
VFB_001054d5	BANC_888:720575941590936204	right side of organism	has_soma_location	BANC888	doi:10.1038/s41586-026-10735-w	BANC_v888 260702
VFB_00108lgf	BANC_888:720575941590936972	right side of organism	has_soma_location	BANC888	doi:10.1038/s41586-026-10735-w	BANC_v888 260702
VFB_00108lgg	BANC_888:720575941590937399	left side of organism	has_soma_location	BANC888	doi:10.1038/s41586-026-10735-w	BANC_v888 260702
VFB_00108lgh	BANC_888:720575941590940996	left side of organism	has_soma_location	BANC888	doi:10.1038/s41586-026-10735-w	BANC_v888 260702
VFB_00108lgi	BANC_888:720575941590941291	left side of organism	has_soma_location	BANC888	doi:10.1038/s41586-026-10735-w	BANC_v888 260702
VFB_00108lgj	BANC_888:720575941590942532	right side of organism	has_soma_location	BANC888	doi:10.1038/s41586-026-10735-w	BANC_v888 260702
VFB_001054d6	BANC_888:720575941590944908	left side of organism	has_soma_location	BANC888	doi:10.1038/s41586-026-10735-w	BANC_v888 260702
VFB_001054d7	BANC_888:720575941590948136	right side of organism	has_soma_location	BANC888	doi:10.1038/s41586-026-10735-w	BANC_v888 260702
VFB_001054d8	BANC_888:720575941590948648	right side of organism	has_soma_location	BANC888	doi:10.1038/s41586-026-10735-w	BANC_v888 260702
VFB_001054d9	BANC_888:720575941590948748	left side of organism	has_soma_location	BANC888	doi:10.1038/s41586-026-10735-w	BANC_v888 260702
VFB_00108lgk	BANC_888:720575941590949943	left side of organism	has_soma_location	BANC888	doi:10.1038/s41586-026-10735-w	BANC_v888 260702
VFB_00108lgl	BANC_888:720575941590953028	right side of organism	has_soma_location	BANC888	doi:10.1038/s41586-026-10735-w	BANC_v888 260702
VFB_00108lgm	BANC_888:720575941590953271	left side of organism	has_soma_location	BANC888	doi:10.1038/s41586-026-10735-w	BANC_v888 260702
VFB_00108lgn	BANC_888:720575941590953612	right side of organism	has_soma_location	BANC888	doi:10.1038/s41586-026-10735-w	BANC_v888 260702
VFB_00108lgo	BANC_888:720575941590956868	right side of organism	has_soma_location	BANC888	doi:10.1038/s41586-026-10735-w	BANC_v888 260702
VFB_00108lgp	BANC_888:720575941590957608	left side of organism	has_soma_location	BANC888	doi:10.1038/s41586-026-10735-w	BANC_v888 260702
VFB_00108lgq	BANC_888:720575941590958391	right side of organism	has_soma_location	BANC888	doi:10.1038/s41586-026-10735-w	BANC_v888 260702
VFB_00108lgr	BANC_888:720575941590958404	right side of organism	has_soma_location	BANC888	doi:10.1038/s41586-026-10735-w	BANC_v888 260702
VFB_00108lgs	BANC_888:720575941590959159	left side of organism	has_soma_location	BANC888	doi:10.1038/s41586-026-10735-w	BANC_v888 260702
VFB_00108lgt	BANC_888:720575941590959940	right side of organism	has_soma_location	BANC888	doi:10.1038/s41586-026-10735-w	BANC_v888 260702
VFB_001054dc	BANC_888:720575941590961448	right side of organism	has_soma_location	BANC888	doi:10.1038/s41586-026-10735-w	BANC_v888 260702
VFB_00108lgu	BANC_888:720575941590962500	right side of organism	has_soma_location	BANC888	doi:10.1038/s41586-026-10735-w	BANC_v888 260702
VFB_00108lgv	BANC_888:720575941590962743	right side of organism	has_soma_location	BANC888	doi:10.1038/s41586-026-10735-w	BANC_v888 260702
VFB_001054dd	BANC_888:720575941590964876	right side of organism	has_soma_location	BANC888	doi:10.1038/s41586-026-10735-w	BANC_v888 260702
VFB_001054de	BANC_888:720575941590966668	right side of organism	has_soma_location	BANC888	doi:10.1038/s41586-026-10735-w	BANC_v888 260702
VFB_001054df	BANC_888:720575941590967806	left side of organism	has_soma_location	BANC888	doi:10.1038/s41586-026-10735-w	BANC_v888 260702
VFB_00108lgw	BANC_888:720575941590968375	left side of organism	has_soma_location	BANC888	doi:10.1038/s41586-026-10735-w	BANC_v888 260702
VFB_00108lgx	BANC_888:720575941590968388	right side of organism	has_soma_location	BANC888	doi:10.1038/s41586-026-10735-w	BANC_v888 260702
VFB_00108lgy	BANC_888:720575941590968900	left side of organism	has_soma_location	BANC888	doi:10.1038/s41586-026-10735-w	BANC_v888 260702
VFB_001054dg	BANC_888:720575941590968972	left side of organism	has_soma_location	BANC888	doi:10.1038/s41586-026-10735-w	BANC_v888 260702
VFB_001054dh	BANC_888:720575941590969195	right side of organism	has_soma_location	BANC888	doi:10.1038/s41586-026-10735-w	BANC_v888 260702
VFB_001054di	BANC_888:720575941590969484	left side of organism	has_soma_location	BANC888	doi:10.1038/s41586-026-10735-w	BANC_v888 260702
VFB_001054dk	BANC_888:720575941590973480	right side of organism	has_soma_location	BANC888	doi:10.1038/s41586-026-10735-w	BANC_v888 260702
VFB_001054dm	BANC_888:720575941590976396	right side of organism	has_soma_location	BANC888	doi:10.1038/s41586-026-10735-w	BANC_v888 260702
VFB_001054dn	BANC_888:720575941590977022	right side of organism	has_soma_location	BANC888	doi:10.1038/s41586-026-10735-w	BANC_v888 260702
VFB_00108lgz	BANC_888:720575941590977079	left side of organism	has_soma_location	BANC888	doi:10.1038/s41586-026-10735-w	BANC_v888 260702
VFB_00108lh0	BANC_888:720575941590977847	right side of organism	has_soma_location	BANC888	doi:10.1038/s41586-026-10735-w	BANC_v888 260702
VFB_001054do	BANC_888:720575941590978188	right side of organism	has_soma_location	BANC888	doi:10.1038/s41586-026-10735-w	BANC_v888 260702
VFB_001054dq	BANC_888:720575941590978558	right side of organism	has_soma_location	BANC888	doi:10.1038/s41586-026-10735-w	BANC_v888 260702
VFB_00108lh1	BANC_888:720575941590979127	right side of organism	has_soma_location	BANC888	doi:10.1038/s41586-026-10735-w	BANC_v888 260702
VFB_001054dr	BANC_888:720575941590979724	right side of organism	has_soma_location	BANC888	doi:10.1038/s41586-026-10735-w	BANC_v888 260702
VFB_00108lh2	BANC_888:720575941590980862	left side of organism	has_soma_location	BANC888	doi:10.1038/s41586-026-10735-w	BANC_v888 260702
VFB_00108lh3	BANC_888:720575941590981687	left side of organism	has_soma_location	BANC888	doi:10.1038/s41586-026-10735-w	BANC_v888 260702
VFB_001054du	BANC_888:720575941590986636	right side of organism	has_soma_location	BANC888	doi:10.1038/s41586-026-10735-w	BANC_v888 260702
VFB_00108lh4	BANC_888:720575941590986750	left side of organism	has_soma_location	BANC888	doi:10.1038/s41586-026-10735-w	BANC_v888 260702
VFB_00108lh5	BANC_888:720575941590988286	right side of organism	has_soma_location	BANC888	doi:10.1038/s41586-026-10735-w	BANC_v888 260702
VFB_00108lh6	BANC_888:720575941590991415	right side of organism	has_soma_location	BANC888	doi:10.1038/s41586-026-10735-w	BANC_v888 260702
VFB_00108lh7	BANC_888:720575941590993463	left side of organism	has_soma_location	BANC888	doi:10.1038/s41586-026-10735-w	BANC_v888 260702
VFB_00108lh8	BANC_888:720575941590994572	right side of organism	has_soma_location	BANC888	doi:10.1038/s41586-026-10735-w	BANC_v888 260702
VFB_00108lh9	BANC_888:720575941590995255	left side of organism	has_soma_location	BANC888	doi:10.1038/s41586-026-10735-w	BANC_v888 260702
VFB_001054dx	BANC_888:720575941590997246	right side of organism	has_soma_location	BANC888	doi:10.1038/s41586-026-10735-w	BANC_v888 260702
VFB_001054dz	BANC_888:720575941591000360	right side of organism	has_soma_location	BANC888	doi:10.1038/s41586-026-10735-w	BANC_v888 260702
VFB_00108lha	BANC_888:720575941591001655	right side of organism	has_soma_location	BANC888	doi:10.1038/s41586-026-10735-w	BANC_v888 260702
VFB_00108lhb	BANC_888:720575941591002167	right side of organism	has_soma_location	BANC888	doi:10.1038/s41586-026-10735-w	BANC_v888 260702
VFB_00108lhc	BANC_888:720575941591002935	right side of organism	has_soma_location	BANC888	doi:10.1038/s41586-026-10735-w	BANC_v888 260702
VFB_00108lhd	BANC_888:720575941591005495	right side of organism	has_soma_location	BANC888	doi:10.1038/s41586-026-10735-w	BANC_v888 260702
VFB_00108lhe	BANC_888:720575941591005751	right side of organism	has_soma_location	BANC888	doi:10.1038/s41586-026-10735-w	BANC_v888 260702
VFB_00108lhf	BANC_888:720575941591006775	left side of organism	has_soma_location	BANC888	doi:10.1038/s41586-026-10735-w	BANC_v888 260702
VFB_00108lhg	BANC_888:720575941591007799	left side of organism	has_soma_location	BANC888	doi:10.1038/s41586-026-10735-w	BANC_v888 260702
VFB_00108lhh	BANC_888:720575941591008510	right side of organism	has_soma_location	BANC888	doi:10.1038/s41586-026-10735-w	BANC_v888 260702
VFB_001054e0	BANC_888:720575941591008652	right side of organism	has_soma_location	BANC888	doi:10.1038/s41586-026-10735-w	BANC_v888 260702
VFB_001054e1	BANC_888:720575941591010444	right side of organism	has_soma_location	BANC888	doi:10.1038/s41586-026-10735-w	BANC_v888 260702
VFB_001054e2	BANC_888:720575941591011947	right side of organism	has_soma_location	BANC888	doi:10.1038/s41586-026-10735-w	BANC_v888 260702
VFB_00108lhi	BANC_888:720575941591013431	left side of organism	has_soma_location	BANC888	doi:10.1038/s41586-026-10735-w	BANC_v888 260702
VFB_001054e3	BANC_888:720575941591014398	left side of organism	has_soma_location	BANC888	doi:10.1038/s41586-026-10735-w	BANC_v888 260702
VFB_001054e4	BANC_888:720575941591016076	right side of organism	has_soma_location	BANC888	doi:10.1038/s41586-026-10735-w	BANC_v888 260702
VFB_00108lhj	BANC_888:720575941591017214	right side of organism	has_soma_location	BANC888	doi:10.1038/s41586-026-10735-w	BANC_v888 260702
VFB_001054e5	BANC_888:720575941591017470	left side of organism	has_soma_location	BANC888	doi:10.1038/s41586-026-10735-w	BANC_v888 260702
VFB_00108lhk	BANC_888:720575941591017783	left side of organism	has_soma_location	BANC888	doi:10.1038/s41586-026-10735-w	BANC_v888 260702
VFB_001054e6	BANC_888:720575941591018792	right side of organism	has_soma_location	BANC888	doi:10.1038/s41586-026-10735-w	BANC_v888 260702
VFB_001054e7	BANC_888:720575941591019916	right side of organism	has_soma_location	BANC888	doi:10.1038/s41586-026-10735-w	BANC_v888 260702
VFB_001054e8	BANC_888:720575941591020428	right side of organism	has_soma_location	BANC888	doi:10.1038/s41586-026-10735-w	BANC_v888 260702
VFB_00108lhl	BANC_888:720575941591020501	right side of organism	has_soma_location	BANC888	doi:10.1038/s41586-026-10735-w	BANC_v888 260702
VFB_001054e9	BANC_888:720575941591022846	right side of organism	has_soma_location	BANC888	doi:10.1038/s41586-026-10735-w	BANC_v888 260702
VFB_00108lhm	BANC_888:720575941591024695	right side of organism	has_soma_location	BANC888	doi:10.1038/s41586-026-10735-w	BANC_v888 260702
VFB_00108lhn	BANC_888:720575941591027255	left side of organism	has_soma_location	BANC888	doi:10.1038/s41586-026-10735-w	BANC_v888 260702
VFB_001054ea	BANC_888:720575941591028734	left side of organism	has_soma_location	BANC888	doi:10.1038/s41586-026-10735-w	BANC_v888 260702
VFB_001054ec	BANC_888:720575941591029644	left side of organism	has_soma_location	BANC888	doi:10.1038/s41586-026-10735-w	BANC_v888 260702
VFB_001054ed	BANC_888:720575941591031038	right side of organism	has_soma_location	BANC888	doi:10.1038/s41586-026-10735-w	BANC_v888 260702
VFB_00108lho	BANC_888:720575941591032062	right side of organism	has_soma_location	BANC888	doi:10.1038/s41586-026-10735-w	BANC_v888 260702
VFB_001054ee	BANC_888:720575941591033598	left side of organism	has_soma_location	BANC888	doi:10.1038/s41586-026-10735-w	BANC_v888 260702
VFB_001054ef	BANC_888:720575941591035432	right side of organism	has_soma_location	BANC888	doi:10.1038/s41586-026-10735-w	BANC_v888 260702
VFB_00108lhp	BANC_888:720575941591035959	left side of organism	has_soma_location	BANC888	doi:10.1038/s41586-026-10735-w	BANC_v888 260702
VFB_00108lhq	BANC_888:720575941591036670	left side of organism	has_soma_location	BANC888	doi:10.1038/s41586-026-10735-w	BANC_v888 260702
VFB_001054eg	BANC_888:720575941591037438	right side of organism	has_soma_location	BANC888	doi:10.1038/s41586-026-10735-w	BANC_v888 260702
VFB_00108lhr	BANC_888:720575941591037495	left side of organism	has_soma_location	BANC888	doi:10.1038/s41586-026-10735-w	BANC_v888 260702
VFB_001054eh	BANC_888:720575941591037547	right side of organism	has_soma_location	BANC888	doi:10.1038/s41586-026-10735-w	BANC_v888 260702
VFB_00108lhs	BANC_888:720575941591038007	right side of organism	has_soma_location	BANC888	doi:10.1038/s41586-026-10735-w	BANC_v888 260702
VFB_001054ei	BANC_888:720575941591039486	left side of organism	has_soma_location	BANC888	doi:10.1038/s41586-026-10735-w	BANC_v888 260702
VFB_001054ej	BANC_888:720575941591039528	right side of organism	has_soma_location	BANC888	doi:10.1038/s41586-026-10735-w	BANC_v888 260702
VFB_00108lht	BANC_888:720575941591039742	left side of organism	has_soma_location	BANC888	doi:10.1038/s41586-026-10735-w	BANC_v888 260702
VFB_00108lhu	BANC_888:720575941591040055	right side of organism	has_soma_location	BANC888	doi:10.1038/s41586-026-10735-w	BANC_v888 260702
VFB_00108lhv	BANC_888:720575941591040823	left side of organism	has_soma_location	BANC888	doi:10.1038/s41586-026-10735-w	BANC_v888 260702
VFB_00108lhw	BANC_888:720575941591041591	right side of organism	has_soma_location	BANC888	doi:10.1038/s41586-026-10735-w	BANC_v888 260702
VFB_00108lhx	BANC_888:720575941591042615	right side of organism	has_soma_location	BANC888	doi:10.1038/s41586-026-10735-w	BANC_v888 260702
VFB_00108lhy	BANC_888:720575941591046711	right side of organism	has_soma_location	BANC888	doi:10.1038/s41586-026-10735-w	BANC_v888 260702
VFB_00108lhz	BANC_888:720575941591048247	right side of organism	has_soma_location	BANC888	doi:10.1038/s41586-026-10735-w	BANC_v888 260702
VFB_00108li0	BANC_888:720575941591048332	right side of organism	has_soma_location	BANC888	doi:10.1038/s41586-026-10735-w	BANC_v888 260702
VFB_00108li1	BANC_888:720575941591049271	right side of organism	has_soma_location	BANC888	doi:10.1038/s41586-026-10735-w	BANC_v888 260702
VFB_001054em	BANC_888:720575941591050494	left side of organism	has_soma_location	BANC888	doi:10.1038/s41586-026-10735-w	BANC_v888 260702
VFB_001054en	BANC_888:720575941591051774	right side of organism	has_soma_location	BANC888	doi:10.1038/s41586-026-10735-w	BANC_v888 260702
VFB_00108li2	BANC_888:720575941591053566	left side of organism	has_soma_location	BANC888	doi:10.1038/s41586-026-10735-w	BANC_v888 260702
VFB_00108li3	BANC_888:720575941591056695	left side of organism	has_soma_location	BANC888	doi:10.1038/s41586-026-10735-w	BANC_v888 260702
VFB_00108li4	BANC_888:720575941591057975	right side of organism	has_soma_location	BANC888	doi:10.1038/s41586-026-10735-w	BANC_v888 260702
VFB_001054ep	BANC_888:720575941591058828	right side of organism	has_soma_location	BANC888	doi:10.1038/s41586-026-10735-w	BANC_v888 260702
VFB_00108li5	BANC_888:720575941591059255	left side of organism	has_soma_location	BANC888	doi:10.1038/s41586-026-10735-w	BANC_v888 260702
VFB_001054eq	BANC_888:720575941591060478	right side of organism	has_soma_location	BANC888	doi:10.1038/s41586-026-10735-w	BANC_v888 260702
VFB_001054er	BANC_888:720575941591061246	right side of organism	has_soma_location	BANC888	doi:10.1038/s41586-026-10735-w	BANC_v888 260702
VFB_00108li6	BANC_888:720575941591061815	left side of organism	has_soma_location	BANC888	doi:10.1038/s41586-026-10735-w	BANC_v888 260702
VFB_001054es	BANC_888:720575941591063180	right side of organism	has_soma_location	BANC888	doi:10.1038/s41586-026-10735-w	BANC_v888 260702
VFB_001054et	BANC_888:720575941591064716	right side of organism	has_soma_location	BANC888	doi:10.1038/s41586-026-10735-w	BANC_v888 260702
VFB_001054eu	BANC_888:720575941591065740	left side of organism	has_soma_location	BANC888	doi:10.1038/s41586-026-10735-w	BANC_v888 260702
VFB_001054ev	BANC_888:720575941591067390	left side of organism	has_soma_location	BANC888	doi:10.1038/s41586-026-10735-w	BANC_v888 260702
VFB_001054ew	BANC_888:720575941591069438	left side of organism	has_soma_location	BANC888	doi:10.1038/s41586-026-10735-w	BANC_v888 260702
VFB_001054ex	BANC_888:720575941591070462	right side of organism	has_soma_location	BANC888	doi:10.1038/s41586-026-10735-w	BANC_v888 260702
VFB_00108li7	BANC_888:720575941591075895	left side of organism	has_soma_location	BANC888	doi:10.1038/s41586-026-10735-w	BANC_v888 260702
VFB_00108li8	BANC_888:720575941591077943	right side of organism	has_soma_location	BANC888	doi:10.1038/s41586-026-10735-w	BANC_v888 260702
VFB_00108li9	BANC_888:720575941591081271	right side of organism	has_soma_location	BANC888	doi:10.1038/s41586-026-10735-w	BANC_v888 260702
VFB_001054f0	BANC_888:720575941591082892	right side of organism	has_soma_location	BANC888	doi:10.1038/s41586-026-10735-w	BANC_v888 260702
VFB_00108lia	BANC_888:720575941591083063	right side of organism	has_soma_location	BANC888	doi:10.1038/s41586-026-10735-w	BANC_v888 260702
VFB_00108lib	BANC_888:720575941591083575	right side of organism	has_soma_location	BANC888	doi:10.1038/s41586-026-10735-w	BANC_v888 260702
VFB_00108lic	BANC_888:720575941591089975	right side of organism	has_soma_location	BANC888	doi:10.1038/s41586-026-10735-w	BANC_v888 260702
VFB_00108lid	BANC_888:720575941591090174	left side of organism	has_soma_location	BANC888	doi:10.1038/s41586-026-10735-w	BANC_v888 260702
VFB_00108lie	BANC_888:720575941591093815	left side of organism	has_soma_location	BANC888	doi:10.1038/s41586-026-10735-w	BANC_v888 260702
VFB_00108lif	BANC_888:720575941591095095	left side of organism	has_soma_location	BANC888	doi:10.1038/s41586-026-10735-w	BANC_v888 260702
VFB_00108lig	BANC_888:720575941591095806	left side of organism	has_soma_location	BANC888	doi:10.1038/s41586-026-10735-w	BANC_v888 260702
VFB_00108lih	BANC_888:720575941591098110	left side of organism	has_soma_location	BANC888	doi:10.1038/s41586-026-10735-w	BANC_v888 260702
VFB_001054f1	BANC_888:720575941591098764	left side of organism	has_soma_location	BANC888	doi:10.1038/s41586-026-10735-w	BANC_v888 260702
VFB_00108lii	BANC_888:720575941591100983	left side of organism	has_soma_location	BANC888	doi:10.1038/s41586-026-10735-w	BANC_v888 260702
VFB_00108lij	BANC_888:720575941591101495	left side of organism	has_soma_location	BANC888	doi:10.1038/s41586-026-10735-w	BANC_v888 260702
VFB_00108lik	BANC_888:720575941591101751	left side of organism	has_soma_location	BANC888	doi:10.1038/s41586-026-10735-w	BANC_v888 260702
VFB_00108lil	BANC_888:720575941591102519	right side of organism	has_soma_location	BANC888	doi:10.1038/s41586-026-10735-w	BANC_v888 260702
VFB_00108lim	BANC_888:720575941591103031	right side of organism	has_soma_location	BANC888	doi:10.1038/s41586-026-10735-w	BANC_v888 260702
VFB_00108lin	BANC_888:720575941591104567	right side of organism	has_soma_location	BANC888	doi:10.1038/s41586-026-10735-w	BANC_v888 260702
VFB_00108lio	BANC_888:720575941591105847	left side of organism	has_soma_location	BANC888	doi:10.1038/s41586-026-10735-w	BANC_v888 260702
VFB_00108lip	BANC_888:720575941591113214	left side of organism	has_soma_location	BANC888	doi:10.1038/s41586-026-10735-w	BANC_v888 260702
VFB_00108liq	BANC_888:720575941591117310	left side of organism	has_soma_location	BANC888	doi:10.1038/s41586-026-10735-w	BANC_v888 260702
VFB_00108lir	BANC_888:720575941591117367	right side of organism	has_soma_location	BANC888	doi:10.1038/s41586-026-10735-w	BANC_v888 260702
VFB_00108lis	BANC_888:720575941591120951	right side of organism	has_soma_location	BANC888	doi:10.1038/s41586-026-10735-w	BANC_v888 260702
VFB_001054f3	BANC_888:720575941591121406	right side of organism	has_soma_location	BANC888	doi:10.1038/s41586-026-10735-w	BANC_v888 260702
VFB_00108lit	BANC_888:720575941591121463	right side of organism	has_soma_location	BANC888	doi:10.1038/s41586-026-10735-w	BANC_v888 260702
VFB_00108liu	BANC_888:720575941591122999	right side of organism	has_soma_location	BANC888	doi:10.1038/s41586-026-10735-w	BANC_v888 260702
VFB_00108liv	BANC_888:720575941591124023	right side of organism	has_soma_location	BANC888	doi:10.1038/s41586-026-10735-w	BANC_v888 260702
VFB_00108liw	BANC_888:720575941591125644	left side of organism	has_soma_location	BANC888	doi:10.1038/s41586-026-10735-w	BANC_v888 260702
VFB_00108lix	BANC_888:720575941591126782	left side of organism	has_soma_location	BANC888	doi:10.1038/s41586-026-10735-w	BANC_v888 260702
VFB_00108liy	BANC_888:720575941591129655	right side of organism	has_soma_location	BANC888	doi:10.1038/s41586-026-10735-w	BANC_v888 260702
VFB_00108liz	BANC_888:720575941591133751	right side of organism	has_soma_location	BANC888	doi:10.1038/s41586-026-10735-w	BANC_v888 260702
VFB_001054f5	BANC_888:720575941591134248	right side of organism	has_soma_location	BANC888	doi:10.1038/s41586-026-10735-w	BANC_v888 260702
VFB_00108lj0	BANC_888:720575941591134718	right side of organism	has_soma_location	BANC888	doi:10.1038/s41586-026-10735-w	BANC_v888 260702
VFB_00108lj1	BANC_888:720575941591135287	right side of organism	has_soma_location	BANC888	doi:10.1038/s41586-026-10735-w	BANC_v888 260702
VFB_001054f6	BANC_888:720575941591136254	right side of organism	has_soma_location	BANC888	doi:10.1038/s41586-026-10735-w	BANC_v888 260702
VFB_00108lj2	BANC_888:720575941591137079	left side of organism	has_soma_location	BANC888	doi:10.1038/s41586-026-10735-w	BANC_v888 260702
VFB_00108lj3	BANC_888:720575941591138615	right side of organism	has_soma_location	BANC888	doi:10.1038/s41586-026-10735-w	BANC_v888 260702
VFB_001054f7	BANC_888:720575941591139326	right side of organism	has_soma_location	BANC888	doi:10.1038/s41586-026-10735-w	BANC_v888 260702
VFB_00108lj4	BANC_888:720575941591142455	right side of organism	has_soma_location	BANC888	doi:10.1038/s41586-026-10735-w	BANC_v888 260702
VFB_00108lj5	BANC_888:720575941591142711	left side of organism	has_soma_location	BANC888	doi:10.1038/s41586-026-10735-w	BANC_v888 260702
VFB_00108lj6	BANC_888:720575941591144702	left side of organism	has_soma_location	BANC888	doi:10.1038/s41586-026-10735-w	BANC_v888 260702
VFB_001054f8	BANC_888:720575941591145000	right side of organism	has_soma_location	BANC888	doi:10.1038/s41586-026-10735-w	BANC_v888 260702
VFB_00108lj7	BANC_888:720575941591145271	left side of organism	has_soma_location	BANC888	doi:10.1038/s41586-026-10735-w	BANC_v888 260702
VFB_00108lj8	BANC_888:720575941591148343	right side of organism	has_soma_location	BANC888	doi:10.1038/s41586-026-10735-w	BANC_v888 260702
VFB_001054f9	BANC_888:720575941591151500	left side of organism	has_soma_location	BANC888	doi:10.1038/s41586-026-10735-w	BANC_v888 260702
VFB_00108lj9	BANC_888:720575941591152424	right side of organism	has_soma_location	BANC888	doi:10.1038/s41586-026-10735-w	BANC_v888 260702
VFB_00108lja	BANC_888:720575941591154743	left side of organism	has_soma_location	BANC888	doi:10.1038/s41586-026-10735-w	BANC_v888 260702
VFB_001054fb	BANC_888:720575941591155240	right side of organism	has_soma_location	BANC888	doi:10.1038/s41586-026-10735-w	BANC_v888 260702
VFB_00108ljb	BANC_888:720575941591160375	left side of organism	has_soma_location	BANC888	doi:10.1038/s41586-026-10735-w	BANC_v888 260702
VFB_001054fc	BANC_888:720575941591161128	right side of organism	has_soma_location	BANC888	doi:10.1038/s41586-026-10735-w	BANC_v888 260702
VFB_001054fd	BANC_888:720575941591161640	right side of organism	has_soma_location	BANC888	doi:10.1038/s41586-026-10735-w	BANC_v888 260702
VFB_001054fe	BANC_888:720575941591162252	right side of organism	has_soma_location	BANC888	doi:10.1038/s41586-026-10735-w	BANC_v888 260702
VFB_00108ljc	BANC_888:720575941591163176	right side of organism	has_soma_location	BANC888	doi:10.1038/s41586-026-10735-w	BANC_v888 260702
VFB_001054ff	BANC_888:720575941591164158	right side of organism	has_soma_location	BANC888	doi:10.1038/s41586-026-10735-w	BANC_v888 260702
VFB_00108ljd	BANC_888:720575941591164727	left side of organism	has_soma_location	BANC888	doi:10.1038/s41586-026-10735-w	BANC_v888 260702
VFB_001054fg	BANC_888:720575941591165836	right side of organism	has_soma_location	BANC888	doi:10.1038/s41586-026-10735-w	BANC_v888 260702
VFB_001054fh	BANC_888:720575941591165992	right side of organism	has_soma_location	BANC888	doi:10.1038/s41586-026-10735-w	BANC_v888 260702
VFB_001054fi	BANC_888:720575941591169576	right side of organism	has_soma_location	BANC888	doi:10.1038/s41586-026-10735-w	BANC_v888 260702
VFB_00108lje	BANC_888:720575941591174284	left side of organism	has_soma_location	BANC888	doi:10.1038/s41586-026-10735-w	BANC_v888 260702
VFB_001054fk	BANC_888:720575941591176744	right side of organism	has_soma_location	BANC888	doi:10.1038/s41586-026-10735-w	BANC_v888 260702
VFB_00108ljf	BANC_888:720575941591177783	left side of organism	has_soma_location	BANC888	doi:10.1038/s41586-026-10735-w	BANC_v888 260702
VFB_001054fl	BANC_888:720575941591182376	right side of organism	has_soma_location	BANC888	doi:10.1038/s41586-026-10735-w	BANC_v888 260702
VFB_001054fm	BANC_888:720575941591183656	right side of organism	has_soma_location	BANC888	doi:10.1038/s41586-026-10735-w	BANC_v888 260702
VFB_00108ljg	BANC_888:720575941591184951	left side of organism	has_soma_location	BANC888	doi:10.1038/s41586-026-10735-w	BANC_v888 260702
VFB_00108ljh	BANC_888:720575941591187710	right side of organism	has_soma_location	BANC888	doi:10.1038/s41586-026-10735-w	BANC_v888 260702
VFB_001054fo	BANC_888:720575941591190891	right side of organism	has_soma_location	BANC888	doi:10.1038/s41586-026-10735-w	BANC_v888 260702
VFB_00108lji	BANC_888:720575941591191659	right side of organism	has_soma_location	BANC888	doi:10.1038/s41586-026-10735-w	BANC_v888 260702
VFB_00108ljj	BANC_888:720575941591191806	left side of organism	has_soma_location	BANC888	doi:10.1038/s41586-026-10735-w	BANC_v888 260702
VFB_001054fq	BANC_888:720575941591196812	right side of organism	has_soma_location	BANC888	doi:10.1038/s41586-026-10735-w	BANC_v888 260702
VFB_00108ljk	BANC_888:720575941591199486	left side of organism	has_soma_location	BANC888	doi:10.1038/s41586-026-10735-w	BANC_v888 260702
VFB_001054fs	BANC_888:720575941591200296	right side of organism	has_soma_location	BANC888	doi:10.1038/s41586-026-10735-w	BANC_v888 260702
VFB_001054ft	BANC_888:720575941591202856	right side of organism	has_soma_location	BANC888	doi:10.1038/s41586-026-10735-w	BANC_v888 260702
VFB_00108ljl	BANC_888:720575941591203383	left side of organism	has_soma_location	BANC888	doi:10.1038/s41586-026-10735-w	BANC_v888 260702
VFB_001054fw	BANC_888:720575941591210536	right side of organism	has_soma_location	BANC888	doi:10.1038/s41586-026-10735-w	BANC_v888 260702
VFB_001054fx	BANC_888:720575941591211304	right side of organism	has_soma_location	BANC888	doi:10.1038/s41586-026-10735-w	BANC_v888 260702
VFB_00108ljm	BANC_888:720575941591213310	left side of organism	has_soma_location	BANC888	doi:10.1038/s41586-026-10735-w	BANC_v888 260702
VFB_001054fz	BANC_888:720575941591215400	right side of organism	has_soma_location	BANC888	doi:10.1038/s41586-026-10735-w	BANC_v888 260702
VFB_00108ljn	BANC_888:720575941591219710	left side of organism	has_soma_location	BANC888	doi:10.1038/s41586-026-10735-w	BANC_v888 260702
VFB_001054g0	BANC_888:720575941591225128	left side of organism	has_soma_location	BANC888	doi:10.1038/s41586-026-10735-w	BANC_v888 260702
VFB_00108ljo	BANC_888:720575941591226366	left side of organism	has_soma_location	BANC888	doi:10.1038/s41586-026-10735-w	BANC_v888 260702
VFB_00108ljp	BANC_888:720575941591227944	right side of organism	has_soma_location	BANC888	doi:10.1038/s41586-026-10735-w	BANC_v888 260702
VFB_001054g1	BANC_888:720575941591232040	right side of organism	has_soma_location	BANC888	doi:10.1038/s41586-026-10735-w	BANC_v888 260702
VFB_00108ljq	BANC_888:720575941591233022	left side of organism	has_soma_location	BANC888	doi:10.1038/s41586-026-10735-w	BANC_v888 260702
VFB_00108ljr	BANC_888:720575941591233591	left side of organism	has_soma_location	BANC888	doi:10.1038/s41586-026-10735-w	BANC_v888 260702
VFB_00108ljs	BANC_888:720575941591237175	left side of organism	has_soma_location	BANC888	doi:10.1038/s41586-026-10735-w	BANC_v888 260702
VFB_001054g2	BANC_888:720575941591239464	right side of organism	has_soma_location	BANC888	doi:10.1038/s41586-026-10735-w	BANC_v888 260702
VFB_00108ljt	BANC_888:720575941591242024	right side of organism	has_soma_location	BANC888	doi:10.1038/s41586-026-10735-w	BANC_v888 260702
VFB_00108lju	BANC_888:720575941591247870	left side of organism	has_soma_location	BANC888	doi:10.1038/s41586-026-10735-w	BANC_v888 260702
VFB_001054g4	BANC_888:720575941591248235	left side of organism	has_soma_location	BANC888	doi:10.1038/s41586-026-10735-w	BANC_v888 260702
VFB_001054g5	BANC_888:720575941591250728	right side of organism	has_soma_location	BANC888	doi:10.1038/s41586-026-10735-w	BANC_v888 260702
VFB_00108ljv	BANC_888:720575941591251198	left side of organism	has_soma_location	BANC888	doi:10.1038/s41586-026-10735-w	BANC_v888 260702
VFB_00108ljw	BANC_888:720575941591251255	left side of organism	has_soma_location	BANC888	doi:10.1038/s41586-026-10735-w	BANC_v888 260702
VFB_00108ljx	BANC_888:720575941591253815	left side of organism	has_soma_location	BANC888	doi:10.1038/s41586-026-10735-w	BANC_v888 260702
VFB_001054g6	BANC_888:720575941591255436	right side of organism	has_soma_location	BANC888	doi:10.1038/s41586-026-10735-w	BANC_v888 260702
VFB_00108ljy	BANC_888:720575941591256104	right side of organism	has_soma_location	BANC888	doi:10.1038/s41586-026-10735-w	BANC_v888 260702
VFB_001054g7	BANC_888:720575941591257128	right side of organism	has_soma_location	BANC888	doi:10.1038/s41586-026-10735-w	BANC_v888 260702
VFB_00108ljz	BANC_888:720575941591258110	left side of organism	has_soma_location	BANC888	doi:10.1038/s41586-026-10735-w	BANC_v888 260702
VFB_001054g8	BANC_888:720575941591264619	right side of organism	has_soma_location	BANC888	doi:10.1038/s41586-026-10735-w	BANC_v888 260702
VFB_001054g9	BANC_888:720575941591264652	right side of organism	has_soma_location	BANC888	doi:10.1038/s41586-026-10735-w	BANC_v888 260702
VFB_001054ga	BANC_888:720575941591266956	right side of organism	has_soma_location	BANC888	doi:10.1038/s41586-026-10735-w	BANC_v888 260702
VFB_001054gb	BANC_888:720575941591267724	right side of organism	has_soma_location	BANC888	doi:10.1038/s41586-026-10735-w	BANC_v888 260702
VFB_001054gc	BANC_888:720575941591270440	left side of organism	has_soma_location	BANC888	doi:10.1038/s41586-026-10735-w	BANC_v888 260702
VFB_001054gd	BANC_888:720575941591271308	right side of organism	has_soma_location	BANC888	doi:10.1038/s41586-026-10735-w	BANC_v888 260702
VFB_00108lk0	BANC_888:720575941591272247	left side of organism	has_soma_location	BANC888	doi:10.1038/s41586-026-10735-w	BANC_v888 260702
VFB_001054ge	BANC_888:720575941591277708	right side of organism	has_soma_location	BANC888	doi:10.1038/s41586-026-10735-w	BANC_v888 260702
VFB_001054gf	BANC_888:720575941591278220	right side of organism	has_soma_location	BANC888	doi:10.1038/s41586-026-10735-w	BANC_v888 260702
VFB_00108lk1	BANC_888:720575941591279415	left side of organism	has_soma_location	BANC888	doi:10.1038/s41586-026-10735-w	BANC_v888 260702
VFB_00108lk2	BANC_888:720575941591283767	left side of organism	has_soma_location	BANC888	doi:10.1038/s41586-026-10735-w	BANC_v888 260702
VFB_001054gg	BANC_888:720575941591284364	left side of organism	has_soma_location	BANC888	doi:10.1038/s41586-026-10735-w	BANC_v888 260702
VFB_001054gi	BANC_888:720575941591285388	left side of organism	has_soma_location	BANC888	doi:10.1038/s41586-026-10735-w	BANC_v888 260702
VFB_001054gj	BANC_888:720575941591285900	right side of organism	has_soma_location	BANC888	doi:10.1038/s41586-026-10735-w	BANC_v888 260702
VFB_001054gk	BANC_888:720575941591287692	left side of organism	has_soma_location	BANC888	doi:10.1038/s41586-026-10735-w	BANC_v888 260702
VFB_001054gl	BANC_888:720575941591287948	left side of organism	has_soma_location	BANC888	doi:10.1038/s41586-026-10735-w	BANC_v888 260702
VFB_00108lk3	BANC_888:720575941591290167	left side of organism	has_soma_location	BANC888	doi:10.1038/s41586-026-10735-w	BANC_v888 260702
VFB_001054gm	BANC_888:720575941591290508	right side of organism	has_soma_location	BANC888	doi:10.1038/s41586-026-10735-w	BANC_v888 260702
VFB_001054gn	BANC_888:720575941591292712	right side of organism	has_soma_location	BANC888	doi:10.1038/s41586-026-10735-w	BANC_v888 260702
VFB_001054go	BANC_888:720575941591298558	right side of organism	has_soma_location	BANC888	doi:10.1038/s41586-026-10735-w	BANC_v888 260702
VFB_001054gp	BANC_888:720575941591298814	right side of organism	has_soma_location	BANC888	doi:10.1038/s41586-026-10735-w	BANC_v888 260702
VFB_001054gq	BANC_888:720575941591299468	right side of organism	has_soma_location	BANC888	doi:10.1038/s41586-026-10735-w	BANC_v888 260702
VFB_001054gs	BANC_888:720575941591300094	right side of organism	has_soma_location	BANC888	doi:10.1038/s41586-026-10735-w	BANC_v888 260702
VFB_001054gu	BANC_888:720575941591302696	right side of organism	has_soma_location	BANC888	doi:10.1038/s41586-026-10735-w	BANC_v888 260702
VFB_001054gv	BANC_888:720575941591303422	right side of organism	has_soma_location	BANC888	doi:10.1038/s41586-026-10735-w	BANC_v888 260702
VFB_00108lk4	BANC_888:720575941591303720	right side of organism	has_soma_location	BANC888	doi:10.1038/s41586-026-10735-w	BANC_v888 260702
VFB_00108lk5	BANC_888:720575941591305356	left side of organism	has_soma_location	BANC888	doi:10.1038/s41586-026-10735-w	BANC_v888 260702
VFB_00108lk6	BANC_888:720575941591306124	right side of organism	has_soma_location	BANC888	doi:10.1038/s41586-026-10735-w	BANC_v888 260702
VFB_00108lk7	BANC_888:720575941591307148	right side of organism	has_soma_location	BANC888	doi:10.1038/s41586-026-10735-w	BANC_v888 260702
VFB_001054gw	BANC_888:720575941591307916	left side of organism	has_soma_location	BANC888	doi:10.1038/s41586-026-10735-w	BANC_v888 260702
VFB_00108lk8	BANC_888:720575941591315511	left side of organism	has_soma_location	BANC888	doi:10.1038/s41586-026-10735-w	BANC_v888 260702
VFB_00108lk9	BANC_888:720575941591318583	left side of organism	has_soma_location	BANC888	doi:10.1038/s41586-026-10735-w	BANC_v888 260702
VFB_001054gx	BANC_888:720575941591321996	left side of organism	has_soma_location	BANC888	doi:10.1038/s41586-026-10735-w	BANC_v888 260702
VFB_00108lka	BANC_888:720575941591322167	left side of organism	has_soma_location	BANC888	doi:10.1038/s41586-026-10735-w	BANC_v888 260702
VFB_001054gy	BANC_888:720575941591326760	right side of organism	has_soma_location	BANC888	doi:10.1038/s41586-026-10735-w	BANC_v888 260702
VFB_001054gz	BANC_888:720575941591331838	right side of organism	has_soma_location	BANC888	doi:10.1038/s41586-026-10735-w	BANC_v888 260702
VFB_00108lkb	BANC_888:720575941591345207	left side of organism	has_soma_location	BANC888	doi:10.1038/s41586-026-10735-w	BANC_v888 260702
VFB_00108lkc	BANC_888:720575941591345719	left side of organism	has_soma_location	BANC888	doi:10.1038/s41586-026-10735-w	BANC_v888 260702
VFB_001054h2	BANC_888:720575941591350412	left side of organism	has_soma_location	BANC888	doi:10.1038/s41586-026-10735-w	BANC_v888 260702
VFB_00108lkd	BANC_888:720575941591351351	left side of organism	has_soma_location	BANC888	doi:10.1038/s41586-026-10735-w	BANC_v888 260702
VFB_00108lke	BANC_888:720575941591351863	right side of organism	has_soma_location	BANC888	doi:10.1038/s41586-026-10735-w	BANC_v888 260702
VFB_00108lkf	BANC_888:720575941591356414	right side of organism	has_soma_location	BANC888	doi:10.1038/s41586-026-10735-w	BANC_v888 260702
VFB_00108lkg	BANC_888:720575941591356471	left side of organism	has_soma_location	BANC888	doi:10.1038/s41586-026-10735-w	BANC_v888 260702
VFB_001054h4	BANC_888:720575941591357324	right side of organism	has_soma_location	BANC888	doi:10.1038/s41586-026-10735-w	BANC_v888 260702
VFB_00108lkh	BANC_888:720575941591357495	right side of organism	has_soma_location	BANC888	doi:10.1038/s41586-026-10735-w	BANC_v888 260702
VFB_00108lki	BANC_888:720575941591364136	right side of organism	has_soma_location	BANC888	doi:10.1038/s41586-026-10735-w	BANC_v888 260702
VFB_00108lkj	BANC_888:720575941591365175	left side of organism	has_soma_location	BANC888	doi:10.1038/s41586-026-10735-w	BANC_v888 260702
VFB_00108lkk	BANC_888:720575941591367479	left side of organism	has_soma_location	BANC888	doi:10.1038/s41586-026-10735-w	BANC_v888 260702
VFB_001054h6	BANC_888:720575941591368588	left side of organism	has_soma_location	BANC888	doi:10.1038/s41586-026-10735-w	BANC_v888 260702
VFB_00108lkl	BANC_888:720575941591373196	left side of organism	has_soma_location	BANC888	doi:10.1038/s41586-026-10735-w	BANC_v888 260702
VFB_00108lkm	BANC_888:720575941591373623	left side of organism	has_soma_location	BANC888	doi:10.1038/s41586-026-10735-w	BANC_v888 260702
VFB_00108lkn	BANC_888:720575941591376382	right side of organism	has_soma_location	BANC888	doi:10.1038/s41586-026-10735-w	BANC_v888 260702
VFB_00108lko	BANC_888:720575941591376951	left side of organism	has_soma_location	BANC888	doi:10.1038/s41586-026-10735-w	BANC_v888 260702
VFB_00108lkp	BANC_888:720575941591378487	left side of organism	has_soma_location	BANC888	doi:10.1038/s41586-026-10735-w	BANC_v888 260702
VFB_00108lkq	BANC_888:720575941591379255	left side of organism	has_soma_location	BANC888	doi:10.1038/s41586-026-10735-w	BANC_v888 260702
VFB_00108lkr	BANC_888:720575941591381303	left side of organism	has_soma_location	BANC888	doi:10.1038/s41586-026-10735-w	BANC_v888 260702
VFB_00108lks	BANC_888:720575941591382156	left side of organism	has_soma_location	BANC888	doi:10.1038/s41586-026-10735-w	BANC_v888 260702
VFB_00108lkt	BANC_888:720575941591383095	left side of organism	has_soma_location	BANC888	doi:10.1038/s41586-026-10735-w	BANC_v888 260702
VFB_001054ha	BANC_888:720575941591385228	left side of organism	has_soma_location	BANC888	doi:10.1038/s41586-026-10735-w	BANC_v888 260702
VFB_001054hb	BANC_888:720575941591386508	right side of organism	has_soma_location	BANC888	doi:10.1038/s41586-026-10735-w	BANC_v888 260702
VFB_00108lku	BANC_888:720575941591388670	right side of organism	has_soma_location	BANC888	doi:10.1038/s41586-026-10735-w	BANC_v888 260702
VFB_00108lkv	BANC_888:720575941591391799	left side of organism	has_soma_location	BANC888	doi:10.1038/s41586-026-10735-w	BANC_v888 260702
VFB_00108lkw	BANC_888:720575941591392908	right side of organism	has_soma_location	BANC888	doi:10.1038/s41586-026-10735-w	BANC_v888 260702
VFB_00108lkx	BANC_888:720575941591395639	left side of organism	has_soma_location	BANC888	doi:10.1038/s41586-026-10735-w	BANC_v888 260702
VFB_001054hc	BANC_888:720575941591402792	right side of organism	has_soma_location	BANC888	doi:10.1038/s41586-026-10735-w	BANC_v888 260702
VFB_001054hd	BANC_888:720575941591403262	left side of organism	has_soma_location	BANC888	doi:10.1038/s41586-026-10735-w	BANC_v888 260702
VFB_00108lky	BANC_888:720575941591404343	left side of organism	has_soma_location	BANC888	doi:10.1038/s41586-026-10735-w	BANC_v888 260702
VFB_001054hf	BANC_888:720575941591407244	right side of organism	has_soma_location	BANC888	doi:10.1038/s41586-026-10735-w	BANC_v888 260702
VFB_00108lkz	BANC_888:720575941591408183	left side of organism	has_soma_location	BANC888	doi:10.1038/s41586-026-10735-w	BANC_v888 260702
VFB_00108ll0	BANC_888:720575941591411198	right side of organism	has_soma_location	BANC888	doi:10.1038/s41586-026-10735-w	BANC_v888 260702
VFB_00108ll1	BANC_888:720575941591411767	right side of organism	has_soma_location	BANC888	doi:10.1038/s41586-026-10735-w	BANC_v888 260702
VFB_00108ll2	BANC_888:720575941591415180	left side of organism	has_soma_location	BANC888	doi:10.1038/s41586-026-10735-w	BANC_v888 260702
VFB_00108ll3	BANC_888:720575941591416631	left side of organism	has_soma_location	BANC888	doi:10.1038/s41586-026-10735-w	BANC_v888 260702
VFB_00108ll4	BANC_888:720575941591418622	right side of organism	has_soma_location	BANC888	doi:10.1038/s41586-026-10735-w	BANC_v888 260702
VFB_00108ll5	BANC_888:720575941591420968	left side of organism	has_soma_location	BANC888	doi:10.1038/s41586-026-10735-w	BANC_v888 260702
VFB_00108ll6	BANC_888:720575941591425079	left side of organism	has_soma_location	BANC888	doi:10.1038/s41586-026-10735-w	BANC_v888 260702
VFB_001054hg	BANC_888:720575941591425164	right side of organism	has_soma_location	BANC888	doi:10.1038/s41586-026-10735-w	BANC_v888 260702
VFB_00108ll7	BANC_888:720575941591427838	right side of organism	has_soma_location	BANC888	doi:10.1038/s41586-026-10735-w	BANC_v888 260702
VFB_001054hh	BANC_888:720575941591428492	left side of organism	has_soma_location	BANC888	doi:10.1038/s41586-026-10735-w	BANC_v888 260702
VFB_001054hi	BANC_888:720575941591429672	left side of organism	has_soma_location	BANC888	doi:10.1038/s41586-026-10735-w	BANC_v888 260702
VFB_00108ll8	BANC_888:720575941591432958	right side of organism	has_soma_location	BANC888	doi:10.1038/s41586-026-10735-w	BANC_v888 260702
VFB_00108ll9	BANC_888:720575941591433527	left side of organism	has_soma_location	BANC888	doi:10.1038/s41586-026-10735-w	BANC_v888 260702
VFB_001054hj	BANC_888:720575941591434636	left side of organism	has_soma_location	BANC888	doi:10.1038/s41586-026-10735-w	BANC_v888 260702
