subject_external_id	subject_name	subject_external_db	relation	object	pub
720575941634168005	BANC_888:720575941634168005	BANC888	is_a	medulla intrinsic neuron Mi1	
720575941634168992	BANC_888:720575941634168992	BANC888	is_a	adult lateral accessory lobe neuron 020	
720575941634169029	BANC_888:720575941634169029	BANC888	is_a	lamina monopolar neuron L5	
720575941634170053	BANC_888:720575941634170053	BANC888	is_a	medulla intrinsic neuron Mi9	
720575941634171552	BANC_888:720575941634171552	BANC888	is_a	adult posterior ventrolateral protocerebrum neuron 134	
720575941634172320	BANC_888:720575941634172320	BANC888	is_a	adult wedge projection neuron 6	
720575941634173381	BANC_888:720575941634173381	BANC888	is_a	centrifugal neuron C2	
720575941634175136	BANC_888:720575941634175136	BANC888	is_a	adult optic lobe intrinsic neuron	
720575941634176187	BANC_888:720575941634176187	BANC888	is_a	adult olfactory receptor neuron Or88a	
720575941634177440	BANC_888:720575941634177440	BANC888	is_a	transmedullary Y neuron TmY3	
720575941634177952	BANC_888:720575941634177952	BANC888	is_a	transmedullary Y neuron TmY14	
720575941634181829	BANC_888:720575941634181829	BANC888	is_a	adult optic lobe intrinsic neuron	
720575941634182853	BANC_888:720575941634182853	BANC888	is_a	T4c neuron	
720575941634183385	BANC_888:720575941634183385	BANC888	is_a	zone B Johnston organ neuron	
720575941634184389	BANC_888:720575941634184389	BANC888	is_a	lamina monopolar neuron L5	
720575941634185157	BANC_888:720575941634185157	BANC888	is_a	transmedullary neuron Tm12	FlyBase:FBrf0262545
720575941634187168	BANC_888:720575941634187168	BANC888	is_a	transmedullary neuron Tm5b	
720575941634187195	BANC_888:720575941634187195	BANC888	is_a	transmedullary neuron Tm9	
720575941634187936	BANC_888:720575941634187936	BANC888	is_a	adult medulla-lobula neuron MeLo9	FlyBase:FBrf0262545
720575941634187973	BANC_888:720575941634187973	BANC888	is_a	adult optic lobe intrinsic neuron	
720575941634190240	BANC_888:720575941634190240	BANC888	is_a	adult superior medial protocerebrum neuron 215	
720575941634192069	BANC_888:720575941634192069	BANC888	is_a	adult lateral horn AD1a1 neuron	
720575941634194336	BANC_888:720575941634194336	BANC888	is_a	transmedullary Y neuron TmY18	FlyBase:FBrf0262545
720575941634199493	BANC_888:720575941634199493	BANC888	is_a	adult optic lobe intrinsic neuron	
720575941634201541	BANC_888:720575941634201541	BANC888	is_a	adult optic lobe intrinsic neuron	
720575941634206651	BANC_888:720575941634206651	BANC888	is_a	adult AN07B082 neuron	
720575941634207941	BANC_888:720575941634207941	BANC888	is_a	adult AN05B096 neuron	
720575941634209221	BANC_888:720575941634209221	BANC888	is_a	adult CB2369 neuron	
720575941634209696	BANC_888:720575941634209696	BANC888	is_a	adult optic lobe intrinsic neuron	
720575941634209989	BANC_888:720575941634209989	BANC888	is_a	adult CB3386 neuron	
720575941634210245	BANC_888:720575941634210245	BANC888	is_a	adult PNS neuron	
720575941634210757	BANC_888:720575941634210757	BANC888	is_a	lamina monopolar neuron L5	
720575941634212037	BANC_888:720575941634212037	BANC888	is_a	adult anterior ventrolateral protocerebrum neuron 289	
720575941634217925	BANC_888:720575941634217925	BANC888	is_a	adult olfactory receptor neuron Ir84a	
720575941634218171	BANC_888:720575941634218171	BANC888	is_a	adult optic lobe intrinsic neuron	
720575941634218683	BANC_888:720575941634218683	BANC888	is_a	adult optic lobe intrinsic neuron	
720575941634220229	BANC_888:720575941634220229	BANC888	is_a	adult posterior lateral protocerebrum neuron 035	
720575941634224571	BANC_888:720575941634224571	BANC888	is_a	adult optic lobe intrinsic neuron	
720575941634227872	BANC_888:720575941634227872	BANC888	is_a	lobula intrinsic neuron Li2	FlyBase:FBrf0262545
720575941634229664	BANC_888:720575941634229664	BANC888	is_a	distal medullary amacrine neuron Dm2	
720575941634230725	BANC_888:720575941634230725	BANC888	is_a	lobula plate intrinsic neuron LPi4-3	FlyBase:FBrf0262545
720575941634231237	BANC_888:720575941634231237	BANC888	is_a	adult tubercle-bulb neuron 07	
720575941634238917	BANC_888:720575941634238917	BANC888	is_a	adult posterior lateral protocerebrum neuron 191	
720575941634240197	BANC_888:720575941634240197	BANC888	is_a	medulla intrinsic neuron Mi1	
720575941634242245	BANC_888:720575941634242245	BANC888	is_a	transmedullary neuron Tm7	
720575941634243781	BANC_888:720575941634243781	BANC888	is_a	adult optic lobe intrinsic neuron	
720575941634244549	BANC_888:720575941634244549	BANC888	is_a	T4a neuron	
720575941634245307	BANC_888:720575941634245307	BANC888	is_a	adult optic lobe intrinsic neuron	
720575941634248133	BANC_888:720575941634248133	BANC888	is_a	adult IN19B012 neuron	
720575941634248389	BANC_888:720575941634248389	BANC888	is_a	adult lobula visual projection neuron LoVP56	FlyBase:FBrf0262545
720575941634251168	BANC_888:720575941634251168	BANC888	is_a	adult optic lobe intrinsic neuron	
720575941634252448	BANC_888:720575941634252448	BANC888	is_a	adult lobula columnar neuron LC36	
720575941634255776	BANC_888:720575941634255776	BANC888	is_a	lobula columnar neuron LC10b	
720575941634257568	BANC_888:720575941634257568	BANC888	is_a	medulla intrinsic neuron Mi1	
720575941634258336	BANC_888:720575941634258336	BANC888	is_a	adult optic lobe intrinsic neuron	
720575941634259360	BANC_888:720575941634259360	BANC888	is_a	centrifugal neuron C3	
720575941634259653	BANC_888:720575941634259653	BANC888	is_a	transmedullary neuron Tm4	
720575941634261408	BANC_888:720575941634261408	BANC888	is_a	lamina wide-field 2 neuron	
720575941634264517	BANC_888:720575941634264517	BANC888	is_a	gustatory receptor neuron of the wing	
720575941634265541	BANC_888:720575941634265541	BANC888	is_a	adult IN23B086 neuron	
720575941634265760	BANC_888:720575941634265760	BANC888	is_a	adult optic lobe intrinsic neuron	
720575941634266053	BANC_888:720575941634266053	BANC888	is_a	adult DNxl114 neuron	
720575941634267589	BANC_888:720575941634267589	BANC888	is_a	adult lobula-lobula plate neuron LOLP1	FlyBase:FBrf0262545
720575941634269371	BANC_888:720575941634269371	BANC888	is_a	descending neuron of the gnathal ganglion DNg59	
720575941634269600	BANC_888:720575941634269600	BANC888	is_a	Y neuron Y3	
720575941634274235	BANC_888:720575941634274235	BANC888	is_a	adult optic lobe intrinsic neuron	
720575941634276256	BANC_888:720575941634276256	BANC888	is_a	adult optic lobe intrinsic neuron	
720575941634277573	BANC_888:720575941634277573	BANC888	is_a	Y neuron Y3	
720575941634278843	BANC_888:720575941634278843	BANC888	is_a	adult gamma Kenyon cell	
720575941634279072	BANC_888:720575941634279072	BANC888	is_a	medulla intrinsic neuron Mi14	
720575941634280133	BANC_888:720575941634280133	BANC888	is_a	adult optic lobe intrinsic neuron	
720575941634286021	BANC_888:720575941634286021	BANC888	is_a	T4c neuron	
720575941634286041	BANC_888:720575941634286041	BANC888	is_a	zone B Johnston organ neuron	
720575941634290363	BANC_888:720575941634290363	BANC888	is_a	zone F Johnston organ neuron	
720575941634291397	BANC_888:720575941634291397	BANC888	is_a	adult medulla tangential neuron e01b	
720575941634295200	BANC_888:720575941634295200	BANC888	is_a	adult optic lobe intrinsic neuron	
720575941634298053	BANC_888:720575941634298053	BANC888	is_a	transmedullary neuron Tm9	
720575941634299808	BANC_888:720575941634299808	BANC888	is_a	adult optic lobe intrinsic neuron	
720575941634301600	BANC_888:720575941634301600	BANC888	is_a	adult optic lobe intrinsic neuron	
720575941634301856	BANC_888:720575941634301856	BANC888	is_a	adult optic lobe intrinsic neuron	
720575941634303904	BANC_888:720575941634303904	BANC888	is_a	adult optic lobe intrinsic neuron	
720575941634309081	BANC_888:720575941634309081	BANC888	is_a	zone B Johnston organ neuron	
720575941634311355	BANC_888:720575941634311355	BANC888	is_a	adult gustatory receptor neuron	
720575941634314693	BANC_888:720575941634314693	BANC888	is_a	adult optic lobe intrinsic neuron	
720575941634314939	BANC_888:720575941634314939	BANC888	is_a	adult CB3768 neuron	
720575941634316704	BANC_888:720575941634316704	BANC888	is_a	adult optic lobe intrinsic neuron	
720575941634316731	BANC_888:720575941634316731	BANC888	is_a	adult AN10B029 neuron	
720575941634320837	BANC_888:720575941634320837	BANC888	is_a	adult optic lobe intrinsic neuron	
720575941634323131	BANC_888:720575941634323131	BANC888	is_a	adult CNS neuron	
720575941634324384	BANC_888:720575941634324384	BANC888	is_a	adult optic lobe intrinsic neuron	
720575941634324411	BANC_888:720575941634324411	BANC888	is_a	lamina monopolar neuron L2	
720575941634325408	BANC_888:720575941634325408	BANC888	is_a	centrifugal neuron C3	
720575941634325947	BANC_888:720575941634325947	BANC888	is_a	mechanosensory neuron of hair plate	
720575941634327456	BANC_888:720575941634327456	BANC888	is_a	adult optic lobe intrinsic neuron	
720575941634334149	BANC_888:720575941634334149	BANC888	is_a	medulla intrinsic neuron Mi9	
720575941634336197	BANC_888:720575941634336197	BANC888	is_a	columnar neuron T1	
720575941634338464	BANC_888:720575941634338464	BANC888	is_a	adult lobula intrinsic neuron Li25	FlyBase:FBrf0262545
720575941634338976	BANC_888:720575941634338976	BANC888	is_a	visual projection neuron	
720575941634340539	BANC_888:720575941634340539	BANC888	is_a	adult SNpp62 neuron	
720575941634344608	BANC_888:720575941634344608	BANC888	is_a	protocerebral bridge 1 glomerulus-fan-shaped body layer 2-lateral accessory lobe-crepine neuron	
720575941634348704	BANC_888:720575941634348704	BANC888	is_a	adult CB3063 neuron	
720575941634352032	BANC_888:720575941634352032	BANC888	is_a	lamina monopolar neuron L4	
720575941634352544	BANC_888:720575941634352544	BANC888	is_a	transmedullary neuron Tm2	
720575941634352581	BANC_888:720575941634352581	BANC888	is_a	adult medulla-tubercle neuron 1	
720575941634353851	BANC_888:720575941634353851	BANC888	is_a	adult Ms cell of pars intercerebralis	
720575941634355616	BANC_888:720575941634355616	BANC888	is_a	adult CB0208 neuron	
720575941634357179	BANC_888:720575941634357179	BANC888	is_a	zone E Johnston organ neuron	
720575941634357957	BANC_888:720575941634357957	BANC888	is_a	gustatory receptor neuron	
720575941634363323	BANC_888:720575941634363323	BANC888	is_a	zone E Johnston organ neuron	
720575941634363552	BANC_888:720575941634363552	BANC888	is_a	adult optic lobe intrinsic neuron	
720575941634363808	BANC_888:720575941634363808	BANC888	is_a	distal medullary amacrine neuron Dm10	
720575941634365883	BANC_888:720575941634365883	BANC888	is_a	lamina monopolar neuron L4	
720575941634366917	BANC_888:720575941634366917	BANC888	is_a	adult optic lobe intrinsic neuron	
720575941634374048	BANC_888:720575941634374048	BANC888	is_a	transmedullary neuron Tm24	FlyBase:FBrf0262545
720575941634375072	BANC_888:720575941634375072	BANC888	is_a	lobula columnar neuron LC17	
720575941634379168	BANC_888:720575941634379168	BANC888	is_a	adult optic lobe intrinsic neuron	
720575941634382277	BANC_888:720575941634382277	BANC888	is_a	lobula columnar neuron LC12	
720575941634384827	BANC_888:720575941634384827	BANC888	is_a	mushroom body medial-vertical lobe arborizing neuron 1	
720575941634385861	BANC_888:720575941634385861	BANC888	is_a	adult optic lobe intrinsic neuron	
720575941634386848	BANC_888:720575941634386848	BANC888	is_a	adult optic lobe intrinsic neuron	
720575941634387360	BANC_888:720575941634387360	BANC888	is_a	T5d neuron	
720575941634388933	BANC_888:720575941634388933	BANC888	is_a	adult optic lobe intrinsic neuron	
720575941634390176	BANC_888:720575941634390176	BANC888	is_a	adult optic lobe intrinsic neuron	
720575941634390944	BANC_888:720575941634390944	BANC888	is_a	adult medulla-tubercle neuron 1	
720575941634391456	BANC_888:720575941634391456	BANC888	is_a	adult optic lobe intrinsic neuron	
720575941634391493	BANC_888:720575941634391493	BANC888	is_a	adult optic lobe intrinsic neuron	
720575941634397600	BANC_888:720575941634397600	BANC888	is_a	proximal medullary amacrine neuron Pm3	FlyBase:FBrf0262545
720575941634397627	BANC_888:720575941634397627	BANC888	is_a	protocerebral bridge 1 glomerulus-fan-shaped body-nodulus 3 posterior domain neuron	
720575941634397856	BANC_888:720575941634397856	BANC888	is_a	T4c neuron	
720575941634398907	BANC_888:720575941634398907	BANC888	is_a	adult CB2826 neuron	
720575941634399648	BANC_888:720575941634399648	BANC888	is_a	adult optic lobe intrinsic neuron	
720575941634400453	BANC_888:720575941634400453	BANC888	is_a	lobula columnar neuron LC10c	
720575941634401952	BANC_888:720575941634401952	BANC888	is_a	adult olfactory receptor neuron Amt/Rh50	
720575941634402501	BANC_888:720575941634402501	BANC888	is_a	adult lobula intrinsic neuron Li25	FlyBase:FBrf0262545
720575941634403013	BANC_888:720575941634403013	BANC888	is_a	adult optic lobe intrinsic neuron	
720575941634403488	BANC_888:720575941634403488	BANC888	is_a	adult olfactory receptor neuron Or9a	
720575941634405051	BANC_888:720575941634405051	BANC888	is_a	columnar neuron T1	
720575941634405317	BANC_888:720575941634405317	BANC888	is_a	adult optic lobe intrinsic neuron	
720575941634405573	BANC_888:720575941634405573	BANC888	is_a	adult optic lobe intrinsic neuron	
720575941634406085	BANC_888:720575941634406085	BANC888	is_a	adult optic lobe intrinsic neuron	
720575941634411424	BANC_888:720575941634411424	BANC888	is_a	adult optic lobe intrinsic neuron	
720575941634411936	BANC_888:720575941634411936	BANC888	is_a	adult optic lobe intrinsic neuron	
720575941634416837	BANC_888:720575941634416837	BANC888	is_a	adult optic lobe intrinsic neuron	
720575941634420384	BANC_888:720575941634420384	BANC888	is_a	lamina monopolar neuron L5	
720575941634425544	BANC_888:720575941634425544	BANC888	is_a	adult optic lobe intrinsic neuron	
720575941634440352	BANC_888:720575941634440352	BANC888	is_a	adult optic lobe intrinsic neuron	
720575941634443707	BANC_888:720575941634443707	BANC888	is_a	lamina monopolar neuron L4	
720575941634450629	BANC_888:720575941634450629	BANC888	is_a	adult optic lobe intrinsic neuron	
720575941634456763	BANC_888:720575941634456763	BANC888	is_a	T3 neuron	
720575941634459040	BANC_888:720575941634459040	BANC888	is_a	adult CB1078 neuron	
720575941634465696	BANC_888:720575941634465696	BANC888	is_a	adult anterior ventrolateral protocerebrum neuron 143	
720575941634465989	BANC_888:720575941634465989	BANC888	is_a	adult optic lobe intrinsic neuron	
720575941634471365	BANC_888:720575941634471365	BANC888	is_a	adult optic lobe intrinsic neuron	
720575941634473888	BANC_888:720575941634473888	BANC888	is_a	adult optic lobe intrinsic neuron	
720575941634476229	BANC_888:720575941634476229	BANC888	is_a	adult optic lobe intrinsic neuron	
720575941634482885	BANC_888:720575941634482885	BANC888	is_a	adult optic lobe intrinsic neuron	
720575941634484421	BANC_888:720575941634484421	BANC888	is_a	adult lobula plate tangential neuron LPT54	
720575941634485701	BANC_888:720575941634485701	BANC888	is_a	adult optic lobe intrinsic neuron	
720575941634486176	BANC_888:720575941634486176	BANC888	is_a	adult optic lobe intrinsic neuron	
720575941634498976	BANC_888:720575941634498976	BANC888	is_a	adult optic lobe intrinsic neuron	
720575941634502304	BANC_888:720575941634502304	BANC888	is_a	adult optic lobe intrinsic neuron	
720575941634510021	BANC_888:720575941634510021	BANC888	is_a	adult optic lobe intrinsic neuron	
720575941634510240	BANC_888:720575941634510240	BANC888	is_a	adult optic lobe intrinsic neuron	
720575941634514373	BANC_888:720575941634514373	BANC888	is_a	adult optic lobe intrinsic neuron	
720575941634517445	BANC_888:720575941634517445	BANC888	is_a	medulla intrinsic neuron Mi1	
720575941634519968	BANC_888:720575941634519968	BANC888	is_a	transmedullary neuron Tm4	
720575941634522821	BANC_888:720575941634522821	BANC888	is_a	adult optic lobe intrinsic neuron	
720575941634525893	BANC_888:720575941634525893	BANC888	is_a	adult optic lobe intrinsic neuron	
720575941634527429	BANC_888:720575941634527429	BANC888	is_a	lobula plate-lobula columnar neuron LPLC1	
720575941634529952	BANC_888:720575941634529952	BANC888	is_a	lobula columnar neuron LC10a	
720575941634536891	BANC_888:720575941634536891	BANC888	is_a	adult lobula columnar neuron e01	
720575941634537120	BANC_888:720575941634537120	BANC888	is_a	adult optic lobe intrinsic neuron	
720575941634539424	BANC_888:720575941634539424	BANC888	is_a	adult optic lobe intrinsic neuron	
720575941634539680	BANC_888:720575941634539680	BANC888	is_a	adult CB0687 neuron	
720575941634541984	BANC_888:720575941634541984	BANC888	is_a	adult optic lobe intrinsic neuron	
720575941634545568	BANC_888:720575941634545568	BANC888	is_a	adult optic lobe intrinsic neuron	
720575941634546336	BANC_888:720575941634546336	BANC888	is_a	adult anterior ventrolateral protocerebrum neuron 435	
720575941634549435	BANC_888:720575941634549435	BANC888	is_a	adult optic lobe intrinsic neuron	
720575941634550725	BANC_888:720575941634550725	BANC888	is_a	adult optic lobe intrinsic neuron	
720575941634551749	BANC_888:720575941634551749	BANC888	is_a	adult optic lobe intrinsic neuron	
720575941634553285	BANC_888:720575941634553285	BANC888	is_a	adult optic lobe intrinsic neuron	
720575941634554272	BANC_888:720575941634554272	BANC888	is_a	adult optic lobe intrinsic neuron	
720575941634555589	BANC_888:720575941634555589	BANC888	is_a	adult optic lobe intrinsic neuron	
720575941634557856	BANC_888:720575941634557856	BANC888	is_a	adult optic lobe intrinsic neuron	
720575941634558624	BANC_888:720575941634558624	BANC888	is_a	adult optic lobe intrinsic neuron	
720575941634561440	BANC_888:720575941634561440	BANC888	is_a	adult CB1318 neuron	
720575941634561733	BANC_888:720575941634561733	BANC888	is_a	distal medullary amacrine neuron Dm6	
720575941634562757	BANC_888:720575941634562757	BANC888	is_a	visual projection neuron	
720575941634563013	BANC_888:720575941634563013	BANC888	is_a	adult optic lobe intrinsic neuron	
720575941634563269	BANC_888:720575941634563269	BANC888	is_a	adult lobula tangential neuron LT39	
720575941634566341	BANC_888:720575941634566341	BANC888	is_a	distal medullary amacrine neuron Dm3b	FlyBase:FBrf0262545
720575941634566843	BANC_888:720575941634566843	BANC888	is_a	adult fan-shaped body layer 8 neuron of DPMpl2 lineage	
720575941634571424	BANC_888:720575941634571424	BANC888	is_a	adult optic lobe intrinsic neuron	
720575941634571717	BANC_888:720575941634571717	BANC888	is_a	adult optic lobe intrinsic neuron	
720575941634572997	BANC_888:720575941634572997	BANC888	is_a	adult optic lobe intrinsic neuron	
720575941634573253	BANC_888:720575941634573253	BANC888	is_a	adult lobula tangential neuron LT52	
720575941634575301	BANC_888:720575941634575301	BANC888	is_a	lobula plate-lobula columnar neuron LPLC4	
720575941634575557	BANC_888:720575941634575557	BANC888	is_a	adult optic lobe intrinsic neuron	
720575941634578875	BANC_888:720575941634578875	BANC888	is_a	adult optic lobe intrinsic neuron	
720575941634580384	BANC_888:720575941634580384	BANC888	is_a	lobula-lobula plate columnar neuron LLPC1	
720575941634581408	BANC_888:720575941634581408	BANC888	is_a	T4d neuron	
720575941634581691	BANC_888:720575941634581691	BANC888	is_a	lamina monopolar neuron L2	
720575941634581920	BANC_888:720575941634581920	BANC888	is_a	T4a neuron	
720575941634582688	BANC_888:720575941634582688	BANC888	is_a	adult optic lobe intrinsic neuron	
720575941634583237	BANC_888:720575941634583237	BANC888	is_a	lobula columnar neuron LC18	
720575941634588576	BANC_888:720575941634588576	BANC888	is_a	adult medulla visual projection neuron MeVP28	FlyBase:FBrf0262545
720575941634589088	BANC_888:720575941634589088	BANC888	is_a	transmedullary neuron Tm16	
720575941634589637	BANC_888:720575941634589637	BANC888	is_a	transmedullary neuron Tm1	
720575941634591941	BANC_888:720575941634591941	BANC888	is_a	adult central medulla intrinsic neuron Cm7	FlyBase:FBrf0262545
720575941634592416	BANC_888:720575941634592416	BANC888	is_a	lamina wide-field 2 neuron	
720575941634593440	BANC_888:720575941634593440	BANC888	is_a	lamina monopolar neuron L1	
720575941634594245	BANC_888:720575941634594245	BANC888	is_a	T2 neuron	
720575941634595269	BANC_888:720575941634595269	BANC888	is_a	adult lobula visual centrifugal neuron LoVC19	FlyBase:FBrf0262545
720575941634595488	BANC_888:720575941634595488	BANC888	is_a	centrifugal neuron C2	
720575941634599621	BANC_888:720575941634599621	BANC888	is_a	medulla intrinsic neuron Mi9	
720575941634600123	BANC_888:720575941634600123	BANC888	is_a	T2a neuron	
720575941634600645	BANC_888:720575941634600645	BANC888	is_a	adult optic lobe intrinsic neuron	
720575941634605253	BANC_888:720575941634605253	BANC888	is_a	adult lobula plate visual centrifugal neuron 01	
720575941634606240	BANC_888:720575941634606240	BANC888	is_a	adult optic lobe intrinsic neuron	
720575941634607301	BANC_888:720575941634607301	BANC888	is_a	medulla intrinsic neuron Mi18	FlyBase:FBrf0262545
720575941634607557	BANC_888:720575941634607557	BANC888	is_a	lobula plate-lobula columnar neuron LPLC4	
720575941634608069	BANC_888:720575941634608069	BANC888	is_a	distal medullary amacrine neuron Dm12	
720575941634609349	BANC_888:720575941634609349	BANC888	is_a	adult medulla visual centrifugal neuron MeVC3	
720575941634611397	BANC_888:720575941634611397	BANC888	is_a	adult optic lobe intrinsic neuron	
720575941634611872	BANC_888:720575941634611872	BANC888	is_a	adult ANXXX404 neuron	
720575941634612128	BANC_888:720575941634612128	BANC888	is_a	adult CB3245 neuron	
720575941634613408	BANC_888:720575941634613408	BANC888	is_a	adult optic lobe intrinsic neuron	
720575941634617248	BANC_888:720575941634617248	BANC888	is_a	adult optic lobe intrinsic neuron	
720575941634620320	BANC_888:720575941634620320	BANC888	is_a	adult optic lobe intrinsic neuron	
720575941634624160	BANC_888:720575941634624160	BANC888	is_a	adult optic lobe intrinsic neuron	
720575941634629792	BANC_888:720575941634629792	BANC888	is_a	adult optic lobe intrinsic neuron	
720575941634630331	BANC_888:720575941634630331	BANC888	is_a	columnar neuron T1	
720575941634637472	BANC_888:720575941634637472	BANC888	is_a	adult optic lobe intrinsic neuron	
720575941634637984	BANC_888:720575941634637984	BANC888	is_a	adult optic lobe intrinsic neuron	
720575941634642107	BANC_888:720575941634642107	BANC888	is_a	prothoracic leg taste bristle chemosensory neuron	
720575941634657696	BANC_888:720575941634657696	BANC888	is_a	columnar neuron T1	
720575941634661536	BANC_888:720575941634661536	BANC888	is_a	adult optic lobe intrinsic neuron	
720575941634663328	BANC_888:720575941634663328	BANC888	is_a	adult optic lobe intrinsic neuron	
720575941634665376	BANC_888:720575941634665376	BANC888	is_a	adult optic lobe intrinsic neuron	
720575941634665632	BANC_888:720575941634665632	BANC888	is_a	adult optic lobe intrinsic neuron	
720575941634666683	BANC_888:720575941634666683	BANC888	is_a	adult optic lobe intrinsic neuron	
720575941634670240	BANC_888:720575941634670240	BANC888	is_a	adult optic lobe intrinsic neuron	
720575941634673595	BANC_888:720575941634673595	BANC888	is_a	adult lobula tangential neuron LT74	
720575941634680992	BANC_888:720575941634680992	BANC888	is_a	adult optic lobe intrinsic neuron	
720575941634681531	BANC_888:720575941634681531	BANC888	is_a	adult optic lobe intrinsic neuron	
720575941634682043	BANC_888:720575941634682043	BANC888	is_a	adult optic lobe intrinsic neuron	
720575941634683579	BANC_888:720575941634683579	BANC888	is_a	adult optic lobe intrinsic neuron	
720575941634690747	BANC_888:720575941634690747	BANC888	is_a	adult CB0124 neuron	
720575941634691232	BANC_888:720575941634691232	BANC888	is_a	adult optic lobe intrinsic neuron	
720575941634693307	BANC_888:720575941634693307	BANC888	is_a	adult CB1102 neuron	
720575941634693563	BANC_888:720575941634693563	BANC888	is_a	adult lobula visual projection neuron LoVP73	FlyBase:FBrf0262545
720575941634696379	BANC_888:720575941634696379	BANC888	is_a	adult CB0633 neuron	
720575941634699680	BANC_888:720575941634699680	BANC888	is_a	adult optic lobe intrinsic neuron	
720575941634701984	BANC_888:720575941634701984	BANC888	is_a	adult optic lobe intrinsic neuron	
720575941634705083	BANC_888:720575941634705083	BANC888	is_a	adult CB2296 neuron	
720575941634709179	BANC_888:720575941634709179	BANC888	is_a	adult CB3112 neuron	
720575941634709664	BANC_888:720575941634709664	BANC888	is_a	lobula columnar neuron LC9	
720575941634710459	BANC_888:720575941634710459	BANC888	is_a	adult CB3026 neuron	
720575941634710715	BANC_888:720575941634710715	BANC888	is_a	adult wedge neuron 040	
720575941634712507	BANC_888:720575941634712507	BANC888	is_a	dopaminergic PAM neuron 5	
720575941634713248	BANC_888:720575941634713248	BANC888	is_a	adult optic lobe intrinsic neuron	
720575941634716603	BANC_888:720575941634716603	BANC888	is_a	adult CB3449 neuron	
720575941634721723	BANC_888:720575941634721723	BANC888	is_a	zone A Johnston organ neuron	
720575941634721952	BANC_888:720575941634721952	BANC888	is_a	adult optic lobe intrinsic neuron	
720575941634722464	BANC_888:720575941634722464	BANC888	is_a	lobula tangential neuron LT51	
720575941634723515	BANC_888:720575941634723515	BANC888	is_a	adult optic lobe intrinsic neuron	
720575941634723744	BANC_888:720575941634723744	BANC888	is_a	adult optic lobe intrinsic neuron	
720575941634728891	BANC_888:720575941634728891	BANC888	is_a	adult CB3198 neuron	
720575941634732219	BANC_888:720575941634732219	BANC888	is_a	adult fan-shaped body layer 1 neuron of CP2 lineage	
720575941634734267	BANC_888:720575941634734267	BANC888	is_a	adult fan-shaped body 1 column-crepine neuron	FlyBase:FBrf0246888
720575941634744251	BANC_888:720575941634744251	BANC888	is_a	lamina monopolar neuron L5	
720575941634744736	BANC_888:720575941634744736	BANC888	is_a	adult optic lobe intrinsic neuron	
720575941634748320	BANC_888:720575941634748320	BANC888	is_a	adult optic lobe intrinsic neuron	
720575941634749371	BANC_888:720575941634749371	BANC888	is_a	adult optic lobe intrinsic neuron	
720575941634754491	BANC_888:720575941634754491	BANC888	is_a	adult optic lobe intrinsic neuron	
720575941634759328	BANC_888:720575941634759328	BANC888	is_a	adult optic lobe intrinsic neuron	
720575941634759840	BANC_888:720575941634759840	BANC888	is_a	accessory medulla neuron aMe17b	
720575941634766752	BANC_888:720575941634766752	BANC888	is_a	adult medulla visual centrifugal neuron MeVCMe2	FlyBase:FBrf0262545
720575941634769312	BANC_888:720575941634769312	BANC888	is_a	lamina monopolar neuron L2	
720575941634769339	BANC_888:720575941634769339	BANC888	is_a	adult optic lobe intrinsic neuron	
720575941634772640	BANC_888:720575941634772640	BANC888	is_a	transmedullary neuron Tm20	
720575941634773435	BANC_888:720575941634773435	BANC888	is_a	adult optic lobe intrinsic neuron	
720575941634776480	BANC_888:720575941634776480	BANC888	is_a	adult optic lobe intrinsic neuron	
720575941634776763	BANC_888:720575941634776763	BANC888	is_a	T4d neuron	
720575941634780064	BANC_888:720575941634780064	BANC888	is_a	lobula columnar neuron LC30	FlyBase:FBrf0262545
720575941634788000	BANC_888:720575941634788000	BANC888	is_a	lamina wide-field 2 neuron	
720575941634788283	BANC_888:720575941634788283	BANC888	is_a	adult optic lobe intrinsic neuron	
720575941634790560	BANC_888:720575941634790560	BANC888	is_a	adult optic lobe intrinsic neuron	
720575941634791584	BANC_888:720575941634791584	BANC888	is_a	transmedullary Y neuron TmY20	
720575941634791840	BANC_888:720575941634791840	BANC888	is_a	adult central medulla intrinsic neuron Cm3	FlyBase:FBrf0262545
720575941634793888	BANC_888:720575941634793888	BANC888	is_a	transmedullary Y neuron TmY4	
720575941634796448	BANC_888:720575941634796448	BANC888	is_a	T3 neuron	
720575941634797728	BANC_888:720575941634797728	BANC888	is_a	adult optic lobe intrinsic neuron	
720575941634799776	BANC_888:720575941634799776	BANC888	is_a	adult central medulla neuron Cm11	FlyBase:FBrf0262545
720575941634806432	BANC_888:720575941634806432	BANC888	is_a	medulla intrinsic neuron Mi18	FlyBase:FBrf0262545
720575941634810016	BANC_888:720575941634810016	BANC888	is_a	adult optic lobe intrinsic neuron	
720575941634811323	BANC_888:720575941634811323	BANC888	is_a	adult optic lobe intrinsic neuron	
720575941634813883	BANC_888:720575941634813883	BANC888	is_a	adult optic lobe intrinsic neuron	
720575941634821563	BANC_888:720575941634821563	BANC888	is_a	adult lobula intrinsic neuron Li13	FlyBase:FBrf0262545
720575941634823611	BANC_888:720575941634823611	BANC888	is_a	translobula plate neuron Tlp5	
720575941634826171	BANC_888:720575941634826171	BANC888	is_a	adult optic lobe intrinsic neuron	
720575941634831291	BANC_888:720575941634831291	BANC888	is_a	lamina monopolar neuron L1	
720575941634842043	BANC_888:720575941634842043	BANC888	is_a	distal medullary amacrine neuron Dm16	
720575941634845371	BANC_888:720575941634845371	BANC888	is_a	adult optic lobe intrinsic neuron	
720575941634846395	BANC_888:720575941634846395	BANC888	is_a	adult optic lobe intrinsic neuron	
720575941634847675	BANC_888:720575941634847675	BANC888	is_a	medulla intrinsic neuron Mi4	
720575941634863547	BANC_888:720575941634863547	BANC888	is_a	adult anterior ventrolateral protocerebrum neuron 437	
720575941634875067	BANC_888:720575941634875067	BANC888	is_a	T4c neuron	
720575941634876091	BANC_888:720575941634876091	BANC888	is_a	adult central medulla intrinsic neuron Cm1	FlyBase:FBrf0262545
720575941634882747	BANC_888:720575941634882747	BANC888	is_a	adult CB3820 neuron	
720575941634893243	BANC_888:720575941634893243	BANC888	is_a	T2a neuron	
720575941634900155	BANC_888:720575941634900155	BANC888	is_a	transmedullary neuron Tm16	
720575941634902203	BANC_888:720575941634902203	BANC888	is_a	lobula-lobula plate columnar neuron LLPC2	
720575941634911163	BANC_888:720575941634911163	BANC888	is_a	lobula columnar neuron LC12	
720575941634922683	BANC_888:720575941634922683	BANC888	is_a	adult optic lobe intrinsic neuron	
720575941634929339	BANC_888:720575941634929339	BANC888	is_a	lamina wide-field 1 neuron	
720575941634932155	BANC_888:720575941634932155	BANC888	is_a	centrifugal neuron C3	
720575941634937019	BANC_888:720575941634937019	BANC888	is_a	adult lobula intrinsic neuron Li27	FlyBase:FBrf0262545
720575941634940603	BANC_888:720575941634940603	BANC888	is_a	transmedullary neuron Tm4	
720575941634942651	BANC_888:720575941634942651	BANC888	is_a	columnar neuron T1	
720575941634944187	BANC_888:720575941634944187	BANC888	is_a	T5c neuron	
720575941634946491	BANC_888:720575941634946491	BANC888	is_a	transmedullary Y neuron TmY14	
720575941634951611	BANC_888:720575941634951611	BANC888	is_a	distal medullary amacrine neuron Dm15	
720575941634956475	BANC_888:720575941634956475	BANC888	is_a	adult optic lobe intrinsic neuron	
720575941634960571	BANC_888:720575941634960571	BANC888	is_a	T3 neuron	
720575941634961851	BANC_888:720575941634961851	BANC888	is_a	adult optic lobe intrinsic neuron	
720575941634963131	BANC_888:720575941634963131	BANC888	is_a	adult INXXX258 neuron	
720575941634964155	BANC_888:720575941634964155	BANC888	is_a	adult optic lobe intrinsic neuron	
720575941634964923	BANC_888:720575941634964923	BANC888	is_a	adult optic lobe intrinsic neuron	
720575941634974651	BANC_888:720575941634974651	BANC888	is_a	medulla intrinsic neuron Mi9	
720575941634976187	BANC_888:720575941634976187	BANC888	is_a	adult optic lobe intrinsic neuron	
720575941634979259	BANC_888:720575941634979259	BANC888	is_a	lobula columnar neuron LC14	
720575941634984123	BANC_888:720575941634984123	BANC888	is_a	medulla intrinsic neuron Mi13	
720575941634984379	BANC_888:720575941634984379	BANC888	is_a	medulla intrinsic neuron Mi1	
720575941634988475	BANC_888:720575941634988475	BANC888	is_a	adult optic lobe intrinsic neuron	
720575941634991547	BANC_888:720575941634991547	BANC888	is_a	medulla intrinsic neuron Mi15	
720575941634993851	BANC_888:720575941634993851	BANC888	is_a	T2a neuron	
720575941635001531	BANC_888:720575941635001531	BANC888	is_a	adult medulla visual projection neuron MeVP2	FlyBase:FBrf0262545
720575941635009979	BANC_888:720575941635009979	BANC888	is_a	transmedullary neuron Tm24	FlyBase:FBrf0262545
720575941635013307	BANC_888:720575941635013307	BANC888	is_a	adult optic lobe intrinsic neuron	
720575941635015867	BANC_888:720575941635015867	BANC888	is_a	adult optic lobe intrinsic neuron	
720575941635017659	BANC_888:720575941635017659	BANC888	is_a	adult optic lobe intrinsic neuron	
720575941635019451	BANC_888:720575941635019451	BANC888	is_a	lobula columnar neuron LC10a	
720575941635027387	BANC_888:720575941635027387	BANC888	is_a	adult SNxx03 neuron	
720575941635030715	BANC_888:720575941635030715	BANC888	is_a	lobula columnar neuron LC10a	
720575941635032251	BANC_888:720575941635032251	BANC888	is_a	T4d neuron	
720575941635034299	BANC_888:720575941635034299	BANC888	is_a	adult optic lobe intrinsic neuron	
720575941635034811	BANC_888:720575941635034811	BANC888	is_a	adult medulla-tubercle neuron 1	
720575941635036091	BANC_888:720575941635036091	BANC888	is_a	lamina monopolar neuron L5	
720575941635039675	BANC_888:720575941635039675	BANC888	is_a	adult optic lobe intrinsic neuron	
720575941635041723	BANC_888:720575941635041723	BANC888	is_a	adult optic lobe intrinsic neuron	
720575941635045563	BANC_888:720575941635045563	BANC888	is_a	distal medullary amacrine neuron Dm2	
720575941635045819	BANC_888:720575941635045819	BANC888	is_a	lobula columnar neuron LC13	
720575941635047099	BANC_888:720575941635047099	BANC888	is_a	adult optic lobe intrinsic neuron	
720575941635047355	BANC_888:720575941635047355	BANC888	is_a	transmedullary Y neuron TmY18	FlyBase:FBrf0262545
720575941635047525	BANC_888:720575941635047525	BANC888	is_a	adult SNta39 neuron	
720575941635049147	BANC_888:720575941635049147	BANC888	is_a	adult optic lobe intrinsic neuron	
720575941635052731	BANC_888:720575941635052731	BANC888	is_a	lamina monopolar neuron L2	
720575941635054011	BANC_888:720575941635054011	BANC888	is_a	adult olfactory receptor neuron Ir84a	
720575941635054779	BANC_888:720575941635054779	BANC888	is_a	distal medullary amacrine neuron Dm13	
720575941635057339	BANC_888:720575941635057339	BANC888	is_a	lamina monopolar neuron L2	
720575941635064763	BANC_888:720575941635064763	BANC888	is_a	lamina monopolar neuron L5	
720575941635067067	BANC_888:720575941635067067	BANC888	is_a	columnar neuron T1	
720575941635067323	BANC_888:720575941635067323	BANC888	is_a	femoral chordotonal hook neuron	
720575941635071931	BANC_888:720575941635071931	BANC888	is_a	lobula columnar neuron LC13	
720575941635076283	BANC_888:720575941635076283	BANC888	is_a	adult optic lobe intrinsic neuron	
720575941635077051	BANC_888:720575941635077051	BANC888	is_a	transmedullary neuron Tm5b	
720575941635079099	BANC_888:720575941635079099	BANC888	is_a	lamina monopolar neuron L2	
720575941635080379	BANC_888:720575941635080379	BANC888	is_a	adult CB1437 neuron	
720575941635080891	BANC_888:720575941635080891	BANC888	is_a	adult clamp neuron 150	
720575941635082939	BANC_888:720575941635082939	BANC888	is_a	T3 neuron	
720575941635084475	BANC_888:720575941635084475	BANC888	is_a	adult olfactory receptor neuron Or2a	
720575941635087547	BANC_888:720575941635087547	BANC888	is_a	adult INXXX440 neuron	
720575941635090363	BANC_888:720575941635090363	BANC888	is_a	adult lateral horn PV5b3 neuron	
720575941635090619	BANC_888:720575941635090619	BANC888	is_a	adult optic lobe intrinsic neuron	
720575941635100603	BANC_888:720575941635100603	BANC888	is_a	adult AN05B010 neuron	
720575941635101371	BANC_888:720575941635101371	BANC888	is_a	adult optic lobe intrinsic neuron	
720575941635103675	BANC_888:720575941635103675	BANC888	is_a	lamina monopolar neuron L1	
720575941635128763	BANC_888:720575941635128763	BANC888	is_a	T5c neuron	
720575941635133607	BANC_888:720575941635133607	BANC888	is_a	sensory neuron	
720575941635133627	BANC_888:720575941635133627	BANC888	is_a	medulla intrinsic neuron Mi1	
720575941635142843	BANC_888:720575941635142843	BANC888	is_a	adult optic lobe intrinsic neuron	
720575941635146171	BANC_888:720575941635146171	BANC888	is_a	adult optic lobe intrinsic neuron	
720575941635154875	BANC_888:720575941635154875	BANC888	is_a	adult optic lobe intrinsic neuron	
720575941635158459	BANC_888:720575941635158459	BANC888	is_a	adult optic lobe intrinsic neuron	
720575941635169723	BANC_888:720575941635169723	BANC888	is_a	adult optic lobe intrinsic neuron	
720575941635188155	BANC_888:720575941635188155	BANC888	is_a	lamina monopolar neuron L2	
720575941635195835	BANC_888:720575941635195835	BANC888	is_a	distal medullary amacrine neuron Dm3b	FlyBase:FBrf0262545
720575941635207611	BANC_888:720575941635207611	BANC888	is_a	lamina monopolar neuron L2	
720575941635216827	BANC_888:720575941635216827	BANC888	is_a	adult optic lobe intrinsic neuron	
720575941635223483	BANC_888:720575941635223483	BANC888	is_a	adult optic lobe intrinsic neuron	
720575941635226841	BANC_888:720575941635226841	BANC888	is_a	adult CB3015 neuron	
720575941635228603	BANC_888:720575941635228603	BANC888	is_a	visual projection neuron	
720575941635230907	BANC_888:720575941635230907	BANC888	is_a	transmedullary neuron Tm37	FlyBase:FBrf0262545
720575941635232357	BANC_888:720575941635232357	BANC888	is_a	adult SNta38 neuron	
720575941635241915	BANC_888:720575941635241915	BANC888	is_a	adult CB2047 neuron	
720575941635244475	BANC_888:720575941635244475	BANC888	is_a	T2a neuron	
720575941635244645	BANC_888:720575941635244645	BANC888	is_a	adult SNta38 neuron	
720575941635244731	BANC_888:720575941635244731	BANC888	is_a	T4c neuron	
720575941635250363	BANC_888:720575941635250363	BANC888	is_a	distal medullary amacrine neuron Dm2	
720575941635253691	BANC_888:720575941635253691	BANC888	is_a	adult optic lobe intrinsic neuron	
720575941635257531	BANC_888:720575941635257531	BANC888	is_a	transmedullary neuron Tm33	FlyBase:FBrf0262545
720575941635265979	BANC_888:720575941635265979	BANC888	is_a	lamina monopolar neuron L5	
720575941635266235	BANC_888:720575941635266235	BANC888	is_a	adult optic lobe intrinsic neuron	
720575941635280059	BANC_888:720575941635280059	BANC888	is_a	visual projection neuron	
720575941635286203	BANC_888:720575941635286203	BANC888	is_a	adult optic lobe intrinsic neuron	
720575941635294907	BANC_888:720575941635294907	BANC888	is_a	adult optic lobe intrinsic neuron	
720575941635295931	BANC_888:720575941635295931	BANC888	is_a	adult CB2433 neuron	
720575941635297723	BANC_888:720575941635297723	BANC888	is_a	adult lateral horn centrifugal neuron 6	
720575941635301307	BANC_888:720575941635301307	BANC888	is_a	adult CB1003 neuron	
720575941635303611	BANC_888:720575941635303611	BANC888	is_a	adult optic lobe intrinsic neuron	
720575941635306939	BANC_888:720575941635306939	BANC888	is_a	adult optic lobe intrinsic neuron	
720575941635308219	BANC_888:720575941635308219	BANC888	is_a	adult optic lobe intrinsic neuron	
720575941635322555	BANC_888:720575941635322555	BANC888	is_a	distal medullary amacrine neuron Dm2	
720575941635326907	BANC_888:720575941635326907	BANC888	is_a	visual projection neuron	
720575941635328443	BANC_888:720575941635328443	BANC888	is_a	adult optic lobe intrinsic neuron	
720575941635330491	BANC_888:720575941635330491	BANC888	is_a	centrifugal neuron C3	
720575941635333819	BANC_888:720575941635333819	BANC888	is_a	adult optic lobe intrinsic neuron	
720575941635339707	BANC_888:720575941635339707	BANC888	is_a	transmedullary neuron Tm5b	
720575941635341499	BANC_888:720575941635341499	BANC888	is_a	adult optic lobe intrinsic neuron	
720575941635349179	BANC_888:720575941635349179	BANC888	is_a	adult optic lobe intrinsic neuron	
720575941635352251	BANC_888:720575941635352251	BANC888	is_a	adult optic lobe intrinsic neuron	
720575941635365307	BANC_888:720575941635365307	BANC888	is_a	columnar neuron T1	
720575941635369915	BANC_888:720575941635369915	BANC888	is_a	adult anterior ventrolateral protocerebrum neuron 190	
720575941635376571	BANC_888:720575941635376571	BANC888	is_a	T3 neuron	
720575941635377851	BANC_888:720575941635377851	BANC888	is_a	transmedullary neuron Tm1	
720575941635390395	BANC_888:720575941635390395	BANC888	is_a	zone B Johnston organ neuron	
720575941635395771	BANC_888:720575941635395771	BANC888	is_a	adult anterior ventrolateral protocerebrum neuron 309	
720575941635396027	BANC_888:720575941635396027	BANC888	is_a	adult anterior ventrolateral protocerebrum neuron 215	
720575941635399611	BANC_888:720575941635399611	BANC888	is_a	adult optic lobe intrinsic neuron	
720575941635405243	BANC_888:720575941635405243	BANC888	is_a	adult optic lobe intrinsic neuron	
720575941635427515	BANC_888:720575941635427515	BANC888	is_a	adult optic lobe intrinsic neuron	
720575941635430587	BANC_888:720575941635430587	BANC888	is_a	lobula intrinsic neuron Li14	FlyBase:FBrf0262545
720575941635436219	BANC_888:720575941635436219	BANC888	is_a	adult lobula visual centrifugal neuron LoVC22	FlyBase:FBrf0262545
720575941635444411	BANC_888:720575941635444411	BANC888	is_a	adult optic lobe intrinsic neuron	
720575941635449275	BANC_888:720575941635449275	BANC888	is_a	adult optic lobe intrinsic neuron	
720575941635450043	BANC_888:720575941635450043	BANC888	is_a	adult lobula intrinsic neuron Li23	FlyBase:FBrf0262545
720575941635451323	BANC_888:720575941635451323	BANC888	is_a	adult optic lobe intrinsic neuron	
720575941635452347	BANC_888:720575941635452347	BANC888	is_a	adult optic lobe intrinsic neuron	
720575941635453627	BANC_888:720575941635453627	BANC888	is_a	adult optic lobe intrinsic neuron	
720575941635462843	BANC_888:720575941635462843	BANC888	is_a	adult lobula tangential neuron LT42	
720575941635466427	BANC_888:720575941635466427	BANC888	is_a	adult optic lobe intrinsic neuron	
720575941635467451	BANC_888:720575941635467451	BANC888	is_a	adult optic lobe intrinsic neuron	
720575941635467963	BANC_888:720575941635467963	BANC888	is_a	adult CB0626 neuron	
720575941635470011	BANC_888:720575941635470011	BANC888	is_a	adult medulla-lobula neuron MeLo7	FlyBase:FBrf0262545
720575941635473339	BANC_888:720575941635473339	BANC888	is_a	lobula columnar neuron LC21	
720575941635483323	BANC_888:720575941635483323	BANC888	is_a	transmedullary neuron Tm20	
720575941635483579	BANC_888:720575941635483579	BANC888	is_a	T5c neuron	
720575941635485883	BANC_888:720575941635485883	BANC888	is_a	T2a neuron	
720575941635486651	BANC_888:720575941635486651	BANC888	is_a	adult optic lobe intrinsic neuron	
720575941635492027	BANC_888:720575941635492027	BANC888	is_a	proximal medullary amacrine neuron Pm4	FlyBase:FBrf0262545
720575941635496379	BANC_888:720575941635496379	BANC888	is_a	transmedullary neuron Tm3	
720575941635500219	BANC_888:720575941635500219	BANC888	is_a	medulla intrinsic neuron Mi9	
720575941635501755	BANC_888:720575941635501755	BANC888	is_a	distal medullary amacrine neuron Dm4	
720575941635508155	BANC_888:720575941635508155	BANC888	is_a	proximal medullary amacrine neuron Pm8	FlyBase:FBrf0262545
720575941635509947	BANC_888:720575941635509947	BANC888	is_a	adult optic lobe intrinsic neuron	
720575941635511227	BANC_888:720575941635511227	BANC888	is_a	lamina monopolar neuron L3	
720575941635516603	BANC_888:720575941635516603	BANC888	is_a	adult medulla visual projection neuron MeVP56	FlyBase:FBrf0262545
720575941635558757	BANC_888:720575941635558757	BANC888	is_a	adult SNch10 neuron	
720575941635620519	BANC_888:720575941635620519	BANC888	is_a	zone F Johnston organ neuron	
720575941635624871	BANC_888:720575941635624871	BANC888	is_a	sensory neuron	
720575941635657895	BANC_888:720575941635657895	BANC888	is_a	sensory neuron	
720575941635725479	BANC_888:720575941635725479	BANC888	is_a	zone E Johnston organ neuron	
720575941635777125	BANC_888:720575941635777125	BANC888	is_a	adult SNta39 neuron	
720575941636180597	BANC_888:720575941636180597	BANC888	is_a	adult AN19B063 neuron	
720575941636231029	BANC_888:720575941636231029	BANC888	is_a	adult SNta23 neuron	
720575941636231541	BANC_888:720575941636231541	BANC888	is_a	T4c neuron	
720575941636248933	BANC_888:720575941636248933	BANC888	is_a	adult SNxx03 neuron	
720575941636252277	BANC_888:720575941636252277	BANC888	is_a	bristle sensory neuron	
720575941636263285	BANC_888:720575941636263285	BANC888	is_a	adult IN20A.22A074 neuron	
720575941636275829	BANC_888:720575941636275829	BANC888	is_a	T4d neuron	
720575941636281205	BANC_888:720575941636281205	BANC888	is_a	adult IN08B051 neuron	
720575941636285045	BANC_888:720575941636285045	BANC888	is_a	adult SNta09 neuron	
720575941636294261	BANC_888:720575941636294261	BANC888	is_a	T4b neuron	
720575941636318581	BANC_888:720575941636318581	BANC888	is_a	adult SNta29 neuron	
720575941636363637	BANC_888:720575941636363637	BANC888	is_a	adult fruitless vPR7 neuron	
720575941636364917	BANC_888:720575941636364917	BANC888	is_a	adult IN10B028 neuron	
720575941636372085	BANC_888:720575941636372085	BANC888	is_a	adult IN14A052 neuron	
720575941636392565	BANC_888:720575941636392565	BANC888	is_a	adult IN11B003 neuron	
720575941636397000	BANC_888:720575941636397000	BANC888	is_a	lamina monopolar neuron L1	
720575941636401013	BANC_888:720575941636401013	BANC888	is_a	adult IN06B059 neuron	
720575941636446069	BANC_888:720575941636446069	BANC888	is_a	adult SNta26 neuron	
720575941636455029	BANC_888:720575941636455029	BANC888	is_a	adult IN03A066 neuron	
720575941636471413	BANC_888:720575941636471413	BANC888	is_a	adult IN01B070 neuron	
720575941636474229	BANC_888:720575941636474229	BANC888	is_a	adult IN10B032 neuron	
720575941636488565	BANC_888:720575941636488565	BANC888	is_a	adult IN07B055 neuron	
720575941636491893	BANC_888:720575941636491893	BANC888	is_a	adult IN13B035 neuron	
720575941636500341	BANC_888:720575941636500341	BANC888	is_a	adult IN09B048 neuron	
720575941636525685	BANC_888:720575941636525685	BANC888	is_a	adult INXXX399 neuron	
720575941636531573	BANC_888:720575941636531573	BANC888	is_a	adult AN08B071 neuron	
720575941636552565	BANC_888:720575941636552565	BANC888	is_a	mesothoracic leg taste bristle chemosensory neuron	
720575941636577909	BANC_888:720575941636577909	BANC888	is_a	adult SAch01 neuron	
720575941636594293	BANC_888:720575941636594293	BANC888	is_a	protocerebral bridge 1 glomerulus-fan-shaped body-nodulus 3 posterior domain neuron	
720575941636667253	BANC_888:720575941636667253	BANC888	is_a	protocerebral bridge 1 glomerulus-fan-shaped body-nodulus 3 posterior domain neuron	
720575941636673909	BANC_888:720575941636673909	BANC888	is_a	wing margin mechanosensory bristle	
720575941636685429	BANC_888:720575941636685429	BANC888	is_a	protocerebral bridge 1 glomerulus-fan-shaped body-nodulus 3 posterior domain neuron	
720575941636735861	BANC_888:720575941636735861	BANC888	is_a	prothoracic sternal posterior rotator muscle motor neuron	
720575941636748405	BANC_888:720575941636748405	BANC888	is_a	adult SNta35 neuron	
720575941636776565	BANC_888:720575941636776565	BANC888	is_a	adult ellipsoid body ring neuron R2	
720575941636875893	BANC_888:720575941636875893	BANC888	is_a	lobula columnar neuron LC12	
720575941636973941	BANC_888:720575941636973941	BANC888	is_a	adult posterior slope neuron 193	
720575941636993909	BANC_888:720575941636993909	BANC888	is_a	adult lateral accessory lobe neuron 127	
720575941636998517	BANC_888:720575941636998517	BANC888	is_a	distal medullary amacrine neuron Dm3a	FlyBase:FBrf0262545
720575941636998773	BANC_888:720575941636998773	BANC888	is_a	distal medullary amacrine neuron Dm3b	FlyBase:FBrf0262545
720575941637023605	BANC_888:720575941637023605	BANC888	is_a	adult ellipsoid body ring neuron R2	
720575941637030261	BANC_888:720575941637030261	BANC888	is_a	lobula intrinsic neuron Li14	FlyBase:FBrf0262545
720575941637118837	BANC_888:720575941637118837	BANC888	is_a	adult CB1303 neuron	
720575941637140597	BANC_888:720575941637140597	BANC888	is_a	mesothoracic femoral reductor muscle motor neuron	
720575941637141109	BANC_888:720575941637141109	BANC888	is_a	mesothoracic femoral reductor muscle motor neuron	
720575941637231221	BANC_888:720575941637231221	BANC888	is_a	T4b neuron	
720575941637251957	BANC_888:720575941637251957	BANC888	is_a	T5d neuron	
720575941637255797	BANC_888:720575941637255797	BANC888	is_a	T4a neuron	
720575941637256053	BANC_888:720575941637256053	BANC888	is_a	T4d neuron	
720575941637258357	BANC_888:720575941637258357	BANC888	is_a	distal medullary amacrine neuron Dm3b	FlyBase:FBrf0262545
720575941637259637	BANC_888:720575941637259637	BANC888	is_a	T4d neuron	
720575941637262453	BANC_888:720575941637262453	BANC888	is_a	adult optic lobe intrinsic neuron	
720575941637262709	BANC_888:720575941637262709	BANC888	is_a	T5d neuron	
720575941637263989	BANC_888:720575941637263989	BANC888	is_a	T4b neuron	
720575941637268597	BANC_888:720575941637268597	BANC888	is_a	T4c neuron	
720575941637269109	BANC_888:720575941637269109	BANC888	is_a	T5c neuron	
720575941637270133	BANC_888:720575941637270133	BANC888	is_a	T4b neuron	
720575941637294709	BANC_888:720575941637294709	BANC888	is_a	medulla intrinsic neuron Mi13	
720575941637295477	BANC_888:720575941637295477	BANC888	is_a	adult optic lobe intrinsic neuron	
720575941637298805	BANC_888:720575941637298805	BANC888	is_a	lobula columnar neuron LC10d	
720575941637303413	BANC_888:720575941637303413	BANC888	is_a	lobula plate intrinsic neuron LPi2d	FlyBase:FBrf0262545
720575941637307253	BANC_888:720575941637307253	BANC888	is_a	T4b neuron	
720575941637319029	BANC_888:720575941637319029	BANC888	is_a	T4b neuron	
720575941637322357	BANC_888:720575941637322357	BANC888	is_a	adult optic lobe intrinsic neuron	
720575941637332341	BANC_888:720575941637332341	BANC888	is_a	T4c neuron	
720575941637337461	BANC_888:720575941637337461	BANC888	is_a	adult lobula plate tangential neuron LPT111	FlyBase:FBrf0262545
720575941637345141	BANC_888:720575941637345141	BANC888	is_a	adult optic lobe intrinsic neuron	
720575941637374069	BANC_888:720575941637374069	BANC888	is_a	T4d neuron	
720575941637376885	BANC_888:720575941637376885	BANC888	is_a	adult optic lobe intrinsic neuron	
720575941637402741	BANC_888:720575941637402741	BANC888	is_a	lobula intrinsic neuron Li14	FlyBase:FBrf0262545
720575941637414005	BANC_888:720575941637414005	BANC888	is_a	T5a neuron	
720575941637477749	BANC_888:720575941637477749	BANC888	is_a	adult optic lobe intrinsic neuron	
720575941637492085	BANC_888:720575941637492085	BANC888	is_a	adult optic lobe intrinsic neuron	
720575941637495669	BANC_888:720575941637495669	BANC888	is_a	adult central medulla intrinsic neuron Cm13	FlyBase:FBrf0262545
720575941637499253	BANC_888:720575941637499253	BANC888	is_a	adult lobula intrinsic neuron Li26	FlyBase:FBrf0262545
720575941637506165	BANC_888:720575941637506165	BANC888	is_a	lobula columnar neuron LC10d	
720575941637519733	BANC_888:720575941637519733	BANC888	is_a	transmedullary neuron Tm1	
720575941637522549	BANC_888:720575941637522549	BANC888	is_a	T5a neuron	
720575941637532789	BANC_888:720575941637532789	BANC888	is_a	distal medullary amacrine neuron Dm10	
720575941637536629	BANC_888:720575941637536629	BANC888	is_a	distal medullary amacrine neuron Dm3a	FlyBase:FBrf0262545
720575941637540808	BANC_888:720575941637540808	BANC888	is_a	lamina monopolar neuron L2	
720575941637545845	BANC_888:720575941637545845	BANC888	is_a	columnar neuron T1	
720575941637566837	BANC_888:720575941637566837	BANC888	is_a	transmedullary neuron Tm9	
720575941637569397	BANC_888:720575941637569397	BANC888	is_a	T2 neuron	
720575941637598581	BANC_888:720575941637598581	BANC888	is_a	distal medullary amacrine neuron Dm8a	
720575941637616501	BANC_888:720575941637616501	BANC888	is_a	distal medullary amacrine neuron Dm3a	FlyBase:FBrf0262545
720575941637642357	BANC_888:720575941637642357	BANC888	is_a	sensory neuron of haltere campaniform sensillum	
720575941637655413	BANC_888:720575941637655413	BANC888	is_a	transmedullary neuron Tm1	
720575941637683829	BANC_888:720575941637683829	BANC888	is_a	adult ANXXX098 neuron	
720575941637710197	BANC_888:720575941637710197	BANC888	is_a	medulla intrinsic neuron Mi1	
720575941637710709	BANC_888:720575941637710709	BANC888	is_a	medulla intrinsic neuron Mi1	
720575941637721205	BANC_888:720575941637721205	BANC888	is_a	adult IN16B061 neuron	
720575941637734175	BANC_888:720575941637734175	BANC888	is_a	descending neuron of the gnathal ganglion DNg06	
720575941637740405	BANC_888:720575941637740405	BANC888	is_a	adult superior medial protocerebrum neuron 217	
720575941637758581	BANC_888:720575941637758581	BANC888	is_a	T2 neuron	
720575941637778805	BANC_888:720575941637778805	BANC888	is_a	adult optic lobe intrinsic neuron	
720575941637780255	BANC_888:720575941637780255	BANC888	is_a	adult IN19A048 neuron	
720575941637787679	BANC_888:720575941637787679	BANC888	is_a	adult CB0864 neuron	
720575941637789045	BANC_888:720575941637789045	BANC888	is_a	transmedullary neuron Tm9	
720575941637795957	BANC_888:720575941637795957	BANC888	is_a	adult IN12A011 neuron	
720575941637800309	BANC_888:720575941637800309	BANC888	is_a	adult DNut046 neuron	
720575941637800565	BANC_888:720575941637800565	BANC888	is_a	adult IN19A029 neuron	
720575941637803039	BANC_888:720575941637803039	BANC888	is_a	adult SNch05 neuron	
720575941637812085	BANC_888:720575941637812085	BANC888	is_a	adult IN21A004 neuron	
720575941637812511	BANC_888:720575941637812511	BANC888	is_a	adult IN13B044 neuron	
720575941637820789	BANC_888:720575941637820789	BANC888	is_a	adult SNta38 neuron	
720575941637821045	BANC_888:720575941637821045	BANC888	is_a	adult SNta38 neuron	
720575941637822581	BANC_888:720575941637822581	BANC888	is_a	adult SNta29 neuron	
720575941637826677	BANC_888:720575941637826677	BANC888	is_a	adult optic lobe intrinsic neuron	
720575941637828725	BANC_888:720575941637828725	BANC888	is_a	distal medullary amacrine neuron Dm3a	FlyBase:FBrf0262545
720575941637840415	BANC_888:720575941637840415	BANC888	is_a	adult IN08A033 neuron	
720575941637847583	BANC_888:720575941637847583	BANC888	is_a	T5a neuron	
720575941637854751	BANC_888:720575941637854751	BANC888	is_a	ocellar ganglion interneuron type 01	
720575941637864309	BANC_888:720575941637864309	BANC888	is_a	transmedullary neuron Tm9	
720575941637873439	BANC_888:720575941637873439	BANC888	is_a	adult INXXX365 neuron	
720575941637874975	BANC_888:720575941637874975	BANC888	is_a	adult IN21A017 neuron	
720575941637882143	BANC_888:720575941637882143	BANC888	is_a	adult INXXX407 neuron	
720575941637891701	BANC_888:720575941637891701	BANC888	is_a	T4c neuron	
720575941637903733	BANC_888:720575941637903733	BANC888	is_a	sensory neuron of haltere campaniform sensillum	
720575941637914911	BANC_888:720575941637914911	BANC888	is_a	adult IN06A059 neuron	
720575941637927711	BANC_888:720575941637927711	BANC888	is_a	adult IN06A136 neuron	
720575941637937525	BANC_888:720575941637937525	BANC888	is_a	adult inferior bridge neuron 038	
720575941637948959	BANC_888:720575941637948959	BANC888	is_a	adult SNta39 neuron	
720575941637950239	BANC_888:720575941637950239	BANC888	is_a	adult IN11B016 neuron	
720575941637952543	BANC_888:720575941637952543	BANC888	is_a	adult IN20A.22A055 neuron	
720575941637954591	BANC_888:720575941637954591	BANC888	is_a	adult IN04B037 neuron	
720575941637957407	BANC_888:720575941637957407	BANC888	is_a	adult IN03A031 neuron	
720575941637958687	BANC_888:720575941637958687	BANC888	is_a	adult IN19B067 neuron	
720575941637963637	BANC_888:720575941637963637	BANC888	is_a	T4b neuron	
720575941637977461	BANC_888:720575941637977461	BANC888	is_a	transmedullary neuron Tm1	
720575941637979423	BANC_888:720575941637979423	BANC888	is_a	adult IN13A026 neuron	
720575941637981301	BANC_888:720575941637981301	BANC888	is_a	T3 neuron	
720575941637983861	BANC_888:720575941637983861	BANC888	is_a	T4a neuron	
720575941637984629	BANC_888:720575941637984629	BANC888	is_a	T4b neuron	
720575941637985909	BANC_888:720575941637985909	BANC888	is_a	adult optic lobe intrinsic neuron	
720575941637992821	BANC_888:720575941637992821	BANC888	is_a	T4b neuron	
720575941637995381	BANC_888:720575941637995381	BANC888	is_a	T4a neuron	
720575941637998709	BANC_888:720575941637998709	BANC888	is_a	T4a neuron	
720575941638006133	BANC_888:720575941638006133	BANC888	is_a	T3 neuron	
720575941638009717	BANC_888:720575941638009717	BANC888	is_a	adult optic lobe intrinsic neuron	
720575941638024565	BANC_888:720575941638024565	BANC888	is_a	adult optic lobe intrinsic neuron	
720575941638038559	BANC_888:720575941638038559	BANC888	is_a	adult MNhl87 neuron	
720575941638063391	BANC_888:720575941638063391	BANC888	is_a	mesothoracic femoral pretarsal depressor muscle motor neuron	
720575941638086005	BANC_888:720575941638086005	BANC888	is_a	centrifugal neuron C2	
720575941638100853	BANC_888:720575941638100853	BANC888	is_a	adult optic lobe intrinsic neuron	
720575941638105205	BANC_888:720575941638105205	BANC888	is_a	T2 neuron	
720575941638110495	BANC_888:720575941638110495	BANC888	is_a	adult SNta29 neuron	
720575941638121247	BANC_888:720575941638121247	BANC888	is_a	adult SNta28 neuron	
720575941638140959	BANC_888:720575941638140959	BANC888	is_a	adult CB3256 neuron	
720575941638172533	BANC_888:720575941638172533	BANC888	is_a	adult IN13A022 neuron	
720575941638178421	BANC_888:720575941638178421	BANC888	is_a	adult IN04B094 neuron	
720575941638189173	BANC_888:720575941638189173	BANC888	is_a	adult IN20A.22A028 neuron	
720575941638205557	BANC_888:720575941638205557	BANC888	is_a	gamma main Kenyon cell	
720575941638223989	BANC_888:720575941638223989	BANC888	is_a	adult IN12B056 neuron	
720575941638230901	BANC_888:720575941638230901	BANC888	is_a	adult IN04B036 neuron	
720575941638235509	BANC_888:720575941638235509	BANC888	is_a	columnar neuron T1	
720575941638242165	BANC_888:720575941638242165	BANC888	is_a	adult fan-shaped body 1 column-crepine neuron	FlyBase:FBrf0246888
720575941638265461	BANC_888:720575941638265461	BANC888	is_a	adult lateral accessory lobe neuron 085	
720575941638266399	BANC_888:720575941638266399	BANC888	is_a	lateral accessory lobe-posterior slope contralateral ascending neuron	
720575941638274421	BANC_888:720575941638274421	BANC888	is_a	sensory neuron of wing campaniform sensillum	
720575941638277151	BANC_888:720575941638277151	BANC888	is_a	adult ellipsoid body ring neuron R2	
720575941638300021	BANC_888:720575941638300021	BANC888	is_a	lamina monopolar neuron L1	
720575941638305141	BANC_888:720575941638305141	BANC888	is_a	sensory neuron of wing campaniform sensillum	
720575941638307957	BANC_888:720575941638307957	BANC888	is_a	adult IN08A028 neuron	
720575941638308725	BANC_888:720575941638308725	BANC888	is_a	wing margin mechanosensory bristle	
720575941638316319	BANC_888:720575941638316319	BANC888	is_a	mechanosensory neuron of interommatidial bristle	
720575941638318453	BANC_888:720575941638318453	BANC888	is_a	adult SNta42 neuron	
720575941638323061	BANC_888:720575941638323061	BANC888	is_a	adult IN01B073 neuron	
720575941638329205	BANC_888:720575941638329205	BANC888	is_a	adult SNta24 neuron	
720575941638329461	BANC_888:720575941638329461	BANC888	is_a	adult IN20A.22A077 neuron	
720575941638329973	BANC_888:720575941638329973	BANC888	is_a	adult IN13B036 neuron	
720575941638337653	BANC_888:720575941638337653	BANC888	is_a	adult SNta43 neuron	
720575941638343797	BANC_888:720575941638343797	BANC888	is_a	adult IN04B039 neuron	
720575941638346015	BANC_888:720575941638346015	BANC888	is_a	adult ellipsoid body ring neuron R3p	
720575941638346357	BANC_888:720575941638346357	BANC888	is_a	adult IN02A044 neuron	
720575941638346613	BANC_888:720575941638346613	BANC888	is_a	adult IN03A039 neuron	
720575941638347125	BANC_888:720575941638347125	BANC888	is_a	adult IN03A057 neuron	
720575941638360181	BANC_888:720575941638360181	BANC888	is_a	adult IN01A051 neuron	
720575941638363935	BANC_888:720575941638363935	BANC888	is_a	protocerebral bridge 1 glomerulus-fan-shaped body-ventral gall surround neuron	
720575941638366837	BANC_888:720575941638366837	BANC888	is_a	adult INXXX045 neuron	
720575941638367605	BANC_888:720575941638367605	BANC888	is_a	adult IN01B086 neuron	
720575941638372469	BANC_888:720575941638372469	BANC888	is_a	adult Kenyon cell	
720575941638374517	BANC_888:720575941638374517	BANC888	is_a	adult fan-shaped body layer 8 neuron of DPMpl2 lineage	
720575941638380661	BANC_888:720575941638380661	BANC888	is_a	sensory neuron of wing campaniform sensillum	
720575941638397301	BANC_888:720575941638397301	BANC888	is_a	alpha/beta Kenyon cell	
720575941638404213	BANC_888:720575941638404213	BANC888	is_a	adult wedge neuron 031	
720575941638407199	BANC_888:720575941638407199	BANC888	is_a	descending neuron of the anterior dorsal brain DNa15	
720575941638417269	BANC_888:720575941638417269	BANC888	is_a	bristle sensory neuron	
720575941638419061	BANC_888:720575941638419061	BANC888	is_a	zone F Johnston organ neuron	
720575941638421365	BANC_888:720575941638421365	BANC888	is_a	mechanosensory neuron of adult head bristle	
720575941638423413	BANC_888:720575941638423413	BANC888	is_a	adult olfactory receptor neuron Or2a	
720575941638425461	BANC_888:720575941638425461	BANC888	is_a	mesothoracic leg taste bristle chemosensory neuron	
720575941638428533	BANC_888:720575941638428533	BANC888	is_a	femoral chordotonal club neuron	
720575941638432117	BANC_888:720575941638432117	BANC888	is_a	adult SNta43 neuron	
720575941638436213	BANC_888:720575941638436213	BANC888	is_a	mechanosensory neuron of adult head bristle	
720575941638451829	BANC_888:720575941638451829	BANC888	is_a	bristle sensory neuron	
720575941638453621	BANC_888:720575941638453621	BANC888	is_a	adult olfactory receptor neuron Or92a	
720575941638466079	BANC_888:720575941638466079	BANC888	is_a	adult CB0224 neuron	
720575941638467189	BANC_888:720575941638467189	BANC888	is_a	zone B Johnston organ neuron	
720575941638471541	BANC_888:720575941638471541	BANC888	is_a	femoral chordotonal club neuron	
720575941638476405	BANC_888:720575941638476405	BANC888	is_a	adult clamp neuron 091	
720575941638477173	BANC_888:720575941638477173	BANC888	is_a	femoral chordotonal claw neuron	
720575941638477429	BANC_888:720575941638477429	BANC888	is_a	aristal sensory neuron VP2	
720575941638477941	BANC_888:720575941638477941	BANC888	is_a	sensory neuron	
720575941638504565	BANC_888:720575941638504565	BANC888	is_a	adult CB2825 neuron	
720575941638508575	BANC_888:720575941638508575	BANC888	is_a	adult Kenyon cell	
720575941638515317	BANC_888:720575941638515317	BANC888	is_a	adult superior intermediate protocerebrum neuron 028	
720575941638523509	BANC_888:720575941638523509	BANC888	is_a	adult antennal lobe local neuron v2LN3A	
720575941638524021	BANC_888:720575941638524021	BANC888	is_a	gamma main Kenyon cell	
720575941638528629	BANC_888:720575941638528629	BANC888	is_a	adult lateral horn AD2a1 neuron	
720575941638531701	BANC_888:720575941638531701	BANC888	is_a	adult CNS neuron	
720575941638544159	BANC_888:720575941638544159	BANC888	is_a	medulla intrinsic neuron Mi1	
720575941638551327	BANC_888:720575941638551327	BANC888	is_a	adult INXXX436 neuron	
720575941638556703	BANC_888:720575941638556703	BANC888	is_a	adult INXXX418 neuron	
720575941638562933	BANC_888:720575941638562933	BANC888	is_a	adult CB3163 neuron	
720575941638564213	BANC_888:720575941638564213	BANC888	is_a	adult posterior slope neuron 093	
720575941638567285	BANC_888:720575941638567285	BANC888	is_a	adult CB3189 neuron	
720575941638573941	BANC_888:720575941638573941	BANC888	is_a	adult CNS neuron	
720575941638577525	BANC_888:720575941638577525	BANC888	is_a	adult CB1357 neuron	
720575941638577951	BANC_888:720575941638577951	BANC888	is_a	adult CB2366 neuron	
720575941638580085	BANC_888:720575941638580085	BANC888	is_a	adult CB2343 neuron	
720575941638589301	BANC_888:720575941638589301	BANC888	is_a	adult lateral accessory lobe neuron 056	
720575941638595701	BANC_888:720575941638595701	BANC888	is_a	adult CNS neuron	
720575941638599029	BANC_888:720575941638599029	BANC888	is_a	transmedullary neuron Tm3	
720575941638599285	BANC_888:720575941638599285	BANC888	is_a	distal medullary amacrine neuron Dm3c	FlyBase:FBrf0262545
720575941638604149	BANC_888:720575941638604149	BANC888	is_a	gustatory receptor neuron of the labellum	
720575941638607989	BANC_888:720575941638607989	BANC888	is_a	transmedullary neuron Tm1	
720575941638621301	BANC_888:720575941638621301	BANC888	is_a	adult CB3866 neuron	
720575941638629919	BANC_888:720575941638629919	BANC888	is_a	transmedullary Y neuron TmY5a	
720575941638632053	BANC_888:720575941638632053	BANC888	is_a	adult superior medial protocerebrum neuron 162	
720575941638640596	BANC_888:720575941638640596	BANC888	is_a	sensory neuron	
720575941638643231	BANC_888:720575941638643231	BANC888	is_a	adult optic lobe intrinsic neuron	
720575941638646303	BANC_888:720575941638646303	BANC888	is_a	transmedullary neuron Tm3	
720575941638653301	BANC_888:720575941638653301	BANC888	is_a	transmedullary neuron Tm3	
720575941638661919	BANC_888:720575941638661919	BANC888	is_a	distal medullary amacrine neuron Dm2	
720575941638665247	BANC_888:720575941638665247	BANC888	is_a	T3 neuron	
720575941638667893	BANC_888:720575941638667893	BANC888	is_a	transmedullary Y neuron TmY18	FlyBase:FBrf0262545
720575941638670197	BANC_888:720575941638670197	BANC888	is_a	medulla intrinsic neuron Mi4	
720575941638670367	BANC_888:720575941638670367	BANC888	is_a	T5c neuron	
720575941638673183	BANC_888:720575941638673183	BANC888	is_a	transmedullary neuron Tm4	
720575941638675999	BANC_888:720575941638675999	BANC888	is_a	T4c neuron	
720575941638676255	BANC_888:720575941638676255	BANC888	is_a	T5a neuron	
720575941638678559	BANC_888:720575941638678559	BANC888	is_a	T5c neuron	
720575941638679327	BANC_888:720575941638679327	BANC888	is_a	T4b neuron	
720575941638679839	BANC_888:720575941638679839	BANC888	is_a	T5d neuron	
720575941638680437	BANC_888:720575941638680437	BANC888	is_a	adult IN04B071 neuron	
720575941638696223	BANC_888:720575941638696223	BANC888	is_a	T4a neuron	
720575941638701343	BANC_888:720575941638701343	BANC888	is_a	lobula plate intrinsic neuron LPi2d	FlyBase:FBrf0262545
720575941638702197	BANC_888:720575941638702197	BANC888	is_a	lobula-lobula plate columnar neuron LLPC2	
720575941638706719	BANC_888:720575941638706719	BANC888	is_a	medulla intrinsic neuron Mi9	
720575941638706975	BANC_888:720575941638706975	BANC888	is_a	T4c neuron	
720575941638709535	BANC_888:720575941638709535	BANC888	is_a	lobula-lobula plate columnar neuron LLPC2	
720575941638710645	BANC_888:720575941638710645	BANC888	is_a	transmedullary neuron Tm1	
720575941638713887	BANC_888:720575941638713887	BANC888	is_a	T4b neuron	
720575941638714911	BANC_888:720575941638714911	BANC888	is_a	adult optic lobe intrinsic neuron	
720575941638717471	BANC_888:720575941638717471	BANC888	is_a	T4d neuron	
720575941638719263	BANC_888:720575941638719263	BANC888	is_a	transmedullary neuron Tm2	
720575941638721567	BANC_888:720575941638721567	BANC888	is_a	T4b neuron	
720575941638723189	BANC_888:720575941638723189	BANC888	is_a	adult CB2527 neuron	
720575941638730101	BANC_888:720575941638730101	BANC888	is_a	transmedullary neuron Tm3	
720575941638732063	BANC_888:720575941638732063	BANC888	is_a	medulla intrinsic neuron Mi4	
720575941638736671	BANC_888:720575941638736671	BANC888	is_a	T4d neuron	
720575941638738975	BANC_888:720575941638738975	BANC888	is_a	lobula plate-lobula columnar neuron LPLC2	
720575941638740597	BANC_888:720575941638740597	BANC888	is_a	T2a neuron	
720575941638753141	BANC_888:720575941638753141	BANC888	is_a	distal medullary amacrine neuron Dm3b	FlyBase:FBrf0262545
720575941638770719	BANC_888:720575941638770719	BANC888	is_a	adult superior lateral protocerebrum neuron 364	
720575941638778485	BANC_888:720575941638778485	BANC888	is_a	adult optic lobe intrinsic neuron	
720575941638784885	BANC_888:720575941638784885	BANC888	is_a	adult olfactory receptor neuron Or46aB	
720575941638785055	BANC_888:720575941638785055	BANC888	is_a	proximal medullary amacrine neuron Pm1	FlyBase:FBrf0262545
720575941638792309	BANC_888:720575941638792309	BANC888	is_a	transmedullary Y neuron TmY9	
720575941638800159	BANC_888:720575941638800159	BANC888	is_a	transmedullary neuron Tm9	
720575941638801781	BANC_888:720575941638801781	BANC888	is_a	adult olfactory receptor neuron Or33c/85e	
720575941638806901	BANC_888:720575941638806901	BANC888	is_a	medulla intrinsic neuron Mi2	
720575941638819359	BANC_888:720575941638819359	BANC888	is_a	T4c neuron	
720575941638822687	BANC_888:720575941638822687	BANC888	is_a	distal medullary amacrine neuron Dm8a	
720575941638831135	BANC_888:720575941638831135	BANC888	is_a	adult optic lobe intrinsic neuron	
720575941638837535	BANC_888:720575941638837535	BANC888	is_a	adult optic lobe intrinsic neuron	
720575941638840351	BANC_888:720575941638840351	BANC888	is_a	transmedullary neuron Tm9	
720575941638848117	BANC_888:720575941638848117	BANC888	is_a	adult medulla visual projection neuron MeVP6	FlyBase:FBrf0262545
720575941638860831	BANC_888:720575941638860831	BANC888	is_a	adult CB1851 neuron	
720575941638862879	BANC_888:720575941638862879	BANC888	is_a	lobula plate tangential neuron LPT100	FlyBase:FBrf0262545
720575941638870047	BANC_888:720575941638870047	BANC888	is_a	T4c neuron	
720575941638872607	BANC_888:720575941638872607	BANC888	is_a	adult optic lobe intrinsic neuron	
720575941638877215	BANC_888:720575941638877215	BANC888	is_a	T5b neuron	
720575941638884213	BANC_888:720575941638884213	BANC888	is_a	adult optic lobe intrinsic neuron	
720575941638884725	BANC_888:720575941638884725	BANC888	is_a	distal medullary amacrine neuron Dm2	
720575941638886943	BANC_888:720575941638886943	BANC888	is_a	medulla intrinsic neuron Mi1	
720575941638891637	BANC_888:720575941638891637	BANC888	is_a	transmedullary Y neuron TmY18	FlyBase:FBrf0262545
720575941638895477	BANC_888:720575941638895477	BANC888	is_a	adult optic lobe intrinsic neuron	
720575941638903669	BANC_888:720575941638903669	BANC888	is_a	adult CB0325 neuron	
720575941638904351	BANC_888:720575941638904351	BANC888	is_a	T5d neuron	
720575941638906399	BANC_888:720575941638906399	BANC888	is_a	lobula columnar neuron LC13	
720575941638909045	BANC_888:720575941638909045	BANC888	is_a	mechanosensory neuron of interommatidial bristle	
720575941638911093	BANC_888:720575941638911093	BANC888	is_a	adult optic lobe intrinsic neuron	
720575941638913055	BANC_888:720575941638913055	BANC888	is_a	medulla intrinsic neuron Mi4	
720575941638913823	BANC_888:720575941638913823	BANC888	is_a	T4c neuron	
720575941638914591	BANC_888:720575941638914591	BANC888	is_a	columnar neuron T1	
720575941638915359	BANC_888:720575941638915359	BANC888	is_a	transmedullary neuron Tm3	
720575941638916213	BANC_888:720575941638916213	BANC888	is_a	distal medullary amacrine neuron Dm3b	FlyBase:FBrf0262545
720575941638921333	BANC_888:720575941638921333	BANC888	is_a	transmedullary Y neuron TmY20	
720575941638922101	BANC_888:720575941638922101	BANC888	is_a	distal medullary amacrine neuron Dm3a	FlyBase:FBrf0262545
720575941638922783	BANC_888:720575941638922783	BANC888	is_a	T4a neuron	
720575941638924917	BANC_888:720575941638924917	BANC888	is_a	alpha/beta Kenyon cell	
720575941638942837	BANC_888:720575941638942837	BANC888	is_a	alpha'/beta' anterior-posterior type 2 Kenyon cell	
720575941638949237	BANC_888:720575941638949237	BANC888	is_a	adult CB3108 neuron	
720575941638951711	BANC_888:720575941638951711	BANC888	is_a	adult optic lobe intrinsic neuron	
720575941638956405	BANC_888:720575941638956405	BANC888	is_a	adult CB2195 neuron	
720575941638964255	BANC_888:720575941638964255	BANC888	is_a	adult optic lobe intrinsic neuron	
720575941638968181	BANC_888:720575941638968181	BANC888	is_a	transmedullary neuron Tm9	
720575941638972789	BANC_888:720575941638972789	BANC888	is_a	adult SNch09 neuron	
720575941638977141	BANC_888:720575941638977141	BANC888	is_a	adult superior medial protocerebrum neuron 516	
720575941638977397	BANC_888:720575941638977397	BANC888	is_a	alpha/beta Kenyon cell	
720575941638982773	BANC_888:720575941638982773	BANC888	is_a	prothoracic leg taste bristle chemosensory neuron	
720575941638984565	BANC_888:720575941638984565	BANC888	is_a	adult SNpp44 neuron	
720575941638993951	BANC_888:720575941638993951	BANC888	is_a	adult optic lobe intrinsic neuron	
720575941639009909	BANC_888:720575941639009909	BANC888	is_a	medulla intrinsic neuron Mi9	
720575941639011871	BANC_888:720575941639011871	BANC888	is_a	adult optic lobe intrinsic neuron	
720575941639019807	BANC_888:720575941639019807	BANC888	is_a	T4b neuron	
720575941639021941	BANC_888:720575941639021941	BANC888	is_a	zone C Johnston organ neuron	
720575941639023647	BANC_888:720575941639023647	BANC888	is_a	centrifugal neuron C2	
720575941639026549	BANC_888:720575941639026549	BANC888	is_a	centrifugal neuron C2	
720575941639026805	BANC_888:720575941639026805	BANC888	is_a	transmedullary neuron Tm2	
720575941639028255	BANC_888:720575941639028255	BANC888	is_a	transmedullary neuron Tm9	
720575941639030901	BANC_888:720575941639030901	BANC888	is_a	adult medulla-tubercle neuron 3	
720575941639035765	BANC_888:720575941639035765	BANC888	is_a	medulla columnar neuron MC61	
720575941639038325	BANC_888:720575941639038325	BANC888	is_a	adult optic lobe intrinsic neuron	
720575941639039519	BANC_888:720575941639039519	BANC888	is_a	adult IN23B072 neuron	
720575941639053941	BANC_888:720575941639053941	BANC888	is_a	distal medullary amacrine neuron Dm3b	FlyBase:FBrf0262545
720575941639061621	BANC_888:720575941639061621	BANC888	is_a	medulla intrinsic neuron Mi1	
720575941639069471	BANC_888:720575941639069471	BANC888	is_a	adult SAch01 neuron	
720575941639097973	BANC_888:720575941639097973	BANC888	is_a	photoreceptor cell R8	
720575941639102837	BANC_888:720575941639102837	BANC888	is_a	adult SNta38 neuron	
720575941639106847	BANC_888:720575941639106847	BANC888	is_a	lobula columnar neuron LC4	
720575941639108639	BANC_888:720575941639108639	BANC888	is_a	adult optic lobe intrinsic neuron	
720575941639113845	BANC_888:720575941639113845	BANC888	is_a	transmedullary neuron Tm3	
720575941639115039	BANC_888:720575941639115039	BANC888	is_a	lobula plate intrinsic neuron LPi2e	FlyBase:FBrf0262545
720575941639118197	BANC_888:720575941639118197	BANC888	is_a	adult SNta38 neuron	
720575941639129461	BANC_888:720575941639129461	BANC888	is_a	transmedullary Y neuron TmY5a	
720575941639132533	BANC_888:720575941639132533	BANC888	is_a	distal medullary amacrine neuron Dm3c	FlyBase:FBrf0262545
720575941639139189	BANC_888:720575941639139189	BANC888	is_a	adult medulla tangential neuron e01b	
720575941639142261	BANC_888:720575941639142261	BANC888	is_a	adult CB1944 neuron	
720575941639150197	BANC_888:720575941639150197	BANC888	is_a	adult optic lobe intrinsic neuron	
720575941639150453	BANC_888:720575941639150453	BANC888	is_a	adult optic lobe intrinsic neuron	
720575941639151477	BANC_888:720575941639151477	BANC888	is_a	lamina monopolar neuron L2	
720575941639153781	BANC_888:720575941639153781	BANC888	is_a	adult medulla-lobula neuron MeLo9	FlyBase:FBrf0262545
720575941639155487	BANC_888:720575941639155487	BANC888	is_a	distal medullary amacrine neuron Dm3c	FlyBase:FBrf0262545
720575941639161119	BANC_888:720575941639161119	BANC888	is_a	centrifugal neuron C3	
720575941639167861	BANC_888:720575941639167861	BANC888	is_a	distal medullary amacrine neuron Dm3b	FlyBase:FBrf0262545
720575941639169055	BANC_888:720575941639169055	BANC888	is_a	transmedullary neuron Tm9	
720575941639171615	BANC_888:720575941639171615	BANC888	is_a	transmedullary neuron Tm1	
720575941639172213	BANC_888:720575941639172213	BANC888	is_a	lamina monopolar neuron L1	
720575941639182879	BANC_888:720575941639182879	BANC888	is_a	T4c neuron	
720575941639185183	BANC_888:720575941639185183	BANC888	is_a	adult optic lobe intrinsic neuron	
720575941639185439	BANC_888:720575941639185439	BANC888	is_a	adult optic lobe intrinsic neuron	
720575941639198751	BANC_888:720575941639198751	BANC888	is_a	wing margin mechanosensory bristle	
720575941639204639	BANC_888:720575941639204639	BANC888	is_a	distal medullary amacrine neuron Dm3b	FlyBase:FBrf0262545
720575941639205493	BANC_888:720575941639205493	BANC888	is_a	adult optic lobe intrinsic neuron	
720575941639215647	BANC_888:720575941639215647	BANC888	is_a	centrifugal neuron C3	
720575941639216927	BANC_888:720575941639216927	BANC888	is_a	adult medulla visual projection neuron MeVP11	FlyBase:FBrf0262545
720575941639219317	BANC_888:720575941639219317	BANC888	is_a	transmedullary neuron Tm4	
720575941639219573	BANC_888:720575941639219573	BANC888	is_a	lamina monopolar neuron L5	
720575941639221365	BANC_888:720575941639221365	BANC888	is_a	adult optic lobe intrinsic neuron	
720575941639222559	BANC_888:720575941639222559	BANC888	is_a	T5a neuron	
720575941639229983	BANC_888:720575941639229983	BANC888	is_a	T3 neuron	
720575941639234772	BANC_888:720575941639234772	BANC888	is_a	adult SNta37 neuron	
720575941639244405	BANC_888:720575941639244405	BANC888	is_a	adult CNS neuron	
720575941639255669	BANC_888:720575941639255669	BANC888	is_a	alpha/beta posterior Kenyon cell	
720575941639259509	BANC_888:720575941639259509	BANC888	is_a	adult CB1357 neuron	
720575941639261813	BANC_888:720575941639261813	BANC888	is_a	adult superior medial protocerebrum neuron 446	
720575941639271541	BANC_888:720575941639271541	BANC888	is_a	adult CB1014 neuron	
720575941639280415	BANC_888:720575941639280415	BANC888	is_a	T4a neuron	
720575941639281525	BANC_888:720575941639281525	BANC888	is_a	prothoracic fast tibial extensor motor neuron	
720575941639282719	BANC_888:720575941639282719	BANC888	is_a	transmedullary neuron Tm2	
720575941639286303	BANC_888:720575941639286303	BANC888	is_a	adult IN23B090 neuron	
720575941639286996	BANC_888:720575941639286996	BANC888	is_a	adult SNta27 neuron	
720575941639294581	BANC_888:720575941639294581	BANC888	is_a	adult VNC neuron	
720575941639297909	BANC_888:720575941639297909	BANC888	is_a	femoral chordotonal hook neuron	
720575941639298335	BANC_888:720575941639298335	BANC888	is_a	adult olfactory receptor neuron Or42a	
720575941639298933	BANC_888:720575941639298933	BANC888	is_a	adult optic lobe intrinsic neuron	
720575941639303285	BANC_888:720575941639303285	BANC888	is_a	adult IN17A113 neuron	
720575941639316436	BANC_888:720575941639316436	BANC888	is_a	adult SNta38 neuron	
720575941639319583	BANC_888:720575941639319583	BANC888	is_a	T4a neuron	
720575941639327605	BANC_888:720575941639327605	BANC888	is_a	adult IN09B006 neuron	
720575941639329397	BANC_888:720575941639329397	BANC888	is_a	adult INXXX257 neuron	
720575941639330004	BANC_888:720575941639330004	BANC888	is_a	adult SNta39 neuron	
720575941639334100	BANC_888:720575941639334100	BANC888	is_a	adult SNta38 neuron	
720575941639340405	BANC_888:720575941639340405	BANC888	is_a	adult IN19B021 neuron	
720575941639341173	BANC_888:720575941639341173	BANC888	is_a	adult IN19B050 neuron	
720575941639346293	BANC_888:720575941639346293	BANC888	is_a	adult SNta32 neuron	
720575941639347829	BANC_888:720575941639347829	BANC888	is_a	adult IN20A.22A008 neuron	
720575941639348341	BANC_888:720575941639348341	BANC888	is_a	adult INXXX348 neuron	
720575941639355423	BANC_888:720575941639355423	BANC888	is_a	adult optic lobe intrinsic neuron	
720575941639355509	BANC_888:720575941639355509	BANC888	is_a	transmedullary Y neuron TmY5a	
720575941639356533	BANC_888:720575941639356533	BANC888	is_a	adult SNxx21 neuron	
720575941639357813	BANC_888:720575941639357813	BANC888	is_a	T5a neuron	
720575941639358325	BANC_888:720575941639358325	BANC888	is_a	adult optic lobe intrinsic neuron	
720575941639358837	BANC_888:720575941639358837	BANC888	is_a	adult IN08B004 neuron	
720575941639362933	BANC_888:720575941639362933	BANC888	is_a	lamina monopolar neuron L2	
720575941639363871	BANC_888:720575941639363871	BANC888	is_a	femoral chordotonal club neuron	
720575941639365493	BANC_888:720575941639365493	BANC888	is_a	transmedullary neuron Tm20	
720575941639365749	BANC_888:720575941639365749	BANC888	is_a	adult IN06B001 neuron	
720575941639370452	BANC_888:720575941639370452	BANC888	is_a	adult SNta38 neuron	
720575941639371125	BANC_888:720575941639371125	BANC888	is_a	adult IN21A006 neuron	
720575941639376245	BANC_888:720575941639376245	BANC888	is_a	adult INXXX419 neuron	
720575941639377695	BANC_888:720575941639377695	BANC888	is_a	lobula columnar neuron LC4	
720575941639378463	BANC_888:720575941639378463	BANC888	is_a	alpha/beta Kenyon cell	
720575941639379829	BANC_888:720575941639379829	BANC888	is_a	columnar neuron T1	
720575941639382303	BANC_888:720575941639382303	BANC888	is_a	adult optic lobe intrinsic neuron	
720575941639384949	BANC_888:720575941639384949	BANC888	is_a	adult anterior ventrolateral protocerebrum neuron 140	
720575941639391605	BANC_888:720575941639391605	BANC888	is_a	adult CB2367 neuron	
720575941639402357	BANC_888:720575941639402357	BANC888	is_a	adult wedge neuron 034	
720575941639415327	BANC_888:720575941639415327	BANC888	is_a	Y neuron Y3	
720575941639417205	BANC_888:720575941639417205	BANC888	is_a	adult superior intermediate protocerebrum neuron 078	
720575941639422837	BANC_888:720575941639422837	BANC888	is_a	adult superior lateral protocerebrum neuron 289	
720575941639423263	BANC_888:720575941639423263	BANC888	is_a	gamma main Kenyon cell	
720575941639439647	BANC_888:720575941639439647	BANC888	is_a	gamma main Kenyon cell	
720575941639445791	BANC_888:720575941639445791	BANC888	is_a	columnar neuron T1	
720575941639446303	BANC_888:720575941639446303	BANC888	is_a	transmedullary neuron Tm3	
720575941639446645	BANC_888:720575941639446645	BANC888	is_a	adult CB0198 neuron	
720575941639448437	BANC_888:720575941639448437	BANC888	is_a	adult superior medial protocerebrum neuron 171	
720575941639451167	BANC_888:720575941639451167	BANC888	is_a	adult IN06A090 neuron	
720575941639451935	BANC_888:720575941639451935	BANC888	is_a	adult IN21A056 neuron	
720575941639453557	BANC_888:720575941639453557	BANC888	is_a	adult olfactory receptor neuron Or22	
720575941639457909	BANC_888:720575941639457909	BANC888	is_a	adult CB3221 neuron	
720575941639458933	BANC_888:720575941639458933	BANC888	is_a	adult posterior lateral protocerebrum neuron 188	
720575941639468405	BANC_888:720575941639468405	BANC888	is_a	adult lateral horn AV2m1 neuron	
720575941639469343	BANC_888:720575941639469343	BANC888	is_a	adult IN03B077 neuron	
720575941639473525	BANC_888:720575941639473525	BANC888	is_a	adult CNS neuron	
720575941639476341	BANC_888:720575941639476341	BANC888	is_a	adult lateral horn PD5c1 neuron	
720575941639477621	BANC_888:720575941639477621	BANC888	is_a	adult superior medial protocerebrum neuron 458	
720575941639478303	BANC_888:720575941639478303	BANC888	is_a	adult IN01A038 neuron	
720575941639480949	BANC_888:720575941639480949	BANC888	is_a	transmedullary neuron Tm31	FlyBase:FBrf0262545
720575941639481887	BANC_888:720575941639481887	BANC888	is_a	adult IN08A026 neuron	
720575941639483679	BANC_888:720575941639483679	BANC888	is_a	adult IN20A.22A043 neuron	
720575941639486239	BANC_888:720575941639486239	BANC888	is_a	adult SNxx03 neuron	
720575941639489653	BANC_888:720575941639489653	BANC888	is_a	lamina monopolar neuron L2	
720575941639490933	BANC_888:720575941639490933	BANC888	is_a	transmedullary Y neuron TmY14	
720575941639492383	BANC_888:720575941639492383	BANC888	is_a	adult IN21A061 neuron	
720575941639495285	BANC_888:720575941639495285	BANC888	is_a	adult antennal lobe local neuron lLN2P	
720575941639496223	BANC_888:720575941639496223	BANC888	is_a	adult gamma Kenyon cell	
720575941639506207	BANC_888:720575941639506207	BANC888	is_a	prothoracic tergotrochanter extensor muscle motor neuron	
720575941639506805	BANC_888:720575941639506805	BANC888	is_a	adult CB2539 neuron	
720575941639508853	BANC_888:720575941639508853	BANC888	is_a	adult AN17A050 neuron	
720575941639513631	BANC_888:720575941639513631	BANC888	is_a	adult SNta28 neuron	
720575941639514485	BANC_888:720575941639514485	BANC888	is_a	adult lateral horn AD1c2 neuron	
720575941639518239	BANC_888:720575941639518239	BANC888	is_a	lobula columnar neuron LC6	
720575941639520543	BANC_888:720575941639520543	BANC888	is_a	sensory neuron of haltere campaniform sensillum	
720575941639521909	BANC_888:720575941639521909	BANC888	is_a	lobula columnar neuron LC12	
720575941639526005	BANC_888:720575941639526005	BANC888	is_a	adult CB2480 neuron	
720575941639527797	BANC_888:720575941639527797	BANC888	is_a	distal medullary amacrine neuron Dm3b	FlyBase:FBrf0262545
720575941639528821	BANC_888:720575941639528821	BANC888	is_a	adult wedge neuron 071	
720575941639529845	BANC_888:720575941639529845	BANC888	is_a	adult posterior lateral protocerebrum neuron 116	
720575941639530101	BANC_888:720575941639530101	BANC888	is_a	adult lateral horn PV1d1 neuron	
720575941639530357	BANC_888:720575941639530357	BANC888	is_a	adult CB0798 neuron	
720575941639531125	BANC_888:720575941639531125	BANC888	is_a	adult AN17A062 neuron	
720575941639531381	BANC_888:720575941639531381	BANC888	is_a	adult CB2181 neuron	
720575941639534709	BANC_888:720575941639534709	BANC888	is_a	lobula columnar neuron LC10d	
720575941639536501	BANC_888:720575941639536501	BANC888	is_a	adult lobula visual projection neuron LoVP94	
720575941639537525	BANC_888:720575941639537525	BANC888	is_a	adult CB0524 neuron	
720575941639538293	BANC_888:720575941639538293	BANC888	is_a	adult CB1591 neuron	
720575941639541621	BANC_888:720575941639541621	BANC888	is_a	adult multiglomerular antennal lobe projection neuron type 75 vPN	
720575941639544095	BANC_888:720575941639544095	BANC888	is_a	alpha/beta Kenyon cell	
720575941639545973	BANC_888:720575941639545973	BANC888	is_a	adult olfactory receptor neuron Ir92a	
720575941639553055	BANC_888:720575941639553055	BANC888	is_a	adult SNta30 neuron	
720575941639563125	BANC_888:720575941639563125	BANC888	is_a	transmedullary neuron Tm4	
720575941639564831	BANC_888:720575941639564831	BANC888	is_a	adult SNta42 neuron	
720575941639565429	BANC_888:720575941639565429	BANC888	is_a	adult optic lobe intrinsic neuron	
720575941639567221	BANC_888:720575941639567221	BANC888	is_a	adult optic lobe intrinsic neuron	
720575941639567733	BANC_888:720575941639567733	BANC888	is_a	distal medullary amacrine neuron Dm3b	FlyBase:FBrf0262545
720575941639570207	BANC_888:720575941639570207	BANC888	is_a	adult SNta31 neuron	
720575941639571317	BANC_888:720575941639571317	BANC888	is_a	adult AN08B100 neuron	
720575941639577205	BANC_888:720575941639577205	BANC888	is_a	T5d neuron	
720575941639579765	BANC_888:720575941639579765	BANC888	is_a	T5d neuron	
720575941639588127	BANC_888:720575941639588127	BANC888	is_a	descending neuron of the posterior brain DNp33	
720575941639588639	BANC_888:720575941639588639	BANC888	is_a	mechanosensory neuron of adult head bristle	
720575941639589919	BANC_888:720575941639589919	BANC888	is_a	adult gamma Kenyon cell	
720575941639590687	BANC_888:720575941639590687	BANC888	is_a	protocerebral bridge 1 glomerulus-fan-shaped body-nodulus 3 posterior domain neuron	
720575941639592916	BANC_888:720575941639592916	BANC888	is_a	adult SNta43 neuron	
720575941639593428	BANC_888:720575941639593428	BANC888	is_a	adult SNta43 neuron	
720575941639594015	BANC_888:720575941639594015	BANC888	is_a	gamma main Kenyon cell	
720575941639595295	BANC_888:720575941639595295	BANC888	is_a	gamma main Kenyon cell	
720575941639596063	BANC_888:720575941639596063	BANC888	is_a	adult gamma Kenyon cell	
720575941639598709	BANC_888:720575941639598709	BANC888	is_a	adult optic lobe intrinsic neuron	
720575941639601183	BANC_888:720575941639601183	BANC888	is_a	alpha/beta Kenyon cell	
720575941639604853	BANC_888:720575941639604853	BANC888	is_a	adult optic lobe intrinsic neuron	
720575941639606815	BANC_888:720575941639606815	BANC888	is_a	sensory neuron	
720575941639608181	BANC_888:720575941639608181	BANC888	is_a	adult optic lobe intrinsic neuron	
720575941639610143	BANC_888:720575941639610143	BANC888	is_a	gamma main Kenyon cell	
720575941639610911	BANC_888:720575941639610911	BANC888	is_a	alpha/beta Kenyon cell	
720575941639611253	BANC_888:720575941639611253	BANC888	is_a	T3 neuron	
720575941639612021	BANC_888:720575941639612021	BANC888	is_a	centrifugal neuron C3	
720575941639613983	BANC_888:720575941639613983	BANC888	is_a	alpha/beta Kenyon cell	
720575941639617311	BANC_888:720575941639617311	BANC888	is_a	alpha/beta Kenyon cell	
720575941639623892	BANC_888:720575941639623892	BANC888	is_a	adult SNta27 neuron	
720575941639627039	BANC_888:720575941639627039	BANC888	is_a	adult anterior ventrolateral protocerebrum neuron 380	
720575941639630548	BANC_888:720575941639630548	BANC888	is_a	adult SNta32 neuron	
720575941639631989	BANC_888:720575941639631989	BANC888	is_a	adult medulla-lobula neuron MeLo7	FlyBase:FBrf0262545
720575941639635573	BANC_888:720575941639635573	BANC888	is_a	distal medullary amacrine neuron Dm3b	FlyBase:FBrf0262545
720575941639637791	BANC_888:720575941639637791	BANC888	is_a	mechanosensory neuron of interommatidial bristle	
720575941639638559	BANC_888:720575941639638559	BANC888	is_a	mechanosensory neuron of interommatidial bristle	
720575941639643167	BANC_888:720575941639643167	BANC888	is_a	mechanosensory neuron of interommatidial bristle	
720575941639645727	BANC_888:720575941639645727	BANC888	is_a	adult olfactory receptor neuron Or10a	
720575941639647519	BANC_888:720575941639647519	BANC888	is_a	adult SNta30 neuron	
720575941639648543	BANC_888:720575941639648543	BANC888	is_a	adult SNch09 neuron	
720575941639650335	BANC_888:720575941639650335	BANC888	is_a	adult SNta39 neuron	
720575941639650591	BANC_888:720575941639650591	BANC888	is_a	adult SNta44 neuron	
720575941639651957	BANC_888:720575941639651957	BANC888	is_a	adult IN01A027 neuron	
720575941639665183	BANC_888:720575941639665183	BANC888	is_a	femoral chordotonal hook neuron	
720575941639676959	BANC_888:720575941639676959	BANC888	is_a	lobula columnar neuron LC16	
720575941639678581	BANC_888:720575941639678581	BANC888	is_a	distal medullary amacrine neuron Dm3a	FlyBase:FBrf0262545
720575941639693343	BANC_888:720575941639693343	BANC888	is_a	adult CB2624 neuron	
720575941639693429	BANC_888:720575941639693429	BANC888	is_a	columnar neuron T1	
720575941639694453	BANC_888:720575941639694453	BANC888	is_a	adult optic lobe intrinsic neuron	
720575941639703925	BANC_888:720575941639703925	BANC888	is_a	adult optic lobe intrinsic neuron	
720575941639706229	BANC_888:720575941639706229	BANC888	is_a	adult optic lobe intrinsic neuron	
720575941639723893	BANC_888:720575941639723893	BANC888	is_a	adult CB3820 neuron	
720575941639724661	BANC_888:720575941639724661	BANC888	is_a	T4c neuron	
720575941639732948	BANC_888:720575941639732948	BANC888	is_a	adult SNta43 neuron	
720575941639733716	BANC_888:720575941639733716	BANC888	is_a	adult SNta38 neuron	
720575941639733972	BANC_888:720575941639733972	BANC888	is_a	adult SNta38 neuron	
720575941639734559	BANC_888:720575941639734559	BANC888	is_a	adult CB2655 neuron	
720575941639736351	BANC_888:720575941639736351	BANC888	is_a	adult CB3127 neuron	
720575941639741983	BANC_888:720575941639741983	BANC888	is_a	alpha/beta Kenyon cell	
720575941639743349	BANC_888:720575941639743349	BANC888	is_a	adult optic lobe intrinsic neuron	
720575941639745653	BANC_888:720575941639745653	BANC888	is_a	T4a neuron	
720575941639750517	BANC_888:720575941639750517	BANC888	is_a	adult optic lobe intrinsic neuron	
720575941639751541	BANC_888:720575941639751541	BANC888	is_a	T5a neuron	
720575941639754869	BANC_888:720575941639754869	BANC888	is_a	T5d neuron	
720575941639755893	BANC_888:720575941639755893	BANC888	is_a	T4a neuron	
720575941639761525	BANC_888:720575941639761525	BANC888	is_a	adult optic lobe intrinsic neuron	
720575941639761695	BANC_888:720575941639761695	BANC888	is_a	alpha/beta Kenyon cell	
720575941639763999	BANC_888:720575941639763999	BANC888	is_a	descending neuron of the gnathal ganglion DNg51	
720575941639764511	BANC_888:720575941639764511	BANC888	is_a	adult fan-shaped body 1 column-crepine neuron	FlyBase:FBrf0246888
720575941639768095	BANC_888:720575941639768095	BANC888	is_a	gamma main Kenyon cell	
720575941639777567	BANC_888:720575941639777567	BANC888	is_a	adult fan-shaped body vertical delta neuron	
720575941639781663	BANC_888:720575941639781663	BANC888	is_a	alpha/beta Kenyon cell	
720575941639786271	BANC_888:720575941639786271	BANC888	is_a	adult lateral horn AV4i2 neuron	
720575941639792245	BANC_888:720575941639792245	BANC888	is_a	T2 neuron	
720575941639794549	BANC_888:720575941639794549	BANC888	is_a	adult optic lobe intrinsic neuron	
720575941639794805	BANC_888:720575941639794805	BANC888	is_a	adult optic lobe intrinsic neuron	
720575941639796597	BANC_888:720575941639796597	BANC888	is_a	adult optic lobe intrinsic neuron	
720575941639797365	BANC_888:720575941639797365	BANC888	is_a	T4b neuron	
720575941639800351	BANC_888:720575941639800351	BANC888	is_a	adult CB2353 neuron	
720575941639802655	BANC_888:720575941639802655	BANC888	is_a	descending neuron of the gnathal ganglion DNg08	
720575941639807775	BANC_888:720575941639807775	BANC888	is_a	dopaminergic PPM3 fan-shaped body layer 4 neuron	
720575941639809055	BANC_888:720575941639809055	BANC888	is_a	gamma main Kenyon cell	
720575941639810677	BANC_888:720575941639810677	BANC888	is_a	distal medullary amacrine neuron Dm2	
720575941639811189	BANC_888:720575941639811189	BANC888	is_a	T4b neuron	
720575941639820319	BANC_888:720575941639820319	BANC888	is_a	adult CB1379 neuron	
720575941639822453	BANC_888:720575941639822453	BANC888	is_a	distal medullary amacrine neuron Dm15	
720575941639833717	BANC_888:720575941639833717	BANC888	is_a	adult clamp neuron 170	
720575941639834997	BANC_888:720575941639834997	BANC888	is_a	adult SNch05 neuron	
720575941639842677	BANC_888:720575941639842677	BANC888	is_a	lamina monopolar neuron L5	
720575941639844213	BANC_888:720575941639844213	BANC888	is_a	gamma main Kenyon cell	
720575941639848309	BANC_888:720575941639848309	BANC888	is_a	femoral chordotonal claw neuron	
720575941639854367	BANC_888:720575941639854367	BANC888	is_a	columnar neuron T1	
720575941639856927	BANC_888:720575941639856927	BANC888	is_a	transmedullary Y neuron TmY3	
720575941639862559	BANC_888:720575941639862559	BANC888	is_a	lamina wide-field 2 neuron	
720575941639868277	BANC_888:720575941639868277	BANC888	is_a	adult AN12B008 neuron	
720575941639871861	BANC_888:720575941639871861	BANC888	is_a	lamina monopolar neuron L1	
720575941639874591	BANC_888:720575941639874591	BANC888	is_a	transmedullary neuron Tm3	
720575941639882101	BANC_888:720575941639882101	BANC888	is_a	lamina monopolar neuron L4	
720575941639884575	BANC_888:720575941639884575	BANC888	is_a	gamma main Kenyon cell	
720575941639884661	BANC_888:720575941639884661	BANC888	is_a	zone B Johnston organ neuron	
720575941639887221	BANC_888:720575941639887221	BANC888	is_a	lamina monopolar neuron L3	
720575941639887391	BANC_888:720575941639887391	BANC888	is_a	transmedullary neuron Tm16	
720575941639889525	BANC_888:720575941639889525	BANC888	is_a	lamina monopolar neuron L4	
720575941639889781	BANC_888:720575941639889781	BANC888	is_a	adult INXXX429 neuron	
720575941639891061	BANC_888:720575941639891061	BANC888	is_a	lamina monopolar neuron L4	
720575941639894133	BANC_888:720575941639894133	BANC888	is_a	photoreceptor cell R8	
720575941639894389	BANC_888:720575941639894389	BANC888	is_a	photoreceptor cell R7	
720575941639896095	BANC_888:720575941639896095	BANC888	is_a	adult anterior optic tubercle neuron 055	
720575941639908564	BANC_888:720575941639908564	BANC888	is_a	adult SNta38 neuron	
720575941639909237	BANC_888:720575941639909237	BANC888	is_a	adult superior intermediate protocerebrum neuron 013	
720575941639912053	BANC_888:720575941639912053	BANC888	is_a	adult SNxx01 neuron	
720575941639912309	BANC_888:720575941639912309	BANC888	is_a	transmedullary neuron Tm4	
720575941639912660	BANC_888:720575941639912660	BANC888	is_a	adult SNta27 neuron	
720575941639916149	BANC_888:720575941639916149	BANC888	is_a	medulla intrinsic neuron Mi1	
720575941639921525	BANC_888:720575941639921525	BANC888	is_a	photoreceptor cell R7	
720575941639922037	BANC_888:720575941639922037	BANC888	is_a	photoreceptor cell R7	
720575941639922805	BANC_888:720575941639922805	BANC888	is_a	photoreceptor cell R8	
720575941639932959	BANC_888:720575941639932959	BANC888	is_a	columnar neuron T1	
720575941639933727	BANC_888:720575941639933727	BANC888	is_a	transmedullary neuron Tm4	
720575941639944735	BANC_888:720575941639944735	BANC888	is_a	medulla intrinsic neuron Mi13	
720575941639948661	BANC_888:720575941639948661	BANC888	is_a	lamina monopolar neuron L2	
720575941639948831	BANC_888:720575941639948831	BANC888	is_a	distal medullary amacrine neuron Dm2	
720575941639952757	BANC_888:720575941639952757	BANC888	is_a	adult optic lobe intrinsic neuron	
720575941639953013	BANC_888:720575941639953013	BANC888	is_a	lamina monopolar neuron L4	
720575941639954719	BANC_888:720575941639954719	BANC888	is_a	T3 neuron	
720575941639956767	BANC_888:720575941639956767	BANC888	is_a	transmedullary neuron Tm9	
720575941639958389	BANC_888:720575941639958389	BANC888	is_a	photoreceptor cell R8	
720575941639958815	BANC_888:720575941639958815	BANC888	is_a	adult optic lobe intrinsic neuron	
720575941639971103	BANC_888:720575941639971103	BANC888	is_a	adult central medulla intrinsic neuron Cm4	FlyBase:FBrf0262545
720575941639980831	BANC_888:720575941639980831	BANC888	is_a	transmedullary Y neuron TmY10	
720575941639988255	BANC_888:720575941639988255	BANC888	is_a	transmedullary Y neuron TmY18	FlyBase:FBrf0262545
720575941639990047	BANC_888:720575941639990047	BANC888	is_a	medulla intrinsic neuron Mi1	
720575941639991071	BANC_888:720575941639991071	BANC888	is_a	adult optic lobe intrinsic neuron	
720575941639993631	BANC_888:720575941639993631	BANC888	is_a	adult CB1292 neuron	
720575941639996447	BANC_888:720575941639996447	BANC888	is_a	adult optic lobe intrinsic neuron	
720575941640003189	BANC_888:720575941640003189	BANC888	is_a	adult fan-shaped body vertical delta neuron	
720575941640006868	BANC_888:720575941640006868	BANC888	is_a	adult SNta38 neuron	
720575941640023327	BANC_888:720575941640023327	BANC888	is_a	adult CB2786 neuron	
720575941640028703	BANC_888:720575941640028703	BANC888	is_a	gamma main Kenyon cell	
720575941640035359	BANC_888:720575941640035359	BANC888	is_a	adult AN07B070 neuron	
720575941640038943	BANC_888:720575941640038943	BANC888	is_a	adult fan-shaped body 1 column-crepine neuron	FlyBase:FBrf0246888
720575941640041589	BANC_888:720575941640041589	BANC888	is_a	lamina monopolar neuron L1	
720575941640046367	BANC_888:720575941640046367	BANC888	is_a	T5d neuron	
720575941640048245	BANC_888:720575941640048245	BANC888	is_a	adult optic lobe intrinsic neuron	
720575941640054815	BANC_888:720575941640054815	BANC888	is_a	adult optic lobe intrinsic neuron	
720575941640056693	BANC_888:720575941640056693	BANC888	is_a	transmedullary neuron Tm1	
720575941640056949	BANC_888:720575941640056949	BANC888	is_a	lamina monopolar neuron L4	
720575941640057205	BANC_888:720575941640057205	BANC888	is_a	lamina monopolar neuron L1	
720575941640071711	BANC_888:720575941640071711	BANC888	is_a	medulla intrinsic neuron Mi4	
720575941640075551	BANC_888:720575941640075551	BANC888	is_a	descending neuron of the gnathal ganglion DNge062	
720575941640077941	BANC_888:720575941640077941	BANC888	is_a	adult optic lobe intrinsic neuron	
720575941640081781	BANC_888:720575941640081781	BANC888	is_a	adult optic lobe intrinsic neuron	
720575941640096031	BANC_888:720575941640096031	BANC888	is_a	lobula plate columnar neuron LPC2	
720575941640110111	BANC_888:720575941640110111	BANC888	is_a	transmedullary neuron Tm3	
720575941640115743	BANC_888:720575941640115743	BANC888	is_a	adult CB2081 neuron	
720575941640118559	BANC_888:720575941640118559	BANC888	is_a	lamina wide-field 1 neuron	
720575941640118645	BANC_888:720575941640118645	BANC888	is_a	lamina monopolar neuron L2	
720575941640121375	BANC_888:720575941640121375	BANC888	is_a	adult optic lobe intrinsic neuron	
720575941640121973	BANC_888:720575941640121973	BANC888	is_a	adult lobula plate tangential neuron LPT111	FlyBase:FBrf0262545
720575941640122229	BANC_888:720575941640122229	BANC888	is_a	adult optic lobe intrinsic neuron	
720575941640130847	BANC_888:720575941640130847	BANC888	is_a	adult Kenyon cell	
720575941640132127	BANC_888:720575941640132127	BANC888	is_a	adult gamma Kenyon cell	
720575941640134261	BANC_888:720575941640134261	BANC888	is_a	adult IN01A039 neuron	
720575941640135455	BANC_888:720575941640135455	BANC888	is_a	adult fan-shaped body 1 column-crepine neuron	FlyBase:FBrf0246888
720575941640135967	BANC_888:720575941640135967	BANC888	is_a	centrifugal neuron C2	
720575941640141173	BANC_888:720575941640141173	BANC888	is_a	adult optic lobe intrinsic neuron	
720575941640143477	BANC_888:720575941640143477	BANC888	is_a	adult optic lobe intrinsic neuron	
720575941640145439	BANC_888:720575941640145439	BANC888	is_a	adult IN07B094 neuron	
720575941640146293	BANC_888:720575941640146293	BANC888	is_a	adult antennal lobe projection neuron VC4 adPN	
720575941640149109	BANC_888:720575941640149109	BANC888	is_a	lamina monopolar neuron L4	
720575941640149535	BANC_888:720575941640149535	BANC888	is_a	adult fan-shaped body layer 8 neuron of DPMpl2 lineage	
720575941640149927	BANC_888:720575941640149927	BANC888	is_a	sensory neuron	
720575941640150815	BANC_888:720575941640150815	BANC888	is_a	adult CB1815 neuron	
720575941640152181	BANC_888:720575941640152181	BANC888	is_a	adult wedge neuron 092	
720575941640155679	BANC_888:720575941640155679	BANC888	is_a	gamma main Kenyon cell	
720575941640156447	BANC_888:720575941640156447	BANC888	is_a	alpha/beta Kenyon cell	
720575941640160799	BANC_888:720575941640160799	BANC888	is_a	gamma main Kenyon cell	
720575941640161909	BANC_888:720575941640161909	BANC888	is_a	adult posterior ventrolateral protocerebrum neuron 004	
720575941640162079	BANC_888:720575941640162079	BANC888	is_a	visual projection neuron	
720575941640162165	BANC_888:720575941640162165	BANC888	is_a	adult fan-shaped body layer 4 tangential neuron	FlyBase:FBrf0246888
720575941640162335	BANC_888:720575941640162335	BANC888	is_a	distal medullary amacrine neuron Dm3b	FlyBase:FBrf0262545
720575941640163445	BANC_888:720575941640163445	BANC888	is_a	adult superior medial protocerebrum neuron 122	
720575941640163701	BANC_888:720575941640163701	BANC888	is_a	adult fan-shaped body vertical delta neuron	
720575941640163957	BANC_888:720575941640163957	BANC888	is_a	adult superior medial protocerebrum neuron 271	
720575941640164895	BANC_888:720575941640164895	BANC888	is_a	medulla intrinsic neuron Mi15	
720575941640168479	BANC_888:720575941640168479	BANC888	is_a	femoral chordotonal club neuron	
720575941640168735	BANC_888:720575941640168735	BANC888	is_a	mechanosensory neuron of interommatidial bristle	
720575941640173599	BANC_888:720575941640173599	BANC888	is_a	centrifugal neuron C3	
720575941640174965	BANC_888:720575941640174965	BANC888	is_a	adult anterior optic tubercle neuron 008	
720575941640175477	BANC_888:720575941640175477	BANC888	is_a	adult central brain intrinsic neuron	
720575941640176757	BANC_888:720575941640176757	BANC888	is_a	adult CB2335 neuron	
720575941640177183	BANC_888:720575941640177183	BANC888	is_a	mechanosensory neuron of interommatidial bristle	
720575941640177525	BANC_888:720575941640177525	BANC888	is_a	adult CB1242 neuron	
720575941640178463	BANC_888:720575941640178463	BANC888	is_a	transmedullary neuron Tm1	
720575941640179743	BANC_888:720575941640179743	BANC888	is_a	medulla intrinsic neuron Mi4	
720575941640181279	BANC_888:720575941640181279	BANC888	is_a	T2 neuron	
720575941640182815	BANC_888:720575941640182815	BANC888	is_a	transmedullary Y neuron TmY5a	
720575941640183413	BANC_888:720575941640183413	BANC888	is_a	zone E Johnston organ neuron	
720575941640184437	BANC_888:720575941640184437	BANC888	is_a	adult SNta21 neuron	
720575941640184607	BANC_888:720575941640184607	BANC888	is_a	transmedullary neuron Tm20	
720575941640184949	BANC_888:720575941640184949	BANC888	is_a	adult fan-shaped body 1 column-superior medial protocerebrum neuron	FlyBase:FBrf0246888
720575941640185717	BANC_888:720575941640185717	BANC888	is_a	adult CB2129 neuron	
720575941640188277	BANC_888:720575941640188277	BANC888	is_a	adult CB2888 neuron	
720575941640190325	BANC_888:720575941640190325	BANC888	is_a	adult SNta29 neuron	
720575941640191143	BANC_888:720575941640191143	BANC888	is_a	zone F Johnston organ neuron	
720575941640193141	BANC_888:720575941640193141	BANC888	is_a	adult superior lateral protocerebrum neuron 369	
720575941640196213	BANC_888:720575941640196213	BANC888	is_a	adult CB1503 neuron	
720575941640201895	BANC_888:720575941640201895	BANC888	is_a	zone F Johnston organ neuron	
720575941640207733	BANC_888:720575941640207733	BANC888	is_a	adult superior lateral protocerebrum neuron 025	
720575941640208159	BANC_888:720575941640208159	BANC888	is_a	distal medullary amacrine neuron Dm15	
720575941640208501	BANC_888:720575941640208501	BANC888	is_a	lobula columnar neuron LC16	
720575941640210207	BANC_888:720575941640210207	BANC888	is_a	femoral chordotonal club neuron	
720575941640216693	BANC_888:720575941640216693	BANC888	is_a	adult IN06A104 neuron	
720575941640219253	BANC_888:720575941640219253	BANC888	is_a	adult CB3215 neuron	
720575941640219765	BANC_888:720575941640219765	BANC888	is_a	adult lateral horn AD3a8 neuron	
720575941640220021	BANC_888:720575941640220021	BANC888	is_a	adult CB1139 neuron	
720575941640221557	BANC_888:720575941640221557	BANC888	is_a	adult superior medial protocerebrum neuron 248	
720575941640222495	BANC_888:720575941640222495	BANC888	is_a	labellar taste peg mechanosensory neuron	
720575941640223861	BANC_888:720575941640223861	BANC888	is_a	adult superior medial protocerebrum neuron 092	
720575941640225141	BANC_888:720575941640225141	BANC888	is_a	lobula columnar neuron LC10	
720575941640225909	BANC_888:720575941640225909	BANC888	is_a	visual projection neuron	
720575941640230517	BANC_888:720575941640230517	BANC888	is_a	lamina monopolar neuron L5	
720575941640231967	BANC_888:720575941640231967	BANC888	is_a	transmedullary neuron Tm1	
720575941640233333	BANC_888:720575941640233333	BANC888	is_a	medulla intrinsic neuron Mi1	
720575941640237173	BANC_888:720575941640237173	BANC888	is_a	adult optic lobe intrinsic neuron	
720575941640237941	BANC_888:720575941640237941	BANC888	is_a	lobula columnar neuron LC16	
720575941640239989	BANC_888:720575941640239989	BANC888	is_a	transmedullary neuron Tm3	
720575941640248181	BANC_888:720575941640248181	BANC888	is_a	adult optic lobe intrinsic neuron	
720575941640251679	BANC_888:720575941640251679	BANC888	is_a	T4b neuron	
720575941640253045	BANC_888:720575941640253045	BANC888	is_a	lobula columnar neuron LC11	
720575941640253727	BANC_888:720575941640253727	BANC888	is_a	adult optic lobe intrinsic neuron	
720575941640255263	BANC_888:720575941640255263	BANC888	is_a	adult optic lobe intrinsic neuron	
720575941640255605	BANC_888:720575941640255605	BANC888	is_a	adult optic lobe intrinsic neuron	
720575941640264565	BANC_888:720575941640264565	BANC888	is_a	adult optic lobe intrinsic neuron	
720575941640265077	BANC_888:720575941640265077	BANC888	is_a	adult lobula visual projection neuron LoVP30	FlyBase:FBrf0262545
720575941640270197	BANC_888:720575941640270197	BANC888	is_a	lobula columnar neuron LC11	
720575941640276853	BANC_888:720575941640276853	BANC888	is_a	adult optic lobe intrinsic neuron	
720575941640278559	BANC_888:720575941640278559	BANC888	is_a	photoreceptor cell R8	
720575941640285045	BANC_888:720575941640285045	BANC888	is_a	transmedullary neuron Tm1	
720575941640294517	BANC_888:720575941640294517	BANC888	is_a	lamina monopolar neuron L1	
720575941640295541	BANC_888:720575941640295541	BANC888	is_a	medulla intrinsic neuron Mi4	
720575941640296223	BANC_888:720575941640296223	BANC888	is_a	transmedullary neuron Tm3	
720575941640298357	BANC_888:720575941640298357	BANC888	is_a	adult optic lobe intrinsic neuron	
720575941640300319	BANC_888:720575941640300319	BANC888	is_a	adult optic lobe intrinsic neuron	
720575941640301599	BANC_888:720575941640301599	BANC888	is_a	adult optic lobe intrinsic neuron	
720575941640304757	BANC_888:720575941640304757	BANC888	is_a	T5c neuron	
720575941640305695	BANC_888:720575941640305695	BANC888	is_a	adult optic lobe intrinsic neuron	
720575941640309109	BANC_888:720575941640309109	BANC888	is_a	adult optic lobe intrinsic neuron	
720575941640311157	BANC_888:720575941640311157	BANC888	is_a	adult optic lobe intrinsic neuron	
720575941640314485	BANC_888:720575941640314485	BANC888	is_a	adult optic lobe intrinsic neuron	
720575941640314911	BANC_888:720575941640314911	BANC888	is_a	transmedullary neuron Tm16	
720575941640314997	BANC_888:720575941640314997	BANC888	is_a	lobula columnar neuron LC10d	
720575941640319349	BANC_888:720575941640319349	BANC888	is_a	adult optic lobe intrinsic neuron	
720575941640324639	BANC_888:720575941640324639	BANC888	is_a	adult lobula plate tangential neuron LPT111	FlyBase:FBrf0262545
720575941640332063	BANC_888:720575941640332063	BANC888	is_a	adult superior medial protocerebrum neuron 565	
720575941640333343	BANC_888:720575941640333343	BANC888	is_a	zone B Johnston organ neuron	
720575941640336757	BANC_888:720575941640336757	BANC888	is_a	adult optic lobe intrinsic neuron	
720575941640337013	BANC_888:720575941640337013	BANC888	is_a	T5b neuron	
720575941640337269	BANC_888:720575941640337269	BANC888	is_a	adult SNpp44 neuron	
720575941640341877	BANC_888:720575941640341877	BANC888	is_a	adult optic lobe intrinsic neuron	
720575941640342303	BANC_888:720575941640342303	BANC888	is_a	distal medullary amacrine neuron Dm13	
720575941640342389	BANC_888:720575941640342389	BANC888	is_a	sensory neuron of wing campaniform sensillum	
720575941640343071	BANC_888:720575941640343071	BANC888	is_a	T4c neuron	
720575941640345717	BANC_888:720575941640345717	BANC888	is_a	adult IN19A027 neuron	
720575941640346229	BANC_888:720575941640346229	BANC888	is_a	lamina monopolar neuron L2	
720575941640347765	BANC_888:720575941640347765	BANC888	is_a	transmedullary neuron Tm16	
720575941640349983	BANC_888:720575941640349983	BANC888	is_a	adult CB1785 neuron	
720575941640350325	BANC_888:720575941640350325	BANC888	is_a	adult optic lobe intrinsic neuron	
720575941640350495	BANC_888:720575941640350495	BANC888	is_a	adult bilateral LPT cell recurrent neuron	
720575941640351861	BANC_888:720575941640351861	BANC888	is_a	adult optic lobe intrinsic neuron	
720575941640354591	BANC_888:720575941640354591	BANC888	is_a	T5b neuron	
720575941640358773	BANC_888:720575941640358773	BANC888	is_a	zone B Johnston organ neuron	
720575941640363381	BANC_888:720575941640363381	BANC888	is_a	columnar neuron T1	
720575941640364917	BANC_888:720575941640364917	BANC888	is_a	transmedullary neuron Tm3	
720575941640368757	BANC_888:720575941640368757	BANC888	is_a	medulla intrinsic neuron Mi4	
720575941640372085	BANC_888:720575941640372085	BANC888	is_a	centrifugal neuron C3	
720575941640374047	BANC_888:720575941640374047	BANC888	is_a	adult fan-shaped body 1 column-crepine neuron	FlyBase:FBrf0246888
720575941640375071	BANC_888:720575941640375071	BANC888	is_a	lobula columnar neuron LC9	
720575941640376437	BANC_888:720575941640376437	BANC888	is_a	columnar neuron T1	
720575941640377973	BANC_888:720575941640377973	BANC888	is_a	adult lobula visual projection neuron LoVP18	
720575941640380021	BANC_888:720575941640380021	BANC888	is_a	dopaminergic PAM neuron 11	
720575941640380533	BANC_888:720575941640380533	BANC888	is_a	adult CB1457 neuron	
720575941640394357	BANC_888:720575941640394357	BANC888	is_a	adult posterior slope neuron 235	
720575941640395381	BANC_888:720575941640395381	BANC888	is_a	protocerebral bridge 1 glomerulus-fan-shaped body-nodulus 3 posterior domain neuron	
720575941640401183	BANC_888:720575941640401183	BANC888	is_a	adult fan-shaped body layer 6 neuron of DM6 lineage	FlyBase:FBrf0257023
720575941640404597	BANC_888:720575941640404597	BANC888	is_a	lamina monopolar neuron L1	
720575941640408607	BANC_888:720575941640408607	BANC888	is_a	adult olfactory receptor neuron Or33c/85e	
720575941640410997	BANC_888:720575941640410997	BANC888	is_a	adult optic lobe intrinsic neuron	
720575941640417397	BANC_888:720575941640417397	BANC888	is_a	adult optic lobe intrinsic neuron	
720575941640422175	BANC_888:720575941640422175	BANC888	is_a	adult INXXX331 neuron	
720575941640422943	BANC_888:720575941640422943	BANC888	is_a	adult IN17A046 neuron	
720575941640424223	BANC_888:720575941640424223	BANC888	is_a	adult VNC neuron	
720575941640424309	BANC_888:720575941640424309	BANC888	is_a	bristle sensory neuron	
720575941640432501	BANC_888:720575941640432501	BANC888	is_a	adult olfactory receptor neuron Or56a	
720575941640433525	BANC_888:720575941640433525	BANC888	is_a	adult CB0997 neuron	
720575941640435317	BANC_888:720575941640435317	BANC888	is_a	adult anterior ventrolateral protocerebrum neuron 522	
720575941640435999	BANC_888:720575941640435999	BANC888	is_a	adult IN08B104 neuron	
720575941640437877	BANC_888:720575941640437877	BANC888	is_a	lobula columnar neuron LC12	
720575941640440607	BANC_888:720575941640440607	BANC888	is_a	adult IN17A109 neuron	
720575941640443935	BANC_888:720575941640443935	BANC888	is_a	adult IN01A045 neuron	
720575941640444191	BANC_888:720575941640444191	BANC888	is_a	femoral chordotonal claw neuron	
720575941640449055	BANC_888:720575941640449055	BANC888	is_a	adult SNpp42 neuron	
720575941640450933	BANC_888:720575941640450933	BANC888	is_a	adult medulla visual projection neuron MeVPMe1	FlyBase:FBrf0262545
720575941640451359	BANC_888:720575941640451359	BANC888	is_a	adult fruitless vPR7 neuron	
720575941640454517	BANC_888:720575941640454517	BANC888	is_a	adult optic lobe intrinsic neuron	
720575941640456309	BANC_888:720575941640456309	BANC888	is_a	adult olfactory receptor neuron Or69a	
720575941640459381	BANC_888:720575941640459381	BANC888	is_a	adult optic lobe intrinsic neuron	
720575941640460405	BANC_888:720575941640460405	BANC888	is_a	transmedullary Y neuron TmY15	
720575941640462197	BANC_888:720575941640462197	BANC888	is_a	centrifugal neuron C3	
720575941640465439	BANC_888:720575941640465439	BANC888	is_a	DLM motor neuron	
720575941640466463	BANC_888:720575941640466463	BANC888	is_a	adult IN04B034 neuron	
720575941640469621	BANC_888:720575941640469621	BANC888	is_a	adult optic lobe intrinsic neuron	
720575941640470901	BANC_888:720575941640470901	BANC888	is_a	T2a neuron	
720575941640471669	BANC_888:720575941640471669	BANC888	is_a	transmedullary neuron Tm1	
720575941640474143	BANC_888:720575941640474143	BANC888	is_a	adult CB2155 neuron	
720575941640478069	BANC_888:720575941640478069	BANC888	is_a	lamina monopolar neuron L5	
720575941640479861	BANC_888:720575941640479861	BANC888	is_a	adult optic lobe intrinsic neuron	
720575941640487199	BANC_888:720575941640487199	BANC888	is_a	adult lobula columnar neuron LC41	
720575941640489077	BANC_888:720575941640489077	BANC888	is_a	lobula plate-lobula columnar neuron LPLC2	
720575941640505375	BANC_888:720575941640505375	BANC888	is_a	descending neuron of the gnathal ganglion DNge035	
720575941640521845	BANC_888:720575941640521845	BANC888	is_a	T4c neuron	
720575941640525685	BANC_888:720575941640525685	BANC888	is_a	mesothoracic leg taste bristle chemosensory neuron	
720575941640529695	BANC_888:720575941640529695	BANC888	is_a	adult superior lateral protocerebrum neuron 044	
720575941640530719	BANC_888:720575941640530719	BANC888	is_a	adult posterior slope neuron 137	
720575941640536437	BANC_888:720575941640536437	BANC888	is_a	adult lobula intrinsic neuron Li22	FlyBase:FBrf0262545
720575941640539765	BANC_888:720575941640539765	BANC888	is_a	adult SNch05 neuron	
720575941640546079	BANC_888:720575941640546079	BANC888	is_a	adult anterior ventrolateral protocerebrum neuron 269	
720575941640548981	BANC_888:720575941640548981	BANC888	is_a	centrifugal neuron C2	
720575941640551029	BANC_888:720575941640551029	BANC888	is_a	transmedullary neuron Tm5a	
720575941640553333	BANC_888:720575941640553333	BANC888	is_a	visual projection neuron	
720575941640554101	BANC_888:720575941640554101	BANC888	is_a	adult INXXX240 neuron	
720575941640555551	BANC_888:720575941640555551	BANC888	is_a	adult olfactory receptor neuron Or82a	
720575941640556575	BANC_888:720575941640556575	BANC888	is_a	adult olfactory receptor neuron Or67d	
720575941640558879	BANC_888:720575941640558879	BANC888	is_a	adult CB2419 neuron	
720575941640562719	BANC_888:720575941640562719	BANC888	is_a	T5d neuron	
720575941640562805	BANC_888:720575941640562805	BANC888	is_a	lamina monopolar neuron L5	
720575941640568181	BANC_888:720575941640568181	BANC888	is_a	adult olfactory receptor neuron Ir31a	
720575941640568693	BANC_888:720575941640568693	BANC888	is_a	adult olfactory receptor neuron Or71a	
720575941640569119	BANC_888:720575941640569119	BANC888	is_a	lobula columnar neuron LC15	
720575941640570997	BANC_888:720575941640570997	BANC888	is_a	adult olfactory receptor neuron Or83c	
720575941640571167	BANC_888:720575941640571167	BANC888	is_a	adult anterior optic tubercle neuron 050	
720575941640578165	BANC_888:720575941640578165	BANC888	is_a	adult optic lobe intrinsic neuron	
720575941640578677	BANC_888:720575941640578677	BANC888	is_a	adult optic lobe intrinsic neuron	
720575941640579445	BANC_888:720575941640579445	BANC888	is_a	lobula plate columnar neuron LPC2	
720575941640579615	BANC_888:720575941640579615	BANC888	is_a	adult fan-shaped body horizontal delta neuron K	
720575941640582773	BANC_888:720575941640582773	BANC888	is_a	adult optic lobe intrinsic neuron	
720575941640585247	BANC_888:720575941640585247	BANC888	is_a	adult CB3724 neuron	
720575941640585333	BANC_888:720575941640585333	BANC888	is_a	T2a neuron	
720575941640586101	BANC_888:720575941640586101	BANC888	is_a	T2 neuron	
720575941640590965	BANC_888:720575941640590965	BANC888	is_a	adult olfactory receptor neuron Or85b	
720575941640592501	BANC_888:720575941640592501	BANC888	is_a	adult optic lobe intrinsic neuron	
720575941640595999	BANC_888:720575941640595999	BANC888	is_a	adult anterior ventrolateral protocerebrum neuron 267	
720575941640600181	BANC_888:720575941640600181	BANC888	is_a	adult optic lobe intrinsic neuron	
720575941640608031	BANC_888:720575941640608031	BANC888	is_a	lobula columnar neuron LC22	
720575941640608117	BANC_888:720575941640608117	BANC888	is_a	adult optic lobe intrinsic neuron	
720575941640610421	BANC_888:720575941640610421	BANC888	is_a	distal medullary amacrine neuron Dm3c	FlyBase:FBrf0262545
720575941640614005	BANC_888:720575941640614005	BANC888	is_a	adult optic lobe intrinsic neuron	
720575941640615199	BANC_888:720575941640615199	BANC888	is_a	visual projection neuron	
720575941640616565	BANC_888:720575941640616565	BANC888	is_a	adult optic lobe intrinsic neuron	
720575941640618357	BANC_888:720575941640618357	BANC888	is_a	adult optic lobe intrinsic neuron	
720575941640619637	BANC_888:720575941640619637	BANC888	is_a	adult optic lobe intrinsic neuron	
720575941640621599	BANC_888:720575941640621599	BANC888	is_a	adult multiglomerular antennal lobe projection neuron type 43 lvPN	
720575941640623221	BANC_888:720575941640623221	BANC888	is_a	distal medullary amacrine neuron Dm15	
720575941640628085	BANC_888:720575941640628085	BANC888	is_a	adult lobula columnar neuron LC28	
720575941640628853	BANC_888:720575941640628853	BANC888	is_a	distal medullary amacrine neuron Dm15	
720575941640629535	BANC_888:720575941640629535	BANC888	is_a	T5b neuron	
720575941640631327	BANC_888:720575941640631327	BANC888	is_a	adult superior medial protocerebrum neuron 281	
720575941640633461	BANC_888:720575941640633461	BANC888	is_a	lamina monopolar neuron L5	
720575941640640799	BANC_888:720575941640640799	BANC888	is_a	adult central brain intrinsic neuron	
720575941640642677	BANC_888:720575941640642677	BANC888	is_a	adult medulla-lobula neuron MeLo6	FlyBase:FBrf0262545
720575941640642933	BANC_888:720575941640642933	BANC888	is_a	T5c neuron	
720575941640648735	BANC_888:720575941640648735	BANC888	is_a	adult CB3524 neuron	
720575941640651039	BANC_888:720575941640651039	BANC888	is_a	adult posterior ventrolateral protocerebrum neuron 094	
720575941640652831	BANC_888:720575941640652831	BANC888	is_a	adult CB1627 neuron	
720575941640662901	BANC_888:720575941640662901	BANC888	is_a	adult optic lobe intrinsic neuron	
720575941640667679	BANC_888:720575941640667679	BANC888	is_a	adult superior medial protocerebrum neuron 006	
720575941640668191	BANC_888:720575941640668191	BANC888	is_a	adult superior medial protocerebrum neuron 080	
720575941640668533	BANC_888:720575941640668533	BANC888	is_a	adult optic lobe intrinsic neuron	
720575941640671349	BANC_888:720575941640671349	BANC888	is_a	adult CB3278 neuron	
720575941640673909	BANC_888:720575941640673909	BANC888	is_a	proximal medullary amacrine neuron Pm4	FlyBase:FBrf0262545
720575941640674421	BANC_888:720575941640674421	BANC888	is_a	medulla intrinsic neuron Mi4	
720575941640677151	BANC_888:720575941640677151	BANC888	is_a	adult vest neuron 075	
720575941640684917	BANC_888:720575941640684917	BANC888	is_a	adult optic lobe intrinsic neuron	
720575941640689183	BANC_888:720575941640689183	BANC888	is_a	adult CB0239 neuron	
720575941640689781	BANC_888:720575941640689781	BANC888	is_a	adult optic lobe intrinsic neuron	
720575941640696863	BANC_888:720575941640696863	BANC888	is_a	lobula columnar neuron LC4	
720575941640700789	BANC_888:720575941640700789	BANC888	is_a	adult optic lobe intrinsic neuron	
720575941640701301	BANC_888:720575941640701301	BANC888	is_a	octopaminergic VUMa3 neuron	
720575941640705397	BANC_888:720575941640705397	BANC888	is_a	adult optic lobe intrinsic neuron	
720575941640706421	BANC_888:720575941640706421	BANC888	is_a	lamina monopolar neuron L1	
720575941640710687	BANC_888:720575941640710687	BANC888	is_a	adult olfactory receptor neuron Or88a	
720575941640718879	BANC_888:720575941640718879	BANC888	is_a	adult lateral horn AV4a4 neuron	
720575941640721013	BANC_888:720575941640721013	BANC888	is_a	adult optic lobe intrinsic neuron	
720575941640722207	BANC_888:720575941640722207	BANC888	is_a	adult posterior lateral protocerebrum neuron 188	
720575941640724597	BANC_888:720575941640724597	BANC888	is_a	adult optic lobe intrinsic neuron	
720575941640727157	BANC_888:720575941640727157	BANC888	is_a	adult anterior ventrolateral protocerebrum neuron 165	
720575941640728095	BANC_888:720575941640728095	BANC888	is_a	adult CB2920 neuron	
720575941640730485	BANC_888:720575941640730485	BANC888	is_a	adult optic lobe intrinsic neuron	
720575941640733471	BANC_888:720575941640733471	BANC888	is_a	adult lateral horn AV2b6 neuron	
720575941640737823	BANC_888:720575941640737823	BANC888	is_a	protocerebral bridge 1 glomerulus-fan-shaped body-nodulus 3 posterior domain neuron	
720575941640743967	BANC_888:720575941640743967	BANC888	is_a	adult lateral accessory lobe neuron 010	
720575941640744309	BANC_888:720575941640744309	BANC888	is_a	adult optic lobe intrinsic neuron	
720575941640748063	BANC_888:720575941640748063	BANC888	is_a	adult superior medial protocerebrum neuron 411	
720575941640753269	BANC_888:720575941640753269	BANC888	is_a	columnar neuron T1	
720575941640754293	BANC_888:720575941640754293	BANC888	is_a	adult optic lobe intrinsic neuron	
720575941640756255	BANC_888:720575941640756255	BANC888	is_a	adult CB1252 neuron	
720575941640759327	BANC_888:720575941640759327	BANC888	is_a	adult CNS neuron	
720575941640765029	BANC_888:720575941640765029	BANC888	is_a	adult IN19A071 neuron	
720575941640771189	BANC_888:720575941640771189	BANC888	is_a	adult optic lobe intrinsic neuron	
720575941640773237	BANC_888:720575941640773237	BANC888	is_a	adult optic lobe intrinsic neuron	
720575941640776735	BANC_888:720575941640776735	BANC888	is_a	adult superior medial protocerebrum neuron 369	
720575941640778271	BANC_888:720575941640778271	BANC888	is_a	adult CB0668 neuron	
720575941640779551	BANC_888:720575941640779551	BANC888	is_a	gamma main Kenyon cell	
720575941640780575	BANC_888:720575941640780575	BANC888	is_a	adult CB1761 neuron	
720575941640780917	BANC_888:720575941640780917	BANC888	is_a	adult lobula intrinsic neuron Li21	FlyBase:FBrf0262545
720575941640783647	BANC_888:720575941640783647	BANC888	is_a	adult superior medial protocerebrum neuron 285	
720575941640784159	BANC_888:720575941640784159	BANC888	is_a	adult antennal lobe local neuron l2LN23	
720575941640784415	BANC_888:720575941640784415	BANC888	is_a	adult medulla visual projection neuron MeVP38	FlyBase:FBrf0262545
720575941640785183	BANC_888:720575941640785183	BANC888	is_a	adult clamp neuron 283	
720575941640785695	BANC_888:720575941640785695	BANC888	is_a	adult superior lateral protocerebrum neuron 379	
720575941640785951	BANC_888:720575941640785951	BANC888	is_a	adult fan-shaped body layer 6 neuron of DALcl2 lineage	
720575941640786549	BANC_888:720575941640786549	BANC888	is_a	adult optic lobe intrinsic neuron	
720575941640787231	BANC_888:720575941640787231	BANC888	is_a	adult superior lateral protocerebrum neuron 036	
720575941640788767	BANC_888:720575941640788767	BANC888	is_a	labellar taste peg mechanosensory neuron	
720575941640791327	BANC_888:720575941640791327	BANC888	is_a	adult CB1605 neuron	
720575941640791413	BANC_888:720575941640791413	BANC888	is_a	adult optic lobe intrinsic neuron	
720575941640794399	BANC_888:720575941640794399	BANC888	is_a	adult anterior ventrolateral protocerebrum neuron 437	
720575941640795679	BANC_888:720575941640795679	BANC888	is_a	adult fan-shaped body layer 5 tangential neuron	FlyBase:FBrf0246888
720575941640797471	BANC_888:720575941640797471	BANC888	is_a	adult CB1895 neuron	
720575941640797813	BANC_888:720575941640797813	BANC888	is_a	adult optic lobe intrinsic neuron	
720575941640797983	BANC_888:720575941640797983	BANC888	is_a	adult fan-shaped body layer 5 neuron of DALcl2 lineage	
720575941640799007	BANC_888:720575941640799007	BANC888	is_a	adult optic lobe intrinsic neuron	
720575941640801055	BANC_888:720575941640801055	BANC888	is_a	medulla intrinsic neuron Mi1	
720575941640802677	BANC_888:720575941640802677	BANC888	is_a	adult optic lobe intrinsic neuron	
720575941640807967	BANC_888:720575941640807967	BANC888	is_a	medulla intrinsic neuron Mi1	
720575941640813173	BANC_888:720575941640813173	BANC888	is_a	adult optic lobe intrinsic neuron	
720575941640817525	BANC_888:720575941640817525	BANC888	is_a	adult optic lobe intrinsic neuron	
720575941640822133	BANC_888:720575941640822133	BANC888	is_a	adult optic lobe intrinsic neuron	
720575941640826399	BANC_888:720575941640826399	BANC888	is_a	adult optic lobe intrinsic neuron	
720575941640834847	BANC_888:720575941640834847	BANC888	is_a	adult olfactory receptor neuron Or2a	
720575941640842783	BANC_888:720575941640842783	BANC888	is_a	adult optic lobe intrinsic neuron	
720575941640845087	BANC_888:720575941640845087	BANC888	is_a	T3 neuron	
720575941640845173	BANC_888:720575941640845173	BANC888	is_a	adult optic lobe intrinsic neuron	
720575941640846367	BANC_888:720575941640846367	BANC888	is_a	adult optic lobe intrinsic neuron	
720575941640847461	BANC_888:720575941640847461	BANC888	is_a	adult SNta02 neuron	
720575941640848245	BANC_888:720575941640848245	BANC888	is_a	vertical system neuron 2	
720575941640854629	BANC_888:720575941640854629	BANC888	is_a	medulla intrinsic neuron Mi1	
720575941640856351	BANC_888:720575941640856351	BANC888	is_a	adult medulla visual projection neuron MeVP1	FlyBase:FBrf0262545
720575941640856863	BANC_888:720575941640856863	BANC888	is_a	adult medulla-lobula neuron MeLo3a	FlyBase:FBrf0262545
720575941640862325	BANC_888:720575941640862325	BANC888	is_a	adult optic lobe intrinsic neuron	
720575941640864117	BANC_888:720575941640864117	BANC888	is_a	adult optic lobe intrinsic neuron	
720575941640865141	BANC_888:720575941640865141	BANC888	is_a	adult optic lobe intrinsic neuron	
720575941640866661	BANC_888:720575941640866661	BANC888	is_a	adult IN14A042 neuron	
720575941640876319	BANC_888:720575941640876319	BANC888	is_a	T3 neuron	
720575941640877157	BANC_888:720575941640877157	BANC888	is_a	adult IN04B104 neuron	
720575941640877685	BANC_888:720575941640877685	BANC888	is_a	adult optic lobe intrinsic neuron	
720575941640878709	BANC_888:720575941640878709	BANC888	is_a	T5b neuron	
720575941640880245	BANC_888:720575941640880245	BANC888	is_a	adult optic lobe intrinsic neuron	
720575941640881951	BANC_888:720575941640881951	BANC888	is_a	adult CB2079 neuron	
720575941640882719	BANC_888:720575941640882719	BANC888	is_a	adult lobula intrinsic neuron Li22	FlyBase:FBrf0262545
720575941640888437	BANC_888:720575941640888437	BANC888	is_a	adult lobula plate tangential neuron LPT49	
720575941640890229	BANC_888:720575941640890229	BANC888	is_a	adult lobula tangential neuron LT34	
720575941640891493	BANC_888:720575941640891493	BANC888	is_a	adult IN13A032 neuron	
720575941640891509	BANC_888:720575941640891509	BANC888	is_a	adult optic lobe intrinsic neuron	
720575941640892517	BANC_888:720575941640892517	BANC888	is_a	adult IN21A063 neuron	
720575941640895589	BANC_888:720575941640895589	BANC888	is_a	adult IN03B037 neuron	
720575941640898847	BANC_888:720575941640898847	BANC888	is_a	adult olfactory receptor neuron Or98a	
720575941640899189	BANC_888:720575941640899189	BANC888	is_a	adult optic lobe intrinsic neuron	
720575941640900453	BANC_888:720575941640900453	BANC888	is_a	adult IN06B019 neuron	
720575941640900965	BANC_888:720575941640900965	BANC888	is_a	adult IN12A063 neuron	
720575941640909157	BANC_888:720575941640909157	BANC888	is_a	adult IN07B067 neuron	
720575941640912501	BANC_888:720575941640912501	BANC888	is_a	visual projection neuron	
720575941640913269	BANC_888:720575941640913269	BANC888	is_a	columnar neuron T1	
720575941640916085	BANC_888:720575941640916085	BANC888	is_a	transmedullary neuron Tm3	
720575941640919669	BANC_888:720575941640919669	BANC888	is_a	adult optic lobe intrinsic neuron	
720575941640926581	BANC_888:720575941640926581	BANC888	is_a	transmedullary Y neuron TmY4	
720575941640926837	BANC_888:720575941640926837	BANC888	is_a	proximal medullary amacrine neuron Pm1	FlyBase:FBrf0262545
720575941640928373	BANC_888:720575941640928373	BANC888	is_a	adult optic lobe intrinsic neuron	
720575941640929311	BANC_888:720575941640929311	BANC888	is_a	adult wedge neuron 040	
720575941640931189	BANC_888:720575941640931189	BANC888	is_a	lamina monopolar neuron L1	
720575941640931615	BANC_888:720575941640931615	BANC888	is_a	transmedullary neuron Tm2	
720575941640936309	BANC_888:720575941640936309	BANC888	is_a	adult optic lobe intrinsic neuron	
720575941640941429	BANC_888:720575941640941429	BANC888	is_a	medulla intrinsic neuron Mi1	
720575941640941941	BANC_888:720575941640941941	BANC888	is_a	centrifugal neuron C2	
720575941640944245	BANC_888:720575941640944245	BANC888	is_a	transmedullary Y neuron TmY10	
720575941640948597	BANC_888:720575941640948597	BANC888	is_a	adult optic lobe intrinsic neuron	
720575941640948853	BANC_888:720575941640948853	BANC888	is_a	medulla intrinsic neuron Mi15	
720575941640950901	BANC_888:720575941640950901	BANC888	is_a	adult CB1080 neuron	
720575941640954981	BANC_888:720575941640954981	BANC888	is_a	adult IN04B027 neuron	
720575941640954997	BANC_888:720575941640954997	BANC888	is_a	adult optic lobe intrinsic neuron	
720575941640955509	BANC_888:720575941640955509	BANC888	is_a	adult optic lobe intrinsic neuron	
720575941640957029	BANC_888:720575941640957029	BANC888	is_a	adult IN08B087 neuron	
720575941640958053	BANC_888:720575941640958053	BANC888	is_a	pretarsal depressor muscle motor neuron	
720575941640958837	BANC_888:720575941640958837	BANC888	is_a	adult optic lobe intrinsic neuron	
720575941640959093	BANC_888:720575941640959093	BANC888	is_a	lobula plate intrinsic neuron LPi2d	FlyBase:FBrf0262545
720575941640969759	BANC_888:720575941640969759	BANC888	is_a	mechanosensory neuron of interommatidial bristle	
720575941640976415	BANC_888:720575941640976415	BANC888	is_a	adult CB2750 neuron	
720575941640981023	BANC_888:720575941640981023	BANC888	is_a	adult optic lobe intrinsic neuron	
720575941640982629	BANC_888:720575941640982629	BANC888	is_a	adult IN01A065 neuron	
720575941640996895	BANC_888:720575941640996895	BANC888	is_a	T2 neuron	
720575941640997151	BANC_888:720575941640997151	BANC888	is_a	adult CB2376 neuron	
720575941641001317	BANC_888:720575941641001317	BANC888	is_a	adult SNpp15 neuron	
720575941641008741	BANC_888:720575941641008741	BANC888	is_a	mesothoracic tibial depressor motor neuron	
720575941641014303	BANC_888:720575941641014303	BANC888	is_a	columnar neuron T1	
720575941641026149	BANC_888:720575941641026149	BANC888	is_a	adult fan-shaped body layer 7 tangential neuron	FlyBase:FBrf0246888
720575941641033759	BANC_888:720575941641033759	BANC888	is_a	distal medullary amacrine neuron Dm3a	FlyBase:FBrf0262545
720575941641035295	BANC_888:720575941641035295	BANC888	is_a	adult CB3682 neuron	
720575941641037413	BANC_888:720575941641037413	BANC888	is_a	adult SNta25 neuron	
720575941641037925	BANC_888:720575941641037925	BANC888	is_a	sensory neuron of haltere campaniform sensillum	
720575941641042789	BANC_888:720575941641042789	BANC888	is_a	mechanosensory neuron of Wheeler's organ	
720575941641042975	BANC_888:720575941641042975	BANC888	is_a	adult medulla visual projection neuron MeVP15	FlyBase:FBrf0262545
720575941641062943	BANC_888:720575941641062943	BANC888	is_a	adult optic lobe intrinsic neuron	
720575941641064735	BANC_888:720575941641064735	BANC888	is_a	mechanosensory neuron of antennal bristle	
720575941641074207	BANC_888:720575941641074207	BANC888	is_a	ocellar ganglion interneuron type 02	
720575941641078629	BANC_888:720575941641078629	BANC888	is_a	alpha/beta Kenyon cell	
720575941641087775	BANC_888:720575941641087775	BANC888	is_a	adult olfactory receptor neuron Or47b	
720575941641089823	BANC_888:720575941641089823	BANC888	is_a	adult olfactory receptor neuron Ir84a	
720575941641092709	BANC_888:720575941641092709	BANC888	is_a	adult SNta37 neuron	
720575941641093407	BANC_888:720575941641093407	BANC888	is_a	adult olfactory receptor neuron Or88a	
720575941641094687	BANC_888:720575941641094687	BANC888	is_a	adult superior medial protocerebrum neuron 447	
720575941641097759	BANC_888:720575941641097759	BANC888	is_a	adult olfactory receptor neuron Ir75d	
720575941641098783	BANC_888:720575941641098783	BANC888	is_a	mechanosensory neuron of antennal bristle	
720575941641104159	BANC_888:720575941641104159	BANC888	is_a	adult optic lobe intrinsic neuron	
720575941641112351	BANC_888:720575941641112351	BANC888	is_a	adult optic lobe intrinsic neuron	
720575941641144863	BANC_888:720575941641144863	BANC888	is_a	adult tubercle-bulb neuron 05	
720575941641149727	BANC_888:720575941641149727	BANC888	is_a	adult optic lobe intrinsic neuron	
720575941641151519	BANC_888:720575941641151519	BANC888	is_a	adult optic lobe intrinsic neuron	
720575941641152543	BANC_888:720575941641152543	BANC888	is_a	zone F Johnston organ neuron	
720575941641193247	BANC_888:720575941641193247	BANC888	is_a	lamina monopolar neuron L1	
720575941641200927	BANC_888:720575941641200927	BANC888	is_a	adult CB0034 neuron	
720575941641209119	BANC_888:720575941641209119	BANC888	is_a	adult AN09B037 neuron	
720575941641213983	BANC_888:720575941641213983	BANC888	is_a	lamina monopolar neuron L2	
720575941641215589	BANC_888:720575941641215589	BANC888	is_a	adult lateral accessory lobe neuron 167	
720575941641218405	BANC_888:720575941641218405	BANC888	is_a	adult SNta35 neuron	
720575941641221919	BANC_888:720575941641221919	BANC888	is_a	lamina monopolar neuron L1	
720575941641226527	BANC_888:720575941641226527	BANC888	is_a	lamina monopolar neuron L4	
720575941641241631	BANC_888:720575941641241631	BANC888	is_a	photoreceptor cell R8	
720575941641255967	BANC_888:720575941641255967	BANC888	is_a	T3 neuron	
720575941641289503	BANC_888:720575941641289503	BANC888	is_a	photoreceptor cell R8	
720575941641290015	BANC_888:720575941641290015	BANC888	is_a	adult IN08A017 neuron	
720575941641291295	BANC_888:720575941641291295	BANC888	is_a	adult CB2995 neuron	
720575941641291807	BANC_888:720575941641291807	BANC888	is_a	photoreceptor cell R7	
720575941641294367	BANC_888:720575941641294367	BANC888	is_a	photoreceptor cell R7	
720575941641309983	BANC_888:720575941641309983	BANC888	is_a	photoreceptor cell R8	
720575941641319199	BANC_888:720575941641319199	BANC888	is_a	lamina monopolar neuron L4	
720575941641322015	BANC_888:720575941641322015	BANC888	is_a	adult CB3706 neuron	
720575941641329951	BANC_888:720575941641329951	BANC888	is_a	T3 neuron	
720575941641346405	BANC_888:720575941641346405	BANC888	is_a	adult CB2291 neuron	
720575941641346591	BANC_888:720575941641346591	BANC888	is_a	adult IN21A009 neuron	
720575941641356575	BANC_888:720575941641356575	BANC888	is_a	adult optic lobe intrinsic neuron	
720575941641367327	BANC_888:720575941641367327	BANC888	is_a	photoreceptor cell R8	
720575941641370962	BANC_888:720575941641370962	BANC888	is_a	adult AN01B011 neuron	
720575941641371749	BANC_888:720575941641371749	BANC888	is_a	femoral chordotonal club neuron	
720575941641376287	BANC_888:720575941641376287	BANC888	is_a	lamina monopolar neuron L3	
720575941641402911	BANC_888:720575941641402911	BANC888	is_a	lamina monopolar neuron L1	
720575941641406239	BANC_888:720575941641406239	BANC888	is_a	lamina monopolar neuron L2	
720575941641409381	BANC_888:720575941641409381	BANC888	is_a	adult CB0180 neuron	
720575941641411615	BANC_888:720575941641411615	BANC888	is_a	lobula columnar neuron LC10a	
720575941641423442	BANC_888:720575941641423442	BANC888	is_a	wing contralaterally projecting haltere interneuron	
720575941641435749	BANC_888:720575941641435749	BANC888	is_a	adult ellipsoid body ring neuron R4d	
720575941641460511	BANC_888:720575941641460511	BANC888	is_a	lamina monopolar neuron L5	
720575941641461535	BANC_888:720575941641461535	BANC888	is_a	lamina monopolar neuron L5	
720575941641465682	BANC_888:720575941641465682	BANC888	is_a	adult AN17B008 neuron	
720575941641467935	BANC_888:720575941641467935	BANC888	is_a	adult optic lobe intrinsic neuron	
720575941641470751	BANC_888:720575941641470751	BANC888	is_a	lamina monopolar neuron L1	
720575941641471007	BANC_888:720575941641471007	BANC888	is_a	lamina monopolar neuron L5	
720575941641472287	BANC_888:720575941641472287	BANC888	is_a	lamina monopolar neuron L5	
720575941641472543	BANC_888:720575941641472543	BANC888	is_a	lamina monopolar neuron L5	
720575941641473874	BANC_888:720575941641473874	BANC888	is_a	adult IN03B069 neuron	
720575941641486437	BANC_888:720575941641486437	BANC888	is_a	adult optic lobe intrinsic neuron	
720575941641490258	BANC_888:720575941641490258	BANC888	is_a	adult fruitless dMS2 neuron	
720575941641492818	BANC_888:720575941641492818	BANC888	is_a	adult IN20A.22A087 neuron	
720575941641494866	BANC_888:720575941641494866	BANC888	is_a	adult IN13A039 neuron	
720575941641502546	BANC_888:720575941641502546	BANC888	is_a	adult IN08A036 neuron	
720575941641506386	BANC_888:720575941641506386	BANC888	is_a	adult IN08A045 neuron	
720575941641520159	BANC_888:720575941641520159	BANC888	is_a	adult optic lobe intrinsic neuron	
720575941641522514	BANC_888:720575941641522514	BANC888	is_a	adult IN16B079 neuron	
720575941641524767	BANC_888:720575941641524767	BANC888	is_a	transmedullary Y neuron TmY18	FlyBase:FBrf0262545
720575941641532191	BANC_888:720575941641532191	BANC888	is_a	adult wedge projection neuron 2	
720575941641533471	BANC_888:720575941641533471	BANC888	is_a	adult lateral horn PV10b1 neuron	
720575941641534565	BANC_888:720575941641534565	BANC888	is_a	adult IN09A027 neuron	
720575941641535519	BANC_888:720575941641535519	BANC888	is_a	protocerebral bridge 1 glomerulus-fan-shaped body-nodulus 3 posterior domain neuron	
720575941641537567	BANC_888:720575941641537567	BANC888	is_a	adult antennal lobe projection neuron VM7d adPN	
720575941641538079	BANC_888:720575941641538079	BANC888	is_a	adult antennal lobe projection neuron DC3 adPN	
720575941641538335	BANC_888:720575941641538335	BANC888	is_a	adult lateral accessory lobe neuron 030	
720575941641539103	BANC_888:720575941641539103	BANC888	is_a	adult CB1328 neuron	
720575941641539941	BANC_888:720575941641539941	BANC888	is_a	adult IN03A045 neuron	
720575941641541919	BANC_888:720575941641541919	BANC888	is_a	adult CB1005 neuron	
720575941641542175	BANC_888:720575941641542175	BANC888	is_a	adult clamp neuron 080	
720575941641542431	BANC_888:720575941641542431	BANC888	is_a	adult lobula visual projection neuron LoVP16	
720575941641543455	BANC_888:720575941641543455	BANC888	is_a	adult antennal lobe projection neuron VP2+ adPN	
720575941641543711	BANC_888:720575941641543711	BANC888	is_a	adult fruitless aSP-g2 (female) neuron	
720575941641545554	BANC_888:720575941641545554	BANC888	is_a	adult IN20A.22A092 neuron	
720575941641548319	BANC_888:720575941641548319	BANC888	is_a	adult superior medial protocerebrum neuron 090	
720575941641548626	BANC_888:720575941641548626	BANC888	is_a	adult IN08B056 neuron	
720575941641549343	BANC_888:720575941641549343	BANC888	is_a	lobula columnar neuron LC10a	
720575941641551391	BANC_888:720575941641551391	BANC888	is_a	adult superior lateral protocerebrum neuron 226	
720575941641553951	BANC_888:720575941641553951	BANC888	is_a	lobula columnar neuron LC17	
720575941641555487	BANC_888:720575941641555487	BANC888	is_a	adult anterior ventrolateral protocerebrum neuron 496	
720575941641557023	BANC_888:720575941641557023	BANC888	is_a	adult CB1877 neuron	
720575941641567263	BANC_888:720575941641567263	BANC888	is_a	adult optic lobe intrinsic neuron	
720575941641568869	BANC_888:720575941641568869	BANC888	is_a	adult CB0975 neuron	
720575941641571871	BANC_888:720575941641571871	BANC888	is_a	adult superior intermediate protocerebrum neuron 076	
720575941641573919	BANC_888:720575941641573919	BANC888	is_a	adult anterior ventrolateral protocerebrum neuron 026	
720575941641574994	BANC_888:720575941641574994	BANC888	is_a	adult IN07B076 neuron	
720575941641579551	BANC_888:720575941641579551	BANC888	is_a	adult clamp neuron 016	
720575941641581650	BANC_888:720575941641581650	BANC888	is_a	adult IN16B059 neuron	
720575941641582623	BANC_888:720575941641582623	BANC888	is_a	adult CNS neuron	
720575941641584159	BANC_888:720575941641584159	BANC888	is_a	adult anterior optic tubercle neuron 041	
720575941641587231	BANC_888:720575941641587231	BANC888	is_a	adult CB1106 neuron	
720575941641600031	BANC_888:720575941641600031	BANC888	is_a	adult CB1838 neuron	
720575941641601823	BANC_888:720575941641601823	BANC888	is_a	adult superior medial protocerebrum neuron 319	
720575941641604946	BANC_888:720575941641604946	BANC888	is_a	adult VNC neuron	
720575941641605989	BANC_888:720575941641605989	BANC888	is_a	adult fan-shaped body vertical delta neuron	
720575941641606757	BANC_888:720575941641606757	BANC888	is_a	adult CB1583 neuron	
720575941641610527	BANC_888:720575941641610527	BANC888	is_a	adult CB1502 neuron	
720575941641614111	BANC_888:720575941641614111	BANC888	is_a	adult fan-shaped body vertical delta neuron	
720575941641614418	BANC_888:720575941641614418	BANC888	is_a	adult SNta09 neuron	
720575941641614879	BANC_888:720575941641614879	BANC888	is_a	transmedullary Y neuron TmY14	
720575941641615391	BANC_888:720575941641615391	BANC888	is_a	adult olfactory receptor neuron Or56a	
720575941641615647	BANC_888:720575941641615647	BANC888	is_a	transmedullary Y neuron TmY14	
720575941641617439	BANC_888:720575941641617439	BANC888	is_a	adult CB1617 neuron	
720575941641620255	BANC_888:720575941641620255	BANC888	is_a	adult CB2408 neuron	
720575941641620511	BANC_888:720575941641620511	BANC888	is_a	adult CB2387 neuron	
720575941641621330	BANC_888:720575941641621330	BANC888	is_a	mesothoracic accessory tibial flexor motor neuron	
720575941641622047	BANC_888:720575941641622047	BANC888	is_a	lamina monopolar neuron L5	
720575941641622559	BANC_888:720575941641622559	BANC888	is_a	dopaminergic PAM neuron 15	
720575941641623327	BANC_888:720575941641623327	BANC888	is_a	mesothoracic accessory tibial flexor motor neuron	
720575941641635615	BANC_888:720575941641635615	BANC888	is_a	zone B Johnston organ neuron	
720575941641640223	BANC_888:720575941641640223	BANC888	is_a	lamina monopolar neuron L5	
720575941641641759	BANC_888:720575941641641759	BANC888	is_a	columnar neuron T1	
720575941641658143	BANC_888:720575941641658143	BANC888	is_a	medulla intrinsic neuron Mi1	
720575941641661471	BANC_888:720575941641661471	BANC888	is_a	photoreceptor cell R8	
720575941641665125	BANC_888:720575941641665125	BANC888	is_a	transmedullary Y neuron TmY9	
720575941641666149	BANC_888:720575941641666149	BANC888	is_a	distal medullary amacrine neuron Dm3a	FlyBase:FBrf0262545
720575941641666335	BANC_888:720575941641666335	BANC888	is_a	adult optic lobe intrinsic neuron	
720575941641667410	BANC_888:720575941641667410	BANC888	is_a	adult protocerebral bridge 1 glomerulus-fan-shaped body-round body type a neuron	
720575941641668965	BANC_888:720575941641668965	BANC888	is_a	medulla intrinsic neuron Mi1	
720575941641675877	BANC_888:720575941641675877	BANC888	is_a	T4a neuron	
720575941641677157	BANC_888:720575941641677157	BANC888	is_a	T4c neuron	
720575941641679461	BANC_888:720575941641679461	BANC888	is_a	adult protocerebral bridge 1 glomerulus-ellipsoid body tile-gall neuron	
720575941641679954	BANC_888:720575941641679954	BANC888	is_a	adult fan-shaped body vertical delta neuron	
720575941641680978	BANC_888:720575941641680978	BANC888	is_a	adult mAL-PN lateral horn input neuron	
720575941641682277	BANC_888:720575941641682277	BANC888	is_a	adult optic lobe intrinsic neuron	
720575941641685279	BANC_888:720575941641685279	BANC888	is_a	adult optic lobe intrinsic neuron	
720575941641686629	BANC_888:720575941641686629	BANC888	is_a	lobula columnar neuron LC10d	
720575941641687653	BANC_888:720575941641687653	BANC888	is_a	T5b neuron	
720575941641688095	BANC_888:720575941641688095	BANC888	is_a	photoreceptor cell R7	
720575941641695845	BANC_888:720575941641695845	BANC888	is_a	lobula-lobula plate columnar neuron LLPC1	
720575941641696799	BANC_888:720575941641696799	BANC888	is_a	lamina monopolar neuron L5	
720575941641705317	BANC_888:720575941641705317	BANC888	is_a	T3 neuron	
720575941641706597	BANC_888:720575941641706597	BANC888	is_a	Y neuron Y3	
720575941641707365	BANC_888:720575941641707365	BANC888	is_a	T4d neuron	
720575941641708114	BANC_888:720575941641708114	BANC888	is_a	adult central brain intrinsic neuron	
720575941641712159	BANC_888:720575941641712159	BANC888	is_a	adult optic lobe intrinsic neuron	
720575941641712671	BANC_888:720575941641712671	BANC888	is_a	adult optic lobe intrinsic neuron	
720575941641725471	BANC_888:720575941641725471	BANC888	is_a	transmedullary neuron Tm4	
720575941641729893	BANC_888:720575941641729893	BANC888	is_a	T5c neuron	
720575941641733407	BANC_888:720575941641733407	BANC888	is_a	T2 neuron	
720575941641734431	BANC_888:720575941641734431	BANC888	is_a	lamina monopolar neuron L2	
720575941641746533	BANC_888:720575941641746533	BANC888	is_a	T5c neuron	
720575941641749791	BANC_888:720575941641749791	BANC888	is_a	adult central brain intrinsic neuron	
720575941641753887	BANC_888:720575941641753887	BANC888	is_a	columnar neuron T1	
720575941641754655	BANC_888:720575941641754655	BANC888	is_a	adult SNta24 neuron	
720575941641755167	BANC_888:720575941641755167	BANC888	is_a	T5d neuron	
720575941641755423	BANC_888:720575941641755423	BANC888	is_a	adult optic lobe intrinsic neuron	
720575941641761311	BANC_888:720575941641761311	BANC888	is_a	adult optic lobe intrinsic neuron	
720575941641771346	BANC_888:720575941641771346	BANC888	is_a	adult CB1537 neuron	
720575941641775903	BANC_888:720575941641775903	BANC888	is_a	transmedullary Y neuron TmY20	
720575941641776210	BANC_888:720575941641776210	BANC888	is_a	adult SNta20 neuron	
720575941641779231	BANC_888:720575941641779231	BANC888	is_a	proximal medullary amacrine neuron Pm1	FlyBase:FBrf0262545
720575941641782047	BANC_888:720575941641782047	BANC888	is_a	transmedullary neuron Tm20	
720575941641785119	BANC_888:720575941641785119	BANC888	is_a	adult optic lobe intrinsic neuron	
720575941641792031	BANC_888:720575941641792031	BANC888	is_a	adult CB3820 neuron	
720575941641792799	BANC_888:720575941641792799	BANC888	is_a	adult SNta20 neuron	
720575941641795615	BANC_888:720575941641795615	BANC888	is_a	adult optic lobe intrinsic neuron	
720575941641796639	BANC_888:720575941641796639	BANC888	is_a	transmedullary neuron Tm20	
720575941641800479	BANC_888:720575941641800479	BANC888	is_a	adult optic lobe intrinsic neuron	
720575941641800735	BANC_888:720575941641800735	BANC888	is_a	adult optic lobe intrinsic neuron	
720575941641800991	BANC_888:720575941641800991	BANC888	is_a	transmedullary neuron Tm2	
720575941641803807	BANC_888:720575941641803807	BANC888	is_a	adult optic lobe intrinsic neuron	
720575941641807903	BANC_888:720575941641807903	BANC888	is_a	adult superior intermediate protocerebrum neuron 020	
720575941641814047	BANC_888:720575941641814047	BANC888	is_a	centrifugal neuron C2	
720575941641815071	BANC_888:720575941641815071	BANC888	is_a	transmedullary neuron Tm4	
720575941641821983	BANC_888:720575941641821983	BANC888	is_a	adult optic lobe intrinsic neuron	
720575941641826591	BANC_888:720575941641826591	BANC888	is_a	transmedullary neuron Tm23	FlyBase:FBrf0262545
720575941641827103	BANC_888:720575941641827103	BANC888	is_a	lamina monopolar neuron L5	
720575941641827615	BANC_888:720575941641827615	BANC888	is_a	adult optic lobe intrinsic neuron	
720575941641830175	BANC_888:720575941641830175	BANC888	is_a	Y neuron Y12	
720575941641838949	BANC_888:720575941641838949	BANC888	is_a	lobula plate intrinsic neuron LPi2e	FlyBase:FBrf0262545
720575941641839647	BANC_888:720575941641839647	BANC888	is_a	lobula columnar neuron LC12	
720575941641843045	BANC_888:720575941641843045	BANC888	is_a	T4b neuron	
720575941641846815	BANC_888:720575941641846815	BANC888	is_a	lamina monopolar neuron L1	
720575941641849631	BANC_888:720575941641849631	BANC888	is_a	adult IN14A075 neuron	
720575941641853215	BANC_888:720575941641853215	BANC888	is_a	adult olfactory receptor neuron Or67c	
720575941641855263	BANC_888:720575941641855263	BANC888	is_a	T5b neuron	
720575941641859103	BANC_888:720575941641859103	BANC888	is_a	adult olfactory receptor neuron Or67d	
720575941641865503	BANC_888:720575941641865503	BANC888	is_a	transmedullary neuron Tm1	
720575941641866527	BANC_888:720575941641866527	BANC888	is_a	medulla intrinsic neuron Mi1	
720575941641867807	BANC_888:720575941641867807	BANC888	is_a	medulla intrinsic neuron Mi1	
720575941641868319	BANC_888:720575941641868319	BANC888	is_a	lobula plate intrinsic neuron LPi2c	FlyBase:FBrf0262545
720575941641869599	BANC_888:720575941641869599	BANC888	is_a	distal medullary amacrine neuron Dm3c	FlyBase:FBrf0262545
720575941641876767	BANC_888:720575941641876767	BANC888	is_a	transmedullary neuron Tm32	FlyBase:FBrf0262545
720575941641878047	BANC_888:720575941641878047	BANC888	is_a	lamina monopolar neuron L1	
720575941641881631	BANC_888:720575941641881631	BANC888	is_a	adult optic lobe intrinsic neuron	
720575941641884447	BANC_888:720575941641884447	BANC888	is_a	adult prosternal chordotonal organ neuron	
720575941641887077	BANC_888:720575941641887077	BANC888	is_a	T5d neuron	
720575941641887263	BANC_888:720575941641887263	BANC888	is_a	lobula columnar neuron LC18	
720575941641887314	BANC_888:720575941641887314	BANC888	is_a	gamma main Kenyon cell	
720575941641887589	BANC_888:720575941641887589	BANC888	is_a	T5b neuron	
720575941641887845	BANC_888:720575941641887845	BANC888	is_a	transmedullary neuron Tm2	
720575941641889567	BANC_888:720575941641889567	BANC888	is_a	zone A Johnston organ neuron	
720575941641895455	BANC_888:720575941641895455	BANC888	is_a	adult optic lobe intrinsic neuron	
720575941641897573	BANC_888:720575941641897573	BANC888	is_a	T5b neuron	
720575941641901087	BANC_888:720575941641901087	BANC888	is_a	adult optic lobe intrinsic neuron	
720575941641903205	BANC_888:720575941641903205	BANC888	is_a	transmedullary Y neuron TmY4	
720575941641904415	BANC_888:720575941641904415	BANC888	is_a	lobula columnar neuron LC30	FlyBase:FBrf0262545
720575941641907045	BANC_888:720575941641907045	BANC888	is_a	T4a neuron	
720575941641908069	BANC_888:720575941641908069	BANC888	is_a	lobula columnar neuron LC10	
720575941641909535	BANC_888:720575941641909535	BANC888	is_a	adult optic lobe intrinsic neuron	
720575941641914213	BANC_888:720575941641914213	BANC888	is_a	lobula intrinsic neuron Li14	FlyBase:FBrf0262545
720575941641914981	BANC_888:720575941641914981	BANC888	is_a	T5a neuron	
720575941641916447	BANC_888:720575941641916447	BANC888	is_a	adult lobula intrinsic neuron Li25	FlyBase:FBrf0262545
720575941641916517	BANC_888:720575941641916517	BANC888	is_a	T2 neuron	
720575941641917727	BANC_888:720575941641917727	BANC888	is_a	adult optic lobe intrinsic neuron	
720575941641918053	BANC_888:720575941641918053	BANC888	is_a	adult optic lobe intrinsic neuron	
720575941641920031	BANC_888:720575941641920031	BANC888	is_a	adult posterior lateral protocerebrum neuron 150	
720575941641925663	BANC_888:720575941641925663	BANC888	is_a	adult optic lobe intrinsic neuron	
720575941641925733	BANC_888:720575941641925733	BANC888	is_a	medulla intrinsic neuron Mi4	
720575941641931039	BANC_888:720575941641931039	BANC888	is_a	adult CB1292 neuron	
720575941641931295	BANC_888:720575941641931295	BANC888	is_a	alpha/beta Kenyon cell	
720575941641934623	BANC_888:720575941641934623	BANC888	is_a	adult CNS neuron	
720575941641936671	BANC_888:720575941641936671	BANC888	is_a	adult olfactory receptor neuron Or47b	
720575941641937951	BANC_888:720575941641937951	BANC888	is_a	adult optic lobe intrinsic neuron	
720575941641938789	BANC_888:720575941641938789	BANC888	is_a	adult optic lobe intrinsic neuron	
720575941641939231	BANC_888:720575941641939231	BANC888	is_a	T2 neuron	
720575941641940255	BANC_888:720575941641940255	BANC888	is_a	transmedullary neuron Tm6	FlyBase:FBrf0262545
720575941641940581	BANC_888:720575941641940581	BANC888	is_a	T5c neuron	
720575941641940767	BANC_888:720575941641940767	BANC888	is_a	T2 neuron	
720575941641941093	BANC_888:720575941641941093	BANC888	is_a	T4d neuron	
720575941641942303	BANC_888:720575941641942303	BANC888	is_a	T2 neuron	
720575941641942815	BANC_888:720575941641942815	BANC888	is_a	transmedullary neuron Tm7	
720575941641946213	BANC_888:720575941641946213	BANC888	is_a	T3 neuron	
720575941641951263	BANC_888:720575941641951263	BANC888	is_a	T5c neuron	
720575941641957151	BANC_888:720575941641957151	BANC888	is_a	adult CB2133 neuron	
720575941641958757	BANC_888:720575941641958757	BANC888	is_a	lobula columnar neuron LC17	
720575941641966111	BANC_888:720575941641966111	BANC888	is_a	transmedullary neuron Tm3	
720575941641968159	BANC_888:720575941641968159	BANC888	is_a	transmedullary Y neuron TmY16	
720575941641969439	BANC_888:720575941641969439	BANC888	is_a	proximal medullary amacrine neuron Pm2	FlyBase:FBrf0262545
720575941641971794	BANC_888:720575941641971794	BANC888	is_a	adult IN21A058 neuron	
720575941641972767	BANC_888:720575941641972767	BANC888	is_a	transmedullary Y neuron TmY3	
720575941641975839	BANC_888:720575941641975839	BANC888	is_a	T3 neuron	
720575941641979935	BANC_888:720575941641979935	BANC888	is_a	adult optic lobe intrinsic neuron	
720575941641987615	BANC_888:720575941641987615	BANC888	is_a	T3 neuron	
720575941641997855	BANC_888:720575941641997855	BANC888	is_a	mechanosensory neuron of hair plate	
720575941642000159	BANC_888:720575941642000159	BANC888	is_a	distal medullary amacrine neuron Dm18	
720575941642000671	BANC_888:720575941642000671	BANC888	is_a	medulla intrinsic neuron Mi4	
720575941642003231	BANC_888:720575941642003231	BANC888	is_a	lobula columnar neuron LC21	
720575941642003999	BANC_888:720575941642003999	BANC888	is_a	lobula columnar neuron LC4	
720575941642010143	BANC_888:720575941642010143	BANC888	is_a	medulla intrinsic neuron Mi15	
720575941642016799	BANC_888:720575941642016799	BANC888	is_a	transmedullary Y neuron TmY14	
720575941642019359	BANC_888:720575941642019359	BANC888	is_a	transmedullary Y neuron TmY14	
720575941642022687	BANC_888:720575941642022687	BANC888	is_a	adult optic lobe intrinsic neuron	
720575941642026341	BANC_888:720575941642026341	BANC888	is_a	adult fan-shaped body vertical delta neuron	
720575941642026783	BANC_888:720575941642026783	BANC888	is_a	adult optic lobe intrinsic neuron	
720575941642027295	BANC_888:720575941642027295	BANC888	is_a	adult optic lobe intrinsic neuron	
720575941642029138	BANC_888:720575941642029138	BANC888	is_a	adult CB3491 neuron	
720575941642042450	BANC_888:720575941642042450	BANC888	is_a	adult gamma Kenyon cell	
720575941642045983	BANC_888:720575941642045983	BANC888	is_a	T4a neuron	
720575941642050335	BANC_888:720575941642050335	BANC888	is_a	transmedullary neuron Tm31	FlyBase:FBrf0262545
720575941642065951	BANC_888:720575941642065951	BANC888	is_a	medulla columnar neuron MC64	
720575941642073119	BANC_888:720575941642073119	BANC888	is_a	adult optic lobe intrinsic neuron	
720575941642073938	BANC_888:720575941642073938	BANC888	is_a	lobula columnar neuron LC16	
720575941642076959	BANC_888:720575941642076959	BANC888	is_a	adult olfactory receptor neuron Amt/Rh50	
720575941642077215	BANC_888:720575941642077215	BANC888	is_a	adult olfactory receptor neuron Or67d	
720575941642083871	BANC_888:720575941642083871	BANC888	is_a	adult medulla visual projection neuron MeVP2	FlyBase:FBrf0262545
720575941642087269	BANC_888:720575941642087269	BANC888	is_a	adult posterior slope neuron 192	
720575941642100511	BANC_888:720575941642100511	BANC888	is_a	adult superior lateral protocerebrum neuron 158	
720575941642103583	BANC_888:720575941642103583	BANC888	is_a	adult CB1717 neuron	
720575941642112543	BANC_888:720575941642112543	BANC888	is_a	adult optic lobe intrinsic neuron	
720575941642112869	BANC_888:720575941642112869	BANC888	is_a	T5d neuron	
720575941642113311	BANC_888:720575941642113311	BANC888	is_a	adult optic lobe intrinsic neuron	
720575941642114591	BANC_888:720575941642114591	BANC888	is_a	transmedullary Y neuron TmY5a	
720575941642122015	BANC_888:720575941642122015	BANC888	is_a	adult CB3055 neuron	
720575941642124063	BANC_888:720575941642124063	BANC888	is_a	adult optic lobe intrinsic neuron	
720575941642124575	BANC_888:720575941642124575	BANC888	is_a	adult optic lobe intrinsic neuron	
720575941642125669	BANC_888:720575941642125669	BANC888	is_a	medulla intrinsic neuron Mi13	
720575941642126437	BANC_888:720575941642126437	BANC888	is_a	adult optic lobe intrinsic neuron	
720575941642128229	BANC_888:720575941642128229	BANC888	is_a	distal medullary amacrine neuron Dm3b	FlyBase:FBrf0262545
720575941642129528	BANC_888:720575941642129528	BANC888	is_a	adult cervical nerve neck motor neuron	
720575941642131487	BANC_888:720575941642131487	BANC888	is_a	adult optic lobe intrinsic neuron	
720575941642133535	BANC_888:720575941642133535	BANC888	is_a	adult optic lobe intrinsic neuron	
720575941642133605	BANC_888:720575941642133605	BANC888	is_a	medulla intrinsic neuron Mi9	
720575941642134117	BANC_888:720575941642134117	BANC888	is_a	proximal medullary amacrine neuron Pm2	FlyBase:FBrf0262545
720575941642134303	BANC_888:720575941642134303	BANC888	is_a	adult optic lobe intrinsic neuron	
720575941642139237	BANC_888:720575941642139237	BANC888	is_a	medulla intrinsic neuron Mi10	
720575941642142565	BANC_888:720575941642142565	BANC888	is_a	T5a neuron	
720575941642143519	BANC_888:720575941642143519	BANC888	is_a	adult anterior ventrolateral protocerebrum neuron 464	
720575941642150687	BANC_888:720575941642150687	BANC888	is_a	adult optic lobe intrinsic neuron	
720575941642151967	BANC_888:720575941642151967	BANC888	is_a	lamina monopolar neuron L1	
720575941642157650	BANC_888:720575941642157650	BANC888	is_a	adult IN21A028 neuron	
720575941642158418	BANC_888:720575941642158418	BANC888	is_a	adult IN03A088 neuron	
720575941642158693	BANC_888:720575941642158693	BANC888	is_a	adult optic lobe intrinsic neuron	
720575941642158930	BANC_888:720575941642158930	BANC888	is_a	adult IN11A032 neuron	
720575941642159135	BANC_888:720575941642159135	BANC888	is_a	adult superior medial protocerebrum neuron 448	
720575941642159186	BANC_888:720575941642159186	BANC888	is_a	adult IN01B059 neuron	
720575941642159903	BANC_888:720575941642159903	BANC888	is_a	adult CB3530 neuron	
720575941642160466	BANC_888:720575941642160466	BANC888	is_a	adult INXXX416 neuron	
720575941642160927	BANC_888:720575941642160927	BANC888	is_a	adult olfactory receptor neuron Or47b	
720575941642161746	BANC_888:720575941642161746	BANC888	is_a	adult IN01B006 neuron	
720575941642162533	BANC_888:720575941642162533	BANC888	is_a	adult optic lobe intrinsic neuron	
720575941642163813	BANC_888:720575941642163813	BANC888	is_a	proximal medullary amacrine neuron Pm1	FlyBase:FBrf0262545
720575941642166354	BANC_888:720575941642166354	BANC888	is_a	adult IN14B002 neuron	
720575941642172703	BANC_888:720575941642172703	BANC888	is_a	distal medullary amacrine neuron Dm3c	FlyBase:FBrf0262545
720575941642180197	BANC_888:720575941642180197	BANC888	is_a	adult optic lobe intrinsic neuron	
720575941642183967	BANC_888:720575941642183967	BANC888	is_a	columnar neuron T1	
720575941642185247	BANC_888:720575941642185247	BANC888	is_a	lamina monopolar neuron L3	
720575941642186597	BANC_888:720575941642186597	BANC888	is_a	centrifugal neuron C3	
720575941642196255	BANC_888:720575941642196255	BANC888	is_a	centrifugal neuron C2	
720575941642206034	BANC_888:720575941642206034	BANC888	is_a	adult superior medial protocerebrum neuron 107	
720575941642208287	BANC_888:720575941642208287	BANC888	is_a	photoreceptor cell R7	
720575941642209381	BANC_888:720575941642209381	BANC888	is_a	centrifugal neuron C2	
720575941642221176	BANC_888:720575941642221176	BANC888	is_a	adult IN13A036 neuron	
720575941642226975	BANC_888:720575941642226975	BANC888	is_a	adult optic lobe intrinsic neuron	
720575941642228069	BANC_888:720575941642228069	BANC888	is_a	T4d neuron	
720575941642229112	BANC_888:720575941642229112	BANC888	is_a	adult IN20A.22A084 neuron	
720575941642230047	BANC_888:720575941642230047	BANC888	is_a	adult optic lobe intrinsic neuron	
720575941642231634	BANC_888:720575941642231634	BANC888	is_a	adult CB1141 neuron	
720575941642237285	BANC_888:720575941642237285	BANC888	is_a	adult CB2213 neuron	
720575941642242591	BANC_888:720575941642242591	BANC888	is_a	adult optic lobe intrinsic neuron	
720575941642247711	BANC_888:720575941642247711	BANC888	is_a	medulla intrinsic neuron Mi15	
720575941642248735	BANC_888:720575941642248735	BANC888	is_a	adult IN12B024 neuron	
720575941642249592	BANC_888:720575941642249592	BANC888	is_a	adult IN09A084 neuron	
720575941642262047	BANC_888:720575941642262047	BANC888	is_a	adult optic lobe intrinsic neuron	
720575941642267167	BANC_888:720575941642267167	BANC888	is_a	adult optic lobe intrinsic neuron	
720575941642267237	BANC_888:720575941642267237	BANC888	is_a	adult optic lobe intrinsic neuron	
720575941642268959	BANC_888:720575941642268959	BANC888	is_a	adult optic lobe intrinsic neuron	
720575941642270239	BANC_888:720575941642270239	BANC888	is_a	adult optic lobe intrinsic neuron	
720575941642272031	BANC_888:720575941642272031	BANC888	is_a	adult optic lobe intrinsic neuron	
720575941642274847	BANC_888:720575941642274847	BANC888	is_a	adult optic lobe intrinsic neuron	
720575941642275666	BANC_888:720575941642275666	BANC888	is_a	T3 neuron	
720575941642277714	BANC_888:720575941642277714	BANC888	is_a	medulla intrinsic neuron Mi4	
720575941642280223	BANC_888:720575941642280223	BANC888	is_a	adult optic lobe intrinsic neuron	
720575941642282527	BANC_888:720575941642282527	BANC888	is_a	adult optic lobe intrinsic neuron	
720575941642285256	BANC_888:720575941642285256	BANC888	is_a	adult AN07B069 neuron	
720575941642285599	BANC_888:720575941642285599	BANC888	is_a	adult optic lobe intrinsic neuron	
720575941642285906	BANC_888:720575941642285906	BANC888	is_a	T5d neuron	
720575941642287480	BANC_888:720575941642287480	BANC888	is_a	adult SNta29 neuron	
720575941642289490	BANC_888:720575941642289490	BANC888	is_a	T4a neuron	
720575941642291557	BANC_888:720575941642291557	BANC888	is_a	adult posterior lateral protocerebrum neuron 190	
720575941642296146	BANC_888:720575941642296146	BANC888	is_a	T4a neuron	
720575941642298706	BANC_888:720575941642298706	BANC888	is_a	T5b neuron	
720575941642300792	BANC_888:720575941642300792	BANC888	is_a	lobula columnar neuron LC13	
720575941642302034	BANC_888:720575941642302034	BANC888	is_a	T5a neuron	
720575941642302840	BANC_888:720575941642302840	BANC888	is_a	adult IN20A.22A035 neuron	
720575941642303944	BANC_888:720575941642303944	BANC888	is_a	prothoracic tergotrochanter extensor muscle motor neuron	
720575941642304543	BANC_888:720575941642304543	BANC888	is_a	adult optic lobe intrinsic neuron	
720575941642305656	BANC_888:720575941642305656	BANC888	is_a	adult INXXX220 neuron	
720575941642310226	BANC_888:720575941642310226	BANC888	is_a	T5d neuron	
720575941642311711	BANC_888:720575941642311711	BANC888	is_a	adult optic lobe intrinsic neuron	
720575941642312274	BANC_888:720575941642312274	BANC888	is_a	T4c neuron	
720575941642317855	BANC_888:720575941642317855	BANC888	is_a	adult optic lobe intrinsic neuron	
720575941642318367	BANC_888:720575941642318367	BANC888	is_a	adult optic lobe intrinsic neuron	
720575941642327071	BANC_888:720575941642327071	BANC888	is_a	adult optic lobe intrinsic neuron	
720575941642327583	BANC_888:720575941642327583	BANC888	is_a	adult optic lobe intrinsic neuron	
720575941642330399	BANC_888:720575941642330399	BANC888	is_a	adult optic lobe intrinsic neuron	
720575941642331167	BANC_888:720575941642331167	BANC888	is_a	adult optic lobe intrinsic neuron	
720575941642332536	BANC_888:720575941642332536	BANC888	is_a	adult IN01B083 neuron	
720575941642336120	BANC_888:720575941642336120	BANC888	is_a	adult IN20A.22A074 neuron	
720575941642337618	BANC_888:720575941642337618	BANC888	is_a	distal medullary amacrine neuron Dm8b	
720575941642341919	BANC_888:720575941642341919	BANC888	is_a	adult optic lobe intrinsic neuron	
720575941642343711	BANC_888:720575941642343711	BANC888	is_a	adult optic lobe intrinsic neuron	
720575941642345247	BANC_888:720575941642345247	BANC888	is_a	adult optic lobe intrinsic neuron	
720575941642348626	BANC_888:720575941642348626	BANC888	is_a	T4d neuron	
720575941642349599	BANC_888:720575941642349599	BANC888	is_a	medulla intrinsic neuron Mi13	
720575941642350418	BANC_888:720575941642350418	BANC888	is_a	distal medullary amacrine neuron Dm3a	FlyBase:FBrf0262545
720575941642352927	BANC_888:720575941642352927	BANC888	is_a	adult optic lobe intrinsic neuron	
720575941642353784	BANC_888:720575941642353784	BANC888	is_a	adult IN19A029 neuron	
720575941642364447	BANC_888:720575941642364447	BANC888	is_a	transmedullary neuron Tm7	
720575941642365983	BANC_888:720575941642365983	BANC888	is_a	adult optic lobe intrinsic neuron	
720575941642367519	BANC_888:720575941642367519	BANC888	is_a	centrifugal neuron C2	
720575941642367864	BANC_888:720575941642367864	BANC888	is_a	adult IN16B095 neuron	
720575941642369125	BANC_888:720575941642369125	BANC888	is_a	adult AN08B113 neuron	
720575941642369656	BANC_888:720575941642369656	BANC888	is_a	adult IN04B109 neuron	
720575941642369912	BANC_888:720575941642369912	BANC888	is_a	adult IN12B035 neuron	
720575941642370424	BANC_888:720575941642370424	BANC888	is_a	adult IN10B042 neuron	
720575941642371103	BANC_888:720575941642371103	BANC888	is_a	adult optic lobe intrinsic neuron	
720575941642371704	BANC_888:720575941642371704	BANC888	is_a	adult IN02A040 neuron	
720575941642372040	BANC_888:720575941642372040	BANC888	is_a	adult IN18B032 neuron	
720575941642372127	BANC_888:720575941642372127	BANC888	is_a	distal medullary amacrine neuron Dm2	
720575941642373663	BANC_888:720575941642373663	BANC888	is_a	transmedullary neuron Tm16	
720575941642374175	BANC_888:720575941642374175	BANC888	is_a	lobula plate intrinsic neuron LPi4-3	FlyBase:FBrf0262545
720575941642374757	BANC_888:720575941642374757	BANC888	is_a	alpha/beta Kenyon cell	
720575941642377298	BANC_888:720575941642377298	BANC888	is_a	adult CB2697 neuron	
720575941642378783	BANC_888:720575941642378783	BANC888	is_a	medulla intrinsic neuron Mi1	
720575941642378853	BANC_888:720575941642378853	BANC888	is_a	gamma main Kenyon cell	
720575941642379039	BANC_888:720575941642379039	BANC888	is_a	transmedullary neuron Tm3	
720575941642379602	BANC_888:720575941642379602	BANC888	is_a	T5a neuron	
720575941642380063	BANC_888:720575941642380063	BANC888	is_a	proximal medullary amacrine neuron Pm8	FlyBase:FBrf0262545
720575941642388050	BANC_888:720575941642388050	BANC888	is_a	medulla intrinsic neuron Mi4	
720575941642394213	BANC_888:720575941642394213	BANC888	is_a	gamma main Kenyon cell	
720575941642396792	BANC_888:720575941642396792	BANC888	is_a	adult IN04B107 neuron	
720575941642402898	BANC_888:720575941642402898	BANC888	is_a	T2 neuron	
720575941642406520	BANC_888:720575941642406520	BANC888	is_a	adult IN09A057 neuron	
720575941642406776	BANC_888:720575941642406776	BANC888	is_a	adult IN21A092 neuron	
720575941642411877	BANC_888:720575941642411877	BANC888	is_a	adult IN03A057 neuron	
720575941642412389	BANC_888:720575941642412389	BANC888	is_a	adult IN13A057 neuron	
720575941642416485	BANC_888:720575941642416485	BANC888	is_a	adult IN13A029 neuron	
720575941642425189	BANC_888:720575941642425189	BANC888	is_a	adult IN13B032 neuron	
720575941642427218	BANC_888:720575941642427218	BANC888	is_a	transmedullary neuron Tm2	
720575941642429029	BANC_888:720575941642429029	BANC888	is_a	adult IN20A.22A039 neuron	
720575941642429522	BANC_888:720575941642429522	BANC888	is_a	transmedullary neuron Tm1	
720575941642429640	BANC_888:720575941642429640	BANC888	is_a	adult IN03B015 neuron	
720575941642433874	BANC_888:720575941642433874	BANC888	is_a	T5b neuron	
720575941642434504	BANC_888:720575941642434504	BANC888	is_a	adult IN12B037 neuron	
720575941642437714	BANC_888:720575941642437714	BANC888	is_a	adult optic lobe intrinsic neuron	
720575941642441592	BANC_888:720575941642441592	BANC888	is_a	adult SNta25 neuron	
720575941642442085	BANC_888:720575941642442085	BANC888	is_a	adult IN10B059 neuron	
720575941642442913	BANC_888:720575941642442913	BANC888	is_a	adult IN14A079 neuron	
720575941642443346	BANC_888:720575941642443346	BANC888	is_a	adult optic lobe intrinsic neuron	
720575941642444370	BANC_888:720575941642444370	BANC888	is_a	adult optic lobe intrinsic neuron	
720575941642444449	BANC_888:720575941642444449	BANC888	is_a	metathoracic accessory tibial flexor motor neuron	
720575941642445925	BANC_888:720575941642445925	BANC888	is_a	adult IN03A082 neuron	
720575941642446456	BANC_888:720575941642446456	BANC888	is_a	adult superior medial protocerebrum neuron 103	
720575941642447442	BANC_888:720575941642447442	BANC888	is_a	transmedullary neuron Tm9	
720575941642447521	BANC_888:720575941642447521	BANC888	is_a	adult IN23B067 neuron	
720575941642447973	BANC_888:720575941642447973	BANC888	is_a	adult IN17A113 neuron	
720575941642450021	BANC_888:720575941642450021	BANC888	is_a	mesothoracic accessory trochanter levator muscle motor neuron	
720575941642454885	BANC_888:720575941642454885	BANC888	is_a	adult IN19B045 neuron	
720575941642464613	BANC_888:720575941642464613	BANC888	is_a	adult IN01B095 neuron	
720575941642470264	BANC_888:720575941642470264	BANC888	is_a	adult IN19A102 neuron	
720575941642472865	BANC_888:720575941642472865	BANC888	is_a	adult IN19A114 neuron	
720575941642473554	BANC_888:720575941642473554	BANC888	is_a	T5c neuron	
720575941642474657	BANC_888:720575941642474657	BANC888	is_a	adult SNta09 neuron	
720575941642474952	BANC_888:720575941642474952	BANC888	is_a	adult IN14A028 neuron	
720575941642476645	BANC_888:720575941642476645	BANC888	is_a	adult lobula plate tangential neuron LPT29	
720575941642476961	BANC_888:720575941642476961	BANC888	is_a	adult IN19B066 neuron	
720575941642478241	BANC_888:720575941642478241	BANC888	is_a	adult IN20A.22A044 neuron	
720575941642479698	BANC_888:720575941642479698	BANC888	is_a	transmedullary neuron Tm5a	
720575941642479973	BANC_888:720575941642479973	BANC888	is_a	alpha/beta Kenyon cell	
720575941642482533	BANC_888:720575941642482533	BANC888	is_a	alpha/beta Kenyon cell	
720575941642486866	BANC_888:720575941642486866	BANC888	is_a	T5d neuron	
720575941642487752	BANC_888:720575941642487752	BANC888	is_a	adult IN16B041 neuron	
720575941642488993	BANC_888:720575941642488993	BANC888	is_a	adult IN03B019 neuron	
720575941642494546	BANC_888:720575941642494546	BANC888	is_a	T5c neuron	
720575941642499429	BANC_888:720575941642499429	BANC888	is_a	adult IN10B057 neuron	
720575941642499922	BANC_888:720575941642499922	BANC888	is_a	T5a neuron	
720575941642500296	BANC_888:720575941642500296	BANC888	is_a	adult IN21A095 neuron	
720575941642500946	BANC_888:720575941642500946	BANC888	is_a	distal medullary amacrine neuron Dm3b	FlyBase:FBrf0262545
720575941642506952	BANC_888:720575941642506952	BANC888	is_a	adult IN13B082 neuron	
720575941642514021	BANC_888:720575941642514021	BANC888	is_a	adult fan-shaped body 1 column-crepine neuron	FlyBase:FBrf0246888
720575941642516385	BANC_888:720575941642516385	BANC888	is_a	adult IN01A047 neuron	
720575941642519463	BANC_888:720575941642519463	BANC888	is_a	sensory neuron	
720575941642522023	BANC_888:720575941642522023	BANC888	is_a	sensory neuron	
720575941642522312	BANC_888:720575941642522312	BANC888	is_a	adult IN13A057 neuron	
720575941642522469	BANC_888:720575941642522469	BANC888	is_a	adult fan-shaped body vertical delta neuron	
720575941642523474	BANC_888:720575941642523474	BANC888	is_a	lobula columnar neuron LC17	
720575941642527570	BANC_888:720575941642527570	BANC888	is_a	adult CB2364 neuron	
720575941642528417	BANC_888:720575941642528417	BANC888	is_a	adult IN01A075 neuron	
720575941642530504	BANC_888:720575941642530504	BANC888	is_a	adult IN19B075 neuron	
720575941642536609	BANC_888:720575941642536609	BANC888	is_a	adult IN01A077 neuron	
720575941642542241	BANC_888:720575941642542241	BANC888	is_a	adult interneuron	
720575941642544584	BANC_888:720575941642544584	BANC888	is_a	adult IN00A035 neuron	
720575941642544741	BANC_888:720575941642544741	BANC888	is_a	adult SNta37 neuron	
720575941642545825	BANC_888:720575941642545825	BANC888	is_a	adult IN20A.22A039 neuron	
720575941642546849	BANC_888:720575941642546849	BANC888	is_a	adult IN13A041 neuron	
720575941642554273	BANC_888:720575941642554273	BANC888	is_a	adult IN02A047 neuron	
720575941642558881	BANC_888:720575941642558881	BANC888	is_a	adult IN06A052 neuron	
720575941642560161	BANC_888:720575941642560161	BANC888	is_a	adult IN19A061 neuron	
720575941642566994	BANC_888:720575941642566994	BANC888	is_a	distal medullary amacrine neuron Dm3a	FlyBase:FBrf0262545
720575941642567841	BANC_888:720575941642567841	BANC888	is_a	adult IN01B041 neuron	
720575941642568353	BANC_888:720575941642568353	BANC888	is_a	adult IN16B115 neuron	
720575941642569633	BANC_888:720575941642569633	BANC888	is_a	adult IN06A064 neuron	
720575941642573000	BANC_888:720575941642573000	BANC888	is_a	adult IN09B045 neuron	
720575941642584165	BANC_888:720575941642584165	BANC888	is_a	gamma main Kenyon cell	
720575941642586232	BANC_888:720575941642586232	BANC888	is_a	adult wedge projection neuron 1	
720575941642593106	BANC_888:720575941642593106	BANC888	is_a	adult CB0237 neuron	
720575941642596197	BANC_888:720575941642596197	BANC888	is_a	zone B Johnston organ neuron	
720575941642597064	BANC_888:720575941642597064	BANC888	is_a	adult IN19A088 neuron	
720575941642597970	BANC_888:720575941642597970	BANC888	is_a	adult IN01A062 neuron	
720575941642597989	BANC_888:720575941642597989	BANC888	is_a	mechanosensory neuron of interommatidial bristle	
720575941642603090	BANC_888:720575941642603090	BANC888	is_a	aristal sensory neuron VP3	
720575941642605000	BANC_888:720575941642605000	BANC888	is_a	adult IN09A026 neuron	
720575941642608072	BANC_888:720575941642608072	BANC888	is_a	adult IN13A062 neuron	
720575941642611557	BANC_888:720575941642611557	BANC888	is_a	mechanosensory neuron of Wheeler's organ	
720575941642612837	BANC_888:720575941642612837	BANC888	is_a	adult olfactory receptor neuron Or67c	
720575941642613153	BANC_888:720575941642613153	BANC888	is_a	sensory neuron	
720575941642620517	BANC_888:720575941642620517	BANC888	is_a	mechanosensory neuron of interommatidial bristle	
720575941642623137	BANC_888:720575941642623137	BANC888	is_a	adult IN19A100 neuron	
720575941642623176	BANC_888:720575941642623176	BANC888	is_a	adult AN07B069 neuron	
720575941642625697	BANC_888:720575941642625697	BANC888	is_a	adult INXXX460 neuron	
720575941642625953	BANC_888:720575941642625953	BANC888	is_a	adult INXXX437 neuron	
720575941642628552	BANC_888:720575941642628552	BANC888	is_a	adult SNta40 neuron	
720575941642629989	BANC_888:720575941642629989	BANC888	is_a	adult SNta30 neuron	
720575941642630245	BANC_888:720575941642630245	BANC888	is_a	labellar taste bristle mechanosensory neuron	
720575941642631250	BANC_888:720575941642631250	BANC888	is_a	adult central brain intrinsic neuron	
720575941642632648	BANC_888:720575941642632648	BANC888	is_a	adult IN01B044 neuron	
720575941642634440	BANC_888:720575941642634440	BANC888	is_a	adult IN16B037 neuron	
720575941642634696	BANC_888:720575941642634696	BANC888	is_a	adult IN01A085 neuron	
720575941642637925	BANC_888:720575941642637925	BANC888	is_a	adult SNta44 neuron	
720575941642638792	BANC_888:720575941642638792	BANC888	is_a	adult IN03B080 neuron	
720575941642639205	BANC_888:720575941642639205	BANC888	is_a	adult olfactory receptor neuron Or67d	
720575941642639560	BANC_888:720575941642639560	BANC888	is_a	adult IN06A046 neuron	
720575941642641825	BANC_888:720575941642641825	BANC888	is_a	adult IN08A045 neuron	
720575941642647141	BANC_888:720575941642647141	BANC888	is_a	adult olfactory receptor neuron Or92a	
720575941642650056	BANC_888:720575941642650056	BANC888	is_a	adult IN02A045 neuron	
720575941642650469	BANC_888:720575941642650469	BANC888	is_a	adult olfactory receptor neuron Or92a	
720575941642657697	BANC_888:720575941642657697	BANC888	is_a	adult INXXX394 neuron	
720575941642659272	BANC_888:720575941642659272	BANC888	is_a	adult IN04B074 neuron	
720575941642664865	BANC_888:720575941642664865	BANC888	is_a	adult IN01A061 neuron	
720575941642665592	BANC_888:720575941642665592	BANC888	is_a	adult ellipsoid body ring neuron R5	
720575941642681761	BANC_888:720575941642681761	BANC888	is_a	adult INXXX448 neuron	
720575941642682273	BANC_888:720575941642682273	BANC888	is_a	adult protocerebral bridge 1 glomerulus-ellipsoid body tile-nodulus 1 neuron 1	
720575941642682981	BANC_888:720575941642682981	BANC888	is_a	gamma main Kenyon cell	
720575941642686546	BANC_888:720575941642686546	BANC888	is_a	T2a neuron	
720575941642686840	BANC_888:720575941642686840	BANC888	is_a	adult CB0978 neuron	
720575941642688200	BANC_888:720575941642688200	BANC888	is_a	adult IN14A006 neuron	
720575941642689441	BANC_888:720575941642689441	BANC888	is_a	adult SNta09 neuron	
720575941642692040	BANC_888:720575941642692040	BANC888	is_a	adult IN04B037 neuron	
720575941642693970	BANC_888:720575941642693970	BANC888	is_a	distal medullary amacrine neuron Dm2	
720575941642696056	BANC_888:720575941642696056	BANC888	is_a	adult CB0981 neuron	
720575941642697554	BANC_888:720575941642697554	BANC888	is_a	T2a neuron	
720575941642700488	BANC_888:720575941642700488	BANC888	is_a	adult IN04B054 neuron	
720575941642701906	BANC_888:720575941642701906	BANC888	is_a	Y neuron Y1	
720575941642704997	BANC_888:720575941642704997	BANC888	is_a	adult wedge neuron 033	
720575941642730578	BANC_888:720575941642730578	BANC888	is_a	T4c neuron	
720575941642730696	BANC_888:720575941642730696	BANC888	is_a	adult CB1919 neuron	
720575941642732626	BANC_888:720575941642732626	BANC888	is_a	T4d neuron	
720575941642733176	BANC_888:720575941642733176	BANC888	is_a	adult lobula intrinsic neuron Li23	FlyBase:FBrf0262545
720575941642739282	BANC_888:720575941642739282	BANC888	is_a	T4c neuron	
720575941642743378	BANC_888:720575941642743378	BANC888	is_a	transmedullary neuron Tm9	
720575941642744146	BANC_888:720575941642744146	BANC888	is_a	adult optic lobe intrinsic neuron	
720575941642747730	BANC_888:720575941642747730	BANC888	is_a	centrifugal neuron C2	
720575941642749266	BANC_888:720575941642749266	BANC888	is_a	transmedullary neuron Tm1	
720575941642751864	BANC_888:720575941642751864	BANC888	is_a	alpha/beta Kenyon cell	
720575941642759250	BANC_888:720575941642759250	BANC888	is_a	centrifugal neuron C3	
720575941642767442	BANC_888:720575941642767442	BANC888	is_a	T3 neuron	
720575941642772818	BANC_888:720575941642772818	BANC888	is_a	centrifugal neuron C2	
720575941642774629	BANC_888:720575941642774629	BANC888	is_a	adult CB2075 neuron	
720575941642777957	BANC_888:720575941642777957	BANC888	is_a	adult CB3741 neuron	
720575941642778469	BANC_888:720575941642778469	BANC888	is_a	distal medullary amacrine neuron Dm15	
720575941642779000	BANC_888:720575941642779000	BANC888	is_a	lobula columnar neuron LC12	
720575941642780773	BANC_888:720575941642780773	BANC888	is_a	adult central brain intrinsic neuron	
720575941642781029	BANC_888:720575941642781029	BANC888	is_a	transmedullary neuron Tm6	FlyBase:FBrf0262545
720575941642783333	BANC_888:720575941642783333	BANC888	is_a	adult posterior ventrolateral protocerebrum neuron 004	
720575941642784594	BANC_888:720575941642784594	BANC888	is_a	aristal sensory neuron VP2	
720575941642789793	BANC_888:720575941642789793	BANC888	is_a	adult SNta42 neuron	
720575941642790482	BANC_888:720575941642790482	BANC888	is_a	T5b neuron	
720575941642795169	BANC_888:720575941642795169	BANC888	is_a	adult SNta34 neuron	
720575941642796626	BANC_888:720575941642796626	BANC888	is_a	adult SNta41 neuron	
720575941642797000	BANC_888:720575941642797000	BANC888	is_a	adult fan-shaped body horizontal delta neuron A	
720575941642797157	BANC_888:720575941642797157	BANC888	is_a	transmedullary neuron Tm20	
720575941642797925	BANC_888:720575941642797925	BANC888	is_a	gamma main Kenyon cell	
720575941642800210	BANC_888:720575941642800210	BANC888	is_a	T5a neuron	
720575941642805605	BANC_888:720575941642805605	BANC888	is_a	distal medullary amacrine neuron Dm2	
720575941642807713	BANC_888:720575941642807713	BANC888	is_a	adult CB1024 neuron	
720575941642837842	BANC_888:720575941642837842	BANC888	is_a	adult AN08B099 neuron	
720575941642841505	BANC_888:720575941642841505	BANC888	is_a	adult protocerebral bridge 1 glomerulus-ellipsoid body tile-nodulus 1 neuron 2	
720575941642842706	BANC_888:720575941642842706	BANC888	is_a	columnar neuron T1	
720575941642842785	BANC_888:720575941642842785	BANC888	is_a	alpha/beta Kenyon cell	
720575941642849480	BANC_888:720575941642849480	BANC888	is_a	adult fan-shaped body horizontal delta neuron I	
720575941642853320	BANC_888:720575941642853320	BANC888	is_a	adult inferior bridge-superior posterior slope-protocerebral bridge neuron	
720575941642853733	BANC_888:720575941642853733	BANC888	is_a	lobula-lobula plate columnar neuron LLPC2	
720575941642854501	BANC_888:720575941642854501	BANC888	is_a	adult INXXX192 neuron	
720575941642858085	BANC_888:720575941642858085	BANC888	is_a	adult posterior lateral protocerebrum neuron 025	
720575941642861157	BANC_888:720575941642861157	BANC888	is_a	adult superior lateral protocerebrum neuron 184	
720575941642863205	BANC_888:720575941642863205	BANC888	is_a	adult optic lobe intrinsic neuron	
720575941642863461	BANC_888:720575941642863461	BANC888	is_a	transmedullary neuron Tm12	FlyBase:FBrf0262545
720575941642868050	BANC_888:720575941642868050	BANC888	is_a	T4c neuron	
720575941642868385	BANC_888:720575941642868385	BANC888	is_a	descending neuron of the gnathal ganglion DNg12	
720575941642874706	BANC_888:720575941642874706	BANC888	is_a	T5c neuron	
720575941642876024	BANC_888:720575941642876024	BANC888	is_a	adult optic lobe intrinsic neuron	
720575941642876242	BANC_888:720575941642876242	BANC888	is_a	T2a neuron	
720575941642880357	BANC_888:720575941642880357	BANC888	is_a	transmedullary Y neuron TmY18	FlyBase:FBrf0262545
720575941642880613	BANC_888:720575941642880613	BANC888	is_a	medulla columnar neuron MC64	
720575941642882405	BANC_888:720575941642882405	BANC888	is_a	columnar neuron T1	
720575941642894181	BANC_888:720575941642894181	BANC888	is_a	adult optic lobe intrinsic neuron	
720575941642898808	BANC_888:720575941642898808	BANC888	is_a	adult CB1071 neuron	
720575941642899361	BANC_888:720575941642899361	BANC888	is_a	adult CB1225 neuron	
720575941642900897	BANC_888:720575941642900897	BANC888	is_a	adult lobula intrinsic neuron Li25	FlyBase:FBrf0262545
720575941642903416	BANC_888:720575941642903416	BANC888	is_a	lobula columnar neuron LC13	
720575941642903928	BANC_888:720575941642903928	BANC888	is_a	gamma main Kenyon cell	
720575941642904914	BANC_888:720575941642904914	BANC888	is_a	T5b neuron	
720575941642906017	BANC_888:720575941642906017	BANC888	is_a	adult wedge neuron 161	
720575941642906529	BANC_888:720575941642906529	BANC888	is_a	adult DNxl021 neuron	
720575941642908024	BANC_888:720575941642908024	BANC888	is_a	adult CB2343 neuron	
720575941642912632	BANC_888:720575941642912632	BANC888	is_a	adult ellipsoid body ring neuron R3d	
720575941642917477	BANC_888:720575941642917477	BANC888	is_a	transmedullary neuron Tm6	FlyBase:FBrf0262545
720575941642924152	BANC_888:720575941642924152	BANC888	is_a	transmedullary neuron Tm3	
720575941642929272	BANC_888:720575941642929272	BANC888	is_a	adult lateral accessory lobe neuron 133	
720575941642931813	BANC_888:720575941642931813	BANC888	is_a	adult CB1094 neuron	
720575941642936146	BANC_888:720575941642936146	BANC888	is_a	femoral chordotonal club neuron	
720575941642936696	BANC_888:720575941642936696	BANC888	is_a	adult IN12A053 neuron	
720575941642938213	BANC_888:720575941642938213	BANC888	is_a	transmedullary neuron Tm12	FlyBase:FBrf0262545
720575941642941816	BANC_888:720575941642941816	BANC888	is_a	T4b neuron	
720575941642942290	BANC_888:720575941642942290	BANC888	is_a	adult optic lobe intrinsic neuron	
720575941642943608	BANC_888:720575941642943608	BANC888	is_a	T2 neuron	
720575941642943845	BANC_888:720575941642943845	BANC888	is_a	lobula-lobula plate columnar neuron LLPC3	
720575941642943864	BANC_888:720575941642943864	BANC888	is_a	transmedullary neuron Tm1	
720575941642943905	BANC_888:720575941642943905	BANC888	is_a	gamma main Kenyon cell	
720575941642944120	BANC_888:720575941642944120	BANC888	is_a	transmedullary Y neuron TmY3	
720575941642944376	BANC_888:720575941642944376	BANC888	is_a	T5a neuron	
720575941642945912	BANC_888:720575941642945912	BANC888	is_a	T5d neuron	
720575941642946248	BANC_888:720575941642946248	BANC888	is_a	adult SNta37 neuron	
720575941642949477	BANC_888:720575941642949477	BANC888	is_a	adult optic lobe intrinsic neuron	
720575941642950817	BANC_888:720575941642950817	BANC888	is_a	gamma main Kenyon cell	
720575941642955109	BANC_888:720575941642955109	BANC888	is_a	adult olfactory receptor neuron Or42a	
720575941642956664	BANC_888:720575941642956664	BANC888	is_a	adult IN03A019 neuron	
720575941642963301	BANC_888:720575941642963301	BANC888	is_a	protocerebral bridge 1 glomerulus-fan-shaped body-nodulus 3 medial domain neuron	
720575941642966136	BANC_888:720575941642966136	BANC888	is_a	T4a neuron	
720575941642966629	BANC_888:720575941642966629	BANC888	is_a	descending neuron of the gnathal ganglion DNg07	
720575941642967122	BANC_888:720575941642967122	BANC888	is_a	adult tubercle-bulb neuron 09	
720575941642968914	BANC_888:720575941642968914	BANC888	is_a	distal medullary amacrine neuron Dm3a	FlyBase:FBrf0262545
720575941642973010	BANC_888:720575941642973010	BANC888	is_a	alpha/beta Kenyon cell	
720575941642973797	BANC_888:720575941642973797	BANC888	is_a	adult olfactory receptor neuron Or69a	
720575941642974290	BANC_888:720575941642974290	BANC888	is_a	T5c neuron	
720575941642979960	BANC_888:720575941642979960	BANC888	is_a	T5b neuron	
720575941642988114	BANC_888:720575941642988114	BANC888	is_a	alpha/beta Kenyon cell	
720575941642990968	BANC_888:720575941642990968	BANC888	is_a	lobula plate intrinsic neuron LPi3a	FlyBase:FBrf0262545
720575941642991461	BANC_888:720575941642991461	BANC888	is_a	transmedullary neuron Tm9	
720575941642991698	BANC_888:720575941642991698	BANC888	is_a	distal medullary amacrine neuron Dm3c	FlyBase:FBrf0262545
720575941642994808	BANC_888:720575941642994808	BANC888	is_a	adult optic lobe intrinsic neuron	
720575941642994849	BANC_888:720575941642994849	BANC888	is_a	alpha/beta Kenyon cell	
720575941642994888	BANC_888:720575941642994888	BANC888	is_a	adult CB1876 neuron	
720575941642997624	BANC_888:720575941642997624	BANC888	is_a	transmedullary neuron Tm2	
720575941642997880	BANC_888:720575941642997880	BANC888	is_a	T5d neuron	
720575941643000184	BANC_888:720575941643000184	BANC888	is_a	T4a neuron	
720575941643002962	BANC_888:720575941643002962	BANC888	is_a	adult IN17A114 neuron	
720575941643003000	BANC_888:720575941643003000	BANC888	is_a	T4b neuron	
720575941643004792	BANC_888:720575941643004792	BANC888	is_a	adult optic lobe intrinsic neuron	
720575941643005778	BANC_888:720575941643005778	BANC888	is_a	adult IN17A119 neuron	
720575941643006840	BANC_888:720575941643006840	BANC888	is_a	T4a neuron	
720575941643010936	BANC_888:720575941643010936	BANC888	is_a	T4a neuron	
720575941643014994	BANC_888:720575941643014994	BANC888	is_a	adult IN01B026 neuron	
720575941643015288	BANC_888:720575941643015288	BANC888	is_a	transmedullary neuron Tm9	
720575941643015762	BANC_888:720575941643015762	BANC888	is_a	adult gamma Kenyon cell	
720575941643016530	BANC_888:720575941643016530	BANC888	is_a	adult IN04B074 neuron	
720575941643017377	BANC_888:720575941643017377	BANC888	is_a	adult roundtree subesophageal neuron	
720575941643022200	BANC_888:720575941643022200	BANC888	is_a	T5c neuron	
720575941643030945	BANC_888:720575941643030945	BANC888	is_a	descending neuron of the gnathal ganglion DNg92	
720575941643032737	BANC_888:720575941643032737	BANC888	is_a	gamma main Kenyon cell	
720575941643036498	BANC_888:720575941643036498	BANC888	is_a	T2 neuron	
720575941643040357	BANC_888:720575941643040357	BANC888	is_a	adult CNS neuron	
720575941643042149	BANC_888:720575941643042149	BANC888	is_a	medulla intrinsic neuron Mi9	
720575941643042405	BANC_888:720575941643042405	BANC888	is_a	adult optic lobe intrinsic neuron	
720575941643043448	BANC_888:720575941643043448	BANC888	is_a	adult medulla visual projection neuron MeVP4	FlyBase:FBrf0262545
720575941643047112	BANC_888:720575941643047112	BANC888	is_a	gamma main Kenyon cell	
720575941643053176	BANC_888:720575941643053176	BANC888	is_a	distal medullary amacrine neuron Dm3c	FlyBase:FBrf0262545
720575941643053394	BANC_888:720575941643053394	BANC888	is_a	adult IN01A025 neuron	
720575941643056466	BANC_888:720575941643056466	BANC888	is_a	lobula columnar neuron LC20	
720575941643057528	BANC_888:720575941643057528	BANC888	is_a	adult medulla-lobula neuron MeLo4	FlyBase:FBrf0262545
720575941643057864	BANC_888:720575941643057864	BANC888	is_a	adult ellipsoid body ring neuron R1	
720575941643058533	BANC_888:720575941643058533	BANC888	is_a	adult CB2388 neuron	
720575941643059832	BANC_888:720575941643059832	BANC888	is_a	T4d neuron	
720575941643061605	BANC_888:720575941643061605	BANC888	is_a	transmedullary neuron Tm3	
720575941643065938	BANC_888:720575941643065938	BANC888	is_a	mechanosensory neuron of adult head bristle	
720575941643068005	BANC_888:720575941643068005	BANC888	is_a	adult medulla visual projection neuron MeVP6	FlyBase:FBrf0262545
720575941643069778	BANC_888:720575941643069778	BANC888	is_a	adult SNta30 neuron	
720575941643071176	BANC_888:720575941643071176	BANC888	is_a	adult ellipsoid body ring neuron R2	
720575941643071589	BANC_888:720575941643071589	BANC888	is_a	alpha/beta Kenyon cell	
720575941643072101	BANC_888:720575941643072101	BANC888	is_a	adult CB0104 neuron	
720575941643073125	BANC_888:720575941643073125	BANC888	is_a	alpha/beta Kenyon cell	
720575941643074386	BANC_888:720575941643074386	BANC888	is_a	prothoracic leg taste bristle chemosensory neuron	
720575941643074465	BANC_888:720575941643074465	BANC888	is_a	lobula columnar neuron LC12	
720575941643076728	BANC_888:720575941643076728	BANC888	is_a	columnar neuron T1	
720575941643079585	BANC_888:720575941643079585	BANC888	is_a	gustatory receptor neuron of the wing	
720575941643086162	BANC_888:720575941643086162	BANC888	is_a	adult IN19A088 neuron	
720575941643093605	BANC_888:720575941643093605	BANC888	is_a	adult wedge neuron 029	
720575941643094610	BANC_888:720575941643094610	BANC888	is_a	adult SNch05 neuron	
720575941643095969	BANC_888:720575941643095969	BANC888	is_a	adult lobula plate tangential neuron LPT111	FlyBase:FBrf0262545
720575941643096146	BANC_888:720575941643096146	BANC888	is_a	adult SNta42 neuron	
720575941643098706	BANC_888:720575941643098706	BANC888	is_a	adult IN00A033 neuron	
720575941643098962	BANC_888:720575941643098962	BANC888	is_a	adult SNta35 neuron	
720575941643100024	BANC_888:720575941643100024	BANC888	is_a	lobula columnar neuron LC15	
720575941643100754	BANC_888:720575941643100754	BANC888	is_a	ps1 motor neuron	
720575941643102290	BANC_888:720575941643102290	BANC888	is_a	wing margin taste bristle	
720575941643103096	BANC_888:720575941643103096	BANC888	is_a	lobula columnar neuron LC17	
720575941643103608	BANC_888:720575941643103608	BANC888	is_a	T2 neuron	
720575941643104594	BANC_888:720575941643104594	BANC888	is_a	gustatory receptor neuron of the wing	
720575941643111288	BANC_888:720575941643111288	BANC888	is_a	lobula columnar neuron LC12	
720575941643115109	BANC_888:720575941643115109	BANC888	is_a	Y neuron Y11	
720575941643115365	BANC_888:720575941643115365	BANC888	is_a	adult corazonin neuron	
720575941643117394	BANC_888:720575941643117394	BANC888	is_a	adult lateral horn PV5a5 neuron	
720575941643120760	BANC_888:720575941643120760	BANC888	is_a	adult optic lobe intrinsic neuron	
720575941643121253	BANC_888:720575941643121253	BANC888	is_a	adult optic lobe intrinsic neuron	
720575941643122040	BANC_888:720575941643122040	BANC888	is_a	Y neuron Y11	
720575941643123045	BANC_888:720575941643123045	BANC888	is_a	alpha/beta Kenyon cell	
720575941643123576	BANC_888:720575941643123576	BANC888	is_a	adult optic lobe intrinsic neuron	
720575941643127397	BANC_888:720575941643127397	BANC888	is_a	mechanosensory neuron of interommatidial bristle	
720575941643127653	BANC_888:720575941643127653	BANC888	is_a	adult Kenyon cell	
720575941643128933	BANC_888:720575941643128933	BANC888	is_a	adult gamma Kenyon cell	
720575941643132280	BANC_888:720575941643132280	BANC888	is_a	adult optic lobe intrinsic neuron	
720575941643145080	BANC_888:720575941643145080	BANC888	is_a	T5c neuron	
720575941643148901	BANC_888:720575941643148901	BANC888	is_a	adult AN19B101 neuron	
720575941643149413	BANC_888:720575941643149413	BANC888	is_a	gamma main Kenyon cell	
720575941643154533	BANC_888:720575941643154533	BANC888	is_a	adult CB2928 neuron	
720575941643156837	BANC_888:720575941643156837	BANC888	is_a	transmedullary neuron Tm4	
720575941643158354	BANC_888:720575941643158354	BANC888	is_a	adult SNxx29 neuron	
720575941643158373	BANC_888:720575941643158373	BANC888	is_a	adult olfactory receptor neuron Or22	
720575941643162213	BANC_888:720575941643162213	BANC888	is_a	alpha/beta Kenyon cell	
720575941643168120	BANC_888:720575941643168120	BANC888	is_a	adult optic lobe intrinsic neuron	
720575941643170209	BANC_888:720575941643170209	BANC888	is_a	medulla intrinsic neuron Mi1	
720575941643170661	BANC_888:720575941643170661	BANC888	is_a	gamma main Kenyon cell	
720575941643170898	BANC_888:720575941643170898	BANC888	is_a	mechanosensory neuron of interommatidial bristle	
720575941643174264	BANC_888:720575941643174264	BANC888	is_a	lobula intrinsic neuron Li14	FlyBase:FBrf0262545
720575941643175013	BANC_888:720575941643175013	BANC888	is_a	adult CB1754 neuron	
720575941643175269	BANC_888:720575941643175269	BANC888	is_a	adult fruitless aSP-f (female) neuron	
720575941643178616	BANC_888:720575941643178616	BANC888	is_a	transmedullary neuron Tm4	
720575941643178853	BANC_888:720575941643178853	BANC888	is_a	mechanosensory neuron of interommatidial bristle	
720575941643180901	BANC_888:720575941643180901	BANC888	is_a	prothoracic accessory tibial flexor motor neuron	
720575941643182968	BANC_888:720575941643182968	BANC888	is_a	lobula columnar neuron LC24	
720575941643184485	BANC_888:720575941643184485	BANC888	is_a	transmedullary Y neuron TmY3	
720575941643186770	BANC_888:720575941643186770	BANC888	is_a	adult SNta27 neuron	
720575941643187045	BANC_888:720575941643187045	BANC888	is_a	alpha/beta Kenyon cell	
720575941643189093	BANC_888:720575941643189093	BANC888	is_a	distal medullary amacrine neuron Dm2	
720575941643193957	BANC_888:720575941643193957	BANC888	is_a	transmedullary neuron Tm1	
720575941643193976	BANC_888:720575941643193976	BANC888	is_a	medulla intrinsic neuron Mi15	
720575941643194213	BANC_888:720575941643194213	BANC888	is_a	adult SNta25 neuron	
720575941643195553	BANC_888:720575941643195553	BANC888	is_a	adult neurosecretory neuron	
720575941643196261	BANC_888:720575941643196261	BANC888	is_a	adult optic lobe intrinsic neuron	
720575941643197029	BANC_888:720575941643197029	BANC888	is_a	transmedullary neuron Tm6	FlyBase:FBrf0262545
720575941643197601	BANC_888:720575941643197601	BANC888	is_a	adult INXXX295 neuron	
720575941643197797	BANC_888:720575941643197797	BANC888	is_a	transmedullary Y neuron TmY18	FlyBase:FBrf0262545
720575941643200120	BANC_888:720575941643200120	BANC888	is_a	Y neuron Y3	
720575941643200376	BANC_888:720575941643200376	BANC888	is_a	T5b neuron	
720575941643200673	BANC_888:720575941643200673	BANC888	is_a	adult IN19A005 neuron	
720575941643202149	BANC_888:720575941643202149	BANC888	is_a	T3 neuron	
720575941643203685	BANC_888:720575941643203685	BANC888	is_a	adult optic lobe intrinsic neuron	
720575941643203922	BANC_888:720575941643203922	BANC888	is_a	mechanosensory neuron of interommatidial bristle	
720575941643208274	BANC_888:720575941643208274	BANC888	is_a	adult SNta38 neuron	
720575941643210322	BANC_888:720575941643210322	BANC888	is_a	adult SNxx04 neuron	
720575941643211858	BANC_888:720575941643211858	BANC888	is_a	bristle sensory neuron	
720575941643213138	BANC_888:720575941643213138	BANC888	is_a	adult SNta37 neuron	
720575941643213157	BANC_888:720575941643213157	BANC888	is_a	transmedullary neuron Tm2	
720575941643215480	BANC_888:720575941643215480	BANC888	is_a	T4d neuron	
720575941643222216	BANC_888:720575941643222216	BANC888	is_a	adult posterior slope neuron 027	
720575941643222610	BANC_888:720575941643222610	BANC888	is_a	gamma main Kenyon cell	
720575941643223928	BANC_888:720575941643223928	BANC888	is_a	distal medullary amacrine neuron Dm3a	FlyBase:FBrf0262545
720575941643224677	BANC_888:720575941643224677	BANC888	is_a	medulla columnar neuron MC61	
720575941643224776	BANC_888:720575941643224776	BANC888	is_a	adult lobula intrinsic neuron Li23	FlyBase:FBrf0262545
720575941643224993	BANC_888:720575941643224993	BANC888	is_a	adult superior medial protocerebrum neuron 266	
720575941643225720	BANC_888:720575941643225720	BANC888	is_a	distal medullary amacrine neuron Dm3a	FlyBase:FBrf0262545
720575941643226981	BANC_888:720575941643226981	BANC888	is_a	medulla intrinsic neuron Mi13	
720575941643231608	BANC_888:720575941643231608	BANC888	is_a	transmedullary neuron Tm1	
720575941643232101	BANC_888:720575941643232101	BANC888	is_a	adult optic lobe intrinsic neuron	
720575941643233656	BANC_888:720575941643233656	BANC888	is_a	transmedullary neuron Tm9	
720575941643235941	BANC_888:720575941643235941	BANC888	is_a	transmedullary neuron Tm6	FlyBase:FBrf0262545
720575941643237281	BANC_888:720575941643237281	BANC888	is_a	adult Kenyon cell	
720575941643238264	BANC_888:720575941643238264	BANC888	is_a	distal medullary amacrine neuron Dm10	
720575941643239013	BANC_888:720575941643239013	BANC888	is_a	adult optic lobe intrinsic neuron	
720575941643245432	BANC_888:720575941643245432	BANC888	is_a	Y neuron Y11	
720575941643247560	BANC_888:720575941643247560	BANC888	is_a	adult VNC neuron	
720575941643248328	BANC_888:720575941643248328	BANC888	is_a	metathoracic accessory tibial flexor motor neuron	
720575941643250533	BANC_888:720575941643250533	BANC888	is_a	medulla intrinsic neuron Mi10	
720575941643252837	BANC_888:720575941643252837	BANC888	is_a	adult transmedullary Y neuron TmY19a	FlyBase:FBrf0262545
720575941643253624	BANC_888:720575941643253624	BANC888	is_a	lobula plate columnar neuron LPC1	
720575941643253880	BANC_888:720575941643253880	BANC888	is_a	T4d neuron	
720575941643259080	BANC_888:720575941643259080	BANC888	is_a	adult Kenyon cell	
720575941643261816	BANC_888:720575941643261816	BANC888	is_a	transmedullary neuron Tm4	
720575941643262369	BANC_888:720575941643262369	BANC888	is_a	T5a neuron	
720575941643273377	BANC_888:720575941643273377	BANC888	is_a	transmedullary neuron Tm3	
720575941643275937	BANC_888:720575941643275937	BANC888	is_a	T4c neuron	
720575941643276449	BANC_888:720575941643276449	BANC888	is_a	transmedullary Y neuron TmY14	
720575941643276488	BANC_888:720575941643276488	BANC888	is_a	adult CB2317 neuron	
720575941643277669	BANC_888:720575941643277669	BANC888	is_a	adult optic lobe intrinsic neuron	
720575941643279304	BANC_888:720575941643279304	BANC888	is_a	lobula columnar neuron LC16	
720575941643279442	BANC_888:720575941643279442	BANC888	is_a	adult wedge neuron 015	
720575941643279736	BANC_888:720575941643279736	BANC888	is_a	T5a neuron	
720575941643279816	BANC_888:720575941643279816	BANC888	is_a	adult antennal lobe local neuron vLN28	
720575941643282277	BANC_888:720575941643282277	BANC888	is_a	adult lateral horn AV2n1 neuron	
720575941643283026	BANC_888:720575941643283026	BANC888	is_a	adult superior lateral protocerebrum neuron 356	
720575941643284856	BANC_888:720575941643284856	BANC888	is_a	adult posterior slope neuron 025	
720575941643287240	BANC_888:720575941643287240	BANC888	is_a	lobula columnar neuron LC12	
720575941643287653	BANC_888:720575941643287653	BANC888	is_a	adult optic lobe intrinsic neuron	
720575941643292754	BANC_888:720575941643292754	BANC888	is_a	adult gamma Kenyon cell	
720575941643294802	BANC_888:720575941643294802	BANC888	is_a	adult CB2101 neuron	
720575941643294920	BANC_888:720575941643294920	BANC888	is_a	adult ellipsoid body extrinsic ring neuron ExR6	
720575941643295393	BANC_888:720575941643295393	BANC888	is_a	T5a neuron	
720575941643295845	BANC_888:720575941643295845	BANC888	is_a	mechanosensory neuron of interommatidial bristle	
720575941643296120	BANC_888:720575941643296120	BANC888	is_a	lobula columnar neuron LC12	
720575941643301221	BANC_888:720575941643301221	BANC888	is_a	adult optic lobe intrinsic neuron	
720575941643304097	BANC_888:720575941643304097	BANC888	is_a	T4c neuron	
720575941643304530	BANC_888:720575941643304530	BANC888	is_a	gamma main Kenyon cell	
720575941643306597	BANC_888:720575941643306597	BANC888	is_a	adult olfactory receptor neuron Ir84a	
720575941643307365	BANC_888:720575941643307365	BANC888	is_a	adult optic lobe intrinsic neuron	
720575941643307877	BANC_888:720575941643307877	BANC888	is_a	T4a neuron	
720575941643308961	BANC_888:720575941643308961	BANC888	is_a	adult optic lobe intrinsic neuron	
720575941643309157	BANC_888:720575941643309157	BANC888	is_a	adult optic lobe intrinsic neuron	
720575941643310497	BANC_888:720575941643310497	BANC888	is_a	Y neuron Y4	
720575941643313765	BANC_888:720575941643313765	BANC888	is_a	transmedullary neuron Tm5c	
720575941643315538	BANC_888:720575941643315538	BANC888	is_a	adult lateral horn AV2b1 neuron	
720575941643318354	BANC_888:720575941643318354	BANC888	is_a	adult CB2342 neuron	
720575941643320993	BANC_888:720575941643320993	BANC888	is_a	adult CB1809 neuron	
720575941643322962	BANC_888:720575941643322962	BANC888	is_a	adult fan-shaped body layer 4 tangential neuron	FlyBase:FBrf0246888
720575941643325816	BANC_888:720575941643325816	BANC888	is_a	medulla tangential neuron Mt4	FlyBase:FBrf0262545
720575941643328888	BANC_888:720575941643328888	BANC888	is_a	transmedullary neuron Tm1	
720575941643336018	BANC_888:720575941643336018	BANC888	is_a	adult CB1948 neuron	
720575941643336037	BANC_888:720575941643336037	BANC888	is_a	adult optic lobe intrinsic neuron	
720575941643336530	BANC_888:720575941643336530	BANC888	is_a	adult superior medial protocerebrum neuron 381	
720575941643336786	BANC_888:720575941643336786	BANC888	is_a	alpha/beta Kenyon cell	
720575941643336824	BANC_888:720575941643336824	BANC888	is_a	lobula-lobula plate columnar neuron LLPC1	
720575941643337298	BANC_888:720575941643337298	BANC888	is_a	gamma main Kenyon cell	
720575941643337889	BANC_888:720575941643337889	BANC888	is_a	transmedullary Y neuron TmY3	
720575941643338657	BANC_888:720575941643338657	BANC888	is_a	lobula columnar neuron LC21	
720575941643339109	BANC_888:720575941643339109	BANC888	is_a	distal medullary amacrine neuron Dm2	
720575941643339464	BANC_888:720575941643339464	BANC888	is_a	medulla intrinsic neuron Mi1	
720575941643346277	BANC_888:720575941643346277	BANC888	is_a	adult CB1185 neuron	
720575941643351457	BANC_888:720575941643351457	BANC888	is_a	photoreceptor cell R7	
720575941643352737	BANC_888:720575941643352737	BANC888	is_a	T4b neuron	
720575941643353249	BANC_888:720575941643353249	BANC888	is_a	T4d neuron	
720575941643353701	BANC_888:720575941643353701	BANC888	is_a	adult optic lobe intrinsic neuron	
720575941643355297	BANC_888:720575941643355297	BANC888	is_a	T4c neuron	
720575941643355474	BANC_888:720575941643355474	BANC888	is_a	adult CB1317 neuron	
720575941643356773	BANC_888:720575941643356773	BANC888	is_a	lamina monopolar neuron L5	
720575941643360338	BANC_888:720575941643360338	BANC888	is_a	adult CB1309 neuron	
720575941643367013	BANC_888:720575941643367013	BANC888	is_a	transmedullary neuron Tm20	
720575941643367288	BANC_888:720575941643367288	BANC888	is_a	adult abdominal multidendritic neuron	
720575941643370401	BANC_888:720575941643370401	BANC888	is_a	lobula plate-lobula columnar neuron LPLC2	
720575941643381960	BANC_888:720575941643381960	BANC888	is_a	adult CB1026 neuron	
720575941643382177	BANC_888:720575941643382177	BANC888	is_a	adult lobula intrinsic neuron Li21	FlyBase:FBrf0262545
720575941643385189	BANC_888:720575941643385189	BANC888	is_a	lamina monopolar neuron L2	
720575941643390408	BANC_888:720575941643390408	BANC888	is_a	adult IN13B044 neuron	
720575941643393185	BANC_888:720575941643393185	BANC888	is_a	adult clamp neuron 089	
720575941643394168	BANC_888:720575941643394168	BANC888	is_a	medulla intrinsic neuron Mi1	
720575941643398344	BANC_888:720575941643398344	BANC888	is_a	T4c neuron	
720575941643398600	BANC_888:720575941643398600	BANC888	is_a	T5a neuron	
720575941643400865	BANC_888:720575941643400865	BANC888	is_a	lobula intrinsic neuron Li14	FlyBase:FBrf0262545
720575941643402401	BANC_888:720575941643402401	BANC888	is_a	T4c neuron	
720575941643403464	BANC_888:720575941643403464	BANC888	is_a	lobula columnar neuron LC12	
720575941643405512	BANC_888:720575941643405512	BANC888	is_a	adult optic lobe intrinsic neuron	
720575941643406024	BANC_888:720575941643406024	BANC888	is_a	T4a neuron	
720575941643408545	BANC_888:720575941643408545	BANC888	is_a	proximal medullary amacrine neuron Pm1	FlyBase:FBrf0262545
720575941643413093	BANC_888:720575941643413093	BANC888	is_a	adult antennal lobe local neuron lLN2P	
720575941643413960	BANC_888:720575941643413960	BANC888	is_a	T2a neuron	
720575941643416225	BANC_888:720575941643416225	BANC888	is_a	adult optic lobe intrinsic neuron	
720575941643421816	BANC_888:720575941643421816	BANC888	is_a	T4c neuron	
720575941643422408	BANC_888:720575941643422408	BANC888	is_a	proximal medullary amacrine neuron Pm1	FlyBase:FBrf0262545
720575941643424673	BANC_888:720575941643424673	BANC888	is_a	Y neuron Y12	
720575941643427429	BANC_888:720575941643427429	BANC888	is_a	adult IN02A044 neuron	
720575941643429221	BANC_888:720575941643429221	BANC888	is_a	adult IN14A047 neuron	
720575941643430501	BANC_888:720575941643430501	BANC888	is_a	adult INXXX201 neuron	
720575941643433416	BANC_888:720575941643433416	BANC888	is_a	T5d neuron	
720575941643435602	BANC_888:720575941643435602	BANC888	is_a	adult anterior optic tubercle neuron 054	
720575941643439048	BANC_888:720575941643439048	BANC888	is_a	transmedullary neuron Tm4	
720575941643440033	BANC_888:720575941643440033	BANC888	is_a	T4b neuron	
720575941643441096	BANC_888:720575941643441096	BANC888	is_a	medulla intrinsic neuron Mi9	
720575941643444837	BANC_888:720575941643444837	BANC888	is_a	femoral chordotonal claw neuron	
720575941643446117	BANC_888:720575941643446117	BANC888	is_a	adult IN01B094 neuron	
720575941643446629	BANC_888:720575941643446629	BANC888	is_a	adult IN06A014 neuron	
720575941643449426	BANC_888:720575941643449426	BANC888	is_a	adult CB1141 neuron	
720575941643450273	BANC_888:720575941643450273	BANC888	is_a	adult lobula intrinsic neuron Li21	FlyBase:FBrf0262545
720575941643450450	BANC_888:720575941643450450	BANC888	is_a	adult CB1584 neuron	
720575941643452536	BANC_888:720575941643452536	BANC888	is_a	adult CB0981 neuron	
720575941643454113	BANC_888:720575941643454113	BANC888	is_a	lobula columnar neuron LC13	
720575941643462226	BANC_888:720575941643462226	BANC888	is_a	labellar taste bristle mechanosensory neuron	
720575941643463269	BANC_888:720575941643463269	BANC888	is_a	adult SNxx15 neuron	
720575941643463841	BANC_888:720575941643463841	BANC888	is_a	adult lobula intrinsic neuron Li25	FlyBase:FBrf0262545
720575941643464353	BANC_888:720575941643464353	BANC888	is_a	distal medullary amacrine neuron Dm3a	FlyBase:FBrf0262545
720575941643465080	BANC_888:720575941643465080	BANC888	is_a	adult IN16B087 neuron	
720575941643465121	BANC_888:720575941643465121	BANC888	is_a	distal medullary amacrine neuron Dm15	
720575941643467877	BANC_888:720575941643467877	BANC888	is_a	adult AN05B071 neuron	
720575941643468133	BANC_888:720575941643468133	BANC888	is_a	adult IN07B007 neuron	
720575941643468645	BANC_888:720575941643468645	BANC888	is_a	adult IN07B001 neuron	
720575941643469413	BANC_888:720575941643469413	BANC888	is_a	adult IN14A039 neuron	
720575941643469512	BANC_888:720575941643469512	BANC888	is_a	adult optic lobe intrinsic neuron	
720575941643473096	BANC_888:720575941643473096	BANC888	is_a	lobula plate columnar neuron LPC1	
720575941643473864	BANC_888:720575941643473864	BANC888	is_a	lamina monopolar neuron L2	
720575941643474277	BANC_888:720575941643474277	BANC888	is_a	adult IN01A010 neuron	
720575941643474789	BANC_888:720575941643474789	BANC888	is_a	adult IN19A002 neuron	
720575941643475617	BANC_888:720575941643475617	BANC888	is_a	adult lobula intrinsic neuron Li21	FlyBase:FBrf0262545
720575941643475656	BANC_888:720575941643475656	BANC888	is_a	adult optic lobe intrinsic neuron	
720575941643476129	BANC_888:720575941643476129	BANC888	is_a	medulla intrinsic neuron Mi13	
720575941643476818	BANC_888:720575941643476818	BANC888	is_a	distal medullary amacrine neuron Dm3b	FlyBase:FBrf0262545
720575941643476856	BANC_888:720575941643476856	BANC888	is_a	transmedullary Y neuron TmY5a	
720575941643477960	BANC_888:720575941643477960	BANC888	is_a	lobula columnar neuron LC18	
720575941643478136	BANC_888:720575941643478136	BANC888	is_a	transmedullary Y neuron TmY14	
720575941643478885	BANC_888:720575941643478885	BANC888	is_a	T3 neuron	
720575941643479752	BANC_888:720575941643479752	BANC888	is_a	lobula columnar neuron LC18	
720575941643482785	BANC_888:720575941643482785	BANC888	is_a	transmedullary neuron Tm1	
720575941643482962	BANC_888:720575941643482962	BANC888	is_a	adult optic lobe intrinsic neuron	
720575941643486546	BANC_888:720575941643486546	BANC888	is_a	adult optic lobe intrinsic neuron	
720575941643487570	BANC_888:720575941643487570	BANC888	is_a	T5b neuron	
720575941643490465	BANC_888:720575941643490465	BANC888	is_a	adult optic lobe intrinsic neuron	
720575941643490936	BANC_888:720575941643490936	BANC888	is_a	medulla intrinsic neuron Mi9	
720575941643492453	BANC_888:720575941643492453	BANC888	is_a	T5b neuron	
720575941643493733	BANC_888:720575941643493733	BANC888	is_a	T2a neuron	
720575941643493752	BANC_888:720575941643493752	BANC888	is_a	adult SNta28 neuron	
720575941643494776	BANC_888:720575941643494776	BANC888	is_a	adult SNxx14 neuron	
720575941643497080	BANC_888:720575941643497080	BANC888	is_a	adult SNta42 neuron	
720575941643498145	BANC_888:720575941643498145	BANC888	is_a	T4d neuron	
720575941643501394	BANC_888:720575941643501394	BANC888	is_a	zone E Johnston organ neuron	
720575941643501512	BANC_888:720575941643501512	BANC888	is_a	T5c neuron	
720575941643501944	BANC_888:720575941643501944	BANC888	is_a	transmedullary Y neuron TmY5a	
720575941643502200	BANC_888:720575941643502200	BANC888	is_a	adult VNC ventral unpaired median neuron	doi:10.7554/eLife.96084.1
720575941643502437	BANC_888:720575941643502437	BANC888	is_a	adult posterior ventrolateral protocerebrum neuron 006	
720575941643508562	BANC_888:720575941643508562	BANC888	is_a	adult CB2374 neuron	
720575941643509409	BANC_888:720575941643509409	BANC888	is_a	T4d neuron	
720575941643511672	BANC_888:720575941643511672	BANC888	is_a	T5b neuron	
720575941643512696	BANC_888:720575941643512696	BANC888	is_a	adult optic lobe intrinsic neuron	
720575941643514312	BANC_888:720575941643514312	BANC888	is_a	T4a neuron	
720575941643515986	BANC_888:720575941643515986	BANC888	is_a	adult gustatory receptor neuron	
720575941643518565	BANC_888:720575941643518565	BANC888	is_a	adult olfactory receptor neuron Ir75d	
720575941643521185	BANC_888:720575941643521185	BANC888	is_a	T4a neuron	
720575941643522209	BANC_888:720575941643522209	BANC888	is_a	medulla intrinsic neuron Mi9	
720575941643524296	BANC_888:720575941643524296	BANC888	is_a	proximal medullary amacrine neuron Pm1	FlyBase:FBrf0262545
720575941643526088	BANC_888:720575941643526088	BANC888	is_a	adult optic lobe intrinsic neuron	
720575941643528056	BANC_888:720575941643528056	BANC888	is_a	T5d neuron	
720575941643531937	BANC_888:720575941643531937	BANC888	is_a	medulla intrinsic neuron Mi15	
720575941643534241	BANC_888:720575941643534241	BANC888	is_a	columnar neuron T1	
720575941643534418	BANC_888:720575941643534418	BANC888	is_a	distal medullary amacrine neuron Dm3c	FlyBase:FBrf0262545
720575941643538002	BANC_888:720575941643538002	BANC888	is_a	adult CB3414 neuron	
720575941643539301	BANC_888:720575941643539301	BANC888	is_a	adult lateral horn AD1f3 neuron	
720575941643541624	BANC_888:720575941643541624	BANC888	is_a	sensory neuron	
720575941643541842	BANC_888:720575941643541842	BANC888	is_a	transmedullary neuron Tm9	
720575941643547297	BANC_888:720575941643547297	BANC888	is_a	T5c neuron	
720575941643548104	BANC_888:720575941643548104	BANC888	is_a	lobula columnar neuron LC12	
720575941643549010	BANC_888:720575941643549010	BANC888	is_a	adult CB1392 neuron	
720575941643550881	BANC_888:720575941643550881	BANC888	is_a	lobula plate columnar neuron LPC1	
720575941643552673	BANC_888:720575941643552673	BANC888	is_a	T5c neuron	
720575941643553362	BANC_888:720575941643553362	BANC888	is_a	adult optic lobe intrinsic neuron	
720575941643553381	BANC_888:720575941643553381	BANC888	is_a	adult lateral accessory lobe neuron 149	
720575941643556709	BANC_888:720575941643556709	BANC888	is_a	adult lateral horn AV2b1 neuron	
720575941643557458	BANC_888:720575941643557458	BANC888	is_a	adult AN19B101 neuron	
720575941643557477	BANC_888:720575941643557477	BANC888	is_a	adult CB2299 neuron	
720575941643559781	BANC_888:720575941643559781	BANC888	is_a	vertical system twin neuron 1	
720575941643561121	BANC_888:720575941643561121	BANC888	is_a	adult medulla-lobula neuron MeLo2	FlyBase:FBrf0262545
720575941643562597	BANC_888:720575941643562597	BANC888	is_a	lobula columnar neuron LC11	
720575941643566497	BANC_888:720575941643566497	BANC888	is_a	transmedullary neuron Tm20	
720575941643566968	BANC_888:720575941643566968	BANC888	is_a	T4a neuron	
720575941643567521	BANC_888:720575941643567521	BANC888	is_a	T5d neuron	
720575941643569057	BANC_888:720575941643569057	BANC888	is_a	T4b neuron	
720575941643571656	BANC_888:720575941643571656	BANC888	is_a	adult lobula intrinsic neuron Li21	FlyBase:FBrf0262545
720575941643572129	BANC_888:720575941643572129	BANC888	is_a	T4a neuron	
720575941643572385	BANC_888:720575941643572385	BANC888	is_a	T5a neuron	
720575941643574392	BANC_888:720575941643574392	BANC888	is_a	adult SAch01 neuron	
720575941643574689	BANC_888:720575941643574689	BANC888	is_a	T4c neuron	
720575941643575496	BANC_888:720575941643575496	BANC888	is_a	T5d neuron	
720575941643576677	BANC_888:720575941643576677	BANC888	is_a	adult superior medial protocerebrum neuron 092	
720575941643580498	BANC_888:720575941643580498	BANC888	is_a	adult CB0605 neuron	
720575941643582290	BANC_888:720575941643582290	BANC888	is_a	adult olfactory receptor neuron Or98a	
720575941643582309	BANC_888:720575941643582309	BANC888	is_a	alpha'/beta' anterior-posterior type 1 Kenyon cell	
720575941643582821	BANC_888:720575941643582821	BANC888	is_a	adult olfactory receptor neuron Or88a	
720575941643584082	BANC_888:720575941643584082	BANC888	is_a	T2 neuron	
720575941643584456	BANC_888:720575941643584456	BANC888	is_a	T4d neuron	
720575941643585618	BANC_888:720575941643585618	BANC888	is_a	distal medullary amacrine neuron Dm3c	FlyBase:FBrf0262545
720575941643588769	BANC_888:720575941643588769	BANC888	is_a	T4d neuron	
720575941643590561	BANC_888:720575941643590561	BANC888	is_a	T4a neuron	
720575941643590817	BANC_888:720575941643590817	BANC888	is_a	T5b neuron	
720575941643591762	BANC_888:720575941643591762	BANC888	is_a	adult optic lobe intrinsic neuron	
720575941643594341	BANC_888:720575941643594341	BANC888	is_a	adult superior medial protocerebrum neuron 513	
720575941643594696	BANC_888:720575941643594696	BANC888	is_a	adult lobula visual projection neuron LoVP13	FlyBase:FBrf0262545
720575941643596626	BANC_888:720575941643596626	BANC888	is_a	transmedullary neuron Tm8	
720575941643603301	BANC_888:720575941643603301	BANC888	is_a	adult anterior ventrolateral protocerebrum neuron 288	
720575941643605960	BANC_888:720575941643605960	BANC888	is_a	T5b neuron	
720575941643606866	BANC_888:720575941643606866	BANC888	is_a	adult superior lateral protocerebrum neuron 240	
720575941643607160	BANC_888:720575941643607160	BANC888	is_a	T3 neuron	
720575941643609505	BANC_888:720575941643609505	BANC888	is_a	adult wedge neuron 004	
720575941643610273	BANC_888:720575941643610273	BANC888	is_a	Y neuron Y12	
720575941643612261	BANC_888:720575941643612261	BANC888	is_a	adult CB3331 neuron	
720575941643613128	BANC_888:720575941643613128	BANC888	is_a	medulla intrinsic neuron Mi13	
720575941643616850	BANC_888:720575941643616850	BANC888	is_a	adult optic lobe intrinsic neuron	
720575941643617480	BANC_888:720575941643617480	BANC888	is_a	distal medullary amacrine neuron Dm3a	FlyBase:FBrf0262545
720575941643618642	BANC_888:720575941643618642	BANC888	is_a	adult optic lobe intrinsic neuron	
720575941643618760	BANC_888:720575941643618760	BANC888	is_a	adult optic lobe intrinsic neuron	
720575941643620216	BANC_888:720575941643620216	BANC888	is_a	adult superior intermediate protocerebrum neuron 025	
720575941643620513	BANC_888:720575941643620513	BANC888	is_a	T4a neuron	
720575941643621202	BANC_888:720575941643621202	BANC888	is_a	adult optic lobe intrinsic neuron	
720575941643621537	BANC_888:720575941643621537	BANC888	is_a	adult optic lobe intrinsic neuron	
720575941643625848	BANC_888:720575941643625848	BANC888	is_a	T4c neuron	
720575941643626696	BANC_888:720575941643626696	BANC888	is_a	distal medullary amacrine neuron Dm3a	FlyBase:FBrf0262545
720575941643626834	BANC_888:720575941643626834	BANC888	is_a	distal medullary amacrine neuron Dm3b	FlyBase:FBrf0262545
720575941643626952	BANC_888:720575941643626952	BANC888	is_a	medulla intrinsic neuron Mi9	
720575941643634120	BANC_888:720575941643634120	BANC888	is_a	medulla intrinsic neuron Mi15	
720575941643635064	BANC_888:720575941643635064	BANC888	is_a	adult SNta29 neuron	
720575941643636385	BANC_888:720575941643636385	BANC888	is_a	medulla intrinsic neuron Mi9	
720575941643637605	BANC_888:720575941643637605	BANC888	is_a	adult CB1569 neuron	
720575941643638373	BANC_888:720575941643638373	BANC888	is_a	adult CB3709 neuron	
720575941643638472	BANC_888:720575941643638472	BANC888	is_a	lobula plate columnar neuron LPC1	
720575941643640008	BANC_888:720575941643640008	BANC888	is_a	transmedullary neuron Tm1	
720575941643642450	BANC_888:720575941643642450	BANC888	is_a	transmedullary neuron Tm4	
720575941643645128	BANC_888:720575941643645128	BANC888	is_a	transmedullary Y neuron TmY3	
720575941643650386	BANC_888:720575941643650386	BANC888	is_a	T4d neuron	
720575941643650661	BANC_888:720575941643650661	BANC888	is_a	adult CB2156 neuron	
720575941643650898	BANC_888:720575941643650898	BANC888	is_a	transmedullary neuron Tm9	
720575941643651272	BANC_888:720575941643651272	BANC888	is_a	T5d neuron	
720575941643651941	BANC_888:720575941643651941	BANC888	is_a	adult lateral horn PV5b3 neuron	
720575941643654226	BANC_888:720575941643654226	BANC888	is_a	adult olfactory receptor neuron Or85a	
720575941643655525	BANC_888:720575941643655525	BANC888	is_a	adult antennal lobe projection neuron DL1 adPN	
720575941643656037	BANC_888:720575941643656037	BANC888	is_a	adult CB1072 neuron	
720575941643659384	BANC_888:720575941643659384	BANC888	is_a	mechanosensory neuron of interommatidial bristle	
720575941643660408	BANC_888:720575941643660408	BANC888	is_a	centrifugal neuron C2	
720575941643663442	BANC_888:720575941643663442	BANC888	is_a	adult lobula tangential neuron LT73	
720575941643664210	BANC_888:720575941643664210	BANC888	is_a	adult fan-shaped body 1 column-crepine neuron	FlyBase:FBrf0246888
720575941643666376	BANC_888:720575941643666376	BANC888	is_a	columnar neuron T1	
720575941643668837	BANC_888:720575941643668837	BANC888	is_a	adult olfactory receptor neuron Ir75d	
720575941643668856	BANC_888:720575941643668856	BANC888	is_a	adult optic lobe intrinsic neuron	
720575941643668936	BANC_888:720575941643668936	BANC888	is_a	medulla intrinsic neuron Mi13	
720575941643669448	BANC_888:720575941643669448	BANC888	is_a	transmedullary neuron Tm3	
720575941643671890	BANC_888:720575941643671890	BANC888	is_a	adult CB2950 neuron	
720575941643672481	BANC_888:720575941643672481	BANC888	is_a	distal medullary amacrine neuron Dm2	
720575941643672658	BANC_888:720575941643672658	BANC888	is_a	adult gamma Kenyon cell	
720575941643674312	BANC_888:720575941643674312	BANC888	is_a	medulla intrinsic neuron Mi9	
720575941643674450	BANC_888:720575941643674450	BANC888	is_a	adult CB3621 neuron	
720575941643677010	BANC_888:720575941643677010	BANC888	is_a	medulla intrinsic neuron Mi9	
720575941643679570	BANC_888:720575941643679570	BANC888	is_a	alpha/beta Kenyon cell	
720575941643680594	BANC_888:720575941643680594	BANC888	is_a	adult SNta38 neuron	
720575941643681106	BANC_888:720575941643681106	BANC888	is_a	mechanosensory neuron of interommatidial bristle	
720575941643681362	BANC_888:720575941643681362	BANC888	is_a	mechanosensory neuron of interommatidial bristle	
720575941643681381	BANC_888:720575941643681381	BANC888	is_a	adult lateral accessory lobe neuron 125	
720575941643681992	BANC_888:720575941643681992	BANC888	is_a	transmedullary neuron Tm3	
720575941643682168	BANC_888:720575941643682168	BANC888	is_a	protocerebral bridge 1 glomerulus-fan-shaped body-nodulus 3 posterior domain neuron	
720575941643682661	BANC_888:720575941643682661	BANC888	is_a	adult CB2600 neuron	
720575941643683784	BANC_888:720575941643683784	BANC888	is_a	T5b neuron	
720575941643686088	BANC_888:720575941643686088	BANC888	is_a	distal medullary amacrine neuron Dm10	
720575941643686738	BANC_888:720575941643686738	BANC888	is_a	adult SNta32 neuron	
720575941643689317	BANC_888:720575941643689317	BANC888	is_a	adult superior lateral protocerebrum neuron 212	
720575941643689573	BANC_888:720575941643689573	BANC888	is_a	bitter-sensing neuron	
720575941643693413	BANC_888:720575941643693413	BANC888	is_a	distal medullary amacrine neuron Dm3a	FlyBase:FBrf0262545
720575941643693925	BANC_888:720575941643693925	BANC888	is_a	adult CB3444 neuron	
720575941643694712	BANC_888:720575941643694712	BANC888	is_a	adult vest neuron 020	
720575941643694930	BANC_888:720575941643694930	BANC888	is_a	transmedullary Y neuron TmY5a	
720575941643696072	BANC_888:720575941643696072	BANC888	is_a	distal medullary amacrine neuron Dm3b	FlyBase:FBrf0262545
720575941643698514	BANC_888:720575941643698514	BANC888	is_a	transmedullary neuron Tm6	FlyBase:FBrf0262545
720575941643698770	BANC_888:720575941643698770	BANC888	is_a	transmedullary Y neuron TmY5a	
720575941643700680	BANC_888:720575941643700680	BANC888	is_a	T4d neuron	
720575941643701330	BANC_888:720575941643701330	BANC888	is_a	transmedullary neuron Tm20	
720575941643703928	BANC_888:720575941643703928	BANC888	is_a	T3 neuron	
720575941643704776	BANC_888:720575941643704776	BANC888	is_a	Y neuron Y4	
720575941643705189	BANC_888:720575941643705189	BANC888	is_a	adult CB1743 neuron	
720575941643708833	BANC_888:720575941643708833	BANC888	is_a	adult CB2209 neuron	
720575941643711589	BANC_888:720575941643711589	BANC888	is_a	lamina monopolar neuron L2	
720575941643711826	BANC_888:720575941643711826	BANC888	is_a	distal medullary amacrine neuron Dm16	
720575941643711905	BANC_888:720575941643711905	BANC888	is_a	adult medulla-lobula neuron MeLo4	FlyBase:FBrf0262545
720575941643712673	BANC_888:720575941643712673	BANC888	is_a	adult inferior bridge neuron 084	
720575941643714936	BANC_888:720575941643714936	BANC888	is_a	adult fan-shaped body 1 column-superior medial protocerebrum neuron	FlyBase:FBrf0246888
720575941643715154	BANC_888:720575941643715154	BANC888	is_a	transmedullary neuron Tm2	
720575941643718501	BANC_888:720575941643718501	BANC888	is_a	adult central medulla intrinsic neuron Cm7	FlyBase:FBrf0262545
720575941643724645	BANC_888:720575941643724645	BANC888	is_a	adult optic lobe intrinsic neuron	
720575941643725256	BANC_888:720575941643725256	BANC888	is_a	adult optic lobe intrinsic neuron	
720575941643727186	BANC_888:720575941643727186	BANC888	is_a	transmedullary neuron Tm4	
720575941643727461	BANC_888:720575941643727461	BANC888	is_a	adult olfactory receptor neuron Ir84a	
720575941643728328	BANC_888:720575941643728328	BANC888	is_a	medulla intrinsic neuron Mi1	
720575941643733093	BANC_888:720575941643733093	BANC888	is_a	centrifugal neuron C3	
720575941643733192	BANC_888:720575941643733192	BANC888	is_a	adult optic lobe intrinsic neuron	
720575941643738213	BANC_888:720575941643738213	BANC888	is_a	lamina monopolar neuron L5	
720575941643744200	BANC_888:720575941643744200	BANC888	is_a	transmedullary neuron Tm3	
720575941643756705	BANC_888:720575941643756705	BANC888	is_a	adult optic lobe intrinsic neuron	
720575941643757394	BANC_888:720575941643757394	BANC888	is_a	adult optic lobe intrinsic neuron	
720575941643758181	BANC_888:720575941643758181	BANC888	is_a	T5a neuron	
720575941643758674	BANC_888:720575941643758674	BANC888	is_a	lamina monopolar neuron L5	
720575941643758712	BANC_888:720575941643758712	BANC888	is_a	adult optic lobe intrinsic neuron	
720575941643762337	BANC_888:720575941643762337	BANC888	is_a	medulla intrinsic neuron Mi4	
720575941643764129	BANC_888:720575941643764129	BANC888	is_a	medulla intrinsic neuron Mi10	
720575941643765368	BANC_888:720575941643765368	BANC888	is_a	transmedullary neuron Tm2	
720575941643765624	BANC_888:720575941643765624	BANC888	is_a	alpha/beta Kenyon cell	
720575941643768993	BANC_888:720575941643768993	BANC888	is_a	distal medullary amacrine neuron Dm15	
720575941643769976	BANC_888:720575941643769976	BANC888	is_a	adult optic lobe intrinsic neuron	
720575941643774053	BANC_888:720575941643774053	BANC888	is_a	adult optic lobe intrinsic neuron	
720575941643774881	BANC_888:720575941643774881	BANC888	is_a	distal medullary amacrine neuron Dm2	
720575941643776850	BANC_888:720575941643776850	BANC888	is_a	zone F Johnston organ neuron	
720575941643778248	BANC_888:720575941643778248	BANC888	is_a	adult IN06B086 neuron	
720575941643778721	BANC_888:720575941643778721	BANC888	is_a	medulla intrinsic neuron Mi9	
720575941643783329	BANC_888:720575941643783329	BANC888	is_a	centrifugal neuron C3	
720575941643784609	BANC_888:720575941643784609	BANC888	is_a	transmedullary neuron Tm2	
720575941643788389	BANC_888:720575941643788389	BANC888	is_a	transmedullary neuron Tm4	
720575941643789688	BANC_888:720575941643789688	BANC888	is_a	transmedullary neuron Tm1	
720575941643791224	BANC_888:720575941643791224	BANC888	is_a	adult IN20A.22A092 neuron	
720575941643792978	BANC_888:720575941643792978	BANC888	is_a	T3 neuron	
720575941643794120	BANC_888:720575941643794120	BANC888	is_a	lobula columnar neuron LC17	
720575941643797624	BANC_888:720575941643797624	BANC888	is_a	peripherally synapsing interneuron	
720575941643798098	BANC_888:720575941643798098	BANC888	is_a	transmedullary neuron Tm32	FlyBase:FBrf0262545
720575941643808161	BANC_888:720575941643808161	BANC888	is_a	distal medullary amacrine neuron Dm2	
720575941643808869	BANC_888:720575941643808869	BANC888	is_a	adult posterior ventrolateral protocerebrum neuron 109	
720575941643816353	BANC_888:720575941643816353	BANC888	is_a	medulla intrinsic neuron Mi4	
720575941643817672	BANC_888:720575941643817672	BANC888	is_a	adult optic lobe intrinsic neuron	
720575941643821176	BANC_888:720575941643821176	BANC888	is_a	adult fan-shaped body vertical delta neuron	
720575941643824229	BANC_888:720575941643824229	BANC888	is_a	centrifugal neuron C2	
720575941643830629	BANC_888:720575941643830629	BANC888	is_a	adult optic lobe intrinsic neuron	
720575941643835553	BANC_888:720575941643835553	BANC888	is_a	transmedullary neuron Tm1	
720575941643842209	BANC_888:720575941643842209	BANC888	is_a	T5a neuron	
720575941643842977	BANC_888:720575941643842977	BANC888	is_a	medulla intrinsic neuron Mi4	
720575941643843016	BANC_888:720575941643843016	BANC888	is_a	adult CB1424 neuron	
720575941643852705	BANC_888:720575941643852705	BANC888	is_a	adult optic lobe intrinsic neuron	
720575941643853768	BANC_888:720575941643853768	BANC888	is_a	lamina monopolar neuron L1	
720575941643855009	BANC_888:720575941643855009	BANC888	is_a	medulla intrinsic neuron Mi4	
720575941643855480	BANC_888:720575941643855480	BANC888	is_a	adult SNch10 neuron	
720575941643858593	BANC_888:720575941643858593	BANC888	is_a	adult optic lobe intrinsic neuron	
720575941643858789	BANC_888:720575941643858789	BANC888	is_a	adult optic lobe intrinsic neuron	
720575941643859026	BANC_888:720575941643859026	BANC888	is_a	adult optic lobe intrinsic neuron	
720575941643861368	BANC_888:720575941643861368	BANC888	is_a	adult SNxx33 neuron	
720575941643874680	BANC_888:720575941643874680	BANC888	is_a	lamina monopolar neuron L1	
720575941643874917	BANC_888:720575941643874917	BANC888	is_a	medulla intrinsic neuron Mi15	
720575941643881633	BANC_888:720575941643881633	BANC888	is_a	adult optic lobe intrinsic neuron	
720575941643882952	BANC_888:720575941643882952	BANC888	is_a	adult optic lobe intrinsic neuron	
720575941643885688	BANC_888:720575941643885688	BANC888	is_a	wing margin mechanosensory bristle	
720575941643886693	BANC_888:720575941643886693	BANC888	is_a	T2a neuron	
720575941643894354	BANC_888:720575941643894354	BANC888	is_a	transmedullary Y neuron TmY15	
720575941643898568	BANC_888:720575941643898568	BANC888	is_a	adult optic lobe intrinsic neuron	
720575941643899336	BANC_888:720575941643899336	BANC888	is_a	medulla intrinsic neuron Mi13	
720575941643900872	BANC_888:720575941643900872	BANC888	is_a	transmedullary Y neuron TmY10	
720575941643902072	BANC_888:720575941643902072	BANC888	is_a	adult IN12B022 neuron	
720575941643908257	BANC_888:720575941643908257	BANC888	is_a	T4c neuron	
720575941643918437	BANC_888:720575941643918437	BANC888	is_a	adult optic lobe intrinsic neuron	
720575941643919816	BANC_888:720575941643919816	BANC888	is_a	distal medullary amacrine neuron Dm10	
720575941643922337	BANC_888:720575941643922337	BANC888	is_a	adult antennal lobe projection neuron DP1l vPN	
720575941643924129	BANC_888:720575941643924129	BANC888	is_a	adult lateral accessory lobe neuron 112	
720575941643925861	BANC_888:720575941643925861	BANC888	is_a	adult optic lobe intrinsic neuron	
720575941643937697	BANC_888:720575941643937697	BANC888	is_a	T5d neuron	
720575941643939272	BANC_888:720575941643939272	BANC888	is_a	transmedullary Y neuron TmY20	
720575941643939685	BANC_888:720575941643939685	BANC888	is_a	adult optic lobe intrinsic neuron	
720575941643941025	BANC_888:720575941643941025	BANC888	is_a	adult CB3006 neuron	
720575941643944097	BANC_888:720575941643944097	BANC888	is_a	transmedullary neuron Tm20	
720575941643945160	BANC_888:720575941643945160	BANC888	is_a	adult SNta29 neuron	
720575941643947640	BANC_888:720575941643947640	BANC888	is_a	adult olfactory receptor neuron Or59b	
720575941643949473	BANC_888:720575941643949473	BANC888	is_a	adult central brain intrinsic neuron	
720575941643950181	BANC_888:720575941643950181	BANC888	is_a	adult optic lobe intrinsic neuron	
720575941643951717	BANC_888:720575941643951717	BANC888	is_a	T5d neuron	
720575941643951736	BANC_888:720575941643951736	BANC888	is_a	mechanosensory neuron of interommatidial bristle	
720575941643952722	BANC_888:720575941643952722	BANC888	is_a	adult optic lobe intrinsic neuron	
720575941643952741	BANC_888:720575941643952741	BANC888	is_a	T5c neuron	
720575941643954533	BANC_888:720575941643954533	BANC888	is_a	distal medullary amacrine neuron Dm12	
720575941643955301	BANC_888:720575941643955301	BANC888	is_a	adult optic lobe intrinsic neuron	
720575941643955320	BANC_888:720575941643955320	BANC888	is_a	bristle sensory neuron	
720575941643956069	BANC_888:720575941643956069	BANC888	is_a	adult optic lobe intrinsic neuron	
720575941643956424	BANC_888:720575941643956424	BANC888	is_a	wing margin mechanosensory bristle	
720575941643957880	BANC_888:720575941643957880	BANC888	is_a	bristle sensory neuron	
720575941643958904	BANC_888:720575941643958904	BANC888	is_a	adult IN13A005 neuron	
720575941643960737	BANC_888:720575941643960737	BANC888	is_a	adult lateral horn AV1a3 neuron	
720575941643964242	BANC_888:720575941643964242	BANC888	is_a	transmedullary neuron Tm1	
720575941643965522	BANC_888:720575941643965522	BANC888	is_a	adult posterior ventrolateral protocerebrum neuron 004	
720575941643967352	BANC_888:720575941643967352	BANC888	is_a	mechanosensory neuron of interommatidial bristle	
720575941643969874	BANC_888:720575941643969874	BANC888	is_a	adult lateral horn AD1c2 neuron	
720575941643969893	BANC_888:720575941643969893	BANC888	is_a	adult olfactory receptor neuron Or67a	
720575941643970760	BANC_888:720575941643970760	BANC888	is_a	adult optic lobe intrinsic neuron	
720575941643973576	BANC_888:720575941643973576	BANC888	is_a	medulla intrinsic neuron Mi1	
720575941643974049	BANC_888:720575941643974049	BANC888	is_a	T5c neuron	
720575941643976392	BANC_888:720575941643976392	BANC888	is_a	T5b neuron	
720575941643976786	BANC_888:720575941643976786	BANC888	is_a	adult CB1155 neuron	
720575941643977160	BANC_888:720575941643977160	BANC888	is_a	T5b neuron	
720575941643977848	BANC_888:720575941643977848	BANC888	is_a	adult IN04B082 neuron	
720575941643978066	BANC_888:720575941643978066	BANC888	is_a	dopaminergic PAM neuron 5	
720575941643978360	BANC_888:720575941643978360	BANC888	is_a	mechanosensory neuron of interommatidial bristle	
720575941643979602	BANC_888:720575941643979602	BANC888	is_a	alpha/beta Kenyon cell	
720575941643980664	BANC_888:720575941643980664	BANC888	is_a	adult SNta21 neuron	
720575941643981138	BANC_888:720575941643981138	BANC888	is_a	alpha/beta Kenyon cell	
720575941643984229	BANC_888:720575941643984229	BANC888	is_a	femoral chordotonal club neuron	
720575941643990392	BANC_888:720575941643990392	BANC888	is_a	adult SNta40 neuron	
720575941643990472	BANC_888:720575941643990472	BANC888	is_a	T5d neuron	
720575941643991160	BANC_888:720575941643991160	BANC888	is_a	mechanosensory neuron of interommatidial bristle	
720575941643991416	BANC_888:720575941643991416	BANC888	is_a	adult SNta32 neuron	
720575941643991928	BANC_888:720575941643991928	BANC888	is_a	adult olfactory receptor neuron Or92a	
720575941643992008	BANC_888:720575941643992008	BANC888	is_a	distal medullary amacrine neuron Dm2	
720575941643995000	BANC_888:720575941643995000	BANC888	is_a	adult SNta24 neuron	
720575941643995080	BANC_888:720575941643995080	BANC888	is_a	centrifugal neuron C3	
720575941643995512	BANC_888:720575941643995512	BANC888	is_a	adult SNta38 neuron	
720575941643997048	BANC_888:720575941643997048	BANC888	is_a	adult SNta35 neuron	
720575941643999314	BANC_888:720575941643999314	BANC888	is_a	adult CB3708 neuron	
720575941643999944	BANC_888:720575941643999944	BANC888	is_a	T5a neuron	
720575941644001224	BANC_888:720575941644001224	BANC888	is_a	medulla intrinsic neuron Mi1	
720575941644002504	BANC_888:720575941644002504	BANC888	is_a	T2 neuron	
720575941644005240	BANC_888:720575941644005240	BANC888	is_a	adult SNta38 neuron	
720575941644006520	BANC_888:720575941644006520	BANC888	is_a	adult olfactory receptor neuron Or88a	
720575941644007250	BANC_888:720575941644007250	BANC888	is_a	adult CB1545 neuron	
720575941644008056	BANC_888:720575941644008056	BANC888	is_a	prothoracic leg taste bristle chemosensory neuron	
720575941644009810	BANC_888:720575941644009810	BANC888	is_a	adult CB0632 neuron	
720575941644010853	BANC_888:720575941644010853	BANC888	is_a	zone F Johnston organ neuron	
720575941644013176	BANC_888:720575941644013176	BANC888	is_a	adult SNch06 neuron	
720575941644013217	BANC_888:720575941644013217	BANC888	is_a	sensory neuron	
720575941644014753	BANC_888:720575941644014753	BANC888	is_a	lobula columnar neuron LC17	
720575941644015816	BANC_888:720575941644015816	BANC888	is_a	medulla intrinsic neuron Mi15	
720575941644016248	BANC_888:720575941644016248	BANC888	is_a	adult SNta23 neuron	
720575941644016466	BANC_888:720575941644016466	BANC888	is_a	adult CNS neuron	
720575941644018277	BANC_888:720575941644018277	BANC888	is_a	lamina monopolar neuron L1	
720575941644021880	BANC_888:720575941644021880	BANC888	is_a	labellar taste bristle mechanosensory neuron	
720575941644022136	BANC_888:720575941644022136	BANC888	is_a	bristle sensory neuron	
720575941644022984	BANC_888:720575941644022984	BANC888	is_a	T2a neuron	
720575941644023160	BANC_888:720575941644023160	BANC888	is_a	adult INXXX395 neuron	
720575941644023672	BANC_888:720575941644023672	BANC888	is_a	adult olfactory receptor neuron Or85d	
720575941644024952	BANC_888:720575941644024952	BANC888	is_a	adult SNta31 neuron	
720575941644025426	BANC_888:720575941644025426	BANC888	is_a	mechanosensory neuron of interommatidial bristle	
720575941644029285	BANC_888:720575941644029285	BANC888	is_a	lamina monopolar neuron L2	
720575941644032357	BANC_888:720575941644032357	BANC888	is_a	sensory neuron of haltere campaniform sensillum	
720575941644033106	BANC_888:720575941644033106	BANC888	is_a	adult optic lobe intrinsic neuron	
720575941644034130	BANC_888:720575941644034130	BANC888	is_a	centrifugal neuron C3	
720575941644035784	BANC_888:720575941644035784	BANC888	is_a	T5d neuron	
720575941644035922	BANC_888:720575941644035922	BANC888	is_a	adult CB2247 neuron	
720575941644043681	BANC_888:720575941644043681	BANC888	is_a	gamma main Kenyon cell	
720575941644046968	BANC_888:720575941644046968	BANC888	is_a	adult CB2440 neuron	
720575941644047698	BANC_888:720575941644047698	BANC888	is_a	sensory neuron of wing campaniform sensillum	
720575941644048248	BANC_888:720575941644048248	BANC888	is_a	T2a neuron	
720575941644049313	BANC_888:720575941644049313	BANC888	is_a	centrifugal neuron C2	
720575941644051400	BANC_888:720575941644051400	BANC888	is_a	T5d neuron	
720575941644052562	BANC_888:720575941644052562	BANC888	is_a	adult prosternal chordotonal organ neuron	
720575941644055672	BANC_888:720575941644055672	BANC888	is_a	gamma dorsal Kenyon cell	
720575941644058706	BANC_888:720575941644058706	BANC888	is_a	adult fruitless pMP1 (male) neuron	doi:10.1101/2024.06.04.596633
720575941644059000	BANC_888:720575941644059000	BANC888	is_a	adult CB1439 neuron	
720575941644059592	BANC_888:720575941644059592	BANC888	is_a	T4a neuron	
720575941644060242	BANC_888:720575941644060242	BANC888	is_a	adult IN13B030 neuron	
720575941644062290	BANC_888:720575941644062290	BANC888	is_a	adult AN10B053 neuron	
720575941644063826	BANC_888:720575941644063826	BANC888	is_a	adult SNta29 neuron	
720575941644063864	BANC_888:720575941644063864	BANC888	is_a	adult lateral horn AV2g1 neuron	
720575941644065185	BANC_888:720575941644065185	BANC888	is_a	alpha/beta Kenyon cell	
720575941644069970	BANC_888:720575941644069970	BANC888	is_a	adult IN21A021 neuron	
720575941644070226	BANC_888:720575941644070226	BANC888	is_a	adult IN20A.22A002 neuron	
720575941644070817	BANC_888:720575941644070817	BANC888	is_a	gamma main Kenyon cell	
720575941644073633	BANC_888:720575941644073633	BANC888	is_a	gamma main Kenyon cell	
720575941644077473	BANC_888:720575941644077473	BANC888	is_a	alpha/beta Kenyon cell	
720575941644078497	BANC_888:720575941644078497	BANC888	is_a	protocerebral bridge 1 glomerulus-fan-shaped body-nodulus 3 posterior domain neuron	
720575941644079698	BANC_888:720575941644079698	BANC888	is_a	adult IN06A028 neuron	
720575941644081490	BANC_888:720575941644081490	BANC888	is_a	adult IN06B008 neuron	
720575941644083026	BANC_888:720575941644083026	BANC888	is_a	adult IN14A014 neuron	
720575941644084641	BANC_888:720575941644084641	BANC888	is_a	transmedullary neuron Tm3	
720575941644085330	BANC_888:720575941644085330	BANC888	is_a	adult ANXXX008 neuron	
720575941644088440	BANC_888:720575941644088440	BANC888	is_a	adult CB0982 neuron	
720575941644089957	BANC_888:720575941644089957	BANC888	is_a	lamina monopolar neuron L3	
720575941644090273	BANC_888:720575941644090273	BANC888	is_a	adult INXXX213 neuron	
720575941644092261	BANC_888:720575941644092261	BANC888	is_a	adult CB2898 neuron	
720575941644093266	BANC_888:720575941644093266	BANC888	is_a	adult IN13B058 neuron	
720575941644094625	BANC_888:720575941644094625	BANC888	is_a	adult IN12B077 neuron	
720575941644095058	BANC_888:720575941644095058	BANC888	is_a	lamina monopolar neuron L2	
720575941644097637	BANC_888:720575941644097637	BANC888	is_a	adult superior medial protocerebrum neuron 452	
720575941644099528	BANC_888:720575941644099528	BANC888	is_a	lobula columnar neuron LC6	
720575941644100709	BANC_888:720575941644100709	BANC888	is_a	lamina monopolar neuron L4	
720575941644102226	BANC_888:720575941644102226	BANC888	is_a	adult CNS neuron	
720575941644102482	BANC_888:720575941644102482	BANC888	is_a	adult central brain intrinsic neuron	
720575941644106872	BANC_888:720575941644106872	BANC888	is_a	adult anterior optic tubercle neuron 055	
720575941644107425	BANC_888:720575941644107425	BANC888	is_a	adult IN13A055 neuron	
720575941644108961	BANC_888:720575941644108961	BANC888	is_a	adult mesothoracic VUM neuron 2	doi:10.7554/eLife.96084.1
720575941644112248	BANC_888:720575941644112248	BANC888	is_a	adult anterior ventrolateral protocerebrum neuron 011	
720575941644115538	BANC_888:720575941644115538	BANC888	is_a	adult posterior slope neuron 292	
720575941644119201	BANC_888:720575941644119201	BANC888	is_a	adult IN06A018 neuron	
720575941644120993	BANC_888:720575941644120993	BANC888	is_a	alpha/beta Kenyon cell	
720575941644122981	BANC_888:720575941644122981	BANC888	is_a	photoreceptor cell R7	
720575941644123848	BANC_888:720575941644123848	BANC888	is_a	T5d neuron	
720575941644124104	BANC_888:720575941644124104	BANC888	is_a	centrifugal neuron C3	
720575941644124517	BANC_888:720575941644124517	BANC888	is_a	photoreceptor cell R7	
720575941644125266	BANC_888:720575941644125266	BANC888	is_a	adult superior medial protocerebrum neuron 193	
720575941644125285	BANC_888:720575941644125285	BANC888	is_a	photoreceptor cell R8	
720575941644126113	BANC_888:720575941644126113	BANC888	is_a	adult fan-shaped body 1 column-crepine neuron	FlyBase:FBrf0246888
720575941644127176	BANC_888:720575941644127176	BANC888	is_a	T3 neuron	
720575941644127570	BANC_888:720575941644127570	BANC888	is_a	adult fan-shaped body layer 9 neuron of DALcl2 lineage	
720575941644129736	BANC_888:720575941644129736	BANC888	is_a	T5c neuron	
720575941644129953	BANC_888:720575941644129953	BANC888	is_a	adult IN23B070 neuron	
720575941644130465	BANC_888:720575941644130465	BANC888	is_a	adult central brain intrinsic neuron	
720575941644131489	BANC_888:720575941644131489	BANC888	is_a	adult INXXX332 neuron	
720575941644131704	BANC_888:720575941644131704	BANC888	is_a	adult Kenyon cell	
720575941644133537	BANC_888:720575941644133537	BANC888	is_a	protocerebral bridge 1 glomerulus-fan-shaped body-nodulus 2 dorsal domain neuron	
720575941644135624	BANC_888:720575941644135624	BANC888	is_a	T3 neuron	
720575941644136136	BANC_888:720575941644136136	BANC888	is_a	distal medullary amacrine neuron Dm10	
720575941644136530	BANC_888:720575941644136530	BANC888	is_a	adult superior lateral protocerebrum neuron 240	
720575941644138401	BANC_888:720575941644138401	BANC888	is_a	adult IN06B035 neuron	
720575941644139384	BANC_888:720575941644139384	BANC888	is_a	adult clamp neuron 122	
720575941644139976	BANC_888:720575941644139976	BANC888	is_a	centrifugal neuron C2	
720575941644141473	BANC_888:720575941644141473	BANC888	is_a	adult fan-shaped body 1 column-crepine neuron	FlyBase:FBrf0246888
720575941644144229	BANC_888:720575941644144229	BANC888	is_a	adult SNta21 neuron	
720575941644144978	BANC_888:720575941644144978	BANC888	is_a	adult AN17B009 neuron	
720575941644145509	BANC_888:720575941644145509	BANC888	is_a	adult SNta21 neuron	
720575941644146021	BANC_888:720575941644146021	BANC888	is_a	lamina monopolar neuron L4	
720575941644147832	BANC_888:720575941644147832	BANC888	is_a	adult CB2952 neuron	
720575941644148581	BANC_888:720575941644148581	BANC888	is_a	lamina monopolar neuron L5	
720575941644153957	BANC_888:720575941644153957	BANC888	is_a	photoreceptor cell R8	
720575941644155768	BANC_888:720575941644155768	BANC888	is_a	adult CB0056 neuron	
720575941644156005	BANC_888:720575941644156005	BANC888	is_a	lamina monopolar neuron L2	
720575941644161125	BANC_888:720575941644161125	BANC888	is_a	lobula columnar neuron LC6	
720575941644166049	BANC_888:720575941644166049	BANC888	is_a	adult IN03A073 neuron	
720575941644171896	BANC_888:720575941644171896	BANC888	is_a	gamma main Kenyon cell	
720575941644172370	BANC_888:720575941644172370	BANC888	is_a	adult CB1170 neuron	
720575941644175186	BANC_888:720575941644175186	BANC888	is_a	adult CB0021 neuron	
720575941644175461	BANC_888:720575941644175461	BANC888	is_a	transmedullary neuron Tm6	FlyBase:FBrf0262545
720575941644175717	BANC_888:720575941644175717	BANC888	is_a	lamina monopolar neuron L2	
720575941644177569	BANC_888:720575941644177569	BANC888	is_a	adult INXXX319 neuron	
720575941644183160	BANC_888:720575941644183160	BANC888	is_a	transmedullary neuron Tm2	
720575941644186706	BANC_888:720575941644186706	BANC888	is_a	adult olfactory receptor neuron Or71a	
720575941644187041	BANC_888:720575941644187041	BANC888	is_a	alpha/beta Kenyon cell	
720575941644188792	BANC_888:720575941644188792	BANC888	is_a	adult CB2245 neuron	
720575941644189304	BANC_888:720575941644189304	BANC888	is_a	adult olfactory receptor neuron Gr21a/63a	
720575941644189560	BANC_888:720575941644189560	BANC888	is_a	T5b neuron	
720575941644192200	BANC_888:720575941644192200	BANC888	is_a	mesothoracic intracoxal trochanter levator muscle motor neuron	
720575941644193381	BANC_888:720575941644193381	BANC888	is_a	transmedullary Y neuron TmY18	FlyBase:FBrf0262545
720575941644193992	BANC_888:720575941644193992	BANC888	is_a	adult IN09A085 neuron	
720575941644199288	BANC_888:720575941644199288	BANC888	is_a	adult CB2527 neuron	
720575941644205906	BANC_888:720575941644205906	BANC888	is_a	adult superior lateral protocerebrum neuron 405	
720575941644210514	BANC_888:720575941644210514	BANC888	is_a	adult posterior lateral protocerebrum neuron 115	
720575941644210533	BANC_888:720575941644210533	BANC888	is_a	adult optic lobe intrinsic neuron	
720575941644210770	BANC_888:720575941644210770	BANC888	is_a	adult foxglove subesophageal neuron	
720575941644211617	BANC_888:720575941644211617	BANC888	is_a	adult SNxx04 neuron	
720575941644212069	BANC_888:720575941644212069	BANC888	is_a	lamina wide-field 1 neuron	
720575941644212385	BANC_888:720575941644212385	BANC888	is_a	mechanosensory neuron of interommatidial bristle	
720575941644213112	BANC_888:720575941644213112	BANC888	is_a	adult optic lobe intrinsic neuron	
720575941644215653	BANC_888:720575941644215653	BANC888	is_a	photoreceptor cell R8	
720575941644216008	BANC_888:720575941644216008	BANC888	is_a	adult IN03A067 neuron	
720575941644221285	BANC_888:720575941644221285	BANC888	is_a	photoreceptor cell R8	
720575941644222113	BANC_888:720575941644222113	BANC888	is_a	adult olfactory receptor neuron Gr21a/63a	
720575941644222546	BANC_888:720575941644222546	BANC888	is_a	adult CB3422 neuron	
720575941644223826	BANC_888:720575941644223826	BANC888	is_a	adult clamp neuron 113	
720575941644224929	BANC_888:720575941644224929	BANC888	is_a	adult olfactory receptor neuron Or43b	
720575941644226248	BANC_888:720575941644226248	BANC888	is_a	adult IN08A007 neuron	
720575941644226465	BANC_888:720575941644226465	BANC888	is_a	adult SNta29 neuron	
720575941644226760	BANC_888:720575941644226760	BANC888	is_a	adult IN06B080 neuron	
720575941644228690	BANC_888:720575941644228690	BANC888	is_a	adult optic lobe intrinsic neuron	
720575941644231288	BANC_888:720575941644231288	BANC888	is_a	adult central brain intrinsic neuron	
720575941644234696	BANC_888:720575941644234696	BANC888	is_a	adult IN03B060 neuron	
720575941644236232	BANC_888:720575941644236232	BANC888	is_a	sensory neuron of wing campaniform sensillum	
720575941644236920	BANC_888:720575941644236920	BANC888	is_a	alpha/beta Kenyon cell	
720575941644236961	BANC_888:720575941644236961	BANC888	is_a	adult CB0988 neuron	
720575941644239442	BANC_888:720575941644239442	BANC888	is_a	adult clamp neuron 091	
720575941644240210	BANC_888:720575941644240210	BANC888	is_a	adult CB2105 neuron	
720575941644240485	BANC_888:720575941644240485	BANC888	is_a	adult optic lobe intrinsic neuron	
720575941644249701	BANC_888:720575941644249701	BANC888	is_a	lobula columnar neuron LC17	
720575941644251986	BANC_888:720575941644251986	BANC888	is_a	adult CNS neuron	
720575941644253266	BANC_888:720575941644253266	BANC888	is_a	adult AN12B017 neuron	
720575941644253857	BANC_888:720575941644253857	BANC888	is_a	adult AN12B060 neuron	
720575941644254625	BANC_888:720575941644254625	BANC888	is_a	adult IN01A068 neuron	
720575941644258642	BANC_888:720575941644258642	BANC888	is_a	adult CB0539 neuron	
720575941644260040	BANC_888:720575941644260040	BANC888	is_a	adult SNta28 neuron	
720575941644263781	BANC_888:720575941644263781	BANC888	is_a	adult optic lobe intrinsic neuron	
720575941644264786	BANC_888:720575941644264786	BANC888	is_a	ocellar ganglion interneuron type 01	
720575941644267681	BANC_888:720575941644267681	BANC888	is_a	adult lobula visual projection neuron LoVP12	FlyBase:FBrf0262545
720575941644269650	BANC_888:720575941644269650	BANC888	is_a	adult CB2676 neuron	
720575941644271186	BANC_888:720575941644271186	BANC888	is_a	adult CB1919 neuron	
720575941644276344	BANC_888:720575941644276344	BANC888	is_a	distal medullary amacrine neuron Dm1	
720575941644277074	BANC_888:720575941644277074	BANC888	is_a	adult CB2532 neuron	
720575941644278984	BANC_888:720575941644278984	BANC888	is_a	adult SNch10 neuron	
720575941644280146	BANC_888:720575941644280146	BANC888	is_a	adult olfactory receptor neuron Or13a	
720575941644280440	BANC_888:720575941644280440	BANC888	is_a	medulla intrinsic neuron Mi1	
720575941644280914	BANC_888:720575941644280914	BANC888	is_a	adult lobula visual projection neuron LoVP7	FlyBase:FBrf0262545
720575941644282312	BANC_888:720575941644282312	BANC888	is_a	lamina monopolar neuron L1	
720575941644282450	BANC_888:720575941644282450	BANC888	is_a	adult antler neuron 021	
720575941644282824	BANC_888:720575941644282824	BANC888	is_a	lamina monopolar neuron L1	
720575941644283986	BANC_888:720575941644283986	BANC888	is_a	adult AN07B085 neuron	
720575941644284360	BANC_888:720575941644284360	BANC888	is_a	adult IN07B044 neuron	
720575941644288456	BANC_888:720575941644288456	BANC888	is_a	adult IN12B022 neuron	
720575941644291154	BANC_888:720575941644291154	BANC888	is_a	adult AN01B018 neuron	
720575941644298066	BANC_888:720575941644298066	BANC888	is_a	adult CB3315 neuron	
720575941644299464	BANC_888:720575941644299464	BANC888	is_a	adult INXXX302 neuron	
720575941644299602	BANC_888:720575941644299602	BANC888	is_a	adult CB0999 neuron	
720575941644306514	BANC_888:720575941644306514	BANC888	is_a	adult CB2737 neuron	
720575941644307026	BANC_888:720575941644307026	BANC888	is_a	adult olfactory receptor neuron Or67c	
720575941644307045	BANC_888:720575941644307045	BANC888	is_a	adult CB2537 neuron	
720575941644307320	BANC_888:720575941644307320	BANC888	is_a	lobula columnar neuron LC10d	
720575941644308306	BANC_888:720575941644308306	BANC888	is_a	gamma main Kenyon cell	
720575941644310354	BANC_888:720575941644310354	BANC888	is_a	adult CB0635 neuron	
720575941644312776	BANC_888:720575941644312776	BANC888	is_a	gustatory receptor neuron of the wing	
720575941644313445	BANC_888:720575941644313445	BANC888	is_a	zone B Johnston organ neuron	
720575941644314213	BANC_888:720575941644314213	BANC888	is_a	adult lateral accessory lobe neuron 051	
720575941644314981	BANC_888:720575941644314981	BANC888	is_a	adult CB0734 neuron	
720575941644315986	BANC_888:720575941644315986	BANC888	is_a	adult CB1556 neuron	
720575941644316065	BANC_888:720575941644316065	BANC888	is_a	adult gamma Kenyon cell	
720575941644317285	BANC_888:720575941644317285	BANC888	is_a	adult lateral horn AD2d1 neuron	
720575941644317640	BANC_888:720575941644317640	BANC888	is_a	adult SNta37 neuron	
720575941644318546	BANC_888:720575941644318546	BANC888	is_a	adult CB2627 neuron	
720575941644321637	BANC_888:720575941644321637	BANC888	is_a	adult CB1712 neuron	
720575941644323173	BANC_888:720575941644323173	BANC888	is_a	adult fan-shaped body 1 column-crepine neuron	FlyBase:FBrf0246888
720575941644323429	BANC_888:720575941644323429	BANC888	is_a	adult lateral accessory lobe neuron 096	
720575941644324296	BANC_888:720575941644324296	BANC888	is_a	adult IN16B102 neuron	
720575941644324690	BANC_888:720575941644324690	BANC888	is_a	adult AN12B017 neuron	
720575941644324728	BANC_888:720575941644324728	BANC888	is_a	distal medullary amacrine neuron Dm15	
720575941644325989	BANC_888:720575941644325989	BANC888	is_a	adult lateral horn AV4g1 neuron	
720575941644327781	BANC_888:720575941644327781	BANC888	is_a	lobula columnar neuron LC12	
720575941644328805	BANC_888:720575941644328805	BANC888	is_a	adult lateral horn AV4c2 neuron	
720575941644329061	BANC_888:720575941644329061	BANC888	is_a	adult wedge neuron 092	
720575941644332193	BANC_888:720575941644332193	BANC888	is_a	adult CB1202 neuron	
720575941644333394	BANC_888:720575941644333394	BANC888	is_a	adult anterior ventrolateral protocerebrum neuron 213	
720575941644335717	BANC_888:720575941644335717	BANC888	is_a	adult CB2574 neuron	
720575941644339538	BANC_888:720575941644339538	BANC888	is_a	adult lateral horn centrifugal neuron 12	
720575941644341093	BANC_888:720575941644341093	BANC888	is_a	adult lateral horn AV1a1 neuron	
720575941644342136	BANC_888:720575941644342136	BANC888	is_a	transmedullary neuron Tm3	
720575941644344225	BANC_888:720575941644344225	BANC888	is_a	adult CB1331 neuron	
720575941644344402	BANC_888:720575941644344402	BANC888	is_a	adult anterior ventrolateral protocerebrum neuron 541	
720575941644346213	BANC_888:720575941644346213	BANC888	is_a	adult antler neuron 001	
720575941644346824	BANC_888:720575941644346824	BANC888	is_a	alpha/beta Kenyon cell	
720575941644347749	BANC_888:720575941644347749	BANC888	is_a	adult CB2342 neuron	
720575941644347848	BANC_888:720575941644347848	BANC888	is_a	adult IN20A.22A033 neuron	
720575941644349128	BANC_888:720575941644349128	BANC888	is_a	alpha/beta Kenyon cell	
720575941644349560	BANC_888:720575941644349560	BANC888	is_a	adult fan-shaped body 1 column-superior medial protocerebrum neuron	FlyBase:FBrf0246888
720575941644350309	BANC_888:720575941644350309	BANC888	is_a	adult CB1106 neuron	
720575941644351608	BANC_888:720575941644351608	BANC888	is_a	adult central medulla intrinsic neuron Cm5	FlyBase:FBrf0262545
720575941644352357	BANC_888:720575941644352357	BANC888	is_a	protocerebral bridge 1 glomerulus-fan-shaped body-nodulus 3 posterior domain neuron	
720575941644353618	BANC_888:720575941644353618	BANC888	is_a	adult CB1877 neuron	
720575941644355429	BANC_888:720575941644355429	BANC888	is_a	adult lateral horn PV6r1 neuron	
720575941644356709	BANC_888:720575941644356709	BANC888	is_a	adult clamp neuron 005	
720575941644357221	BANC_888:720575941644357221	BANC888	is_a	adult AN19B104 neuron	
720575941644358776	BANC_888:720575941644358776	BANC888	is_a	adult optic lobe intrinsic neuron	
720575941644359544	BANC_888:720575941644359544	BANC888	is_a	adult posterior slope neuron 213	
720575941644360018	BANC_888:720575941644360018	BANC888	is_a	adult anterior ventrolateral protocerebrum neuron 083	
720575941644360293	BANC_888:720575941644360293	BANC888	is_a	adult CB2885 neuron	
720575941644361061	BANC_888:720575941644361061	BANC888	is_a	adult CB2427 neuron	
720575941644362440	BANC_888:720575941644362440	BANC888	is_a	adult CB3245 neuron	
720575941644362657	BANC_888:720575941644362657	BANC888	is_a	adult CB2187 neuron	
720575941644362952	BANC_888:720575941644362952	BANC888	is_a	adult CB3412 neuron	
720575941644363109	BANC_888:720575941644363109	BANC888	is_a	adult INXXX315 neuron	
720575941644363858	BANC_888:720575941644363858	BANC888	is_a	adult superior medial protocerebrum neuron 476	
720575941644368210	BANC_888:720575941644368210	BANC888	is_a	adult CB1197 neuron	
720575941644368840	BANC_888:720575941644368840	BANC888	is_a	mechanosensory neuron of interommatidial bristle	
720575941644368997	BANC_888:720575941644368997	BANC888	is_a	dopaminergic PAM neuron 8	
720575941644374610	BANC_888:720575941644374610	BANC888	is_a	adult optic lobe intrinsic neuron	
720575941644377701	BANC_888:720575941644377701	BANC888	is_a	adult optic lobe intrinsic neuron	
720575941644378981	BANC_888:720575941644378981	BANC888	is_a	lamina monopolar neuron L2	
720575941644381640	BANC_888:720575941644381640	BANC888	is_a	adult olfactory receptor neuron Or33c/85e	
720575941644383314	BANC_888:720575941644383314	BANC888	is_a	adult optic lobe intrinsic neuron	
720575941644383944	BANC_888:720575941644383944	BANC888	is_a	adult sensory neuron	
720575941644385106	BANC_888:720575941644385106	BANC888	is_a	medulla intrinsic neuron Mi9	
720575941644385480	BANC_888:720575941644385480	BANC888	is_a	adult SNxx03 neuron	
720575941644386149	BANC_888:720575941644386149	BANC888	is_a	adult optic lobe intrinsic neuron	
720575941644386680	BANC_888:720575941644386680	BANC888	is_a	adult CB0960 neuron	
720575941644387272	BANC_888:720575941644387272	BANC888	is_a	adult olfactory receptor neuron Or98a	
720575941644387685	BANC_888:720575941644387685	BANC888	is_a	centrifugal neuron C3	
720575941644392786	BANC_888:720575941644392786	BANC888	is_a	adult IN05B066 neuron	
720575941644394145	BANC_888:720575941644394145	BANC888	is_a	transmedullary neuron Tm1	
720575941644395738	BANC_888:720575941644395738	BANC888	is_a	adult SNxx33 neuron	
720575941644398024	BANC_888:720575941644398024	BANC888	is_a	adult olfactory receptor neuron Or71a	
720575941644402632	BANC_888:720575941644402632	BANC888	is_a	mechanosensory neuron of interommatidial bristle	
720575941644405330	BANC_888:720575941644405330	BANC888	is_a	adult optic lobe intrinsic neuron	
720575941644407240	BANC_888:720575941644407240	BANC888	is_a	mechanosensory neuron of interommatidial bristle	
720575941644408933	BANC_888:720575941644408933	BANC888	is_a	medulla intrinsic neuron Mi4	
720575941644411749	BANC_888:720575941644411749	BANC888	is_a	adult optic lobe intrinsic neuron	
720575941644413896	BANC_888:720575941644413896	BANC888	is_a	adult SNxx04 neuron	
720575941644414053	BANC_888:720575941644414053	BANC888	is_a	adult optic lobe intrinsic neuron	
720575941644414584	BANC_888:720575941644414584	BANC888	is_a	medulla intrinsic neuron Mi9	
720575941644414821	BANC_888:720575941644414821	BANC888	is_a	lobula columnar neuron LC22	
720575941644416456	BANC_888:720575941644416456	BANC888	is_a	gustatory receptor neuron	
720575941644417400	BANC_888:720575941644417400	BANC888	is_a	adult optic lobe intrinsic neuron	
720575941644417912	BANC_888:720575941644417912	BANC888	is_a	adult clamp neuron 042	
720575941644421733	BANC_888:720575941644421733	BANC888	is_a	adult optic lobe intrinsic neuron	
720575941644421752	BANC_888:720575941644421752	BANC888	is_a	adult optic lobe intrinsic neuron	
720575941644421832	BANC_888:720575941644421832	BANC888	is_a	adult SNta29 neuron	
720575941644423781	BANC_888:720575941644423781	BANC888	is_a	adult optic lobe intrinsic neuron	
720575941644425377	BANC_888:720575941644425377	BANC888	is_a	adult wedge neuron 010	
720575941644426085	BANC_888:720575941644426085	BANC888	is_a	distal medullary amacrine neuron Dm10	
720575941644426184	BANC_888:720575941644426184	BANC888	is_a	adult SNta27 neuron	
720575941644427208	BANC_888:720575941644427208	BANC888	is_a	adult SNta29 neuron	
720575941644429217	BANC_888:720575941644429217	BANC888	is_a	zone F Johnston organ neuron	
720575941644431560	BANC_888:720575941644431560	BANC888	is_a	femoral chordotonal club neuron	
720575941644432229	BANC_888:720575941644432229	BANC888	is_a	bristle sensory neuron	
720575941644433096	BANC_888:720575941644433096	BANC888	is_a	adult SNta45 neuron	
720575941644434888	BANC_888:720575941644434888	BANC888	is_a	adult CB1570 neuron	
720575941644437330	BANC_888:720575941644437330	BANC888	is_a	T5a neuron	
720575941644437605	BANC_888:720575941644437605	BANC888	is_a	adult SNta21 neuron	
720575941644439909	BANC_888:720575941644439909	BANC888	is_a	adult optic lobe intrinsic neuron	
720575941644441682	BANC_888:720575941644441682	BANC888	is_a	adult optic lobe intrinsic neuron	
720575941644442017	BANC_888:720575941644442017	BANC888	is_a	T4c neuron	
720575941644442450	BANC_888:720575941644442450	BANC888	is_a	adult optic lobe intrinsic neuron	
720575941644442488	BANC_888:720575941644442488	BANC888	is_a	adult optic lobe intrinsic neuron	
720575941644444261	BANC_888:720575941644444261	BANC888	is_a	adult optic lobe intrinsic neuron	
720575941644447333	BANC_888:720575941644447333	BANC888	is_a	adult optic lobe intrinsic neuron	
720575941644448869	BANC_888:720575941644448869	BANC888	is_a	adult optic lobe intrinsic neuron	
720575941644449381	BANC_888:720575941644449381	BANC888	is_a	transmedullary neuron Tm16	
720575941644449893	BANC_888:720575941644449893	BANC888	is_a	lamina monopolar neuron L1	
720575941644451448	BANC_888:720575941644451448	BANC888	is_a	lobula plate columnar neuron LPC2	
720575941644454482	BANC_888:720575941644454482	BANC888	is_a	adult optic lobe intrinsic neuron	
720575941644460744	BANC_888:720575941644460744	BANC888	is_a	adult posterior ventrolateral protocerebrum neuron 065	
720575941644463736	BANC_888:720575941644463736	BANC888	is_a	gamma main Kenyon cell	
720575941644467301	BANC_888:720575941644467301	BANC888	is_a	adult optic lobe intrinsic neuron	
720575941644469861	BANC_888:720575941644469861	BANC888	is_a	adult optic lobe intrinsic neuron	
720575941644470098	BANC_888:720575941644470098	BANC888	is_a	visual projection neuron	
720575941644470629	BANC_888:720575941644470629	BANC888	is_a	T4b neuron	
720575941644474312	BANC_888:720575941644474312	BANC888	is_a	mesothoracic sternal adductor muscle motor neuron	
720575941644474450	BANC_888:720575941644474450	BANC888	is_a	adult optic lobe intrinsic neuron	
720575941644477522	BANC_888:720575941644477522	BANC888	is_a	adult CB1743 neuron	
720575941644482977	BANC_888:720575941644482977	BANC888	is_a	distal medullary amacrine neuron Dm2	
720575941644483666	BANC_888:720575941644483666	BANC888	is_a	adult CB3285 neuron	
720575941644485202	BANC_888:720575941644485202	BANC888	is_a	adult CB2919 neuron	
720575941644486776	BANC_888:720575941644486776	BANC888	is_a	medulla intrinsic neuron Mi4	
720575941644487800	BANC_888:720575941644487800	BANC888	is_a	gamma main Kenyon cell	
720575941644488824	BANC_888:720575941644488824	BANC888	is_a	adult CB2317 neuron	
720575941644490341	BANC_888:720575941644490341	BANC888	is_a	wing margin mechanosensory bristle	
720575941644491640	BANC_888:720575941644491640	BANC888	is_a	adult IN17A117 neuron	
720575941644491976	BANC_888:720575941644491976	BANC888	is_a	adult posterior lateral protocerebrum neuron 161	
720575941644493217	BANC_888:720575941644493217	BANC888	is_a	transmedullary neuron Tm9	
720575941644494200	BANC_888:720575941644494200	BANC888	is_a	T5b neuron	
720575941644498296	BANC_888:720575941644498296	BANC888	is_a	columnar neuron T1	
720575941644498789	BANC_888:720575941644498789	BANC888	is_a	lobula columnar neuron LC9	
720575941644499656	BANC_888:720575941644499656	BANC888	is_a	adult Kenyon cell	
720575941644499912	BANC_888:720575941644499912	BANC888	is_a	adult CB1252 neuron	
720575941644501074	BANC_888:720575941644501074	BANC888	is_a	adult optic lobe intrinsic neuron	
720575941644502392	BANC_888:720575941644502392	BANC888	is_a	adult CB2084 neuron	
720575941644503909	BANC_888:720575941644503909	BANC888	is_a	adult posterior ventrolateral protocerebrum neuron 015	
720575941644506488	BANC_888:720575941644506488	BANC888	is_a	medulla intrinsic neuron Mi1	
720575941644509601	BANC_888:720575941644509601	BANC888	is_a	lobula columnar neuron LC17	
720575941644511352	BANC_888:720575941644511352	BANC888	is_a	adult Kenyon cell	
720575941644511589	BANC_888:720575941644511589	BANC888	is_a	distal medullary amacrine neuron Dm3c	FlyBase:FBrf0262545
720575941644512632	BANC_888:720575941644512632	BANC888	is_a	medulla intrinsic neuron Mi15	
720575941644513874	BANC_888:720575941644513874	BANC888	is_a	adult optic lobe intrinsic neuron	
720575941644514642	BANC_888:720575941644514642	BANC888	is_a	lobula columnar neuron LC21	
720575941644515960	BANC_888:720575941644515960	BANC888	is_a	adult CB1379 neuron	
720575941644518049	BANC_888:720575941644518049	BANC888	is_a	lobula columnar neuron LC10d	
720575941644520056	BANC_888:720575941644520056	BANC888	is_a	gamma main Kenyon cell	
720575941644520353	BANC_888:720575941644520353	BANC888	is_a	adult CB2313 neuron	
720575941644522104	BANC_888:720575941644522104	BANC888	is_a	adult Kenyon cell	
720575941644523602	BANC_888:720575941644523602	BANC888	is_a	T5c neuron	
720575941644523896	BANC_888:720575941644523896	BANC888	is_a	gamma main Kenyon cell	
720575941644524133	BANC_888:720575941644524133	BANC888	is_a	bristle sensory neuron	
720575941644524389	BANC_888:720575941644524389	BANC888	is_a	mesothoracic leg taste bristle chemosensory neuron	
720575941644529569	BANC_888:720575941644529569	BANC888	is_a	adult olfactory receptor neuron Or13a	
720575941644530808	BANC_888:720575941644530808	BANC888	is_a	alpha/beta Kenyon cell	
720575941644530849	BANC_888:720575941644530849	BANC888	is_a	transmedullary neuron Tm4	
720575941644531105	BANC_888:720575941644531105	BANC888	is_a	adult CB2638 neuron	
720575941644532385	BANC_888:720575941644532385	BANC888	is_a	adult optic lobe intrinsic neuron	
720575941644533368	BANC_888:720575941644533368	BANC888	is_a	adult CB1974 neuron	
720575941644533624	BANC_888:720575941644533624	BANC888	is_a	adult CB1097 neuron	
720575941644536184	BANC_888:720575941644536184	BANC888	is_a	adult optic lobe intrinsic neuron	
720575941644537464	BANC_888:720575941644537464	BANC888	is_a	transmedullary neuron Tm9	
720575941644537957	BANC_888:720575941644537957	BANC888	is_a	translobula plate neuron Tlp1	
720575941644538017	BANC_888:720575941644538017	BANC888	is_a	T3 neuron	
720575941644539512	BANC_888:720575941644539512	BANC888	is_a	adult CB0179 neuron	
720575941644540242	BANC_888:720575941644540242	BANC888	is_a	adult lateral horn AV4g17 neuron	
720575941644540498	BANC_888:720575941644540498	BANC888	is_a	adult posterior lateral protocerebrum neuron 071	
720575941644545125	BANC_888:720575941644545125	BANC888	is_a	adult central medulla intrinsic neuron Cm3	FlyBase:FBrf0262545
720575941644546149	BANC_888:720575941644546149	BANC888	is_a	adult lateral horn PV1c1 neuron	
720575941644547704	BANC_888:720575941644547704	BANC888	is_a	alpha/beta posterior Kenyon cell	
720575941644548216	BANC_888:720575941644548216	BANC888	is_a	alpha/beta Kenyon cell	
720575941644550264	BANC_888:720575941644550264	BANC888	is_a	alpha/beta Kenyon cell	
720575941644551781	BANC_888:720575941644551781	BANC888	is_a	adult CB0305 neuron	
720575941644552805	BANC_888:720575941644552805	BANC888	is_a	medulla intrinsic neuron Mi4	
720575941644553317	BANC_888:720575941644553317	BANC888	is_a	transmedullary Y neuron TmY4	
720575941644553377	BANC_888:720575941644553377	BANC888	is_a	lobula-lobula plate columnar neuron LLPC2	
720575941644554184	BANC_888:720575941644554184	BANC888	is_a	adult DNfl038 neuron	
720575941644556152	BANC_888:720575941644556152	BANC888	is_a	transmedullary neuron Tm20	
720575941644556232	BANC_888:720575941644556232	BANC888	is_a	adult Kenyon cell	
720575941644557217	BANC_888:720575941644557217	BANC888	is_a	T2a neuron	
720575941644559698	BANC_888:720575941644559698	BANC888	is_a	adult optic lobe intrinsic neuron	
720575941644559992	BANC_888:720575941644559992	BANC888	is_a	Y neuron Y3	
720575941644560504	BANC_888:720575941644560504	BANC888	is_a	transmedullary neuron Tm3	
720575941644563301	BANC_888:720575941644563301	BANC888	is_a	T2a neuron	
720575941644563557	BANC_888:720575941644563557	BANC888	is_a	centrifugal neuron C3	
720575941644564069	BANC_888:720575941644564069	BANC888	is_a	adult optic lobe intrinsic neuron	
720575941644566136	BANC_888:720575941644566136	BANC888	is_a	medulla intrinsic neuron Mi4	
720575941644567141	BANC_888:720575941644567141	BANC888	is_a	medulla intrinsic neuron Mi4	
720575941644567496	BANC_888:720575941644567496	BANC888	is_a	alpha/beta Kenyon cell	
720575941644567928	BANC_888:720575941644567928	BANC888	is_a	adult optic lobe intrinsic neuron	
720575941644568008	BANC_888:720575941644568008	BANC888	is_a	alpha/beta Kenyon cell	
720575941644568440	BANC_888:720575941644568440	BANC888	is_a	adult optic lobe intrinsic neuron	
720575941644569761	BANC_888:720575941644569761	BANC888	is_a	adult olfactory receptor neuron Or35a	
720575941644570213	BANC_888:720575941644570213	BANC888	is_a	T5d neuron	
720575941644570312	BANC_888:720575941644570312	BANC888	is_a	adult CB2238 neuron	
720575941644573048	BANC_888:720575941644573048	BANC888	is_a	adult optic lobe intrinsic neuron	
720575941644573541	BANC_888:720575941644573541	BANC888	is_a	lamina monopolar neuron L1	
720575941644574309	BANC_888:720575941644574309	BANC888	is_a	lamina monopolar neuron L5	
720575941644574664	BANC_888:720575941644574664	BANC888	is_a	gamma main Kenyon cell	
720575941644574840	BANC_888:720575941644574840	BANC888	is_a	adult SNta40 neuron	
720575941644575176	BANC_888:720575941644575176	BANC888	is_a	alpha/beta Kenyon cell	
720575941644575864	BANC_888:720575941644575864	BANC888	is_a	mechanosensory neuron of interommatidial bristle	
720575941644579429	BANC_888:720575941644579429	BANC888	is_a	centrifugal neuron C3	
720575941644581240	BANC_888:720575941644581240	BANC888	is_a	distal medullary amacrine neuron Dm3a	FlyBase:FBrf0262545
720575941644581989	BANC_888:720575941644581989	BANC888	is_a	adult IN04B068 neuron	
720575941644582501	BANC_888:720575941644582501	BANC888	is_a	descending neuron of the posterior brain DNp51	
720575941644584293	BANC_888:720575941644584293	BANC888	is_a	adult superior medial protocerebrum neuron 282	
720575941644586360	BANC_888:720575941644586360	BANC888	is_a	medulla intrinsic neuron Mi15	
720575941644586597	BANC_888:720575941644586597	BANC888	is_a	transmedullary Y neuron TmY3	
720575941644587109	BANC_888:720575941644587109	BANC888	is_a	adult DNxn137 neuron	
720575941644587877	BANC_888:720575941644587877	BANC888	is_a	adult clamp neuron 210	
720575941644590200	BANC_888:720575941644590200	BANC888	is_a	T3 neuron	
720575941644590280	BANC_888:720575941644590280	BANC888	is_a	adult antennal lobe projection neuron VP5 l2PN	
720575941644591186	BANC_888:720575941644591186	BANC888	is_a	columnar neuron T1	
720575941644595557	BANC_888:720575941644595557	BANC888	is_a	adult CB2903 neuron	
720575941644596129	BANC_888:720575941644596129	BANC888	is_a	lobula columnar neuron	
720575941644597093	BANC_888:720575941644597093	BANC888	is_a	adult optic lobe intrinsic neuron	
720575941644597330	BANC_888:720575941644597330	BANC888	is_a	adult optic lobe intrinsic neuron	
720575941644599397	BANC_888:720575941644599397	BANC888	is_a	T2 neuron	
720575941644599653	BANC_888:720575941644599653	BANC888	is_a	lobula-lobula plate columnar neuron LLPC1	
720575941644601464	BANC_888:720575941644601464	BANC888	is_a	transmedullary neuron Tm2	
720575941644602312	BANC_888:720575941644602312	BANC888	is_a	adult central medulla intrinsic neuron Cm4	FlyBase:FBrf0262545
720575941644603493	BANC_888:720575941644603493	BANC888	is_a	transmedullary neuron Tm4	
720575941644608613	BANC_888:720575941644608613	BANC888	is_a	lamina monopolar neuron L5	
720575941644609381	BANC_888:720575941644609381	BANC888	is_a	adult CB1072 neuron	
720575941644612040	BANC_888:720575941644612040	BANC888	is_a	medulla intrinsic neuron Mi9	
720575941644615112	BANC_888:720575941644615112	BANC888	is_a	distal medullary amacrine neuron Dm3a	FlyBase:FBrf0262545
720575941644615525	BANC_888:720575941644615525	BANC888	is_a	medulla intrinsic neuron Mi4	
720575941644617377	BANC_888:720575941644617377	BANC888	is_a	distal medullary amacrine neuron Dm2	
720575941644617592	BANC_888:720575941644617592	BANC888	is_a	T3 neuron	
720575941644619425	BANC_888:720575941644619425	BANC888	is_a	adult CB1287 neuron	
720575941644623736	BANC_888:720575941644623736	BANC888	is_a	adult optic lobe intrinsic neuron	
720575941644626533	BANC_888:720575941644626533	BANC888	is_a	adult optic lobe intrinsic neuron	
720575941644629586	BANC_888:720575941644629586	BANC888	is_a	adult optic lobe intrinsic neuron	
720575941644629624	BANC_888:720575941644629624	BANC888	is_a	T2 neuron	
720575941644633288	BANC_888:720575941644633288	BANC888	is_a	adult CB3491 neuron	
720575941644633720	BANC_888:720575941644633720	BANC888	is_a	T5d neuron	
720575941644633938	BANC_888:720575941644633938	BANC888	is_a	lamina monopolar neuron L5	
720575941644634312	BANC_888:720575941644634312	BANC888	is_a	labellar taste bristle mechanosensory neuron	
720575941644635237	BANC_888:720575941644635237	BANC888	is_a	adult optic lobe intrinsic neuron	
720575941644635493	BANC_888:720575941644635493	BANC888	is_a	T3 neuron	
720575941644636005	BANC_888:720575941644636005	BANC888	is_a	adult medulla visual projection neuron MeVP6	FlyBase:FBrf0262545
720575941644637285	BANC_888:720575941644637285	BANC888	is_a	T4c neuron	
720575941644638309	BANC_888:720575941644638309	BANC888	is_a	adult CB2342 neuron	
720575941644640082	BANC_888:720575941644640082	BANC888	is_a	adult lateral horn AV1d2 neuron	
720575941644640613	BANC_888:720575941644640613	BANC888	is_a	adult optic lobe intrinsic neuron	
720575941644641893	BANC_888:720575941644641893	BANC888	is_a	medulla intrinsic neuron Mi4	
720575941644641912	BANC_888:720575941644641912	BANC888	is_a	T3 neuron	
720575941644648353	BANC_888:720575941644648353	BANC888	is_a	zone B Johnston organ neuron	
720575941644648824	BANC_888:720575941644648824	BANC888	is_a	adult optic lobe intrinsic neuron	
720575941644649889	BANC_888:720575941644649889	BANC888	is_a	adult olfactory receptor neuron Or47b	
720575941644650104	BANC_888:720575941644650104	BANC888	is_a	T4d neuron	
720575941644652882	BANC_888:720575941644652882	BANC888	is_a	adult optic lobe intrinsic neuron	
720575941644653925	BANC_888:720575941644653925	BANC888	is_a	lamina wide-field 2 neuron	
720575941644656229	BANC_888:720575941644656229	BANC888	is_a	medulla tangential intrinsic neuron 1	FlyBase:FBrf0262545
720575941644657253	BANC_888:720575941644657253	BANC888	is_a	lamina monopolar neuron L5	
720575941644657272	BANC_888:720575941644657272	BANC888	is_a	transmedullary neuron Tm1	
720575941644657352	BANC_888:720575941644657352	BANC888	is_a	distal medullary amacrine neuron Dm2	
720575941644658632	BANC_888:720575941644658632	BANC888	is_a	adult fan-shaped body layer 6 neuron of CP2 lineage	
720575941644663141	BANC_888:720575941644663141	BANC888	is_a	adult lobula visual centrifugal neuron LoVC15	FlyBase:FBrf0262545
720575941644663909	BANC_888:720575941644663909	BANC888	is_a	adult optic lobe intrinsic neuron	
720575941644667218	BANC_888:720575941644667218	BANC888	is_a	adult optic lobe intrinsic neuron	
720575941644668360	BANC_888:720575941644668360	BANC888	is_a	adult CB0485 neuron	
720575941644671176	BANC_888:720575941644671176	BANC888	is_a	adult CB1908 neuron	
720575941644672082	BANC_888:720575941644672082	BANC888	is_a	adult olfactory receptor neuron Or88a	
720575941644673618	BANC_888:720575941644673618	BANC888	is_a	adult optic lobe intrinsic neuron	
720575941644674248	BANC_888:720575941644674248	BANC888	is_a	adult central brain intrinsic neuron	
720575941644674760	BANC_888:720575941644674760	BANC888	is_a	adult posterior lateral protocerebrum neuron 181	
720575941644679250	BANC_888:720575941644679250	BANC888	is_a	adult optic lobe intrinsic neuron	
720575941644683128	BANC_888:720575941644683128	BANC888	is_a	lamina monopolar neuron L4	
720575941644684193	BANC_888:720575941644684193	BANC888	is_a	transmedullary neuron Tm3	
720575941644684232	BANC_888:720575941644684232	BANC888	is_a	transmedullary neuron Tm6	FlyBase:FBrf0262545
720575941644684626	BANC_888:720575941644684626	BANC888	is_a	transmedullary Y neuron TmY4	
720575941644684961	BANC_888:720575941644684961	BANC888	is_a	wing margin mechanosensory bristle	
720575941644687265	BANC_888:720575941644687265	BANC888	is_a	adult optic lobe intrinsic neuron	
720575941644687560	BANC_888:720575941644687560	BANC888	is_a	adult CB2348 neuron	
720575941644688741	BANC_888:720575941644688741	BANC888	is_a	adult optic lobe intrinsic neuron	
720575941644689096	BANC_888:720575941644689096	BANC888	is_a	adult optic lobe intrinsic neuron	
720575941644690081	BANC_888:720575941644690081	BANC888	is_a	T5a neuron	
720575941644691656	BANC_888:720575941644691656	BANC888	is_a	transmedullary neuron Tm24	FlyBase:FBrf0262545
720575941644693349	BANC_888:720575941644693349	BANC888	is_a	adult clamp neuron 272	
720575941644694098	BANC_888:720575941644694098	BANC888	is_a	adult medulla-tubercle neuron 1	
720575941644694373	BANC_888:720575941644694373	BANC888	is_a	adult olfactory receptor neuron Or67d	
720575941644695141	BANC_888:720575941644695141	BANC888	is_a	adult superior lateral protocerebrum neuron 006	
720575941644695890	BANC_888:720575941644695890	BANC888	is_a	adult optic lobe intrinsic neuron	
720575941644696165	BANC_888:720575941644696165	BANC888	is_a	adult lateral horn PV8a1 neuron	
720575941644697208	BANC_888:720575941644697208	BANC888	is_a	transmedullary neuron Tm3	
720575941644698962	BANC_888:720575941644698962	BANC888	is_a	adult olfactory receptor neuron Or49b	
720575941644699749	BANC_888:720575941644699749	BANC888	is_a	adult CB1403 neuron	
720575941644699848	BANC_888:720575941644699848	BANC888	is_a	adult antennal lobe projection neuron VC3 adPN	
720575941644700498	BANC_888:720575941644700498	BANC888	is_a	T2 neuron	
720575941644701285	BANC_888:720575941644701285	BANC888	is_a	medulla tangential intrinsic neuron of dorsal rim area 2	FlyBase:FBrf0262545
720575941644701522	BANC_888:720575941644701522	BANC888	is_a	adult optic lobe intrinsic neuron	
720575941644704357	BANC_888:720575941644704357	BANC888	is_a	adult optic lobe intrinsic neuron	
720575941644708709	BANC_888:720575941644708709	BANC888	is_a	adult optic lobe intrinsic neuron	
720575941644708728	BANC_888:720575941644708728	BANC888	is_a	adult optic lobe intrinsic neuron	
720575941644708984	BANC_888:720575941644708984	BANC888	is_a	gamma main Kenyon cell	
720575941644711073	BANC_888:720575941644711073	BANC888	is_a	transmedullary Y neuron TmY14	
720575941644712018	BANC_888:720575941644712018	BANC888	is_a	adult optic lobe intrinsic neuron	
720575941644716232	BANC_888:720575941644716232	BANC888	is_a	adult CB2002 neuron	
720575941644716645	BANC_888:720575941644716645	BANC888	is_a	adult optic lobe intrinsic neuron	
720575941644717413	BANC_888:720575941644717413	BANC888	is_a	adult optic lobe intrinsic neuron	
720575941644717473	BANC_888:720575941644717473	BANC888	is_a	adult lobula intrinsic neuron Li21	FlyBase:FBrf0262545
720575941644719186	BANC_888:720575941644719186	BANC888	is_a	adult optic lobe intrinsic neuron	
720575941644720741	BANC_888:720575941644720741	BANC888	is_a	adult olfactory receptor neuron Ir41a	
720575941644721272	BANC_888:720575941644721272	BANC888	is_a	adult optic lobe intrinsic neuron	
720575941644722040	BANC_888:720575941644722040	BANC888	is_a	T3 neuron	
720575941644724424	BANC_888:720575941644724424	BANC888	is_a	gamma dorsal Kenyon cell	
720575941644725093	BANC_888:720575941644725093	BANC888	is_a	adult lobula intrinsic neuron Li25	FlyBase:FBrf0262545
720575941644725960	BANC_888:720575941644725960	BANC888	is_a	adult antennal lobe local neuron v2LN32	
720575941644726984	BANC_888:720575941644726984	BANC888	is_a	transmedullary Y neuron TmY20	
720575941644727713	BANC_888:720575941644727713	BANC888	is_a	adult ANXXX006 neuron	
720575941644728165	BANC_888:720575941644728165	BANC888	is_a	distal medullary amacrine neuron Dm2	
720575941644729189	BANC_888:720575941644729189	BANC888	is_a	adult optic lobe intrinsic neuron	
720575941644732517	BANC_888:720575941644732517	BANC888	is_a	adult central medulla intrinsic neuron Cm7	FlyBase:FBrf0262545
720575941644732577	BANC_888:720575941644732577	BANC888	is_a	metathoracic leg taste bristle chemosensory neuron	
720575941644733285	BANC_888:720575941644733285	BANC888	is_a	adult clamp neuron 314	
720575941644733857	BANC_888:720575941644733857	BANC888	is_a	sensory neuron	
720575941644736082	BANC_888:720575941644736082	BANC888	is_a	adult optic lobe intrinsic neuron	
720575941644740513	BANC_888:720575941644740513	BANC888	is_a	adult CB2894 neuron	
720575941644741221	BANC_888:720575941644741221	BANC888	is_a	T2a neuron	
720575941644744805	BANC_888:720575941644744805	BANC888	is_a	transmedullary neuron Tm20	
720575941644745633	BANC_888:720575941644745633	BANC888	is_a	transmedullary Y neuron TmY18	FlyBase:FBrf0262545
720575941644745810	BANC_888:720575941644745810	BANC888	is_a	adult SNch05 neuron	
720575941644746085	BANC_888:720575941644746085	BANC888	is_a	adult optic lobe intrinsic neuron	
720575941644746597	BANC_888:720575941644746597	BANC888	is_a	adult optic lobe intrinsic neuron	
720575941644747365	BANC_888:720575941644747365	BANC888	is_a	lobula columnar neuron LC17	
720575941644747976	BANC_888:720575941644747976	BANC888	is_a	adult optic lobe intrinsic neuron	
720575941644748449	BANC_888:720575941644748449	BANC888	is_a	transmedullary neuron Tm4	
720575941644753765	BANC_888:720575941644753765	BANC888	is_a	T4c neuron	
720575941644754021	BANC_888:720575941644754021	BANC888	is_a	transmedullary neuron Tm24	FlyBase:FBrf0262545
720575941644756088	BANC_888:720575941644756088	BANC888	is_a	adult optic lobe intrinsic neuron	
720575941644756168	BANC_888:720575941644756168	BANC888	is_a	descending neuron of the gnathal ganglion DNg30	
720575941644758177	BANC_888:720575941644758177	BANC888	is_a	gamma main Kenyon cell	
720575941644758629	BANC_888:720575941644758629	BANC888	is_a	adult optic lobe intrinsic neuron	
720575941644758904	BANC_888:720575941644758904	BANC888	is_a	T5b neuron	
720575941644761032	BANC_888:720575941644761032	BANC888	is_a	lobula plate columnar neuron LPC1	
720575941644766881	BANC_888:720575941644766881	BANC888	is_a	adult CB1762 neuron	
720575941644769224	BANC_888:720575941644769224	BANC888	is_a	adult optic lobe intrinsic neuron	
720575941644770721	BANC_888:720575941644770721	BANC888	is_a	transmedullary Y neuron TmY4	
720575941644772178	BANC_888:720575941644772178	BANC888	is_a	adult IN08B082 neuron	
720575941644773576	BANC_888:720575941644773576	BANC888	is_a	adult CB2128 neuron	
720575941644774305	BANC_888:720575941644774305	BANC888	is_a	adult IN04B020 neuron	
720575941644774344	BANC_888:720575941644774344	BANC888	is_a	adult CB3003 neuron	
720575941644776568	BANC_888:720575941644776568	BANC888	is_a	adult optic lobe intrinsic neuron	
720575941644776609	BANC_888:720575941644776609	BANC888	is_a	adult optic lobe intrinsic neuron	
720575941644777889	BANC_888:720575941644777889	BANC888	is_a	adult SNxx03 neuron	
720575941644778657	BANC_888:720575941644778657	BANC888	is_a	transmedullary Y neuron TmY5a	
720575941644779720	BANC_888:720575941644779720	BANC888	is_a	adult hygrosensory neuron Ir40a VP4	
720575941644780193	BANC_888:720575941644780193	BANC888	is_a	lobula columnar neuron LC22	
720575941644780389	BANC_888:720575941644780389	BANC888	is_a	adult optic lobe intrinsic neuron	
720575941644782753	BANC_888:720575941644782753	BANC888	is_a	T2 neuron	
720575941644783461	BANC_888:720575941644783461	BANC888	is_a	adult optic lobe intrinsic neuron	
720575941644785864	BANC_888:720575941644785864	BANC888	is_a	transmedullary neuron Tm24	FlyBase:FBrf0262545
720575941644788168	BANC_888:720575941644788168	BANC888	is_a	gamma main Kenyon cell	
720575941644788424	BANC_888:720575941644788424	BANC888	is_a	medulla intrinsic neuron Mi13	
720575941644789861	BANC_888:720575941644789861	BANC888	is_a	lamina monopolar neuron L5	
720575941644790136	BANC_888:720575941644790136	BANC888	is_a	T4b neuron	
720575941644792737	BANC_888:720575941644792737	BANC888	is_a	T2 neuron	
720575941644793445	BANC_888:720575941644793445	BANC888	is_a	adult optic lobe intrinsic neuron	
720575941644793957	BANC_888:720575941644793957	BANC888	is_a	adult posterior lateral protocerebrum neuron 183	
720575941644794981	BANC_888:720575941644794981	BANC888	is_a	adult optic lobe intrinsic neuron	
720575941644797266	BANC_888:720575941644797266	BANC888	is_a	adult IN11A034 neuron	
720575941644799432	BANC_888:720575941644799432	BANC888	is_a	medulla intrinsic neuron Mi4	
720575941644799649	BANC_888:720575941644799649	BANC888	is_a	adult optic lobe intrinsic neuron	
720575941644799826	BANC_888:720575941644799826	BANC888	is_a	adult AN07B037 neuron	
720575941644801106	BANC_888:720575941644801106	BANC888	is_a	columnar neuron T1	
720575941644802209	BANC_888:720575941644802209	BANC888	is_a	transmedullary neuron Tm9	
720575941644804690	BANC_888:720575941644804690	BANC888	is_a	lamina monopolar neuron L1	
720575941644805970	BANC_888:720575941644805970	BANC888	is_a	adult SNta13 neuron	
720575941644806501	BANC_888:720575941644806501	BANC888	is_a	lobula plate columnar neuron LPC1	
720575941644808037	BANC_888:720575941644808037	BANC888	is_a	T5c neuron	
720575941644809080	BANC_888:720575941644809080	BANC888	is_a	lobula columnar neuron LC10c	
720575941644809633	BANC_888:720575941644809633	BANC888	is_a	lobula-lobula plate columnar neuron LLPC2	
720575941644812705	BANC_888:720575941644812705	BANC888	is_a	transmedullary Y neuron TmY18	FlyBase:FBrf0262545
720575941644815048	BANC_888:720575941644815048	BANC888	is_a	centrifugal neuron C3	
720575941644816504	BANC_888:720575941644816504	BANC888	is_a	adult CB1435 neuron	
720575941644816760	BANC_888:720575941644816760	BANC888	is_a	adult optic lobe intrinsic neuron	
720575941644818514	BANC_888:720575941644818514	BANC888	is_a	lamina monopolar neuron L3	
720575941644818808	BANC_888:720575941644818808	BANC888	is_a	T2a neuron	
720575941644824776	BANC_888:720575941644824776	BANC888	is_a	distal medullary amacrine neuron Dm8a	
720575941644827474	BANC_888:720575941644827474	BANC888	is_a	zone E Johnston organ neuron	
720575941644829128	BANC_888:720575941644829128	BANC888	is_a	adult CNS neuron	
720575941644831608	BANC_888:720575941644831608	BANC888	is_a	adult optic lobe intrinsic neuron	
720575941644832869	BANC_888:720575941644832869	BANC888	is_a	adult optic lobe intrinsic neuron	
720575941644834149	BANC_888:720575941644834149	BANC888	is_a	adult optic lobe intrinsic neuron	
720575941644835666	BANC_888:720575941644835666	BANC888	is_a	zone B Johnston organ neuron	
720575941644836434	BANC_888:720575941644836434	BANC888	is_a	zone B Johnston organ neuron	
720575941644840549	BANC_888:720575941644840549	BANC888	is_a	adult optic lobe intrinsic neuron	
720575941644843425	BANC_888:720575941644843425	BANC888	is_a	medulla intrinsic neuron Mi9	
720575941644844920	BANC_888:720575941644844920	BANC888	is_a	adult CB1963 neuron	
720575941644849234	BANC_888:720575941644849234	BANC888	is_a	photoreceptor cell R7	
720575941644849509	BANC_888:720575941644849509	BANC888	is_a	adult optic lobe intrinsic neuron	
720575941644852837	BANC_888:720575941644852837	BANC888	is_a	lamina monopolar neuron L2	
720575941644852856	BANC_888:720575941644852856	BANC888	is_a	mechanosensory neuron of interommatidial bristle	
720575941644852897	BANC_888:720575941644852897	BANC888	is_a	adult optic lobe intrinsic neuron	
720575941644854433	BANC_888:720575941644854433	BANC888	is_a	adult optic lobe intrinsic neuron	
720575941644856165	BANC_888:720575941644856165	BANC888	is_a	lamina monopolar neuron L2	
720575941644858469	BANC_888:720575941644858469	BANC888	is_a	adult optic lobe intrinsic neuron	
720575941644866917	BANC_888:720575941644866917	BANC888	is_a	adult optic lobe intrinsic neuron	
720575941644868257	BANC_888:720575941644868257	BANC888	is_a	adult SNta27 neuron	
720575941644869221	BANC_888:720575941644869221	BANC888	is_a	lobula plate-lobula columnar neuron LPLC2	
720575941644869496	BANC_888:720575941644869496	BANC888	is_a	mechanosensory neuron of interommatidial bristle	
720575941644871288	BANC_888:720575941644871288	BANC888	is_a	mechanosensory neuron of interommatidial bristle	
720575941644872568	BANC_888:720575941644872568	BANC888	is_a	adult olfactory receptor neuron Or47a	
720575941644874341	BANC_888:720575941644874341	BANC888	is_a	lamina monopolar neuron L2	
720575941644875365	BANC_888:720575941644875365	BANC888	is_a	columnar neuron T1	
720575941644879816	BANC_888:720575941644879816	BANC888	is_a	medulla intrinsic neuron Mi14	
720575941644880466	BANC_888:720575941644880466	BANC888	is_a	adult SNta21 neuron	
720575941644883301	BANC_888:720575941644883301	BANC888	is_a	adult optic lobe intrinsic neuron	
720575941644885960	BANC_888:720575941644885960	BANC888	is_a	transmedullary Y neuron TmY18	FlyBase:FBrf0262545
720575941644888696	BANC_888:720575941644888696	BANC888	is_a	adult SNch06 neuron	
720575941644889208	BANC_888:720575941644889208	BANC888	is_a	adult IN01A062 neuron	
720575941644890232	BANC_888:720575941644890232	BANC888	is_a	adult INXXX143 neuron	
720575941644890273	BANC_888:720575941644890273	BANC888	is_a	adult optic lobe intrinsic neuron	
720575941644892104	BANC_888:720575941644892104	BANC888	is_a	adult posterior slope neuron 084	
720575941644892754	BANC_888:720575941644892754	BANC888	is_a	lamina monopolar neuron L5	
720575941644894328	BANC_888:720575941644894328	BANC888	is_a	adult IN21A018 neuron	
720575941644896357	BANC_888:720575941644896357	BANC888	is_a	adult posterior ventrolateral protocerebrum neuron 046	
720575941644896594	BANC_888:720575941644896594	BANC888	is_a	photoreceptor cell R8	
720575941644897106	BANC_888:720575941644897106	BANC888	is_a	lamina monopolar neuron L4	
720575941644897144	BANC_888:720575941644897144	BANC888	is_a	adult VNC neuron	
720575941644897912	BANC_888:720575941644897912	BANC888	is_a	adult IN20A.22A070 neuron	
720575941644898642	BANC_888:720575941644898642	BANC888	is_a	lamina monopolar neuron L2	
720575941644899192	BANC_888:720575941644899192	BANC888	is_a	adult IN13A018 neuron	
720575941644900472	BANC_888:720575941644900472	BANC888	is_a	adult IN07B030 neuron	
720575941644900808	BANC_888:720575941644900808	BANC888	is_a	alpha/beta Kenyon cell	
720575941644901202	BANC_888:720575941644901202	BANC888	is_a	lobula plate columnar neuron LPC1	
720575941644901832	BANC_888:720575941644901832	BANC888	is_a	transmedullary neuron Tm9	
720575941644904648	BANC_888:720575941644904648	BANC888	is_a	adult fan-shaped body 1 column-superior medial protocerebrum neuron	FlyBase:FBrf0246888
720575941644904865	BANC_888:720575941644904865	BANC888	is_a	lamina monopolar neuron L3	
720575941644907384	BANC_888:720575941644907384	BANC888	is_a	adult IN01B024 neuron	
720575941644908408	BANC_888:720575941644908408	BANC888	is_a	adult IN17A011 neuron	
720575941644911205	BANC_888:720575941644911205	BANC888	is_a	lobula-lobula plate columnar neuron LLPC2	
720575941644911816	BANC_888:720575941644911816	BANC888	is_a	adult SNta44 neuron	
720575941644912504	BANC_888:720575941644912504	BANC888	is_a	adult IN07B061 neuron	
720575941644913746	BANC_888:720575941644913746	BANC888	is_a	adult optic lobe intrinsic neuron	
720575941644914808	BANC_888:720575941644914808	BANC888	is_a	T5d neuron	
720575941644915301	BANC_888:720575941644915301	BANC888	is_a	T3 neuron	
720575941644915912	BANC_888:720575941644915912	BANC888	is_a	adult fan-shaped body vertical delta neuron	FlyBase:FBrf0246888
720575941644917605	BANC_888:720575941644917605	BANC888	is_a	adult optic lobe intrinsic neuron	
720575941644918373	BANC_888:720575941644918373	BANC888	is_a	adult optic lobe intrinsic neuron	
720575941644918689	BANC_888:720575941644918689	BANC888	is_a	mechanosensory neuron of interommatidial bristle	
720575941644920933	BANC_888:720575941644920933	BANC888	is_a	lobula columnar neuron LC4	
720575941644920993	BANC_888:720575941644920993	BANC888	is_a	mechanosensory neuron of interommatidial bristle	
720575941644921701	BANC_888:720575941644921701	BANC888	is_a	Y neuron Y1	
720575941644922981	BANC_888:720575941644922981	BANC888	is_a	adult optic lobe intrinsic neuron	
720575941644923218	BANC_888:720575941644923218	BANC888	is_a	distal medullary amacrine neuron Dm12	
720575941644925541	BANC_888:720575941644925541	BANC888	is_a	adult olfactory receptor neuron Ir84a	
720575941644926034	BANC_888:720575941644926034	BANC888	is_a	lamina monopolar neuron L1	
720575941644926113	BANC_888:720575941644926113	BANC888	is_a	T4b neuron	
720575941644927589	BANC_888:720575941644927589	BANC888	is_a	adult wedge projection neuron 6	
720575941644931429	BANC_888:720575941644931429	BANC888	is_a	adult lobula intrinsic neuron Li18a	FlyBase:FBrf0262545
720575941644932040	BANC_888:720575941644932040	BANC888	is_a	transmedullary neuron Tm5b	
720575941644934856	BANC_888:720575941644934856	BANC888	is_a	femoral chordotonal claw neuron	
720575941644935112	BANC_888:720575941644935112	BANC888	is_a	adult olfactory receptor neuron Ir75d	
720575941644935880	BANC_888:720575941644935880	BANC888	is_a	columnar neuron T1	
720575941644936312	BANC_888:720575941644936312	BANC888	is_a	lamina monopolar neuron L5	
720575941644938913	BANC_888:720575941644938913	BANC888	is_a	distal medullary amacrine neuron Dm2	
720575941644939937	BANC_888:720575941644939937	BANC888	is_a	lamina monopolar neuron L1	
720575941644939976	BANC_888:720575941644939976	BANC888	is_a	adult IN09A012 neuron	
720575941644942693	BANC_888:720575941644942693	BANC888	is_a	visual projection neuron	
720575941644943304	BANC_888:720575941644943304	BANC888	is_a	adult optic lobe intrinsic neuron	
720575941644944072	BANC_888:720575941644944072	BANC888	is_a	adult optic lobe intrinsic neuron	
720575941644944741	BANC_888:720575941644944741	BANC888	is_a	photoreceptor cell R7	
720575941644946514	BANC_888:720575941644946514	BANC888	is_a	photoreceptor cell R7	
720575941644948088	BANC_888:720575941644948088	BANC888	is_a	adult optic lobe intrinsic neuron	
720575941644951141	BANC_888:720575941644951141	BANC888	is_a	adult CB2047 neuron	
720575941644954725	BANC_888:720575941644954725	BANC888	is_a	adult optic lobe intrinsic neuron	
720575941644957522	BANC_888:720575941644957522	BANC888	is_a	photoreceptor cell R8	
720575941644958625	BANC_888:720575941644958625	BANC888	is_a	adult optic lobe intrinsic neuron	
720575941644959176	BANC_888:720575941644959176	BANC888	is_a	medulla intrinsic neuron Mi4	
720575941644959864	BANC_888:720575941644959864	BANC888	is_a	adult CB2108 neuron	
720575941644960632	BANC_888:720575941644960632	BANC888	is_a	adult CB1849 neuron	
720575941644964257	BANC_888:720575941644964257	BANC888	is_a	T2a neuron	
720575941644967781	BANC_888:720575941644967781	BANC888	is_a	adult optic lobe intrinsic neuron	
720575941644967841	BANC_888:720575941644967841	BANC888	is_a	Y neuron Y3	
720575941644970085	BANC_888:720575941644970085	BANC888	is_a	transmedullary Y neuron TmY18	FlyBase:FBrf0262545
720575941644971208	BANC_888:720575941644971208	BANC888	is_a	medulla intrinsic neuron Mi15	
720575941644972114	BANC_888:720575941644972114	BANC888	is_a	adult optic lobe intrinsic neuron	
720575941644972645	BANC_888:720575941644972645	BANC888	is_a	adult optic lobe intrinsic neuron	
720575941644972961	BANC_888:720575941644972961	BANC888	is_a	transmedullary neuron Tm9	
720575941644975205	BANC_888:720575941644975205	BANC888	is_a	lamina monopolar neuron L2	
720575941644976722	BANC_888:720575941644976722	BANC888	is_a	lamina monopolar neuron L4	
720575941644976840	BANC_888:720575941644976840	BANC888	is_a	centrifugal neuron C3	
720575941644976997	BANC_888:720575941644976997	BANC888	is_a	proximal medullary amacrine neuron Pm2	FlyBase:FBrf0262545
720575941644977528	BANC_888:720575941644977528	BANC888	is_a	adult CB3013 neuron	
720575941644977765	BANC_888:720575941644977765	BANC888	is_a	adult optic lobe intrinsic neuron	
720575941644979361	BANC_888:720575941644979361	BANC888	is_a	lamina monopolar neuron L2	
720575941644979912	BANC_888:720575941644979912	BANC888	is_a	adult optic lobe intrinsic neuron	
720575941644983890	BANC_888:720575941644983890	BANC888	is_a	lamina monopolar neuron L5	
720575941644987237	BANC_888:720575941644987237	BANC888	is_a	adult optic lobe intrinsic neuron	
720575941644988065	BANC_888:720575941644988065	BANC888	is_a	T5d neuron	
720575941644988360	BANC_888:720575941644988360	BANC888	is_a	T3 neuron	
720575941644989029	BANC_888:720575941644989029	BANC888	is_a	adult clamp neuron 086	
720575941644990113	BANC_888:720575941644990113	BANC888	is_a	T3 neuron	
720575941644993125	BANC_888:720575941644993125	BANC888	is_a	adult optic lobe intrinsic neuron	
720575941644994760	BANC_888:720575941644994760	BANC888	is_a	T3 neuron	
720575941644996709	BANC_888:720575941644996709	BANC888	is_a	lobula plate columnar neuron LPC1	
720575941645007265	BANC_888:720575941645007265	BANC888	is_a	adult SNta35 neuron	
720575941645007461	BANC_888:720575941645007461	BANC888	is_a	transmedullary neuron Tm20	
720575941645010277	BANC_888:720575941645010277	BANC888	is_a	adult anterior ventrolateral protocerebrum neuron 209	
720575941645012424	BANC_888:720575941645012424	BANC888	is_a	medulla intrinsic neuron Mi15	
720575941645016421	BANC_888:720575941645016421	BANC888	is_a	zone B Johnston organ neuron	
720575941645018213	BANC_888:720575941645018213	BANC888	is_a	adult optic lobe intrinsic neuron	
720575941645019986	BANC_888:720575941645019986	BANC888	is_a	mechanosensory neuron of hair plate	
720575941645023905	BANC_888:720575941645023905	BANC888	is_a	gamma main Kenyon cell	
720575941645024613	BANC_888:720575941645024613	BANC888	is_a	columnar neuron T1	
720575941645024632	BANC_888:720575941645024632	BANC888	is_a	lobula columnar neuron LC10c	
720575941645024888	BANC_888:720575941645024888	BANC888	is_a	adult clamp neuron 159	
720575941645025125	BANC_888:720575941645025125	BANC888	is_a	adult optic lobe intrinsic neuron	
720575941645029496	BANC_888:720575941645029496	BANC888	is_a	adult CB0382 neuron	
720575941645032312	BANC_888:720575941645032312	BANC888	is_a	adult CB2286 neuron	
720575941645036152	BANC_888:720575941645036152	BANC888	is_a	adult olfactory receptor neuron Or22	
720575941645036961	BANC_888:720575941645036961	BANC888	is_a	adult olfactory receptor neuron Or42b	
720575941645039461	BANC_888:720575941645039461	BANC888	is_a	adult medulla-lobula neuron MeLo2	FlyBase:FBrf0262545
720575941645039777	BANC_888:720575941645039777	BANC888	is_a	dopaminergic PAM neuron 4	
720575941645040485	BANC_888:720575941645040485	BANC888	is_a	adult optic lobe intrinsic neuron	
720575941645041253	BANC_888:720575941645041253	BANC888	is_a	adult optic lobe intrinsic neuron	
720575941645042021	BANC_888:720575941645042021	BANC888	is_a	lobula columnar neuron LC12	
720575941645045093	BANC_888:720575941645045093	BANC888	is_a	T3 neuron	
720575941645048993	BANC_888:720575941645048993	BANC888	is_a	adult IN13A001 neuron	
720575941645051768	BANC_888:720575941645051768	BANC888	is_a	adult antennal lobe projection neuron VM6+ lvPN 2	
720575941645052773	BANC_888:720575941645052773	BANC888	is_a	adult central medulla intrinsic neuron Cm15	FlyBase:FBrf0262545
720575941645053304	BANC_888:720575941645053304	BANC888	is_a	adult CB0663 neuron	
720575941645054072	BANC_888:720575941645054072	BANC888	is_a	adult lobula plate tangential neuron LPT51	
720575941645055608	BANC_888:720575941645055608	BANC888	is_a	adult posterior ventrolateral protocerebrum neuron 101	
720575941645056376	BANC_888:720575941645056376	BANC888	is_a	adult CB1049 neuron	
720575941645056613	BANC_888:720575941645056613	BANC888	is_a	adult optic lobe intrinsic neuron	
720575941645056712	BANC_888:720575941645056712	BANC888	is_a	distal medullary amacrine neuron Dm15	
720575941645057400	BANC_888:720575941645057400	BANC888	is_a	adult CB3362 neuron	
720575941645057912	BANC_888:720575941645057912	BANC888	is_a	adult vest neuron 024	
720575941645059410	BANC_888:720575941645059410	BANC888	is_a	adult optic lobe intrinsic neuron	
720575941645061221	BANC_888:720575941645061221	BANC888	is_a	adult optic lobe intrinsic neuron	
720575941645061320	BANC_888:720575941645061320	BANC888	is_a	adult optic lobe intrinsic neuron	
720575941645062501	BANC_888:720575941645062501	BANC888	is_a	Y neuron Y11	
720575941645063329	BANC_888:720575941645063329	BANC888	is_a	adult IN26X001 neuron	
720575941645063506	BANC_888:720575941645063506	BANC888	is_a	lamina monopolar neuron L5	
720575941645064312	BANC_888:720575941645064312	BANC888	is_a	adult fan-shaped body vertical delta neuron	
720575941645066853	BANC_888:720575941645066853	BANC888	is_a	adult optic lobe intrinsic neuron	
720575941645068133	BANC_888:720575941645068133	BANC888	is_a	lamina monopolar neuron L3	
720575941645070418	BANC_888:720575941645070418	BANC888	is_a	adult optic lobe intrinsic neuron	
720575941645073057	BANC_888:720575941645073057	BANC888	is_a	adult INXXX054 neuron	
720575941645076385	BANC_888:720575941645076385	BANC888	is_a	adult VNC neuron	
720575941645076897	BANC_888:720575941645076897	BANC888	is_a	adult AN08B079 neuron	
720575941645078117	BANC_888:720575941645078117	BANC888	is_a	adult optic lobe intrinsic neuron	
720575941645078610	BANC_888:720575941645078610	BANC888	is_a	adult CB0727 neuron	
720575941645080225	BANC_888:720575941645080225	BANC888	is_a	adult AN05B062 neuron	
720575941645080481	BANC_888:720575941645080481	BANC888	is_a	adult DNxn126 neuron	
720575941645080914	BANC_888:720575941645080914	BANC888	is_a	adult CB0946 neuron	
720575941645082842	BANC_888:720575941645082842	BANC888	is_a	lamina monopolar neuron L2	
720575941645085010	BANC_888:720575941645085010	BANC888	is_a	alpha/beta Kenyon cell	
720575941645085541	BANC_888:720575941645085541	BANC888	is_a	adult olfactory receptor neuron Or2a	
720575941645086290	BANC_888:720575941645086290	BANC888	is_a	adult superior lateral protocerebrum neuron 274	
720575941645088594	BANC_888:720575941645088594	BANC888	is_a	adult fan-shaped body 1 column-superior medial protocerebrum neuron	FlyBase:FBrf0246888
720575941645088613	BANC_888:720575941645088613	BANC888	is_a	adult CB0695 neuron	
720575941645088673	BANC_888:720575941645088673	BANC888	is_a	sensory neuron of wing campaniform sensillum	
720575941645089618	BANC_888:720575941645089618	BANC888	is_a	adult CB2277 neuron	
720575941645090209	BANC_888:720575941645090209	BANC888	is_a	adult IN23B074 neuron	
720575941645092728	BANC_888:720575941645092728	BANC888	is_a	medulla intrinsic neuron Mi13	
720575941645093281	BANC_888:720575941645093281	BANC888	is_a	adult IN06A083 neuron	
720575941645094994	BANC_888:720575941645094994	BANC888	is_a	adult CB1479 neuron	
720575941645095269	BANC_888:720575941645095269	BANC888	is_a	adult optic lobe intrinsic neuron	
720575941645095585	BANC_888:720575941645095585	BANC888	is_a	adult IN06B035 neuron	
720575941645095762	BANC_888:720575941645095762	BANC888	is_a	adult lateral horn PV6a1 neuron	
720575941645096056	BANC_888:720575941645096056	BANC888	is_a	adult CB1055 neuron	
720575941645096865	BANC_888:720575941645096865	BANC888	is_a	adult IN10B003 neuron	
720575941645098401	BANC_888:720575941645098401	BANC888	is_a	adult IN06B083 neuron	
720575941645098696	BANC_888:720575941645098696	BANC888	is_a	T5d neuron	
720575941645099425	BANC_888:720575941645099425	BANC888	is_a	adult IN09A007 neuron	
720575941645099640	BANC_888:720575941645099640	BANC888	is_a	adult CB2666 neuron	
720575941645100626	BANC_888:720575941645100626	BANC888	is_a	adult superior medial protocerebrum neuron 018	
720575941645100664	BANC_888:720575941645100664	BANC888	is_a	adult IN12A061 neuron	
720575941645101650	BANC_888:720575941645101650	BANC888	is_a	adult fan-shaped body vertical delta neuron	
720575941645103224	BANC_888:720575941645103224	BANC888	is_a	adult fan-shaped body vertical delta neuron	
720575941645104741	BANC_888:720575941645104741	BANC888	is_a	columnar neuron T1	
720575941645105234	BANC_888:720575941645105234	BANC888	is_a	adult IN03A037 neuron	
720575941645106002	BANC_888:720575941645106002	BANC888	is_a	adult asymmetrical body-fan-shaped body layer 8 neuron	
720575941645106277	BANC_888:720575941645106277	BANC888	is_a	adult central brain intrinsic neuron	
720575941645106514	BANC_888:720575941645106514	BANC888	is_a	adult CB2584 neuron	
720575941645107301	BANC_888:720575941645107301	BANC888	is_a	adult optic lobe intrinsic neuron	
720575941645107813	BANC_888:720575941645107813	BANC888	is_a	adult optic lobe intrinsic neuron	
720575941645111634	BANC_888:720575941645111634	BANC888	is_a	zone B Johnston organ neuron	
720575941645114273	BANC_888:720575941645114273	BANC888	is_a	adult IN13B001 neuron	
720575941645114785	BANC_888:720575941645114785	BANC888	is_a	adult IN19B062 neuron	
720575941645115336	BANC_888:720575941645115336	BANC888	is_a	T5d neuron	
720575941645116872	BANC_888:720575941645116872	BANC888	is_a	adult optic lobe intrinsic neuron	
720575941645117304	BANC_888:720575941645117304	BANC888	is_a	adult DNxl070 neuron	
720575941645117816	BANC_888:720575941645117816	BANC888	is_a	adult central brain intrinsic neuron	
720575941645122130	BANC_888:720575941645122130	BANC888	is_a	adult CB3508 neuron	
720575941645123154	BANC_888:720575941645123154	BANC888	is_a	lobula columnar neuron LC10c	
720575941645123410	BANC_888:720575941645123410	BANC888	is_a	adult CNS neuron	
720575941645124296	BANC_888:720575941645124296	BANC888	is_a	lamina monopolar neuron L3	
720575941645124434	BANC_888:720575941645124434	BANC888	is_a	adult CB1155 neuron	
720575941645124709	BANC_888:720575941645124709	BANC888	is_a	adult optic lobe intrinsic neuron	
720575941645124965	BANC_888:720575941645124965	BANC888	is_a	lamina monopolar neuron L1	
720575941645125240	BANC_888:720575941645125240	BANC888	is_a	adult posterior slope neuron 097	
720575941645125970	BANC_888:720575941645125970	BANC888	is_a	adult antler neuron 013	
720575941645126482	BANC_888:720575941645126482	BANC888	is_a	adult CB1381 neuron	
720575941645140562	BANC_888:720575941645140562	BANC888	is_a	adult superior lateral protocerebrum neuron 106	
720575941645140837	BANC_888:720575941645140837	BANC888	is_a	adult optic lobe intrinsic neuron	
720575941645140856	BANC_888:720575941645140856	BANC888	is_a	adult optic lobe intrinsic neuron	
720575941645142098	BANC_888:720575941645142098	BANC888	is_a	adult CB3726 neuron	
720575941645142117	BANC_888:720575941645142117	BANC888	is_a	visual projection neuron	
720575941645142373	BANC_888:720575941645142373	BANC888	is_a	adult optic lobe intrinsic neuron	
720575941645146194	BANC_888:720575941645146194	BANC888	is_a	adult fan-shaped body layer 6 neuron of DM6 lineage	FlyBase:FBrf0257023
720575941645146450	BANC_888:720575941645146450	BANC888	is_a	adult anterior ventrolateral protocerebrum neuron 300	
720575941645146568	BANC_888:720575941645146568	BANC888	is_a	T5c neuron	
720575941645147749	BANC_888:720575941645147749	BANC888	is_a	adult optic lobe intrinsic neuron	
720575941645147848	BANC_888:720575941645147848	BANC888	is_a	adult IN13A008 neuron	
720575941645148024	BANC_888:720575941645148024	BANC888	is_a	adult fan-shaped body layer 2 neuron of CP2 lineage	FlyBase:FBrf0257023
720575941645148616	BANC_888:720575941645148616	BANC888	is_a	adult motor neuron	
720575941645150546	BANC_888:720575941645150546	BANC888	is_a	adult CB2896 neuron	
720575941645152613	BANC_888:720575941645152613	BANC888	is_a	adult optic lobe intrinsic neuron	
720575941645155410	BANC_888:720575941645155410	BANC888	is_a	medulla columnar neuron MC64	
720575941645157458	BANC_888:720575941645157458	BANC888	is_a	medulla intrinsic neuron Mi4	
720575941645158856	BANC_888:720575941645158856	BANC888	is_a	T4a neuron	
720575941645159506	BANC_888:720575941645159506	BANC888	is_a	lamina monopolar neuron L5	
720575941645159525	BANC_888:720575941645159525	BANC888	is_a	adult optic lobe intrinsic neuron	
720575941645163346	BANC_888:720575941645163346	BANC888	is_a	adult optic lobe intrinsic neuron	
720575941645163877	BANC_888:720575941645163877	BANC888	is_a	adult optic lobe intrinsic neuron	
720575941645164389	BANC_888:720575941645164389	BANC888	is_a	adult optic lobe intrinsic neuron	
720575941645168485	BANC_888:720575941645168485	BANC888	is_a	adult optic lobe intrinsic neuron	
720575941645177720	BANC_888:720575941645177720	BANC888	is_a	adult CA-LP neuron	
720575941645178744	BANC_888:720575941645178744	BANC888	is_a	adult CB0746 neuron	
720575941645180104	BANC_888:720575941645180104	BANC888	is_a	transmedullary neuron Tm9	
720575941645180280	BANC_888:720575941645180280	BANC888	is_a	adult vest neuron 072	
720575941645180517	BANC_888:720575941645180517	BANC888	is_a	adult optic lobe intrinsic neuron	
720575941645181601	BANC_888:720575941645181601	BANC888	is_a	adult crepine neuron 041	
720575941645183589	BANC_888:720575941645183589	BANC888	is_a	lobula columnar neuron LC17	
720575941645186386	BANC_888:720575941645186386	BANC888	is_a	lamina wide-field 2 neuron	
720575941645188769	BANC_888:720575941645188769	BANC888	is_a	adult central brain intrinsic neuron	
720575941645188984	BANC_888:720575941645188984	BANC888	is_a	adult lateral horn AV3j1 neuron	
720575941645190264	BANC_888:720575941645190264	BANC888	is_a	adult CB2462 neuron	
720575941645190305	BANC_888:720575941645190305	BANC888	is_a	adult CB2750 neuron	
720575941645191073	BANC_888:720575941645191073	BANC888	is_a	adult fan-shaped body layer 4 tangential neuron	FlyBase:FBrf0246888
720575941645191250	BANC_888:720575941645191250	BANC888	is_a	adult optic lobe intrinsic neuron	
720575941645191525	BANC_888:720575941645191525	BANC888	is_a	lamina monopolar neuron L2	
720575941645192056	BANC_888:720575941645192056	BANC888	is_a	adult medulla visual projection neuron MeVP1	FlyBase:FBrf0262545
720575941645193573	BANC_888:720575941645193573	BANC888	is_a	adult optic lobe intrinsic neuron	
720575941645195384	BANC_888:720575941645195384	BANC888	is_a	adult CB2065 neuron	
720575941645201509	BANC_888:720575941645201509	BANC888	is_a	lamina monopolar neuron L2	
720575941645203576	BANC_888:720575941645203576	BANC888	is_a	sensory neuron of haltere campaniform sensillum	
720575941645203617	BANC_888:720575941645203617	BANC888	is_a	adult CB1843 neuron	
720575941645204581	BANC_888:720575941645204581	BANC888	is_a	medulla intrinsic neuron Mi1	
720575941645204856	BANC_888:720575941645204856	BANC888	is_a	adult olfactory receptor neuron Or85a	
720575941645206373	BANC_888:720575941645206373	BANC888	is_a	adult optic lobe intrinsic neuron	
720575941645206904	BANC_888:720575941645206904	BANC888	is_a	adult superior lateral protocerebrum neuron 215	
720575941645207496	BANC_888:720575941645207496	BANC888	is_a	adult IN23B037 neuron	
720575941645207653	BANC_888:720575941645207653	BANC888	is_a	adult lobula intrinsic neuron Li25	FlyBase:FBrf0262545
720575941645208520	BANC_888:720575941645208520	BANC888	is_a	adult CB2050 neuron	
720575941645209445	BANC_888:720575941645209445	BANC888	is_a	transmedullary neuron Tm9	
720575941645209464	BANC_888:720575941645209464	BANC888	is_a	adult fruitless aSP-f (female) neuron	
720575941645212517	BANC_888:720575941645212517	BANC888	is_a	lamina monopolar neuron L4	
720575941645212773	BANC_888:720575941645212773	BANC888	is_a	distal medullary amacrine neuron Dm8b	
720575941645213048	BANC_888:720575941645213048	BANC888	is_a	adult DNit012 neuron	
720575941645213128	BANC_888:720575941645213128	BANC888	is_a	adult Kenyon cell	
720575941645216082	BANC_888:720575941645216082	BANC888	is_a	adult optic lobe intrinsic neuron	
720575941645217125	BANC_888:720575941645217125	BANC888	is_a	adult optic lobe intrinsic neuron	
720575941645218680	BANC_888:720575941645218680	BANC888	is_a	adult CB1128 neuron	
720575941645219685	BANC_888:720575941645219685	BANC888	is_a	adult optic lobe intrinsic neuron	
720575941645220513	BANC_888:720575941645220513	BANC888	is_a	adult lateral horn PV7a1 neuron	
720575941645220728	BANC_888:720575941645220728	BANC888	is_a	adult anterior ventrolateral protocerebrum neuron 282	
720575941645221477	BANC_888:720575941645221477	BANC888	is_a	adult optic lobe intrinsic neuron	
720575941645222520	BANC_888:720575941645222520	BANC888	is_a	lobula columnar neuron LC12	
720575941645223288	BANC_888:720575941645223288	BANC888	is_a	sensory neuron of haltere campaniform sensillum	
720575941645225377	BANC_888:720575941645225377	BANC888	is_a	adult fan-shaped body layer 4 tangential neuron	FlyBase:FBrf0246888
720575941645225554	BANC_888:720575941645225554	BANC888	is_a	adult optic lobe intrinsic neuron	
720575941645226322	BANC_888:720575941645226322	BANC888	is_a	transmedullary neuron Tm2	
720575941645227425	BANC_888:720575941645227425	BANC888	is_a	adult CB1582 neuron	
720575941645228705	BANC_888:720575941645228705	BANC888	is_a	adult anterior optic tubercle neuron 030	
720575941645229157	BANC_888:720575941645229157	BANC888	is_a	transmedullary neuron Tm9	
720575941645229176	BANC_888:720575941645229176	BANC888	is_a	adult anterior ventrolateral protocerebrum neuron 234	
720575941645231480	BANC_888:720575941645231480	BANC888	is_a	adult crepine neuron 071	
720575941645231521	BANC_888:720575941645231521	BANC888	is_a	adult superior medial protocerebrum neuron 586	
720575941645231736	BANC_888:720575941645231736	BANC888	is_a	gamma main Kenyon cell	
720575941645233784	BANC_888:720575941645233784	BANC888	is_a	adult antennal lobe local neuron v2LN39A	
720575941645235557	BANC_888:720575941645235557	BANC888	is_a	lamina monopolar neuron L2	
720575941645236936	BANC_888:720575941645236936	BANC888	is_a	adult IN03A084 neuron	
720575941645237409	BANC_888:720575941645237409	BANC888	is_a	adult optic lobe intrinsic neuron	
720575941645238629	BANC_888:720575941645238629	BANC888	is_a	adult medulla tangential neuron e10	
720575941645238728	BANC_888:720575941645238728	BANC888	is_a	adult IN19A098 neuron	
720575941645239397	BANC_888:720575941645239397	BANC888	is_a	lamina monopolar neuron L1	
720575941645239752	BANC_888:720575941645239752	BANC888	is_a	descending neuron of the gnathal ganglion DNge085	
720575941645240952	BANC_888:720575941645240952	BANC888	is_a	adult fan-shaped body layer 2 neuron of CP2 lineage	FlyBase:FBrf0257023
720575941645240993	BANC_888:720575941645240993	BANC888	is_a	adult clamp neuron 200	
720575941645242273	BANC_888:720575941645242273	BANC888	is_a	lobula tangential neuron LT51	
720575941645242312	BANC_888:720575941645242312	BANC888	is_a	adult INXXX303 neuron	
720575941645242744	BANC_888:720575941645242744	BANC888	is_a	adult olfactory receptor neuron Or19	
720575941645244360	BANC_888:720575941645244360	BANC888	is_a	adult AN07B015 neuron	
720575941645244792	BANC_888:720575941645244792	BANC888	is_a	adult lateral horn PD3a2 neuron	
720575941645246584	BANC_888:720575941645246584	BANC888	is_a	distal medullary amacrine neuron Dm3b	FlyBase:FBrf0262545
720575941645247845	BANC_888:720575941645247845	BANC888	is_a	adult posterior lateral protocerebrum neuron 081	
720575941645249362	BANC_888:720575941645249362	BANC888	is_a	T3 neuron	
720575941645250977	BANC_888:720575941645250977	BANC888	is_a	adult CB2047 neuron	
720575941645252472	BANC_888:720575941645252472	BANC888	is_a	adult CB2539 neuron	
720575941645255880	BANC_888:720575941645255880	BANC888	is_a	adult IN04B086 neuron	
720575941645256786	BANC_888:720575941645256786	BANC888	is_a	lamina wide-field 2 neuron	
720575941645259128	BANC_888:720575941645259128	BANC888	is_a	mesothoracic sternal posterior rotator muscle motor neuron	
720575941645259464	BANC_888:720575941645259464	BANC888	is_a	adult IN14A023 neuron	
720575941645260232	BANC_888:720575941645260232	BANC888	is_a	adult SNta31 neuron	
720575941645261000	BANC_888:720575941645261000	BANC888	is_a	adult IN04B027 neuron	
720575941645261768	BANC_888:720575941645261768	BANC888	is_a	adult IN18B035 neuron	
720575941645263698	BANC_888:720575941645263698	BANC888	is_a	adult optic lobe intrinsic neuron	
720575941645263816	BANC_888:720575941645263816	BANC888	is_a	adult IN04B103 neuron	
720575941645264504	BANC_888:720575941645264504	BANC888	is_a	adult superior medial protocerebrum neuron 397	
720575941645265272	BANC_888:720575941645265272	BANC888	is_a	adult clamp neuron 120	
720575941645265784	BANC_888:720575941645265784	BANC888	is_a	adult IN16B053 neuron	
720575941645266552	BANC_888:720575941645266552	BANC888	is_a	adult CB0005 neuron	
720575941645267576	BANC_888:720575941645267576	BANC888	is_a	adult CB1696 neuron	
720575941645268088	BANC_888:720575941645268088	BANC888	is_a	adult CB3728 neuron	
720575941645268818	BANC_888:720575941645268818	BANC888	is_a	adult SNta20 neuron	
720575941645268897	BANC_888:720575941645268897	BANC888	is_a	adult olfactory receptor neuron Or67b	
720575941645269704	BANC_888:720575941645269704	BANC888	is_a	adult IN01A022 neuron	
720575941645271240	BANC_888:720575941645271240	BANC888	is_a	adult AN17A031 neuron	
720575941645272440	BANC_888:720575941645272440	BANC888	is_a	adult central brain intrinsic neuron	
720575941645277384	BANC_888:720575941645277384	BANC888	is_a	adult IN14A076 neuron	
720575941645278290	BANC_888:720575941645278290	BANC888	is_a	medulla intrinsic neuron Mi9	
720575941645278840	BANC_888:720575941645278840	BANC888	is_a	adult posterior slope neuron 096	
720575941645281185	BANC_888:720575941645281185	BANC888	is_a	adult CB3200 neuron	
720575941645282465	BANC_888:720575941645282465	BANC888	is_a	lobula-lobula plate columnar neuron LLPC1	
720575941645282898	BANC_888:720575941645282898	BANC888	is_a	adult optic lobe intrinsic neuron	
720575941645283784	BANC_888:720575941645283784	BANC888	is_a	adult IN13A012 neuron	
720575941645283960	BANC_888:720575941645283960	BANC888	is_a	adult olfactory receptor neuron Ir75d	
720575941645285576	BANC_888:720575941645285576	BANC888	is_a	sensory neuron of haltere campaniform sensillum	
720575941645286226	BANC_888:720575941645286226	BANC888	is_a	adult optic lobe intrinsic neuron	
720575941645288786	BANC_888:720575941645288786	BANC888	is_a	adult anterior ventrolateral protocerebrum neuron 586	
720575941645289377	BANC_888:720575941645289377	BANC888	is_a	adult CB1993 neuron	
720575941645289554	BANC_888:720575941645289554	BANC888	is_a	adult CB2892 neuron	
720575941645291602	BANC_888:720575941645291602	BANC888	is_a	transmedullary Y neuron TmY14	
720575941645293394	BANC_888:720575941645293394	BANC888	is_a	T3 neuron	
720575941645294200	BANC_888:720575941645294200	BANC888	is_a	adult antennal lobe projection neuron DC2 adPN	
720575941645295480	BANC_888:720575941645295480	BANC888	is_a	adult fan-shaped body layer 5 neuron of DALcl2 lineage	
720575941645295736	BANC_888:720575941645295736	BANC888	is_a	adult olfactory receptor neuron Or82a	
720575941645296248	BANC_888:720575941645296248	BANC888	is_a	medulla intrinsic neuron Mi1	
720575941645296289	BANC_888:720575941645296289	BANC888	is_a	adult superior lateral protocerebrum neuron 243	
720575941645296466	BANC_888:720575941645296466	BANC888	is_a	adult crepine neuron 088	
720575941645298081	BANC_888:720575941645298081	BANC888	is_a	adult anterior ventrolateral protocerebrum neuron 559	
720575941645299361	BANC_888:720575941645299361	BANC888	is_a	adult posterior ventrolateral protocerebrum neuron 025	
720575941645300600	BANC_888:720575941645300600	BANC888	is_a	lamina monopolar neuron L2	
720575941645301330	BANC_888:720575941645301330	BANC888	is_a	medulla intrinsic neuron Mi9	
720575941645302945	BANC_888:720575941645302945	BANC888	is_a	adult s-LNv neuron	
720575941645304184	BANC_888:720575941645304184	BANC888	is_a	medulla intrinsic neuron Mi1	
720575941645308280	BANC_888:720575941645308280	BANC888	is_a	adult CB1930 neuron	
720575941645310152	BANC_888:720575941645310152	BANC888	is_a	adult IN20A.22A074 neuron	
720575941645312200	BANC_888:720575941645312200	BANC888	is_a	adult INXXX287 neuron	
720575941645315528	BANC_888:720575941645315528	BANC888	is_a	adult IN18B027 neuron	
720575941645317793	BANC_888:720575941645317793	BANC888	is_a	lobula columnar neuron LC24	
720575941645318817	BANC_888:720575941645318817	BANC888	is_a	adult superior medial protocerebrum neuron 408	
720575941645320865	BANC_888:720575941645320865	BANC888	is_a	adult clamp neuron 111	
720575941645321042	BANC_888:720575941645321042	BANC888	is_a	adult CB2522 neuron	
720575941645321298	BANC_888:720575941645321298	BANC888	is_a	adult inferior bridge neuron 115	
720575941645321672	BANC_888:720575941645321672	BANC888	is_a	adult INXXX397 neuron	
720575941645322440	BANC_888:720575941645322440	BANC888	is_a	adult IN17A025 neuron	
720575941645322872	BANC_888:720575941645322872	BANC888	is_a	medulla intrinsic neuron Mi1	
720575941645322913	BANC_888:720575941645322913	BANC888	is_a	adult CB3148 neuron	
720575941645323346	BANC_888:720575941645323346	BANC888	is_a	lobula columnar neuron LC17	
720575941645325138	BANC_888:720575941645325138	BANC888	is_a	adult SNta21 neuron	
720575941645326280	BANC_888:720575941645326280	BANC888	is_a	adult IN00A001 neuron	
720575941645327954	BANC_888:720575941645327954	BANC888	is_a	sensory neuron	
720575941645330081	BANC_888:720575941645330081	BANC888	is_a	adult CNS neuron	
720575941645330808	BANC_888:720575941645330808	BANC888	is_a	adult optic lobe intrinsic neuron	
720575941645330849	BANC_888:720575941645330849	BANC888	is_a	adult CB0007 neuron	
720575941645332680	BANC_888:720575941645332680	BANC888	is_a	adult clamp neuron 099	
720575941645334689	BANC_888:720575941645334689	BANC888	is_a	distal medullary amacrine neuron Dm3a	FlyBase:FBrf0262545
720575941645334904	BANC_888:720575941645334904	BANC888	is_a	adult optic lobe intrinsic neuron	
720575941645335201	BANC_888:720575941645335201	BANC888	is_a	medulla intrinsic neuron Mi1	
720575941645336402	BANC_888:720575941645336402	BANC888	is_a	transmedullary neuron Tm9	
720575941645336914	BANC_888:720575941645336914	BANC888	is_a	transmedullary neuron Tm4	
720575941645337682	BANC_888:720575941645337682	BANC888	is_a	lamina monopolar neuron L2	
720575941645338529	BANC_888:720575941645338529	BANC888	is_a	adult fan-shaped body layer 3 tangential neuron	FlyBase:FBrf0246888
720575941645339297	BANC_888:720575941645339297	BANC888	is_a	adult crepine neuron 027	
720575941645339474	BANC_888:720575941645339474	BANC888	is_a	adult optic lobe intrinsic neuron	
720575941645340242	BANC_888:720575941645340242	BANC888	is_a	transmedullary neuron Tm9	
720575941645342881	BANC_888:720575941645342881	BANC888	is_a	adult posterior slope neuron 221	
720575941645344082	BANC_888:720575941645344082	BANC888	is_a	lobula columnar neuron LC9	
720575941645344673	BANC_888:720575941645344673	BANC888	is_a	adult CB3080 neuron	
720575941645344968	BANC_888:720575941645344968	BANC888	is_a	adult anterior ventrolateral protocerebrum neuron 420	
720575941645346642	BANC_888:720575941645346642	BANC888	is_a	adult optic lobe intrinsic neuron	
720575941645347489	BANC_888:720575941645347489	BANC888	is_a	adult anterior ventrolateral protocerebrum neuron 299	
720575941645348769	BANC_888:720575941645348769	BANC888	is_a	adult superior medial protocerebrum neuron 335	
720575941645350226	BANC_888:720575941645350226	BANC888	is_a	adult IN05B032 neuron	
720575941645350561	BANC_888:720575941645350561	BANC888	is_a	adult olfactory receptor neuron Ir75d	
720575941645351329	BANC_888:720575941645351329	BANC888	is_a	adult olfactory receptor neuron Or43b	
720575941645353298	BANC_888:720575941645353298	BANC888	is_a	adult optic lobe intrinsic neuron	
720575941645355896	BANC_888:720575941645355896	BANC888	is_a	adult fan-shaped body 1 column-superior medial protocerebrum neuron	FlyBase:FBrf0246888
720575941645357256	BANC_888:720575941645357256	BANC888	is_a	adult CB2093 neuron	
720575941645358280	BANC_888:720575941645358280	BANC888	is_a	adult CB1537 neuron	
720575941645360840	BANC_888:720575941645360840	BANC888	is_a	mechanosensory neuron of adult head bristle	
720575941645360978	BANC_888:720575941645360978	BANC888	is_a	adult optic lobe intrinsic neuron	
720575941645361313	BANC_888:720575941645361313	BANC888	is_a	adult olfactory receptor neuron Gr21a/63a	
720575941645361746	BANC_888:720575941645361746	BANC888	is_a	T3 neuron	
720575941645365960	BANC_888:720575941645365960	BANC888	is_a	adult AN16B078 neuron	
720575941645366392	BANC_888:720575941645366392	BANC888	is_a	adult optic lobe intrinsic neuron	
720575941645367378	BANC_888:720575941645367378	BANC888	is_a	adult SNch05 neuron	
720575941645368658	BANC_888:720575941645368658	BANC888	is_a	T4a neuron	
720575941645368776	BANC_888:720575941645368776	BANC888	is_a	adult CB1482 neuron	
720575941645368914	BANC_888:720575941645368914	BANC888	is_a	adult optic lobe intrinsic neuron	
720575941645369800	BANC_888:720575941645369800	BANC888	is_a	adult posterior ventrolateral protocerebrum neuron 099	
720575941645370312	BANC_888:720575941645370312	BANC888	is_a	adult ascending neuron	
720575941645372536	BANC_888:720575941645372536	BANC888	is_a	adult optic lobe intrinsic neuron	
720575941645372792	BANC_888:720575941645372792	BANC888	is_a	adult DNut046 neuron	
720575941645374290	BANC_888:720575941645374290	BANC888	is_a	lamina monopolar neuron L1	
720575941645376673	BANC_888:720575941645376673	BANC888	is_a	T2a neuron	
720575941645377874	BANC_888:720575941645377874	BANC888	is_a	adult optic lobe intrinsic neuron	
720575941645378936	BANC_888:720575941645378936	BANC888	is_a	proximal medullary amacrine neuron Pm1	FlyBase:FBrf0262545
720575941645380216	BANC_888:720575941645380216	BANC888	is_a	adult optic lobe intrinsic neuron	
720575941645383762	BANC_888:720575941645383762	BANC888	is_a	lamina wide-field 2 neuron	
720575941645384018	BANC_888:720575941645384018	BANC888	is_a	adult optic lobe intrinsic neuron	
720575941645385042	BANC_888:720575941645385042	BANC888	is_a	proximal medullary amacrine neuron Pm2	FlyBase:FBrf0262545
720575941645386401	BANC_888:720575941645386401	BANC888	is_a	adult optic lobe intrinsic neuron	
720575941645388408	BANC_888:720575941645388408	BANC888	is_a	adult optic lobe intrinsic neuron	
720575941645390930	BANC_888:720575941645390930	BANC888	is_a	adult optic lobe intrinsic neuron	
720575941645393528	BANC_888:720575941645393528	BANC888	is_a	adult optic lobe intrinsic neuron	
720575941645395538	BANC_888:720575941645395538	BANC888	is_a	lobula plate intrinsic neuron LPi3-4	FlyBase:FBrf0262545
720575941645396306	BANC_888:720575941645396306	BANC888	is_a	proximal medullary amacrine neuron Pm2	FlyBase:FBrf0262545
720575941645399240	BANC_888:720575941645399240	BANC888	is_a	adult optic lobe intrinsic neuron	
720575941645399928	BANC_888:720575941645399928	BANC888	is_a	T4a neuron	
720575941645403000	BANC_888:720575941645403000	BANC888	is_a	DLM motor neuron	
720575941645404577	BANC_888:720575941645404577	BANC888	is_a	adult CB2763 neuron	
720575941645405560	BANC_888:720575941645405560	BANC888	is_a	T2a neuron	
720575941645408120	BANC_888:720575941645408120	BANC888	is_a	adult lobula visual projection neuron LoVP7	FlyBase:FBrf0262545
720575941645409400	BANC_888:720575941645409400	BANC888	is_a	proximal medullary amacrine neuron Pm1	FlyBase:FBrf0262545
720575941645409874	BANC_888:720575941645409874	BANC888	is_a	adult CB1301 neuron	
720575941645411154	BANC_888:720575941645411154	BANC888	is_a	T2a neuron	
720575941645412001	BANC_888:720575941645412001	BANC888	is_a	adult optic lobe intrinsic neuron	
720575941645419858	BANC_888:720575941645419858	BANC888	is_a	adult superior medial protocerebrum neuron 258	
720575941645422536	BANC_888:720575941645422536	BANC888	is_a	adult olfactory receptor neuron Or85d	
720575941645422674	BANC_888:720575941645422674	BANC888	is_a	distal medullary amacrine neuron Dm2	
720575941645423186	BANC_888:720575941645423186	BANC888	is_a	distal medullary amacrine neuron Dm3c	FlyBase:FBrf0262545
720575941645424466	BANC_888:720575941645424466	BANC888	is_a	adult optic lobe intrinsic neuron	
720575941645426376	BANC_888:720575941645426376	BANC888	is_a	adult olfactory receptor neuron Ir75d	
720575941645426552	BANC_888:720575941645426552	BANC888	is_a	lobula columnar neuron LC9	
720575941645428344	BANC_888:720575941645428344	BANC888	is_a	medulla intrinsic neuron Mi9	
720575941645428818	BANC_888:720575941645428818	BANC888	is_a	adult IN03A020 neuron	
720575941645429409	BANC_888:720575941645429409	BANC888	is_a	adult optic lobe intrinsic neuron	
720575941645435297	BANC_888:720575941645435297	BANC888	is_a	sensory neuron	
720575941645441185	BANC_888:720575941645441185	BANC888	is_a	distal medullary amacrine neuron Dm8b	
720575941645442898	BANC_888:720575941645442898	BANC888	is_a	adult IN09B005 neuron	
720575941645444216	BANC_888:720575941645444216	BANC888	is_a	adult optic lobe intrinsic neuron	
720575941645444690	BANC_888:720575941645444690	BANC888	is_a	adult optic lobe intrinsic neuron	
720575941645444808	BANC_888:720575941645444808	BANC888	is_a	descending neuron of the posterior brain DNp22	
720575941645451346	BANC_888:720575941645451346	BANC888	is_a	lamina monopolar neuron L5	
720575941645454930	BANC_888:720575941645454930	BANC888	is_a	adult optic lobe intrinsic neuron	
720575941645455698	BANC_888:720575941645455698	BANC888	is_a	mechanosensory neuron of hair plate	
720575941645457234	BANC_888:720575941645457234	BANC888	is_a	adult optic lobe intrinsic neuron	
720575941645457313	BANC_888:720575941645457313	BANC888	is_a	adult optic lobe intrinsic neuron	
720575941645457746	BANC_888:720575941645457746	BANC888	is_a	adult IN23B047 neuron	
720575941645458258	BANC_888:720575941645458258	BANC888	is_a	mesothoracic leg taste bristle chemosensory neuron	
720575941645458770	BANC_888:720575941645458770	BANC888	is_a	adult SNta28 neuron	
720575941645458888	BANC_888:720575941645458888	BANC888	is_a	adult CB2932 neuron	
720575941645461192	BANC_888:720575941645461192	BANC888	is_a	adult clamp neuron 131	
720575941645465682	BANC_888:720575941645465682	BANC888	is_a	adult IN01A045 neuron	
720575941645469522	BANC_888:720575941645469522	BANC888	is_a	medulla intrinsic neuron Mi4	
720575941645470034	BANC_888:720575941645470034	BANC888	is_a	medulla intrinsic neuron Mi1	
720575941645480410	BANC_888:720575941645480410	BANC888	is_a	lamina monopolar neuron L2	
720575941645482066	BANC_888:720575941645482066	BANC888	is_a	adult optic lobe intrinsic neuron	
720575941645482184	BANC_888:720575941645482184	BANC888	is_a	T3 neuron	
720575941645482578	BANC_888:720575941645482578	BANC888	is_a	T2a neuron	
720575941645483896	BANC_888:720575941645483896	BANC888	is_a	lamina monopolar neuron L5	
720575941645484488	BANC_888:720575941645484488	BANC888	is_a	adult CB3033 neuron	
720575941645487224	BANC_888:720575941645487224	BANC888	is_a	adult optic lobe intrinsic neuron	
720575941645493448	BANC_888:720575941645493448	BANC888	is_a	adult crepine neuron 077	
720575941645494689	BANC_888:720575941645494689	BANC888	is_a	adult CB1384 neuron	
720575941645496264	BANC_888:720575941645496264	BANC888	is_a	LNd neuron	
720575941645499474	BANC_888:720575941645499474	BANC888	is_a	lobula columnar neuron LC17	
720575941645500754	BANC_888:720575941645500754	BANC888	is_a	adult optic lobe intrinsic neuron	
720575941645501522	BANC_888:720575941645501522	BANC888	is_a	adult lateral horn AV2b1 neuron	
720575941645503314	BANC_888:720575941645503314	BANC888	is_a	distal medullary amacrine neuron Dm3a	FlyBase:FBrf0262545
720575941645504082	BANC_888:720575941645504082	BANC888	is_a	transmedullary neuron Tm9	
720575941645506760	BANC_888:720575941645506760	BANC888	is_a	adult fan-shaped body layer 6 neuron of DM6 lineage	
720575941645509496	BANC_888:720575941645509496	BANC888	is_a	adult optic lobe intrinsic neuron	
720575941645510817	BANC_888:720575941645510817	BANC888	is_a	T5d neuron	
720575941645511624	BANC_888:720575941645511624	BANC888	is_a	adult CB0588 neuron	
720575941645511800	BANC_888:720575941645511800	BANC888	is_a	adult optic lobe intrinsic neuron	
720575941645512865	BANC_888:720575941645512865	BANC888	is_a	T5b neuron	
720575941645514066	BANC_888:720575941645514066	BANC888	is_a	adult optic lobe intrinsic neuron	
720575941645517768	BANC_888:720575941645517768	BANC888	is_a	labellar taste peg mechanosensory neuron	
720575941645521528	BANC_888:720575941645521528	BANC888	is_a	distal medullary amacrine neuron Dm2	
720575941645524050	BANC_888:720575941645524050	BANC888	is_a	adult optic lobe intrinsic neuron	
720575941645527240	BANC_888:720575941645527240	BANC888	is_a	adult CB0930 neuron	
720575941645527378	BANC_888:720575941645527378	BANC888	is_a	adult olfactory receptor neuron Or47b	
720575941645529426	BANC_888:720575941645529426	BANC888	is_a	transmedullary Y neuron TmY14	
720575941645530450	BANC_888:720575941645530450	BANC888	is_a	adult optic lobe intrinsic neuron	
720575941645530488	BANC_888:720575941645530488	BANC888	is_a	adult optic lobe intrinsic neuron	
720575941645531986	BANC_888:720575941645531986	BANC888	is_a	medulla intrinsic neuron Mi15	
720575941645539784	BANC_888:720575941645539784	BANC888	is_a	adult olfactory receptor neuron Or9a	
720575941645541576	BANC_888:720575941645541576	BANC888	is_a	adult anterior ventrolateral protocerebrum neuron 465	
720575941645545554	BANC_888:720575941645545554	BANC888	is_a	medulla intrinsic neuron Mi15	
720575941645545810	BANC_888:720575941645545810	BANC888	is_a	adult optic lobe intrinsic neuron	
720575941645545928	BANC_888:720575941645545928	BANC888	is_a	adult CB0356 neuron	
720575941645546578	BANC_888:720575941645546578	BANC888	is_a	adult CB2064 neuron	
720575941645546616	BANC_888:720575941645546616	BANC888	is_a	adult optic lobe intrinsic neuron	
720575941645547464	BANC_888:720575941645547464	BANC888	is_a	adult superior intermediate protocerebrum neuron 053	
720575941645548664	BANC_888:720575941645548664	BANC888	is_a	T3 neuron	
720575941645550674	BANC_888:720575941645550674	BANC888	is_a	adult optic lobe intrinsic neuron	
720575941645554002	BANC_888:720575941645554002	BANC888	is_a	adult optic lobe intrinsic neuron	
720575941645555282	BANC_888:720575941645555282	BANC888	is_a	adult CB0150 neuron	
720575941645555832	BANC_888:720575941645555832	BANC888	is_a	T4a neuron	
720575941645556168	BANC_888:720575941645556168	BANC888	is_a	adult lobula visual projection neuron LoVP16	
720575941645559122	BANC_888:720575941645559122	BANC888	is_a	medulla intrinsic neuron Mi15	
720575941645559160	BANC_888:720575941645559160	BANC888	is_a	adult optic lobe intrinsic neuron	
720575941645559240	BANC_888:720575941645559240	BANC888	is_a	adult superior intermediate protocerebrum neuron 027	
720575941645560696	BANC_888:720575941645560696	BANC888	is_a	T5a neuron	
720575941645561544	BANC_888:720575941645561544	BANC888	is_a	adult CB0284 neuron	
720575941645562488	BANC_888:720575941645562488	BANC888	is_a	adult optic lobe intrinsic neuron	
720575941645564024	BANC_888:720575941645564024	BANC888	is_a	adult optic lobe intrinsic neuron	
720575941645564872	BANC_888:720575941645564872	BANC888	is_a	mushroom body output neuron 23	
720575941645565010	BANC_888:720575941645565010	BANC888	is_a	adult optic lobe intrinsic neuron	
720575941645566408	BANC_888:720575941645566408	BANC888	is_a	adult CB3060 neuron	
720575941645567314	BANC_888:720575941645567314	BANC888	is_a	transmedullary Y neuron TmY9	
720575941645567688	BANC_888:720575941645567688	BANC888	is_a	adult CB0983 neuron	
720575941645567826	BANC_888:720575941645567826	BANC888	is_a	centrifugal neuron C3	
720575941645568594	BANC_888:720575941645568594	BANC888	is_a	adult optic lobe intrinsic neuron	
720575941645569992	BANC_888:720575941645569992	BANC888	is_a	adult CB3153 neuron	
720575941645571016	BANC_888:720575941645571016	BANC888	is_a	adult saddle neuron 016	
720575941645572040	BANC_888:720575941645572040	BANC888	is_a	adult CB3447 neuron	
720575941645572513	BANC_888:720575941645572513	BANC888	is_a	distal medullary amacrine neuron Dm12	
720575941645574226	BANC_888:720575941645574226	BANC888	is_a	adult optic lobe intrinsic neuron	
720575941645577298	BANC_888:720575941645577298	BANC888	is_a	lamina monopolar neuron L2	
720575941645577416	BANC_888:720575941645577416	BANC888	is_a	adult wedge projection neuron 4	
720575941645577928	BANC_888:720575941645577928	BANC888	is_a	adult anterior ventrolateral protocerebrum neuron 445	
720575941645580488	BANC_888:720575941645580488	BANC888	is_a	distal medullary amacrine neuron Dm3b	FlyBase:FBrf0262545
720575941645581000	BANC_888:720575941645581000	BANC888	is_a	distal medullary amacrine neuron Dm3a	FlyBase:FBrf0262545
720575941645582024	BANC_888:720575941645582024	BANC888	is_a	adult CB1508 neuron	
720575941645582536	BANC_888:720575941645582536	BANC888	is_a	distal medullary amacrine neuron Dm3b	FlyBase:FBrf0262545
720575941645582968	BANC_888:720575941645582968	BANC888	is_a	adult optic lobe intrinsic neuron	
720575941645583048	BANC_888:720575941645583048	BANC888	is_a	distal medullary amacrine neuron Dm3a	FlyBase:FBrf0262545
720575941645584545	BANC_888:720575941645584545	BANC888	is_a	adult optic lobe intrinsic neuron	
720575941645584840	BANC_888:720575941645584840	BANC888	is_a	adult CB0251 neuron	
720575941645586002	BANC_888:720575941645586002	BANC888	is_a	lobula columnar neuron LC25	
720575941645586770	BANC_888:720575941645586770	BANC888	is_a	lobula columnar neuron LC21	
720575941645592184	BANC_888:720575941645592184	BANC888	is_a	adult clamp neuron 080	
720575941645592776	BANC_888:720575941645592776	BANC888	is_a	adult superior medial protocerebrum neuron 413	
720575941645593544	BANC_888:720575941645593544	BANC888	is_a	adult superior medial protocerebrum neuron 204	
720575941645597778	BANC_888:720575941645597778	BANC888	is_a	adult optic lobe intrinsic neuron	
720575941645598034	BANC_888:720575941645598034	BANC888	is_a	adult optic lobe intrinsic neuron	
720575941645599688	BANC_888:720575941645599688	BANC888	is_a	adult superior lateral protocerebrum neuron 005	
720575941645600376	BANC_888:720575941645600376	BANC888	is_a	adult optic lobe intrinsic neuron	
720575941645601992	BANC_888:720575941645601992	BANC888	is_a	adult CB1995 neuron	
720575941645604984	BANC_888:720575941645604984	BANC888	is_a	adult optic lobe intrinsic neuron	
720575941645607073	BANC_888:720575941645607073	BANC888	is_a	adult optic lobe intrinsic neuron	
720575941645608136	BANC_888:720575941645608136	BANC888	is_a	adult gamma Kenyon cell	
720575941645609672	BANC_888:720575941645609672	BANC888	is_a	adult anterior ventrolateral protocerebrum neuron 488	
720575941645611128	BANC_888:720575941645611128	BANC888	is_a	adult optic lobe intrinsic neuron	
720575941645612370	BANC_888:720575941645612370	BANC888	is_a	adult optic lobe intrinsic neuron	
720575941645613256	BANC_888:720575941645613256	BANC888	is_a	adult lateral horn AV3o1 neuron	
720575941645614536	BANC_888:720575941645614536	BANC888	is_a	adult olfactory receptor neuron Or56a	
720575941645616801	BANC_888:720575941645616801	BANC888	is_a	mechanosensory neuron of hair plate	
720575941645617608	BANC_888:720575941645617608	BANC888	is_a	lobula plate intrinsic neuron LPi3-4	FlyBase:FBrf0262545
720575941645618337	BANC_888:720575941645618337	BANC888	is_a	femoral chordotonal hook neuron	
720575941645624952	BANC_888:720575941645624952	BANC888	is_a	transmedullary neuron Tm3	
720575941645632850	BANC_888:720575941645632850	BANC888	is_a	adult lateral horn PV4a10 neuron	
720575941645642913	BANC_888:720575941645642913	BANC888	is_a	lamina monopolar neuron L3	
720575941645643602	BANC_888:720575941645643602	BANC888	is_a	adult optic lobe intrinsic neuron	
720575941645645985	BANC_888:720575941645645985	BANC888	is_a	columnar neuron T1	
720575941645646674	BANC_888:720575941645646674	BANC888	is_a	adult optic lobe intrinsic neuron	
720575941645647521	BANC_888:720575941645647521	BANC888	is_a	lamina monopolar neuron L5	
720575941645652424	BANC_888:720575941645652424	BANC888	is_a	adult optic lobe intrinsic neuron	
720575941645655240	BANC_888:720575941645655240	BANC888	is_a	T5c neuron	
720575941645658962	BANC_888:720575941645658962	BANC888	is_a	adult optic lobe intrinsic neuron	
720575941645664712	BANC_888:720575941645664712	BANC888	is_a	adult optic lobe intrinsic neuron	
720575941645665441	BANC_888:720575941645665441	BANC888	is_a	lamina monopolar neuron L4	
720575941645674104	BANC_888:720575941645674104	BANC888	is_a	lamina monopolar neuron L1	
720575941645675425	BANC_888:720575941645675425	BANC888	is_a	adult SNxx05 neuron	
720575941645676152	BANC_888:720575941645676152	BANC888	is_a	photoreceptor cell R8	
720575941645682258	BANC_888:720575941645682258	BANC888	is_a	adult optic lobe intrinsic neuron	
720575941645683320	BANC_888:720575941645683320	BANC888	is_a	lamina monopolar neuron L1	
720575941645685624	BANC_888:720575941645685624	BANC888	is_a	lamina monopolar neuron L1	
720575941645686866	BANC_888:720575941645686866	BANC888	is_a	adult optic lobe intrinsic neuron	
720575941645689170	BANC_888:720575941645689170	BANC888	is_a	columnar neuron T1	
720575941645691218	BANC_888:720575941645691218	BANC888	is_a	adult optic lobe intrinsic neuron	
720575941645691730	BANC_888:720575941645691730	BANC888	is_a	adult optic lobe intrinsic neuron	
720575941645695649	BANC_888:720575941645695649	BANC888	is_a	metathoracic leg taste bristle chemosensory neuron	
720575941645697144	BANC_888:720575941645697144	BANC888	is_a	adult abdominal multidendritic neuron	
720575941645707169	BANC_888:720575941645707169	BANC888	is_a	bristle sensory neuron	
720575941645710456	BANC_888:720575941645710456	BANC888	is_a	mushroom body output neuron 17	
720575941645710536	BANC_888:720575941645710536	BANC888	is_a	lobula columnar neuron LC10c	
720575941645710792	BANC_888:720575941645710792	BANC888	is_a	adult optic lobe intrinsic neuron	
720575941645712072	BANC_888:720575941645712072	BANC888	is_a	adult central medulla intrinsic neuron Cm9	FlyBase:FBrf0262545
720575941645712840	BANC_888:720575941645712840	BANC888	is_a	medulla intrinsic neuron Mi9	
720575941645713608	BANC_888:720575941645713608	BANC888	is_a	adult optic lobe intrinsic neuron	
720575941645715361	BANC_888:720575941645715361	BANC888	is_a	adult abdominal multidendritic neuron	
720575941645715617	BANC_888:720575941645715617	BANC888	is_a	bristle sensory neuron	
720575941645716050	BANC_888:720575941645716050	BANC888	is_a	adult optic lobe intrinsic neuron	
720575941645720264	BANC_888:720575941645720264	BANC888	is_a	adult lateral horn PV4b3 neuron	
720575941645720952	BANC_888:720575941645720952	BANC888	is_a	lamina monopolar neuron L2	
720575941645720993	BANC_888:720575941645720993	BANC888	is_a	lamina monopolar neuron L1	
720575941645722017	BANC_888:720575941645722017	BANC888	is_a	adult SNta20 neuron	
720575941645723986	BANC_888:720575941645723986	BANC888	is_a	adult optic lobe intrinsic neuron	
720575941645724242	BANC_888:720575941645724242	BANC888	is_a	adult optic lobe intrinsic neuron	
720575941645724321	BANC_888:720575941645724321	BANC888	is_a	adult SNxx05 neuron	
720575941645724577	BANC_888:720575941645724577	BANC888	is_a	bristle sensory neuron	
720575941645731272	BANC_888:720575941645731272	BANC888	is_a	descending neuron of the gnathal ganglion DNge071	
720575941645732001	BANC_888:720575941645732001	BANC888	is_a	centrifugal neuron C2	
720575941645737377	BANC_888:720575941645737377	BANC888	is_a	lamina wide-field 2 neuron	
720575941645738834	BANC_888:720575941645738834	BANC888	is_a	adult optic lobe intrinsic neuron	
720575941645739128	BANC_888:720575941645739128	BANC888	is_a	lamina monopolar neuron L3	
720575941645740449	BANC_888:720575941645740449	BANC888	is_a	lamina monopolar neuron L4	
720575941645740488	BANC_888:720575941645740488	BANC888	is_a	adult optic lobe intrinsic neuron	
720575941645740664	BANC_888:720575941645740664	BANC888	is_a	lamina monopolar neuron L4	
720575941645742497	BANC_888:720575941645742497	BANC888	is_a	lamina wide-field 1 neuron	
720575941645743186	BANC_888:720575941645743186	BANC888	is_a	adult optic lobe intrinsic neuron	
720575941645743816	BANC_888:720575941645743816	BANC888	is_a	distal medullary amacrine neuron Dm3a	FlyBase:FBrf0262545
720575941645744584	BANC_888:720575941645744584	BANC888	is_a	adult lateral horn AV5a1 neuron	
720575941645745272	BANC_888:720575941645745272	BANC888	is_a	mesothoracic leg taste bristle chemosensory neuron	
720575941645746552	BANC_888:720575941645746552	BANC888	is_a	lamina monopolar neuron L1	
720575941645748424	BANC_888:720575941645748424	BANC888	is_a	adult clamp neuron 024	
720575941645749330	BANC_888:720575941645749330	BANC888	is_a	adult optic lobe intrinsic neuron	
720575941645750728	BANC_888:720575941645750728	BANC888	is_a	proximal medullary amacrine neuron Pm2	FlyBase:FBrf0262545
720575941645751634	BANC_888:720575941645751634	BANC888	is_a	lamina monopolar neuron L2	
720575941645752952	BANC_888:720575941645752952	BANC888	is_a	lamina monopolar neuron L5	
720575941645757128	BANC_888:720575941645757128	BANC888	is_a	adult optic lobe intrinsic neuron	
720575941645763666	BANC_888:720575941645763666	BANC888	is_a	adult optic lobe intrinsic neuron	
720575941645764946	BANC_888:720575941645764946	BANC888	is_a	adult optic lobe intrinsic neuron	
720575941645766008	BANC_888:720575941645766008	BANC888	is_a	adult optic lobe intrinsic neuron	
720575941645766226	BANC_888:720575941645766226	BANC888	is_a	adult optic lobe intrinsic neuron	
720575941645769810	BANC_888:720575941645769810	BANC888	is_a	adult optic lobe intrinsic neuron	
720575941645770578	BANC_888:720575941645770578	BANC888	is_a	adult optic lobe intrinsic neuron	
720575941645770657	BANC_888:720575941645770657	BANC888	is_a	T3 neuron	
720575941645771681	BANC_888:720575941645771681	BANC888	is_a	lamina monopolar neuron L5	
720575941645772920	BANC_888:720575941645772920	BANC888	is_a	adult optic lobe intrinsic neuron	
720575941645776978	BANC_888:720575941645776978	BANC888	is_a	lamina monopolar neuron L2	
720575941645782866	BANC_888:720575941645782866	BANC888	is_a	adult optic lobe intrinsic neuron	
720575941645784776	BANC_888:720575941645784776	BANC888	is_a	adult optic lobe intrinsic neuron	
720575941645785938	BANC_888:720575941645785938	BANC888	is_a	adult optic lobe intrinsic neuron	
720575941645786312	BANC_888:720575941645786312	BANC888	is_a	T5c neuron	
720575941645791944	BANC_888:720575941645791944	BANC888	is_a	mechanosensory neuron of interommatidial bristle	
720575941645792376	BANC_888:720575941645792376	BANC888	is_a	T2a neuron	
720575941645792850	BANC_888:720575941645792850	BANC888	is_a	adult lobula intrinsic neuron Li13	FlyBase:FBrf0262545
720575941645793656	BANC_888:720575941645793656	BANC888	is_a	adult optic lobe intrinsic neuron	
720575941645793697	BANC_888:720575941645793697	BANC888	is_a	adult optic lobe intrinsic neuron	
720575941645798482	BANC_888:720575941645798482	BANC888	is_a	adult lobula intrinsic neuron Li23	FlyBase:FBrf0262545
720575941645801554	BANC_888:720575941645801554	BANC888	is_a	T2a neuron	
720575941645803602	BANC_888:720575941645803602	BANC888	is_a	adult optic lobe intrinsic neuron	
720575941645804408	BANC_888:720575941645804408	BANC888	is_a	lamina monopolar neuron L4	
720575941645806674	BANC_888:720575941645806674	BANC888	is_a	lobula tangential neuron	
720575941645807992	BANC_888:720575941645807992	BANC888	is_a	lamina monopolar neuron L4	
720575941645811794	BANC_888:720575941645811794	BANC888	is_a	transmedullary neuron Tm3	
720575941645816402	BANC_888:720575941645816402	BANC888	is_a	adult optic lobe intrinsic neuron	
720575941645817249	BANC_888:720575941645817249	BANC888	is_a	lamina monopolar neuron L5	
720575941645818017	BANC_888:720575941645818017	BANC888	is_a	photoreceptor cell R7	
720575941645820577	BANC_888:720575941645820577	BANC888	is_a	centrifugal neuron C2	
720575941645821640	BANC_888:720575941645821640	BANC888	is_a	adult optic lobe intrinsic neuron	
720575941645822290	BANC_888:720575941645822290	BANC888	is_a	adult optic lobe intrinsic neuron	
720575941645824082	BANC_888:720575941645824082	BANC888	is_a	adult transmedullary Y neuron TmY19a	FlyBase:FBrf0262545
720575941645824338	BANC_888:720575941645824338	BANC888	is_a	lobula plate-lobula columnar neuron LPLC2	
720575941645824594	BANC_888:720575941645824594	BANC888	is_a	adult optic lobe intrinsic neuron	
720575941645825106	BANC_888:720575941645825106	BANC888	is_a	adult Li34 neuron	FlyBase:FBrf0262545
720575941645828040	BANC_888:720575941645828040	BANC888	is_a	adult optic lobe intrinsic neuron	
720575941645828216	BANC_888:720575941645828216	BANC888	is_a	lamina monopolar neuron L5	
720575941645831250	BANC_888:720575941645831250	BANC888	is_a	lamina monopolar neuron L4	
720575941645835169	BANC_888:720575941645835169	BANC888	is_a	lamina monopolar neuron L5	
720575941645835425	BANC_888:720575941645835425	BANC888	is_a	lamina monopolar neuron L1	
720575941645837176	BANC_888:720575941645837176	BANC888	is_a	lamina monopolar neuron L4	
720575941645837256	BANC_888:720575941645837256	BANC888	is_a	adult optic lobe intrinsic neuron	
720575941645843912	BANC_888:720575941645843912	BANC888	is_a	adult optic lobe intrinsic neuron	
720575941645844385	BANC_888:720575941645844385	BANC888	is_a	lobula plate-lobula columnar neuron LPLC2	
720575941645847201	BANC_888:720575941645847201	BANC888	is_a	lamina monopolar neuron L4	
720575941645851041	BANC_888:720575941645851041	BANC888	is_a	zone E Johnston organ neuron	
720575941645859784	BANC_888:720575941645859784	BANC888	is_a	medulla intrinsic neuron Mi4	
720575941645864865	BANC_888:720575941645864865	BANC888	is_a	photoreceptor cell R8	
720575941645867464	BANC_888:720575941645867464	BANC888	is_a	adult olfactory receptor neuron Or10a	
720575941645871048	BANC_888:720575941645871048	BANC888	is_a	adult optic lobe intrinsic neuron	
720575941645872801	BANC_888:720575941645872801	BANC888	is_a	lamina monopolar neuron L5	
720575941645880264	BANC_888:720575941645880264	BANC888	is_a	adult optic lobe intrinsic neuron	
720575941645883809	BANC_888:720575941645883809	BANC888	is_a	transmedullary Y neuron TmY14	
720575941645884833	BANC_888:720575941645884833	BANC888	is_a	adult optic lobe intrinsic neuron	
720575941645890680	BANC_888:720575941645890680	BANC888	is_a	adult optic lobe intrinsic neuron	
720575941645896136	BANC_888:720575941645896136	BANC888	is_a	Y neuron Y12	
720575941645922209	BANC_888:720575941645922209	BANC888	is_a	medulla intrinsic neuron Mi9	
720575941645923784	BANC_888:720575941645923784	BANC888	is_a	adult optic lobe intrinsic neuron	
720575941645926049	BANC_888:720575941645926049	BANC888	is_a	adult lobula visual projection neuron LoVP94	
720575941645930104	BANC_888:720575941645930104	BANC888	is_a	bristle sensory neuron	
720575941645931681	BANC_888:720575941645931681	BANC888	is_a	lamina monopolar neuron L4	
720575941645936801	BANC_888:720575941645936801	BANC888	is_a	adult anterior ventrolateral protocerebrum neuron 083	
720575941645938849	BANC_888:720575941645938849	BANC888	is_a	adult CB3043 neuron	
720575941645939105	BANC_888:720575941645939105	BANC888	is_a	adult superior medial protocerebrum neuron 409	
720575941645939873	BANC_888:720575941645939873	BANC888	is_a	adult fan-shaped body 1 column-rubus neuron 1	
720575941645941665	BANC_888:720575941645941665	BANC888	is_a	adult superior lateral protocerebrum neuron 288	
720575941645945505	BANC_888:720575941645945505	BANC888	is_a	adult lateral horn AV3g2 neuron	
720575941645946273	BANC_888:720575941645946273	BANC888	is_a	adult CB1981 neuron	
720575941645947553	BANC_888:720575941645947553	BANC888	is_a	adult CB2442 neuron	
720575941645948577	BANC_888:720575941645948577	BANC888	is_a	adult CB1245 neuron	
720575941645949089	BANC_888:720575941645949089	BANC888	is_a	adult superior lateral protocerebrum neuron 344	
720575941645955192	BANC_888:720575941645955192	BANC888	is_a	adult SNta20 neuron	
720575941645962616	BANC_888:720575941645962616	BANC888	is_a	adult optic lobe intrinsic neuron	
720575941645962657	BANC_888:720575941645962657	BANC888	is_a	adult CB3735 neuron	
720575941645963128	BANC_888:720575941645963128	BANC888	is_a	adult CB1304 neuron	
720575941645964152	BANC_888:720575941645964152	BANC888	is_a	adult CB1774 neuron	
720575941645964705	BANC_888:720575941645964705	BANC888	is_a	adult CB1126 neuron	
720575941645965217	BANC_888:720575941645965217	BANC888	is_a	adult CB2701 neuron	
720575941645967009	BANC_888:720575941645967009	BANC888	is_a	adult CB1932 neuron	
720575941645967521	BANC_888:720575941645967521	BANC888	is_a	adult lateral horn PV5a1 neuron	
720575941645968248	BANC_888:720575941645968248	BANC888	is_a	columnar neuron T1	
720575941645968840	BANC_888:720575941645968840	BANC888	is_a	lamina monopolar neuron L1	
720575941645969313	BANC_888:720575941645969313	BANC888	is_a	adult clamp neuron 029	
720575941645970040	BANC_888:720575941645970040	BANC888	is_a	adult superior medial protocerebrum neuron 152	
720575941645970081	BANC_888:720575941645970081	BANC888	is_a	adult ascending neuron	
720575941645970337	BANC_888:720575941645970337	BANC888	is_a	adult CB2344 neuron	
720575941645971400	BANC_888:720575941645971400	BANC888	is_a	lamina monopolar neuron L1	
720575941645972088	BANC_888:720575941645972088	BANC888	is_a	adult CB2259 neuron	
720575941645973960	BANC_888:720575941645973960	BANC888	is_a	adult SNta21 neuron	
720575941645977505	BANC_888:720575941645977505	BANC888	is_a	adult superior medial protocerebrum neuron 107	
720575941645977761	BANC_888:720575941645977761	BANC888	is_a	adult saddle neuron 014	
720575941645978017	BANC_888:720575941645978017	BANC888	is_a	adult clamp neuron 074	
720575941645978785	BANC_888:720575941645978785	BANC888	is_a	adult endocrine corazonin neuron of brain	
720575941645979768	BANC_888:720575941645979768	BANC888	is_a	adult CB0450 neuron	
720575941645981640	BANC_888:720575941645981640	BANC888	is_a	photoreceptor cell R7	
720575941645981816	BANC_888:720575941645981816	BANC888	is_a	adult clamp neuron 086	
720575941645982625	BANC_888:720575941645982625	BANC888	is_a	adult CB1990 neuron	
720575941645990305	BANC_888:720575941645990305	BANC888	is_a	visual projection neuron	
720575941645994360	BANC_888:720575941645994360	BANC888	is_a	adult CB1249 neuron	
720575941645994401	BANC_888:720575941645994401	BANC888	is_a	adult CB2194 neuron	
720575941645994913	BANC_888:720575941645994913	BANC888	is_a	adult CB2269 neuron	
720575941646000584	BANC_888:720575941646000584	BANC888	is_a	lamina monopolar neuron L4	
720575941646001016	BANC_888:720575941646001016	BANC888	is_a	adult fan-shaped body vertical delta neuron	FlyBase:FBrf0246888
720575941646002040	BANC_888:720575941646002040	BANC888	is_a	dopaminergic PAM neuron 8	
720575941646002552	BANC_888:720575941646002552	BANC888	is_a	adult superior lateral protocerebrum neuron 289	
720575941646003064	BANC_888:720575941646003064	BANC888	is_a	adult fan-shaped body 1 column-crepine neuron	FlyBase:FBrf0246888
720575941646004385	BANC_888:720575941646004385	BANC888	is_a	adult medulla visual projection neuron MeVP6	FlyBase:FBrf0262545
720575941646005704	BANC_888:720575941646005704	BANC888	is_a	photoreceptor cell R7	
720575941646006945	BANC_888:720575941646006945	BANC888	is_a	adult optic lobe intrinsic neuron	
720575941646007496	BANC_888:720575941646007496	BANC888	is_a	adult CB2357 neuron	
720575941646008264	BANC_888:720575941646008264	BANC888	is_a	zone E Johnston organ neuron	
720575941646010568	BANC_888:720575941646010568	BANC888	is_a	lamina monopolar neuron L2	
720575941646011809	BANC_888:720575941646011809	BANC888	is_a	lobula plate columnar neuron LPC1	
720575941646015864	BANC_888:720575941646015864	BANC888	is_a	adult wedge neuron 053	
720575941646016888	BANC_888:720575941646016888	BANC888	is_a	adult superior lateral protocerebrum neuron 300	
720575941646017697	BANC_888:720575941646017697	BANC888	is_a	T4b neuron	
720575941646019192	BANC_888:720575941646019192	BANC888	is_a	adult CB1656 neuron	
720575941646020472	BANC_888:720575941646020472	BANC888	is_a	adult CB0087 neuron	
720575941646020984	BANC_888:720575941646020984	BANC888	is_a	dopaminergic PAM neuron 7	
720575941646024824	BANC_888:720575941646024824	BANC888	is_a	T2a neuron	
720575941646025848	BANC_888:720575941646025848	BANC888	is_a	adult optic lobe intrinsic neuron	
720575941646026440	BANC_888:720575941646026440	BANC888	is_a	adult optic lobe intrinsic neuron	
720575941646027681	BANC_888:720575941646027681	BANC888	is_a	adult optic lobe intrinsic neuron	
720575941646029176	BANC_888:720575941646029176	BANC888	is_a	adult optic lobe intrinsic neuron	
720575941646037153	BANC_888:720575941646037153	BANC888	is_a	adult optic lobe intrinsic neuron	
720575941646038433	BANC_888:720575941646038433	BANC888	is_a	lamina monopolar neuron L1	
720575941646041800	BANC_888:720575941646041800	BANC888	is_a	adult fan-shaped body layer 2 neuron of CP2 lineage	
720575941646044024	BANC_888:720575941646044024	BANC888	is_a	adult optic lobe intrinsic neuron	
720575941646046584	BANC_888:720575941646046584	BANC888	is_a	medulla intrinsic neuron Mi9	
720575941646047608	BANC_888:720575941646047608	BANC888	is_a	adult optic lobe intrinsic neuron	
720575941646048456	BANC_888:720575941646048456	BANC888	is_a	centrifugal neuron C3	
720575941646048712	BANC_888:720575941646048712	BANC888	is_a	photoreceptor cell R8	
720575941646049953	BANC_888:720575941646049953	BANC888	is_a	columnar neuron T1	
720575941646052216	BANC_888:720575941646052216	BANC888	is_a	proximal medullary amacrine neuron Pm2	FlyBase:FBrf0262545
720575941646061512	BANC_888:720575941646061512	BANC888	is_a	transmedullary Y neuron TmY3	
720575941646062200	BANC_888:720575941646062200	BANC888	is_a	lamina monopolar neuron L1	
720575941646062241	BANC_888:720575941646062241	BANC888	is_a	adult optic lobe intrinsic neuron	
720575941646065528	BANC_888:720575941646065528	BANC888	is_a	adult optic lobe intrinsic neuron	
720575941646068897	BANC_888:720575941646068897	BANC888	is_a	transmedullary neuron Tm1	
720575941646072696	BANC_888:720575941646072696	BANC888	is_a	adult optic lobe intrinsic neuron	
720575941646079649	BANC_888:720575941646079649	BANC888	is_a	l-LNv neuron	
720575941646081185	BANC_888:720575941646081185	BANC888	is_a	adult optic lobe intrinsic neuron	
720575941646081992	BANC_888:720575941646081992	BANC888	is_a	adult optic lobe intrinsic neuron	
720575941646082680	BANC_888:720575941646082680	BANC888	is_a	adult optic lobe intrinsic neuron	
720575941646091896	BANC_888:720575941646091896	BANC888	is_a	adult optic lobe intrinsic neuron	
720575941646092961	BANC_888:720575941646092961	BANC888	is_a	lamina monopolar neuron L1	
720575941646093768	BANC_888:720575941646093768	BANC888	is_a	photoreceptor cell R7	
720575941646094712	BANC_888:720575941646094712	BANC888	is_a	lamina monopolar neuron L5	
720575941646095480	BANC_888:720575941646095480	BANC888	is_a	adult IN12B025 neuron	
720575941646100385	BANC_888:720575941646100385	BANC888	is_a	lamina monopolar neuron L2	
720575941646102433	BANC_888:720575941646102433	BANC888	is_a	transmedullary neuron Tm4	
720575941646102689	BANC_888:720575941646102689	BANC888	is_a	adult optic lobe intrinsic neuron	
720575941646106568	BANC_888:720575941646106568	BANC888	is_a	transmedullary neuron Tm4	
720575941646112120	BANC_888:720575941646112120	BANC888	is_a	adult IN13B090 neuron	
720575941646113400	BANC_888:720575941646113400	BANC888	is_a	adult CB3267 neuron	
720575941646114936	BANC_888:720575941646114936	BANC888	is_a	adult optic lobe intrinsic neuron	
720575941646116728	BANC_888:720575941646116728	BANC888	is_a	lobula columnar neuron LC9	
720575941646117496	BANC_888:720575941646117496	BANC888	is_a	adult medulla visual projection neuron MeVP6	FlyBase:FBrf0262545
720575941646124193	BANC_888:720575941646124193	BANC888	is_a	adult CB0451 neuron	
720575941646126200	BANC_888:720575941646126200	BANC888	is_a	bristle sensory neuron	
720575941646134945	BANC_888:720575941646134945	BANC888	is_a	adult optic lobe intrinsic neuron	
720575941646139041	BANC_888:720575941646139041	BANC888	is_a	adult optic lobe intrinsic neuron	
720575941646142920	BANC_888:720575941646142920	BANC888	is_a	photoreceptor cell R8	
720575941646146209	BANC_888:720575941646146209	BANC888	is_a	adult optic lobe intrinsic neuron	
720575941646149025	BANC_888:720575941646149025	BANC888	is_a	adult Li34 neuron	FlyBase:FBrf0262545
720575941646149793	BANC_888:720575941646149793	BANC888	is_a	adult optic lobe intrinsic neuron	
720575941646153336	BANC_888:720575941646153336	BANC888	is_a	adult optic lobe intrinsic neuron	
720575941646153928	BANC_888:720575941646153928	BANC888	is_a	adult optic lobe intrinsic neuron	
720575941646156449	BANC_888:720575941646156449	BANC888	is_a	adult CB1390 neuron	
720575941646159480	BANC_888:720575941646159480	BANC888	is_a	adult optic lobe intrinsic neuron	
720575941646161528	BANC_888:720575941646161528	BANC888	is_a	transmedullary neuron Tm2	
720575941646161825	BANC_888:720575941646161825	BANC888	is_a	photoreceptor cell R8	
720575941646163361	BANC_888:720575941646163361	BANC888	is_a	adult CB2919 neuron	
720575941646163832	BANC_888:720575941646163832	BANC888	is_a	adult posterior ventrolateral protocerebrum neuron 025	
720575941646164088	BANC_888:720575941646164088	BANC888	is_a	T2a neuron	
720575941646164424	BANC_888:720575941646164424	BANC888	is_a	transmedullary neuron Tm5a	
720575941646165880	BANC_888:720575941646165880	BANC888	is_a	adult optic lobe intrinsic neuron	
720575941646167969	BANC_888:720575941646167969	BANC888	is_a	mechanosensory neuron of hair plate	
720575941646168952	BANC_888:720575941646168952	BANC888	is_a	proximal medullary amacrine neuron Pm2	FlyBase:FBrf0262545
720575941646169544	BANC_888:720575941646169544	BANC888	is_a	zone E Johnston organ neuron	
720575941646171297	BANC_888:720575941646171297	BANC888	is_a	adult medulla-tubercle neuron 1	
720575941646171768	BANC_888:720575941646171768	BANC888	is_a	adult lobula tangential neuron LT52	
720575941646173089	BANC_888:720575941646173089	BANC888	is_a	adult optic lobe intrinsic neuron	
720575941646176161	BANC_888:720575941646176161	BANC888	is_a	adult optic lobe intrinsic neuron	
720575941646178977	BANC_888:720575941646178977	BANC888	is_a	transmedullary Y neuron TmY10	
720575941646180984	BANC_888:720575941646180984	BANC888	is_a	distal medullary amacrine neuron Dm3a	FlyBase:FBrf0262545
720575941646181025	BANC_888:720575941646181025	BANC888	is_a	T2a neuron	
720575941646181496	BANC_888:720575941646181496	BANC888	is_a	T2 neuron	
720575941646182520	BANC_888:720575941646182520	BANC888	is_a	medulla intrinsic neuron Mi1	
720575941646184353	BANC_888:720575941646184353	BANC888	is_a	distal medullary amacrine neuron Dm2	
720575941646186401	BANC_888:720575941646186401	BANC888	is_a	T2a neuron	
720575941646186616	BANC_888:720575941646186616	BANC888	is_a	T3 neuron	
720575941646186657	BANC_888:720575941646186657	BANC888	is_a	adult optic lobe intrinsic neuron	
720575941646187128	BANC_888:720575941646187128	BANC888	is_a	adult optic lobe intrinsic neuron	
720575941646189985	BANC_888:720575941646189985	BANC888	is_a	adult optic lobe intrinsic neuron	
720575941646191048	BANC_888:720575941646191048	BANC888	is_a	lamina monopolar neuron L2	
720575941646192545	BANC_888:720575941646192545	BANC888	is_a	lamina monopolar neuron L1	
720575941646194808	BANC_888:720575941646194808	BANC888	is_a	adult optic lobe intrinsic neuron	
720575941646196129	BANC_888:720575941646196129	BANC888	is_a	adult anterior ventrolateral protocerebrum neuron 216	
720575941646196344	BANC_888:720575941646196344	BANC888	is_a	adult optic lobe intrinsic neuron	
720575941646196385	BANC_888:720575941646196385	BANC888	is_a	adult antennal lobe projection neuron VA7m lPN	
720575941646198689	BANC_888:720575941646198689	BANC888	is_a	T4b neuron	
720575941646199201	BANC_888:720575941646199201	BANC888	is_a	T2a neuron	
720575941646199416	BANC_888:720575941646199416	BANC888	is_a	T2 neuron	
720575941646201761	BANC_888:720575941646201761	BANC888	is_a	adult anterior ventrolateral protocerebrum neuron 055	
720575941646202529	BANC_888:720575941646202529	BANC888	is_a	adult CB1794 neuron	
720575941646202785	BANC_888:720575941646202785	BANC888	is_a	adult superior intermediate protocerebrum neuron 011	
720575941646205089	BANC_888:720575941646205089	BANC888	is_a	adult IN13B073 neuron	
720575941646210209	BANC_888:720575941646210209	BANC888	is_a	lobula columnar neuron LC10c	
720575941646212728	BANC_888:720575941646212728	BANC888	is_a	adult optic lobe intrinsic neuron	
720575941646214344	BANC_888:720575941646214344	BANC888	is_a	lamina monopolar neuron L2	
720575941646215032	BANC_888:720575941646215032	BANC888	is_a	adult CB2593 neuron	
720575941646216568	BANC_888:720575941646216568	BANC888	is_a	T5c neuron	
720575941646216609	BANC_888:720575941646216609	BANC888	is_a	adult optic lobe intrinsic neuron	
720575941646218145	BANC_888:720575941646218145	BANC888	is_a	transmedullary neuron Tm1	
720575941646221000	BANC_888:720575941646221000	BANC888	is_a	adult optic lobe intrinsic neuron	
720575941646221512	BANC_888:720575941646221512	BANC888	is_a	lamina monopolar neuron L4	
720575941646221985	BANC_888:720575941646221985	BANC888	is_a	transmedullary neuron Tm3	
720575941646222536	BANC_888:720575941646222536	BANC888	is_a	adult optic lobe intrinsic neuron	
720575941646222712	BANC_888:720575941646222712	BANC888	is_a	medulla intrinsic neuron Mi15	
720575941646223224	BANC_888:720575941646223224	BANC888	is_a	distal medullary amacrine neuron Dm15	
720575941646228344	BANC_888:720575941646228344	BANC888	is_a	adult optic lobe intrinsic neuron	
720575941646230177	BANC_888:720575941646230177	BANC888	is_a	adult optic lobe intrinsic neuron	
720575941646230216	BANC_888:720575941646230216	BANC888	is_a	photoreceptor cell R8	
720575941646230472	BANC_888:720575941646230472	BANC888	is_a	adult CB0739 neuron	
720575941646231752	BANC_888:720575941646231752	BANC888	is_a	adult mAL-PN lateral horn input neuron	
720575941646233720	BANC_888:720575941646233720	BANC888	is_a	distal medullary amacrine neuron Dm3c	FlyBase:FBrf0262545
720575941646233976	BANC_888:720575941646233976	BANC888	is_a	lamina monopolar neuron L1	
720575941646237816	BANC_888:720575941646237816	BANC888	is_a	transmedullary Y neuron TmY4	
720575941646238408	BANC_888:720575941646238408	BANC888	is_a	adult crepine neuron 070	
720575941646239176	BANC_888:720575941646239176	BANC888	is_a	gamma main Kenyon cell	
720575941646240376	BANC_888:720575941646240376	BANC888	is_a	adult optic lobe intrinsic neuron	
720575941646242504	BANC_888:720575941646242504	BANC888	is_a	adult CB1819 neuron	
720575941646243528	BANC_888:720575941646243528	BANC888	is_a	adult superior medial protocerebrum neuron 146	
720575941646245025	BANC_888:720575941646245025	BANC888	is_a	adult optic lobe intrinsic neuron	
720575941646245496	BANC_888:720575941646245496	BANC888	is_a	adult optic lobe intrinsic neuron	
720575941646245576	BANC_888:720575941646245576	BANC888	is_a	adult posterior lateral protocerebrum neuron 247	
720575941646247585	BANC_888:720575941646247585	BANC888	is_a	adult optic lobe intrinsic neuron	
720575941646248312	BANC_888:720575941646248312	BANC888	is_a	adult optic lobe intrinsic neuron	
720575941646250184	BANC_888:720575941646250184	BANC888	is_a	adult lateral accessory lobe neuron 150	
720575941646252408	BANC_888:720575941646252408	BANC888	is_a	dopaminergic PAM neuron 15	
720575941646252961	BANC_888:720575941646252961	BANC888	is_a	adult optic lobe intrinsic neuron	
720575941646253000	BANC_888:720575941646253000	BANC888	is_a	adult lobula visual projection neuron LoVP28	
720575941646253176	BANC_888:720575941646253176	BANC888	is_a	adult abdominal multidendritic neuron	
720575941646254200	BANC_888:720575941646254200	BANC888	is_a	adult optic lobe intrinsic neuron	
720575941646255777	BANC_888:720575941646255777	BANC888	is_a	adult IN12B087 neuron	
720575941646256328	BANC_888:720575941646256328	BANC888	is_a	adult CB0495 neuron	
720575941646260129	BANC_888:720575941646260129	BANC888	is_a	adult CB1508 neuron	
720575941646260168	BANC_888:720575941646260168	BANC888	is_a	adult clamp neuron 165	
720575941646264225	BANC_888:720575941646264225	BANC888	is_a	adult superior lateral protocerebrum neuron 364	
720575941646264993	BANC_888:720575941646264993	BANC888	is_a	adult AN02A001 neuron	
720575941646269128	BANC_888:720575941646269128	BANC888	is_a	adult CB3192 neuron	
720575941646270408	BANC_888:720575941646270408	BANC888	is_a	adult CB1721 neuron	
720575941646270664	BANC_888:720575941646270664	BANC888	is_a	adult CB3652 neuron	
720575941646271176	BANC_888:720575941646271176	BANC888	is_a	adult central brain intrinsic neuron	
720575941646272161	BANC_888:720575941646272161	BANC888	is_a	adult olfactory receptor neuron Or88a	
720575941646272888	BANC_888:720575941646272888	BANC888	is_a	adult optic lobe intrinsic neuron	
720575941646273953	BANC_888:720575941646273953	BANC888	is_a	adult clamp neuron 027	
720575941646273992	BANC_888:720575941646273992	BANC888	is_a	adult CB2689 neuron	
720575941646277576	BANC_888:720575941646277576	BANC888	is_a	adult CB3084 neuron	
720575941646280865	BANC_888:720575941646280865	BANC888	is_a	transmedullary neuron Tm9	
720575941646281121	BANC_888:720575941646281121	BANC888	is_a	adult SNxx04 neuron	
720575941646283128	BANC_888:720575941646283128	BANC888	is_a	lamina monopolar neuron L5	
720575941646288328	BANC_888:720575941646288328	BANC888	is_a	adult lateral horn centrifugal neuron 13	
720575941646288504	BANC_888:720575941646288504	BANC888	is_a	adult optic lobe intrinsic neuron	
720575941646288584	BANC_888:720575941646288584	BANC888	is_a	lobula columnar neuron LC12	
720575941646290120	BANC_888:720575941646290120	BANC888	is_a	adult lateral horn AD1b3 neuron	
720575941646290337	BANC_888:720575941646290337	BANC888	is_a	T5c neuron	
720575941646291832	BANC_888:720575941646291832	BANC888	is_a	adult optic lobe intrinsic neuron	
720575941646295457	BANC_888:720575941646295457	BANC888	is_a	adult central medulla neuron Cm11	FlyBase:FBrf0262545
720575941646295752	BANC_888:720575941646295752	BANC888	is_a	adult CB1170 neuron	
720575941646297505	BANC_888:720575941646297505	BANC888	is_a	adult olfactory receptor neuron Or2a	
720575941646299080	BANC_888:720575941646299080	BANC888	is_a	adult CB3095 neuron	
720575941646301640	BANC_888:720575941646301640	BANC888	is_a	adult CB2495 neuron	
720575941646303393	BANC_888:720575941646303393	BANC888	is_a	proximal medullary amacrine neuron Pm2	FlyBase:FBrf0262545
720575941646304161	BANC_888:720575941646304161	BANC888	is_a	medulla columnar neuron MC64	
720575941646304673	BANC_888:720575941646304673	BANC888	is_a	adult SNta26 neuron	
720575941646305400	BANC_888:720575941646305400	BANC888	is_a	T2a neuron	
720575941646306168	BANC_888:720575941646306168	BANC888	is_a	adult optic lobe intrinsic neuron	
720575941646307528	BANC_888:720575941646307528	BANC888	is_a	adult IN19B080 neuron	
720575941646308040	BANC_888:720575941646308040	BANC888	is_a	adult fan-shaped body 1 column-superior medial protocerebrum neuron	FlyBase:FBrf0246888
720575941646310008	BANC_888:720575941646310008	BANC888	is_a	adult IN03B077 neuron	
720575941646310600	BANC_888:720575941646310600	BANC888	is_a	adult CB1033 neuron	
720575941646311032	BANC_888:720575941646311032	BANC888	is_a	T2 neuron	
720575941646311288	BANC_888:720575941646311288	BANC888	is_a	adult optic lobe intrinsic neuron	
720575941646311329	BANC_888:720575941646311329	BANC888	is_a	T5a neuron	
720575941646317217	BANC_888:720575941646317217	BANC888	is_a	distal medullary amacrine neuron Dm3b	FlyBase:FBrf0262545
720575941646317473	BANC_888:720575941646317473	BANC888	is_a	transmedullary neuron Tm4	
720575941646318280	BANC_888:720575941646318280	BANC888	is_a	adult lateral horn AV2b7 neuron	
720575941646321057	BANC_888:720575941646321057	BANC888	is_a	adult IN03A034 neuron	
720575941646321825	BANC_888:720575941646321825	BANC888	is_a	transmedullary neuron Tm6	FlyBase:FBrf0262545
720575941646322593	BANC_888:720575941646322593	BANC888	is_a	adult lobula intrinsic neuron Li25	FlyBase:FBrf0262545
720575941646323400	BANC_888:720575941646323400	BANC888	is_a	adult wedge neuron 034	
720575941646324129	BANC_888:720575941646324129	BANC888	is_a	adult optic lobe intrinsic neuron	
720575941646325704	BANC_888:720575941646325704	BANC888	is_a	lamina monopolar neuron L5	
720575941646329544	BANC_888:720575941646329544	BANC888	is_a	lamina monopolar neuron L5	
720575941646331256	BANC_888:720575941646331256	BANC888	is_a	transmedullary neuron Tm3	
720575941646332360	BANC_888:720575941646332360	BANC888	is_a	lamina monopolar neuron L5	
720575941646333816	BANC_888:720575941646333816	BANC888	is_a	proximal medullary amacrine neuron Pm2	FlyBase:FBrf0262545
720575941646335864	BANC_888:720575941646335864	BANC888	is_a	adult lobula intrinsic neuron Li18a	FlyBase:FBrf0262545
720575941646336376	BANC_888:720575941646336376	BANC888	is_a	adult IN18B055 neuron	
720575941646336632	BANC_888:720575941646336632	BANC888	is_a	adult optic lobe intrinsic neuron	
720575941646336968	BANC_888:720575941646336968	BANC888	is_a	adult SNxx03 neuron	
720575941646337480	BANC_888:720575941646337480	BANC888	is_a	adult IN13B004 neuron	
720575941646338168	BANC_888:720575941646338168	BANC888	is_a	transmedullary neuron Tm1	
720575941646338760	BANC_888:720575941646338760	BANC888	is_a	visual projection neuron	
720575941646339960	BANC_888:720575941646339960	BANC888	is_a	adult IN00A024 neuron	
720575941646340001	BANC_888:720575941646340001	BANC888	is_a	adult medulla-tubercle neuron 1	
720575941646342008	BANC_888:720575941646342008	BANC888	is_a	distal medullary amacrine neuron Dm3b	FlyBase:FBrf0262545
720575941646342049	BANC_888:720575941646342049	BANC888	is_a	T3 neuron	
720575941646342776	BANC_888:720575941646342776	BANC888	is_a	lamina wide-field 2 neuron	
720575941646344097	BANC_888:720575941646344097	BANC888	is_a	adult optic lobe intrinsic neuron	
720575941646344353	BANC_888:720575941646344353	BANC888	is_a	lobula columnar neuron LC10b	
720575941646347384	BANC_888:720575941646347384	BANC888	is_a	medulla intrinsic neuron Mi9	
720575941646349432	BANC_888:720575941646349432	BANC888	is_a	adult SNta23 neuron	
720575941646349944	BANC_888:720575941646349944	BANC888	is_a	adult IN03A003 neuron	
720575941646353096	BANC_888:720575941646353096	BANC888	is_a	transmedullary Y neuron TmY14	
720575941646353352	BANC_888:720575941646353352	BANC888	is_a	adult transmedullary Y neuron TmY19b	FlyBase:FBrf0262545
720575941646353528	BANC_888:720575941646353528	BANC888	is_a	lobula plate intrinsic neuron LPi34-12	FlyBase:FBrf0262545
720575941646355361	BANC_888:720575941646355361	BANC888	is_a	adult antennal olfactory receptor neuron	
720575941646356088	BANC_888:720575941646356088	BANC888	is_a	proximal medullary amacrine neuron Pm1	FlyBase:FBrf0262545
720575941646357880	BANC_888:720575941646357880	BANC888	is_a	adult medulla visual projection neuron MeVP16	FlyBase:FBrf0262545
720575941646361208	BANC_888:720575941646361208	BANC888	is_a	adult optic lobe intrinsic neuron	
720575941646363336	BANC_888:720575941646363336	BANC888	is_a	adult optic lobe intrinsic neuron	
720575941646367864	BANC_888:720575941646367864	BANC888	is_a	T5a neuron	
720575941646369912	BANC_888:720575941646369912	BANC888	is_a	adult optic lobe intrinsic neuron	
720575941646370680	BANC_888:720575941646370680	BANC888	is_a	adult optic lobe intrinsic neuron	
720575941646372769	BANC_888:720575941646372769	BANC888	is_a	lamina monopolar neuron L1	
720575941646373496	BANC_888:720575941646373496	BANC888	is_a	T5b neuron	
720575941646373793	BANC_888:720575941646373793	BANC888	is_a	transmedullary neuron Tm12	FlyBase:FBrf0262545
720575941646377121	BANC_888:720575941646377121	BANC888	is_a	adult optic lobe intrinsic neuron	
720575941646377889	BANC_888:720575941646377889	BANC888	is_a	T5b neuron	
720575941646379208	BANC_888:720575941646379208	BANC888	is_a	adult optic lobe intrinsic neuron	
720575941646379425	BANC_888:720575941646379425	BANC888	is_a	lobula columnar neuron LC21	
720575941646379464	BANC_888:720575941646379464	BANC888	is_a	T3 neuron	
720575941646382200	BANC_888:720575941646382200	BANC888	is_a	lamina monopolar neuron L3	
720575941646382456	BANC_888:720575941646382456	BANC888	is_a	photoreceptor cell R7	
720575941646382968	BANC_888:720575941646382968	BANC888	is_a	adult olfactory receptor neuron Or67b	
720575941646386040	BANC_888:720575941646386040	BANC888	is_a	adult optic lobe intrinsic neuron	
720575941646387064	BANC_888:720575941646387064	BANC888	is_a	adult optic lobe intrinsic neuron	
720575941646388600	BANC_888:720575941646388600	BANC888	is_a	adult optic lobe intrinsic neuron	
720575941646392184	BANC_888:720575941646392184	BANC888	is_a	adult optic lobe intrinsic neuron	
720575941646397857	BANC_888:720575941646397857	BANC888	is_a	adult optic lobe intrinsic neuron	
720575941646398881	BANC_888:720575941646398881	BANC888	is_a	adult optic lobe intrinsic neuron	
720575941646399432	BANC_888:720575941646399432	BANC888	is_a	adult optic lobe intrinsic neuron	
720575941646400417	BANC_888:720575941646400417	BANC888	is_a	columnar neuron T1	
720575941646407329	BANC_888:720575941646407329	BANC888	is_a	adult optic lobe intrinsic neuron	
720575941646408904	BANC_888:720575941646408904	BANC888	is_a	transmedullary neuron Tm6	FlyBase:FBrf0262545
720575941646409080	BANC_888:720575941646409080	BANC888	is_a	adult olfactory receptor neuron Or59b	
720575941646409848	BANC_888:720575941646409848	BANC888	is_a	adult medulla visual projection neuron MeVP6	FlyBase:FBrf0262545
720575941646411425	BANC_888:720575941646411425	BANC888	is_a	adult optic lobe intrinsic neuron	
720575941646411681	BANC_888:720575941646411681	BANC888	is_a	transmedullary Y neuron TmY9	
720575941646415304	BANC_888:720575941646415304	BANC888	is_a	transmedullary neuron Tm4	
720575941646416584	BANC_888:720575941646416584	BANC888	is_a	distal medullary amacrine neuron Dm2	
720575941646418337	BANC_888:720575941646418337	BANC888	is_a	medulla intrinsic neuron Mi9	
720575941646421448	BANC_888:720575941646421448	BANC888	is_a	adult SNxx04 neuron	
720575941646421624	BANC_888:720575941646421624	BANC888	is_a	medulla intrinsic neuron Mi1	
720575941646422177	BANC_888:720575941646422177	BANC888	is_a	adult olfactory receptor neuron Or85b	
720575941646423240	BANC_888:720575941646423240	BANC888	is_a	adult optic lobe intrinsic neuron	
720575941646423496	BANC_888:720575941646423496	BANC888	is_a	adult optic lobe intrinsic neuron	
720575941646423713	BANC_888:720575941646423713	BANC888	is_a	adult optic lobe intrinsic neuron	
720575941646427256	BANC_888:720575941646427256	BANC888	is_a	T4d neuron	
720575941646436472	BANC_888:720575941646436472	BANC888	is_a	lamina monopolar neuron L2	
720575941646448584	BANC_888:720575941646448584	BANC888	is_a	adult SNta27 neuron	
720575941646448840	BANC_888:720575941646448840	BANC888	is_a	adult optic lobe intrinsic neuron	
720575941646449864	BANC_888:720575941646449864	BANC888	is_a	photoreceptor cell R7	
720575941646450040	BANC_888:720575941646450040	BANC888	is_a	adult contralateral lobula LC14 neuron	
720575941646451361	BANC_888:720575941646451361	BANC888	is_a	adult posterior slope neuron 293	
720575941646451617	BANC_888:720575941646451617	BANC888	is_a	adult optic lobe intrinsic neuron	
720575941646454689	BANC_888:720575941646454689	BANC888	is_a	zone B Johnston organ neuron	
720575941646455201	BANC_888:720575941646455201	BANC888	is_a	adult anterior ventrolateral protocerebrum neuron 551	
720575941646455713	BANC_888:720575941646455713	BANC888	is_a	adult optic lobe intrinsic neuron	
720575941646457505	BANC_888:720575941646457505	BANC888	is_a	adult optic lobe intrinsic neuron	
720575941646458744	BANC_888:720575941646458744	BANC888	is_a	adult optic lobe intrinsic neuron	
720575941646459809	BANC_888:720575941646459809	BANC888	is_a	medulla intrinsic neuron Mi1	
720575941646460536	BANC_888:720575941646460536	BANC888	is_a	adult optic lobe intrinsic neuron	
720575941646466209	BANC_888:720575941646466209	BANC888	is_a	adult medulla visual projection neuron MeVP5	FlyBase:FBrf0262545
720575941646468040	BANC_888:720575941646468040	BANC888	is_a	T5b neuron	
720575941646468808	BANC_888:720575941646468808	BANC888	is_a	transmedullary Y neuron TmY18	FlyBase:FBrf0262545
720575941646469064	BANC_888:720575941646469064	BANC888	is_a	adult optic lobe intrinsic neuron	
720575941646469537	BANC_888:720575941646469537	BANC888	is_a	adult central medulla neuron Cm11	FlyBase:FBrf0262545
720575941646469793	BANC_888:720575941646469793	BANC888	is_a	adult optic lobe intrinsic neuron	
720575941646471368	BANC_888:720575941646471368	BANC888	is_a	adult optic lobe intrinsic neuron	
720575941646472824	BANC_888:720575941646472824	BANC888	is_a	transmedullary neuron Tm31	FlyBase:FBrf0262545
720575941646474913	BANC_888:720575941646474913	BANC888	is_a	columnar neuron T1	
720575941646478456	BANC_888:720575941646478456	BANC888	is_a	adult olfactory receptor neuron Ir84a	
720575941646479480	BANC_888:720575941646479480	BANC888	is_a	adult olfactory receptor neuron Or19	
720575941646479521	BANC_888:720575941646479521	BANC888	is_a	octopaminergic VPM3 neuron	
720575941646479992	BANC_888:720575941646479992	BANC888	is_a	lamina monopolar neuron L2	
720575941646481057	BANC_888:720575941646481057	BANC888	is_a	adult optic lobe intrinsic neuron	
720575941646484897	BANC_888:720575941646484897	BANC888	is_a	medulla intrinsic neuron Mi15	
720575941646485624	BANC_888:720575941646485624	BANC888	is_a	adult optic lobe intrinsic neuron	
720575941646487672	BANC_888:720575941646487672	BANC888	is_a	zone A Johnston organ neuron	
720575941646489288	BANC_888:720575941646489288	BANC888	is_a	adult optic lobe intrinsic neuron	
720575941646489464	BANC_888:720575941646489464	BANC888	is_a	transmedullary neuron Tm2	
720575941646489505	BANC_888:720575941646489505	BANC888	is_a	columnar neuron T1	
720575941646490312	BANC_888:720575941646490312	BANC888	is_a	adult optic lobe intrinsic neuron	
720575941646490744	BANC_888:720575941646490744	BANC888	is_a	lamina monopolar neuron L2	
720575941646492536	BANC_888:720575941646492536	BANC888	is_a	adult optic lobe intrinsic neuron	
720575941646496888	BANC_888:720575941646496888	BANC888	is_a	adult medulla visual projection neuron MeVPMe11	FlyBase:FBrf0262545
720575941646498209	BANC_888:720575941646498209	BANC888	is_a	adult clamp neuron 063	
720575941646499528	BANC_888:720575941646499528	BANC888	is_a	medulla intrinsic neuron Mi4	
720575941646501496	BANC_888:720575941646501496	BANC888	is_a	lamina monopolar neuron L2	
720575941646501576	BANC_888:720575941646501576	BANC888	is_a	lamina monopolar neuron L2	
720575941646502776	BANC_888:720575941646502776	BANC888	is_a	adult AN05B026 neuron	
720575941646505080	BANC_888:720575941646505080	BANC888	is_a	transmedullary Y neuron TmY18	FlyBase:FBrf0262545
720575941646507169	BANC_888:720575941646507169	BANC888	is_a	Johnston organ neuron EDP	
720575941646507976	BANC_888:720575941646507976	BANC888	is_a	centrifugal neuron C2	
720575941646508449	BANC_888:720575941646508449	BANC888	is_a	zone E Johnston organ neuron	
720575941646510241	BANC_888:720575941646510241	BANC888	is_a	lobula columnar neuron LC13	
720575941646511560	BANC_888:720575941646511560	BANC888	is_a	medulla intrinsic neuron Mi1	
720575941646512289	BANC_888:720575941646512289	BANC888	is_a	adult optic lobe intrinsic neuron	
720575941646515912	BANC_888:720575941646515912	BANC888	is_a	adult optic lobe intrinsic neuron	
720575941646517192	BANC_888:720575941646517192	BANC888	is_a	distal medullary amacrine neuron Dm3b	FlyBase:FBrf0262545
720575941646517368	BANC_888:720575941646517368	BANC888	is_a	lamina monopolar neuron L1	
720575941646518689	BANC_888:720575941646518689	BANC888	is_a	adult optic lobe intrinsic neuron	
720575941646522273	BANC_888:720575941646522273	BANC888	is_a	Y neuron Y3	
720575941646523080	BANC_888:720575941646523080	BANC888	is_a	adult CB1791 neuron	
720575941646523848	BANC_888:720575941646523848	BANC888	is_a	adult CB1428 neuron	
720575941646525560	BANC_888:720575941646525560	BANC888	is_a	transmedullary neuron Tm20	
720575941646525816	BANC_888:720575941646525816	BANC888	is_a	adult optic lobe intrinsic neuron	
720575941646526408	BANC_888:720575941646526408	BANC888	is_a	adult posterior ventrolateral protocerebrum neuron 100	
720575941646527137	BANC_888:720575941646527137	BANC888	is_a	adult transmedullary Y neuron TmY19a	FlyBase:FBrf0262545
720575941646527649	BANC_888:720575941646527649	BANC888	is_a	adult optic lobe intrinsic neuron	
720575941646527944	BANC_888:720575941646527944	BANC888	is_a	adult CNS neuron	
720575941646528929	BANC_888:720575941646528929	BANC888	is_a	centrifugal neuron C3	
720575941646529185	BANC_888:720575941646529185	BANC888	is_a	adult optic lobe intrinsic neuron	
720575941646529697	BANC_888:720575941646529697	BANC888	is_a	lamina monopolar neuron L2	
720575941646535368	BANC_888:720575941646535368	BANC888	is_a	adult CB1876 neuron	
720575941646541000	BANC_888:720575941646541000	BANC888	is_a	zone B Johnston organ neuron	
720575941646541768	BANC_888:720575941646541768	BANC888	is_a	adult SNta21 neuron	
720575941646542792	BANC_888:720575941646542792	BANC888	is_a	lobula plate intrinsic neuron LPi3-4	FlyBase:FBrf0262545
720575941646546081	BANC_888:720575941646546081	BANC888	is_a	adult central brain intrinsic neuron	
720575941646546632	BANC_888:720575941646546632	BANC888	is_a	distal medullary amacrine neuron Dm3a	FlyBase:FBrf0262545
720575941646547400	BANC_888:720575941646547400	BANC888	is_a	adult optic lobe intrinsic neuron	
720575941646549960	BANC_888:720575941646549960	BANC888	is_a	adult optic lobe intrinsic neuron	
720575941646551969	BANC_888:720575941646551969	BANC888	is_a	distal medullary amacrine neuron Dm16	
720575941646554488	BANC_888:720575941646554488	BANC888	is_a	columnar neuron T1	
720575941646555512	BANC_888:720575941646555512	BANC888	is_a	adult medulla visual projection neuron MeVP17	FlyBase:FBrf0262545
720575941646556872	BANC_888:720575941646556872	BANC888	is_a	adult optic lobe intrinsic neuron	
720575941646559649	BANC_888:720575941646559649	BANC888	is_a	medulla intrinsic neuron Mi4	
720575941646559905	BANC_888:720575941646559905	BANC888	is_a	adult optic lobe intrinsic neuron	
720575941646560632	BANC_888:720575941646560632	BANC888	is_a	adult optic lobe intrinsic neuron	
720575941646564513	BANC_888:720575941646564513	BANC888	is_a	adult optic lobe intrinsic neuron	
720575941646565832	BANC_888:720575941646565832	BANC888	is_a	transmedullary neuron Tm20	
720575941646566561	BANC_888:720575941646566561	BANC888	is_a	adult transmedullary Y neuron TmY21	FlyBase:FBrf0262545
720575941646567329	BANC_888:720575941646567329	BANC888	is_a	adult optic lobe intrinsic neuron	
720575941646569416	BANC_888:720575941646569416	BANC888	is_a	T2a neuron	
720575941646570657	BANC_888:720575941646570657	BANC888	is_a	gustatory receptor neuron of the labellum	
720575941646572193	BANC_888:720575941646572193	BANC888	is_a	adult lobula visual projection neuron LoVP54	FlyBase:FBrf0262545
720575941646572488	BANC_888:720575941646572488	BANC888	is_a	T2a neuron	
720575941646575777	BANC_888:720575941646575777	BANC888	is_a	adult optic lobe intrinsic neuron	
720575941646576328	BANC_888:720575941646576328	BANC888	is_a	T2a neuron	
720575941646577057	BANC_888:720575941646577057	BANC888	is_a	adult optic lobe intrinsic neuron	
720575941646578120	BANC_888:720575941646578120	BANC888	is_a	adult optic lobe intrinsic neuron	
720575941646579912	BANC_888:720575941646579912	BANC888	is_a	adult optic lobe intrinsic neuron	
720575941646580129	BANC_888:720575941646580129	BANC888	is_a	T5a neuron	
720575941646581153	BANC_888:720575941646581153	BANC888	is_a	adult optic lobe intrinsic neuron	
720575941646584776	BANC_888:720575941646584776	BANC888	is_a	adult transmedullary Y neuron TmY17	FlyBase:FBrf0262545
720575941646585544	BANC_888:720575941646585544	BANC888	is_a	adult olfactory receptor neuron Or82a	
720575941646588616	BANC_888:720575941646588616	BANC888	is_a	adult olfactory receptor neuron Or67c	
720575941646590408	BANC_888:720575941646590408	BANC888	is_a	adult olfactory receptor neuron Or47b	
720575941646591944	BANC_888:720575941646591944	BANC888	is_a	lamina monopolar neuron L2	
720575941646592632	BANC_888:720575941646592632	BANC888	is_a	adult medulla visual projection neuron MeVPLo2	FlyBase:FBrf0262545
720575941646594424	BANC_888:720575941646594424	BANC888	is_a	adult lobula intrinsic neuron Li19	FlyBase:FBrf0262545
720575941646600312	BANC_888:720575941646600312	BANC888	is_a	adult optic lobe intrinsic neuron	
720575941646601160	BANC_888:720575941646601160	BANC888	is_a	distal medullary amacrine neuron Dm2	
720575941646601633	BANC_888:720575941646601633	BANC888	is_a	adult lobula visual projection neuron LoVP62	FlyBase:FBrf0262545
720575941646603208	BANC_888:720575941646603208	BANC888	is_a	transmedullary neuron Tm1	
720575941646603896	BANC_888:720575941646603896	BANC888	is_a	adult optic lobe intrinsic neuron	
720575941646604152	BANC_888:720575941646604152	BANC888	is_a	adult optic lobe intrinsic neuron	
720575941646604449	BANC_888:720575941646604449	BANC888	is_a	distal medullary amacrine neuron Dm15	
720575941646604705	BANC_888:720575941646604705	BANC888	is_a	adult optic lobe intrinsic neuron	
720575941646607560	BANC_888:720575941646607560	BANC888	is_a	T2a neuron	
720575941646608328	BANC_888:720575941646608328	BANC888	is_a	transmedullary neuron Tm9	
720575941646608504	BANC_888:720575941646608504	BANC888	is_a	lobula plate columnar neuron LPC1	
720575941646615240	BANC_888:720575941646615240	BANC888	is_a	distal medullary amacrine neuron Dm11	
720575941646615457	BANC_888:720575941646615457	BANC888	is_a	medulla intrinsic neuron Mi1	
720575941646617800	BANC_888:720575941646617800	BANC888	is_a	adult SNta20 neuron	
720575941646621345	BANC_888:720575941646621345	BANC888	is_a	medulla intrinsic neuron Mi1	
720575941646623649	BANC_888:720575941646623649	BANC888	is_a	adult optic lobe intrinsic neuron	
720575941646623688	BANC_888:720575941646623688	BANC888	is_a	Y neuron Y12	
720575941646627016	BANC_888:720575941646627016	BANC888	is_a	distal medullary amacrine neuron Dm8a	
720575941646629576	BANC_888:720575941646629576	BANC888	is_a	adult optic lobe intrinsic neuron	
720575941646634401	BANC_888:720575941646634401	BANC888	is_a	adult superior lateral protocerebrum neuron 132	
720575941646635681	BANC_888:720575941646635681	BANC888	is_a	adult optic lobe intrinsic neuron	
720575941646636152	BANC_888:720575941646636152	BANC888	is_a	adult optic lobe intrinsic neuron	
720575941646636488	BANC_888:720575941646636488	BANC888	is_a	T3 neuron	
720575941646641864	BANC_888:720575941646641864	BANC888	is_a	adult medulla visual projection neuron MeVP3	FlyBase:FBrf0262545
720575941646651041	BANC_888:720575941646651041	BANC888	is_a	adult optic lobe intrinsic neuron	
720575941646651336	BANC_888:720575941646651336	BANC888	is_a	T5d neuron	
720575941646653048	BANC_888:720575941646653048	BANC888	is_a	adult lobula plate tangential neuron LPT22	
720575941646653128	BANC_888:720575941646653128	BANC888	is_a	bristle sensory neuron	
720575941646653560	BANC_888:720575941646653560	BANC888	is_a	transmedullary Y neuron TmY5a	
720575941646653896	BANC_888:720575941646653896	BANC888	is_a	adult antennal lobe projection neuron VP2 adPN	
720575941646655864	BANC_888:720575941646655864	BANC888	is_a	distal medullary amacrine neuron Dm16	
720575941646657224	BANC_888:720575941646657224	BANC888	is_a	lamina monopolar neuron L2	
720575941646657912	BANC_888:720575941646657912	BANC888	is_a	adult optic lobe intrinsic neuron	
720575941646658168	BANC_888:720575941646658168	BANC888	is_a	adult lobula intrinsic neuron Li25	FlyBase:FBrf0262545
720575941646659016	BANC_888:720575941646659016	BANC888	is_a	T3 neuron	
720575941646660808	BANC_888:720575941646660808	BANC888	is_a	adult optic lobe intrinsic neuron	
720575941646663544	BANC_888:720575941646663544	BANC888	is_a	T5d neuron	
720575941646663841	BANC_888:720575941646663841	BANC888	is_a	adult optic lobe intrinsic neuron	
720575941646665080	BANC_888:720575941646665080	BANC888	is_a	adult lobula-lobula plate neuron LOLP1	FlyBase:FBrf0262545
720575941646667976	BANC_888:720575941646667976	BANC888	is_a	adult superior medial protocerebrum neuron 143	
720575941646668488	BANC_888:720575941646668488	BANC888	is_a	adult IN21A002 neuron	
720575941646671816	BANC_888:720575941646671816	BANC888	is_a	lobula columnar neuron LC16	
720575941646675105	BANC_888:720575941646675105	BANC888	is_a	adult optic lobe intrinsic neuron	
720575941646675617	BANC_888:720575941646675617	BANC888	is_a	adult optic lobe intrinsic neuron	
720575941646678984	BANC_888:720575941646678984	BANC888	is_a	adult ANXXX002 neuron	
720575941646679201	BANC_888:720575941646679201	BANC888	is_a	adult optic lobe intrinsic neuron	
720575941646681720	BANC_888:720575941646681720	BANC888	is_a	T4a neuron	
720575941646682568	BANC_888:720575941646682568	BANC888	is_a	medulla columnar neuron MC64	
720575941646683256	BANC_888:720575941646683256	BANC888	is_a	adult optic lobe intrinsic neuron	
720575941646683768	BANC_888:720575941646683768	BANC888	is_a	lobula plate intrinsic neuron LPi4-3	FlyBase:FBrf0262545
720575941646686625	BANC_888:720575941646686625	BANC888	is_a	adult IN12B024 neuron	
720575941646688161	BANC_888:720575941646688161	BANC888	is_a	columnar neuron T1	
720575941646689656	BANC_888:720575941646689656	BANC888	is_a	adult central medulla neuron Cm11	FlyBase:FBrf0262545
720575941646689992	BANC_888:720575941646689992	BANC888	is_a	adult optic lobe intrinsic neuron	
720575941646690209	BANC_888:720575941646690209	BANC888	is_a	lobula columnar neuron LC22	
720575941646690248	BANC_888:720575941646690248	BANC888	is_a	transmedullary neuron Tm8	
720575941646694008	BANC_888:720575941646694008	BANC888	is_a	transmedullary neuron Tm16	
720575941646699937	BANC_888:720575941646699937	BANC888	is_a	adult optic lobe intrinsic neuron	
720575941646703009	BANC_888:720575941646703009	BANC888	is_a	adult optic lobe intrinsic neuron	
720575941646706849	BANC_888:720575941646706849	BANC888	is_a	adult optic lobe intrinsic neuron	
720575941646710177	BANC_888:720575941646710177	BANC888	is_a	adult optic lobe intrinsic neuron	
720575941646711240	BANC_888:720575941646711240	BANC888	is_a	lamina monopolar neuron L2	
720575941646713544	BANC_888:720575941646713544	BANC888	is_a	transmedullary neuron Tm20	
720575941646714529	BANC_888:720575941646714529	BANC888	is_a	adult optic lobe intrinsic neuron	
720575941646714785	BANC_888:720575941646714785	BANC888	is_a	adult optic lobe intrinsic neuron	
720575941646720200	BANC_888:720575941646720200	BANC888	is_a	adult olfactory receptor neuron Or92a	
720575941646721185	BANC_888:720575941646721185	BANC888	is_a	adult optic lobe intrinsic neuron	
720575941646721736	BANC_888:720575941646721736	BANC888	is_a	adult olfactory receptor neuron Or47b	
720575941646721992	BANC_888:720575941646721992	BANC888	is_a	adult olfactory receptor neuron Or67d	
720575941646726600	BANC_888:720575941646726600	BANC888	is_a	adult optic lobe intrinsic neuron	
720575941646727585	BANC_888:720575941646727585	BANC888	is_a	adult optic lobe intrinsic neuron	
720575941646728353	BANC_888:720575941646728353	BANC888	is_a	Y neuron Y1	
720575941646733473	BANC_888:720575941646733473	BANC888	is_a	adult optic lobe intrinsic neuron	
720575941646737569	BANC_888:720575941646737569	BANC888	is_a	adult optic lobe intrinsic neuron	
720575941646737608	BANC_888:720575941646737608	BANC888	is_a	adult optic lobe intrinsic neuron	
720575941646749384	BANC_888:720575941646749384	BANC888	is_a	adult optic lobe intrinsic neuron	
720575941646752417	BANC_888:720575941646752417	BANC888	is_a	adult optic lobe intrinsic neuron	
720575941646753224	BANC_888:720575941646753224	BANC888	is_a	adult optic lobe intrinsic neuron	
720575941646754209	BANC_888:720575941646754209	BANC888	is_a	lobula plate intrinsic neuron LPi3-4	FlyBase:FBrf0262545
720575941646756040	BANC_888:720575941646756040	BANC888	is_a	transmedullary Y neuron TmY18	FlyBase:FBrf0262545
720575941646761121	BANC_888:720575941646761121	BANC888	is_a	lamina monopolar neuron L1	
720575941646762145	BANC_888:720575941646762145	BANC888	is_a	T4d neuron	
720575941646764193	BANC_888:720575941646764193	BANC888	is_a	adult optic lobe intrinsic neuron	
720575941646764705	BANC_888:720575941646764705	BANC888	is_a	lobula columnar neuron LC25	
720575941646768801	BANC_888:720575941646768801	BANC888	is_a	transmedullary Y neuron TmY5a	
720575941646770376	BANC_888:720575941646770376	BANC888	is_a	adult olfactory receptor neuron Ir64a DP1m	
720575941646772168	BANC_888:720575941646772168	BANC888	is_a	adult superior lateral protocerebrum neuron 212	
720575941646776008	BANC_888:720575941646776008	BANC888	is_a	adult antennal olfactory receptor neuron	
720575941646781384	BANC_888:720575941646781384	BANC888	is_a	adult optic lobe intrinsic neuron	
720575941646786504	BANC_888:720575941646786504	BANC888	is_a	transmedullary neuron Tm3	
720575941646788552	BANC_888:720575941646788552	BANC888	is_a	lobula plate columnar neuron LPC1	
720575941646790049	BANC_888:720575941646790049	BANC888	is_a	lobula tangential neuron LT1	
720575941646793928	BANC_888:720575941646793928	BANC888	is_a	adult CB2682 neuron	
720575941646795720	BANC_888:720575941646795720	BANC888	is_a	adult optic lobe intrinsic neuron	
720575941646795937	BANC_888:720575941646795937	BANC888	is_a	adult optic lobe intrinsic neuron	
720575941646795976	BANC_888:720575941646795976	BANC888	is_a	distal medullary amacrine neuron Dm3c	FlyBase:FBrf0262545
720575941646798024	BANC_888:720575941646798024	BANC888	is_a	transmedullary neuron Tm4	
720575941646801057	BANC_888:720575941646801057	BANC888	is_a	T2a neuron	
720575941646801569	BANC_888:720575941646801569	BANC888	is_a	T4b neuron	
720575941646802337	BANC_888:720575941646802337	BANC888	is_a	transmedullary neuron Tm20	
720575941646802888	BANC_888:720575941646802888	BANC888	is_a	adult optic lobe intrinsic neuron	
720575941646805921	BANC_888:720575941646805921	BANC888	is_a	lamina monopolar neuron L2	
720575941646805960	BANC_888:720575941646805960	BANC888	is_a	adult optic lobe intrinsic neuron	
720575941646812872	BANC_888:720575941646812872	BANC888	is_a	columnar neuron T1	
720575941646817224	BANC_888:720575941646817224	BANC888	is_a	adult CB2672 neuron	
720575941646817992	BANC_888:720575941646817992	BANC888	is_a	adult optic lobe intrinsic neuron	
720575941646818504	BANC_888:720575941646818504	BANC888	is_a	adult optic lobe intrinsic neuron	
720575941646825160	BANC_888:720575941646825160	BANC888	is_a	T4b neuron	
720575941646829512	BANC_888:720575941646829512	BANC888	is_a	labellar taste bristle mechanosensory neuron	
720575941646834376	BANC_888:720575941646834376	BANC888	is_a	adult optic lobe intrinsic neuron	
720575941646835400	BANC_888:720575941646835400	BANC888	is_a	adult optic lobe intrinsic neuron	
720575941646844360	BANC_888:720575941646844360	BANC888	is_a	adult olfactory receptor neuron Ir84a	
720575941646844616	BANC_888:720575941646844616	BANC888	is_a	adult olfactory receptor neuron Ir84a	
720575941646845384	BANC_888:720575941646845384	BANC888	is_a	medulla intrinsic neuron Mi4	
720575941646850504	BANC_888:720575941646850504	BANC888	is_a	adult olfactory receptor neuron Ir84a	
720575941646858952	BANC_888:720575941646858952	BANC888	is_a	adult optic lobe intrinsic neuron	
720575941646859976	BANC_888:720575941646859976	BANC888	is_a	adult CB1846 neuron	
720575941646867656	BANC_888:720575941646867656	BANC888	is_a	adult CB0819 neuron	
720575941646868680	BANC_888:720575941646868680	BANC888	is_a	adult PNS neuron	
720575941646877128	BANC_888:720575941646877128	BANC888	is_a	adult central brain intrinsic neuron	
720575941646884040	BANC_888:720575941646884040	BANC888	is_a	adult optic lobe intrinsic neuron	
720575941646884552	BANC_888:720575941646884552	BANC888	is_a	columnar neuron T1	
720575941646891976	BANC_888:720575941646891976	BANC888	is_a	adult optic lobe intrinsic neuron	
720575941646893000	BANC_888:720575941646893000	BANC888	is_a	adult optic lobe intrinsic neuron	
720575941646904776	BANC_888:720575941646904776	BANC888	is_a	adult optic lobe intrinsic neuron	
720575941646905544	BANC_888:720575941646905544	BANC888	is_a	columnar neuron T1	
720575941646913736	BANC_888:720575941646913736	BANC888	is_a	adult optic lobe intrinsic neuron	
720575941646923208	BANC_888:720575941646923208	BANC888	is_a	adult AN01A014 neuron	
720575941646929352	BANC_888:720575941646929352	BANC888	is_a	adult optic lobe intrinsic neuron	
720575941646934984	BANC_888:720575941646934984	BANC888	is_a	adult optic lobe intrinsic neuron	
720575941646939336	BANC_888:720575941646939336	BANC888	is_a	adult optic lobe intrinsic neuron	
720575941646941896	BANC_888:720575941646941896	BANC888	is_a	adult optic lobe intrinsic neuron	
720575941646945224	BANC_888:720575941646945224	BANC888	is_a	adult optic lobe intrinsic neuron	
720575941646957256	BANC_888:720575941646957256	BANC888	is_a	adult optic lobe intrinsic neuron	
720575941646957512	BANC_888:720575941646957512	BANC888	is_a	adult optic lobe intrinsic neuron	
720575941646957768	BANC_888:720575941646957768	BANC888	is_a	adult optic lobe intrinsic neuron	
720575941646961864	BANC_888:720575941646961864	BANC888	is_a	adult optic lobe intrinsic neuron	
720575941646962376	BANC_888:720575941646962376	BANC888	is_a	adult optic lobe intrinsic neuron	
720575941646962888	BANC_888:720575941646962888	BANC888	is_a	adult optic lobe intrinsic neuron	
720575941646970056	BANC_888:720575941646970056	BANC888	is_a	adult optic lobe intrinsic neuron	
720575941646977992	BANC_888:720575941646977992	BANC888	is_a	adult optic lobe intrinsic neuron	
720575941646980296	BANC_888:720575941646980296	BANC888	is_a	adult CB1713 neuron	
720575941646982088	BANC_888:720575941646982088	BANC888	is_a	adult optic lobe intrinsic neuron	
720575941646993096	BANC_888:720575941646993096	BANC888	is_a	adult Li34 neuron	FlyBase:FBrf0262545
720575941647003848	BANC_888:720575941647003848	BANC888	is_a	adult optic lobe intrinsic neuron	
720575941647006920	BANC_888:720575941647006920	BANC888	is_a	adult optic lobe intrinsic neuron	
720575941647013320	BANC_888:720575941647013320	BANC888	is_a	adult optic lobe intrinsic neuron	
720575941647016136	BANC_888:720575941647016136	BANC888	is_a	adult optic lobe intrinsic neuron	
720575941647026888	BANC_888:720575941647026888	BANC888	is_a	adult lobula tangential neuron LT52	
720575941647034056	BANC_888:720575941647034056	BANC888	is_a	lobula plate-lobula columnar neuron LPLC1	
720575941647038664	BANC_888:720575941647038664	BANC888	is_a	descending neuron of the posterior brain DNp27	
720575941647041736	BANC_888:720575941647041736	BANC888	is_a	medulla intrinsic neuron Mi4	
720575941647044808	BANC_888:720575941647044808	BANC888	is_a	distal medullary amacrine neuron Dm16	
720575941647045576	BANC_888:720575941647045576	BANC888	is_a	adult medulla-lobula neuron MeLo3b	FlyBase:FBrf0262545
720575941647046600	BANC_888:720575941647046600	BANC888	is_a	adult vest neuron 027	
720575941647048904	BANC_888:720575941647048904	BANC888	is_a	centrifugal neuron C2	
720575941647049928	BANC_888:720575941647049928	BANC888	is_a	distal medullary amacrine neuron Dm12	
720575941647052232	BANC_888:720575941647052232	BANC888	is_a	lamina monopolar neuron L3	
720575941647052744	BANC_888:720575941647052744	BANC888	is_a	adult lobula intrinsic neuron Li18a	FlyBase:FBrf0262545
720575941647054792	BANC_888:720575941647054792	BANC888	is_a	adult superior medial protocerebrum neuron 292	
720575941647059912	BANC_888:720575941647059912	BANC888	is_a	adult crepine neuron 080	
720575941647060680	BANC_888:720575941647060680	BANC888	is_a	T5a neuron	
720575941647062728	BANC_888:720575941647062728	BANC888	is_a	lamina wide-field 2 neuron	
720575941647063496	BANC_888:720575941647063496	BANC888	is_a	proximal medullary amacrine neuron Pm8	FlyBase:FBrf0262545
720575941647631322	BANC_888:720575941647631322	BANC888	is_a	lamina monopolar neuron L5	
720575941647720666	BANC_888:720575941647720666	BANC888	is_a	distal medullary amacrine neuron Dm15	
720575941648423892	BANC_888:720575941648423892	BANC888	is_a	sensory neuron	
720575941649024021	BANC_888:720575941649024021	BANC888	is_a	adult AN07B069 neuron	
720575941649039637	BANC_888:720575941649039637	BANC888	is_a	adult AN07B052 neuron	
720575941649112120	BANC_888:720575941649112120	BANC888	is_a	gustatory receptor neuron	
720575941649119544	BANC_888:720575941649119544	BANC888	is_a	gustatory receptor neuron	
720575941649131285	BANC_888:720575941649131285	BANC888	is_a	adult IN20A.22A021 neuron	
720575941649136661	BANC_888:720575941649136661	BANC888	is_a	adult IN23B023 neuron	
720575941649159189	BANC_888:720575941649159189	BANC888	is_a	adult IN12B070 neuron	
720575941649166613	BANC_888:720575941649166613	BANC888	is_a	adult SNta28 neuron	
720575941649178389	BANC_888:720575941649178389	BANC888	is_a	adult VNC neuron	
720575941649191189	BANC_888:720575941649191189	BANC888	is_a	adult IN23B064 neuron	
720575941649201685	BANC_888:720575941649201685	BANC888	is_a	adult IN13B060 neuron	
720575941649209365	BANC_888:720575941649209365	BANC888	is_a	adult IN20A.22A065 neuron	
720575941649214997	BANC_888:720575941649214997	BANC888	is_a	adult IN06B079 neuron	
720575941649232405	BANC_888:720575941649232405	BANC888	is_a	adult IN12B030 neuron	
720575941649233173	BANC_888:720575941649233173	BANC888	is_a	adult IN21A083 neuron	
720575941649242133	BANC_888:720575941649242133	BANC888	is_a	adult IN03A057 neuron	
720575941649244437	BANC_888:720575941649244437	BANC888	is_a	adult IN06B042 neuron	
720575941649244949	BANC_888:720575941649244949	BANC888	is_a	adult IN12A054 neuron	
720575941649246741	BANC_888:720575941649246741	BANC888	is_a	adult IN19A007 neuron	
720575941649267733	BANC_888:720575941649267733	BANC888	is_a	adult IN13B068 neuron	
720575941649321237	BANC_888:720575941649321237	BANC888	is_a	adult SNta09 neuron	
720575941649323029	BANC_888:720575941649323029	BANC888	is_a	protocerebral bridge 1 glomerulus-fan-shaped body-nodulus 3 posterior domain neuron	
720575941649336597	BANC_888:720575941649336597	BANC888	is_a	adult CB1898 neuron	
720575941649347349	BANC_888:720575941649347349	BANC888	is_a	adult SNch01 neuron	
720575941649412885	BANC_888:720575941649412885	BANC888	is_a	adult SAch01 neuron	
720575941649443349	BANC_888:720575941649443349	BANC888	is_a	adult SNta37 neuron	
720575941649445653	BANC_888:720575941649445653	BANC888	is_a	adult fan-shaped body horizontal delta neuron D	
720575941649569301	BANC_888:720575941649569301	BANC888	is_a	adult fan-shaped body 1 column-crepine neuron	FlyBase:FBrf0246888
720575941649570837	BANC_888:720575941649570837	BANC888	is_a	adult lobula plate visual centrifugal neuron 01	
720575941649649649	BANC_888:720575941649649649	BANC888	is_a	sensory neuron of haltere campaniform sensillum	
720575941649696021	BANC_888:720575941649696021	BANC888	is_a	adult CB0421 neuron	
720575941649726705	BANC_888:720575941649726705	BANC888	is_a	adult IN14A015 neuron	
720575941649738993	BANC_888:720575941649738993	BANC888	is_a	adult IN01A050 neuron	
720575941649741809	BANC_888:720575941649741809	BANC888	is_a	adult IN20A.22A045 neuron	
720575941649760241	BANC_888:720575941649760241	BANC888	is_a	neck contralaterally projecting haltere interneuron	
720575941649765141	BANC_888:720575941649765141	BANC888	is_a	adult SAch01 neuron	
720575941649777905	BANC_888:720575941649777905	BANC888	is_a	T5c neuron	
720575941649791509	BANC_888:720575941649791509	BANC888	is_a	alpha'/beta' anterior-posterior type 1 Kenyon cell	
720575941649795057	BANC_888:720575941649795057	BANC888	is_a	adult IN19A016 neuron	
720575941649801457	BANC_888:720575941649801457	BANC888	is_a	adult IN13B056 neuron	
720575941649805845	BANC_888:720575941649805845	BANC888	is_a	adult lobula-lobula plate neuron LOLP1	FlyBase:FBrf0262545
720575941649809685	BANC_888:720575941649809685	BANC888	is_a	gustatory receptor neuron of the wing	
720575941649828629	BANC_888:720575941649828629	BANC888	is_a	adult AN19B063 neuron	
720575941649830641	BANC_888:720575941649830641	BANC888	is_a	adult IN04B063 neuron	
720575941649850133	BANC_888:720575941649850133	BANC888	is_a	lobula plate columnar neuron LPC1	
720575941649854705	BANC_888:720575941649854705	BANC888	is_a	adult IN12B036 neuron	
720575941649855985	BANC_888:720575941649855985	BANC888	is_a	adult IN01B026 neuron	
720575941649856497	BANC_888:720575941649856497	BANC888	is_a	adult IN07B066 neuron	
720575941649866261	BANC_888:720575941649866261	BANC888	is_a	adult IN01B097 neuron	
720575941649882389	BANC_888:720575941649882389	BANC888	is_a	adult IN20A.22A059 neuron	
720575941649885937	BANC_888:720575941649885937	BANC888	is_a	adult IN09B050 neuron	
720575941649894897	BANC_888:720575941649894897	BANC888	is_a	adult IN16B082 neuron	
720575941649901297	BANC_888:720575941649901297	BANC888	is_a	adult AN12B019 neuron	
720575941649909233	BANC_888:720575941649909233	BANC888	is_a	adult AN16B078 neuron	
720575941649909489	BANC_888:720575941649909489	BANC888	is_a	prothoracic femoral reductor muscle motor neuron	
720575941649926129	BANC_888:720575941649926129	BANC888	is_a	adult IN14A109 neuron	
720575941649932785	BANC_888:720575941649932785	BANC888	is_a	adult AN07B095 neuron	
720575941649938417	BANC_888:720575941649938417	BANC888	is_a	adult IN07B087 neuron	
720575941649945329	BANC_888:720575941649945329	BANC888	is_a	metathoracic tergotrochanter extensor muscle motor neuron	
720575941649945621	BANC_888:720575941649945621	BANC888	is_a	adult central brain intrinsic neuron	
720575941649966577	BANC_888:720575941649966577	BANC888	is_a	adult IN12B024 neuron	
720575941649972757	BANC_888:720575941649972757	BANC888	is_a	medulla intrinsic neuron Mi9	
720575941649974805	BANC_888:720575941649974805	BANC888	is_a	transmedullary neuron Tm1	
720575941649976049	BANC_888:720575941649976049	BANC888	is_a	descending neuron of the gnathal ganglion DNge019	
720575941649976853	BANC_888:720575941649976853	BANC888	is_a	transmedullary neuron Tm20	
720575941649987569	BANC_888:720575941649987569	BANC888	is_a	wing margin mechanosensory bristle	
720575941649992177	BANC_888:720575941649992177	BANC888	is_a	adult SNta09 neuron	
720575941650002161	BANC_888:720575941650002161	BANC888	is_a	mechanosensory neuron of Wheeler's organ	
720575941650002709	BANC_888:720575941650002709	BANC888	is_a	lobula plate columnar neuron LPC1	
720575941650002929	BANC_888:720575941650002929	BANC888	is_a	mechanosensory neuron of Wheeler's organ	
720575941650004465	BANC_888:720575941650004465	BANC888	is_a	mesothoracic leg taste bristle chemosensory neuron	
720575941650007061	BANC_888:720575941650007061	BANC888	is_a	transmedullary Y neuron TmY14	
720575941650016021	BANC_888:720575941650016021	BANC888	is_a	medulla intrinsic neuron Mi13	
720575941650016277	BANC_888:720575941650016277	BANC888	is_a	T5c neuron	
720575941650034673	BANC_888:720575941650034673	BANC888	is_a	adult CB0047 neuron	
720575941650037269	BANC_888:720575941650037269	BANC888	is_a	lobula plate columnar neuron LPC1	
720575941650041073	BANC_888:720575941650041073	BANC888	is_a	adult CB2864 neuron	
720575941650047765	BANC_888:720575941650047765	BANC888	is_a	photoreceptor cell R7	
720575941650059285	BANC_888:720575941650059285	BANC888	is_a	adult lobula intrinsic neuron Li21	FlyBase:FBrf0262545
720575941650073109	BANC_888:720575941650073109	BANC888	is_a	lamina wide-field 1 neuron	
720575941650089237	BANC_888:720575941650089237	BANC888	is_a	lobula plate-lobula columnar neuron LPLC2	
720575941650095857	BANC_888:720575941650095857	BANC888	is_a	adult SNta29 neuron	
720575941650124529	BANC_888:720575941650124529	BANC888	is_a	mesothoracic leg taste bristle chemosensory neuron	
720575941650132245	BANC_888:720575941650132245	BANC888	is_a	adult medulla-lobula neuron MeLo4	FlyBase:FBrf0262545
720575941650137109	BANC_888:720575941650137109	BANC888	is_a	T5d neuron	
720575941650138901	BANC_888:720575941650138901	BANC888	is_a	adult lateral horn PV4a1 neuron	
720575941650150129	BANC_888:720575941650150129	BANC888	is_a	adult neurosecretory neuron	
720575941650162709	BANC_888:720575941650162709	BANC888	is_a	Y neuron Y4	
720575941650177813	BANC_888:720575941650177813	BANC888	is_a	distal medullary amacrine neuron Dm3a	FlyBase:FBrf0262545
720575941650178289	BANC_888:720575941650178289	BANC888	is_a	descending neuron of the gnathal ganglion DNg45	
720575941650179313	BANC_888:720575941650179313	BANC888	is_a	adult multiglomerular antennal lobe projection neuron l2PN	
720575941650183409	BANC_888:720575941650183409	BANC888	is_a	adult central brain intrinsic neuron	
720575941650183665	BANC_888:720575941650183665	BANC888	is_a	adult lateral accessory lobe neuron 173	
720575941650207253	BANC_888:720575941650207253	BANC888	is_a	transmedullary neuron Tm24	FlyBase:FBrf0262545
720575941650212117	BANC_888:720575941650212117	BANC888	is_a	photoreceptor cell R8	
720575941650218261	BANC_888:720575941650218261	BANC888	is_a	lobula-lobula plate columnar neuron LLPC2	
720575941650222357	BANC_888:720575941650222357	BANC888	is_a	T4d neuron	
720575941650222869	BANC_888:720575941650222869	BANC888	is_a	T4d neuron	
720575941650224149	BANC_888:720575941650224149	BANC888	is_a	T5b neuron	
720575941650225685	BANC_888:720575941650225685	BANC888	is_a	T5b neuron	
720575941650226161	BANC_888:720575941650226161	BANC888	is_a	adult CB3794 neuron	
720575941650227989	BANC_888:720575941650227989	BANC888	is_a	T2a neuron	
720575941650240277	BANC_888:720575941650240277	BANC888	is_a	T4c neuron	
720575941650241557	BANC_888:720575941650241557	BANC888	is_a	T5d neuron	
720575941650243861	BANC_888:720575941650243861	BANC888	is_a	T4a neuron	
720575941650253845	BANC_888:720575941650253845	BANC888	is_a	T4b neuron	
720575941650258709	BANC_888:720575941650258709	BANC888	is_a	adult MNhl59 neuron	
720575941650260757	BANC_888:720575941650260757	BANC888	is_a	T4a neuron	
720575941650261269	BANC_888:720575941650261269	BANC888	is_a	lobula-lobula plate columnar neuron LLPC2	
720575941650264085	BANC_888:720575941650264085	BANC888	is_a	T4c neuron	
720575941650266645	BANC_888:720575941650266645	BANC888	is_a	T5a neuron	
720575941650271729	BANC_888:720575941650271729	BANC888	is_a	adult CB2728 neuron	
720575941650271765	BANC_888:720575941650271765	BANC888	is_a	T4c neuron	
720575941650284565	BANC_888:720575941650284565	BANC888	is_a	adult optic lobe intrinsic neuron	
720575941650293489	BANC_888:720575941650293489	BANC888	is_a	alpha/beta Kenyon cell	
720575941650294037	BANC_888:720575941650294037	BANC888	is_a	T5d neuron	
720575941650305301	BANC_888:720575941650305301	BANC888	is_a	adult accessory medulla neuron aMe2	
720575941650309909	BANC_888:720575941650309909	BANC888	is_a	medulla intrinsic neuron Mi9	
720575941650338581	BANC_888:720575941650338581	BANC888	is_a	Y neuron Y12	
720575941650340885	BANC_888:720575941650340885	BANC888	is_a	alpha/beta Kenyon cell	
720575941650345493	BANC_888:720575941650345493	BANC888	is_a	alpha/beta Kenyon cell	
720575941650345969	BANC_888:720575941650345969	BANC888	is_a	lobula intrinsic neuron Li14	FlyBase:FBrf0262545
720575941650346517	BANC_888:720575941650346517	BANC888	is_a	lobula plate-lobula columnar neuron LPLC2	
720575941650351637	BANC_888:720575941650351637	BANC888	is_a	distal medullary amacrine neuron Dm12	
720575941650365717	BANC_888:720575941650365717	BANC888	is_a	medulla intrinsic neuron Mi1	
720575941650394901	BANC_888:720575941650394901	BANC888	is_a	sensory neuron of haltere campaniform sensillum	
720575941650397205	BANC_888:720575941650397205	BANC888	is_a	adult CB1858 neuron	
720575941650403861	BANC_888:720575941650403861	BANC888	is_a	adult IN13B025 neuron	
720575941650434581	BANC_888:720575941650434581	BANC888	is_a	adult optic lobe intrinsic neuron	
720575941650448149	BANC_888:720575941650448149	BANC888	is_a	adult fan-shaped body layer 4 tangential neuron	FlyBase:FBrf0246888
720575941650453013	BANC_888:720575941650453013	BANC888	is_a	transmedullary neuron Tm1	
720575941650456085	BANC_888:720575941650456085	BANC888	is_a	distal medullary amacrine neuron Dm3a	FlyBase:FBrf0262545
720575941650472213	BANC_888:720575941650472213	BANC888	is_a	distal medullary amacrine neuron Dm3c	FlyBase:FBrf0262545
720575941650479637	BANC_888:720575941650479637	BANC888	is_a	adult central medulla intrinsic neuron Cm10	FlyBase:FBrf0262545
720575941650496021	BANC_888:720575941650496021	BANC888	is_a	transmedullary neuron Tm24	FlyBase:FBrf0262545
720575941650496277	BANC_888:720575941650496277	BANC888	is_a	transmedullary Y neuron TmY10	
720575941650500629	BANC_888:720575941650500629	BANC888	is_a	transmedullary neuron Tm24	FlyBase:FBrf0262545
720575941650503701	BANC_888:720575941650503701	BANC888	is_a	distal medullary amacrine neuron Dm3a	FlyBase:FBrf0262545
720575941650505749	BANC_888:720575941650505749	BANC888	is_a	medulla intrinsic neuron Mi4	
720575941650506517	BANC_888:720575941650506517	BANC888	is_a	medulla intrinsic neuron Mi9	
720575941650514193	BANC_888:720575941650514193	BANC888	is_a	adult AN07B071 neuron	
720575941650516245	BANC_888:720575941650516245	BANC888	is_a	bristle sensory neuron	
720575941650520341	BANC_888:720575941650520341	BANC888	is_a	prothoracic leg taste bristle chemosensory neuron	
720575941650521621	BANC_888:720575941650521621	BANC888	is_a	adult SNch11 neuron	
720575941650521841	BANC_888:720575941650521841	BANC888	is_a	adult fan-shaped body layer 4 tangential neuron	FlyBase:FBrf0246888
720575941650535957	BANC_888:720575941650535957	BANC888	is_a	T5c neuron	
720575941650554865	BANC_888:720575941650554865	BANC888	is_a	lobula columnar neuron LC4	
720575941650558193	BANC_888:720575941650558193	BANC888	is_a	Y neuron Y3	
720575941650560277	BANC_888:720575941650560277	BANC888	is_a	adult CB2370 neuron	
720575941650567189	BANC_888:720575941650567189	BANC888	is_a	adult CB2458 neuron	
720575941650569457	BANC_888:720575941650569457	BANC888	is_a	T4b neuron	
720575941650570993	BANC_888:720575941650570993	BANC888	is_a	T5a neuron	
720575941650571505	BANC_888:720575941650571505	BANC888	is_a	T4b neuron	
720575941650574869	BANC_888:720575941650574869	BANC888	is_a	T4a neuron	
720575941650575857	BANC_888:720575941650575857	BANC888	is_a	T5d neuron	
720575941650578193	BANC_888:720575941650578193	BANC888	is_a	adult IN08B075 neuron	
720575941650578929	BANC_888:720575941650578929	BANC888	is_a	transmedullary neuron Tm20	
720575941650579953	BANC_888:720575941650579953	BANC888	is_a	T4c neuron	
720575941650593553	BANC_888:720575941650593553	BANC888	is_a	adult IN06A059 neuron	
720575941650601745	BANC_888:720575941650601745	BANC888	is_a	adult IN20A.22A048 neuron	
720575941650604565	BANC_888:720575941650604565	BANC888	is_a	adult Kenyon cell	
720575941650608113	BANC_888:720575941650608113	BANC888	is_a	T4a neuron	
720575941650611185	BANC_888:720575941650611185	BANC888	is_a	adult optic lobe intrinsic neuron	
720575941650613233	BANC_888:720575941650613233	BANC888	is_a	adult IN19A098 neuron	
720575941650613489	BANC_888:720575941650613489	BANC888	is_a	T5d neuron	
720575941650619633	BANC_888:720575941650619633	BANC888	is_a	adult optic lobe intrinsic neuron	
720575941650622485	BANC_888:720575941650622485	BANC888	is_a	centrifugal neuron C2	
720575941650625265	BANC_888:720575941650625265	BANC888	is_a	T4b neuron	
720575941650625297	BANC_888:720575941650625297	BANC888	is_a	T5a neuron	
720575941650631665	BANC_888:720575941650631665	BANC888	is_a	proximal medullary amacrine neuron Pm7	FlyBase:FBrf0262545
720575941650632689	BANC_888:720575941650632689	BANC888	is_a	T4c neuron	
720575941650635249	BANC_888:720575941650635249	BANC888	is_a	T5d neuron	
720575941650638609	BANC_888:720575941650638609	BANC888	is_a	adult IN16B033 neuron	
720575941650640913	BANC_888:720575941650640913	BANC888	is_a	adult VNC neuron	
720575941650648817	BANC_888:720575941650648817	BANC888	is_a	medulla intrinsic neuron Mi1	
720575941650658069	BANC_888:720575941650658069	BANC888	is_a	T4b neuron	
720575941650658325	BANC_888:720575941650658325	BANC888	is_a	T3 neuron	
720575941650658837	BANC_888:720575941650658837	BANC888	is_a	T3 neuron	
720575941650693905	BANC_888:720575941650693905	BANC888	is_a	adult IN03B059 neuron	
720575941650695665	BANC_888:720575941650695665	BANC888	is_a	lobula columnar neuron LC15	
720575941650696977	BANC_888:720575941650696977	BANC888	is_a	adult IN03B060 neuron	
720575941650697969	BANC_888:720575941650697969	BANC888	is_a	adult optic lobe intrinsic neuron	
720575941650706449	BANC_888:720575941650706449	BANC888	is_a	adult IN03B074 neuron	
720575941650707733	BANC_888:720575941650707733	BANC888	is_a	protocerebral bridge 1 glomerulus-fan-shaped body-nodulus 3 posterior domain neuron	
720575941650713073	BANC_888:720575941650713073	BANC888	is_a	adult CB1451 neuron	
720575941650713329	BANC_888:720575941650713329	BANC888	is_a	lobula columnar neuron LC12	
720575941650717717	BANC_888:720575941650717717	BANC888	is_a	gamma main Kenyon cell	
720575941650717973	BANC_888:720575941650717973	BANC888	is_a	alpha/beta Kenyon cell	
720575941650729233	BANC_888:720575941650729233	BANC888	is_a	adult IN20A.22A067 neuron	
720575941650731025	BANC_888:720575941650731025	BANC888	is_a	adult IN05B066 neuron	
720575941650742289	BANC_888:720575941650742289	BANC888	is_a	adult IN01B023 neuron	
720575941650747669	BANC_888:720575941650747669	BANC888	is_a	adult INXXX416 neuron	
720575941650748913	BANC_888:720575941650748913	BANC888	is_a	transmedullary neuron Tm16	
720575941650749201	BANC_888:720575941650749201	BANC888	is_a	adult IN23B039 neuron	
720575941650749425	BANC_888:720575941650749425	BANC888	is_a	transmedullary neuron Tm9	
720575941650753297	BANC_888:720575941650753297	BANC888	is_a	adult IN11A034 neuron	
720575941650754289	BANC_888:720575941650754289	BANC888	is_a	adult optic lobe intrinsic neuron	
720575941650755601	BANC_888:720575941650755601	BANC888	is_a	adult IN19B084 neuron	
720575941650766101	BANC_888:720575941650766101	BANC888	is_a	adult asymmetrical body-fan-shaped body layer 8 neuron	
720575941650768625	BANC_888:720575941650768625	BANC888	is_a	transmedullary Y neuron TmY4	
720575941650770673	BANC_888:720575941650770673	BANC888	is_a	medulla intrinsic neuron Mi2	
720575941650770709	BANC_888:720575941650770709	BANC888	is_a	adult Kenyon cell	
720575941650775313	BANC_888:720575941650775313	BANC888	is_a	adult IN11A028 neuron	
720575941650783249	BANC_888:720575941650783249	BANC888	is_a	adult IN19B057 neuron	
720575941650788337	BANC_888:720575941650788337	BANC888	is_a	lobula plate columnar neuron LPC1	
720575941650789649	BANC_888:720575941650789649	BANC888	is_a	adult AN19B009 neuron	
720575941650794773	BANC_888:720575941650794773	BANC888	is_a	adult fan-shaped body horizontal delta neuron K	
720575941650798609	BANC_888:720575941650798609	BANC888	is_a	adult IN08A011 neuron	
720575941650799377	BANC_888:720575941650799377	BANC888	is_a	adult IN08A039 neuron	
720575941650801137	BANC_888:720575941650801137	BANC888	is_a	T5d neuron	
720575941650801649	BANC_888:720575941650801649	BANC888	is_a	T5d neuron	
720575941650802161	BANC_888:720575941650802161	BANC888	is_a	T4d neuron	
720575941650802449	BANC_888:720575941650802449	BANC888	is_a	adult IN19A062 neuron	
720575941650802929	BANC_888:720575941650802929	BANC888	is_a	T5c neuron	
720575941650806033	BANC_888:720575941650806033	BANC888	is_a	adult IN11B018 neuron	
720575941650808341	BANC_888:720575941650808341	BANC888	is_a	adult CB3636 neuron	
720575941650811157	BANC_888:720575941650811157	BANC888	is_a	adult abdominal multidendritic neuron	
720575941650814737	BANC_888:720575941650814737	BANC888	is_a	adult IN01B091 neuron	
720575941650816753	BANC_888:720575941650816753	BANC888	is_a	transmedullary neuron Tm3	
720575941650820593	BANC_888:720575941650820593	BANC888	is_a	T5d neuron	
720575941650820629	BANC_888:720575941650820629	BANC888	is_a	adult IN10B057 neuron	
720575941650821141	BANC_888:720575941650821141	BANC888	is_a	adult INXXX378 neuron	
720575941650821361	BANC_888:720575941650821361	BANC888	is_a	transmedullary neuron Tm2	
720575941650821909	BANC_888:720575941650821909	BANC888	is_a	adult SNta29 neuron	
720575941650822161	BANC_888:720575941650822161	BANC888	is_a	adult IN01A047 neuron	
720575941650824209	BANC_888:720575941650824209	BANC888	is_a	adult IN13A050 neuron	
720575941650831125	BANC_888:720575941650831125	BANC888	is_a	photoreceptor cell R7	
720575941650837269	BANC_888:720575941650837269	BANC888	is_a	adult SNta30 neuron	
720575941650844401	BANC_888:720575941650844401	BANC888	is_a	lobula columnar neuron LC16	
720575941650844437	BANC_888:720575941650844437	BANC888	is_a	adult IN12B068 neuron	
720575941650847729	BANC_888:720575941650847729	BANC888	is_a	lobula-lobula plate columnar neuron LLPC3	
720575941650848529	BANC_888:720575941650848529	BANC888	is_a	adult IN08A043 neuron	
720575941650848533	BANC_888:720575941650848533	BANC888	is_a	lamina monopolar neuron L1	
720575941650849777	BANC_888:720575941650849777	BANC888	is_a	lobula intrinsic neuron Li14	FlyBase:FBrf0262545
720575941650851093	BANC_888:720575941650851093	BANC888	is_a	wing margin taste bristle	
720575941650851313	BANC_888:720575941650851313	BANC888	is_a	T4b neuron	
720575941650852113	BANC_888:720575941650852113	BANC888	is_a	sensory neuron of haltere campaniform sensillum	
720575941650852369	BANC_888:720575941650852369	BANC888	is_a	sensory neuron of haltere campaniform sensillum	
720575941650853873	BANC_888:720575941650853873	BANC888	is_a	T5d neuron	
720575941650858481	BANC_888:720575941650858481	BANC888	is_a	T5d neuron	
720575941650859281	BANC_888:720575941650859281	BANC888	is_a	adult motor neuron	
720575941650872341	BANC_888:720575941650872341	BANC888	is_a	gustatory receptor neuron of the wing	
720575941650873073	BANC_888:720575941650873073	BANC888	is_a	T5a neuron	
720575941650880241	BANC_888:720575941650880241	BANC888	is_a	transmedullary neuron Tm6	FlyBase:FBrf0262545
720575941650880497	BANC_888:720575941650880497	BANC888	is_a	T4c neuron	
720575941650882033	BANC_888:720575941650882033	BANC888	is_a	medulla intrinsic neuron Mi13	
720575941650888725	BANC_888:720575941650888725	BANC888	is_a	adult gamma Kenyon cell	
720575941650888945	BANC_888:720575941650888945	BANC888	is_a	T5c neuron	
720575941650889713	BANC_888:720575941650889713	BANC888	is_a	distal medullary amacrine neuron Dm3c	FlyBase:FBrf0262545
720575941650890257	BANC_888:720575941650890257	BANC888	is_a	adult SNta09 neuron	
720575941650892309	BANC_888:720575941650892309	BANC888	is_a	gamma main Kenyon cell	
720575941650893073	BANC_888:720575941650893073	BANC888	is_a	adult CB1040 neuron	
720575941650895345	BANC_888:720575941650895345	BANC888	is_a	centrifugal neuron C3	
720575941650896405	BANC_888:720575941650896405	BANC888	is_a	alpha/beta Kenyon cell	
720575941650897393	BANC_888:720575941650897393	BANC888	is_a	Y neuron Y11	
720575941650900465	BANC_888:720575941650900465	BANC888	is_a	transmedullary Y neuron TmY20	
720575941650901013	BANC_888:720575941650901013	BANC888	is_a	protocerebral bridge 1 glomerulus-fan-shaped body-nodulus 3 posterior domain neuron	
720575941650901745	BANC_888:720575941650901745	BANC888	is_a	adult optic lobe intrinsic neuron	
720575941650904085	BANC_888:720575941650904085	BANC888	is_a	adult IN20A.22A042 neuron	
720575941650907413	BANC_888:720575941650907413	BANC888	is_a	mechanosensory neuron of adult head bristle	
720575941650908181	BANC_888:720575941650908181	BANC888	is_a	mechanosensory neuron of interommatidial bristle	
720575941650913813	BANC_888:720575941650913813	BANC888	is_a	sensory neuron	
720575941650917873	BANC_888:720575941650917873	BANC888	is_a	adult lobula visual projection neuron LoVP7	FlyBase:FBrf0262545
720575941650931221	BANC_888:720575941650931221	BANC888	is_a	mechanosensory neuron of interommatidial bristle	
720575941650932501	BANC_888:720575941650932501	BANC888	is_a	zone B Johnston organ neuron	
720575941650933781	BANC_888:720575941650933781	BANC888	is_a	adult CB1038 neuron	
720575941650946325	BANC_888:720575941650946325	BANC888	is_a	zone B Johnston organ neuron	
720575941650948117	BANC_888:720575941650948117	BANC888	is_a	adult olfactory receptor neuron Or59c	
720575941650955285	BANC_888:720575941650955285	BANC888	is_a	mechanosensory neuron of interommatidial bristle	
720575941650958613	BANC_888:720575941650958613	BANC888	is_a	mechanosensory neuron of interommatidial bristle	
720575941650961685	BANC_888:720575941650961685	BANC888	is_a	mechanosensory neuron of interommatidial bristle	
720575941650962965	BANC_888:720575941650962965	BANC888	is_a	mechanosensory neuron of interommatidial bristle	
720575941650980885	BANC_888:720575941650980885	BANC888	is_a	adult olfactory receptor neuron Or67a	
720575941650990613	BANC_888:720575941650990613	BANC888	is_a	alpha/beta Kenyon cell	
720575941650991089	BANC_888:720575941650991089	BANC888	is_a	lobula columnar neuron LC10d	
720575941651000593	BANC_888:720575941651000593	BANC888	is_a	adult central brain intrinsic neuron	
720575941651025137	BANC_888:720575941651025137	BANC888	is_a	T5a neuron	
720575941651035633	BANC_888:720575941651035633	BANC888	is_a	adult IN14A086 neuron	
720575941651037681	BANC_888:720575941651037681	BANC888	is_a	T5d neuron	
720575941651061013	BANC_888:720575941651061013	BANC888	is_a	adult clamp neuron 080	
720575941651066389	BANC_888:720575941651066389	BANC888	is_a	alpha/beta Kenyon cell	
720575941651072241	BANC_888:720575941651072241	BANC888	is_a	medulla intrinsic neuron Mi1	
720575941651072789	BANC_888:720575941651072789	BANC888	is_a	adult CB2739 neuron	
720575941651085589	BANC_888:720575941651085589	BANC888	is_a	adult wedge neuron 031	
720575941651087381	BANC_888:720575941651087381	BANC888	is_a	adult CB1206 neuron	
720575941651088625	BANC_888:720575941651088625	BANC888	is_a	adult ellipsoid body ring neuron R3a	
720575941651102961	BANC_888:720575941651102961	BANC888	is_a	adult optic lobe intrinsic neuron	
720575941651105045	BANC_888:720575941651105045	BANC888	is_a	adult CB0921 neuron	
720575941651109653	BANC_888:720575941651109653	BANC888	is_a	adult CB2456 neuron	
720575941651115281	BANC_888:720575941651115281	BANC888	is_a	adult gamma Kenyon cell	
720575941651128085	BANC_888:720575941651128085	BANC888	is_a	adult CB2075 neuron	
720575941651136497	BANC_888:720575941651136497	BANC888	is_a	adult central medulla intrinsic neuron Cm7	FlyBase:FBrf0262545
720575941651136789	BANC_888:720575941651136789	BANC888	is_a	lobula-lobula plate columnar neuron LLPC1	
720575941651137265	BANC_888:720575941651137265	BANC888	is_a	adult optic lobe intrinsic neuron	
720575941651138837	BANC_888:720575941651138837	BANC888	is_a	adult CB2430 neuron	
720575941651139349	BANC_888:720575941651139349	BANC888	is_a	descending neuron of the gnathal ganglion DNg92	
720575941651144725	BANC_888:720575941651144725	BANC888	is_a	gamma main Kenyon cell	
720575941651151857	BANC_888:720575941651151857	BANC888	is_a	distal medullary amacrine neuron Dm3b	FlyBase:FBrf0262545
720575941651152405	BANC_888:720575941651152405	BANC888	is_a	adult lobula columnar neuron LC40	
720575941651154417	BANC_888:720575941651154417	BANC888	is_a	adult medulla-tubercle neuron 1	
720575941651157777	BANC_888:720575941651157777	BANC888	is_a	lobula columnar neuron LC16	
720575941651174421	BANC_888:720575941651174421	BANC888	is_a	transmedullary Y neuron TmY18	FlyBase:FBrf0262545
720575941651175153	BANC_888:720575941651175153	BANC888	is_a	transmedullary neuron Tm4	
720575941651177457	BANC_888:720575941651177457	BANC888	is_a	distal medullary amacrine neuron Dm2	
720575941651179761	BANC_888:720575941651179761	BANC888	is_a	transmedullary neuron Tm6	FlyBase:FBrf0262545
720575941651195409	BANC_888:720575941651195409	BANC888	is_a	alpha/beta Kenyon cell	
720575941651198705	BANC_888:720575941651198705	BANC888	is_a	transmedullary Y neuron TmY9	
720575941651202837	BANC_888:720575941651202837	BANC888	is_a	adult CB2953 neuron	
720575941651215121	BANC_888:720575941651215121	BANC888	is_a	lobula columnar neuron LC16	
720575941651215633	BANC_888:720575941651215633	BANC888	is_a	adult inferior bridge neuron 032	
720575941651216113	BANC_888:720575941651216113	BANC888	is_a	adult SNxx04 neuron	
720575941651216661	BANC_888:720575941651216661	BANC888	is_a	adult CB0494 neuron	
720575941651217393	BANC_888:720575941651217393	BANC888	is_a	adult INXXX415 neuron	
720575941651221233	BANC_888:720575941651221233	BANC888	is_a	adult optic lobe intrinsic neuron	
720575941651221269	BANC_888:720575941651221269	BANC888	is_a	adult lobula intrinsic neuron Li35	FlyBase:FBrf0262545
720575941651222293	BANC_888:720575941651222293	BANC888	is_a	transmedullary Y neuron TmY14	
720575941651223317	BANC_888:720575941651223317	BANC888	is_a	adult optic lobe intrinsic neuron	
720575941651225617	BANC_888:720575941651225617	BANC888	is_a	alpha/beta Kenyon cell	
720575941651230193	BANC_888:720575941651230193	BANC888	is_a	T4b neuron	
720575941651230705	BANC_888:720575941651230705	BANC888	is_a	adult optic lobe intrinsic neuron	
720575941651232021	BANC_888:720575941651232021	BANC888	is_a	adult lobula intrinsic neuron Li13	FlyBase:FBrf0262545
720575941651234033	BANC_888:720575941651234033	BANC888	is_a	transmedullary neuron Tm24	FlyBase:FBrf0262545
720575941651234289	BANC_888:720575941651234289	BANC888	is_a	transmedullary neuron Tm9	
720575941651247601	BANC_888:720575941651247601	BANC888	is_a	centrifugal neuron C3	
720575941651251441	BANC_888:720575941651251441	BANC888	is_a	centrifugal neuron C3	
720575941651262193	BANC_888:720575941651262193	BANC888	is_a	translobula plate neuron Tlp1	
720575941651262705	BANC_888:720575941651262705	BANC888	is_a	T2a neuron	
720575941651264241	BANC_888:720575941651264241	BANC888	is_a	centrifugal neuron C3	
720575941651265301	BANC_888:720575941651265301	BANC888	is_a	medulla intrinsic neuron Mi15	
720575941651267313	BANC_888:720575941651267313	BANC888	is_a	T2a neuron	
720575941651267569	BANC_888:720575941651267569	BANC888	is_a	transmedullary neuron Tm1	
720575941651269617	BANC_888:720575941651269617	BANC888	is_a	centrifugal neuron C3	
720575941651279089	BANC_888:720575941651279089	BANC888	is_a	T5c neuron	
720575941651281393	BANC_888:720575941651281393	BANC888	is_a	adult optic lobe intrinsic neuron	
720575941651284209	BANC_888:720575941651284209	BANC888	is_a	T3 neuron	
720575941651286805	BANC_888:720575941651286805	BANC888	is_a	adult optic lobe intrinsic neuron	
720575941651291665	BANC_888:720575941651291665	BANC888	is_a	T5b neuron	
720575941651307249	BANC_888:720575941651307249	BANC888	is_a	adult SNta09 neuron	
720575941651310101	BANC_888:720575941651310101	BANC888	is_a	adult multiglomerular antennal lobe projection neuron type 75 vPN	
720575941651316245	BANC_888:720575941651316245	BANC888	is_a	adult AN07B091 neuron	
720575941651322133	BANC_888:720575941651322133	BANC888	is_a	transmedullary neuron Tm4	
720575941651324437	BANC_888:720575941651324437	BANC888	is_a	adult fan-shaped body layer 6 neuron of DM6 lineage	
720575941651340821	BANC_888:720575941651340821	BANC888	is_a	adult clamp neuron 323	
720575941651342577	BANC_888:720575941651342577	BANC888	is_a	T4d neuron	
720575941651361777	BANC_888:720575941651361777	BANC888	is_a	adult superior medial protocerebrum neuron 307	
720575941651365361	BANC_888:720575941651365361	BANC888	is_a	T4c neuron	
720575941651370261	BANC_888:720575941651370261	BANC888	is_a	transmedullary Y neuron TmY5a	
720575941651374101	BANC_888:720575941651374101	BANC888	is_a	transmedullary Y neuron TmY10	
720575941651391473	BANC_888:720575941651391473	BANC888	is_a	T3 neuron	
720575941651397617	BANC_888:720575941651397617	BANC888	is_a	adult vest neuron 021	
720575941651402993	BANC_888:720575941651402993	BANC888	is_a	adult IN21A078 neuron	
720575941651404565	BANC_888:720575941651404565	BANC888	is_a	adult fan-shaped body 1 column-crepine neuron	FlyBase:FBrf0246888
720575941651404821	BANC_888:720575941651404821	BANC888	is_a	centrifugal neuron C2	
720575941651408149	BANC_888:720575941651408149	BANC888	is_a	mechanosensory neuron of adult head bristle	
720575941651409649	BANC_888:720575941651409649	BANC888	is_a	T3 neuron	
720575941651410705	BANC_888:720575941651410705	BANC888	is_a	adult CB2518 neuron	
720575941651410965	BANC_888:720575941651410965	BANC888	is_a	lobula intrinsic neuron Li14	FlyBase:FBrf0262545
720575941651411989	BANC_888:720575941651411989	BANC888	is_a	medulla intrinsic neuron Mi15	
720575941651421937	BANC_888:720575941651421937	BANC888	is_a	mechanosensory neuron of interommatidial bristle	
720575941651425557	BANC_888:720575941651425557	BANC888	is_a	adult CB2581 neuron	
720575941651427313	BANC_888:720575941651427313	BANC888	is_a	adult optic lobe intrinsic neuron	
720575941651433713	BANC_888:720575941651433713	BANC888	is_a	adult Kenyon cell	
720575941651434261	BANC_888:720575941651434261	BANC888	is_a	adult CB0946 neuron	
720575941651434517	BANC_888:720575941651434517	BANC888	is_a	adult fan-shaped body layer 1 neuron of DM6 lineage	
720575941651437589	BANC_888:720575941651437589	BANC888	is_a	adult fan-shaped body vertical delta neuron	
720575941651438833	BANC_888:720575941651438833	BANC888	is_a	T5c neuron	
720575941651447573	BANC_888:720575941651447573	BANC888	is_a	adult fan-shaped body 1 column-crepine neuron	FlyBase:FBrf0246888
720575941651454485	BANC_888:720575941651454485	BANC888	is_a	adult protocerebral bridge 1 glomerulus-fan-shaped body-nodulus neuron	
720575941651470869	BANC_888:720575941651470869	BANC888	is_a	alpha/beta Kenyon cell	
720575941651471637	BANC_888:720575941651471637	BANC888	is_a	gamma dorsal Kenyon cell	
720575941651479317	BANC_888:720575941651479317	BANC888	is_a	medulla intrinsic neuron Mi9	
720575941651481877	BANC_888:720575941651481877	BANC888	is_a	alpha/beta Kenyon cell	
720575941651485205	BANC_888:720575941651485205	BANC888	is_a	gamma main Kenyon cell	
720575941651486485	BANC_888:720575941651486485	BANC888	is_a	adult medulla-tubercle neuron 1	
720575941651491352	BANC_888:720575941651491352	BANC888	is_a	lobula plate intrinsic neuron LPi2e	FlyBase:FBrf0262545
720575941651491857	BANC_888:720575941651491857	BANC888	is_a	lobula columnar neuron LC13	
720575941651491861	BANC_888:720575941651491861	BANC888	is_a	adult optic lobe intrinsic neuron	
720575941651500561	BANC_888:720575941651500561	BANC888	is_a	adult IN16B111 neuron	
720575941651500821	BANC_888:720575941651500821	BANC888	is_a	centrifugal neuron C3	
720575941651503601	BANC_888:720575941651503601	BANC888	is_a	alpha/beta posterior Kenyon cell	
720575941651507217	BANC_888:720575941651507217	BANC888	is_a	adult IN03A039 neuron	
720575941651509013	BANC_888:720575941651509013	BANC888	is_a	transmedullary neuron Tm9	
720575941651511281	BANC_888:720575941651511281	BANC888	is_a	T4d neuron	
720575941651511317	BANC_888:720575941651511317	BANC888	is_a	T4a neuron	
720575941651513621	BANC_888:720575941651513621	BANC888	is_a	adult optic lobe intrinsic neuron	
720575941651514389	BANC_888:720575941651514389	BANC888	is_a	adult optic lobe intrinsic neuron	
720575941651515665	BANC_888:720575941651515665	BANC888	is_a	adult Kenyon cell	
720575941651516145	BANC_888:720575941651516145	BANC888	is_a	T5d neuron	
720575941651518229	BANC_888:720575941651518229	BANC888	is_a	adult lobula intrinsic neuron Li22	FlyBase:FBrf0262545
720575941651520277	BANC_888:720575941651520277	BANC888	is_a	centrifugal neuron C2	
720575941651523605	BANC_888:720575941651523605	BANC888	is_a	lamina monopolar neuron L5	
720575941651523825	BANC_888:720575941651523825	BANC888	is_a	adult SNta42 neuron	
720575941651523861	BANC_888:720575941651523861	BANC888	is_a	mechanosensory neuron of interommatidial bristle	
720575941651528177	BANC_888:720575941651528177	BANC888	is_a	metathoracic accessory tibial flexor motor neuron	
720575941651532565	BANC_888:720575941651532565	BANC888	is_a	adult optic lobe intrinsic neuron	
720575941651535893	BANC_888:720575941651535893	BANC888	is_a	transmedullary neuron Tm1	
720575941651536113	BANC_888:720575941651536113	BANC888	is_a	adult IN16B061 neuron	
720575941651538965	BANC_888:720575941651538965	BANC888	is_a	adult olfactory receptor neuron Or82a	
720575941651541009	BANC_888:720575941651541009	BANC888	is_a	adult ellipsoid body ring neuron R3m	
720575941651548181	BANC_888:720575941651548181	BANC888	is_a	adult optic lobe intrinsic neuron	
720575941651548401	BANC_888:720575941651548401	BANC888	is_a	adult IN19A083 neuron	
720575941651554033	BANC_888:720575941651554033	BANC888	is_a	adult IN08A028 neuron	
720575941651562517	BANC_888:720575941651562517	BANC888	is_a	T5a neuron	
720575941651563537	BANC_888:720575941651563537	BANC888	is_a	adult CB1836 neuron	
720575941651567637	BANC_888:720575941651567637	BANC888	is_a	distal medullary amacrine neuron Dm3a	FlyBase:FBrf0262545
720575941651573269	BANC_888:720575941651573269	BANC888	is_a	adult SNta42 neuron	
720575941651576049	BANC_888:720575941651576049	BANC888	is_a	adult gamma Kenyon cell	
720575941651578097	BANC_888:720575941651578097	BANC888	is_a	adult SNta27 neuron	
720575941651581457	BANC_888:720575941651581457	BANC888	is_a	adult fan-shaped body 1 column-crepine neuron	FlyBase:FBrf0246888
720575941651582997	BANC_888:720575941651582997	BANC888	is_a	photoreceptor cell R7	
720575941651584277	BANC_888:720575941651584277	BANC888	is_a	adult optic lobe intrinsic neuron	
720575941651584533	BANC_888:720575941651584533	BANC888	is_a	photoreceptor cell R7	
720575941651586069	BANC_888:720575941651586069	BANC888	is_a	adult optic lobe intrinsic neuron	
720575941651586801	BANC_888:720575941651586801	BANC888	is_a	alpha/beta Kenyon cell	
720575941651588373	BANC_888:720575941651588373	BANC888	is_a	lobula columnar neuron	
720575941651592177	BANC_888:720575941651592177	BANC888	is_a	adult lateral accessory lobe neuron 087	
720575941651592469	BANC_888:720575941651592469	BANC888	is_a	lamina monopolar neuron L5	
720575941651593237	BANC_888:720575941651593237	BANC888	is_a	transmedullary neuron Tm5Y	FlyBase:FBrf0262545
720575941651596561	BANC_888:720575941651596561	BANC888	is_a	adult IN12A021 neuron	
720575941651598577	BANC_888:720575941651598577	BANC888	is_a	adult IN08A024 neuron	
720575941651609361	BANC_888:720575941651609361	BANC888	is_a	adult lateral accessory lobe neuron 034	
720575941651615985	BANC_888:720575941651615985	BANC888	is_a	adult CB3658 neuron	
720575941651616533	BANC_888:720575941651616533	BANC888	is_a	medulla intrinsic neuron Mi1	
720575941651617553	BANC_888:720575941651617553	BANC888	is_a	transmedullary neuron Tm3	
720575941651618069	BANC_888:720575941651618069	BANC888	is_a	lobula plate-lobula columnar neuron LPLC4	
720575941651618545	BANC_888:720575941651618545	BANC888	is_a	adult IN06B073 neuron	
720575941651620881	BANC_888:720575941651620881	BANC888	is_a	alpha/beta Kenyon cell	
720575941651622421	BANC_888:720575941651622421	BANC888	is_a	adult optic lobe intrinsic neuron	
720575941651625233	BANC_888:720575941651625233	BANC888	is_a	medulla intrinsic neuron Mi1	
720575941651625457	BANC_888:720575941651625457	BANC888	is_a	adult INXXX083 neuron	
720575941651627029	BANC_888:720575941651627029	BANC888	is_a	transmedullary neuron Tm31	FlyBase:FBrf0262545
720575941651629077	BANC_888:720575941651629077	BANC888	is_a	distal medullary amacrine neuron Dm3a	FlyBase:FBrf0262545
720575941651634961	BANC_888:720575941651634961	BANC888	is_a	medulla intrinsic neuron Mi9	
720575941651635441	BANC_888:720575941651635441	BANC888	is_a	wing margin mechanosensory bristle	
720575941651636241	BANC_888:720575941651636241	BANC888	is_a	adult optic lobe intrinsic neuron	
720575941651639793	BANC_888:720575941651639793	BANC888	is_a	wing margin taste bristle	
720575941651642129	BANC_888:720575941651642129	BANC888	is_a	adult CB1537 neuron	
720575941651642641	BANC_888:720575941651642641	BANC888	is_a	proximal medullary amacrine neuron Pm1	FlyBase:FBrf0262545
720575941651642645	BANC_888:720575941651642645	BANC888	is_a	adult INXXX352 neuron	
720575941651645937	BANC_888:720575941651645937	BANC888	is_a	adult SNxx29 neuron	
720575941651649009	BANC_888:720575941651649009	BANC888	is_a	adult IN20A.22A090 neuron	
720575941651650289	BANC_888:720575941651650289	BANC888	is_a	lamina monopolar neuron L1	
720575941651654677	BANC_888:720575941651654677	BANC888	is_a	medulla intrinsic neuron Mi13	
720575941651662357	BANC_888:720575941651662357	BANC888	is_a	lamina monopolar neuron L5	
720575941651663637	BANC_888:720575941651663637	BANC888	is_a	adult optic lobe intrinsic neuron	
720575941651666193	BANC_888:720575941651666193	BANC888	is_a	adult optic lobe intrinsic neuron	
720575941651668497	BANC_888:720575941651668497	BANC888	is_a	medulla intrinsic neuron Mi1	
720575941651668501	BANC_888:720575941651668501	BANC888	is_a	medulla-lobula neuron 1	FlyBase:FBrf0262545
720575941651669521	BANC_888:720575941651669521	BANC888	is_a	T4c neuron	
720575941651682065	BANC_888:720575941651682065	BANC888	is_a	medulla intrinsic neuron Mi1	
720575941651682833	BANC_888:720575941651682833	BANC888	is_a	adult optic lobe intrinsic neuron	
720575941651685393	BANC_888:720575941651685393	BANC888	is_a	T5a neuron	
720575941651686929	BANC_888:720575941651686929	BANC888	is_a	T5d neuron	
720575941651686933	BANC_888:720575941651686933	BANC888	is_a	transmedullary neuron Tm20	
720575941651689493	BANC_888:720575941651689493	BANC888	is_a	photoreceptor cell R7	
720575941651690773	BANC_888:720575941651690773	BANC888	is_a	lamina monopolar neuron L2	
720575941651695601	BANC_888:720575941651695601	BANC888	is_a	mechanosensory neuron of interommatidial bristle	
720575941651697393	BANC_888:720575941651697393	BANC888	is_a	mechanosensory neuron of interommatidial bristle	
720575941651698705	BANC_888:720575941651698705	BANC888	is_a	T4c neuron	
720575941651700245	BANC_888:720575941651700245	BANC888	is_a	medulla intrinsic neuron Mi9	
720575941651704049	BANC_888:720575941651704049	BANC888	is_a	mechanosensory neuron of vibrissal bristle	
720575941651705073	BANC_888:720575941651705073	BANC888	is_a	adult olfactory receptor neuron Gr21a/63a	
720575941651708689	BANC_888:720575941651708689	BANC888	is_a	T5b neuron	
720575941651715569	BANC_888:720575941651715569	BANC888	is_a	adult olfactory receptor neuron Or67b	
720575941651715857	BANC_888:720575941651715857	BANC888	is_a	Y neuron Y3	
720575941651723285	BANC_888:720575941651723285	BANC888	is_a	mechanosensory neuron of interommatidial bristle	
720575941651725041	BANC_888:720575941651725041	BANC888	is_a	femoral chordotonal club neuron	
720575941651725809	BANC_888:720575941651725809	BANC888	is_a	adult SNta19 neuron	
720575941651729649	BANC_888:720575941651729649	BANC888	is_a	adult CB2471 neuron	
720575941651731473	BANC_888:720575941651731473	BANC888	is_a	T5c neuron	
720575941651734549	BANC_888:720575941651734549	BANC888	is_a	adult CB1504 neuron	
720575941651736337	BANC_888:720575941651736337	BANC888	is_a	lobula-lobula plate columnar neuron LLPC1	
720575941651742993	BANC_888:720575941651742993	BANC888	is_a	lobula columnar neuron LC17	
720575941651743729	BANC_888:720575941651743729	BANC888	is_a	lobula columnar neuron LC13	
720575941651748625	BANC_888:720575941651748625	BANC888	is_a	distal medullary amacrine neuron Dm2	
720575941651750929	BANC_888:720575941651750929	BANC888	is_a	medulla intrinsic neuron Mi4	
720575941651754005	BANC_888:720575941651754005	BANC888	is_a	adult gamma Kenyon cell	
720575941651755281	BANC_888:720575941651755281	BANC888	is_a	T5b neuron	
720575941651755797	BANC_888:720575941651755797	BANC888	is_a	adult ANXXX202 neuron	
720575941651756785	BANC_888:720575941651756785	BANC888	is_a	adult posterior lateral protocerebrum neuron 037	
720575941651756817	BANC_888:720575941651756817	BANC888	is_a	distal medullary amacrine neuron Dm3a	FlyBase:FBrf0262545
720575941651758353	BANC_888:720575941651758353	BANC888	is_a	T4a neuron	
720575941651758613	BANC_888:720575941651758613	BANC888	is_a	adult fan-shaped body vertical delta neuron	FlyBase:FBrf0246888
720575941651760401	BANC_888:720575941651760401	BANC888	is_a	T5d neuron	
720575941651760881	BANC_888:720575941651760881	BANC888	is_a	adult superior lateral protocerebrum neuron 291	
720575941651766769	BANC_888:720575941651766769	BANC888	is_a	dopaminergic PAM neuron 7	
720575941651770897	BANC_888:720575941651770897	BANC888	is_a	T5b neuron	
720575941651771921	BANC_888:720575941651771921	BANC888	is_a	transmedullary neuron Tm9	
720575941651772181	BANC_888:720575941651772181	BANC888	is_a	adult CB1508 neuron	
720575941651773205	BANC_888:720575941651773205	BANC888	is_a	adult fan-shaped body vertical delta neuron	
720575941651777777	BANC_888:720575941651777777	BANC888	is_a	adult IN01B037 neuron	
720575941651778325	BANC_888:720575941651778325	BANC888	is_a	adult CB1471 neuron	
720575941651778581	BANC_888:720575941651778581	BANC888	is_a	bitter-sensing neuron	
720575941651783189	BANC_888:720575941651783189	BANC888	is_a	adult fan-shaped body 1 column-crepine neuron	FlyBase:FBrf0246888
720575941651795953	BANC_888:720575941651795953	BANC888	is_a	distal medullary amacrine neuron Dm6	
720575941651800853	BANC_888:720575941651800853	BANC888	is_a	adult CB3055 neuron	
720575941651808753	BANC_888:720575941651808753	BANC888	is_a	adult posterior slope neuron 262	
720575941651810581	BANC_888:720575941651810581	BANC888	is_a	adult SNta37 neuron	
720575941651811093	BANC_888:720575941651811093	BANC888	is_a	adult INXXX089 neuron	
720575941651812885	BANC_888:720575941651812885	BANC888	is_a	T4d neuron	
720575941651817745	BANC_888:720575941651817745	BANC888	is_a	lobula columnar neuron LC10d	
720575941651827989	BANC_888:720575941651827989	BANC888	is_a	adult AN10B022 neuron	
720575941651828241	BANC_888:720575941651828241	BANC888	is_a	distal medullary amacrine neuron Dm10	
720575941651834133	BANC_888:720575941651834133	BANC888	is_a	adult central medulla neuron Cm11	FlyBase:FBrf0262545
720575941651838449	BANC_888:720575941651838449	BANC888	is_a	adult IN13A060 neuron	
720575941651840529	BANC_888:720575941651840529	BANC888	is_a	adult optic lobe intrinsic neuron	
720575941651840789	BANC_888:720575941651840789	BANC888	is_a	adult IN01B062 neuron	
720575941651841041	BANC_888:720575941651841041	BANC888	is_a	adult optic lobe intrinsic neuron	
720575941651847189	BANC_888:720575941651847189	BANC888	is_a	adult IN07B048 neuron	
720575941651848725	BANC_888:720575941651848725	BANC888	is_a	adult IN11A017 neuron	
720575941651851505	BANC_888:720575941651851505	BANC888	is_a	adult CB1251 neuron	
720575941651851797	BANC_888:720575941651851797	BANC888	is_a	adult INXXX142 neuron	
720575941651852017	BANC_888:720575941651852017	BANC888	is_a	adult CB1374 neuron	
720575941651854321	BANC_888:720575941651854321	BANC888	is_a	alpha/beta Kenyon cell	
720575941651856657	BANC_888:720575941651856657	BANC888	is_a	medulla intrinsic neuron Mi15	
720575941651861269	BANC_888:720575941651861269	BANC888	is_a	adult IN19B087 neuron	
720575941651866901	BANC_888:720575941651866901	BANC888	is_a	adult DNut054 neuron	
720575941651867669	BANC_888:720575941651867669	BANC888	is_a	adult IN16B060 neuron	
720575941651871253	BANC_888:720575941651871253	BANC888	is_a	mechanosensory neuron of interommatidial bristle	
720575941651872533	BANC_888:720575941651872533	BANC888	is_a	sensory neuron	
720575941651874801	BANC_888:720575941651874801	BANC888	is_a	zone B Johnston organ neuron	
720575941651878161	BANC_888:720575941651878161	BANC888	is_a	lobula plate intrinsic neuron LPi3a	FlyBase:FBrf0262545
720575941651880213	BANC_888:720575941651880213	BANC888	is_a	adult crepine neuron 035	
720575941651886065	BANC_888:720575941651886065	BANC888	is_a	distal medullary amacrine neuron Dm11	
720575941651890449	BANC_888:720575941651890449	BANC888	is_a	lobula columnar neuron LC24	
720575941651892245	BANC_888:720575941651892245	BANC888	is_a	adult crepine neuron 068	
720575941651900181	BANC_888:720575941651900181	BANC888	is_a	adult posterior lateral protocerebrum neuron 089	
720575941651901937	BANC_888:720575941651901937	BANC888	is_a	Y neuron Y1	
720575941651905045	BANC_888:720575941651905045	BANC888	is_a	lobula plate intrinsic neuron LPi3a	FlyBase:FBrf0262545
720575941651907089	BANC_888:720575941651907089	BANC888	is_a	distal medullary amacrine neuron Dm3a	FlyBase:FBrf0262545
720575941651907825	BANC_888:720575941651907825	BANC888	is_a	adult posterior slope neuron 153	
720575941651907857	BANC_888:720575941651907857	BANC888	is_a	transmedullary neuron Tm31	FlyBase:FBrf0262545
720575941651908625	BANC_888:720575941651908625	BANC888	is_a	T5c neuron	
720575941651911953	BANC_888:720575941651911953	BANC888	is_a	Y neuron Y11	
720575941651914993	BANC_888:720575941651914993	BANC888	is_a	adult optic lobe intrinsic neuron	
720575941651916565	BANC_888:720575941651916565	BANC888	is_a	alpha/beta Kenyon cell	
720575941651917845	BANC_888:720575941651917845	BANC888	is_a	adult lobula intrinsic neuron Li21	FlyBase:FBrf0262545
720575941651919377	BANC_888:720575941651919377	BANC888	is_a	Y neuron Y12	
720575941651927313	BANC_888:720575941651927313	BANC888	is_a	adult optic lobe intrinsic neuron	
720575941651930097	BANC_888:720575941651930097	BANC888	is_a	adult CB3007 neuron	
720575941651931157	BANC_888:720575941651931157	BANC888	is_a	adult CB1001 neuron	
720575941651951893	BANC_888:720575941651951893	BANC888	is_a	adult clamp neuron 123	
720575941651953169	BANC_888:720575941651953169	BANC888	is_a	alpha/beta Kenyon cell	
720575941651954417	BANC_888:720575941651954417	BANC888	is_a	transmedullary neuron Tm1	
720575941651954705	BANC_888:720575941651954705	BANC888	is_a	adult optic lobe intrinsic neuron	
720575941651963153	BANC_888:720575941651963153	BANC888	is_a	adult optic lobe intrinsic neuron	
720575941651976725	BANC_888:720575941651976725	BANC888	is_a	adult CB1225 neuron	
720575941651976981	BANC_888:720575941651976981	BANC888	is_a	adult anterior ventrolateral protocerebrum neuron 010	
720575941651979797	BANC_888:720575941651979797	BANC888	is_a	adult CB0078 neuron	
720575941651981077	BANC_888:720575941651981077	BANC888	is_a	adult ascending neuron	
720575941651989525	BANC_888:720575941651989525	BANC888	is_a	adult CB3115 neuron	
720575941651998997	BANC_888:720575941651998997	BANC888	is_a	adult superior medial protocerebrum neuron 060	
720575941651999729	BANC_888:720575941651999729	BANC888	is_a	adult wedge neuron 002	
720575941652001041	BANC_888:720575941652001041	BANC888	is_a	adult CB2364 neuron	
720575941652006933	BANC_888:720575941652006933	BANC888	is_a	adult CB1675 neuron	
720575941652008721	BANC_888:720575941652008721	BANC888	is_a	lobula columnar neuron LC10c	
720575941652010261	BANC_888:720575941652010261	BANC888	is_a	adult CB3723 neuron	
720575941652016113	BANC_888:720575941652016113	BANC888	is_a	adult central medulla intrinsic neuron Cm1	FlyBase:FBrf0262545
720575941652021781	BANC_888:720575941652021781	BANC888	is_a	adult superior medial protocerebrum neuron 501	
720575941652022037	BANC_888:720575941652022037	BANC888	is_a	adult CB1786 neuron	
720575941652023317	BANC_888:720575941652023317	BANC888	is_a	lobula columnar neuron LC4	
720575941652027669	BANC_888:720575941652027669	BANC888	is_a	adult antennal lobe projection neuron VP1m+VP5 ilPN	
720575941652030481	BANC_888:720575941652030481	BANC888	is_a	adult IN01B070 neuron	
720575941652030961	BANC_888:720575941652030961	BANC888	is_a	lobula columnar neuron LC10c	
720575941652030993	BANC_888:720575941652030993	BANC888	is_a	adult superior medial protocerebrum neuron 120	
720575941652033301	BANC_888:720575941652033301	BANC888	is_a	lamina monopolar neuron L2	
720575941652034033	BANC_888:720575941652034033	BANC888	is_a	adult CB2789 neuron	
720575941652034521	BANC_888:720575941652034521	BANC888	is_a	adult IN19A114 neuron	
720575941652038421	BANC_888:720575941652038421	BANC888	is_a	adult IN18B041 neuron	
720575941652039701	BANC_888:720575941652039701	BANC888	is_a	medulla columnar neuron MC64	
720575941652039921	BANC_888:720575941652039921	BANC888	is_a	adult antennal olfactory receptor neuron	
720575941652040725	BANC_888:720575941652040725	BANC888	is_a	adult anterior optic tubercle neuron 035	
720575941652046869	BANC_888:720575941652046869	BANC888	is_a	adult CB0652 neuron	
720575941652047893	BANC_888:720575941652047893	BANC888	is_a	adult olfactory receptor neuron Or67d	
720575941652048369	BANC_888:720575941652048369	BANC888	is_a	adult CB2663 neuron	
720575941652057305	BANC_888:720575941652057305	BANC888	is_a	adult IN08A026 neuron	
720575941652059353	BANC_888:720575941652059353	BANC888	is_a	adult IN21A037 neuron	
720575941652063729	BANC_888:720575941652063729	BANC888	is_a	adult CB1112 neuron	
720575941652063765	BANC_888:720575941652063765	BANC888	is_a	adult optic lobe intrinsic neuron	
720575941652065009	BANC_888:720575941652065009	BANC888	is_a	adult optic lobe intrinsic neuron	
720575941652065553	BANC_888:720575941652065553	BANC888	is_a	alpha/beta Kenyon cell	
720575941652066801	BANC_888:720575941652066801	BANC888	is_a	adult lateral accessory lobe-fan-shaped body layer 3 neuron	
720575941652073201	BANC_888:720575941652073201	BANC888	is_a	adult medulla-tubercle neuron 1	
720575941652075281	BANC_888:720575941652075281	BANC888	is_a	adult lobula columnar neuron LC46b	FlyBase:FBrf0262545
720575941652075285	BANC_888:720575941652075285	BANC888	is_a	adult superior medial protocerebrum neuron 020	
720575941652076505	BANC_888:720575941652076505	BANC888	is_a	adult SNta09 neuron	
720575941652076817	BANC_888:720575941652076817	BANC888	is_a	gamma main Kenyon cell	
720575941652077041	BANC_888:720575941652077041	BANC888	is_a	adult CB3399 neuron	
720575941652078869	BANC_888:720575941652078869	BANC888	is_a	descending neuron of the gnathal ganglion DNg44	
720575941652080149	BANC_888:720575941652080149	BANC888	is_a	gamma main Kenyon cell	
720575941652081429	BANC_888:720575941652081429	BANC888	is_a	adult posterior lateral protocerebrum neuron 139	
720575941652081681	BANC_888:720575941652081681	BANC888	is_a	adult optic lobe intrinsic neuron	
720575941652085745	BANC_888:720575941652085745	BANC888	is_a	adult DNxn143 neuron	
720575941652086001	BANC_888:720575941652086001	BANC888	is_a	adult CB1767 neuron	
720575941652089049	BANC_888:720575941652089049	BANC888	is_a	adult SNta09 neuron	
720575941652092689	BANC_888:720575941652092689	BANC888	is_a	adult lobula visual projection neuron LoVP81	FlyBase:FBrf0262545
720575941652096277	BANC_888:720575941652096277	BANC888	is_a	lobula columnar neuron LC11	
720575941652100373	BANC_888:720575941652100373	BANC888	is_a	adult anterior ventrolateral protocerebrum neuron 447	
720575941652108017	BANC_888:720575941652108017	BANC888	is_a	adult CB2667 neuron	
720575941652110357	BANC_888:720575941652110357	BANC888	is_a	adult vest neuron 004	
720575941652111377	BANC_888:720575941652111377	BANC888	is_a	lobula columnar neuron LC4	
720575941652113685	BANC_888:720575941652113685	BANC888	is_a	proboscis muscle 3 medial motor neuron	
720575941652129241	BANC_888:720575941652129241	BANC888	is_a	lobula columnar neuron LC12	
720575941652130033	BANC_888:720575941652130033	BANC888	is_a	adult optic lobe intrinsic neuron	
720575941652131825	BANC_888:720575941652131825	BANC888	is_a	adult CB2460 neuron	
720575941652137969	BANC_888:720575941652137969	BANC888	is_a	adult lateral horn AV2b2 neuron	
720575941652138005	BANC_888:720575941652138005	BANC888	is_a	adult medulla visual projection neuron MeVP18	FlyBase:FBrf0262545
720575941652138225	BANC_888:720575941652138225	BANC888	is_a	lobula plate tangential neuron Nod1	
720575941652139025	BANC_888:720575941652139025	BANC888	is_a	adult tubercle-bulb neuron 08	
720575941652140817	BANC_888:720575941652140817	BANC888	is_a	alpha/beta Kenyon cell	
720575941652146449	BANC_888:720575941652146449	BANC888	is_a	adult gamma Kenyon cell	
720575941652147477	BANC_888:720575941652147477	BANC888	is_a	adult anterior ventrolateral protocerebrum neuron 537	
720575941652148757	BANC_888:720575941652148757	BANC888	is_a	adult CB3136 neuron	
720575941652151569	BANC_888:720575941652151569	BANC888	is_a	adult IN06A129 neuron	
720575941652152853	BANC_888:720575941652152853	BANC888	is_a	adult fan-shaped body layer 5 neuron of DALcl2 lineage	
720575941652155409	BANC_888:720575941652155409	BANC888	is_a	medulla intrinsic neuron Mi1	
720575941652156437	BANC_888:720575941652156437	BANC888	is_a	adult medulla tangential neuron e01b	
720575941652156657	BANC_888:720575941652156657	BANC888	is_a	descending neuron of the posterior brain DNp41	
720575941652157657	BANC_888:720575941652157657	BANC888	is_a	adult EN21X001 neuron	
720575941652158425	BANC_888:720575941652158425	BANC888	is_a	adult SNta02 neuron	
720575941652159449	BANC_888:720575941652159449	BANC888	is_a	adult AN08B097 neuron	
720575941652159505	BANC_888:720575941652159505	BANC888	is_a	sensory neuron of haltere campaniform sensillum	
720575941652162321	BANC_888:720575941652162321	BANC888	is_a	alpha/beta Kenyon cell	
720575941652162581	BANC_888:720575941652162581	BANC888	is_a	medulla intrinsic neuron Mi1	
720575941652162833	BANC_888:720575941652162833	BANC888	is_a	adult IN04B105 neuron	
720575941652165141	BANC_888:720575941652165141	BANC888	is_a	adult optic lobe intrinsic neuron	
720575941652170001	BANC_888:720575941652170001	BANC888	is_a	T3 neuron	
720575941652170257	BANC_888:720575941652170257	BANC888	is_a	centrifugal neuron C3	
720575941652173297	BANC_888:720575941652173297	BANC888	is_a	adult Kenyon cell	
720575941652174297	BANC_888:720575941652174297	BANC888	is_a	adult IN14A080 neuron	
720575941652175601	BANC_888:720575941652175601	BANC888	is_a	medulla intrinsic neuron Mi9	
720575941652175889	BANC_888:720575941652175889	BANC888	is_a	transmedullary Y neuron TmY20	
720575941652176345	BANC_888:720575941652176345	BANC888	is_a	T4a neuron	
720575941652179697	BANC_888:720575941652179697	BANC888	is_a	adult optic lobe intrinsic neuron	
720575941652179733	BANC_888:720575941652179733	BANC888	is_a	medulla intrinsic neuron Mi1	
720575941652188949	BANC_888:720575941652188949	BANC888	is_a	adult CB1967 neuron	
720575941652189457	BANC_888:720575941652189457	BANC888	is_a	transmedullary neuron Tm20	
720575941652191249	BANC_888:720575941652191249	BANC888	is_a	transmedullary neuron Tm3	
720575941652191961	BANC_888:720575941652191961	BANC888	is_a	adult IN03B086 neuron	
720575941652194777	BANC_888:720575941652194777	BANC888	is_a	adult INXXX315 neuron	
720575941652199665	BANC_888:720575941652199665	BANC888	is_a	transmedullary neuron Tm4	
720575941652200465	BANC_888:720575941652200465	BANC888	is_a	transmedullary neuron Tm9	
720575941652200921	BANC_888:720575941652200921	BANC888	is_a	adult IN14A101 neuron	
720575941652202513	BANC_888:720575941652202513	BANC888	is_a	columnar neuron T1	
720575941652203029	BANC_888:720575941652203029	BANC888	is_a	adult optic lobe intrinsic neuron	
720575941652204053	BANC_888:720575941652204053	BANC888	is_a	adult optic lobe intrinsic neuron	
720575941652204273	BANC_888:720575941652204273	BANC888	is_a	adult optic lobe intrinsic neuron	
720575941652206809	BANC_888:720575941652206809	BANC888	is_a	T4c neuron	
720575941652207121	BANC_888:720575941652207121	BANC888	is_a	transmedullary Y neuron TmY3	
720575941652212241	BANC_888:720575941652212241	BANC888	is_a	medulla intrinsic neuron Mi9	
720575941652212977	BANC_888:720575941652212977	BANC888	is_a	adult olfactory receptor neuron Or67b	
720575941652215829	BANC_888:720575941652215829	BANC888	is_a	dopaminergic PAM neuron 7	
720575941652216597	BANC_888:720575941652216597	BANC888	is_a	adult IN13B098 neuron	
720575941652219665	BANC_888:720575941652219665	BANC888	is_a	medulla intrinsic neuron Mi4	
720575941652219921	BANC_888:720575941652219921	BANC888	is_a	medulla intrinsic neuron Mi9	
720575941652224497	BANC_888:720575941652224497	BANC888	is_a	adult gamma Kenyon cell	
720575941652225265	BANC_888:720575941652225265	BANC888	is_a	adult CB2685 neuron	
720575941652229361	BANC_888:720575941652229361	BANC888	is_a	adult superior intermediate protocerebrum neuron 055	
720575941652234005	BANC_888:720575941652234005	BANC888	is_a	distal medullary amacrine neuron Dm2	
720575941652237809	BANC_888:720575941652237809	BANC888	is_a	adult olfactory receptor neuron Or85b	
720575941652238065	BANC_888:720575941652238065	BANC888	is_a	mechanosensory neuron of interommatidial bristle	
720575941652238869	BANC_888:720575941652238869	BANC888	is_a	columnar neuron T1	
720575941652240369	BANC_888:720575941652240369	BANC888	is_a	adult olfactory receptor neuron Or67c	
720575941652240657	BANC_888:720575941652240657	BANC888	is_a	T4d neuron	
720575941652242705	BANC_888:720575941652242705	BANC888	is_a	T4a neuron	
720575941652245013	BANC_888:720575941652245013	BANC888	is_a	adult optic lobe intrinsic neuron	
720575941652249873	BANC_888:720575941652249873	BANC888	is_a	transmedullary neuron Tm4	
720575941652250133	BANC_888:720575941652250133	BANC888	is_a	medulla intrinsic neuron Mi1	
720575941652250865	BANC_888:720575941652250865	BANC888	is_a	adult SNta27 neuron	
720575941652251409	BANC_888:720575941652251409	BANC888	is_a	adult optic lobe intrinsic neuron	
720575941652251413	BANC_888:720575941652251413	BANC888	is_a	transmedullary neuron Tm3	
720575941652252657	BANC_888:720575941652252657	BANC888	is_a	adult gamma Kenyon cell	
720575941652252889	BANC_888:720575941652252889	BANC888	is_a	adult IN12B041 neuron	
720575941652253169	BANC_888:720575941652253169	BANC888	is_a	adult INXXX230 neuron	
720575941652254425	BANC_888:720575941652254425	BANC888	is_a	adult IN09A020 neuron	
720575941652256785	BANC_888:720575941652256785	BANC888	is_a	transmedullary neuron Tm24	FlyBase:FBrf0262545
720575941652259857	BANC_888:720575941652259857	BANC888	is_a	transmedullary neuron Tm3	
720575941652261397	BANC_888:720575941652261397	BANC888	is_a	T4b neuron	
720575941652262161	BANC_888:720575941652262161	BANC888	is_a	transmedullary neuron Tm4	
720575941652263921	BANC_888:720575941652263921	BANC888	is_a	distal medullary amacrine neuron Dm10	
720575941652268785	BANC_888:720575941652268785	BANC888	is_a	lamina wide-field 2 neuron	
720575941652269585	BANC_888:720575941652269585	BANC888	is_a	T4d neuron	
720575941652272881	BANC_888:720575941652272881	BANC888	is_a	medulla intrinsic neuron Mi4	
720575941652273137	BANC_888:720575941652273137	BANC888	is_a	medulla intrinsic neuron Mi9	
720575941652277233	BANC_888:720575941652277233	BANC888	is_a	medulla intrinsic neuron Mi15	
720575941652278033	BANC_888:720575941652278033	BANC888	is_a	descending neuron of the gnathal ganglion DNg10	
720575941652278801	BANC_888:720575941652278801	BANC888	is_a	T5d neuron	
720575941652280593	BANC_888:720575941652280593	BANC888	is_a	T4d neuron	
720575941652280817	BANC_888:720575941652280817	BANC888	is_a	adult optic lobe intrinsic neuron	
720575941652281105	BANC_888:720575941652281105	BANC888	is_a	T5c neuron	
720575941652282097	BANC_888:720575941652282097	BANC888	is_a	T2 neuron	
720575941652284657	BANC_888:720575941652284657	BANC888	is_a	T2a neuron	
720575941652296725	BANC_888:720575941652296725	BANC888	is_a	adult optic lobe intrinsic neuron	
720575941652297177	BANC_888:720575941652297177	BANC888	is_a	adult SNta37 neuron	
720575941652299761	BANC_888:720575941652299761	BANC888	is_a	T2a neuron	
720575941652301589	BANC_888:720575941652301589	BANC888	is_a	adult optic lobe intrinsic neuron	
720575941652301809	BANC_888:720575941652301809	BANC888	is_a	mechanosensory neuron of interommatidial bristle	
720575941652303089	BANC_888:720575941652303089	BANC888	is_a	lamina monopolar neuron L5	
720575941652306965	BANC_888:720575941652306965	BANC888	is_a	adult optic lobe intrinsic neuron	
720575941652307441	BANC_888:720575941652307441	BANC888	is_a	adult lobula intrinsic neuron Li27	FlyBase:FBrf0262545
720575941652307729	BANC_888:720575941652307729	BANC888	is_a	adult anterior optic tubercle neuron 050	
720575941652311513	BANC_888:720575941652311513	BANC888	is_a	adult IN21A023 neuron	
720575941652314353	BANC_888:720575941652314353	BANC888	is_a	adult optic lobe intrinsic neuron	
720575941652314841	BANC_888:720575941652314841	BANC888	is_a	adult IN03B074 neuron	
720575941652315865	BANC_888:720575941652315865	BANC888	is_a	adult IN12B034 neuron	
720575941652316945	BANC_888:720575941652316945	BANC888	is_a	T5a neuron	
720575941652317969	BANC_888:720575941652317969	BANC888	is_a	T4b neuron	
720575941652318229	BANC_888:720575941652318229	BANC888	is_a	adult optic lobe intrinsic neuron	
720575941652319705	BANC_888:720575941652319705	BANC888	is_a	descending neuron of the gnathal ganglion DNge019	
720575941652323289	BANC_888:720575941652323289	BANC888	is_a	adult IN08B068 neuron	
720575941652324373	BANC_888:720575941652324373	BANC888	is_a	adult optic lobe intrinsic neuron	
720575941652324825	BANC_888:720575941652324825	BANC888	is_a	adult IN06A116 neuron	
720575941652325081	BANC_888:720575941652325081	BANC888	is_a	adult SNta37 neuron	
720575941652326361	BANC_888:720575941652326361	BANC888	is_a	adult IN21A059 neuron	
720575941652326421	BANC_888:720575941652326421	BANC888	is_a	adult optic lobe intrinsic neuron	
720575941652327153	BANC_888:720575941652327153	BANC888	is_a	transmedullary Y neuron TmY18	FlyBase:FBrf0262545
720575941652331793	BANC_888:720575941652331793	BANC888	is_a	adult lobula columnar neuron LC46b	FlyBase:FBrf0262545
720575941652332785	BANC_888:720575941652332785	BANC888	is_a	adult optic lobe intrinsic neuron	
720575941652336657	BANC_888:720575941652336657	BANC888	is_a	T5b neuron	
720575941652346897	BANC_888:720575941652346897	BANC888	is_a	T5c neuron	
720575941652347413	BANC_888:720575941652347413	BANC888	is_a	adult optic lobe intrinsic neuron	
720575941652349201	BANC_888:720575941652349201	BANC888	is_a	T5c neuron	
720575941652352241	BANC_888:720575941652352241	BANC888	is_a	transmedullary Y neuron TmY10	
720575941652353809	BANC_888:720575941652353809	BANC888	is_a	adult optic lobe intrinsic neuron	
720575941652357905	BANC_888:720575941652357905	BANC888	is_a	adult fan-shaped body 1 column-crepine neuron	FlyBase:FBrf0246888
720575941652364821	BANC_888:720575941652364821	BANC888	is_a	adult optic lobe intrinsic neuron	
720575941652369393	BANC_888:720575941652369393	BANC888	is_a	gamma main Kenyon cell	
720575941652370905	BANC_888:720575941652370905	BANC888	is_a	adult fan-shaped body vertical delta neuron	
720575941652374037	BANC_888:720575941652374037	BANC888	is_a	adult olfactory receptor neuron Or82a	
720575941652379097	BANC_888:720575941652379097	BANC888	is_a	adult fan-shaped body layer 6 neuron of DM6 lineage	
720575941652385009	BANC_888:720575941652385009	BANC888	is_a	alpha/beta Kenyon cell	
720575941652388373	BANC_888:720575941652388373	BANC888	is_a	adult optic lobe intrinsic neuron	
720575941652389873	BANC_888:720575941652389873	BANC888	is_a	T4c neuron	
720575941652391385	BANC_888:720575941652391385	BANC888	is_a	adult SNta29 neuron	
720575941652396273	BANC_888:720575941652396273	BANC888	is_a	adult optic lobe intrinsic neuron	
720575941652397273	BANC_888:720575941652397273	BANC888	is_a	adult SNta09 neuron	
720575941652398577	BANC_888:720575941652398577	BANC888	is_a	T2a neuron	
720575941652409073	BANC_888:720575941652409073	BANC888	is_a	adult optic lobe intrinsic neuron	
720575941652410129	BANC_888:720575941652410129	BANC888	is_a	photoreceptor cell R8	
720575941652410836	BANC_888:720575941652410836	BANC888	is_a	metathoracic leg taste bristle chemosensory neuron	
720575941652410901	BANC_888:720575941652410901	BANC888	is_a	T4b neuron	
720575941652412177	BANC_888:720575941652412177	BANC888	is_a	centrifugal neuron C2	
720575941652414485	BANC_888:720575941652414485	BANC888	is_a	T5d neuron	
720575941652416789	BANC_888:720575941652416789	BANC888	is_a	adult optic lobe intrinsic neuron	
720575941652417236	BANC_888:720575941652417236	BANC888	is_a	femoral chordotonal hook neuron	
720575941652418325	BANC_888:720575941652418325	BANC888	is_a	adult optic lobe intrinsic neuron	
720575941652420629	BANC_888:720575941652420629	BANC888	is_a	T4a neuron	
720575941652423441	BANC_888:720575941652423441	BANC888	is_a	T5b neuron	
720575941652424433	BANC_888:720575941652424433	BANC888	is_a	adult optic lobe intrinsic neuron	
720575941652426225	BANC_888:720575941652426225	BANC888	is_a	lamina monopolar neuron L1	
720575941652427029	BANC_888:720575941652427029	BANC888	is_a	T5b neuron	
720575941652428273	BANC_888:720575941652428273	BANC888	is_a	distal medullary amacrine neuron Dm3b	FlyBase:FBrf0262545
720575941652431637	BANC_888:720575941652431637	BANC888	is_a	adult optic lobe intrinsic neuron	
720575941652432145	BANC_888:720575941652432145	BANC888	is_a	centrifugal neuron C3	
720575941652434417	BANC_888:720575941652434417	BANC888	is_a	adult antennal lobe projection neuron VA1v adPN	
720575941652435929	BANC_888:720575941652435929	BANC888	is_a	adult fan-shaped body 1 column-rubus neuron 2	
720575941652447961	BANC_888:720575941652447961	BANC888	is_a	adult fan-shaped body 1 column-crepine neuron	FlyBase:FBrf0246888
720575941652452629	BANC_888:720575941652452629	BANC888	is_a	adult optic lobe intrinsic neuron	
720575941652452885	BANC_888:720575941652452885	BANC888	is_a	adult medulla-lobula neuron MeLo7	FlyBase:FBrf0262545
720575941652453105	BANC_888:720575941652453105	BANC888	is_a	photoreceptor cell R8	
720575941652459505	BANC_888:720575941652459505	BANC888	is_a	adult optic lobe intrinsic neuron	
720575941652463889	BANC_888:720575941652463889	BANC888	is_a	T4b neuron	
720575941652463893	BANC_888:720575941652463893	BANC888	is_a	columnar neuron T1	
720575941652466905	BANC_888:720575941652466905	BANC888	is_a	adult lobula visual centrifugal neuron 02c	
720575941652471025	BANC_888:720575941652471025	BANC888	is_a	adult optic lobe intrinsic neuron	
720575941652477937	BANC_888:720575941652477937	BANC888	is_a	distal medullary amacrine neuron Dm2	
720575941652481265	BANC_888:720575941652481265	BANC888	is_a	T3 neuron	
720575941652482321	BANC_888:720575941652482321	BANC888	is_a	gamma main Kenyon cell	
720575941652483801	BANC_888:720575941652483801	BANC888	is_a	adult intrinsic protocerebral bridge 18 glomeruli-delta7 neuron	
720575941652487697	BANC_888:720575941652487697	BANC888	is_a	transmedullary neuron Tm3	
720575941652487921	BANC_888:720575941652487921	BANC888	is_a	mechanosensory neuron of interommatidial bristle	
720575941652493524	BANC_888:720575941652493524	BANC888	is_a	adult DNfl028 neuron	
720575941652500241	BANC_888:720575941652500241	BANC888	is_a	columnar neuron T1	
720575941652501777	BANC_888:720575941652501777	BANC888	is_a	medulla intrinsic neuron Mi15	
720575941652503569	BANC_888:720575941652503569	BANC888	is_a	transmedullary Y neuron TmY4	
720575941652506353	BANC_888:720575941652506353	BANC888	is_a	adult IN23B005 neuron	
720575941652507925	BANC_888:720575941652507925	BANC888	is_a	adult optic lobe intrinsic neuron	
720575941652511473	BANC_888:720575941652511473	BANC888	is_a	adult IN13A014 neuron	
720575941652512785	BANC_888:720575941652512785	BANC888	is_a	transmedullary neuron Tm2	
720575941652513041	BANC_888:720575941652513041	BANC888	is_a	transmedullary Y neuron TmY3	
720575941652516113	BANC_888:720575941652516113	BANC888	is_a	adult IN03A061 neuron	
720575941652517337	BANC_888:720575941652517337	BANC888	is_a	sensory neuron	
720575941652518933	BANC_888:720575941652518933	BANC888	is_a	lamina monopolar neuron L4	
720575941652523285	BANC_888:720575941652523285	BANC888	is_a	lamina monopolar neuron L1	
720575941652523541	BANC_888:720575941652523541	BANC888	is_a	lamina monopolar neuron L4	
720575941652524821	BANC_888:720575941652524821	BANC888	is_a	lamina monopolar neuron L2	
720575941652525297	BANC_888:720575941652525297	BANC888	is_a	adult wedge neuron 075	
720575941652532209	BANC_888:720575941652532209	BANC888	is_a	lamina monopolar neuron L3	
720575941652534769	BANC_888:720575941652534769	BANC888	is_a	adult optic lobe intrinsic neuron	
720575941652536593	BANC_888:720575941652536593	BANC888	is_a	adult IN19B067 neuron	
720575941652537361	BANC_888:720575941652537361	BANC888	is_a	adult IN03B035 neuron	
720575941652540177	BANC_888:720575941652540177	BANC888	is_a	transmedullary neuron Tm3	
720575941652540913	BANC_888:720575941652540913	BANC888	is_a	adult optic lobe intrinsic neuron	
720575941652542961	BANC_888:720575941652542961	BANC888	is_a	adult IN01B090 neuron	
720575941652544021	BANC_888:720575941652544021	BANC888	is_a	adult IN02A029 neuron	
720575941652545009	BANC_888:720575941652545009	BANC888	is_a	adult optic lobe intrinsic neuron	
720575941652545521	BANC_888:720575941652545521	BANC888	is_a	adult IN16B016 neuron	
720575941652546033	BANC_888:720575941652546033	BANC888	is_a	adult IN17A041 neuron	
720575941652546837	BANC_888:720575941652546837	BANC888	is_a	adult IN02A029 neuron	
720575941652547601	BANC_888:720575941652547601	BANC888	is_a	adult IN04B015 neuron	
720575941652552433	BANC_888:720575941652552433	BANC888	is_a	adult ANXXX171 neuron	
720575941652554993	BANC_888:720575941652554993	BANC888	is_a	adult optic lobe intrinsic neuron	
720575941652558577	BANC_888:720575941652558577	BANC888	is_a	adult IN09B043 neuron	
720575941652563473	BANC_888:720575941652563473	BANC888	is_a	gamma main Kenyon cell	
720575941652566769	BANC_888:720575941652566769	BANC888	is_a	adult IN06A106 neuron	
720575941652567281	BANC_888:720575941652567281	BANC888	is_a	adult IN20A.22A004 neuron	
720575941652568085	BANC_888:720575941652568085	BANC888	is_a	lamina monopolar neuron L2	
720575941652569585	BANC_888:720575941652569585	BANC888	is_a	adult IN16B113 neuron	
720575941652572177	BANC_888:720575941652572177	BANC888	is_a	adult fan-shaped body vertical delta neuron	
720575941652574193	BANC_888:720575941652574193	BANC888	is_a	adult IN08A022 neuron	
720575941652574229	BANC_888:720575941652574229	BANC888	is_a	columnar neuron T1	
720575941652582129	BANC_888:720575941652582129	BANC888	is_a	adult CB1268 neuron	
720575941652583189	BANC_888:720575941652583189	BANC888	is_a	lamina monopolar neuron L1	
720575941652590833	BANC_888:720575941652590833	BANC888	is_a	adult fan-shaped body 1 column-superior medial protocerebrum neuron	FlyBase:FBrf0246888
720575941652594709	BANC_888:720575941652594709	BANC888	is_a	adult lateral horn PV6k2 neuron	
720575941652595221	BANC_888:720575941652595221	BANC888	is_a	adult lateral horn AD2b1 neuron	
720575941652596757	BANC_888:720575941652596757	BANC888	is_a	lamina monopolar neuron L5	
720575941652598513	BANC_888:720575941652598513	BANC888	is_a	adult FMIn subesophageal neuron	
720575941652599537	BANC_888:720575941652599537	BANC888	is_a	adult CB1172 neuron	
720575941652599793	BANC_888:720575941652599793	BANC888	is_a	adult CB0985 neuron	
720575941652601109	BANC_888:720575941652601109	BANC888	is_a	lamina monopolar neuron L4	
720575941652603121	BANC_888:720575941652603121	BANC888	is_a	adult CB3290 neuron	
720575941652605717	BANC_888:720575941652605717	BANC888	is_a	lamina monopolar neuron L2	
720575941652608241	BANC_888:720575941652608241	BANC888	is_a	adult posterior lateral protocerebrum neuron 191	
720575941652610069	BANC_888:720575941652610069	BANC888	is_a	lamina monopolar neuron L2	
720575941652611313	BANC_888:720575941652611313	BANC888	is_a	adult central brain intrinsic neuron	
720575941652612369	BANC_888:720575941652612369	BANC888	is_a	bristle sensory neuron	
720575941652613909	BANC_888:720575941652613909	BANC888	is_a	femoral chordotonal club neuron	
720575941652614129	BANC_888:720575941652614129	BANC888	is_a	descending neuron of the anterior dorsal brain DNa04	
720575941652614933	BANC_888:720575941652614933	BANC888	is_a	lamina monopolar neuron L3	
720575941652616433	BANC_888:720575941652616433	BANC888	is_a	adult fan-shaped body layer 3 tangential neuron	FlyBase:FBrf0246888
720575941652616689	BANC_888:720575941652616689	BANC888	is_a	adult CB1955 neuron	
720575941652616945	BANC_888:720575941652616945	BANC888	is_a	adult CB1597 neuron	
720575941652621073	BANC_888:720575941652621073	BANC888	is_a	adult SNta45 neuron	
720575941652626193	BANC_888:720575941652626193	BANC888	is_a	adult IN08A002 neuron	
720575941652631317	BANC_888:720575941652631317	BANC888	is_a	lamina monopolar neuron L3	
720575941652633305	BANC_888:720575941652633305	BANC888	is_a	adult medulla-lobula neuron MeLo10	FlyBase:FBrf0262545
720575941652633561	BANC_888:720575941652633561	BANC888	is_a	adult wedge neuron 057	
720575941652633585	BANC_888:720575941652633585	BANC888	is_a	descending neuron of the anterior dorsal brain DNa04	
720575941652635413	BANC_888:720575941652635413	BANC888	is_a	lobula columnar neuron LC10d	
720575941652638741	BANC_888:720575941652638741	BANC888	is_a	photoreceptor cell R8	
720575941652640017	BANC_888:720575941652640017	BANC888	is_a	wing margin mechanosensory bristle	
720575941652640021	BANC_888:720575941652640021	BANC888	is_a	lamina monopolar neuron L2	
720575941652640273	BANC_888:720575941652640273	BANC888	is_a	adult IN20A.22A003 neuron	
720575941652642577	BANC_888:720575941652642577	BANC888	is_a	wing margin mechanosensory bristle	
720575941652643313	BANC_888:720575941652643313	BANC888	is_a	adult AN06B025 neuron	
720575941652643605	BANC_888:720575941652643605	BANC888	is_a	columnar neuron T1	
720575941652643825	BANC_888:720575941652643825	BANC888	is_a	adult lateral accessory lobe neuron 144	
720575941652643861	BANC_888:720575941652643861	BANC888	is_a	lamina monopolar neuron L2	
720575941652645873	BANC_888:720575941652645873	BANC888	is_a	adult lateral horn AV4c1 neuron	
720575941652646105	BANC_888:720575941652646105	BANC888	is_a	adult antennal lobe projection neuron VM4 lvPN	
720575941652647185	BANC_888:720575941652647185	BANC888	is_a	adult IN03B008 neuron	
720575941652652305	BANC_888:720575941652652305	BANC888	is_a	adult AN07B032 neuron	
720575941652652561	BANC_888:720575941652652561	BANC888	is_a	adult IN19B057 neuron	
720575941652654065	BANC_888:720575941652654065	BANC888	is_a	adult anterior ventrolateral protocerebrum neuron 011	
720575941652656625	BANC_888:720575941652656625	BANC888	is_a	adult CB2678 neuron	
720575941652659185	BANC_888:720575941652659185	BANC888	is_a	adult olfactory receptor neuron Or67c	
720575941652659953	BANC_888:720575941652659953	BANC888	is_a	adult antennal lobe projection neuron VP5 l2PN	
720575941652660441	BANC_888:720575941652660441	BANC888	is_a	adult fan-shaped body 1 column-superior medial protocerebrum neuron	FlyBase:FBrf0246888
720575941652662001	BANC_888:720575941652662001	BANC888	is_a	adult CB0254 neuron	
720575941652675345	BANC_888:720575941652675345	BANC888	is_a	adult IN16B097 neuron	
720575941652682517	BANC_888:720575941652682517	BANC888	is_a	lamina monopolar neuron L1	
720575941652683249	BANC_888:720575941652683249	BANC888	is_a	ventro-contralateral-projecting DN1p neuron	
720575941652685841	BANC_888:720575941652685841	BANC888	is_a	gamma main Kenyon cell	
720575941652694769	BANC_888:720575941652694769	BANC888	is_a	proboscis muscle 11 dorsal motor neuron	
720575941652694801	BANC_888:720575941652694801	BANC888	is_a	adult ascending neuron	
720575941652697105	BANC_888:720575941652697105	BANC888	is_a	gamma main Kenyon cell	
720575941652701681	BANC_888:720575941652701681	BANC888	is_a	adult CB0533 neuron	
720575941652703765	BANC_888:720575941652703765	BANC888	is_a	lamina monopolar neuron L1	
720575941652709653	BANC_888:720575941652709653	BANC888	is_a	lamina monopolar neuron L5	
720575941652713684	BANC_888:720575941652713684	BANC888	is_a	adult SNta42 neuron	
720575941652716305	BANC_888:720575941652716305	BANC888	is_a	adult AN05B052 neuron	
720575941652718353	BANC_888:720575941652718353	BANC888	is_a	sensory neuron	
720575941652719857	BANC_888:720575941652719857	BANC888	is_a	adult olfactory receptor neuron Or67d	
720575941652720113	BANC_888:720575941652720113	BANC888	is_a	adult olfactory receptor neuron Ir75d	
720575941652728049	BANC_888:720575941652728049	BANC888	is_a	descending neuron of the gnathal ganglion DNg74	
720575941652729617	BANC_888:720575941652729617	BANC888	is_a	gustatory receptor neuron	
720575941652730097	BANC_888:720575941652730097	BANC888	is_a	descending neuron of the outside anterior cluster DNd01	
720575941652733681	BANC_888:720575941652733681	BANC888	is_a	adult IN07B013 neuron	
720575941652735729	BANC_888:720575941652735729	BANC888	is_a	adult posterior ventrolateral protocerebrum neuron 080	
720575941652736753	BANC_888:720575941652736753	BANC888	is_a	adult fan-shaped body layer 5 neuron of CP2 lineage	
720575941652737241	BANC_888:720575941652737241	BANC888	is_a	adult Kenyon cell	
720575941652738516	BANC_888:720575941652738516	BANC888	is_a	adult IN07B098 neuron	
720575941652739796	BANC_888:720575941652739796	BANC888	is_a	adult motor neuron	
720575941652741593	BANC_888:720575941652741593	BANC888	is_a	adult CB0048 neuron	
720575941652742105	BANC_888:720575941652742105	BANC888	is_a	adult CB0677 neuron	
720575941652743153	BANC_888:720575941652743153	BANC888	is_a	adult CB2702 neuron	
720575941652745233	BANC_888:720575941652745233	BANC888	is_a	mechanosensory neuron of interommatidial bristle	
720575941652746001	BANC_888:720575941652746001	BANC888	is_a	gustatory receptor neuron of the wing	
720575941652750321	BANC_888:720575941652750321	BANC888	is_a	adult antennal lobe projection neuron DL3 lPN	
720575941652750353	BANC_888:720575941652750353	BANC888	is_a	adult SNta37 neuron	
720575941652750609	BANC_888:720575941652750609	BANC888	is_a	adult olfactory receptor neuron Ir92a	
720575941652751572	BANC_888:720575941652751572	BANC888	is_a	adult IN07B098 neuron	
720575941652756721	BANC_888:720575941652756721	BANC888	is_a	protocerebral bridge 1 glomerulus-fan-shaped body-nodulus 2 ventral domain neuron	
720575941652757489	BANC_888:720575941652757489	BANC888	is_a	adult CB0455 neuron	
720575941652757745	BANC_888:720575941652757745	BANC888	is_a	adult CB1515 neuron	
720575941652758289	BANC_888:720575941652758289	BANC888	is_a	adult SNch13 neuron	
720575941652759537	BANC_888:720575941652759537	BANC888	is_a	adult CB2196 neuron	
720575941652762641	BANC_888:720575941652762641	BANC888	is_a	adult olfactory receptor neuron Ir92a	
720575941652764145	BANC_888:720575941652764145	BANC888	is_a	multiple zone Johnston organ neuron	
720575941652766932	BANC_888:720575941652766932	BANC888	is_a	T4c neuron	
720575941652769041	BANC_888:720575941652769041	BANC888	is_a	adult SNta38 neuron	
720575941652769809	BANC_888:720575941652769809	BANC888	is_a	mechanosensory neuron of maxillary palp bristle	
720575941652771033	BANC_888:720575941652771033	BANC888	is_a	distal medullary amacrine neuron Dm3a	FlyBase:FBrf0262545
720575941652771540	BANC_888:720575941652771540	BANC888	is_a	adult INXXX261 neuron	
720575941652773617	BANC_888:720575941652773617	BANC888	is_a	adult CB1462 neuron	
720575941652774100	BANC_888:720575941652774100	BANC888	is_a	adult IN05B089 neuron	
720575941652774421	BANC_888:720575941652774421	BANC888	is_a	adult MNad03 neuron	
720575941652774933	BANC_888:720575941652774933	BANC888	is_a	lobula-lobula plate columnar neuron LLPC3	
720575941652780049	BANC_888:720575941652780049	BANC888	is_a	adult SNta43 neuron	
720575941652781524	BANC_888:720575941652781524	BANC888	is_a	adult IN06A076 neuron	
720575941652781841	BANC_888:720575941652781841	BANC888	is_a	adult olfactory receptor neuron Or22	
720575941652782577	BANC_888:720575941652782577	BANC888	is_a	adult CB3257 neuron	
720575941652783121	BANC_888:720575941652783121	BANC888	is_a	adult SNxx22 neuron	
720575941652784913	BANC_888:720575941652784913	BANC888	is_a	adult abdominal multidendritic neuron	
720575941652786193	BANC_888:720575941652786193	BANC888	is_a	adult CB1428 neuron	
720575941652786705	BANC_888:720575941652786705	BANC888	is_a	adult CB1743 neuron	
720575941652789204	BANC_888:720575941652789204	BANC888	is_a	adult IN00A025 neuron	
720575941652790289	BANC_888:720575941652790289	BANC888	is_a	mechanosensory neuron of orbital bristle	
720575941652790805	BANC_888:720575941652790805	BANC888	is_a	lamina monopolar neuron L5	
720575941652795092	BANC_888:720575941652795092	BANC888	is_a	adult IN20A.22A053 neuron	
720575941652797425	BANC_888:720575941652797425	BANC888	is_a	adult lobula columnar neuron e01	
720575941652799985	BANC_888:720575941652799985	BANC888	is_a	adult posterior lateral protocerebrum neuron 149	
720575941652800273	BANC_888:720575941652800273	BANC888	is_a	adult CB1435 neuron	
720575941652800497	BANC_888:720575941652800497	BANC888	is_a	adult superior medial protocerebrum neuron 452	
720575941652801045	BANC_888:720575941652801045	BANC888	is_a	lamina monopolar neuron L1	
720575941652801241	BANC_888:720575941652801241	BANC888	is_a	adult ellipsoid body ring neuron R5	
720575941652804373	BANC_888:720575941652804373	BANC888	is_a	lamina monopolar neuron L1	
720575941652805873	BANC_888:720575941652805873	BANC888	is_a	adult superior lateral protocerebrum neuron 170	
720575941652806385	BANC_888:720575941652806385	BANC888	is_a	adult CB3486 neuron	
720575941652809713	BANC_888:720575941652809713	BANC888	is_a	adult multiglomerular antennal lobe projection neuron type 46 lvPN	
720575941652813809	BANC_888:720575941652813809	BANC888	is_a	distal medullary amacrine neuron Dm3a	FlyBase:FBrf0262545
720575941652814869	BANC_888:720575941652814869	BANC888	is_a	lamina monopolar neuron L2	
720575941652815857	BANC_888:720575941652815857	BANC888	is_a	descending neuron of the anterior ventral brain DNb03	
720575941652815893	BANC_888:720575941652815893	BANC888	is_a	adult optic lobe intrinsic neuron	
720575941652818161	BANC_888:720575941652818161	BANC888	is_a	adult anterior ventrolateral protocerebrum neuron 439	
720575941652818417	BANC_888:720575941652818417	BANC888	is_a	adult CB0800 neuron	
720575941652820721	BANC_888:720575941652820721	BANC888	is_a	adult lateral horn PV4a8 neuron	
720575941652822257	BANC_888:720575941652822257	BANC888	is_a	adult fan-shaped body 1 column-superior medial protocerebrum neuron	FlyBase:FBrf0246888
720575941652823025	BANC_888:720575941652823025	BANC888	is_a	adult CNS neuron	
720575941652826645	BANC_888:720575941652826645	BANC888	is_a	photoreceptor cell R8	
720575941652830481	BANC_888:720575941652830481	BANC888	is_a	adult IN03B092 neuron	
720575941652831729	BANC_888:720575941652831729	BANC888	is_a	transmedullary neuron Tm5c	
720575941652833301	BANC_888:720575941652833301	BANC888	is_a	medulla intrinsic neuron Mi9	
720575941652833557	BANC_888:720575941652833557	BANC888	is_a	adult optic lobe intrinsic neuron	
720575941652834801	BANC_888:720575941652834801	BANC888	is_a	adult optic lobe intrinsic neuron	
720575941652835861	BANC_888:720575941652835861	BANC888	is_a	adult optic lobe intrinsic neuron	
720575941652841940	BANC_888:720575941652841940	BANC888	is_a	adult IN17A119 neuron	
720575941652841945	BANC_888:720575941652841945	BANC888	is_a	adult CB3820 neuron	
720575941652843285	BANC_888:720575941652843285	BANC888	is_a	adult superior lateral protocerebrum neuron 137	
720575941652845041	BANC_888:720575941652845041	BANC888	is_a	adult ANXXX033 neuron	
720575941652847345	BANC_888:720575941652847345	BANC888	is_a	adult olfactory receptor neuron Or67d	
720575941652850709	BANC_888:720575941652850709	BANC888	is_a	adult AN09B024 neuron	
720575941652850900	BANC_888:720575941652850900	BANC888	is_a	adult IN12B057 neuron	
720575941652852692	BANC_888:720575941652852692	BANC888	is_a	adult SNta09 neuron	
720575941652857621	BANC_888:720575941652857621	BANC888	is_a	adult lateral accessory lobe neuron 003	
720575941652857873	BANC_888:720575941652857873	BANC888	is_a	adult CB2872 neuron	
720575941652859633	BANC_888:720575941652859633	BANC888	is_a	adult optic lobe intrinsic neuron	
720575941652861717	BANC_888:720575941652861717	BANC888	is_a	photoreceptor cell R8	
720575941652863253	BANC_888:720575941652863253	BANC888	is_a	adult AN09B033 neuron	
720575941652863509	BANC_888:720575941652863509	BANC888	is_a	adult fan-shaped body 1 column-crepine neuron	FlyBase:FBrf0246888
720575941652863956	BANC_888:720575941652863956	BANC888	is_a	adult IN14A030 neuron	
720575941652866069	BANC_888:720575941652866069	BANC888	is_a	adult CB1238 neuron	
720575941652869873	BANC_888:720575941652869873	BANC888	is_a	adult optic lobe intrinsic neuron	
720575941652869909	BANC_888:720575941652869909	BANC888	is_a	adult CB1247 neuron	
720575941652870677	BANC_888:720575941652870677	BANC888	is_a	adult anterior ventrolateral protocerebrum neuron 024	
720575941652872404	BANC_888:720575941652872404	BANC888	is_a	adult IN19B103 neuron	
720575941652872725	BANC_888:720575941652872725	BANC888	is_a	mechanosensory neuron of interommatidial bristle	
720575941652872977	BANC_888:720575941652872977	BANC888	is_a	gamma main Kenyon cell	
720575941652873684	BANC_888:720575941652873684	BANC888	is_a	adult IN01B078 neuron	
720575941652874513	BANC_888:720575941652874513	BANC888	is_a	adult antennal lobe local neuron lLN9	
720575941652877012	BANC_888:720575941652877012	BANC888	is_a	adult IN01B090 neuron	
720575941652877077	BANC_888:720575941652877077	BANC888	is_a	adult CNS neuron	
720575941652877589	BANC_888:720575941652877589	BANC888	is_a	adult superior medial protocerebrum neuron 321	
720575941652878613	BANC_888:720575941652878613	BANC888	is_a	adult CB1730 neuron	
720575941652878833	BANC_888:720575941652878833	BANC888	is_a	adult optic lobe intrinsic neuron	
720575941652879345	BANC_888:720575941652879345	BANC888	is_a	adult optic lobe intrinsic neuron	
720575941652880084	BANC_888:720575941652880084	BANC888	is_a	adult IN19A096 neuron	
720575941652882197	BANC_888:720575941652882197	BANC888	is_a	adult CB1656 neuron	
720575941652883477	BANC_888:720575941652883477	BANC888	is_a	adult Drosulfakinin MP1b neuron	
720575941652884245	BANC_888:720575941652884245	BANC888	is_a	adult CNS neuron	
720575941652884721	BANC_888:720575941652884721	BANC888	is_a	adult optic lobe intrinsic neuron	
720575941652884757	BANC_888:720575941652884757	BANC888	is_a	adult CB2766 neuron	
720575941652885269	BANC_888:720575941652885269	BANC888	is_a	adult CB2448 neuron	
720575941652885525	BANC_888:720575941652885525	BANC888	is_a	adult fan-shaped body 1 column-superior medial protocerebrum neuron	FlyBase:FBrf0246888
720575941652885972	BANC_888:720575941652885972	BANC888	is_a	adult IN10B044 neuron	
720575941652887257	BANC_888:720575941652887257	BANC888	is_a	adult lobula plate tangential neuron LPT111	FlyBase:FBrf0262545
720575941652888276	BANC_888:720575941652888276	BANC888	is_a	adult IN01B096 neuron	
720575941652889361	BANC_888:720575941652889361	BANC888	is_a	adult fan-shaped body layer 6 neuron of DM6 lineage	FlyBase:FBrf0257023
720575941652890645	BANC_888:720575941652890645	BANC888	is_a	adult CB2798 neuron	
720575941652890901	BANC_888:720575941652890901	BANC888	is_a	adult CB2955 neuron	
720575941652891157	BANC_888:720575941652891157	BANC888	is_a	adult CB1268 neuron	
720575941652894169	BANC_888:720575941652894169	BANC888	is_a	adult IN07B098 neuron	
720575941652896277	BANC_888:720575941652896277	BANC888	is_a	adult superior lateral protocerebrum neuron 019	
720575941652897045	BANC_888:720575941652897045	BANC888	is_a	adult clamp neuron 016	
720575941652899605	BANC_888:720575941652899605	BANC888	is_a	lobula columnar neuron LC6	
720575941652900564	BANC_888:720575941652900564	BANC888	is_a	adult IN14A023 neuron	
720575941652902165	BANC_888:720575941652902165	BANC888	is_a	adult CB2517 neuron	
720575941652907225	BANC_888:720575941652907225	BANC888	is_a	adult lobula intrinsic neuron Li27	FlyBase:FBrf0262545
720575941652908761	BANC_888:720575941652908761	BANC888	is_a	adult medulla-lobula neuron MeLo9	FlyBase:FBrf0262545
720575941652910804	BANC_888:720575941652910804	BANC888	is_a	adult MNad11 neuron	
720575941652912340	BANC_888:720575941652912340	BANC888	is_a	adult IN19A091 neuron	
720575941652912657	BANC_888:720575941652912657	BANC888	is_a	adult CB1042 neuron	
720575941652912661	BANC_888:720575941652912661	BANC888	is_a	adult CB1279 neuron	
720575941652913937	BANC_888:720575941652913937	BANC888	is_a	adult lateral horn AD1b2 neuron	
720575941652915161	BANC_888:720575941652915161	BANC888	is_a	lobula columnar neuron LC12	
720575941652915417	BANC_888:720575941652915417	BANC888	is_a	adult posterior slope neuron 095	
720575941652915733	BANC_888:720575941652915733	BANC888	is_a	adult superior lateral protocerebrum neuron 265	
720575941652915924	BANC_888:720575941652915924	BANC888	is_a	adult IN02A028 neuron	
720575941652916692	BANC_888:720575941652916692	BANC888	is_a	adult IN09A057 neuron	
720575941652916977	BANC_888:720575941652916977	BANC888	is_a	adult posterior slope neuron 268	
720575941652917972	BANC_888:720575941652917972	BANC888	is_a	adult MNad09 neuron	
720575941652920085	BANC_888:720575941652920085	BANC888	is_a	adult superior medial protocerebrum neuron 282	
720575941652920853	BANC_888:720575941652920853	BANC888	is_a	adult CB2438 neuron	
720575941652922389	BANC_888:720575941652922389	BANC888	is_a	adult CB1665 neuron	
720575941652925973	BANC_888:720575941652925973	BANC888	is_a	adult anterior ventrolateral protocerebrum neuron 219	
720575941652926705	BANC_888:720575941652926705	BANC888	is_a	lobula columnar neuron LC10b	
720575941652927765	BANC_888:720575941652927765	BANC888	is_a	adult CB1143 neuron	
720575941652928529	BANC_888:720575941652928529	BANC888	is_a	gamma main Kenyon cell	
720575941652929009	BANC_888:720575941652929009	BANC888	is_a	lobula columnar neuron LC10b	
720575941652931605	BANC_888:720575941652931605	BANC888	is_a	adult superior medial protocerebrum neuron 589	
720575941652932885	BANC_888:720575941652932885	BANC888	is_a	protocerebral bridge 1 glomerulus-fan-shaped body-nodulus 3 posterior domain neuron	
720575941652933141	BANC_888:720575941652933141	BANC888	is_a	adult lateral horn AV4h1 neuron	
720575941652936725	BANC_888:720575941652936725	BANC888	is_a	adult central brain intrinsic neuron	
720575941652936977	BANC_888:720575941652936977	BANC888	is_a	gamma main Kenyon cell	
720575941652938773	BANC_888:720575941652938773	BANC888	is_a	adult optic lobe intrinsic neuron	
720575941652939029	BANC_888:720575941652939029	BANC888	is_a	adult posterior lateral protocerebrum neuron 191	
720575941652941329	BANC_888:720575941652941329	BANC888	is_a	transmedullary neuron Tm33	FlyBase:FBrf0262545
720575941652943572	BANC_888:720575941652943572	BANC888	is_a	adult SNta28 neuron	
720575941652945685	BANC_888:720575941652945685	BANC888	is_a	adult lateral horn AV7a5 neuron	
720575941652947217	BANC_888:720575941652947217	BANC888	is_a	transmedullary neuron Tm3	
720575941652947989	BANC_888:720575941652947989	BANC888	is_a	adult optic lobe intrinsic neuron	
720575941652950289	BANC_888:720575941652950289	BANC888	is_a	Johnston organ neuron FVA	
720575941652951061	BANC_888:720575941652951061	BANC888	is_a	adult optic lobe intrinsic neuron	
720575941652957201	BANC_888:720575941652957201	BANC888	is_a	alpha/beta Kenyon cell	
720575941652958705	BANC_888:720575941652958705	BANC888	is_a	adult optic lobe intrinsic neuron	
720575941652960017	BANC_888:720575941652960017	BANC888	is_a	adult CB1260 neuron	
720575941652961492	BANC_888:720575941652961492	BANC888	is_a	adult SNta35 neuron	
720575941652961748	BANC_888:720575941652961748	BANC888	is_a	adult SNta35 neuron	
720575941652962321	BANC_888:720575941652962321	BANC888	is_a	mechanosensory neuron of adult head bristle	
720575941652966129	BANC_888:720575941652966129	BANC888	is_a	adult SNta23 neuron	
720575941652968213	BANC_888:720575941652968213	BANC888	is_a	lobula plate-lobula columnar neuron LPLC2	
720575941652971029	BANC_888:720575941652971029	BANC888	is_a	adult medulla tangential neuron e01b	
720575941652973333	BANC_888:720575941652973333	BANC888	is_a	adult optic lobe intrinsic neuron	
720575941652973845	BANC_888:720575941652973845	BANC888	is_a	adult optic lobe intrinsic neuron	
720575941652974321	BANC_888:720575941652974321	BANC888	is_a	adult CB1185 neuron	
720575941652974809	BANC_888:720575941652974809	BANC888	is_a	alpha/beta Kenyon cell	
720575941652975893	BANC_888:720575941652975893	BANC888	is_a	adult optic lobe intrinsic neuron	
720575941652976405	BANC_888:720575941652976405	BANC888	is_a	adult clamp neuron 246	
720575941652977905	BANC_888:720575941652977905	BANC888	is_a	adult optic lobe intrinsic neuron	
720575941652978161	BANC_888:720575941652978161	BANC888	is_a	adult lateral horn AV2b1 neuron	
720575941652986133	BANC_888:720575941652986133	BANC888	is_a	adult optic lobe intrinsic neuron	
720575941652987860	BANC_888:720575941652987860	BANC888	is_a	adult IN21A042 neuron	
720575941652987889	BANC_888:720575941652987889	BANC888	is_a	adult clamp neuron 101	
720575941652989713	BANC_888:720575941652989713	BANC888	is_a	adult olfactory receptor neuron Ir41a	
720575941652992474	BANC_888:720575941652992474	BANC888	is_a	distal medullary amacrine neuron Dm15	
720575941652992729	BANC_888:720575941652992729	BANC888	is_a	transmedullary Y neuron TmY3	
720575941652994801	BANC_888:720575941652994801	BANC888	is_a	adult optic lobe intrinsic neuron	
720575941652995033	BANC_888:720575941652995033	BANC888	is_a	adult INXXX271 neuron	
720575941653001489	BANC_888:720575941653001489	BANC888	is_a	adult optic lobe intrinsic neuron	
720575941653002713	BANC_888:720575941653002713	BANC888	is_a	T5a neuron	
720575941653004053	BANC_888:720575941653004053	BANC888	is_a	lamina monopolar neuron L2	
720575941653005785	BANC_888:720575941653005785	BANC888	is_a	T4d neuron	
720575941653006357	BANC_888:720575941653006357	BANC888	is_a	adult optic lobe intrinsic neuron	
720575941653006548	BANC_888:720575941653006548	BANC888	is_a	adult CB1394 neuron	
720575941653008089	BANC_888:720575941653008089	BANC888	is_a	T5a neuron	
720575941653008857	BANC_888:720575941653008857	BANC888	is_a	Y neuron Y3	
720575941653017617	BANC_888:720575941653017617	BANC888	is_a	multiple zone Johnston organ neuron	
720575941653019889	BANC_888:720575941653019889	BANC888	is_a	adult wedge neuron 072	
720575941653021457	BANC_888:720575941653021457	BANC888	is_a	adult lateral horn PV2f2 neuron	
720575941653026801	BANC_888:720575941653026801	BANC888	is_a	adult optic lobe intrinsic neuron	
720575941653031129	BANC_888:720575941653031129	BANC888	is_a	transmedullary neuron Tm2	
720575941653031701	BANC_888:720575941653031701	BANC888	is_a	medulla intrinsic neuron Mi2	
720575941653032725	BANC_888:720575941653032725	BANC888	is_a	lamina monopolar neuron L5	
720575941653035761	BANC_888:720575941653035761	BANC888	is_a	lamina monopolar neuron L5	
720575941653038553	BANC_888:720575941653038553	BANC888	is_a	T5c neuron	
720575941653039125	BANC_888:720575941653039125	BANC888	is_a	adult optic lobe intrinsic neuron	
720575941653039633	BANC_888:720575941653039633	BANC888	is_a	distal medullary amacrine neuron Dm10	
720575941653039833	BANC_888:720575941653039833	BANC888	is_a	T5c neuron	
720575941653040881	BANC_888:720575941653040881	BANC888	is_a	lobula plate-lobula columnar neuron LPLC4	
720575941653040917	BANC_888:720575941653040917	BANC888	is_a	adult optic lobe intrinsic neuron	
720575941653041393	BANC_888:720575941653041393	BANC888	is_a	T4a neuron	
720575941653042449	BANC_888:720575941653042449	BANC888	is_a	adult anterior optic tubercle neuron 044	
720575941653042905	BANC_888:720575941653042905	BANC888	is_a	medulla intrinsic neuron Mi4	
720575941653042929	BANC_888:720575941653042929	BANC888	is_a	T4d neuron	
720575941653043473	BANC_888:720575941653043473	BANC888	is_a	lobula-lobula plate columnar neuron LLPC1	
720575941653056217	BANC_888:720575941653056217	BANC888	is_a	lobula columnar neuron LC18	
720575941653062161	BANC_888:720575941653062161	BANC888	is_a	lobula columnar neuron LC25	
720575941653067541	BANC_888:720575941653067541	BANC888	is_a	transmedullary neuron Tm5Y	FlyBase:FBrf0262545
720575941653069845	BANC_888:720575941653069845	BANC888	is_a	lamina monopolar neuron L2	
720575941653070809	BANC_888:720575941653070809	BANC888	is_a	transmedullary neuron Tm9	
720575941653075729	BANC_888:720575941653075729	BANC888	is_a	distal medullary amacrine neuron Dm2	
720575941653075929	BANC_888:720575941653075929	BANC888	is_a	T5a neuron	
720575941653076977	BANC_888:720575941653076977	BANC888	is_a	adult optic lobe intrinsic neuron	
720575941653077013	BANC_888:720575941653077013	BANC888	is_a	adult optic lobe intrinsic neuron	
720575941653080853	BANC_888:720575941653080853	BANC888	is_a	adult optic lobe intrinsic neuron	
720575941653084437	BANC_888:720575941653084437	BANC888	is_a	adult optic lobe intrinsic neuron	
720575941653085461	BANC_888:720575941653085461	BANC888	is_a	adult optic lobe intrinsic neuron	
720575941653087253	BANC_888:720575941653087253	BANC888	is_a	adult optic lobe intrinsic neuron	
720575941653087700	BANC_888:720575941653087700	BANC888	is_a	adult CB2670 neuron	
720575941653087705	BANC_888:720575941653087705	BANC888	is_a	centrifugal neuron C3	
720575941653091057	BANC_888:720575941653091057	BANC888	is_a	adult olfactory receptor neuron Or88a	
720575941653093141	BANC_888:720575941653093141	BANC888	is_a	medulla intrinsic neuron Mi1	
720575941653093909	BANC_888:720575941653093909	BANC888	is_a	adult optic lobe intrinsic neuron	
720575941653096213	BANC_888:720575941653096213	BANC888	is_a	adult optic lobe intrinsic neuron	
720575941653100817	BANC_888:720575941653100817	BANC888	is_a	adult AN10B047 neuron	
720575941653102097	BANC_888:720575941653102097	BANC888	is_a	medulla intrinsic neuron Mi13	
720575941653102353	BANC_888:720575941653102353	BANC888	is_a	adult medulla-tubercle neuron 3	
720575941653103381	BANC_888:720575941653103381	BANC888	is_a	adult optic lobe intrinsic neuron	
720575941653104089	BANC_888:720575941653104089	BANC888	is_a	distal medullary amacrine neuron Dm3b	FlyBase:FBrf0262545
720575941653104661	BANC_888:720575941653104661	BANC888	is_a	T5b neuron	
720575941653106197	BANC_888:720575941653106197	BANC888	is_a	lobula plate-lobula columnar neuron LPLC1	
720575941653107473	BANC_888:720575941653107473	BANC888	is_a	transmedullary neuron Tm9	
720575941653108497	BANC_888:720575941653108497	BANC888	is_a	adult wedge neuron 040	
720575941653111317	BANC_888:720575941653111317	BANC888	is_a	translobula plate neuron Tlp14	
720575941653114609	BANC_888:720575941653114609	BANC888	is_a	adult PNS neuron	
720575941653115353	BANC_888:720575941653115353	BANC888	is_a	transmedullary neuron Tm2	
720575941653118997	BANC_888:720575941653118997	BANC888	is_a	adult optic lobe intrinsic neuron	
720575941653119705	BANC_888:720575941653119705	BANC888	is_a	adult optic lobe intrinsic neuron	
720575941653122325	BANC_888:720575941653122325	BANC888	is_a	adult optic lobe intrinsic neuron	
720575941653123349	BANC_888:720575941653123349	BANC888	is_a	adult optic lobe intrinsic neuron	
720575941653126361	BANC_888:720575941653126361	BANC888	is_a	medulla intrinsic neuron Mi9	
720575941653127445	BANC_888:720575941653127445	BANC888	is_a	adult lobula intrinsic neuron Li23	FlyBase:FBrf0262545
720575941653132565	BANC_888:720575941653132565	BANC888	is_a	adult optic lobe intrinsic neuron	
720575941653136401	BANC_888:720575941653136401	BANC888	is_a	distal medullary amacrine neuron Dm3c	FlyBase:FBrf0262545
720575941653139477	BANC_888:720575941653139477	BANC888	is_a	adult optic lobe intrinsic neuron	
720575941653142549	BANC_888:720575941653142549	BANC888	is_a	adult optic lobe intrinsic neuron	
720575941653143825	BANC_888:720575941653143825	BANC888	is_a	adult CB0151 neuron	
720575941653144081	BANC_888:720575941653144081	BANC888	is_a	adult optic lobe intrinsic neuron	
720575941653144793	BANC_888:720575941653144793	BANC888	is_a	medulla intrinsic neuron Mi4	
720575941653145617	BANC_888:720575941653145617	BANC888	is_a	distal medullary amacrine neuron Dm10	
720575941653156081	BANC_888:720575941653156081	BANC888	is_a	adult clamp neuron 091	
720575941653156337	BANC_888:720575941653156337	BANC888	is_a	adult clamp neuron 263	
720575941653160213	BANC_888:720575941653160213	BANC888	is_a	distal medullary amacrine neuron Dm2	
720575941653161713	BANC_888:720575941653161713	BANC888	is_a	adult SNch05 neuron	
720575941653167377	BANC_888:720575941653167377	BANC888	is_a	lobula columnar neuron LC11	
720575941653168149	BANC_888:720575941653168149	BANC888	is_a	adult CB1435 neuron	
720575941653170137	BANC_888:720575941653170137	BANC888	is_a	translobula plate neuron Tlp1	
720575941653170453	BANC_888:720575941653170453	BANC888	is_a	lobula columnar neuron LC33	
720575941653171473	BANC_888:720575941653171473	BANC888	is_a	adult SNta37 neuron	
720575941653173233	BANC_888:720575941653173233	BANC888	is_a	centrifugal neuron C3	
720575941653175829	BANC_888:720575941653175829	BANC888	is_a	adult CB2308 neuron	
720575941653176081	BANC_888:720575941653176081	BANC888	is_a	adult central brain intrinsic neuron	
720575941653178073	BANC_888:720575941653178073	BANC888	is_a	distal medullary amacrine neuron Dm1	
720575941653178353	BANC_888:720575941653178353	BANC888	is_a	lamina monopolar neuron L2	
720575941653181913	BANC_888:720575941653181913	BANC888	is_a	adult optic lobe intrinsic neuron	
720575941653183765	BANC_888:720575941653183765	BANC888	is_a	adult mAL-PN lateral horn input neuron	
720575941653188117	BANC_888:720575941653188117	BANC888	is_a	adult optic lobe intrinsic neuron	
720575941653188337	BANC_888:720575941653188337	BANC888	is_a	lamina monopolar neuron L2	
720575941653189397	BANC_888:720575941653189397	BANC888	is_a	T3 neuron	
720575941653189653	BANC_888:720575941653189653	BANC888	is_a	adult optic lobe intrinsic neuron	
720575941653190161	BANC_888:720575941653190161	BANC888	is_a	adult optic lobe intrinsic neuron	
720575941653190165	BANC_888:720575941653190165	BANC888	is_a	adult optic lobe intrinsic neuron	
720575941653191153	BANC_888:720575941653191153	BANC888	is_a	adult IN03A071 neuron	
720575941653191445	BANC_888:720575941653191445	BANC888	is_a	T5b neuron	
720575941653191701	BANC_888:720575941653191701	BANC888	is_a	adult optic lobe intrinsic neuron	
720575941653192213	BANC_888:720575941653192213	BANC888	is_a	T5a neuron	
720575941653196505	BANC_888:720575941653196505	BANC888	is_a	distal medullary amacrine neuron Dm3b	FlyBase:FBrf0262545
720575941653200405	BANC_888:720575941653200405	BANC888	is_a	adult optic lobe intrinsic neuron	
720575941653202649	BANC_888:720575941653202649	BANC888	is_a	T5b neuron	
720575941653203477	BANC_888:720575941653203477	BANC888	is_a	adult optic lobe intrinsic neuron	
720575941653204721	BANC_888:720575941653204721	BANC888	is_a	columnar neuron T1	
720575941653205265	BANC_888:720575941653205265	BANC888	is_a	adult olfactory receptor neuron Or67b	
720575941653205781	BANC_888:720575941653205781	BANC888	is_a	T4d neuron	
720575941653208341	BANC_888:720575941653208341	BANC888	is_a	lamina monopolar neuron L1	
720575941653210329	BANC_888:720575941653210329	BANC888	is_a	transmedullary neuron Tm4	
720575941653211413	BANC_888:720575941653211413	BANC888	is_a	adult antennal lobe projection neuron DL2d vPN	
720575941653212181	BANC_888:720575941653212181	BANC888	is_a	transmedullary neuron Tm9	
720575941653212401	BANC_888:720575941653212401	BANC888	is_a	lamina monopolar neuron L4	
720575941653212945	BANC_888:720575941653212945	BANC888	is_a	adult Kenyon cell	
720575941653216021	BANC_888:720575941653216021	BANC888	is_a	adult lobula intrinsic neuron Li13	FlyBase:FBrf0262545
720575941653216789	BANC_888:720575941653216789	BANC888	is_a	adult lobula visual projection neuron LoVP100	
720575941653217557	BANC_888:720575941653217557	BANC888	is_a	adult antler neuron 014	
720575941653217777	BANC_888:720575941653217777	BANC888	is_a	photoreceptor cell R8	
720575941653217813	BANC_888:720575941653217813	BANC888	is_a	adult antennal lobe projection neuron VA2 adPN	
720575941653218009	BANC_888:720575941653218009	BANC888	is_a	Y neuron Y3	
720575941653220881	BANC_888:720575941653220881	BANC888	is_a	adult IN01B039 neuron	
720575941653223701	BANC_888:720575941653223701	BANC888	is_a	medulla intrinsic neuron Mi1	
720575941653226773	BANC_888:720575941653226773	BANC888	is_a	adult olfactory receptor neuron Ir75c	
720575941653227541	BANC_888:720575941653227541	BANC888	is_a	femoral chordotonal hook neuron	
720575941653228049	BANC_888:720575941653228049	BANC888	is_a	adult IN19B091 neuron	
720575941653229017	BANC_888:720575941653229017	BANC888	is_a	transmedullary neuron Tm1	
720575941653230297	BANC_888:720575941653230297	BANC888	is_a	centrifugal neuron C3	
720575941653235729	BANC_888:720575941653235729	BANC888	is_a	adult Kenyon cell	
720575941653237465	BANC_888:720575941653237465	BANC888	is_a	T4b neuron	
720575941653238545	BANC_888:720575941653238545	BANC888	is_a	alpha/beta Kenyon cell	
720575941653238745	BANC_888:720575941653238745	BANC888	is_a	T4b neuron	
720575941653240085	BANC_888:720575941653240085	BANC888	is_a	zone A Johnston organ neuron	
720575941653240853	BANC_888:720575941653240853	BANC888	is_a	adult CB1899 neuron	
720575941653241817	BANC_888:720575941653241817	BANC888	is_a	medulla intrinsic neuron Mi9	
720575941653244181	BANC_888:720575941653244181	BANC888	is_a	adult optic lobe intrinsic neuron	
720575941653245205	BANC_888:720575941653245205	BANC888	is_a	adult olfactory receptor neuron Or67d	
720575941653247249	BANC_888:720575941653247249	BANC888	is_a	adult gamma Kenyon cell	
720575941653247761	BANC_888:720575941653247761	BANC888	is_a	adult CB2774 neuron	
720575941653248473	BANC_888:720575941653248473	BANC888	is_a	adult optic lobe intrinsic neuron	
720575941653250069	BANC_888:720575941653250069	BANC888	is_a	adult olfactory receptor neuron Or67c	
720575941653250289	BANC_888:720575941653250289	BANC888	is_a	lamina monopolar neuron L2	
720575941653252369	BANC_888:720575941653252369	BANC888	is_a	gamma main Kenyon cell	
720575941653253649	BANC_888:720575941653253649	BANC888	is_a	gamma main Kenyon cell	
720575941653254161	BANC_888:720575941653254161	BANC888	is_a	adult CB1693 neuron	
720575941653256721	BANC_888:720575941653256721	BANC888	is_a	alpha/beta Kenyon cell	
720575941653257493	BANC_888:720575941653257493	BANC888	is_a	adult optic lobe intrinsic neuron	
720575941653259025	BANC_888:720575941653259025	BANC888	is_a	adult ANXXX296 neuron	
720575941653259797	BANC_888:720575941653259797	BANC888	is_a	transmedullary neuron Tm1	
720575941653261585	BANC_888:720575941653261585	BANC888	is_a	alpha/beta Kenyon cell	
720575941653261589	BANC_888:720575941653261589	BANC888	is_a	transmedullary neuron Tm33	FlyBase:FBrf0262545
720575941653263577	BANC_888:720575941653263577	BANC888	is_a	adult medulla-tubercle neuron of dorsal rim area	
720575941653263601	BANC_888:720575941653263601	BANC888	is_a	photoreceptor cell R8	
720575941653263857	BANC_888:720575941653263857	BANC888	is_a	photoreceptor cell R7	
720575941653264113	BANC_888:720575941653264113	BANC888	is_a	lamina monopolar neuron L3	
720575941653265393	BANC_888:720575941653265393	BANC888	is_a	photoreceptor cell R7	
720575941653266197	BANC_888:720575941653266197	BANC888	is_a	transmedullary Y neuron TmY3	
720575941653267185	BANC_888:720575941653267185	BANC888	is_a	photoreceptor cell R8	
720575941653271317	BANC_888:720575941653271317	BANC888	is_a	lamina monopolar neuron L3	
720575941653272597	BANC_888:720575941653272597	BANC888	is_a	adult optic lobe intrinsic neuron	
720575941653273305	BANC_888:720575941653273305	BANC888	is_a	T4c neuron	
720575941653274324	BANC_888:720575941653274324	BANC888	is_a	adult CB1376 neuron	
720575941653274645	BANC_888:720575941653274645	BANC888	is_a	lobula columnar neuron LC6	
720575941653274897	BANC_888:720575941653274897	BANC888	is_a	distal medullary amacrine neuron Dm2	
720575941653277205	BANC_888:720575941653277205	BANC888	is_a	adult optic lobe intrinsic neuron	
720575941653279217	BANC_888:720575941653279217	BANC888	is_a	lamina monopolar neuron L3	
720575941653283345	BANC_888:720575941653283345	BANC888	is_a	distal medullary amacrine neuron Dm2	
720575941653283605	BANC_888:720575941653283605	BANC888	is_a	adult optic lobe intrinsic neuron	
720575941653284825	BANC_888:720575941653284825	BANC888	is_a	adult lobula columnar neuron LC44	
720575941653286417	BANC_888:720575941653286417	BANC888	is_a	transmedullary neuron Tm9	
720575941653287385	BANC_888:720575941653287385	BANC888	is_a	distal medullary amacrine neuron Dm3c	FlyBase:FBrf0262545
720575941653290769	BANC_888:720575941653290769	BANC888	is_a	photoreceptor cell R7	
720575941653292565	BANC_888:720575941653292565	BANC888	is_a	adult CB1155 neuron	
720575941653298197	BANC_888:720575941653298197	BANC888	is_a	Johnston organ neuron EDC	
720575941653298705	BANC_888:720575941653298705	BANC888	is_a	adult optic lobe intrinsic neuron	
720575941653300501	BANC_888:720575941653300501	BANC888	is_a	adult optic lobe intrinsic neuron	
720575941653306645	BANC_888:720575941653306645	BANC888	is_a	adult anterior ventrolateral protocerebrum neuron 267	
720575941653308181	BANC_888:720575941653308181	BANC888	is_a	adult olfactory receptor neuron Or67d	
720575941653311193	BANC_888:720575941653311193	BANC888	is_a	Y neuron Y11	
720575941653313041	BANC_888:720575941653313041	BANC888	is_a	lobula-lobula plate columnar neuron LLPC2	
720575941653315349	BANC_888:720575941653315349	BANC888	is_a	adult superior medial protocerebrum neuron 567	
720575941653315861	BANC_888:720575941653315861	BANC888	is_a	adult superior medial protocerebrum neuron 330	
720575941653317909	BANC_888:720575941653317909	BANC888	is_a	adult CB1420 neuron	
720575941653320148	BANC_888:720575941653320148	BANC888	is_a	distal medullary amacrine neuron Dm13	
720575941653322517	BANC_888:720575941653322517	BANC888	is_a	adult antennal lobe projection neuron VM5v adPN	
720575941653324053	BANC_888:720575941653324053	BANC888	is_a	T2a neuron	
720575941653329369	BANC_888:720575941653329369	BANC888	is_a	distal medullary amacrine neuron Dm-DRA1	
720575941653335829	BANC_888:720575941653335829	BANC888	is_a	adult AN05B053 neuron	
720575941653338645	BANC_888:720575941653338645	BANC888	is_a	adult antennal olfactory receptor neuron	
720575941653340177	BANC_888:720575941653340177	BANC888	is_a	medulla intrinsic neuron Mi1	
720575941653340693	BANC_888:720575941653340693	BANC888	is_a	adult optic lobe intrinsic neuron	
720575941653340889	BANC_888:720575941653340889	BANC888	is_a	lobula columnar neuron LC10a	
720575941653341717	BANC_888:720575941653341717	BANC888	is_a	adult INXXX458 neuron	
720575941653342229	BANC_888:720575941653342229	BANC888	is_a	T3 neuron	
720575941653343249	BANC_888:720575941653343249	BANC888	is_a	adult optic lobe intrinsic neuron	
720575941653343961	BANC_888:720575941653343961	BANC888	is_a	lobula columnar neuron LC12	
720575941653345813	BANC_888:720575941653345813	BANC888	is_a	adult optic lobe intrinsic neuron	
720575941653346837	BANC_888:720575941653346837	BANC888	is_a	adult optic lobe intrinsic neuron	
720575941653350929	BANC_888:720575941653350929	BANC888	is_a	adult optic lobe intrinsic neuron	
720575941653351189	BANC_888:720575941653351189	BANC888	is_a	adult medulla-tubercle neuron 3	
720575941653352153	BANC_888:720575941653352153	BANC888	is_a	T4d neuron	
720575941653354001	BANC_888:720575941653354001	BANC888	is_a	T5c neuron	
720575941653355481	BANC_888:720575941653355481	BANC888	is_a	transmedullary Y neuron TmY10	
720575941653359633	BANC_888:720575941653359633	BANC888	is_a	lamina monopolar neuron L3	
720575941653361137	BANC_888:720575941653361137	BANC888	is_a	columnar neuron T1	
720575941653361369	BANC_888:720575941653361369	BANC888	is_a	proximal medullary amacrine neuron Pm1	FlyBase:FBrf0262545
720575941653363217	BANC_888:720575941653363217	BANC888	is_a	adult optic lobe intrinsic neuron	
720575941653367537	BANC_888:720575941653367537	BANC888	is_a	T2a neuron	
720575941653367573	BANC_888:720575941653367573	BANC888	is_a	centrifugal neuron C3	
720575941653368025	BANC_888:720575941653368025	BANC888	is_a	proximal medullary amacrine neuron Pm2	FlyBase:FBrf0262545
720575941653370389	BANC_888:720575941653370389	BANC888	is_a	adult AN10B015 neuron	
720575941653371157	BANC_888:720575941653371157	BANC888	is_a	transmedullary neuron Tm4	
720575941653376241	BANC_888:720575941653376241	BANC888	is_a	lamina monopolar neuron L4	
720575941653377813	BANC_888:720575941653377813	BANC888	is_a	adult optic lobe intrinsic neuron	
720575941653382129	BANC_888:720575941653382129	BANC888	is_a	transmedullary neuron Tm20	
720575941653384689	BANC_888:720575941653384689	BANC888	is_a	photoreceptor cell R7	
720575941653388309	BANC_888:720575941653388309	BANC888	is_a	adult transmedullary Y neuron TmY19a	FlyBase:FBrf0262545
720575941653389041	BANC_888:720575941653389041	BANC888	is_a	lamina monopolar neuron L5	
720575941653389589	BANC_888:720575941653389589	BANC888	is_a	adult superior medial protocerebrum neuron 155	
720575941653391321	BANC_888:720575941653391321	BANC888	is_a	lobula-lobula plate columnar neuron LLPC1	
720575941653392917	BANC_888:720575941653392917	BANC888	is_a	adult optic lobe intrinsic neuron	
720575941653399057	BANC_888:720575941653399057	BANC888	is_a	adult optic lobe intrinsic neuron	
720575941653399829	BANC_888:720575941653399829	BANC888	is_a	adult olfactory receptor neuron Or47b	
720575941653404181	BANC_888:720575941653404181	BANC888	is_a	adult medulla visual projection neuron MeVP11	FlyBase:FBrf0262545
720575941653405937	BANC_888:720575941653405937	BANC888	is_a	lamina monopolar neuron L1	
720575941653410069	BANC_888:720575941653410069	BANC888	is_a	lamina monopolar neuron L3	
720575941653410325	BANC_888:720575941653410325	BANC888	is_a	adult optic lobe intrinsic neuron	
720575941653410777	BANC_888:720575941653410777	BANC888	is_a	adult fan-shaped body vertical delta neuron	
720575941653415124	BANC_888:720575941653415124	BANC888	is_a	adult CB1792 neuron	
720575941653416689	BANC_888:720575941653416689	BANC888	is_a	adult optic lobe intrinsic neuron	
720575941653416945	BANC_888:720575941653416945	BANC888	is_a	lamina monopolar neuron L5	
720575941653417745	BANC_888:720575941653417745	BANC888	is_a	adult optic lobe intrinsic neuron	
720575941653418261	BANC_888:720575941653418261	BANC888	is_a	adult optic lobe intrinsic neuron	
720575941653419761	BANC_888:720575941653419761	BANC888	is_a	lamina monopolar neuron L5	
720575941653424084	BANC_888:720575941653424084	BANC888	is_a	adult optic lobe intrinsic neuron	
720575941653425681	BANC_888:720575941653425681	BANC888	is_a	T3 neuron	
720575941653427733	BANC_888:720575941653427733	BANC888	is_a	transmedullary Y neuron TmY16	
720575941653437461	BANC_888:720575941653437461	BANC888	is_a	zone B Johnston organ neuron	
720575941653440729	BANC_888:720575941653440729	BANC888	is_a	medulla intrinsic neuron Mi1	
720575941653442065	BANC_888:720575941653442065	BANC888	is_a	adult optic lobe intrinsic neuron	
720575941653443349	BANC_888:720575941653443349	BANC888	is_a	adult optic lobe intrinsic neuron	
720575941653443857	BANC_888:720575941653443857	BANC888	is_a	distal medullary amacrine neuron Dm3b	FlyBase:FBrf0262545
720575941653445873	BANC_888:720575941653445873	BANC888	is_a	lamina monopolar neuron L1	
720575941653447380	BANC_888:720575941653447380	BANC888	is_a	adult antennal lobe projection neuron VP4++ lPN	
720575941653447409	BANC_888:720575941653447409	BANC888	is_a	lamina monopolar neuron L1	
720575941653449201	BANC_888:720575941653449201	BANC888	is_a	lamina monopolar neuron L1	
720575941653449969	BANC_888:720575941653449969	BANC888	is_a	lamina monopolar neuron L1	
720575941653450993	BANC_888:720575941653450993	BANC888	is_a	lamina monopolar neuron L1	
720575941653451993	BANC_888:720575941653451993	BANC888	is_a	adult motor neuron	
720575941653452249	BANC_888:720575941653452249	BANC888	is_a	adult MNad42 neuron	
720575941653453041	BANC_888:720575941653453041	BANC888	is_a	lamina monopolar neuron L1	
720575941653456149	BANC_888:720575941653456149	BANC888	is_a	adult olfactory receptor neuron Or88a	
720575941653456405	BANC_888:720575941653456405	BANC888	is_a	adult optic lobe intrinsic neuron	
720575941653463508	BANC_888:720575941653463508	BANC888	is_a	adult gamma Kenyon cell	
720575941653463569	BANC_888:720575941653463569	BANC888	is_a	mechanosensory neuron of interommatidial bristle	
720575941653468181	BANC_888:720575941653468181	BANC888	is_a	medulla intrinsic neuron Mi9	
720575941653470485	BANC_888:720575941653470485	BANC888	is_a	lobula columnar neuron LC12	
720575941653472785	BANC_888:720575941653472785	BANC888	is_a	adult IN02A018 neuron	
720575941653474069	BANC_888:720575941653474069	BANC888	is_a	medulla tangential neuron Mt4	FlyBase:FBrf0262545
720575941653475349	BANC_888:720575941653475349	BANC888	is_a	adult optic lobe intrinsic neuron	
720575941653476373	BANC_888:720575941653476373	BANC888	is_a	gamma main Kenyon cell	
720575941653477393	BANC_888:720575941653477393	BANC888	is_a	transmedullary Y neuron TmY4	
720575941653478897	BANC_888:720575941653478897	BANC888	is_a	adult SNch05 neuron	
720575941653479129	BANC_888:720575941653479129	BANC888	is_a	medulla intrinsic neuron Mi1	
720575941653481177	BANC_888:720575941653481177	BANC888	is_a	adult CB2430 neuron	
720575941653481969	BANC_888:720575941653481969	BANC888	is_a	adult optic lobe intrinsic neuron	
720575941653485553	BANC_888:720575941653485553	BANC888	is_a	lamina monopolar neuron L4	
720575941653487345	BANC_888:720575941653487345	BANC888	is_a	adult superior medial protocerebrum neuron 162	
720575941653488601	BANC_888:720575941653488601	BANC888	is_a	adult mAL-PN lateral horn input neuron	
720575941653492465	BANC_888:720575941653492465	BANC888	is_a	adult CB0238 neuron	
720575941653499121	BANC_888:720575941653499121	BANC888	is_a	adult CB1425 neuron	
720575941653499669	BANC_888:720575941653499669	BANC888	is_a	medulla intrinsic neuron Mi9	
720575941653502485	BANC_888:720575941653502485	BANC888	is_a	adult anterior optic tubercle neuron 064	
720575941653503729	BANC_888:720575941653503729	BANC888	is_a	adult fan-shaped body 1 column-crepine neuron	FlyBase:FBrf0246888
720575941653504017	BANC_888:720575941653504017	BANC888	is_a	adult optic lobe intrinsic neuron	
720575941653504241	BANC_888:720575941653504241	BANC888	is_a	adult CB3048 neuron	
720575941653506260	BANC_888:720575941653506260	BANC888	is_a	alpha/beta Kenyon cell	
720575941653507801	BANC_888:720575941653507801	BANC888	is_a	adult IN06A094 neuron	
720575941653508081	BANC_888:720575941653508081	BANC888	is_a	adult fan-shaped body 1 column-crepine neuron	FlyBase:FBrf0246888
720575941653509105	BANC_888:720575941653509105	BANC888	is_a	columnar neuron T1	
720575941653510165	BANC_888:720575941653510165	BANC888	is_a	adult optic lobe intrinsic neuron	
720575941653510677	BANC_888:720575941653510677	BANC888	is_a	medulla intrinsic neuron Mi9	
720575941653512977	BANC_888:720575941653512977	BANC888	is_a	alpha/beta Kenyon cell	
720575941653513713	BANC_888:720575941653513713	BANC888	is_a	adult central brain intrinsic neuron	
720575941653513745	BANC_888:720575941653513745	BANC888	is_a	adult CB1503 neuron	
720575941653516017	BANC_888:720575941653516017	BANC888	is_a	adult CB2106 neuron	
720575941653518041	BANC_888:720575941653518041	BANC888	is_a	adult optic lobe intrinsic neuron	
720575941653521169	BANC_888:720575941653521169	BANC888	is_a	adult IN06B083 neuron	
720575941653521393	BANC_888:720575941653521393	BANC888	is_a	adult optic lobe intrinsic neuron	
720575941653526289	BANC_888:720575941653526289	BANC888	is_a	adult SNxx22 neuron	
720575941653526805	BANC_888:720575941653526805	BANC888	is_a	adult olfactory receptor neuron Or47b	
720575941653528049	BANC_888:720575941653528049	BANC888	is_a	adult anterior ventrolateral protocerebrum neuron 009	
720575941653528276	BANC_888:720575941653528276	BANC888	is_a	adult lateral accessory lobe neuron 150	
720575941653529877	BANC_888:720575941653529877	BANC888	is_a	labellar taste bristle mechanosensory neuron	
720575941653531633	BANC_888:720575941653531633	BANC888	is_a	adult crepine neuron 095	
720575941653531865	BANC_888:720575941653531865	BANC888	is_a	adult optic lobe intrinsic neuron	
720575941653533401	BANC_888:720575941653533401	BANC888	is_a	medulla intrinsic neuron Mi13	
720575941653534705	BANC_888:720575941653534705	BANC888	is_a	dopaminergic PAM neuron 4	
720575941653537777	BANC_888:720575941653537777	BANC888	is_a	adult CB1489 neuron	
720575941653538065	BANC_888:720575941653538065	BANC888	is_a	adult AN05B078 neuron	
720575941653539033	BANC_888:720575941653539033	BANC888	is_a	T4a neuron	
720575941653540825	BANC_888:720575941653540825	BANC888	is_a	medulla intrinsic neuron Mi4	
720575941653542105	BANC_888:720575941653542105	BANC888	is_a	medulla intrinsic neuron Mi10	
720575941653542673	BANC_888:720575941653542673	BANC888	is_a	adult INXXX440 neuron	
720575941653543385	BANC_888:720575941653543385	BANC888	is_a	transmedullary neuron Tm6	FlyBase:FBrf0262545
720575941653544469	BANC_888:720575941653544469	BANC888	is_a	adult gustatory receptor neuron	
720575941653547481	BANC_888:720575941653547481	BANC888	is_a	transmedullary neuron Tm3	
720575941653547737	BANC_888:720575941653547737	BANC888	is_a	medulla intrinsic neuron Mi9	
720575941653549529	BANC_888:720575941653549529	BANC888	is_a	adult optic lobe intrinsic neuron	
720575941653553169	BANC_888:720575941653553169	BANC888	is_a	adult AN06B002 neuron	
720575941653555441	BANC_888:720575941653555441	BANC888	is_a	adult CB1138 neuron	
720575941653555953	BANC_888:720575941653555953	BANC888	is_a	adult anterior ventrolateral protocerebrum neuron 457	
720575941653556209	BANC_888:720575941653556209	BANC888	is_a	adult crepine neuron 095	
720575941653558037	BANC_888:720575941653558037	BANC888	is_a	columnar neuron T1	
720575941653558257	BANC_888:720575941653558257	BANC888	is_a	adult CB1818 neuron	
720575941653559061	BANC_888:720575941653559061	BANC888	is_a	adult optic lobe intrinsic neuron	
720575941653559281	BANC_888:720575941653559281	BANC888	is_a	adult superior medial protocerebrum neuron 523	
720575941653560561	BANC_888:720575941653560561	BANC888	is_a	adult wedge neuron 146	
720575941653561361	BANC_888:720575941653561361	BANC888	is_a	adult SNta26 neuron	
720575941653562385	BANC_888:720575941653562385	BANC888	is_a	adult INXXX188 neuron	
720575941653563153	BANC_888:720575941653563153	BANC888	is_a	adult IN27X014 neuron	
720575941653564889	BANC_888:720575941653564889	BANC888	is_a	T4d neuron	
720575941653566932	BANC_888:720575941653566932	BANC888	is_a	adult CB3502 neuron	
720575941653567985	BANC_888:720575941653567985	BANC888	is_a	gamma main Kenyon cell	
720575941653568533	BANC_888:720575941653568533	BANC888	is_a	adult optic lobe intrinsic neuron	
720575941653569521	BANC_888:720575941653569521	BANC888	is_a	adult CB0842 neuron	
720575941653570545	BANC_888:720575941653570545	BANC888	is_a	adult CB3298 neuron	
720575941653571089	BANC_888:720575941653571089	BANC888	is_a	adult prosternal sense organ neuron	
720575941653571569	BANC_888:720575941653571569	BANC888	is_a	adult CB1033 neuron	
720575941653572593	BANC_888:720575941653572593	BANC888	is_a	adult CB1260 neuron	
720575941653572885	BANC_888:720575941653572885	BANC888	is_a	adult optic lobe intrinsic neuron	
720575941653574129	BANC_888:720575941653574129	BANC888	is_a	protocerebral bridge 1 glomerulus-fan-shaped body-nodulus 3 posterior domain neuron	
720575941653574165	BANC_888:720575941653574165	BANC888	is_a	adult optic lobe intrinsic neuron	
720575941653574641	BANC_888:720575941653574641	BANC888	is_a	adult CB2370 neuron	
720575941653574897	BANC_888:720575941653574897	BANC888	is_a	adult CNS neuron	
720575941653575701	BANC_888:720575941653575701	BANC888	is_a	adult optic lobe intrinsic neuron	
720575941653577172	BANC_888:720575941653577172	BANC888	is_a	T4b neuron	
720575941653577457	BANC_888:720575941653577457	BANC888	is_a	adult optic lobe intrinsic neuron	
720575941653577713	BANC_888:720575941653577713	BANC888	is_a	gamma main Kenyon cell	
720575941653578769	BANC_888:720575941653578769	BANC888	is_a	adult INXXX350 neuron	
720575941653578993	BANC_888:720575941653578993	BANC888	is_a	adult PV7c11 neuron	
720575941653579732	BANC_888:720575941653579732	BANC888	is_a	distal medullary amacrine neuron Dm15	
720575941653580529	BANC_888:720575941653580529	BANC888	is_a	adult CB0929 neuron	
720575941653581041	BANC_888:720575941653581041	BANC888	is_a	adult CB2370 neuron	
720575941653581529	BANC_888:720575941653581529	BANC888	is_a	adult optic lobe intrinsic neuron	
720575941653581780	BANC_888:720575941653581780	BANC888	is_a	adult optic lobe intrinsic neuron	
720575941653584084	BANC_888:720575941653584084	BANC888	is_a	adult optic lobe intrinsic neuron	
720575941653586905	BANC_888:720575941653586905	BANC888	is_a	transmedullary neuron Tm9	
720575941653588180	BANC_888:720575941653588180	BANC888	is_a	alpha'/beta' middle Kenyon cell	
720575941653588604	BANC_888:720575941653588604	BANC888	is_a	allatostatin C neuron	
720575941653589716	BANC_888:720575941653589716	BANC888	is_a	medulla intrinsic neuron Mi2	
720575941653590233	BANC_888:720575941653590233	BANC888	is_a	distal medullary amacrine neuron Dm3a	FlyBase:FBrf0262545
720575941653594389	BANC_888:720575941653594389	BANC888	is_a	distal medullary amacrine neuron Dm2	
720575941653598741	BANC_888:720575941653598741	BANC888	is_a	columnar neuron T1	
720575941653599473	BANC_888:720575941653599473	BANC888	is_a	photoreceptor cell R7	
720575941653599505	BANC_888:720575941653599505	BANC888	is_a	adult CB1876 neuron	
720575941653606617	BANC_888:720575941653606617	BANC888	is_a	medulla intrinsic neuron Mi13	
720575941653607445	BANC_888:720575941653607445	BANC888	is_a	adult optic lobe intrinsic neuron	
720575941653607665	BANC_888:720575941653607665	BANC888	is_a	Y neuron Y11	
720575941653607697	BANC_888:720575941653607697	BANC888	is_a	adult CB2801 neuron	
720575941653607921	BANC_888:720575941653607921	BANC888	is_a	adult lobula intrinsic neuron Li25	FlyBase:FBrf0262545
720575941653609493	BANC_888:720575941653609493	BANC888	is_a	adult optic lobe intrinsic neuron	
720575941653611220	BANC_888:720575941653611220	BANC888	is_a	T4d neuron	
720575941653611249	BANC_888:720575941653611249	BANC888	is_a	transmedullary Y neuron TmY3	
720575941653612049	BANC_888:720575941653612049	BANC888	is_a	T5a neuron	
720575941653612249	BANC_888:720575941653612249	BANC888	is_a	adult optic lobe intrinsic neuron	
720575941653612761	BANC_888:720575941653612761	BANC888	is_a	adult optic lobe intrinsic neuron	
720575941653613809	BANC_888:720575941653613809	BANC888	is_a	T5c neuron	
720575941653614101	BANC_888:720575941653614101	BANC888	is_a	adult optic lobe intrinsic neuron	
720575941653621781	BANC_888:720575941653621781	BANC888	is_a	adult optic lobe intrinsic neuron	
720575941653624537	BANC_888:720575941653624537	BANC888	is_a	adult SNta29 neuron	
720575941653626129	BANC_888:720575941653626129	BANC888	is_a	adult Kenyon cell	
720575941653626324	BANC_888:720575941653626324	BANC888	is_a	T5d neuron	
720575941653626580	BANC_888:720575941653626580	BANC888	is_a	T4d neuron	
720575941653627921	BANC_888:720575941653627921	BANC888	is_a	adult fan-shaped body vertical delta neuron	
720575941653628121	BANC_888:720575941653628121	BANC888	is_a	adult optic lobe intrinsic neuron	
720575941653630229	BANC_888:720575941653630229	BANC888	is_a	lobula plate-lobula columnar neuron LPLC4	
720575941653632497	BANC_888:720575941653632497	BANC888	is_a	transmedullary neuron Tm20	
720575941653634004	BANC_888:720575941653634004	BANC888	is_a	Y neuron Y3	
720575941653637332	BANC_888:720575941653637332	BANC888	is_a	adult optic lobe intrinsic neuron	
720575941653639921	BANC_888:720575941653639921	BANC888	is_a	columnar neuron T1	
720575941653641945	BANC_888:720575941653641945	BANC888	is_a	adult optic lobe intrinsic neuron	
720575941653643481	BANC_888:720575941653643481	BANC888	is_a	transmedullary Y neuron TmY5a	
720575941653643732	BANC_888:720575941653643732	BANC888	is_a	transmedullary neuron Tm4	
720575941653644305	BANC_888:720575941653644305	BANC888	is_a	adult lateral accessory lobe neuron 120	
720575941653646609	BANC_888:720575941653646609	BANC888	is_a	adult antennal lobe projection neuron VC5 lvPN	
720575941653648113	BANC_888:720575941653648113	BANC888	is_a	adult optic lobe intrinsic neuron	
720575941653651156	BANC_888:720575941653651156	BANC888	is_a	medulla intrinsic neuron Mi9	
720575941653651953	BANC_888:720575941653651953	BANC888	is_a	T5b neuron	
720575941653656597	BANC_888:720575941653656597	BANC888	is_a	adult optic lobe intrinsic neuron	
720575941653657561	BANC_888:720575941653657561	BANC888	is_a	medulla intrinsic neuron Mi4	
720575941653658865	BANC_888:720575941653658865	BANC888	is_a	lobula columnar neuron LC22	
720575941653659377	BANC_888:720575941653659377	BANC888	is_a	transmedullary neuron Tm2	
720575941653661169	BANC_888:720575941653661169	BANC888	is_a	adult optic lobe intrinsic neuron	
720575941653662741	BANC_888:720575941653662741	BANC888	is_a	adult optic lobe intrinsic neuron	
720575941653663449	BANC_888:720575941653663449	BANC888	is_a	centrifugal neuron C2	
720575941653663509	BANC_888:720575941653663509	BANC888	is_a	adult optic lobe intrinsic neuron	
720575941653663700	BANC_888:720575941653663700	BANC888	is_a	T4a neuron	
720575941653663729	BANC_888:720575941653663729	BANC888	is_a	lamina monopolar neuron L5	
720575941653664785	BANC_888:720575941653664785	BANC888	is_a	adult CB1122 neuron	
720575941653666009	BANC_888:720575941653666009	BANC888	is_a	centrifugal neuron C2	
720575941653667057	BANC_888:720575941653667057	BANC888	is_a	distal medullary amacrine neuron Dm3c	FlyBase:FBrf0262545
720575941653667545	BANC_888:720575941653667545	BANC888	is_a	centrifugal neuron C2	
720575941653667825	BANC_888:720575941653667825	BANC888	is_a	transmedullary neuron Tm32	FlyBase:FBrf0262545
720575941653668057	BANC_888:720575941653668057	BANC888	is_a	zone B Johnston organ neuron	
720575941653670641	BANC_888:720575941653670641	BANC888	is_a	adult wedge projection neuron 3	
720575941653670897	BANC_888:720575941653670897	BANC888	is_a	adult SNch01 neuron	
720575941653671921	BANC_888:720575941653671921	BANC888	is_a	transmedullary neuron Tm1	
720575941653674005	BANC_888:720575941653674005	BANC888	is_a	adult optic lobe intrinsic neuron	
720575941653674969	BANC_888:720575941653674969	BANC888	is_a	T5d neuron	
720575941653675025	BANC_888:720575941653675025	BANC888	is_a	adult olfactory receptor neuron Ir75d	
720575941653675761	BANC_888:720575941653675761	BANC888	is_a	zone E Johnston organ neuron	
720575941653679121	BANC_888:720575941653679121	BANC888	is_a	adult fan-shaped body layer 2 neuron of CP2 lineage	
720575941653682453	BANC_888:720575941653682453	BANC888	is_a	adult optic lobe intrinsic neuron	
720575941653682644	BANC_888:720575941653682644	BANC888	is_a	transmedullary neuron Tm1	
720575941653683221	BANC_888:720575941653683221	BANC888	is_a	adult lobula columnar neuron LC31a	
720575941653683733	BANC_888:720575941653683733	BANC888	is_a	distal medullary amacrine neuron Dm2	
720575941653684697	BANC_888:720575941653684697	BANC888	is_a	adult optic lobe intrinsic neuron	
720575941653685525	BANC_888:720575941653685525	BANC888	is_a	adult optic lobe intrinsic neuron	
720575941653687057	BANC_888:720575941653687057	BANC888	is_a	adult CB1365 neuron	
720575941653687061	BANC_888:720575941653687061	BANC888	is_a	transmedullary neuron Tm20	
720575941653691097	BANC_888:720575941653691097	BANC888	is_a	T5a neuron	
720575941653691669	BANC_888:720575941653691669	BANC888	is_a	adult optic lobe intrinsic neuron	
720575941653696277	BANC_888:720575941653696277	BANC888	is_a	adult optic lobe intrinsic neuron	
720575941653699093	BANC_888:720575941653699093	BANC888	is_a	transmedullary neuron Tm4	
720575941653699569	BANC_888:720575941653699569	BANC888	is_a	adult optic lobe intrinsic neuron	
720575941653701141	BANC_888:720575941653701141	BANC888	is_a	adult optic lobe intrinsic neuron	
720575941653703185	BANC_888:720575941653703185	BANC888	is_a	adult medulla visual projection neuron MeVP6	FlyBase:FBrf0262545
720575941653706513	BANC_888:720575941653706513	BANC888	is_a	adult CB3322 neuron	
720575941653706993	BANC_888:720575941653706993	BANC888	is_a	T4d neuron	
720575941653707793	BANC_888:720575941653707793	BANC888	is_a	adult CB3619 neuron	
720575941653708529	BANC_888:720575941653708529	BANC888	is_a	medulla intrinsic neuron Mi10	
720575941653709589	BANC_888:720575941653709589	BANC888	is_a	adult lobula intrinsic neuron Li23	FlyBase:FBrf0262545
720575941653710041	BANC_888:720575941653710041	BANC888	is_a	T5a neuron	
720575941653710297	BANC_888:720575941653710297	BANC888	is_a	adult AN07B060 neuron	
720575941653710357	BANC_888:720575941653710357	BANC888	is_a	lobula intrinsic neuron Li14	FlyBase:FBrf0262545
720575941653711121	BANC_888:720575941653711121	BANC888	is_a	adult CB1199 neuron	
720575941653713369	BANC_888:720575941653713369	BANC888	is_a	T5a neuron	
720575941653713937	BANC_888:720575941653713937	BANC888	is_a	adult vest neuron 003	
720575941653715161	BANC_888:720575941653715161	BANC888	is_a	adult superior medial protocerebrum neuron 307	
720575941653715217	BANC_888:720575941653715217	BANC888	is_a	adult CB1030 neuron	
720575941653716977	BANC_888:720575941653716977	BANC888	is_a	transmedullary neuron Tm6	FlyBase:FBrf0262545
720575941653717465	BANC_888:720575941653717465	BANC888	is_a	T5c neuron	
720575941653717972	BANC_888:720575941653717972	BANC888	is_a	T4a neuron	
720575941653719793	BANC_888:720575941653719793	BANC888	is_a	medulla intrinsic neuron Mi4	
720575941653723921	BANC_888:720575941653723921	BANC888	is_a	adult posterior ventrolateral protocerebrum neuron 080	
720575941653724913	BANC_888:720575941653724913	BANC888	is_a	adult CB1331 neuron	
720575941653725169	BANC_888:720575941653725169	BANC888	is_a	adult clamp neuron 123	
720575941653725425	BANC_888:720575941653725425	BANC888	is_a	adult lateral horn PV6r1 neuron	
720575941653726193	BANC_888:720575941653726193	BANC888	is_a	adult CB2482 neuron	
720575941653726997	BANC_888:720575941653726997	BANC888	is_a	adult lobula intrinsic neuron Li25	FlyBase:FBrf0262545
720575941653728789	BANC_888:720575941653728789	BANC888	is_a	adult optic lobe intrinsic neuron	
720575941653730801	BANC_888:720575941653730801	BANC888	is_a	adult optic lobe intrinsic neuron	
720575941653731313	BANC_888:720575941653731313	BANC888	is_a	Y neuron Y12	
720575941653732593	BANC_888:720575941653732593	BANC888	is_a	adult anterior ventrolateral protocerebrum neuron 552	
720575941653734385	BANC_888:720575941653734385	BANC888	is_a	adult IN01A036 neuron	
720575941653734677	BANC_888:720575941653734677	BANC888	is_a	centrifugal neuron C2	
720575941653735697	BANC_888:720575941653735697	BANC888	is_a	adult posterior lateral protocerebrum neuron 156	
720575941653736725	BANC_888:720575941653736725	BANC888	is_a	proximal medullary amacrine neuron Pm4	FlyBase:FBrf0262545
720575941653737201	BANC_888:720575941653737201	BANC888	is_a	adult CB1910 neuron	
720575941653738005	BANC_888:720575941653738005	BANC888	is_a	transmedullary neuron Tm20	
720575941653739025	BANC_888:720575941653739025	BANC888	is_a	adult anterior ventrolateral protocerebrum neuron 252	
720575941653740049	BANC_888:720575941653740049	BANC888	is_a	adult CB2637 neuron	
720575941653742833	BANC_888:720575941653742833	BANC888	is_a	adult optic lobe intrinsic neuron	
720575941653742869	BANC_888:720575941653742869	BANC888	is_a	medulla intrinsic neuron Mi10	
720575941653743381	BANC_888:720575941653743381	BANC888	is_a	T2 neuron	
720575941653744149	BANC_888:720575941653744149	BANC888	is_a	T2a neuron	
720575941653744857	BANC_888:720575941653744857	BANC888	is_a	transmedullary neuron Tm6	FlyBase:FBrf0262545
720575941653746453	BANC_888:720575941653746453	BANC888	is_a	medulla intrinsic neuron Mi18	FlyBase:FBrf0262545
720575941653746965	BANC_888:720575941653746965	BANC888	is_a	adult optic lobe intrinsic neuron	
720575941653747985	BANC_888:720575941653747985	BANC888	is_a	adult superior lateral protocerebrum neuron 377	
720575941653748245	BANC_888:720575941653748245	BANC888	is_a	adult medulla visual projection neuron MeVP3	FlyBase:FBrf0262545
720575941653749716	BANC_888:720575941653749716	BANC888	is_a	distal medullary amacrine neuron Dm10	
720575941653749781	BANC_888:720575941653749781	BANC888	is_a	adult optic lobe intrinsic neuron	
720575941653750513	BANC_888:720575941653750513	BANC888	is_a	lobula plate intrinsic neuron LPi34-12	FlyBase:FBrf0262545
720575941653750740	BANC_888:720575941653750740	BANC888	is_a	adult lobula intrinsic neuron Li25	FlyBase:FBrf0262545
720575941653750801	BANC_888:720575941653750801	BANC888	is_a	adult CNS neuron	
720575941653751829	BANC_888:720575941653751829	BANC888	is_a	accessory medulla neuron aMe4	
720575941653752532	BANC_888:720575941653752532	BANC888	is_a	columnar neuron T1	
720575941653752817	BANC_888:720575941653752817	BANC888	is_a	centrifugal neuron C3	
720575941653753105	BANC_888:720575941653753105	BANC888	is_a	alpha/beta Kenyon cell	
720575941653755121	BANC_888:720575941653755121	BANC888	is_a	adult IN19A099 neuron	
720575941653755665	BANC_888:720575941653755665	BANC888	is_a	adult CB2567 neuron	
720575941653756145	BANC_888:720575941653756145	BANC888	is_a	adult antennal lobe local neuron lLN2F	
720575941653757908	BANC_888:720575941653757908	BANC888	is_a	T2 neuron	
720575941653758225	BANC_888:720575941653758225	BANC888	is_a	adult CB3812 neuron	
720575941653760724	BANC_888:720575941653760724	BANC888	is_a	adult optic lobe intrinsic neuron	
720575941653760729	BANC_888:720575941653760729	BANC888	is_a	T2a neuron	
720575941653762009	BANC_888:720575941653762009	BANC888	is_a	adult optic lobe intrinsic neuron	
720575941653762772	BANC_888:720575941653762772	BANC888	is_a	adult lobula intrinsic neuron Li23	FlyBase:FBrf0262545
720575941653763796	BANC_888:720575941653763796	BANC888	is_a	medulla intrinsic neuron Mi13	
720575941653764337	BANC_888:720575941653764337	BANC888	is_a	adult optic lobe intrinsic neuron	
720575941653768404	BANC_888:720575941653768404	BANC888	is_a	transmedullary neuron Tm9	
720575941653769969	BANC_888:720575941653769969	BANC888	is_a	transmedullary neuron Tm4	
720575941653771505	BANC_888:720575941653771505	BANC888	is_a	adult optic lobe intrinsic neuron	
720575941653772305	BANC_888:720575941653772305	BANC888	is_a	adult CB1419 neuron	
720575941653774065	BANC_888:720575941653774065	BANC888	is_a	adult lateral horn AV4c2 neuron	
720575941653775345	BANC_888:720575941653775345	BANC888	is_a	adult optic lobe intrinsic neuron	
720575941653775601	BANC_888:720575941653775601	BANC888	is_a	adult superior lateral protocerebrum neuron 369	
720575941653776401	BANC_888:720575941653776401	BANC888	is_a	adult clamp neuron 085	
720575941653776601	BANC_888:720575941653776601	BANC888	is_a	T5d neuron	
720575941653778161	BANC_888:720575941653778161	BANC888	is_a	adult CB3483 neuron	
720575941653778417	BANC_888:720575941653778417	BANC888	is_a	adult optic lobe intrinsic neuron	
720575941653778644	BANC_888:720575941653778644	BANC888	is_a	transmedullary neuron Tm9	
720575941653778705	BANC_888:720575941653778705	BANC888	is_a	adult multiglomerular antennal lobe projection neuron type 22 l2PN	
720575941653780721	BANC_888:720575941653780721	BANC888	is_a	transmedullary Y neuron TmY3	
720575941653782489	BANC_888:720575941653782489	BANC888	is_a	T5a neuron	
720575941653782545	BANC_888:720575941653782545	BANC888	is_a	adult superior medial protocerebrum neuron 160	
720575941653784020	BANC_888:720575941653784020	BANC888	is_a	T5a neuron	
720575941653784025	BANC_888:720575941653784025	BANC888	is_a	centrifugal neuron C3	
720575941653784081	BANC_888:720575941653784081	BANC888	is_a	adult CB0227 neuron	
720575941653788633	BANC_888:720575941653788633	BANC888	is_a	adult ascending neuron	
720575941653788633	BANC_888:720575941653788633	BANC888	is_a	chemosensory neuron	
720575941653789681	BANC_888:720575941653789681	BANC888	is_a	transmedullary neuron Tm4	
720575941653789913	BANC_888:720575941653789913	BANC888	is_a	T4c neuron	
720575941653790705	BANC_888:720575941653790705	BANC888	is_a	transmedullary Y neuron TmY3	
720575941653790993	BANC_888:720575941653790993	BANC888	is_a	adult crepine neuron 044	
720575941653792217	BANC_888:720575941653792217	BANC888	is_a	T3 neuron	
720575941653792785	BANC_888:720575941653792785	BANC888	is_a	adult crepine neuron 106	
720575941653794065	BANC_888:720575941653794065	BANC888	is_a	adult CB1565 neuron	
720575941653795289	BANC_888:720575941653795289	BANC888	is_a	T5d neuron	
720575941653796593	BANC_888:720575941653796593	BANC888	is_a	transmedullary neuron Tm4	
720575941653797393	BANC_888:720575941653797393	BANC888	is_a	T4c neuron	
720575941653803505	BANC_888:720575941653803505	BANC888	is_a	lamina monopolar neuron L5	
720575941653804049	BANC_888:720575941653804049	BANC888	is_a	adult CB2522 neuron	
720575941653806809	BANC_888:720575941653806809	BANC888	is_a	T2 neuron	
720575941653807572	BANC_888:720575941653807572	BANC888	is_a	transmedullary neuron Tm1	
720575941653807889	BANC_888:720575941653807889	BANC888	is_a	adult posterior lateral protocerebrum neuron 155	
720575941653810900	BANC_888:720575941653810900	BANC888	is_a	T5a neuron	
720575941653813465	BANC_888:720575941653813465	BANC888	is_a	transmedullary neuron Tm20	
720575941653816849	BANC_888:720575941653816849	BANC888	is_a	adult CB2186 neuron	
720575941653818097	BANC_888:720575941653818097	BANC888	is_a	adult optic lobe intrinsic neuron	
720575941653819409	BANC_888:720575941653819409	BANC888	is_a	adult CB3772 neuron	
720575941653820633	BANC_888:720575941653820633	BANC888	is_a	T5d neuron	
720575941653820913	BANC_888:720575941653820913	BANC888	is_a	adult medulla visual projection neuron MeVP2	FlyBase:FBrf0262545
720575941653823985	BANC_888:720575941653823985	BANC888	is_a	adult olfactory receptor neuron Or46aB	
720575941653824273	BANC_888:720575941653824273	BANC888	is_a	adult clamp neuron 239	
720575941653824468	BANC_888:720575941653824468	BANC888	is_a	Y neuron Y1	
720575941653824497	BANC_888:720575941653824497	BANC888	is_a	adult CB0997 neuron	
720575941653824724	BANC_888:720575941653824724	BANC888	is_a	T4a neuron	
720575941653827857	BANC_888:720575941653827857	BANC888	is_a	adult superior medial protocerebrum neuron 292	
720575941653828593	BANC_888:720575941653828593	BANC888	is_a	lamina monopolar neuron L2	
720575941653831185	BANC_888:720575941653831185	BANC888	is_a	adult DNxl092 neuron	
720575941653832209	BANC_888:720575941653832209	BANC888	is_a	adult fan-shaped body horizontal delta neuron F	
720575941653833969	BANC_888:720575941653833969	BANC888	is_a	adult crepine neuron 069	
720575941653835537	BANC_888:720575941653835537	BANC888	is_a	adult CB2761 neuron	
720575941653837809	BANC_888:720575941653837809	BANC888	is_a	medulla intrinsic neuron Mi4	
720575941653840913	BANC_888:720575941653840913	BANC888	is_a	adult posterior ventrolateral protocerebrum neuron 062	
720575941653841681	BANC_888:720575941653841681	BANC888	is_a	descending neuron of the gnathal ganglion DNge001	
720575941653842644	BANC_888:720575941653842644	BANC888	is_a	T4d neuron	
720575941653842900	BANC_888:720575941653842900	BANC888	is_a	transmedullary neuron Tm9	
720575941653843729	BANC_888:720575941653843729	BANC888	is_a	medulla intrinsic neuron Mi1	
720575941653844753	BANC_888:720575941653844753	BANC888	is_a	adult optic lobe intrinsic neuron	
720575941653846001	BANC_888:720575941653846001	BANC888	is_a	transmedullary neuron Tm20	
720575941653847001	BANC_888:720575941653847001	BANC888	is_a	medulla intrinsic neuron Mi15	
720575941653848537	BANC_888:720575941653848537	BANC888	is_a	alpha/beta Kenyon cell	
720575941653853425	BANC_888:720575941653853425	BANC888	is_a	transmedullary neuron Tm20	
720575941653856212	BANC_888:720575941653856212	BANC888	is_a	lobula-lobula plate columnar neuron LLPC3	
720575941653856753	BANC_888:720575941653856753	BANC888	is_a	adult optic lobe intrinsic neuron	
720575941653858065	BANC_888:720575941653858065	BANC888	is_a	adult superior lateral protocerebrum neuron 074	
720575941653860593	BANC_888:720575941653860593	BANC888	is_a	transmedullary Y neuron TmY10	
720575941653861617	BANC_888:720575941653861617	BANC888	is_a	adult lobula intrinsic neuron Li13	FlyBase:FBrf0262545
720575941653863129	BANC_888:720575941653863129	BANC888	is_a	sensory neuron of wing campaniform sensillum	
720575941653863153	BANC_888:720575941653863153	BANC888	is_a	distal medullary amacrine neuron Dm3b	FlyBase:FBrf0262545
720575941653865457	BANC_888:720575941653865457	BANC888	is_a	adult optic lobe intrinsic neuron	
720575941653865745	BANC_888:720575941653865745	BANC888	is_a	lamina monopolar neuron L5	
720575941653867761	BANC_888:720575941653867761	BANC888	is_a	adult optic lobe intrinsic neuron	
720575941653869041	BANC_888:720575941653869041	BANC888	is_a	adult medulla visual projection neuron MeVP3	FlyBase:FBrf0262545
720575941653869329	BANC_888:720575941653869329	BANC888	is_a	distal medullary amacrine neuron Dm3a	FlyBase:FBrf0262545
720575941653870553	BANC_888:720575941653870553	BANC888	is_a	alpha/beta Kenyon cell	
720575941653872145	BANC_888:720575941653872145	BANC888	is_a	adult optic lobe intrinsic neuron	
720575941653872625	BANC_888:720575941653872625	BANC888	is_a	adult lobula intrinsic neuron Li21	FlyBase:FBrf0262545
720575941653874417	BANC_888:720575941653874417	BANC888	is_a	adult CB2528 neuron	
720575941653874961	BANC_888:720575941653874961	BANC888	is_a	adult optic lobe intrinsic neuron	
720575941653876721	BANC_888:720575941653876721	BANC888	is_a	transmedullary neuron Tm1	
720575941653877233	BANC_888:720575941653877233	BANC888	is_a	T2a neuron	
720575941653877489	BANC_888:720575941653877489	BANC888	is_a	T3 neuron	
720575941653878745	BANC_888:720575941653878745	BANC888	is_a	T4c neuron	
720575941653881617	BANC_888:720575941653881617	BANC888	is_a	distal medullary amacrine neuron Dm2	
720575941653882865	BANC_888:720575941653882865	BANC888	is_a	adult DNxl114 neuron	
720575941653883153	BANC_888:720575941653883153	BANC888	is_a	medulla intrinsic neuron Mi1	
720575941653884377	BANC_888:720575941653884377	BANC888	is_a	adult optic lobe intrinsic neuron	
720575941653885937	BANC_888:720575941653885937	BANC888	is_a	adult transmedullary Y neuron TmY19b	FlyBase:FBrf0262545
720575941653886449	BANC_888:720575941653886449	BANC888	is_a	adult optic lobe intrinsic neuron	
720575941653894129	BANC_888:720575941653894129	BANC888	is_a	lobula columnar neuron LC16	
720575941653896433	BANC_888:720575941653896433	BANC888	is_a	adult medulla-tubercle neuron 3	
720575941653897428	BANC_888:720575941653897428	BANC888	is_a	adult mAL-PN lateral horn input neuron	
720575941653897433	BANC_888:720575941653897433	BANC888	is_a	adult fan-shaped body 1 column-crepine neuron	FlyBase:FBrf0246888
720575941653899505	BANC_888:720575941653899505	BANC888	is_a	adult IN04B001 neuron	
720575941653900505	BANC_888:720575941653900505	BANC888	is_a	alpha/beta Kenyon cell	
720575941653902065	BANC_888:720575941653902065	BANC888	is_a	distal medullary amacrine neuron Dm3a	FlyBase:FBrf0262545
720575941653902553	BANC_888:720575941653902553	BANC888	is_a	adult optic lobe intrinsic neuron	
720575941653906161	BANC_888:720575941653906161	BANC888	is_a	descending neuron of the gnathal ganglion DNge139	
720575941653907953	BANC_888:720575941653907953	BANC888	is_a	lobula columnar neuron LC20	
720575941653910489	BANC_888:720575941653910489	BANC888	is_a	adult IN19A093 neuron	
720575941653913300	BANC_888:720575941653913300	BANC888	is_a	transmedullary neuron Tm1	
720575941653913329	BANC_888:720575941653913329	BANC888	is_a	medulla intrinsic neuron Mi13	
720575941653917169	BANC_888:720575941653917169	BANC888	is_a	adult IN01B074 neuron	
720575941653917969	BANC_888:720575941653917969	BANC888	is_a	adult optic lobe intrinsic neuron	
720575941653918705	BANC_888:720575941653918705	BANC888	is_a	lobula intrinsic neuron Li14	FlyBase:FBrf0262545
720575941653922289	BANC_888:720575941653922289	BANC888	is_a	adult lobula visual centrifugal neuron LoVC25	FlyBase:FBrf0262545
720575941653923057	BANC_888:720575941653923057	BANC888	is_a	adult IN23B007 neuron	
720575941653927921	BANC_888:720575941653927921	BANC888	is_a	adult optic lobe intrinsic neuron	
720575941653928465	BANC_888:720575941653928465	BANC888	is_a	adult IN04B041 neuron	
720575941653928916	BANC_888:720575941653928916	BANC888	is_a	adult optic lobe intrinsic neuron	
720575941653929172	BANC_888:720575941653929172	BANC888	is_a	transmedullary neuron Tm1	
720575941653929713	BANC_888:720575941653929713	BANC888	is_a	transmedullary neuron Tm3	
720575941653931225	BANC_888:720575941653931225	BANC888	is_a	gamma main Kenyon cell	
720575941653932505	BANC_888:720575941653932505	BANC888	is_a	adult Kenyon cell	
720575941653934065	BANC_888:720575941653934065	BANC888	is_a	adult optic lobe intrinsic neuron	
720575941653934833	BANC_888:720575941653934833	BANC888	is_a	adult optic lobe intrinsic neuron	
720575941653935121	BANC_888:720575941653935121	BANC888	is_a	adult CB3322 neuron	
720575941653935833	BANC_888:720575941653935833	BANC888	is_a	adult Kenyon cell	
720575941653936625	BANC_888:720575941653936625	BANC888	is_a	adult optic lobe intrinsic neuron	
720575941653937937	BANC_888:720575941653937937	BANC888	is_a	adult optic lobe intrinsic neuron	
720575941653938649	BANC_888:720575941653938649	BANC888	is_a	adult Kenyon cell	
720575941653938905	BANC_888:720575941653938905	BANC888	is_a	gamma main Kenyon cell	
720575941653940697	BANC_888:720575941653940697	BANC888	is_a	adult gamma Kenyon cell	
720575941653941233	BANC_888:720575941653941233	BANC888	is_a	lobula plate-lobula columnar neuron LPLC1	
720575941653941777	BANC_888:720575941653941777	BANC888	is_a	adult CB1861 neuron	
720575941653942233	BANC_888:720575941653942233	BANC888	is_a	adult Kenyon cell	
720575941653942289	BANC_888:720575941653942289	BANC888	is_a	adult CB3040 neuron	
720575941653942801	BANC_888:720575941653942801	BANC888	is_a	T4a neuron	
720575941653943281	BANC_888:720575941653943281	BANC888	is_a	adult olfactory receptor neuron Or67d	
720575941653943793	BANC_888:720575941653943793	BANC888	is_a	adult lobula visual projection neuron LoVP100	
720575941653944537	BANC_888:720575941653944537	BANC888	is_a	alpha/beta Kenyon cell	
720575941653944817	BANC_888:720575941653944817	BANC888	is_a	adult optic lobe intrinsic neuron	
720575941653945300	BANC_888:720575941653945300	BANC888	is_a	adult SNta35 neuron	
720575941653945812	BANC_888:720575941653945812	BANC888	is_a	T4a neuron	
720575941653946353	BANC_888:720575941653946353	BANC888	is_a	lobula columnar neuron LC10b	
720575941653950481	BANC_888:720575941653950481	BANC888	is_a	adult CB2685 neuron	
720575941653952217	BANC_888:720575941653952217	BANC888	is_a	sensory neuron of wing campaniform sensillum	
720575941653953297	BANC_888:720575941653953297	BANC888	is_a	adult CB1944 neuron	
720575941653954772	BANC_888:720575941653954772	BANC888	is_a	adult optic lobe intrinsic neuron	
720575941653958417	BANC_888:720575941653958417	BANC888	is_a	lobula columnar neuron LC10	
720575941653961689	BANC_888:720575941653961689	BANC888	is_a	adult IN16B100 neuron	
720575941653964529	BANC_888:720575941653964529	BANC888	is_a	adult optic lobe intrinsic neuron	
720575941653964817	BANC_888:720575941653964817	BANC888	is_a	centrifugal neuron C2	
720575941653972721	BANC_888:720575941653972721	BANC888	is_a	transmedullary Y neuron TmY18	FlyBase:FBrf0262545
720575941653974545	BANC_888:720575941653974545	BANC888	is_a	lobula columnar neuron LC18	
720575941653975025	BANC_888:720575941653975025	BANC888	is_a	adult optic lobe intrinsic neuron	
720575941653975825	BANC_888:720575941653975825	BANC888	is_a	T5a neuron	
720575941653976532	BANC_888:720575941653976532	BANC888	is_a	adult posterior ventrolateral protocerebrum neuron 019	
720575941653977817	BANC_888:720575941653977817	BANC888	is_a	adult CB1546 neuron	
720575941653977841	BANC_888:720575941653977841	BANC888	is_a	Y neuron Y3	
720575941653979889	BANC_888:720575941653979889	BANC888	is_a	adult optic lobe intrinsic neuron	
720575941653981681	BANC_888:720575941653981681	BANC888	is_a	adult optic lobe intrinsic neuron	
720575941653986833	BANC_888:720575941653986833	BANC888	is_a	adult fan-shaped body vertical delta neuron	
720575941653990361	BANC_888:720575941653990361	BANC888	is_a	adult IN02A036 neuron	
720575941653995481	BANC_888:720575941653995481	BANC888	is_a	adult IN21A002 neuron	
720575941653995505	BANC_888:720575941653995505	BANC888	is_a	zone B Johnston organ neuron	
720575941653998321	BANC_888:720575941653998321	BANC888	is_a	medulla intrinsic neuron Mi4	
720575941654000881	BANC_888:720575941654000881	BANC888	is_a	lamina tangential neuron	
720575941654002161	BANC_888:720575941654002161	BANC888	is_a	lamina monopolar neuron L2	
720575941654008817	BANC_888:720575941654008817	BANC888	is_a	visual projection neuron	
720575941654008849	BANC_888:720575941654008849	BANC888	is_a	adult optic lobe intrinsic neuron	
720575941654018289	BANC_888:720575941654018289	BANC888	is_a	adult CB1069 neuron	
720575941654018801	BANC_888:720575941654018801	BANC888	is_a	T4c neuron	
720575941654021081	BANC_888:720575941654021081	BANC888	is_a	adult AN05B046 neuron	
720575941654022385	BANC_888:720575941654022385	BANC888	is_a	adult optic lobe intrinsic neuron	
720575941654022673	BANC_888:720575941654022673	BANC888	is_a	medulla intrinsic neuron Mi4	
720575941654025233	BANC_888:720575941654025233	BANC888	is_a	adult optic lobe intrinsic neuron	
720575941654025969	BANC_888:720575941654025969	BANC888	is_a	zone E Johnston organ neuron	
720575941654027793	BANC_888:720575941654027793	BANC888	is_a	adult optic lobe intrinsic neuron	
720575941654028500	BANC_888:720575941654028500	BANC888	is_a	adult optic lobe intrinsic neuron	
720575941654029017	BANC_888:720575941654029017	BANC888	is_a	adult SNxx03 neuron	
720575941654029073	BANC_888:720575941654029073	BANC888	is_a	adult optic lobe intrinsic neuron	
720575941654030297	BANC_888:720575941654030297	BANC888	is_a	adult SNta35 neuron	
720575941654030809	BANC_888:720575941654030809	BANC888	is_a	gustatory receptor neuron of the wing	
720575941654031089	BANC_888:720575941654031089	BANC888	is_a	adult optic lobe intrinsic neuron	
720575941654031121	BANC_888:720575941654031121	BANC888	is_a	adult optic lobe intrinsic neuron	
720575941654033625	BANC_888:720575941654033625	BANC888	is_a	sensory neuron of haltere capitellum trichoid sensillum	
720575941654036185	BANC_888:720575941654036185	BANC888	is_a	adult INXXX440 neuron	
720575941654036209	BANC_888:720575941654036209	BANC888	is_a	adult optic lobe intrinsic neuron	
720575941654037233	BANC_888:720575941654037233	BANC888	is_a	adult optic lobe intrinsic neuron	
720575941654040049	BANC_888:720575941654040049	BANC888	is_a	zone E Johnston organ neuron	
720575941654040532	BANC_888:720575941654040532	BANC888	is_a	transmedullary neuron Tm20	
720575941654040561	BANC_888:720575941654040561	BANC888	is_a	adult lobula intrinsic neuron Li21	FlyBase:FBrf0262545
720575941654041841	BANC_888:720575941654041841	BANC888	is_a	adult optic lobe intrinsic neuron	
720575941654045425	BANC_888:720575941654045425	BANC888	is_a	transmedullary neuron Tm9	
720575941654051028	BANC_888:720575941654051028	BANC888	is_a	centrifugal neuron C3	
720575941654054105	BANC_888:720575941654054105	BANC888	is_a	adult IN16B086 neuron	
720575941654054641	BANC_888:720575941654054641	BANC888	is_a	adult optic lobe intrinsic neuron	
720575941654055953	BANC_888:720575941654055953	BANC888	is_a	adult optic lobe intrinsic neuron	
720575941654060500	BANC_888:720575941654060500	BANC888	is_a	transmedullary neuron Tm3	
720575941654060529	BANC_888:720575941654060529	BANC888	is_a	adult optic lobe intrinsic neuron	
720575941654062804	BANC_888:720575941654062804	BANC888	is_a	adult optic lobe intrinsic neuron	
720575941654063089	BANC_888:720575941654063089	BANC888	is_a	visual projection neuron	
720575941654063601	BANC_888:720575941654063601	BANC888	is_a	medulla intrinsic neuron Mi9	
720575941654065137	BANC_888:720575941654065137	BANC888	is_a	T5a neuron	
720575941654067668	BANC_888:720575941654067668	BANC888	is_a	transmedullary neuron Tm2	
720575941654067924	BANC_888:720575941654067924	BANC888	is_a	adult optic lobe intrinsic neuron	
720575941654072305	BANC_888:720575941654072305	BANC888	is_a	adult optic lobe intrinsic neuron	
720575941654072537	BANC_888:720575941654072537	BANC888	is_a	adult Dh44 neuron of pars intercerebralis	
720575941654078449	BANC_888:720575941654078449	BANC888	is_a	columnar neuron T1	
720575941654080529	BANC_888:720575941654080529	BANC888	is_a	adult optic lobe intrinsic neuron	
720575941654082577	BANC_888:720575941654082577	BANC888	is_a	T5d neuron	
720575941654083028	BANC_888:720575941654083028	BANC888	is_a	bristle sensory neuron	
720575941654083284	BANC_888:720575941654083284	BANC888	is_a	adult IN06A093 neuron	
720575941654083569	BANC_888:720575941654083569	BANC888	is_a	visual projection neuron	
720575941654084052	BANC_888:720575941654084052	BANC888	is_a	transmedullary Y neuron TmY4	
720575941654084337	BANC_888:720575941654084337	BANC888	is_a	lamina monopolar neuron L5	
720575941654084369	BANC_888:720575941654084369	BANC888	is_a	adult optic lobe intrinsic neuron	
720575941654084881	BANC_888:720575941654084881	BANC888	is_a	T5c neuron	
720575941654090196	BANC_888:720575941654090196	BANC888	is_a	T4d neuron	
720575941654090737	BANC_888:720575941654090737	BANC888	is_a	adult optic lobe intrinsic neuron	
720575941654093073	BANC_888:720575941654093073	BANC888	is_a	distal medullary amacrine neuron Dm12	
720575941654094833	BANC_888:720575941654094833	BANC888	is_a	adult optic lobe intrinsic neuron	
720575941654096913	BANC_888:720575941654096913	BANC888	is_a	T5b neuron	
720575941654103281	BANC_888:720575941654103281	BANC888	is_a	adult CB1341 neuron	
720575941654105049	BANC_888:720575941654105049	BANC888	is_a	gamma main Kenyon cell	
720575941654105073	BANC_888:720575941654105073	BANC888	is_a	adult optic lobe intrinsic neuron	
720575941654105841	BANC_888:720575941654105841	BANC888	is_a	T5c neuron	
720575941654106641	BANC_888:720575941654106641	BANC888	is_a	T5c neuron	
720575941654107409	BANC_888:720575941654107409	BANC888	is_a	adult optic lobe intrinsic neuron	
720575941654111188	BANC_888:720575941654111188	BANC888	is_a	T5d neuron	
720575941654112241	BANC_888:720575941654112241	BANC888	is_a	adult optic lobe intrinsic neuron	
720575941654112980	BANC_888:720575941654112980	BANC888	is_a	T4d neuron	
720575941654116825	BANC_888:720575941654116825	BANC888	is_a	adult superior lateral protocerebrum neuron 222	
720575941654117849	BANC_888:720575941654117849	BANC888	is_a	adult CB1728 neuron	
720575941654118897	BANC_888:720575941654118897	BANC888	is_a	T5a neuron	
720575941654136281	BANC_888:720575941654136281	BANC888	is_a	mechanosensory neuron of interommatidial bristle	
720575941654136817	BANC_888:720575941654136817	BANC888	is_a	adult lobula intrinsic neuron Li18b	FlyBase:FBrf0262545
720575941654139609	BANC_888:720575941654139609	BANC888	is_a	mechanosensory neuron of interommatidial bristle	
720575941654140121	BANC_888:720575941654140121	BANC888	is_a	adult olfactory receptor neuron Or13a	
720575941654143249	BANC_888:720575941654143249	BANC888	is_a	transmedullary Y neuron TmY3	
720575941654152148	BANC_888:720575941654152148	BANC888	is_a	alpha/beta posterior Kenyon cell	
720575941654152945	BANC_888:720575941654152945	BANC888	is_a	photoreceptor cell R7	
720575941654155225	BANC_888:720575941654155225	BANC888	is_a	adult SNta25 neuron	
720575941654155737	BANC_888:720575941654155737	BANC888	is_a	adult SNta43 neuron	
720575941654156756	BANC_888:720575941654156756	BANC888	is_a	T5d neuron	
720575941654157809	BANC_888:720575941654157809	BANC888	is_a	adult CB2934 neuron	
720575941654161625	BANC_888:720575941654161625	BANC888	is_a	adult SNta19 neuron	
720575941654162644	BANC_888:720575941654162644	BANC888	is_a	T5a neuron	
720575941654163156	BANC_888:720575941654163156	BANC888	is_a	adult SNta42 neuron	
720575941654164436	BANC_888:720575941654164436	BANC888	is_a	T5b neuron	
720575941654164721	BANC_888:720575941654164721	BANC888	is_a	adult superior lateral protocerebrum neuron 300	
720575941654165745	BANC_888:720575941654165745	BANC888	is_a	adult optic lobe intrinsic neuron	
720575941654166489	BANC_888:720575941654166489	BANC888	is_a	sensory neuron	
720575941654167825	BANC_888:720575941654167825	BANC888	is_a	adult optic lobe intrinsic neuron	
720575941654168337	BANC_888:720575941654168337	BANC888	is_a	adult optic lobe intrinsic neuron	
720575941654173425	BANC_888:720575941654173425	BANC888	is_a	adult optic lobe intrinsic neuron	
720575941654175473	BANC_888:720575941654175473	BANC888	is_a	adult optic lobe intrinsic neuron	
720575941654178004	BANC_888:720575941654178004	BANC888	is_a	lobula columnar neuron LC18	
720575941654183124	BANC_888:720575941654183124	BANC888	is_a	T5b neuron	
720575941654184945	BANC_888:720575941654184945	BANC888	is_a	visual projection neuron	
720575941654188017	BANC_888:720575941654188017	BANC888	is_a	adult optic lobe intrinsic neuron	
720575941654188273	BANC_888:720575941654188273	BANC888	is_a	adult clamp neuron 357	
720575941654188529	BANC_888:720575941654188529	BANC888	is_a	visual projection neuron	
720575941654188817	BANC_888:720575941654188817	BANC888	is_a	adult optic lobe intrinsic neuron	
720575941654195417	BANC_888:720575941654195417	BANC888	is_a	gamma dorsal Kenyon cell	
720575941654197972	BANC_888:720575941654197972	BANC888	is_a	T4d neuron	
720575941654198233	BANC_888:720575941654198233	BANC888	is_a	adult sensory neuron	
720575941654201305	BANC_888:720575941654201305	BANC888	is_a	femoral chordotonal club neuron	
720575941654203121	BANC_888:720575941654203121	BANC888	is_a	adult optic lobe intrinsic neuron	
720575941654205425	BANC_888:720575941654205425	BANC888	is_a	adult optic lobe intrinsic neuron	
720575941654206676	BANC_888:720575941654206676	BANC888	is_a	adult olfactory receptor neuron Or59c	
720575941654208241	BANC_888:720575941654208241	BANC888	is_a	T5b neuron	
720575941654210833	BANC_888:720575941654210833	BANC888	is_a	columnar neuron T1	
720575941654215892	BANC_888:720575941654215892	BANC888	is_a	T5b neuron	
720575941654219761	BANC_888:720575941654219761	BANC888	is_a	distal medullary amacrine neuron Dm3c	FlyBase:FBrf0262545
720575941654220561	BANC_888:720575941654220561	BANC888	is_a	adult INXXX188 neuron	
720575941654223377	BANC_888:720575941654223377	BANC888	is_a	Pdf neuron of abdominal neuromere	
720575941654223857	BANC_888:720575941654223857	BANC888	is_a	lobula-lobula plate columnar neuron LLPC2	
720575941654225364	BANC_888:720575941654225364	BANC888	is_a	adult CB1203 neuron	
720575941654225425	BANC_888:720575941654225425	BANC888	is_a	adult IN04B107 neuron	
720575941654225649	BANC_888:720575941654225649	BANC888	is_a	adult optic lobe intrinsic neuron	
720575941654227185	BANC_888:720575941654227185	BANC888	is_a	lamina monopolar neuron L3	
720575941654227412	BANC_888:720575941654227412	BANC888	is_a	adult medulla visual projection neuron MeVP31	FlyBase:FBrf0262545
720575941654233329	BANC_888:720575941654233329	BANC888	is_a	lobula columnar neuron LC4	
720575941654234585	BANC_888:720575941654234585	BANC888	is_a	adult posterior ventrolateral protocerebrum neuron 128	
720575941654234897	BANC_888:720575941654234897	BANC888	is_a	adult SNta23 neuron	
720575941654236401	BANC_888:720575941654236401	BANC888	is_a	adult optic lobe intrinsic neuron	
720575941654236657	BANC_888:720575941654236657	BANC888	is_a	distal medullary amacrine neuron Dm4	
720575941654236913	BANC_888:720575941654236913	BANC888	is_a	centrifugal neuron C3	
720575941654238961	BANC_888:720575941654238961	BANC888	is_a	transmedullary neuron Tm1	
720575941654239217	BANC_888:720575941654239217	BANC888	is_a	lamina monopolar neuron L3	
720575941654239729	BANC_888:720575941654239729	BANC888	is_a	lamina monopolar neuron L2	
720575941654240273	BANC_888:720575941654240273	BANC888	is_a	adult AN07B049 neuron	
720575941654242033	BANC_888:720575941654242033	BANC888	is_a	transmedullary neuron Tm4	
720575941654243569	BANC_888:720575941654243569	BANC888	is_a	adult medulla visual centrifugal neuron MeVC23	FlyBase:FBrf0262545
720575941654244593	BANC_888:720575941654244593	BANC888	is_a	lamina monopolar neuron L2	
720575941654246641	BANC_888:720575941654246641	BANC888	is_a	adult optic lobe intrinsic neuron	
720575941654248721	BANC_888:720575941654248721	BANC888	is_a	adult IN21A049 neuron	
720575941654250001	BANC_888:720575941654250001	BANC888	is_a	lamina monopolar neuron L2	
720575941654250769	BANC_888:720575941654250769	BANC888	is_a	photoreceptor cell R7	
720575941654252761	BANC_888:720575941654252761	BANC888	is_a	adult CB1099 neuron	
720575941654262740	BANC_888:720575941654262740	BANC888	is_a	T4a neuron	
720575941654263569	BANC_888:720575941654263569	BANC888	is_a	lamina monopolar neuron L3	
720575941654273753	BANC_888:720575941654273753	BANC888	is_a	lobula columnar neuron LC18	
720575941654275540	BANC_888:720575941654275540	BANC888	is_a	transmedullary neuron Tm9	
720575941654283220	BANC_888:720575941654283220	BANC888	is_a	T2a neuron	
720575941654284505	BANC_888:720575941654284505	BANC888	is_a	medulla intrinsic neuron Mi4	
720575941654289681	BANC_888:720575941654289681	BANC888	is_a	adult SNxx05 neuron	
720575941654292692	BANC_888:720575941654292692	BANC888	is_a	alpha/beta Kenyon cell	
720575941654300121	BANC_888:720575941654300121	BANC888	is_a	bitter-sensing neuron	
720575941654306265	BANC_888:720575941654306265	BANC888	is_a	transmedullary neuron Tm5Y	FlyBase:FBrf0262545
720575941654308313	BANC_888:720575941654308313	BANC888	is_a	transmedullary Y neuron TmY14	
720575941654314457	BANC_888:720575941654314457	BANC888	is_a	adult CB2911 neuron	
720575941654319833	BANC_888:720575941654319833	BANC888	is_a	adult optic lobe intrinsic neuron	
720575941654320340	BANC_888:720575941654320340	BANC888	is_a	lobula-lobula plate columnar neuron LLPC2	
720575941654326228	BANC_888:720575941654326228	BANC888	is_a	adult SNta21 neuron	
720575941654331353	BANC_888:720575941654331353	BANC888	is_a	transmedullary Y neuron TmY18	FlyBase:FBrf0262545
720575941654337492	BANC_888:720575941654337492	BANC888	is_a	adult optic lobe intrinsic neuron	
720575941654338577	BANC_888:720575941654338577	BANC888	is_a	photoreceptor cell R7	
720575941654341332	BANC_888:720575941654341332	BANC888	is_a	transmedullary neuron Tm2	
720575941654342612	BANC_888:720575941654342612	BANC888	is_a	distal medullary amacrine neuron Dm2	
720575941654343892	BANC_888:720575941654343892	BANC888	is_a	transmedullary neuron Tm1	
720575941654344665	BANC_888:720575941654344665	BANC888	is_a	adult CB2003 neuron	
720575941654347537	BANC_888:720575941654347537	BANC888	is_a	photoreceptor cell R7	
720575941654347988	BANC_888:720575941654347988	BANC888	is_a	medulla intrinsic neuron Mi15	
720575941654348817	BANC_888:720575941654348817	BANC888	is_a	lamina monopolar neuron L4	
720575941654350036	BANC_888:720575941654350036	BANC888	is_a	adult optic lobe intrinsic neuron	
720575941654352401	BANC_888:720575941654352401	BANC888	is_a	photoreceptor cell R8	
720575941654352913	BANC_888:720575941654352913	BANC888	is_a	photoreceptor cell R8	
720575941654361105	BANC_888:720575941654361105	BANC888	is_a	transmedullary Y neuron TmY18	FlyBase:FBrf0262545
720575941654362836	BANC_888:720575941654362836	BANC888	is_a	adult IN06B028 neuron	
720575941654367444	BANC_888:720575941654367444	BANC888	is_a	adult IN06B066 neuron	
720575941654371089	BANC_888:720575941654371089	BANC888	is_a	adult optic lobe intrinsic neuron	
720575941654373137	BANC_888:720575941654373137	BANC888	is_a	adult optic lobe intrinsic neuron	
720575941654374100	BANC_888:720575941654374100	BANC888	is_a	adult IN21A056 neuron	
720575941654374673	BANC_888:720575941654374673	BANC888	is_a	medulla intrinsic neuron Mi1	
720575941654376916	BANC_888:720575941654376916	BANC888	is_a	descending neuron of the gnathal ganglion DNg106	
720575941654383577	BANC_888:720575941654383577	BANC888	is_a	adult posterior lateral protocerebrum neuron 039	
720575941654384596	BANC_888:720575941654384596	BANC888	is_a	adult IN20A.22A009 neuron	
720575941654384857	BANC_888:720575941654384857	BANC888	is_a	transmedullary neuron Tm3	
720575941654389721	BANC_888:720575941654389721	BANC888	is_a	adult CB1478 neuron	
720575941654395097	BANC_888:720575941654395097	BANC888	is_a	adult CB1613 neuron	
720575941654397140	BANC_888:720575941654397140	BANC888	is_a	adult IN01A067 neuron	
720575941654397908	BANC_888:720575941654397908	BANC888	is_a	adult SNta42 neuron	
720575941654403601	BANC_888:720575941654403601	BANC888	is_a	transmedullary neuron Tm9	
720575941654404625	BANC_888:720575941654404625	BANC888	is_a	lamina monopolar neuron L1	
720575941654405076	BANC_888:720575941654405076	BANC888	is_a	adult AN05B062 neuron	
720575941654407636	BANC_888:720575941654407636	BANC888	is_a	adult IN14A099 neuron	
720575941654408404	BANC_888:720575941654408404	BANC888	is_a	adult IN12B075 neuron	
720575941654421209	BANC_888:720575941654421209	BANC888	is_a	adult optic lobe intrinsic neuron	
720575941654430225	BANC_888:720575941654430225	BANC888	is_a	lamina monopolar neuron L4	
720575941654433297	BANC_888:720575941654433297	BANC888	is_a	adult optic lobe intrinsic neuron	
720575941654441433	BANC_888:720575941654441433	BANC888	is_a	adult olfactory receptor neuron Ir41a	
720575941654449625	BANC_888:720575941654449625	BANC888	is_a	adult CB0075 neuron	
720575941654450644	BANC_888:720575941654450644	BANC888	is_a	adult optic lobe intrinsic neuron	
720575941654460889	BANC_888:720575941654460889	BANC888	is_a	T2 neuron	
720575941654470673	BANC_888:720575941654470673	BANC888	is_a	lamina monopolar neuron L1	
720575941654472409	BANC_888:720575941654472409	BANC888	is_a	adult SNta37 neuron	
720575941654477017	BANC_888:720575941654477017	BANC888	is_a	adult olfactory receptor neuron Ir64a DC4	
720575941654479577	BANC_888:720575941654479577	BANC888	is_a	adult optic lobe intrinsic neuron	
720575941654489617	BANC_888:720575941654489617	BANC888	is_a	medulla intrinsic neuron Mi2	
720575941654495956	BANC_888:720575941654495956	BANC888	is_a	adult Kenyon cell	
720575941654497809	BANC_888:720575941654497809	BANC888	is_a	adult lobula plate tangential neuron LPT29	
720575941654498009	BANC_888:720575941654498009	BANC888	is_a	protocerebral bridge 1 glomerulus-fan-shaped body-nodulus 3 posterior domain neuron	
720575941654502105	BANC_888:720575941654502105	BANC888	is_a	adult olfactory receptor neuron Or92a	
720575941654504977	BANC_888:720575941654504977	BANC888	is_a	adult optic lobe intrinsic neuron	
720575941654505433	BANC_888:720575941654505433	BANC888	is_a	Y neuron Y3	
720575941654505689	BANC_888:720575941654505689	BANC888	is_a	adult olfactory receptor neuron Ir75d	
720575941654508561	BANC_888:720575941654508561	BANC888	is_a	metathoracic leg taste bristle chemosensory neuron	
720575941654513937	BANC_888:720575941654513937	BANC888	is_a	adult CB1928 neuron	
720575941654514193	BANC_888:720575941654514193	BANC888	is_a	gamma main Kenyon cell	
720575941654514961	BANC_888:720575941654514961	BANC888	is_a	adult CB3606 neuron	
720575941654515161	BANC_888:720575941654515161	BANC888	is_a	transmedullary Y neuron TmY10	
720575941654515673	BANC_888:720575941654515673	BANC888	is_a	adult CB1784 neuron	
720575941654516753	BANC_888:720575941654516753	BANC888	is_a	adult fan-shaped body layer 7 neuron of DALcl2 lineage	FlyBase:FBrf0257023
720575941654521049	BANC_888:720575941654521049	BANC888	is_a	transmedullary neuron Tm6	FlyBase:FBrf0262545
720575941654521873	BANC_888:720575941654521873	BANC888	is_a	lamina monopolar neuron L4	
720575941654523665	BANC_888:720575941654523665	BANC888	is_a	adult CB1102 neuron	
720575941654524121	BANC_888:720575941654524121	BANC888	is_a	transmedullary neuron Tm1	
720575941654525396	BANC_888:720575941654525396	BANC888	is_a	gustatory receptor neuron of the wing	
720575941654527761	BANC_888:720575941654527761	BANC888	is_a	adult fan-shaped body layer 6 neuron of DM6 lineage	
720575941654528017	BANC_888:720575941654528017	BANC888	is_a	adult CB3694 neuron	
720575941654528273	BANC_888:720575941654528273	BANC888	is_a	adult CB2956 neuron	
720575941654528468	BANC_888:720575941654528468	BANC888	is_a	adult SNxx02 neuron	
720575941654532881	BANC_888:720575941654532881	BANC888	is_a	adult CB2952 neuron	
720575941654533393	BANC_888:720575941654533393	BANC888	is_a	adult superior medial protocerebrum neuron 081	
720575941654534673	BANC_888:720575941654534673	BANC888	is_a	adult anterior ventrolateral protocerebrum neuron 077	
720575941654536153	BANC_888:720575941654536153	BANC888	is_a	transmedullary neuron Tm33	FlyBase:FBrf0262545
720575941654538769	BANC_888:720575941654538769	BANC888	is_a	adult lateral horn PV5e1 neuron	
720575941654539225	BANC_888:720575941654539225	BANC888	is_a	adult lateral horn PV5b3 neuron	
720575941654539732	BANC_888:720575941654539732	BANC888	is_a	adult IN04B096 neuron	
720575941654539793	BANC_888:720575941654539793	BANC888	is_a	adult CB2449 neuron	
720575941654540305	BANC_888:720575941654540305	BANC888	is_a	adult CB0687 neuron	
720575941654541780	BANC_888:720575941654541780	BANC888	is_a	adult IN12A007 neuron	
720575941654544145	BANC_888:720575941654544145	BANC888	is_a	adult superior medial protocerebrum neuron 421	
720575941654545425	BANC_888:720575941654545425	BANC888	is_a	adult wedge neuron 012	
720575941654546705	BANC_888:720575941654546705	BANC888	is_a	adult CB3413 neuron	
720575941654547729	BANC_888:720575941654547729	BANC888	is_a	adult superior medial protocerebrum neuron 387	
720575941654552081	BANC_888:720575941654552081	BANC888	is_a	adult anterior ventrolateral protocerebrum neuron 420	
720575941654557201	BANC_888:720575941654557201	BANC888	is_a	adult anterior ventrolateral protocerebrum neuron 448	
720575941654557401	BANC_888:720575941654557401	BANC888	is_a	alpha/beta Kenyon cell	
720575941654557969	BANC_888:720575941654557969	BANC888	is_a	adult AN05B081 neuron	
720575941654563601	BANC_888:720575941654563601	BANC888	is_a	lobula columnar neuron LC6	
720575941654565649	BANC_888:720575941654565649	BANC888	is_a	adult CB2793 neuron	
720575941654566873	BANC_888:720575941654566873	BANC888	is_a	transmedullary neuron Tm3	
720575941654572049	BANC_888:720575941654572049	BANC888	is_a	adult CB0738 neuron	
720575941654575833	BANC_888:720575941654575833	BANC888	is_a	adult central medulla intrinsic neuron Cm6	FlyBase:FBrf0262545
720575941654576145	BANC_888:720575941654576145	BANC888	is_a	adult CB3865 neuron	
720575941654578449	BANC_888:720575941654578449	BANC888	is_a	adult fan-shaped body vertical delta neuron	
720575941654578961	BANC_888:720575941654578961	BANC888	is_a	adult CB2921 neuron	
720575941654582033	BANC_888:720575941654582033	BANC888	is_a	adult CB0969 neuron	
720575941654585044	BANC_888:720575941654585044	BANC888	is_a	adult IN04B022 neuron	
720575941654586073	BANC_888:720575941654586073	BANC888	is_a	lobula columnar neuron LC4	
720575941654591188	BANC_888:720575941654591188	BANC888	is_a	adult CB3632 neuron	
720575941654592785	BANC_888:720575941654592785	BANC888	is_a	adult lateral accessory lobe neuron 133	
720575941654592985	BANC_888:720575941654592985	BANC888	is_a	adult IN11B001 neuron	
720575941654594009	BANC_888:720575941654594009	BANC888	is_a	adult posterior slope neuron 118	
720575941654594065	BANC_888:720575941654594065	BANC888	is_a	adult superior lateral protocerebrum neuron 016	
720575941654594321	BANC_888:720575941654594321	BANC888	is_a	adult fan-shaped body vertical delta neuron	FlyBase:FBrf0246888
720575941654596369	BANC_888:720575941654596369	BANC888	is_a	lobula-lobula plate columnar neuron LLPC1	
720575941654599124	BANC_888:720575941654599124	BANC888	is_a	gamma main Kenyon cell	
720575941654599441	BANC_888:720575941654599441	BANC888	is_a	dopaminergic PAM neuron 8	
720575941654605785	BANC_888:720575941654605785	BANC888	is_a	columnar neuron T1	
720575941654610961	BANC_888:720575941654610961	BANC888	is_a	adult optic lobe intrinsic neuron	
720575941654611161	BANC_888:720575941654611161	BANC888	is_a	medulla intrinsic neuron Mi13	
720575941654611417	BANC_888:720575941654611417	BANC888	is_a	gamma main Kenyon cell	
720575941654613209	BANC_888:720575941654613209	BANC888	is_a	adult wedge neuron 002	
720575941654613465	BANC_888:720575941654613465	BANC888	is_a	adult fan-shaped body layer 4 tangential neuron	FlyBase:FBrf0246888
720575941654617049	BANC_888:720575941654617049	BANC888	is_a	alpha/beta Kenyon cell	
720575941654617873	BANC_888:720575941654617873	BANC888	is_a	lobula columnar neuron LC17	
720575941654623188	BANC_888:720575941654623188	BANC888	is_a	adult CB2664 neuron	
720575941654625497	BANC_888:720575941654625497	BANC888	is_a	mechanosensory neuron of interommatidial bristle	
720575941654629081	BANC_888:720575941654629081	BANC888	is_a	adult optic lobe intrinsic neuron	
720575941654630105	BANC_888:720575941654630105	BANC888	is_a	adult optic lobe intrinsic neuron	
720575941654630417	BANC_888:720575941654630417	BANC888	is_a	lamina monopolar neuron L5	
720575941654633689	BANC_888:720575941654633689	BANC888	is_a	columnar neuron T1	
720575941654636049	BANC_888:720575941654636049	BANC888	is_a	adult optic lobe intrinsic neuron	
720575941654637841	BANC_888:720575941654637841	BANC888	is_a	transmedullary neuron Tm8	
720575941654638804	BANC_888:720575941654638804	BANC888	is_a	adult SNta24 neuron	
720575941654641681	BANC_888:720575941654641681	BANC888	is_a	translobula plate neuron Tlp4	
720575941654648025	BANC_888:720575941654648025	BANC888	is_a	centrifugal neuron C3	
720575941654648532	BANC_888:720575941654648532	BANC888	is_a	mechanosensory neuron of Wheeler's organ	
720575941654650385	BANC_888:720575941654650385	BANC888	is_a	adult optic lobe intrinsic neuron	
720575941654652121	BANC_888:720575941654652121	BANC888	is_a	columnar neuron T1	
720575941654655700	BANC_888:720575941654655700	BANC888	is_a	labellar taste peg mechanosensory neuron	
720575941654655956	BANC_888:720575941654655956	BANC888	is_a	mechanosensory neuron of interommatidial bristle	
720575941654659796	BANC_888:720575941654659796	BANC888	is_a	adult olfactory receptor neuron Or69a	
720575941654661076	BANC_888:720575941654661076	BANC888	is_a	sensory neuron	
720575941654661332	BANC_888:720575941654661332	BANC888	is_a	adult SNta26 neuron	
720575941654661849	BANC_888:720575941654661849	BANC888	is_a	adult optic lobe intrinsic neuron	
720575941654664660	BANC_888:720575941654664660	BANC888	is_a	mechanosensory neuron of Wheeler's organ	
720575941654667476	BANC_888:720575941654667476	BANC888	is_a	sensory neuron	
720575941654673681	BANC_888:720575941654673681	BANC888	is_a	femoral chordotonal hook neuron	
720575941654675156	BANC_888:720575941654675156	BANC888	is_a	zone C Johnston organ neuron	
720575941654675161	BANC_888:720575941654675161	BANC888	is_a	adult optic lobe intrinsic neuron	
720575941654675417	BANC_888:720575941654675417	BANC888	is_a	adult optic lobe intrinsic neuron	
720575941654676497	BANC_888:720575941654676497	BANC888	is_a	adult optic lobe intrinsic neuron	
720575941654682836	BANC_888:720575941654682836	BANC888	is_a	multiple zone Johnston organ neuron	
720575941654683865	BANC_888:720575941654683865	BANC888	is_a	adult CB1845 neuron	
720575941654685652	BANC_888:720575941654685652	BANC888	is_a	adult olfactory receptor neuron Gr21a/63a	
720575941654687188	BANC_888:720575941654687188	BANC888	is_a	adult AN08B113 neuron	
720575941654689041	BANC_888:720575941654689041	BANC888	is_a	photoreceptor cell R7	
720575941654692052	BANC_888:720575941654692052	BANC888	is_a	adult SNta29 neuron	
720575941654699537	BANC_888:720575941654699537	BANC888	is_a	adult olfactory receptor neuron Or67b	
720575941654701273	BANC_888:720575941654701273	BANC888	is_a	adult CB1928 neuron	
720575941654701780	BANC_888:720575941654701780	BANC888	is_a	adult SNta45 neuron	
720575941654703633	BANC_888:720575941654703633	BANC888	is_a	transmedullary Y neuron TmY18	FlyBase:FBrf0262545
720575941654706388	BANC_888:720575941654706388	BANC888	is_a	adult SNta23 neuron	
720575941654706900	BANC_888:720575941654706900	BANC888	is_a	adult SNta32 neuron	
720575941654710740	BANC_888:720575941654710740	BANC888	is_a	sensory neuron	
720575941654712276	BANC_888:720575941654712276	BANC888	is_a	adult SNta29 neuron	
720575941654713305	BANC_888:720575941654713305	BANC888	is_a	adult fan-shaped body layer 8 neuron of CP2 lineage	FlyBase:FBrf0257023
720575941654714385	BANC_888:720575941654714385	BANC888	is_a	adult optic lobe intrinsic neuron	
720575941654715865	BANC_888:720575941654715865	BANC888	is_a	adult olfactory receptor neuron Or7a	
720575941654716177	BANC_888:720575941654716177	BANC888	is_a	mechanosensory neuron of hair plate	
720575941654716689	BANC_888:720575941654716689	BANC888	is_a	adult optic lobe intrinsic neuron	
720575941654719761	BANC_888:720575941654719761	BANC888	is_a	lobula columnar neuron LC12	
720575941654721753	BANC_888:720575941654721753	BANC888	is_a	photoreceptor cell R7	
720575941654725905	BANC_888:720575941654725905	BANC888	is_a	adult optic lobe intrinsic neuron	
720575941654727441	BANC_888:720575941654727441	BANC888	is_a	lamina monopolar neuron L5	
720575941654735121	BANC_888:720575941654735121	BANC888	is_a	adult CB0246 neuron	
720575941654736657	BANC_888:720575941654736657	BANC888	is_a	bristle sensory neuron	
720575941654742801	BANC_888:720575941654742801	BANC888	is_a	adult optic lobe intrinsic neuron	
720575941654744276	BANC_888:720575941654744276	BANC888	is_a	adult gut-innervating neuron	
720575941654747921	BANC_888:720575941654747921	BANC888	is_a	adult transmedullary Y neuron TmY21	FlyBase:FBrf0262545
720575941654753809	BANC_888:720575941654753809	BANC888	is_a	adult CB1205 neuron	
720575941654756057	BANC_888:720575941654756057	BANC888	is_a	adult optic lobe intrinsic neuron	
720575941654756369	BANC_888:720575941654756369	BANC888	is_a	centrifugal neuron C3	
720575941654759385	BANC_888:720575941654759385	BANC888	is_a	adult optic lobe intrinsic neuron	
720575941654760666	BANC_888:720575941654760666	BANC888	is_a	lamina monopolar neuron L5	
720575941654761489	BANC_888:720575941654761489	BANC888	is_a	adult IN17A079 neuron	
720575941654764817	BANC_888:720575941654764817	BANC888	is_a	adult optic lobe intrinsic neuron	
720575941654768145	BANC_888:720575941654768145	BANC888	is_a	adult optic lobe intrinsic neuron	
720575941654770449	BANC_888:720575941654770449	BANC888	is_a	adult CB3372 neuron	
720575941654772436	BANC_888:720575941654772436	BANC888	is_a	gamma main Kenyon cell	
720575941654772953	BANC_888:720575941654772953	BANC888	is_a	columnar neuron T1	
720575941654774289	BANC_888:720575941654774289	BANC888	is_a	adult posterior slope neuron 143	
720575941654776081	BANC_888:720575941654776081	BANC888	is_a	adult CB1286 neuron	
720575941654779153	BANC_888:720575941654779153	BANC888	is_a	distal medullary amacrine neuron Dm20	
720575941654781201	BANC_888:720575941654781201	BANC888	is_a	adult optic lobe intrinsic neuron	
720575941654782225	BANC_888:720575941654782225	BANC888	is_a	lamina monopolar neuron L5	
720575941654785041	BANC_888:720575941654785041	BANC888	is_a	adult optic lobe intrinsic neuron	
720575941654787033	BANC_888:720575941654787033	BANC888	is_a	adult olfactory receptor neuron Or85b	
720575941654787857	BANC_888:720575941654787857	BANC888	is_a	adult medulla visual projection neuron MeVP3	FlyBase:FBrf0262545
720575941654789393	BANC_888:720575941654789393	BANC888	is_a	adult SNta21 neuron	
720575941654789649	BANC_888:720575941654789649	BANC888	is_a	adult SNta20 neuron	
720575941654791441	BANC_888:720575941654791441	BANC888	is_a	medulla intrinsic neuron Mi15	
720575941654794969	BANC_888:720575941654794969	BANC888	is_a	medulla intrinsic neuron Mi4	
720575941654806740	BANC_888:720575941654806740	BANC888	is_a	adult CB1021 neuron	
720575941654809361	BANC_888:720575941654809361	BANC888	is_a	photoreceptor cell R7	
720575941654811097	BANC_888:720575941654811097	BANC888	is_a	T4b neuron	
720575941654814225	BANC_888:720575941654814225	BANC888	is_a	adult optic lobe intrinsic neuron	
720575941654816724	BANC_888:720575941654816724	BANC888	is_a	adult CB2660 neuron	
720575941654819601	BANC_888:720575941654819601	BANC888	is_a	transmedullary neuron Tm1	
720575941654822361	BANC_888:720575941654822361	BANC888	is_a	mechanosensory neuron of adult head bristle	
720575941654826001	BANC_888:720575941654826001	BANC888	is_a	adult medulla-tubercle neuron 1	
720575941654826513	BANC_888:720575941654826513	BANC888	is_a	adult optic lobe intrinsic neuron	
720575941654826708	BANC_888:720575941654826708	BANC888	is_a	adult CB3007 neuron	
720575941654829585	BANC_888:720575941654829585	BANC888	is_a	centrifugal neuron C3	
720575941654829785	BANC_888:720575941654829785	BANC888	is_a	distal medullary amacrine neuron Dm8b	
720575941654831377	BANC_888:720575941654831377	BANC888	is_a	transmedullary neuron Tm6	FlyBase:FBrf0262545
720575941654832145	BANC_888:720575941654832145	BANC888	is_a	transmedullary neuron Tm9	
720575941654832657	BANC_888:720575941654832657	BANC888	is_a	adult optic lobe intrinsic neuron	
720575941654836441	BANC_888:720575941654836441	BANC888	is_a	columnar neuron T1	
720575941654838289	BANC_888:720575941654838289	BANC888	is_a	adult optic lobe intrinsic neuron	
720575941654839769	BANC_888:720575941654839769	BANC888	is_a	adult lobula intrinsic neuron Li21	FlyBase:FBrf0262545
720575941654842385	BANC_888:720575941654842385	BANC888	is_a	accessory medulla neuron aMe3	
720575941654847249	BANC_888:720575941654847249	BANC888	is_a	adult optic lobe intrinsic neuron	
720575941654847761	BANC_888:720575941654847761	BANC888	is_a	adult optic lobe intrinsic neuron	
720575941654852625	BANC_888:720575941654852625	BANC888	is_a	dopaminergic PAM neuron 6	
720575941654852881	BANC_888:720575941654852881	BANC888	is_a	dopaminergic PAM neuron 1	
720575941654854868	BANC_888:720575941654854868	BANC888	is_a	alpha/beta Kenyon cell	
720575941654856977	BANC_888:720575941654856977	BANC888	is_a	adult optic lobe intrinsic neuron	
720575941654859025	BANC_888:720575941654859025	BANC888	is_a	adult optic lobe intrinsic neuron	
720575941654860049	BANC_888:720575941654860049	BANC888	is_a	adult medulla-lobula neuron MeLo10	FlyBase:FBrf0262545
720575941654863060	BANC_888:720575941654863060	BANC888	is_a	adult central brain intrinsic neuron	
720575941654863828	BANC_888:720575941654863828	BANC888	is_a	adult CB2695 neuron	
720575941654865937	BANC_888:720575941654865937	BANC888	is_a	adult optic lobe intrinsic neuron	
720575941654866900	BANC_888:720575941654866900	BANC888	is_a	gustatory receptor neuron of the labellum	
720575941654867473	BANC_888:720575941654867473	BANC888	is_a	adult optic lobe intrinsic neuron	
720575941654875153	BANC_888:720575941654875153	BANC888	is_a	adult optic lobe intrinsic neuron	
720575941654875921	BANC_888:720575941654875921	BANC888	is_a	adult lateral horn AV3k2 neuron	
720575941654880529	BANC_888:720575941654880529	BANC888	is_a	adult IN09A031 neuron	
720575941654883796	BANC_888:720575941654883796	BANC888	is_a	adult optic lobe intrinsic neuron	
720575941654891481	BANC_888:720575941654891481	BANC888	is_a	adult antennal lobe local neuron lLN2	
720575941654892049	BANC_888:720575941654892049	BANC888	is_a	T5d neuron	
720575941654895377	BANC_888:720575941654895377	BANC888	is_a	adult transmedullary Y neuron TmY19b	FlyBase:FBrf0262545
720575941654896145	BANC_888:720575941654896145	BANC888	is_a	mechanosensory neuron of hair plate	
720575941654898649	BANC_888:720575941654898649	BANC888	is_a	photoreceptor cell R7	
720575941654900180	BANC_888:720575941654900180	BANC888	is_a	transmedullary neuron Tm1	
720575941654902289	BANC_888:720575941654902289	BANC888	is_a	distal medullary amacrine neuron Dm1	
720575941654902545	BANC_888:720575941654902545	BANC888	is_a	adult IN13A060 neuron	
720575941654903825	BANC_888:720575941654903825	BANC888	is_a	T2a neuron	
720575941654904593	BANC_888:720575941654904593	BANC888	is_a	centrifugal neuron C2	
720575941654904849	BANC_888:720575941654904849	BANC888	is_a	adult IN16B055 neuron	
720575941654907865	BANC_888:720575941654907865	BANC888	is_a	zone B Johnston organ neuron	
720575941654911505	BANC_888:720575941654911505	BANC888	is_a	adult olfactory receptor neuron Ir75a	
720575941654918105	BANC_888:720575941654918105	BANC888	is_a	T5b neuron	
720575941654919185	BANC_888:720575941654919185	BANC888	is_a	T2a neuron	
720575941654926297	BANC_888:720575941654926297	BANC888	is_a	adult lateral horn PV5b3 neuron	
720575941654927065	BANC_888:720575941654927065	BANC888	is_a	distal medullary amacrine neuron Dm3a	FlyBase:FBrf0262545
720575941654930961	BANC_888:720575941654930961	BANC888	is_a	adult SNta29 neuron	
720575941654934289	BANC_888:720575941654934289	BANC888	is_a	adult olfactory receptor neuron Or88a	
720575941654939865	BANC_888:720575941654939865	BANC888	is_a	adult IN05B019 neuron	
720575941654940945	BANC_888:720575941654940945	BANC888	is_a	distal medullary amacrine neuron Dm3b	FlyBase:FBrf0262545
720575941654941913	BANC_888:720575941654941913	BANC888	is_a	adult IN16B042 neuron	
720575941654942993	BANC_888:720575941654942993	BANC888	is_a	lamina monopolar neuron L1	
720575941654945553	BANC_888:720575941654945553	BANC888	is_a	adult optic lobe intrinsic neuron	
720575941654951385	BANC_888:720575941654951385	BANC888	is_a	adult IN14A058 neuron	
720575941654951897	BANC_888:720575941654951897	BANC888	is_a	adult IN02A029 neuron	
720575941654953684	BANC_888:720575941654953684	BANC888	is_a	transmedullary neuron Tm9	
720575941654957585	BANC_888:720575941654957585	BANC888	is_a	adult optic lobe intrinsic neuron	
720575941654960601	BANC_888:720575941654960601	BANC888	is_a	adult IN17A085 neuron	
720575941654960852	BANC_888:720575941654960852	BANC888	is_a	adult CB1379 neuron	
720575941654961169	BANC_888:720575941654961169	BANC888	is_a	medulla intrinsic neuron Mi1	
720575941654961625	BANC_888:720575941654961625	BANC888	is_a	zone B Johnston organ neuron	
720575941654961681	BANC_888:720575941654961681	BANC888	is_a	adult optic lobe intrinsic neuron	
720575941654962193	BANC_888:720575941654962193	BANC888	is_a	adult optic lobe intrinsic neuron	
720575941654964692	BANC_888:720575941654964692	BANC888	is_a	adult posterior ventrolateral protocerebrum neuron 020	
720575941654964697	BANC_888:720575941654964697	BANC888	is_a	adult IN20A.22A037 neuron	
720575941654967257	BANC_888:720575941654967257	BANC888	is_a	adult IN18B018 neuron	
720575941654968532	BANC_888:720575941654968532	BANC888	is_a	adult ellipsoid body-protocerebral bridge 1 glomerulus-dorsal/ventral gall neuron	
720575941654974169	BANC_888:720575941654974169	BANC888	is_a	adult AN01A049 neuron	
720575941654976468	BANC_888:720575941654976468	BANC888	is_a	visual projection neuron	
720575941654976985	BANC_888:720575941654976985	BANC888	is_a	adult INXXX197 neuron	
720575941654978777	BANC_888:720575941654978777	BANC888	is_a	adult VNC neuron	
720575941654980113	BANC_888:720575941654980113	BANC888	is_a	adult optic lobe intrinsic neuron	
720575941654980569	BANC_888:720575941654980569	BANC888	is_a	adult IN11A003 neuron	
720575941654984404	BANC_888:720575941654984404	BANC888	is_a	lobula intrinsic neuron Li14	FlyBase:FBrf0262545
720575941654985945	BANC_888:720575941654985945	BANC888	is_a	adult IN03A003 neuron	
720575941654986257	BANC_888:720575941654986257	BANC888	is_a	adult lobula intrinsic neuron Li21	FlyBase:FBrf0262545
720575941654986452	BANC_888:720575941654986452	BANC888	is_a	adult optic lobe intrinsic neuron	
720575941654986969	BANC_888:720575941654986969	BANC888	is_a	adult IN07B022 neuron	
720575941654989017	BANC_888:720575941654989017	BANC888	is_a	adult IN09A031 neuron	
720575941654993625	BANC_888:720575941654993625	BANC888	is_a	adult INXXX352 neuron	
720575941654995673	BANC_888:720575941654995673	BANC888	is_a	adult IN23B009 neuron	
720575941654997521	BANC_888:720575941654997521	BANC888	is_a	distal medullary amacrine neuron Dm2	
720575941655000337	BANC_888:720575941655000337	BANC888	is_a	adult optic lobe intrinsic neuron	
720575941655003353	BANC_888:720575941655003353	BANC888	is_a	adult optic lobe intrinsic neuron	
720575941655003409	BANC_888:720575941655003409	BANC888	is_a	adult optic lobe intrinsic neuron	
720575941655008724	BANC_888:720575941655008724	BANC888	is_a	medulla intrinsic neuron Mi13	
720575941655015385	BANC_888:720575941655015385	BANC888	is_a	adult SNch10 neuron	
720575941655018513	BANC_888:720575941655018513	BANC888	is_a	adult lobula tangential neuron LT70	
720575941655019732	BANC_888:720575941655019732	BANC888	is_a	vLH-CA neuron of the dopaminergic PPL2ab cluster	
720575941655029716	BANC_888:720575941655029716	BANC888	is_a	transmedullary neuron Tm9	
720575941655030484	BANC_888:720575941655030484	BANC888	is_a	adult CB1473 neuron	
720575941655030801	BANC_888:720575941655030801	BANC888	is_a	lamina monopolar neuron L1	
720575941655035153	BANC_888:720575941655035153	BANC888	is_a	adult optic lobe intrinsic neuron	
720575941655039705	BANC_888:720575941655039705	BANC888	is_a	adult CB0850 neuron	
720575941655041748	BANC_888:720575941655041748	BANC888	is_a	transmedullary neuron Tm3	
720575941655051281	BANC_888:720575941655051281	BANC888	is_a	adult optic lobe intrinsic neuron	
720575941655053585	BANC_888:720575941655053585	BANC888	is_a	adult optic lobe intrinsic neuron	
720575941655056084	BANC_888:720575941655056084	BANC888	is_a	T5c neuron	
720575941655059217	BANC_888:720575941655059217	BANC888	is_a	adult olfactory receptor neuron Or85a	
720575941655061977	BANC_888:720575941655061977	BANC888	is_a	adult CB2145 neuron	
720575941655065361	BANC_888:720575941655065361	BANC888	is_a	adult optic lobe intrinsic neuron	
720575941655067153	BANC_888:720575941655067153	BANC888	is_a	adult optic lobe intrinsic neuron	
720575941655070681	BANC_888:720575941655070681	BANC888	is_a	lobula columnar neuron LC11	
720575941655070737	BANC_888:720575941655070737	BANC888	is_a	zone E Johnston organ neuron	
720575941655071249	BANC_888:720575941655071249	BANC888	is_a	adult olfactory receptor neuron Ir75a	
720575941655078161	BANC_888:720575941655078161	BANC888	is_a	adult optic lobe intrinsic neuron	
720575941655084505	BANC_888:720575941655084505	BANC888	is_a	adult fan-shaped body horizontal delta neuron I	
720575941655087633	BANC_888:720575941655087633	BANC888	is_a	adult optic lobe intrinsic neuron	
720575941655088657	BANC_888:720575941655088657	BANC888	is_a	adult optic lobe intrinsic neuron	
720575941655089937	BANC_888:720575941655089937	BANC888	is_a	lamina monopolar neuron L5	
720575941655094289	BANC_888:720575941655094289	BANC888	is_a	distal medullary amacrine neuron Dm10	
720575941655095252	BANC_888:720575941655095252	BANC888	is_a	distal medullary amacrine neuron Dm2	
720575941655096337	BANC_888:720575941655096337	BANC888	is_a	T4a neuron	
720575941655097361	BANC_888:720575941655097361	BANC888	is_a	lamina monopolar neuron L2	
720575941655097617	BANC_888:720575941655097617	BANC888	is_a	adult posterior slope neuron 005	
720575941655105297	BANC_888:720575941655105297	BANC888	is_a	medulla intrinsic neuron Mi15	
720575941655105809	BANC_888:720575941655105809	BANC888	is_a	lamina monopolar neuron L2	
720575941655107540	BANC_888:720575941655107540	BANC888	is_a	adult posterior slope neuron 150	
720575941655113945	BANC_888:720575941655113945	BANC888	is_a	adult lateral horn AV4a1 neuron	
720575941655117012	BANC_888:720575941655117012	BANC888	is_a	descending neuron of the gnathal ganglion DNg11	
720575941655117273	BANC_888:720575941655117273	BANC888	is_a	adult superior intermediate protocerebrum neuron 065	
720575941655120852	BANC_888:720575941655120852	BANC888	is_a	adult olfactory receptor neuron Or85d	
720575941655121937	BANC_888:720575941655121937	BANC888	is_a	adult optic lobe intrinsic neuron	
720575941655122193	BANC_888:720575941655122193	BANC888	is_a	transmedullary Y neuron TmY14	
720575941655122449	BANC_888:720575941655122449	BANC888	is_a	adult optic lobe intrinsic neuron	
720575941655123668	BANC_888:720575941655123668	BANC888	is_a	protocerebral bridge 1 glomerulus-fan-shaped body-nodulus 3 anterior domain neuron	
720575941655126033	BANC_888:720575941655126033	BANC888	is_a	columnar neuron T1	
720575941655126484	BANC_888:720575941655126484	BANC888	is_a	lobula columnar neuron LC25	
720575941655127569	BANC_888:720575941655127569	BANC888	is_a	distal medullary amacrine neuron Dm8b	
720575941655129044	BANC_888:720575941655129044	BANC888	is_a	T5d neuron	
720575941655132945	BANC_888:720575941655132945	BANC888	is_a	transmedullary neuron Tm4	
720575941655135249	BANC_888:720575941655135249	BANC888	is_a	transmedullary neuron Tm2	
720575941655147281	BANC_888:720575941655147281	BANC888	is_a	lobula columnar neuron LC13	
720575941655148249	BANC_888:720575941655148249	BANC888	is_a	gamma main Kenyon cell	
720575941655152401	BANC_888:720575941655152401	BANC888	is_a	columnar neuron T1	
720575941655153681	BANC_888:720575941655153681	BANC888	is_a	adult optic lobe intrinsic neuron	
720575941655154137	BANC_888:720575941655154137	BANC888	is_a	adult CB3035 neuron	
720575941655157209	BANC_888:720575941655157209	BANC888	is_a	adult AN07B071 neuron	
720575941655157265	BANC_888:720575941655157265	BANC888	is_a	lamina monopolar neuron L2	
720575941655162580	BANC_888:720575941655162580	BANC888	is_a	alpha'/beta' anterior-posterior type 1 Kenyon cell	
720575941655163092	BANC_888:720575941655163092	BANC888	is_a	adult CB1350 neuron	
720575941655166225	BANC_888:720575941655166225	BANC888	is_a	adult PNS neuron	
720575941655167188	BANC_888:720575941655167188	BANC888	is_a	adult CB1876 neuron	
720575941655167961	BANC_888:720575941655167961	BANC888	is_a	adult lobula columnar neuron LC43	
720575941655168217	BANC_888:720575941655168217	BANC888	is_a	adult CB2287 neuron	
720575941655171289	BANC_888:720575941655171289	BANC888	is_a	adult CB0254 neuron	
720575941655172052	BANC_888:720575941655172052	BANC888	is_a	adult optic lobe intrinsic neuron	
720575941655172113	BANC_888:720575941655172113	BANC888	is_a	adult optic lobe intrinsic neuron	
720575941655173849	BANC_888:720575941655173849	BANC888	is_a	adult anterior optic tubercle neuron 021	
720575941655176404	BANC_888:720575941655176404	BANC888	is_a	adult lateral accessory lobe neuron 048	
720575941655177489	BANC_888:720575941655177489	BANC888	is_a	adult optic lobe intrinsic neuron	
720575941655178201	BANC_888:720575941655178201	BANC888	is_a	adult CB1554 neuron	
720575941655179537	BANC_888:720575941655179537	BANC888	is_a	adult optic lobe intrinsic neuron	
720575941655180561	BANC_888:720575941655180561	BANC888	is_a	adult optic lobe intrinsic neuron	
720575941655181012	BANC_888:720575941655181012	BANC888	is_a	distal medullary amacrine neuron Dm2	
720575941655183321	BANC_888:720575941655183321	BANC888	is_a	adult superior medial protocerebrum neuron 090	
720575941655183577	BANC_888:720575941655183577	BANC888	is_a	adult CB3272 neuron	
720575941655192788	BANC_888:720575941655192788	BANC888	is_a	femoral chordotonal club neuron	
720575941655194841	BANC_888:720575941655194841	BANC888	is_a	adult inferior bridge neuron 094	
720575941655195865	BANC_888:720575941655195865	BANC888	is_a	adult posterior slope neuron 100	
720575941655195921	BANC_888:720575941655195921	BANC888	is_a	adult optic lobe intrinsic neuron	
720575941655198993	BANC_888:720575941655198993	BANC888	is_a	adult optic lobe intrinsic neuron	
720575941655202265	BANC_888:720575941655202265	BANC888	is_a	adult AN03B009 neuron	
720575941655203289	BANC_888:720575941655203289	BANC888	is_a	adult superior lateral protocerebrum neuron 209	
720575941655203796	BANC_888:720575941655203796	BANC888	is_a	T5c neuron	
720575941655204625	BANC_888:720575941655204625	BANC888	is_a	adult optic lobe intrinsic neuron	
720575941655204881	BANC_888:720575941655204881	BANC888	is_a	adult optic lobe intrinsic neuron	
720575941655207124	BANC_888:720575941655207124	BANC888	is_a	lobula columnar neuron LC16	
720575941655207897	BANC_888:720575941655207897	BANC888	is_a	adult superior medial protocerebrum neuron 507	
720575941655208665	BANC_888:720575941655208665	BANC888	is_a	adult CB2919 neuron	
720575941655210964	BANC_888:720575941655210964	BANC888	is_a	adult optic lobe intrinsic neuron	
720575941655211481	BANC_888:720575941655211481	BANC888	is_a	adult clamp neuron 107	
720575941655212500	BANC_888:720575941655212500	BANC888	is_a	T5a neuron	
720575941655213268	BANC_888:720575941655213268	BANC888	is_a	T5b neuron	
720575941655215633	BANC_888:720575941655215633	BANC888	is_a	adult optic lobe intrinsic neuron	
720575941655216084	BANC_888:720575941655216084	BANC888	is_a	transmedullary neuron Tm20	
720575941655216601	BANC_888:720575941655216601	BANC888	is_a	alpha/beta Kenyon cell	
720575941655221465	BANC_888:720575941655221465	BANC888	is_a	adult CB2129 neuron	
720575941655222033	BANC_888:720575941655222033	BANC888	is_a	adult optic lobe intrinsic neuron	
720575941655222489	BANC_888:720575941655222489	BANC888	is_a	adult CB2037 neuron	
720575941655223257	BANC_888:720575941655223257	BANC888	is_a	adult lateral horn AV6a3 neuron	
720575941655223313	BANC_888:720575941655223313	BANC888	is_a	adult INXXX029 neuron	
720575941655223513	BANC_888:720575941655223513	BANC888	is_a	adult superior lateral protocerebrum neuron 227	
720575941655223769	BANC_888:720575941655223769	BANC888	is_a	adult fan-shaped body layer 5 neuron of DALcl2 lineage	FlyBase:FBrf0257023
720575941655225817	BANC_888:720575941655225817	BANC888	is_a	alpha/beta Kenyon cell	
720575941655232980	BANC_888:720575941655232980	BANC888	is_a	distal medullary amacrine neuron Dm3a	FlyBase:FBrf0262545
720575941655235033	BANC_888:720575941655235033	BANC888	is_a	adult CNS neuron	
720575941655236625	BANC_888:720575941655236625	BANC888	is_a	columnar neuron T1	
720575941655238361	BANC_888:720575941655238361	BANC888	is_a	adult superior medial protocerebrum neuron 411	
720575941655238873	BANC_888:720575941655238873	BANC888	is_a	adult clamp neuron 024	
720575941655241684	BANC_888:720575941655241684	BANC888	is_a	T2a neuron	
720575941655242196	BANC_888:720575941655242196	BANC888	is_a	centrifugal neuron C2	
720575941655243225	BANC_888:720575941655243225	BANC888	is_a	adult olfactory receptor neuron Or47a	
720575941655249425	BANC_888:720575941655249425	BANC888	is_a	transmedullary neuron Tm20	
720575941655249625	BANC_888:720575941655249625	BANC888	is_a	adult optic lobe intrinsic neuron	
720575941655250900	BANC_888:720575941655250900	BANC888	is_a	T2a neuron	
720575941655251156	BANC_888:720575941655251156	BANC888	is_a	T2 neuron	
720575941655251673	BANC_888:720575941655251673	BANC888	is_a	adult optic lobe intrinsic neuron	
720575941655253716	BANC_888:720575941655253716	BANC888	is_a	transmedullary neuron Tm1	
720575941655255508	BANC_888:720575941655255508	BANC888	is_a	centrifugal neuron C2	
720575941655257617	BANC_888:720575941655257617	BANC888	is_a	adult optic lobe intrinsic neuron	
720575941655260177	BANC_888:720575941655260177	BANC888	is_a	lamina monopolar neuron L5	
720575941655266260	BANC_888:720575941655266260	BANC888	is_a	mechanosensory neuron of interommatidial bristle	
720575941655272404	BANC_888:720575941655272404	BANC888	is_a	T2 neuron	
720575941655273745	BANC_888:720575941655273745	BANC888	is_a	adult optic lobe intrinsic neuron	
720575941655275732	BANC_888:720575941655275732	BANC888	is_a	transmedullary Y neuron TmY5a	
720575941655280084	BANC_888:720575941655280084	BANC888	is_a	centrifugal neuron C3	
720575941655280340	BANC_888:720575941655280340	BANC888	is_a	T3 neuron	
720575941655281625	BANC_888:720575941655281625	BANC888	is_a	lamina monopolar neuron L1	
720575941655283156	BANC_888:720575941655283156	BANC888	is_a	medulla intrinsic neuron Mi2	
720575941655283668	BANC_888:720575941655283668	BANC888	is_a	lobula plate-lobula columnar neuron LPLC4	
720575941655284241	BANC_888:720575941655284241	BANC888	is_a	adult medulla visual centrifugal neuron MeVC22	FlyBase:FBrf0262545
720575941655289556	BANC_888:720575941655289556	BANC888	is_a	adult optic lobe intrinsic neuron	
720575941655289617	BANC_888:720575941655289617	BANC888	is_a	distal medullary amacrine neuron Dm4	
720575941655296273	BANC_888:720575941655296273	BANC888	is_a	adult optic lobe intrinsic neuron	
720575941655303897	BANC_888:720575941655303897	BANC888	is_a	adult optic lobe intrinsic neuron	
720575941655306713	BANC_888:720575941655306713	BANC888	is_a	adult optic lobe intrinsic neuron	
720575941655308505	BANC_888:720575941655308505	BANC888	is_a	adult optic lobe intrinsic neuron	
720575941655312401	BANC_888:720575941655312401	BANC888	is_a	adult optic lobe intrinsic neuron	
720575941655312601	BANC_888:720575941655312601	BANC888	is_a	adult optic lobe intrinsic neuron	
720575941655317009	BANC_888:720575941655317009	BANC888	is_a	adult lobula-lobula plate neuron LOLP1	FlyBase:FBrf0262545
720575941655320081	BANC_888:720575941655320081	BANC888	is_a	lobula plate intrinsic neuron LPi3a	FlyBase:FBrf0262545
720575941655321361	BANC_888:720575941655321361	BANC888	is_a	adult optic lobe intrinsic neuron	
720575941655323097	BANC_888:720575941655323097	BANC888	is_a	adult medulla visual projection neuron MeVP50	FlyBase:FBrf0262545
720575941655326420	BANC_888:720575941655326420	BANC888	is_a	lamina monopolar neuron L1	
720575941655329809	BANC_888:720575941655329809	BANC888	is_a	lamina wide-field 1 neuron	
720575941655330772	BANC_888:720575941655330772	BANC888	is_a	adult optic lobe intrinsic neuron	
720575941655332564	BANC_888:720575941655332564	BANC888	is_a	transmedullary Y neuron TmY16	
720575941655334161	BANC_888:720575941655334161	BANC888	is_a	lamina wide-field 1 neuron	
720575941655336916	BANC_888:720575941655336916	BANC888	is_a	T3 neuron	
720575941655338452	BANC_888:720575941655338452	BANC888	is_a	adult optic lobe intrinsic neuron	
720575941655338457	BANC_888:720575941655338457	BANC888	is_a	T5b neuron	
720575941655339793	BANC_888:720575941655339793	BANC888	is_a	T2a neuron	
720575941655344657	BANC_888:720575941655344657	BANC888	is_a	lamina monopolar neuron L2	
720575941655345108	BANC_888:720575941655345108	BANC888	is_a	sensory neuron	
720575941655345169	BANC_888:720575941655345169	BANC888	is_a	proximal medullary amacrine neuron Pm1	FlyBase:FBrf0262545
720575941655346961	BANC_888:720575941655346961	BANC888	is_a	adult lobula intrinsic neuron Li21	FlyBase:FBrf0262545
720575941655350033	BANC_888:720575941655350033	BANC888	is_a	medulla intrinsic neuron Mi4	
720575941655350801	BANC_888:720575941655350801	BANC888	is_a	transmedullary neuron Tm16	
720575941655351825	BANC_888:720575941655351825	BANC888	is_a	centrifugal neuron C3	
720575941655352281	BANC_888:720575941655352281	BANC888	is_a	T2a neuron	
720575941655353044	BANC_888:720575941655353044	BANC888	is_a	transmedullary neuron Tm5a	
720575941655369428	BANC_888:720575941655369428	BANC888	is_a	medulla intrinsic neuron Mi4	
720575941655370196	BANC_888:720575941655370196	BANC888	is_a	T3 neuron	
720575941655370452	BANC_888:720575941655370452	BANC888	is_a	transmedullary neuron Tm4	
720575941655384281	BANC_888:720575941655384281	BANC888	is_a	adult optic lobe intrinsic neuron	
720575941655387604	BANC_888:720575941655387604	BANC888	is_a	transmedullary neuron Tm5c	
720575941655389396	BANC_888:720575941655389396	BANC888	is_a	adult optic lobe intrinsic neuron	
720575941655398105	BANC_888:720575941655398105	BANC888	is_a	adult optic lobe intrinsic neuron	
720575941655403732	BANC_888:720575941655403732	BANC888	is_a	T5d neuron	
720575941655406297	BANC_888:720575941655406297	BANC888	is_a	columnar neuron T1	
720575941655409881	BANC_888:720575941655409881	BANC888	is_a	lamina monopolar neuron L5	
720575941655410649	BANC_888:720575941655410649	BANC888	is_a	lamina monopolar neuron L2	
720575941655411156	BANC_888:720575941655411156	BANC888	is_a	adult optic lobe intrinsic neuron	
720575941655418073	BANC_888:720575941655418073	BANC888	is_a	adult optic lobe intrinsic neuron	
720575941655419860	BANC_888:720575941655419860	BANC888	is_a	lamina monopolar neuron L5	
720575941655420377	BANC_888:720575941655420377	BANC888	is_a	adult optic lobe intrinsic neuron	
720575941655422676	BANC_888:720575941655422676	BANC888	is_a	adult optic lobe intrinsic neuron	
720575941655423193	BANC_888:720575941655423193	BANC888	is_a	adult CB2777 neuron	
720575941655426772	BANC_888:720575941655426772	BANC888	is_a	adult gamma Kenyon cell	
720575941655440857	BANC_888:720575941655440857	BANC888	is_a	medulla intrinsic neuron Mi4	
720575941655444436	BANC_888:720575941655444436	BANC888	is_a	adult CB3019 neuron	
720575941655445721	BANC_888:720575941655445721	BANC888	is_a	T4b neuron	
720575941655448281	BANC_888:720575941655448281	BANC888	is_a	adult optic lobe intrinsic neuron	
720575941655450068	BANC_888:720575941655450068	BANC888	is_a	adult medulla-tubercle neuron of dorsal rim area	
720575941655451604	BANC_888:720575941655451604	BANC888	is_a	adult posterior slope neuron 230	
720575941655452377	BANC_888:720575941655452377	BANC888	is_a	T4b neuron	
720575941655454164	BANC_888:720575941655454164	BANC888	is_a	adult intrinsic protocerebral bridge 18 glomeruli-delta7 neuron	
720575941655455449	BANC_888:720575941655455449	BANC888	is_a	Y neuron Y1	
720575941655455700	BANC_888:720575941655455700	BANC888	is_a	adult fan-shaped body horizontal delta neuron C	
720575941655457492	BANC_888:720575941655457492	BANC888	is_a	adult gamma Kenyon cell	
720575941655467481	BANC_888:720575941655467481	BANC888	is_a	adult optic lobe intrinsic neuron	
720575941655469012	BANC_888:720575941655469012	BANC888	is_a	adult IN04B075 neuron	
720575941655473113	BANC_888:720575941655473113	BANC888	is_a	adult optic lobe intrinsic neuron	
720575941655474137	BANC_888:720575941655474137	BANC888	is_a	lobula columnar neuron LC9	
720575941655476692	BANC_888:720575941655476692	BANC888	is_a	adult IN06A113 neuron	
720575941655477204	BANC_888:720575941655477204	BANC888	is_a	lamina monopolar neuron L5	
720575941655477716	BANC_888:720575941655477716	BANC888	is_a	adult IN06B053 neuron	
720575941655478484	BANC_888:720575941655478484	BANC888	is_a	adult SNta27 neuron	
720575941655483092	BANC_888:720575941655483092	BANC888	is_a	adult AN09B032 neuron	
720575941655486169	BANC_888:720575941655486169	BANC888	is_a	adult optic lobe intrinsic neuron	
720575941655495124	BANC_888:720575941655495124	BANC888	is_a	adult IN14A005 neuron	
720575941655496148	BANC_888:720575941655496148	BANC888	is_a	adult IN12B027 neuron	
720575941655499225	BANC_888:720575941655499225	BANC888	is_a	adult optic lobe intrinsic neuron	
720575941655503828	BANC_888:720575941655503828	BANC888	is_a	adult IN14A002 neuron	
720575941655504084	BANC_888:720575941655504084	BANC888	is_a	adult AN19B014 neuron	
720575941655506644	BANC_888:720575941655506644	BANC888	is_a	adult IN07B006 neuron	
720575941655507161	BANC_888:720575941655507161	BANC888	is_a	adult optic lobe intrinsic neuron	
720575941655514324	BANC_888:720575941655514324	BANC888	is_a	transmedullary neuron Tm3	
720575941655520985	BANC_888:720575941655520985	BANC888	is_a	T5b neuron	
720575941655521753	BANC_888:720575941655521753	BANC888	is_a	medulla intrinsic neuron Mi4	
720575941655523289	BANC_888:720575941655523289	BANC888	is_a	adult optic lobe intrinsic neuron	
720575941655526868	BANC_888:720575941655526868	BANC888	is_a	adult IN16B033 neuron	
720575941655529689	BANC_888:720575941655529689	BANC888	is_a	T3 neuron	
720575941655530964	BANC_888:720575941655530964	BANC888	is_a	adult IN12B007 neuron	
720575941655533529	BANC_888:720575941655533529	BANC888	is_a	sensory neuron	
720575941655534804	BANC_888:720575941655534804	BANC888	is_a	adult AN07B024 neuron	
720575941655539673	BANC_888:720575941655539673	BANC888	is_a	adult optic lobe intrinsic neuron	
720575941655540948	BANC_888:720575941655540948	BANC888	is_a	adult optic lobe intrinsic neuron	
720575941655543257	BANC_888:720575941655543257	BANC888	is_a	medulla intrinsic neuron Mi19	FlyBase:FBrf0262545
720575941655553748	BANC_888:720575941655553748	BANC888	is_a	adult CB2616 neuron	
720575941655555034	BANC_888:720575941655555034	BANC888	is_a	lamina monopolar neuron L5	
720575941655568345	BANC_888:720575941655568345	BANC888	is_a	adult optic lobe intrinsic neuron	
720575941655569369	BANC_888:720575941655569369	BANC888	is_a	lobula plate intrinsic neuron LPi3a	FlyBase:FBrf0262545
720575941655569625	BANC_888:720575941655569625	BANC888	is_a	adult IN19A017 neuron	
720575941655577044	BANC_888:720575941655577044	BANC888	is_a	adult posterior ventrolateral protocerebrum neuron 122	
720575941655584724	BANC_888:720575941655584724	BANC888	is_a	adult CB2834 neuron	
720575941655584980	BANC_888:720575941655584980	BANC888	is_a	adult CB2047 neuron	
720575941655587028	BANC_888:720575941655587028	BANC888	is_a	labellar taste bristle mechanosensory neuron	
720575941655587284	BANC_888:720575941655587284	BANC888	is_a	mechanosensory neuron of interommatidial bristle	
720575941655594708	BANC_888:720575941655594708	BANC888	is_a	sensory neuron of haltere campaniform sensillum	
720575941655597017	BANC_888:720575941655597017	BANC888	is_a	zone F Johnston organ neuron	
720575941655597785	BANC_888:720575941655597785	BANC888	is_a	wing basalar muscle b2 motor neuron	
720575941655599060	BANC_888:720575941655599060	BANC888	is_a	adult wedge neuron 096	
720575941655601364	BANC_888:720575941655601364	BANC888	is_a	adult CB2862 neuron	
720575941655608793	BANC_888:720575941655608793	BANC888	is_a	lamina monopolar neuron L2	
720575941655611097	BANC_888:720575941655611097	BANC888	is_a	photoreceptor cell R7	
720575941655615188	BANC_888:720575941655615188	BANC888	is_a	adult optic lobe intrinsic neuron	
720575941655621081	BANC_888:720575941655621081	BANC888	is_a	lamina monopolar neuron L4	
720575941655622873	BANC_888:720575941655622873	BANC888	is_a	adult optic lobe intrinsic neuron	
720575941655623892	BANC_888:720575941655623892	BANC888	is_a	adult wedge neuron 017	
720575941655627476	BANC_888:720575941655627476	BANC888	is_a	adult anterior optic tubercle neuron 011	
720575941655627988	BANC_888:720575941655627988	BANC888	is_a	lobula columnar neuron LC21	
720575941655632084	BANC_888:720575941655632084	BANC888	is_a	adult CB3148 neuron	
720575941655632340	BANC_888:720575941655632340	BANC888	is_a	lobula columnar neuron LC18	
720575941655633364	BANC_888:720575941655633364	BANC888	is_a	adult CB2877 neuron	
720575941655634900	BANC_888:720575941655634900	BANC888	is_a	adult fan-shaped body layer 7 neuron of DPMpl2 lineage	
720575941655641817	BANC_888:720575941655641817	BANC888	is_a	adult SNpp62 neuron	
720575941655645652	BANC_888:720575941655645652	BANC888	is_a	adult CA-LP neuron	
720575941655646232	BANC_888:720575941655646232	BANC888	is_a	mechanosensory neuron of interommatidial bristle	
720575941655648473	BANC_888:720575941655648473	BANC888	is_a	zone B Johnston organ neuron	
720575941655653849	BANC_888:720575941655653849	BANC888	is_a	lamina monopolar neuron L4	
720575941655658708	BANC_888:720575941655658708	BANC888	is_a	alpha/beta Kenyon cell	
720575941655662292	BANC_888:720575941655662292	BANC888	is_a	adult CB2385 neuron	
720575941655663065	BANC_888:720575941655663065	BANC888	is_a	adult SNta20 neuron	
720575941655664596	BANC_888:720575941655664596	BANC888	is_a	adult AN17B013 neuron	
720575941655665108	BANC_888:720575941655665108	BANC888	is_a	adult AN01B005 neuron	
720575941655669209	BANC_888:720575941655669209	BANC888	is_a	lamina monopolar neuron L2	
720575941655669784	BANC_888:720575941655669784	BANC888	is_a	adult AN19B093 neuron	
720575941655669977	BANC_888:720575941655669977	BANC888	is_a	adult superior lateral protocerebrum neuron 302	
720575941655672025	BANC_888:720575941655672025	BANC888	is_a	lamina monopolar neuron L2	
720575941655673556	BANC_888:720575941655673556	BANC888	is_a	large central-projecting DN3 neuron	
720575941655682516	BANC_888:720575941655682516	BANC888	is_a	protocerebral bridge 1 glomerulus-fan-shaped body-nodulus 3 posterior domain neuron	
720575941655684569	BANC_888:720575941655684569	BANC888	is_a	lamina monopolar neuron L5	
720575941655684825	BANC_888:720575941655684825	BANC888	is_a	lamina monopolar neuron L1	
720575941655685332	BANC_888:720575941655685332	BANC888	is_a	adult lateral horn AV2m1 neuron	
720575941655685849	BANC_888:720575941655685849	BANC888	is_a	lamina monopolar neuron L4	
720575941655687385	BANC_888:720575941655687385	BANC888	is_a	lamina monopolar neuron L2	
720575941655687641	BANC_888:720575941655687641	BANC888	is_a	lamina monopolar neuron L1	
720575941655688153	BANC_888:720575941655688153	BANC888	is_a	photoreceptor cell R7	
720575941655688665	BANC_888:720575941655688665	BANC888	is_a	lamina monopolar neuron L3	
720575941655689945	BANC_888:720575941655689945	BANC888	is_a	lamina monopolar neuron L2	
720575941655690201	BANC_888:720575941655690201	BANC888	is_a	lamina monopolar neuron L1	
720575941655693785	BANC_888:720575941655693785	BANC888	is_a	photoreceptor cell R8	
720575941655694297	BANC_888:720575941655694297	BANC888	is_a	photoreceptor cell R8	
720575941655694553	BANC_888:720575941655694553	BANC888	is_a	distal medullary amacrine neuron Dm11	
720575941655694809	BANC_888:720575941655694809	BANC888	is_a	lamina monopolar neuron L4	
720575941655696089	BANC_888:720575941655696089	BANC888	is_a	lamina monopolar neuron L5	
720575941655701209	BANC_888:720575941655701209	BANC888	is_a	lamina monopolar neuron L1	
720575941655705044	BANC_888:720575941655705044	BANC888	is_a	adult DN1pC neuron	
720575941655705049	BANC_888:720575941655705049	BANC888	is_a	medulla intrinsic neuron Mi1	
720575941655705817	BANC_888:720575941655705817	BANC888	is_a	photoreceptor cell R8	
720575941655715545	BANC_888:720575941655715545	BANC888	is_a	photoreceptor cell R7	
720575941655715801	BANC_888:720575941655715801	BANC888	is_a	centrifugal neuron C2	
720575941655718100	BANC_888:720575941655718100	BANC888	is_a	adult CB0809 neuron	
720575941655718873	BANC_888:720575941655718873	BANC888	is_a	lamina monopolar neuron L4	
720575941655719124	BANC_888:720575941655719124	BANC888	is_a	adult CB2358 neuron	
720575941655725273	BANC_888:720575941655725273	BANC888	is_a	photoreceptor cell R7	
720575941655728340	BANC_888:720575941655728340	BANC888	is_a	adult inferior bridge-superior posterior slope-protocerebral bridge neuron	
720575941655729364	BANC_888:720575941655729364	BANC888	is_a	adult CB0973 neuron	
720575941655733972	BANC_888:720575941655733972	BANC888	is_a	sensory neuron of haltere campaniform sensillum	
720575941655736344	BANC_888:720575941655736344	BANC888	is_a	metathoracic femoral pretarsal depressor muscle motor neuron	
720575941655742937	BANC_888:720575941655742937	BANC888	is_a	T2 neuron	
720575941655743188	BANC_888:720575941655743188	BANC888	is_a	adult CB2458 neuron	
720575941655744212	BANC_888:720575941655744212	BANC888	is_a	adult crepine neuron 059	
720575941655746777	BANC_888:720575941655746777	BANC888	is_a	adult optic lobe intrinsic neuron	
720575941655749076	BANC_888:720575941655749076	BANC888	is_a	adult superior medial protocerebrum neuron 063	
720575941655750356	BANC_888:720575941655750356	BANC888	is_a	adult AN19B049 neuron	
720575941655760345	BANC_888:720575941655760345	BANC888	is_a	T2a neuron	
720575941655762644	BANC_888:720575941655762644	BANC888	is_a	adult optic lobe intrinsic neuron	
720575941655765977	BANC_888:720575941655765977	BANC888	is_a	photoreceptor cell R7	
720575941655771097	BANC_888:720575941655771097	BANC888	is_a	transmedullary Y neuron TmY14	
720575941655772116	BANC_888:720575941655772116	BANC888	is_a	adult CB1459 neuron	
720575941655776724	BANC_888:720575941655776724	BANC888	is_a	labellar taste bristle mechanosensory neuron	
720575941655778777	BANC_888:720575941655778777	BANC888	is_a	adult optic lobe intrinsic neuron	
720575941655779033	BANC_888:720575941655779033	BANC888	is_a	transmedullary Y neuron TmY3	
720575941655779864	BANC_888:720575941655779864	BANC888	is_a	T5c neuron	
720575941655780308	BANC_888:720575941655780308	BANC888	is_a	adult olfactory receptor neuron Gr21a/63a	
720575941655781844	BANC_888:720575941655781844	BANC888	is_a	adult CB1543 neuron	
720575941655784404	BANC_888:720575941655784404	BANC888	is_a	adult olfactory receptor neuron Or82a	
720575941655786969	BANC_888:720575941655786969	BANC888	is_a	photoreceptor cell R8	
720575941655791060	BANC_888:720575941655791060	BANC888	is_a	adult CB2353 neuron	
720575941655791316	BANC_888:720575941655791316	BANC888	is_a	adult olfactory receptor neuron Or65	
720575941655792084	BANC_888:720575941655792084	BANC888	is_a	adult CB2070 neuron	
720575941655793620	BANC_888:720575941655793620	BANC888	is_a	adult posterior lateral protocerebrum neuron 148	
720575941655794644	BANC_888:720575941655794644	BANC888	is_a	accessory medulla neuron aMe15	
720575941655800088	BANC_888:720575941655800088	BANC888	is_a	adult IN13B037 neuron	
720575941655801300	BANC_888:720575941655801300	BANC888	is_a	adult CB0555 neuron	
720575941655801305	BANC_888:720575941655801305	BANC888	is_a	lamina monopolar neuron L4	
720575941655802073	BANC_888:720575941655802073	BANC888	is_a	photoreceptor cell R8	
720575941655805140	BANC_888:720575941655805140	BANC888	is_a	adult anterior ventrolateral protocerebrum neuron 373	
720575941655807188	BANC_888:720575941655807188	BANC888	is_a	adult INXXX035 neuron	
720575941655816660	BANC_888:720575941655816660	BANC888	is_a	adult superior lateral protocerebrum neuron 028	
720575941655816916	BANC_888:720575941655816916	BANC888	is_a	adult CB0963 neuron	
720575941655819476	BANC_888:720575941655819476	BANC888	is_a	adult IN23B065 neuron	
720575941655820244	BANC_888:720575941655820244	BANC888	is_a	descending neuron of the gnathal ganglion DNg21	
720575941655820761	BANC_888:720575941655820761	BANC888	is_a	columnar neuron T1	
720575941655825108	BANC_888:720575941655825108	BANC888	is_a	adult clamp neuron 060	
720575941655827480	BANC_888:720575941655827480	BANC888	is_a	adult IN03B086 neuron	
720575941655827736	BANC_888:720575941655827736	BANC888	is_a	adult IN02A015 neuron	
720575941655831576	BANC_888:720575941655831576	BANC888	is_a	adult IN13B081 neuron	
720575941655837145	BANC_888:720575941655837145	BANC888	is_a	photoreceptor cell R8	
720575941655837401	BANC_888:720575941655837401	BANC888	is_a	adult optic lobe intrinsic neuron	
720575941655843284	BANC_888:720575941655843284	BANC888	is_a	adult optic lobe intrinsic neuron	
720575941655844888	BANC_888:720575941655844888	BANC888	is_a	adult IN08A029 neuron	
720575941655848665	BANC_888:720575941655848665	BANC888	is_a	adult optic lobe intrinsic neuron	
720575941655850708	BANC_888:720575941655850708	BANC888	is_a	adult optic lobe intrinsic neuron	
720575941655855833	BANC_888:720575941655855833	BANC888	is_a	adult optic lobe intrinsic neuron	
720575941655856152	BANC_888:720575941655856152	BANC888	is_a	adult IN12B024 neuron	
720575941655858968	BANC_888:720575941655858968	BANC888	is_a	adult IN08B093 neuron	
720575941655860504	BANC_888:720575941655860504	BANC888	is_a	adult IN03B070 neuron	
720575941655862484	BANC_888:720575941655862484	BANC888	is_a	adult optic lobe intrinsic neuron	
720575941655864088	BANC_888:720575941655864088	BANC888	is_a	adult IN16B101 neuron	
720575941655866392	BANC_888:720575941655866392	BANC888	is_a	adult IN06B021 neuron	
720575941655866648	BANC_888:720575941655866648	BANC888	is_a	adult IN21A063 neuron	
720575941655868440	BANC_888:720575941655868440	BANC888	is_a	adult IN20A.22A036 neuron	
720575941655868696	BANC_888:720575941655868696	BANC888	is_a	adult IN12B053 neuron	
720575941655873304	BANC_888:720575941655873304	BANC888	is_a	adult IN13A060 neuron	
720575941655874328	BANC_888:720575941655874328	BANC888	is_a	adult IN09A085 neuron	
720575941655876632	BANC_888:720575941655876632	BANC888	is_a	adult IN08A036 neuron	
720575941655877337	BANC_888:720575941655877337	BANC888	is_a	transmedullary neuron Tm9	
720575941655877400	BANC_888:720575941655877400	BANC888	is_a	adult IN14B005 neuron	
720575941655880728	BANC_888:720575941655880728	BANC888	is_a	adult IN14A116 neuron	
720575941655882457	BANC_888:720575941655882457	BANC888	is_a	transmedullary neuron Tm5a	
720575941655882713	BANC_888:720575941655882713	BANC888	is_a	transmedullary neuron Tm20	
720575941655882776	BANC_888:720575941655882776	BANC888	is_a	adult IN08A036 neuron	
720575941655883288	BANC_888:720575941655883288	BANC888	is_a	adult IN19A081 neuron	
720575941655883732	BANC_888:720575941655883732	BANC888	is_a	adult optic lobe intrinsic neuron	
720575941655891992	BANC_888:720575941655891992	BANC888	is_a	adult IN01B095 neuron	
720575941655896344	BANC_888:720575941655896344	BANC888	is_a	adult IN20A.22A051 neuron	
720575941655898580	BANC_888:720575941655898580	BANC888	is_a	centrifugal neuron C2	
720575941655899092	BANC_888:720575941655899092	BANC888	is_a	adult optic lobe intrinsic neuron	
720575941655906265	BANC_888:720575941655906265	BANC888	is_a	lobula intrinsic neuron Li14	FlyBase:FBrf0262545
720575941655911897	BANC_888:720575941655911897	BANC888	is_a	adult optic lobe intrinsic neuron	
720575941655916824	BANC_888:720575941655916824	BANC888	is_a	adult SNch05 neuron	
720575941655917273	BANC_888:720575941655917273	BANC888	is_a	adult optic lobe intrinsic neuron	
720575941655918292	BANC_888:720575941655918292	BANC888	is_a	medulla intrinsic neuron Mi15	
720575941655924697	BANC_888:720575941655924697	BANC888	is_a	lamina monopolar neuron L4	
720575941655926489	BANC_888:720575941655926489	BANC888	is_a	adult inferior bridge neuron 023	
720575941655927001	BANC_888:720575941655927001	BANC888	is_a	adult CB0463 neuron	
720575941655928281	BANC_888:720575941655928281	BANC888	is_a	adult superior medial protocerebrum neuron 163	
720575941655932377	BANC_888:720575941655932377	BANC888	is_a	alpha/beta Kenyon cell	
720575941655936729	BANC_888:720575941655936729	BANC888	is_a	adult clamp neuron 166	
720575941655938521	BANC_888:720575941655938521	BANC888	is_a	alpha/beta Kenyon cell	
720575941655940825	BANC_888:720575941655940825	BANC888	is_a	adult clamp neuron 090	
720575941655941849	BANC_888:720575941655941849	BANC888	is_a	adult CB1131 neuron	
720575941655948505	BANC_888:720575941655948505	BANC888	is_a	adult fan-shaped body 1 column-crepine neuron	FlyBase:FBrf0246888
720575941655949529	BANC_888:720575941655949529	BANC888	is_a	adult clamp neuron 266	
720575941655949780	BANC_888:720575941655949780	BANC888	is_a	lobula columnar neuron LC10a	
720575941655950297	BANC_888:720575941655950297	BANC888	is_a	adult lateral accessory lobe neuron 094	
720575941655950553	BANC_888:720575941655950553	BANC888	is_a	adult anterior ventrolateral protocerebrum neuron 027	
720575941655950809	BANC_888:720575941655950809	BANC888	is_a	adult CB2342 neuron	
720575941655951833	BANC_888:720575941655951833	BANC888	is_a	adult CB2460 neuron	
720575941655952340	BANC_888:720575941655952340	BANC888	is_a	adult AN05B063 neuron	
720575941655952857	BANC_888:720575941655952857	BANC888	is_a	adult lateral horn PV4a9 neuron	
720575941655955161	BANC_888:720575941655955161	BANC888	is_a	adult CB1056 neuron	
720575941655957721	BANC_888:720575941655957721	BANC888	is_a	adult fan-shaped body vertical delta neuron	
720575941655958740	BANC_888:720575941655958740	BANC888	is_a	adult CB2758 neuron	
720575941655958745	BANC_888:720575941655958745	BANC888	is_a	adult CB3287 neuron	
720575941655962329	BANC_888:720575941655962329	BANC888	is_a	adult CB1309 neuron	
720575941655964889	BANC_888:720575941655964889	BANC888	is_a	adult CB1185 neuron	
720575941655965652	BANC_888:720575941655965652	BANC888	is_a	mechanosensory neuron of interommatidial bristle	
720575941655966488	BANC_888:720575941655966488	BANC888	is_a	adult CB1008 neuron	
720575941655967188	BANC_888:720575941655967188	BANC888	is_a	adult CB2657 neuron	
720575941655968985	BANC_888:720575941655968985	BANC888	is_a	adult anterior ventrolateral protocerebrum neuron 094	
720575941655975129	BANC_888:720575941655975129	BANC888	is_a	adult superior medial protocerebrum neuron 008	
720575941655978201	BANC_888:720575941655978201	BANC888	is_a	protocerebral bridge 1 glomerulus-fan-shaped body-nodulus 3 posterior domain neuron	
720575941655978969	BANC_888:720575941655978969	BANC888	is_a	adult clamp neuron 006	
720575941655984601	BANC_888:720575941655984601	BANC888	is_a	alpha/beta Kenyon cell	
720575941655984857	BANC_888:720575941655984857	BANC888	is_a	lobula columnar neuron LC20	
720575941655986644	BANC_888:720575941655986644	BANC888	is_a	adult optic lobe intrinsic neuron	
720575941655990489	BANC_888:720575941655990489	BANC888	is_a	adult optic lobe intrinsic neuron	
720575941655993556	BANC_888:720575941655993556	BANC888	is_a	adult olfactory receptor neuron Or85d	
720575941655995160	BANC_888:720575941655995160	BANC888	is_a	adult SNta28 neuron	
720575941656005593	BANC_888:720575941656005593	BANC888	is_a	adult optic lobe intrinsic neuron	
720575941656014297	BANC_888:720575941656014297	BANC888	is_a	T3 neuron	
720575941656014298	BANC_888:720575941656014298	BANC888	is_a	centrifugal neuron C2	
720575941656015833	BANC_888:720575941656015833	BANC888	is_a	adult optic lobe intrinsic neuron	
720575941656016601	BANC_888:720575941656016601	BANC888	is_a	distal medullary amacrine neuron Dm3c	FlyBase:FBrf0262545
720575941656018905	BANC_888:720575941656018905	BANC888	is_a	lamina monopolar neuron L5	
720575941656018968	BANC_888:720575941656018968	BANC888	is_a	adult SNpp20 neuron	
720575941656021784	BANC_888:720575941656021784	BANC888	is_a	adult SNta43 neuron	
720575941656026841	BANC_888:720575941656026841	BANC888	is_a	adult optic lobe intrinsic neuron	
720575941656027609	BANC_888:720575941656027609	BANC888	is_a	adult optic lobe intrinsic neuron	
720575941656032980	BANC_888:720575941656032980	BANC888	is_a	sensory neuron of wing campaniform sensillum	
720575941656042969	BANC_888:720575941656042969	BANC888	is_a	transmedullary neuron Tm2	
720575941656046553	BANC_888:720575941656046553	BANC888	is_a	centrifugal neuron C3	
720575941656048089	BANC_888:720575941656048089	BANC888	is_a	medulla intrinsic neuron Mi9	
720575941656051417	BANC_888:720575941656051417	BANC888	is_a	transmedullary neuron Tm4	
720575941656053460	BANC_888:720575941656053460	BANC888	is_a	adult optic lobe intrinsic neuron	
720575941656056025	BANC_888:720575941656056025	BANC888	is_a	adult optic lobe intrinsic neuron	
720575941656059609	BANC_888:720575941656059609	BANC888	is_a	adult medulla visual projection neuron MeVP15	FlyBase:FBrf0262545
720575941656060121	BANC_888:720575941656060121	BANC888	is_a	adult optic lobe intrinsic neuron	
720575941656064473	BANC_888:720575941656064473	BANC888	is_a	adult optic lobe intrinsic neuron	
720575941656068688	BANC_888:720575941656068688	BANC888	is_a	adult IN16B125 neuron	
720575941656078036	BANC_888:720575941656078036	BANC888	is_a	adult optic lobe intrinsic neuron	
720575941656083673	BANC_888:720575941656083673	BANC888	is_a	distal medullary amacrine neuron Dm9	
720575941656089817	BANC_888:720575941656089817	BANC888	is_a	adult optic lobe intrinsic neuron	
720575941656099033	BANC_888:720575941656099033	BANC888	is_a	adult optic lobe intrinsic neuron	
720575941656100176	BANC_888:720575941656100176	BANC888	is_a	adult IN04B081 neuron	
720575941656101588	BANC_888:720575941656101588	BANC888	is_a	adult optic lobe intrinsic neuron	
720575941656104665	BANC_888:720575941656104665	BANC888	is_a	adult CB3820 neuron	
720575941656105689	BANC_888:720575941656105689	BANC888	is_a	lobula columnar neuron LC30	FlyBase:FBrf0262545
720575941656106457	BANC_888:720575941656106457	BANC888	is_a	mesothoracic leg taste bristle chemosensory neuron	
720575941656107220	BANC_888:720575941656107220	BANC888	is_a	T4a neuron	
720575941656112857	BANC_888:720575941656112857	BANC888	is_a	T3 neuron	
720575941656115161	BANC_888:720575941656115161	BANC888	is_a	adult optic lobe intrinsic neuron	
720575941656115929	BANC_888:720575941656115929	BANC888	is_a	transmedullary neuron Tm24	FlyBase:FBrf0262545
720575941656118233	BANC_888:720575941656118233	BANC888	is_a	adult optic lobe intrinsic neuron	
720575941656119376	BANC_888:720575941656119376	BANC888	is_a	adult SNta09 neuron	
720575941656119513	BANC_888:720575941656119513	BANC888	is_a	distal medullary amacrine neuron Dm2	
720575941656120400	BANC_888:720575941656120400	BANC888	is_a	T2a neuron	
720575941656120537	BANC_888:720575941656120537	BANC888	is_a	T2a neuron	
720575941656121300	BANC_888:720575941656121300	BANC888	is_a	medulla intrinsic neuron Mi9	
720575941656121368	BANC_888:720575941656121368	BANC888	is_a	adult fan-shaped body horizontal delta neuron K	
720575941656124121	BANC_888:720575941656124121	BANC888	is_a	adult CB0379 neuron	
720575941656124633	BANC_888:720575941656124633	BANC888	is_a	adult optic lobe intrinsic neuron	
720575941656124752	BANC_888:720575941656124752	BANC888	is_a	adult VNC neuron	
720575941656125913	BANC_888:720575941656125913	BANC888	is_a	mechanosensory neuron of hair plate	
720575941656126425	BANC_888:720575941656126425	BANC888	is_a	mechanosensory neuron of hair plate	
720575941656129592	BANC_888:720575941656129592	BANC888	is_a	mechanosensory neuron of adult head bristle	
720575941656130840	BANC_888:720575941656130840	BANC888	is_a	adult CB2231 neuron	
720575941656133593	BANC_888:720575941656133593	BANC888	is_a	adult fan-shaped body horizontal delta neuron D	
720575941656134873	BANC_888:720575941656134873	BANC888	is_a	transmedullary neuron Tm1	
720575941656135641	BANC_888:720575941656135641	BANC888	is_a	transmedullary neuron Tm1	
720575941656137552	BANC_888:720575941656137552	BANC888	is_a	adult SNta13 neuron	
720575941656137808	BANC_888:720575941656137808	BANC888	is_a	adult IN12A003 neuron	
720575941656138969	BANC_888:720575941656138969	BANC888	is_a	metathoracic leg taste bristle chemosensory neuron	
720575941656139737	BANC_888:720575941656139737	BANC888	is_a	visual projection neuron	
720575941656140880	BANC_888:720575941656140880	BANC888	is_a	adult IN20A.22A053 neuron	
720575941656142297	BANC_888:720575941656142297	BANC888	is_a	adult posterior ventrolateral protocerebrum neuron 120	
720575941656145113	BANC_888:720575941656145113	BANC888	is_a	T3 neuron	
720575941656145625	BANC_888:720575941656145625	BANC888	is_a	adult optic lobe intrinsic neuron	
720575941656146900	BANC_888:720575941656146900	BANC888	is_a	adult optic lobe intrinsic neuron	
720575941656146905	BANC_888:720575941656146905	BANC888	is_a	adult IN10B012 neuron	
720575941656148560	BANC_888:720575941656148560	BANC888	is_a	adult IN06B080 neuron	
720575941656152025	BANC_888:720575941656152025	BANC888	is_a	adult optic lobe intrinsic neuron	
720575941656154704	BANC_888:720575941656154704	BANC888	is_a	gustatory receptor neuron of the wing	
720575941656157913	BANC_888:720575941656157913	BANC888	is_a	adult optic lobe intrinsic neuron	
720575941656166873	BANC_888:720575941656166873	BANC888	is_a	lobula columnar neuron LC11	
720575941656170201	BANC_888:720575941656170201	BANC888	is_a	adult CB3255 neuron	
720575941656174553	BANC_888:720575941656174553	BANC888	is_a	adult lateral horn AD1a1 neuron	
720575941656188121	BANC_888:720575941656188121	BANC888	is_a	adult optic lobe intrinsic neuron	
720575941656192212	BANC_888:720575941656192212	BANC888	is_a	photoreceptor cell R7	
720575941656194516	BANC_888:720575941656194516	BANC888	is_a	lamina monopolar neuron L3	
720575941656194777	BANC_888:720575941656194777	BANC888	is_a	transmedullary neuron Tm1	
720575941656197081	BANC_888:720575941656197081	BANC888	is_a	transmedullary neuron Tm20	
720575941656198100	BANC_888:720575941656198100	BANC888	is_a	columnar neuron T1	
720575941656198356	BANC_888:720575941656198356	BANC888	is_a	columnar neuron T1	
720575941656199641	BANC_888:720575941656199641	BANC888	is_a	adult optic lobe intrinsic neuron	
720575941656200410	BANC_888:720575941656200410	BANC888	is_a	lamina monopolar neuron L5	
720575941656201177	BANC_888:720575941656201177	BANC888	is_a	proboscis muscle 4 motor neuron	
720575941656203481	BANC_888:720575941656203481	BANC888	is_a	distal medullary amacrine neuron Dm6	
720575941656205904	BANC_888:720575941656205904	BANC888	is_a	adult IN06B056 neuron	
720575941656207833	BANC_888:720575941656207833	BANC888	is_a	medulla intrinsic neuron Mi13	
720575941656208089	BANC_888:720575941656208089	BANC888	is_a	transmedullary Y neuron TmY14	
720575941656210905	BANC_888:720575941656210905	BANC888	is_a	adult optic lobe intrinsic neuron	
720575941656211412	BANC_888:720575941656211412	BANC888	is_a	photoreceptor cell R8	
720575941656213721	BANC_888:720575941656213721	BANC888	is_a	distal medullary amacrine neuron Dm3a	FlyBase:FBrf0262545
720575941656214745	BANC_888:720575941656214745	BANC888	is_a	centrifugal neuron C2	
720575941656217049	BANC_888:720575941656217049	BANC888	is_a	centrifugal neuron C2	
720575941656219216	BANC_888:720575941656219216	BANC888	is_a	adult IN23B086 neuron	
720575941656220121	BANC_888:720575941656220121	BANC888	is_a	transmedullary neuron Tm3	
720575941656223705	BANC_888:720575941656223705	BANC888	is_a	T4c neuron	
720575941656224848	BANC_888:720575941656224848	BANC888	is_a	adult IN07B044 neuron	
720575941656227801	BANC_888:720575941656227801	BANC888	is_a	lobula columnar neuron LC10c	
720575941656228569	BANC_888:720575941656228569	BANC888	is_a	adult optic lobe intrinsic neuron	
720575941656229849	BANC_888:720575941656229849	BANC888	is_a	adult optic lobe intrinsic neuron	
720575941656235225	BANC_888:720575941656235225	BANC888	is_a	zone E Johnston organ neuron	
720575941656236112	BANC_888:720575941656236112	BANC888	is_a	adult IN19B103 neuron	
720575941656237529	BANC_888:720575941656237529	BANC888	is_a	adult optic lobe intrinsic neuron	
720575941656239440	BANC_888:720575941656239440	BANC888	is_a	adult IN12A061 neuron	
720575941656239833	BANC_888:720575941656239833	BANC888	is_a	adult optic lobe intrinsic neuron	
720575941656242900	BANC_888:720575941656242900	BANC888	is_a	transmedullary neuron Tm2	
720575941656245721	BANC_888:720575941656245721	BANC888	is_a	metathoracic leg taste bristle chemosensory neuron	
720575941656247001	BANC_888:720575941656247001	BANC888	is_a	adult optic lobe intrinsic neuron	
720575941656251984	BANC_888:720575941656251984	BANC888	is_a	adult IN12B034 neuron	
720575941656252752	BANC_888:720575941656252752	BANC888	is_a	adult IN11B020 neuron	
720575941656256336	BANC_888:720575941656256336	BANC888	is_a	adult IN14A086 neuron	
720575941656258840	BANC_888:720575941656258840	BANC888	is_a	adult ellipsoid body ring neuron R5	
720575941656262105	BANC_888:720575941656262105	BANC888	is_a	adult optic lobe intrinsic neuron	
720575941656264665	BANC_888:720575941656264665	BANC888	is_a	adult SNta21 neuron	
720575941656266713	BANC_888:720575941656266713	BANC888	is_a	lamina monopolar neuron L1	
720575941656270297	BANC_888:720575941656270297	BANC888	is_a	adult optic lobe intrinsic neuron	
720575941656270672	BANC_888:720575941656270672	BANC888	is_a	adult IN08A029 neuron	
720575941656273108	BANC_888:720575941656273108	BANC888	is_a	adult medulla visual centrifugal neuron MeVC27	FlyBase:FBrf0262545
720575941656273620	BANC_888:720575941656273620	BANC888	is_a	lamina monopolar neuron L2	
720575941656276948	BANC_888:720575941656276948	BANC888	is_a	lamina monopolar neuron L1	
720575941656277072	BANC_888:720575941656277072	BANC888	is_a	adult IN05B089 neuron	
720575941656280788	BANC_888:720575941656280788	BANC888	is_a	photoreceptor cell R8	
720575941656280793	BANC_888:720575941656280793	BANC888	is_a	adult CB1125 neuron	
720575941656281300	BANC_888:720575941656281300	BANC888	is_a	lamina monopolar neuron L5	
720575941656282585	BANC_888:720575941656282585	BANC888	is_a	adult CB3287 neuron	
720575941656282841	BANC_888:720575941656282841	BANC888	is_a	adult posterior ventrolateral protocerebrum neuron 008	
720575941656286164	BANC_888:720575941656286164	BANC888	is_a	photoreceptor cell R7	
720575941656287449	BANC_888:720575941656287449	BANC888	is_a	adult olfactory receptor neuron Ir75d	
720575941656287961	BANC_888:720575941656287961	BANC888	is_a	lamina monopolar neuron L4	
720575941656288985	BANC_888:720575941656288985	BANC888	is_a	adult optic lobe intrinsic neuron	
720575941656289360	BANC_888:720575941656289360	BANC888	is_a	adult IN19A089 neuron	
720575941656290009	BANC_888:720575941656290009	BANC888	is_a	transmedullary neuron Tm3	
720575941656291028	BANC_888:720575941656291028	BANC888	is_a	lamina monopolar neuron L3	
720575941656294361	BANC_888:720575941656294361	BANC888	is_a	T3 neuron	
720575941656294868	BANC_888:720575941656294868	BANC888	is_a	distal medullary amacrine neuron Dm2	
720575941656296148	BANC_888:720575941656296148	BANC888	is_a	medulla intrinsic neuron Mi4	
720575941656296409	BANC_888:720575941656296409	BANC888	is_a	distal medullary amacrine neuron Dm10	
720575941656296660	BANC_888:720575941656296660	BANC888	is_a	lamina monopolar neuron L2	
720575941656297172	BANC_888:720575941656297172	BANC888	is_a	lamina monopolar neuron L4	
720575941656297808	BANC_888:720575941656297808	BANC888	is_a	adult IN08A034 neuron	
720575941656300249	BANC_888:720575941656300249	BANC888	is_a	centrifugal neuron C3	
720575941656302809	BANC_888:720575941656302809	BANC888	is_a	adult optic lobe intrinsic neuron	
720575941656304976	BANC_888:720575941656304976	BANC888	is_a	adult IN21A081 neuron	
720575941656312537	BANC_888:720575941656312537	BANC888	is_a	adult IN20A.22A030 neuron	
720575941656315097	BANC_888:720575941656315097	BANC888	is_a	lamina monopolar neuron L4	
720575941656315353	BANC_888:720575941656315353	BANC888	is_a	adult AN09B030 neuron	
720575941656316628	BANC_888:720575941656316628	BANC888	is_a	medulla intrinsic neuron Mi1	
720575941656317401	BANC_888:720575941656317401	BANC888	is_a	transmedullary neuron Tm1	
720575941656325337	BANC_888:720575941656325337	BANC888	is_a	transmedullary Y neuron TmY20	
720575941656327504	BANC_888:720575941656327504	BANC888	is_a	adult INXXX161 neuron	
720575941656328404	BANC_888:720575941656328404	BANC888	is_a	adult optic lobe intrinsic neuron	
720575941656328409	BANC_888:720575941656328409	BANC888	is_a	adult olfactory receptor neuron Or46aB	
720575941656329040	BANC_888:720575941656329040	BANC888	is_a	adult SNpp42 neuron	
720575941656329945	BANC_888:720575941656329945	BANC888	is_a	adult olfactory receptor neuron Ir64a DC4	
720575941656330713	BANC_888:720575941656330713	BANC888	is_a	adult optic lobe intrinsic neuron	
720575941656331032	BANC_888:720575941656331032	BANC888	is_a	adult CB1038 neuron	
720575941656332112	BANC_888:720575941656332112	BANC888	is_a	adult IN01A065 neuron	
720575941656333012	BANC_888:720575941656333012	BANC888	is_a	lamina monopolar neuron L1	
720575941656336408	BANC_888:720575941656336408	BANC888	is_a	adult lateral accessory lobe neuron 150	
720575941656338649	BANC_888:720575941656338649	BANC888	is_a	T3 neuron	
720575941656339161	BANC_888:720575941656339161	BANC888	is_a	adult optic lobe intrinsic neuron	
720575941656350937	BANC_888:720575941656350937	BANC888	is_a	lamina monopolar neuron L3	
720575941656354896	BANC_888:720575941656354896	BANC888	is_a	mechanosensory neuron of Wheeler's organ	
720575941656362713	BANC_888:720575941656362713	BANC888	is_a	adult optic lobe intrinsic neuron	
720575941656362969	BANC_888:720575941656362969	BANC888	is_a	adult optic lobe intrinsic neuron	
720575941656363732	BANC_888:720575941656363732	BANC888	is_a	photoreceptor cell R8	
720575941656367833	BANC_888:720575941656367833	BANC888	is_a	transmedullary Y neuron TmY18	FlyBase:FBrf0262545
720575941656368340	BANC_888:720575941656368340	BANC888	is_a	lamina monopolar neuron L3	
720575941656372304	BANC_888:720575941656372304	BANC888	is_a	ventral prothoracic nerve intracoxal trochanter levator muscle motor neuron	
720575941656373977	BANC_888:720575941656373977	BANC888	is_a	lamina monopolar neuron L2	
720575941656374096	BANC_888:720575941656374096	BANC888	is_a	protocerebral bridge 1 glomerulus-fan-shaped body-nodulus 3 anterior domain neuron	
720575941656374296	BANC_888:720575941656374296	BANC888	is_a	alpha/beta Kenyon cell	
720575941656379353	BANC_888:720575941656379353	BANC888	is_a	lamina monopolar neuron L2	
720575941656380377	BANC_888:720575941656380377	BANC888	is_a	adult optic lobe intrinsic neuron	
720575941656380496	BANC_888:720575941656380496	BANC888	is_a	adult SNta25 neuron	
720575941656383824	BANC_888:720575941656383824	BANC888	is_a	gustatory receptor neuron of the wing	
720575941656387289	BANC_888:720575941656387289	BANC888	is_a	adult optic lobe intrinsic neuron	
720575941656389200	BANC_888:720575941656389200	BANC888	is_a	adult SNta37 neuron	
720575941656389656	BANC_888:720575941656389656	BANC888	is_a	adult multiglomerular antennal lobe projection neuron type 64 vPN	
720575941656394264	BANC_888:720575941656394264	BANC888	is_a	adult CB3156 neuron	
720575941656396505	BANC_888:720575941656396505	BANC888	is_a	adult CB1861 neuron	
720575941656400857	BANC_888:720575941656400857	BANC888	is_a	adult optic lobe intrinsic neuron	
720575941656404186	BANC_888:720575941656404186	BANC888	is_a	photoreceptor cell R8	
720575941656407608	BANC_888:720575941656407608	BANC888	is_a	labellar taste bristle mechanosensory neuron	
720575941656408020	BANC_888:720575941656408020	BANC888	is_a	adult medulla visual projection neuron MeVP1	FlyBase:FBrf0262545
720575941656410841	BANC_888:720575941656410841	BANC888	is_a	adult medulla visual projection neuron MeVP6	FlyBase:FBrf0262545
720575941656414169	BANC_888:720575941656414169	BANC888	is_a	transmedullary neuron Tm5c	
720575941656414937	BANC_888:720575941656414937	BANC888	is_a	photoreceptor cell R7	
720575941656420057	BANC_888:720575941656420057	BANC888	is_a	distal medullary amacrine neuron Dm3b	FlyBase:FBrf0262545
720575941656420688	BANC_888:720575941656420688	BANC888	is_a	vFB neuron of the dopaminergic PPM3 cluster	
720575941656422105	BANC_888:720575941656422105	BANC888	is_a	adult optic lobe intrinsic neuron	
720575941656425433	BANC_888:720575941656425433	BANC888	is_a	adult optic lobe intrinsic neuron	
720575941656425689	BANC_888:720575941656425689	BANC888	is_a	adult optic lobe intrinsic neuron	
720575941656429273	BANC_888:720575941656429273	BANC888	is_a	accessory medulla neuron aMe9	
720575941656439508	BANC_888:720575941656439508	BANC888	is_a	adult optic lobe intrinsic neuron	
720575941656444377	BANC_888:720575941656444377	BANC888	is_a	lamina monopolar neuron L2	
720575941656447193	BANC_888:720575941656447193	BANC888	is_a	adult medulla visual projection neuron MeVPMe2	FlyBase:FBrf0262545
720575941656456148	BANC_888:720575941656456148	BANC888	is_a	photoreceptor cell R8	
720575941656458196	BANC_888:720575941656458196	BANC888	is_a	zone E Johnston organ neuron	
720575941656458520	BANC_888:720575941656458520	BANC888	is_a	adult anterior optic tubercle neuron 052	
720575941656458964	BANC_888:720575941656458964	BANC888	is_a	adult lateral accessory lobe neuron 122	
720575941656459476	BANC_888:720575941656459476	BANC888	is_a	mechanosensory neuron of interommatidial bristle	
720575941656462809	BANC_888:720575941656462809	BANC888	is_a	adult optic lobe intrinsic neuron	
720575941656466137	BANC_888:720575941656466137	BANC888	is_a	adult optic lobe intrinsic neuron	
720575941656467668	BANC_888:720575941656467668	BANC888	is_a	adult lateral accessory lobe neuron 048	
720575941656468441	BANC_888:720575941656468441	BANC888	is_a	lamina monopolar neuron L1	
720575941656468953	BANC_888:720575941656468953	BANC888	is_a	T4d neuron	
720575941656474836	BANC_888:720575941656474836	BANC888	is_a	adult CB2087 neuron	
720575941656475097	BANC_888:720575941656475097	BANC888	is_a	adult optic lobe intrinsic neuron	
720575941656475353	BANC_888:720575941656475353	BANC888	is_a	T5a neuron	
720575941656475604	BANC_888:720575941656475604	BANC888	is_a	adult CB1640 neuron	
720575941656476889	BANC_888:720575941656476889	BANC888	is_a	columnar neuron T1	
720575941656477140	BANC_888:720575941656477140	BANC888	is_a	lobula columnar neuron LC17	
720575941656480980	BANC_888:720575941656480980	BANC888	is_a	adult lateral horn AV4g1 neuron	
720575941656482777	BANC_888:720575941656482777	BANC888	is_a	adult optic lobe intrinsic neuron	
720575941656488921	BANC_888:720575941656488921	BANC888	is_a	distal medullary amacrine neuron Dm10	
720575941656491225	BANC_888:720575941656491225	BANC888	is_a	lobula columnar neuron LC10a	
720575941656491993	BANC_888:720575941656491993	BANC888	is_a	adult optic lobe intrinsic neuron	
720575941656494553	BANC_888:720575941656494553	BANC888	is_a	T5b neuron	
720575941656495065	BANC_888:720575941656495065	BANC888	is_a	lobula columnar neuron LC12	
720575941656496340	BANC_888:720575941656496340	BANC888	is_a	adult tubercle-bulb neuron 07	
720575941656497108	BANC_888:720575941656497108	BANC888	is_a	adult CB3174 neuron	
720575941656497113	BANC_888:720575941656497113	BANC888	is_a	adult lobula visual centrifugal neuron LoVC26	FlyBase:FBrf0262545
720575941656497625	BANC_888:720575941656497625	BANC888	is_a	adult optic lobe intrinsic neuron	
720575941656498388	BANC_888:720575941656498388	BANC888	is_a	adult IN08B030 neuron	
720575941656500441	BANC_888:720575941656500441	BANC888	is_a	adult optic lobe intrinsic neuron	
720575941656500953	BANC_888:720575941656500953	BANC888	is_a	columnar neuron T1	
720575941656503376	BANC_888:720575941656503376	BANC888	is_a	adult posterior slope neuron 170	
720575941656505044	BANC_888:720575941656505044	BANC888	is_a	adult wedge neuron 144	
720575941656506329	BANC_888:720575941656506329	BANC888	is_a	lobula plate-lobula columnar neuron LPLC1	
720575941656506585	BANC_888:720575941656506585	BANC888	is_a	adult lobula columnar neuron LC40	
720575941656509652	BANC_888:720575941656509652	BANC888	is_a	adult CB0738 neuron	
720575941656511188	BANC_888:720575941656511188	BANC888	is_a	adult SNta37 neuron	
720575941656512724	BANC_888:720575941656512724	BANC888	is_a	adult wedge neuron 023	
720575941656512980	BANC_888:720575941656512980	BANC888	is_a	adult CB0232 neuron	
720575941656514516	BANC_888:720575941656514516	BANC888	is_a	lobula columnar neuron LC24	
720575941656520665	BANC_888:720575941656520665	BANC888	is_a	adult CB3820 neuron	
720575941656521177	BANC_888:720575941656521177	BANC888	is_a	adult optic lobe intrinsic neuron	
720575941656522201	BANC_888:720575941656522201	BANC888	is_a	adult optic lobe intrinsic neuron	
720575941656524500	BANC_888:720575941656524500	BANC888	is_a	lobula-lobula plate columnar neuron LLPC2	
720575941656527060	BANC_888:720575941656527060	BANC888	is_a	proximal medullary amacrine neuron Pm1	FlyBase:FBrf0262545
720575941656527128	BANC_888:720575941656527128	BANC888	is_a	adult IN11B009 neuron	
720575941656528857	BANC_888:720575941656528857	BANC888	is_a	transmedullary neuron Tm16	
720575941656534808	BANC_888:720575941656534808	BANC888	is_a	gamma main Kenyon cell	
720575941656535576	BANC_888:720575941656535576	BANC888	is_a	giant fiber coupled neuron 4	
720575941656539609	BANC_888:720575941656539609	BANC888	is_a	lobula columnar neuron LC27	
720575941656542681	BANC_888:720575941656542681	BANC888	is_a	adult optic lobe intrinsic neuron	
720575941656544729	BANC_888:720575941656544729	BANC888	is_a	adult optic lobe intrinsic neuron	
720575941656545748	BANC_888:720575941656545748	BANC888	is_a	adult CB3866 neuron	
720575941656546521	BANC_888:720575941656546521	BANC888	is_a	adult CNS neuron	
720575941656550105	BANC_888:720575941656550105	BANC888	is_a	adult optic lobe intrinsic neuron	
720575941656557529	BANC_888:720575941656557529	BANC888	is_a	adult ANXXX433 neuron	
720575941656564304	BANC_888:720575941656564304	BANC888	is_a	adult Kenyon cell	
720575941656564504	BANC_888:720575941656564504	BANC888	is_a	adult motor neuron	
720575941656565584	BANC_888:720575941656565584	BANC888	is_a	femoral chordotonal club neuron	
720575941656567001	BANC_888:720575941656567001	BANC888	is_a	adult optic lobe intrinsic neuron	
720575941656576468	BANC_888:720575941656576468	BANC888	is_a	adult optic lobe intrinsic neuron	
720575941656583129	BANC_888:720575941656583129	BANC888	is_a	lamina monopolar neuron L5	
720575941656583892	BANC_888:720575941656583892	BANC888	is_a	T2 neuron	
720575941656590041	BANC_888:720575941656590041	BANC888	is_a	adult optic lobe intrinsic neuron	
720575941656595161	BANC_888:720575941656595161	BANC888	is_a	lamina monopolar neuron L5	
720575941656600020	BANC_888:720575941656600020	BANC888	is_a	adult optic lobe intrinsic neuron	
720575941656622809	BANC_888:720575941656622809	BANC888	is_a	lamina monopolar neuron L2	
720575941656623572	BANC_888:720575941656623572	BANC888	is_a	adult optic lobe intrinsic neuron	
720575941656623577	BANC_888:720575941656623577	BANC888	is_a	lobula columnar neuron LC15	
720575941656623833	BANC_888:720575941656623833	BANC888	is_a	columnar neuron T1	
720575941656624596	BANC_888:720575941656624596	BANC888	is_a	transmedullary Y neuron TmY5a	
720575941656636372	BANC_888:720575941656636372	BANC888	is_a	adult optic lobe intrinsic neuron	
720575941656636377	BANC_888:720575941656636377	BANC888	is_a	adult optic lobe intrinsic neuron	
720575941656638776	BANC_888:720575941656638776	BANC888	is_a	mechanosensory neuron of interommatidial bristle	
720575941656639700	BANC_888:720575941656639700	BANC888	is_a	lamina monopolar neuron L1	
720575941656641753	BANC_888:720575941656641753	BANC888	is_a	adult optic lobe intrinsic neuron	
720575941656643408	BANC_888:720575941656643408	BANC888	is_a	wing margin mechanosensory bristle	
720575941656643801	BANC_888:720575941656643801	BANC888	is_a	columnar neuron T1	
720575941656650457	BANC_888:720575941656650457	BANC888	is_a	adult optic lobe intrinsic neuron	
720575941656654036	BANC_888:720575941656654036	BANC888	is_a	columnar neuron T1	
720575941656654553	BANC_888:720575941656654553	BANC888	is_a	adult optic lobe intrinsic neuron	
720575941656659161	BANC_888:720575941656659161	BANC888	is_a	columnar neuron T1	
720575941656659673	BANC_888:720575941656659673	BANC888	is_a	adult lobula visual projection neuron LoVP67	
720575941656664537	BANC_888:720575941656664537	BANC888	is_a	lamina monopolar neuron L2	
720575941656665812	BANC_888:720575941656665812	BANC888	is_a	photoreceptor cell R8	
720575941656666068	BANC_888:720575941656666068	BANC888	is_a	adult IN07B032 neuron	
720575941656675028	BANC_888:720575941656675028	BANC888	is_a	adult SNta42 neuron	
720575941656675540	BANC_888:720575941656675540	BANC888	is_a	femoral chordotonal club neuron	
720575941656675608	BANC_888:720575941656675608	BANC888	is_a	adult antennal lobe projection neuron VP2+VP5 lvPN	
720575941656678424	BANC_888:720575941656678424	BANC888	is_a	dopaminergic PAM neuron 8	
720575941656679897	BANC_888:720575941656679897	BANC888	is_a	adult lobula intrinsic neuron Li22	FlyBase:FBrf0262545
720575941656680409	BANC_888:720575941656680409	BANC888	is_a	transmedullary neuron Tm4	
720575941656680784	BANC_888:720575941656680784	BANC888	is_a	adult antennal lobe local neuron l2LN19	
720575941656681428	BANC_888:720575941656681428	BANC888	is_a	adult optic lobe intrinsic neuron	
720575941656684756	BANC_888:720575941656684756	BANC888	is_a	lamina monopolar neuron L5	
720575941656687572	BANC_888:720575941656687572	BANC888	is_a	photoreceptor cell R7	
720575941656687833	BANC_888:720575941656687833	BANC888	is_a	transmedullary neuron Tm37	FlyBase:FBrf0262545
720575941656688089	BANC_888:720575941656688089	BANC888	is_a	adult lobula intrinsic neuron Li27	FlyBase:FBrf0262545
720575941656688852	BANC_888:720575941656688852	BANC888	is_a	adult optic lobe intrinsic neuron	
720575941656689108	BANC_888:720575941656689108	BANC888	is_a	adult optic lobe intrinsic neuron	
720575941656691412	BANC_888:720575941656691412	BANC888	is_a	adult IN18B014 neuron	
720575941656693209	BANC_888:720575941656693209	BANC888	is_a	adult lobula tangential neuron LT78	
720575941656696020	BANC_888:720575941656696020	BANC888	is_a	photoreceptor cell R7	
720575941656696532	BANC_888:720575941656696532	BANC888	is_a	adult optic lobe intrinsic neuron	
720575941656697561	BANC_888:720575941656697561	BANC888	is_a	lobula plate-lobula columnar neuron LPLC4	
720575941656698329	BANC_888:720575941656698329	BANC888	is_a	transmedullary neuron Tm9	
720575941656699609	BANC_888:720575941656699609	BANC888	is_a	lamina monopolar neuron L5	
720575941656700884	BANC_888:720575941656700884	BANC888	is_a	centrifugal neuron C3	
720575941656701145	BANC_888:720575941656701145	BANC888	is_a	adult optic lobe intrinsic neuron	
720575941656705492	BANC_888:720575941656705492	BANC888	is_a	proximal medullary amacrine neuron Pm1	FlyBase:FBrf0262545
720575941656705753	BANC_888:720575941656705753	BANC888	is_a	lobula plate intrinsic neuron LPi2e	FlyBase:FBrf0262545
720575941656710361	BANC_888:720575941656710361	BANC888	is_a	transmedullary Y neuron TmY5a	
720575941656710612	BANC_888:720575941656710612	BANC888	is_a	transmedullary neuron Tm6	FlyBase:FBrf0262545
720575941656710736	BANC_888:720575941656710736	BANC888	is_a	descending neuron of the gnathal ganglion DNge091	
720575941656711636	BANC_888:720575941656711636	BANC888	is_a	adult SNch05 neuron	
720575941656711892	BANC_888:720575941656711892	BANC888	is_a	transmedullary neuron Tm2	
720575941656714969	BANC_888:720575941656714969	BANC888	is_a	adult medulla-lobula neuron MeLo14	FlyBase:FBrf0262545
720575941656715737	BANC_888:720575941656715737	BANC888	is_a	Y neuron Y3	
720575941656721432	BANC_888:720575941656721432	BANC888	is_a	adult Kenyon cell	
720575941656722644	BANC_888:720575941656722644	BANC888	is_a	adult optic lobe intrinsic neuron	
720575941656723668	BANC_888:720575941656723668	BANC888	is_a	adult optic lobe intrinsic neuron	
720575941656726484	BANC_888:720575941656726484	BANC888	is_a	adult optic lobe intrinsic neuron	
720575941656728788	BANC_888:720575941656728788	BANC888	is_a	adult CB3538 neuron	
720575941656732121	BANC_888:720575941656732121	BANC888	is_a	medulla columnar neuron MC61	
720575941656732377	BANC_888:720575941656732377	BANC888	is_a	T5d neuron	
720575941656734425	BANC_888:720575941656734425	BANC888	is_a	lobula columnar neuron LC13	
720575941656735449	BANC_888:720575941656735449	BANC888	is_a	T3 neuron	
720575941656735956	BANC_888:720575941656735956	BANC888	is_a	adult CB1851 neuron	
720575941656737236	BANC_888:720575941656737236	BANC888	is_a	distal medullary amacrine neuron Dm2	
720575941656737560	BANC_888:720575941656737560	BANC888	is_a	transmedullary neuron Tm9	
720575941656737753	BANC_888:720575941656737753	BANC888	is_a	transmedullary neuron Tm3	
720575941656743704	BANC_888:720575941656743704	BANC888	is_a	transmedullary neuron Tm20	
720575941656745940	BANC_888:720575941656745940	BANC888	is_a	adult optic lobe intrinsic neuron	
720575941656749336	BANC_888:720575941656749336	BANC888	is_a	distal medullary amacrine neuron Dm6	
720575941656750036	BANC_888:720575941656750036	BANC888	is_a	dopaminergic PAM neuron 1	
720575941656751828	BANC_888:720575941656751828	BANC888	is_a	adult clamp neuron 313	
720575941656756948	BANC_888:720575941656756948	BANC888	is_a	adult CB1328 neuron	
720575941656758608	BANC_888:720575941656758608	BANC888	is_a	adult CB1094 neuron	
720575941656760532	BANC_888:720575941656760532	BANC888	is_a	distal medullary amacrine neuron Dm15	
720575941656762192	BANC_888:720575941656762192	BANC888	is_a	adult CB3575 neuron	
720575941656768792	BANC_888:720575941656768792	BANC888	is_a	T4c neuron	
720575941656778196	BANC_888:720575941656778196	BANC888	is_a	adult optic lobe intrinsic neuron	
720575941656782804	BANC_888:720575941656782804	BANC888	is_a	adult CB3458 neuron	
720575941656783828	BANC_888:720575941656783828	BANC888	is_a	medulla intrinsic neuron Mi1	
720575941656784340	BANC_888:720575941656784340	BANC888	is_a	adult optic lobe intrinsic neuron	
720575941656784596	BANC_888:720575941656784596	BANC888	is_a	lamina monopolar neuron L1	
720575941656784852	BANC_888:720575941656784852	BANC888	is_a	adult optic lobe intrinsic neuron	
720575941656784920	BANC_888:720575941656784920	BANC888	is_a	T5c neuron	
720575941656789460	BANC_888:720575941656789460	BANC888	is_a	adult CB1904 neuron	
720575941656789784	BANC_888:720575941656789784	BANC888	is_a	transmedullary neuron Tm9	
720575941656790040	BANC_888:720575941656790040	BANC888	is_a	T5c neuron	
720575941656790808	BANC_888:720575941656790808	BANC888	is_a	medulla intrinsic neuron Mi9	
720575941656800468	BANC_888:720575941656800468	BANC888	is_a	medulla intrinsic neuron Mi15	
720575941656806100	BANC_888:720575941656806100	BANC888	is_a	T3 neuron	
720575941656806356	BANC_888:720575941656806356	BANC888	is_a	transmedullary neuron Tm4	
720575941656807636	BANC_888:720575941656807636	BANC888	is_a	transmedullary Y neuron TmY3	
720575941656814548	BANC_888:720575941656814548	BANC888	is_a	adult central medulla neuron Cm12	FlyBase:FBrf0262545
720575941656815060	BANC_888:720575941656815060	BANC888	is_a	adult optic lobe intrinsic neuron	
720575941656817876	BANC_888:720575941656817876	BANC888	is_a	distal medullary amacrine neuron Dm3c	FlyBase:FBrf0262545
720575941656824788	BANC_888:720575941656824788	BANC888	is_a	adult optic lobe intrinsic neuron	
720575941656829140	BANC_888:720575941656829140	BANC888	is_a	lobula columnar neuron LC17	
720575941656836820	BANC_888:720575941656836820	BANC888	is_a	transmedullary Y neuron TmY5a	
720575941656844500	BANC_888:720575941656844500	BANC888	is_a	adult optic lobe intrinsic neuron	
720575941656845080	BANC_888:720575941656845080	BANC888	is_a	adult CB1939 neuron	
720575941656845268	BANC_888:720575941656845268	BANC888	is_a	octopaminergic VUMa3 neuron	
720575941656847128	BANC_888:720575941656847128	BANC888	is_a	medulla intrinsic neuron Mi15	
720575941656852948	BANC_888:720575941656852948	BANC888	is_a	lobula columnar neuron LC10b	
720575941656854996	BANC_888:720575941656854996	BANC888	is_a	adult optic lobe intrinsic neuron	
720575941656856788	BANC_888:720575941656856788	BANC888	is_a	adult CB1432 neuron	
720575941656859160	BANC_888:720575941656859160	BANC888	is_a	lobula columnar neuron LC12	
720575941656860372	BANC_888:720575941656860372	BANC888	is_a	adult optic lobe intrinsic neuron	
720575941656863956	BANC_888:720575941656863956	BANC888	is_a	lamina monopolar neuron L2	
720575941656864724	BANC_888:720575941656864724	BANC888	is_a	adult AN05B053 neuron	
720575941656870936	BANC_888:720575941656870936	BANC888	is_a	distal medullary amacrine neuron Dm2	
720575941656872916	BANC_888:720575941656872916	BANC888	is_a	T3 neuron	
720575941656874776	BANC_888:720575941656874776	BANC888	is_a	transmedullary neuron Tm4	
720575941656875732	BANC_888:720575941656875732	BANC888	is_a	T5c neuron	
720575941656879696	BANC_888:720575941656879696	BANC888	is_a	lobula columnar neuron LC12	
720575941656881876	BANC_888:720575941656881876	BANC888	is_a	adult lateral horn AV4g1 neuron	
720575941656882388	BANC_888:720575941656882388	BANC888	is_a	transmedullary neuron Tm7	
720575941656886228	BANC_888:720575941656886228	BANC888	is_a	proximal medullary amacrine neuron Pm1	FlyBase:FBrf0262545
720575941656886484	BANC_888:720575941656886484	BANC888	is_a	adult olfactory receptor neuron Gr21a/63a	
720575941656890580	BANC_888:720575941656890580	BANC888	is_a	adult optic lobe intrinsic neuron	
720575941656894164	BANC_888:720575941656894164	BANC888	is_a	adult IN09B038 neuron	
720575941656896848	BANC_888:720575941656896848	BANC888	is_a	adult CB1844 neuron	
720575941656897816	BANC_888:720575941656897816	BANC888	is_a	T3 neuron	
720575941656899096	BANC_888:720575941656899096	BANC888	is_a	T5c neuron	
720575941656901144	BANC_888:720575941656901144	BANC888	is_a	transmedullary neuron Tm1	
720575941656903124	BANC_888:720575941656903124	BANC888	is_a	descending neuron of the gnathal ganglion DNge101	
720575941656903192	BANC_888:720575941656903192	BANC888	is_a	T5d neuron	
720575941656906776	BANC_888:720575941656906776	BANC888	is_a	T4a neuron	
720575941656914388	BANC_888:720575941656914388	BANC888	is_a	adult medulla visual projection neuron MeVPLo2	FlyBase:FBrf0262545
720575941656914712	BANC_888:720575941656914712	BANC888	is_a	lobula columnar neuron LC15	
720575941656915668	BANC_888:720575941656915668	BANC888	is_a	adult optic lobe intrinsic neuron	
720575941656916436	BANC_888:720575941656916436	BANC888	is_a	adult optic lobe intrinsic neuron	
720575941656916504	BANC_888:720575941656916504	BANC888	is_a	adult lobula intrinsic neuron Li21	FlyBase:FBrf0262545
720575941656928980	BANC_888:720575941656928980	BANC888	is_a	adult olfactory receptor neuron Ir84a	
720575941656933400	BANC_888:720575941656933400	BANC888	is_a	T4a neuron	
720575941656935124	BANC_888:720575941656935124	BANC888	is_a	transmedullary Y neuron TmY14	
720575941656940756	BANC_888:720575941656940756	BANC888	is_a	visual projection neuron	
720575941656948436	BANC_888:720575941656948436	BANC888	is_a	adult optic lobe intrinsic neuron	
720575941656951508	BANC_888:720575941656951508	BANC888	is_a	T5b neuron	
720575941656954068	BANC_888:720575941656954068	BANC888	is_a	medulla intrinsic neuron Mi2	
720575941656957976	BANC_888:720575941656957976	BANC888	is_a	T5b neuron	
720575941656959188	BANC_888:720575941656959188	BANC888	is_a	adult optic lobe intrinsic neuron	
720575941656959312	BANC_888:720575941656959312	BANC888	is_a	alpha/beta Kenyon cell	
720575941656961816	BANC_888:720575941656961816	BANC888	is_a	medulla intrinsic neuron Mi1	
720575941656975896	BANC_888:720575941656975896	BANC888	is_a	transmedullary neuron Tm3	
720575941656978256	BANC_888:720575941656978256	BANC888	is_a	adult IN20A.22A036 neuron	
720575941656981016	BANC_888:720575941656981016	BANC888	is_a	T4b neuron	
720575941656984600	BANC_888:720575941656984600	BANC888	is_a	T4c neuron	
720575941656984788	BANC_888:720575941656984788	BANC888	is_a	adult transmedullary Y neuron TmY17	FlyBase:FBrf0262545
720575941656990420	BANC_888:720575941656990420	BANC888	is_a	distal medullary amacrine neuron Dm3a	FlyBase:FBrf0262545
720575941657004500	BANC_888:720575941657004500	BANC888	is_a	distal medullary amacrine neuron Dm3a	FlyBase:FBrf0262545
720575941657006298	BANC_888:720575941657006298	BANC888	is_a	photoreceptor cell R8	
720575941657012180	BANC_888:720575941657012180	BANC888	is_a	adult optic lobe intrinsic neuron	
720575941657018836	BANC_888:720575941657018836	BANC888	is_a	adult optic lobe intrinsic neuron	
720575941657026260	BANC_888:720575941657026260	BANC888	is_a	adult olfactory receptor neuron Or67d	
720575941657028052	BANC_888:720575941657028052	BANC888	is_a	adult olfactory receptor neuron Or47b	
720575941657028308	BANC_888:720575941657028308	BANC888	is_a	adult olfactory receptor neuron Ir75a	
720575941657030224	BANC_888:720575941657030224	BANC888	is_a	adult central brain intrinsic neuron	
720575941657031380	BANC_888:720575941657031380	BANC888	is_a	adult CB0763 neuron	
720575941657032404	BANC_888:720575941657032404	BANC888	is_a	lobula-lobula plate columnar neuron LLPC2	
720575941657033940	BANC_888:720575941657033940	BANC888	is_a	adult optic lobe intrinsic neuron	
720575941657050704	BANC_888:720575941657050704	BANC888	is_a	proximal medullary amacrine neuron Pm1	FlyBase:FBrf0262545
720575941657053396	BANC_888:720575941657053396	BANC888	is_a	femoral chordotonal hook neuron	
720575941657059540	BANC_888:720575941657059540	BANC888	is_a	adult optic lobe intrinsic neuron	
720575941657059802	BANC_888:720575941657059802	BANC888	is_a	photoreceptor cell R7	
720575941657062356	BANC_888:720575941657062356	BANC888	is_a	adult optic lobe intrinsic neuron	
720575941657070036	BANC_888:720575941657070036	BANC888	is_a	T3 neuron	
720575941657072208	BANC_888:720575941657072208	BANC888	is_a	adult antennal lobe projection neuron DA1 lvPN	
720575941657072852	BANC_888:720575941657072852	BANC888	is_a	T5d neuron	
720575941657077840	BANC_888:720575941657077840	BANC888	is_a	T4a neuron	
720575941657079632	BANC_888:720575941657079632	BANC888	is_a	T4c neuron	
720575941657080788	BANC_888:720575941657080788	BANC888	is_a	adult lobula intrinsic neuron Li15	FlyBase:FBrf0262545
720575941657083348	BANC_888:720575941657083348	BANC888	is_a	lobula columnar neuron LC12	
720575941657084116	BANC_888:720575941657084116	BANC888	is_a	adult CB2851 neuron	
720575941657089492	BANC_888:720575941657089492	BANC888	is_a	T3 neuron	
720575941657095636	BANC_888:720575941657095636	BANC888	is_a	adult optic lobe intrinsic neuron	
720575941657096404	BANC_888:720575941657096404	BANC888	is_a	adult optic lobe intrinsic neuron	
720575941657099344	BANC_888:720575941657099344	BANC888	is_a	T5c neuron	
720575941657107156	BANC_888:720575941657107156	BANC888	is_a	adult optic lobe intrinsic neuron	
720575941657109328	BANC_888:720575941657109328	BANC888	is_a	T5a neuron	
720575941657111252	BANC_888:720575941657111252	BANC888	is_a	distal medullary amacrine neuron Dm8b	
720575941657112788	BANC_888:720575941657112788	BANC888	is_a	adult central brain intrinsic neuron	
720575941657113424	BANC_888:720575941657113424	BANC888	is_a	T4b neuron	
720575941657118032	BANC_888:720575941657118032	BANC888	is_a	transmedullary neuron Tm3	
720575941657120080	BANC_888:720575941657120080	BANC888	is_a	T4b neuron	
720575941657122772	BANC_888:720575941657122772	BANC888	is_a	adult optic lobe intrinsic neuron	
720575941657128016	BANC_888:720575941657128016	BANC888	is_a	medulla intrinsic neuron Mi9	
720575941657133136	BANC_888:720575941657133136	BANC888	is_a	medulla intrinsic neuron Mi15	
720575941657133780	BANC_888:720575941657133780	BANC888	is_a	adult optic lobe intrinsic neuron	
720575941657135184	BANC_888:720575941657135184	BANC888	is_a	medulla intrinsic neuron Mi15	
720575941657140692	BANC_888:720575941657140692	BANC888	is_a	adult central medulla intrinsic neuron Cm2	FlyBase:FBrf0262545
720575941657141584	BANC_888:720575941657141584	BANC888	is_a	medulla intrinsic neuron Mi15	
720575941657146836	BANC_888:720575941657146836	BANC888	is_a	adult optic lobe intrinsic neuron	
720575941657150420	BANC_888:720575941657150420	BANC888	is_a	lamina monopolar neuron L2	
720575941657152848	BANC_888:720575941657152848	BANC888	is_a	T4c neuron	
720575941657153104	BANC_888:720575941657153104	BANC888	is_a	T5b neuron	
720575941657153616	BANC_888:720575941657153616	BANC888	is_a	medulla intrinsic neuron Mi1	
720575941657162196	BANC_888:720575941657162196	BANC888	is_a	adult optic lobe intrinsic neuron	
720575941657165592	BANC_888:720575941657165592	BANC888	is_a	adult IN05B070 neuron	
720575941657169620	BANC_888:720575941657169620	BANC888	is_a	T5a neuron	
720575941657172180	BANC_888:720575941657172180	BANC888	is_a	adult optic lobe intrinsic neuron	
720575941657175632	BANC_888:720575941657175632	BANC888	is_a	distal medullary amacrine neuron Dm3b	FlyBase:FBrf0262545
720575941657176144	BANC_888:720575941657176144	BANC888	is_a	adult optic lobe intrinsic neuron	
720575941657180440	BANC_888:720575941657180440	BANC888	is_a	adult CNS neuron	
720575941657184212	BANC_888:720575941657184212	BANC888	is_a	adult optic lobe intrinsic neuron	
720575941657184468	BANC_888:720575941657184468	BANC888	is_a	adult CB3508 neuron	
720575941657192916	BANC_888:720575941657192916	BANC888	is_a	adult optic lobe intrinsic neuron	
720575941657193684	BANC_888:720575941657193684	BANC888	is_a	adult optic lobe intrinsic neuron	
720575941657200720	BANC_888:720575941657200720	BANC888	is_a	adult CB2602 neuron	
720575941657205840	BANC_888:720575941657205840	BANC888	is_a	T5a neuron	
720575941657206996	BANC_888:720575941657206996	BANC888	is_a	adult anterior ventrolateral protocerebrum neuron 283	
720575941657208532	BANC_888:720575941657208532	BANC888	is_a	adult optic lobe intrinsic neuron	
720575941657208912	BANC_888:720575941657208912	BANC888	is_a	adult optic lobe intrinsic neuron	
720575941657210580	BANC_888:720575941657210580	BANC888	is_a	adult optic lobe intrinsic neuron	
720575941657211928	BANC_888:720575941657211928	BANC888	is_a	lobula columnar neuron LC15	
720575941657212116	BANC_888:720575941657212116	BANC888	is_a	adult optic lobe intrinsic neuron	
720575941657214420	BANC_888:720575941657214420	BANC888	is_a	adult optic lobe intrinsic neuron	
720575941657215956	BANC_888:720575941657215956	BANC888	is_a	adult optic lobe intrinsic neuron	
720575941657218004	BANC_888:720575941657218004	BANC888	is_a	lobula plate-lobula columnar neuron LPLC1	
720575941657222356	BANC_888:720575941657222356	BANC888	is_a	adult optic lobe intrinsic neuron	
720575941657227600	BANC_888:720575941657227600	BANC888	is_a	T3 neuron	
720575941657234900	BANC_888:720575941657234900	BANC888	is_a	adult CB2393 neuron	
720575941657235668	BANC_888:720575941657235668	BANC888	is_a	adult optic lobe intrinsic neuron	
720575941657242392	BANC_888:720575941657242392	BANC888	is_a	adult optic lobe intrinsic neuron	
720575941657242448	BANC_888:720575941657242448	BANC888	is_a	T5d neuron	
720575941657244696	BANC_888:720575941657244696	BANC888	is_a	distal medullary amacrine neuron Dm3a	FlyBase:FBrf0262545
720575941657248024	BANC_888:720575941657248024	BANC888	is_a	transmedullary neuron Tm2	
720575941657251540	BANC_888:720575941657251540	BANC888	is_a	adult optic lobe intrinsic neuron	
720575941657254100	BANC_888:720575941657254100	BANC888	is_a	adult CB0654 neuron	
720575941657254224	BANC_888:720575941657254224	BANC888	is_a	transmedullary neuron Tm3	
720575941657257240	BANC_888:720575941657257240	BANC888	is_a	medulla intrinsic neuron Mi4	
720575941657263896	BANC_888:720575941657263896	BANC888	is_a	adult optic lobe intrinsic neuron	
720575941657267224	BANC_888:720575941657267224	BANC888	is_a	distal medullary amacrine neuron Dm3c	FlyBase:FBrf0262545
720575941657270808	BANC_888:720575941657270808	BANC888	is_a	transmedullary Y neuron TmY5a	
720575941657274068	BANC_888:720575941657274068	BANC888	is_a	adult optic lobe intrinsic neuron	
720575941657276952	BANC_888:720575941657276952	BANC888	is_a	adult optic lobe intrinsic neuron	
720575941657278032	BANC_888:720575941657278032	BANC888	is_a	lobula columnar neuron LC10c	
720575941657278420	BANC_888:720575941657278420	BANC888	is_a	adult optic lobe intrinsic neuron	
720575941657279768	BANC_888:720575941657279768	BANC888	is_a	adult medulla visual projection neuron MeVP6	FlyBase:FBrf0262545
720575941657280980	BANC_888:720575941657280980	BANC888	is_a	adult optic lobe intrinsic neuron	
720575941657284308	BANC_888:720575941657284308	BANC888	is_a	lobula columnar neuron LC10a	
720575941657284944	BANC_888:720575941657284944	BANC888	is_a	adult optic lobe intrinsic neuron	
720575941657286480	BANC_888:720575941657286480	BANC888	is_a	adult medulla tangential neuron e04	
720575941657291220	BANC_888:720575941657291220	BANC888	is_a	adult optic lobe intrinsic neuron	
720575941657292756	BANC_888:720575941657292756	BANC888	is_a	adult optic lobe intrinsic neuron	
720575941657294036	BANC_888:720575941657294036	BANC888	is_a	adult optic lobe intrinsic neuron	
720575941657296920	BANC_888:720575941657296920	BANC888	is_a	adult optic lobe intrinsic neuron	
720575941657299924	BANC_888:720575941657299924	BANC888	is_a	adult optic lobe intrinsic neuron	
720575941657301072	BANC_888:720575941657301072	BANC888	is_a	T3 neuron	
720575941657305880	BANC_888:720575941657305880	BANC888	is_a	medulla intrinsic neuron Mi4	
720575941657307604	BANC_888:720575941657307604	BANC888	is_a	adult optic lobe intrinsic neuron	
720575941657308116	BANC_888:720575941657308116	BANC888	is_a	lobula columnar neuron LC21	
720575941657313048	BANC_888:720575941657313048	BANC888	is_a	femoral chordotonal club neuron	
720575941657316120	BANC_888:720575941657316120	BANC888	is_a	T4a neuron	
720575941657317712	BANC_888:720575941657317712	BANC888	is_a	distal medullary amacrine neuron Dm2	
720575941657318168	BANC_888:720575941657318168	BANC888	is_a	T4b neuron	
720575941657320472	BANC_888:720575941657320472	BANC888	is_a	adult optic lobe intrinsic neuron	
720575941657322708	BANC_888:720575941657322708	BANC888	is_a	medulla intrinsic neuron Mi9	
720575941657323856	BANC_888:720575941657323856	BANC888	is_a	adult optic lobe intrinsic neuron	
720575941657326292	BANC_888:720575941657326292	BANC888	is_a	transmedullary neuron Tm20	
720575941657326804	BANC_888:720575941657326804	BANC888	is_a	transmedullary neuron Tm1	
720575941657327952	BANC_888:720575941657327952	BANC888	is_a	transmedullary neuron Tm6	FlyBase:FBrf0262545
720575941657328596	BANC_888:720575941657328596	BANC888	is_a	transmedullary neuron Tm3	
720575941657329488	BANC_888:720575941657329488	BANC888	is_a	adult IN14A067 neuron	
720575941657331668	BANC_888:720575941657331668	BANC888	is_a	distal medullary amacrine neuron Dm2	
720575941657333016	BANC_888:720575941657333016	BANC888	is_a	T5d neuron	
720575941657333972	BANC_888:720575941657333972	BANC888	is_a	transmedullary neuron Tm4	
720575941657334484	BANC_888:720575941657334484	BANC888	is_a	adult optic lobe intrinsic neuron	
720575941657334740	BANC_888:720575941657334740	BANC888	is_a	transmedullary neuron Tm6	FlyBase:FBrf0262545
720575941657341720	BANC_888:720575941657341720	BANC888	is_a	T5b neuron	
720575941657342164	BANC_888:720575941657342164	BANC888	is_a	centrifugal neuron C3	
720575941657342232	BANC_888:720575941657342232	BANC888	is_a	T4d neuron	
720575941657346004	BANC_888:720575941657346004	BANC888	is_a	adult optic lobe intrinsic neuron	
720575941657347152	BANC_888:720575941657347152	BANC888	is_a	T5b neuron	
720575941657347796	BANC_888:720575941657347796	BANC888	is_a	adult medulla-tubercle neuron of dorsal rim area	
720575941657354008	BANC_888:720575941657354008	BANC888	is_a	distal medullary amacrine neuron Dm3a	FlyBase:FBrf0262545
720575941657355032	BANC_888:720575941657355032	BANC888	is_a	adult optic lobe intrinsic neuron	
720575941657356624	BANC_888:720575941657356624	BANC888	is_a	adult IN19A060 neuron	
720575941657365840	BANC_888:720575941657365840	BANC888	is_a	transmedullary neuron Tm1	
720575941657368344	BANC_888:720575941657368344	BANC888	is_a	transmedullary neuron Tm1	
720575941657369624	BANC_888:720575941657369624	BANC888	is_a	T4d neuron	
720575941657379408	BANC_888:720575941657379408	BANC888	is_a	transmedullary neuron Tm3	
720575941657389080	BANC_888:720575941657389080	BANC888	is_a	T4a neuron	
720575941657389336	BANC_888:720575941657389336	BANC888	is_a	T5a neuron	
720575941657390872	BANC_888:720575941657390872	BANC888	is_a	T5c neuron	
720575941657400600	BANC_888:720575941657400600	BANC888	is_a	T5a neuron	
720575941657419088	BANC_888:720575941657419088	BANC888	is_a	lobula columnar neuron LC10c	
720575941657438488	BANC_888:720575941657438488	BANC888	is_a	Y neuron Y12	
720575941657438744	BANC_888:720575941657438744	BANC888	is_a	T5b neuron	
720575941657445200	BANC_888:720575941657445200	BANC888	is_a	adult CB2380 neuron	
720575941657470488	BANC_888:720575941657470488	BANC888	is_a	adult CB2022 neuron	
720575941657471824	BANC_888:720575941657471824	BANC888	is_a	adult fan-shaped body vertical delta neuron	
720575941657472792	BANC_888:720575941657472792	BANC888	is_a	columnar neuron T1	
720575941657482520	BANC_888:720575941657482520	BANC888	is_a	lobula columnar neuron LC12	
720575941657488664	BANC_888:720575941657488664	BANC888	is_a	adult superior medial protocerebrum neuron 409	
720575941657495888	BANC_888:720575941657495888	BANC888	is_a	medulla intrinsic neuron Mi1	
720575941657502288	BANC_888:720575941657502288	BANC888	is_a	adult IN23B023 neuron	
720575941657510992	BANC_888:720575941657510992	BANC888	is_a	adult IN17A033 neuron	
720575941657517592	BANC_888:720575941657517592	BANC888	is_a	adult optic lobe intrinsic neuron	
720575941657531672	BANC_888:720575941657531672	BANC888	is_a	T2a neuron	
720575941657552464	BANC_888:720575941657552464	BANC888	is_a	adult IN13B087 neuron	
720575941657554456	BANC_888:720575941657554456	BANC888	is_a	lamina monopolar neuron L1	
720575941657556816	BANC_888:720575941657556816	BANC888	is_a	adult IN13B026 neuron	
720575941657557272	BANC_888:720575941657557272	BANC888	is_a	T3 neuron	
720575941657558296	BANC_888:720575941657558296	BANC888	is_a	adult AN14B012 neuron	
720575941657560344	BANC_888:720575941657560344	BANC888	is_a	medulla intrinsic neuron Mi2	
720575941657568536	BANC_888:720575941657568536	BANC888	is_a	protocerebral bridge 1 glomerulus-fan-shaped body-nodulus 3 posterior domain neuron	
720575941657568792	BANC_888:720575941657568792	BANC888	is_a	alpha/beta Kenyon cell	
720575941657569048	BANC_888:720575941657569048	BANC888	is_a	alpha/beta Kenyon cell	
720575941657572432	BANC_888:720575941657572432	BANC888	is_a	T5d neuron	
720575941657580112	BANC_888:720575941657580112	BANC888	is_a	transmedullary neuron Tm3	
720575941657583696	BANC_888:720575941657583696	BANC888	is_a	transmedullary neuron Tm9	
720575941657585488	BANC_888:720575941657585488	BANC888	is_a	transmedullary neuron Tm6	FlyBase:FBrf0262545
720575941657593368	BANC_888:720575941657593368	BANC888	is_a	medulla tangential intrinsic neuron 1	FlyBase:FBrf0262545
720575941657594392	BANC_888:720575941657594392	BANC888	is_a	columnar neuron T1	
720575941657595928	BANC_888:720575941657595928	BANC888	is_a	distal medullary amacrine neuron Dm15	
720575941657606168	BANC_888:720575941657606168	BANC888	is_a	adult IN04B036 neuron	
720575941657607960	BANC_888:720575941657607960	BANC888	is_a	adult IN13A049 neuron	
720575941657613904	BANC_888:720575941657613904	BANC888	is_a	lamina monopolar neuron L5	
720575941657614928	BANC_888:720575941657614928	BANC888	is_a	transmedullary neuron Tm6	FlyBase:FBrf0262545
720575941657621272	BANC_888:720575941657621272	BANC888	is_a	adult IN08B083 neuron	
720575941657622096	BANC_888:720575941657622096	BANC888	is_a	T4d neuron	
720575941657623576	BANC_888:720575941657623576	BANC888	is_a	adult IN18B008 neuron	
720575941657624656	BANC_888:720575941657624656	BANC888	is_a	T4a neuron	
720575941657626192	BANC_888:720575941657626192	BANC888	is_a	T5c neuron	
720575941657626704	BANC_888:720575941657626704	BANC888	is_a	T5b neuron	
720575941657627984	BANC_888:720575941657627984	BANC888	is_a	adult optic lobe intrinsic neuron	
720575941657629520	BANC_888:720575941657629520	BANC888	is_a	medulla intrinsic neuron Mi15	
720575941657630032	BANC_888:720575941657630032	BANC888	is_a	distal medullary amacrine neuron Dm3b	FlyBase:FBrf0262545
720575941657632024	BANC_888:720575941657632024	BANC888	is_a	alpha'/beta' anterior-posterior type 1 Kenyon cell	
720575941657632336	BANC_888:720575941657632336	BANC888	is_a	transmedullary neuron Tm5a	
720575941657632592	BANC_888:720575941657632592	BANC888	is_a	adult optic lobe intrinsic neuron	
720575941657638992	BANC_888:720575941657638992	BANC888	is_a	T3 neuron	
720575941657640272	BANC_888:720575941657640272	BANC888	is_a	transmedullary neuron Tm4	
720575941657651280	BANC_888:720575941657651280	BANC888	is_a	T4a neuron	
720575941657653528	BANC_888:720575941657653528	BANC888	is_a	adult IN09A042 neuron	
720575941657673552	BANC_888:720575941657673552	BANC888	is_a	adult prosternal chordotonal organ neuron	
720575941657679128	BANC_888:720575941657679128	BANC888	is_a	adult AN10B046 neuron	
720575941657679440	BANC_888:720575941657679440	BANC888	is_a	T5d neuron	
720575941657680408	BANC_888:720575941657680408	BANC888	is_a	adult fan-shaped body 1 column-rubus neuron 2	
720575941657682000	BANC_888:720575941657682000	BANC888	is_a	medulla intrinsic neuron Mi15	
720575941657683024	BANC_888:720575941657683024	BANC888	is_a	adult ascending neuron	
720575941657683024	BANC_888:720575941657683024	BANC888	is_a	prothoracic leg taste bristle chemosensory neuron	
720575941657684304	BANC_888:720575941657684304	BANC888	is_a	adult tubercle-bulb neuron 03	
720575941657684560	BANC_888:720575941657684560	BANC888	is_a	mechanosensory neuron of interommatidial bristle	
720575941657690448	BANC_888:720575941657690448	BANC888	is_a	distal medullary amacrine neuron Dm2	
720575941657700120	BANC_888:720575941657700120	BANC888	is_a	adult IN14A041 neuron	
720575941657702936	BANC_888:720575941657702936	BANC888	is_a	adult IN23B091 neuron	
720575941657703504	BANC_888:720575941657703504	BANC888	is_a	transmedullary neuron Tm3	
720575941657704216	BANC_888:720575941657704216	BANC888	is_a	femoral chordotonal club neuron	
720575941657708568	BANC_888:720575941657708568	BANC888	is_a	adult SNxx33 neuron	
720575941657710104	BANC_888:720575941657710104	BANC888	is_a	adult SNta32 neuron	
720575941657716248	BANC_888:720575941657716248	BANC888	is_a	wing margin taste bristle	
720575941657718552	BANC_888:720575941657718552	BANC888	is_a	adult IN07B026 neuron	
720575941657720600	BANC_888:720575941657720600	BANC888	is_a	adult IN03A014 neuron	
720575941657721624	BANC_888:720575941657721624	BANC888	is_a	adult AN09B033 neuron	
720575941657725208	BANC_888:720575941657725208	BANC888	is_a	adult SNta43 neuron	
720575941657730328	BANC_888:720575941657730328	BANC888	is_a	adult IN16B020 neuron	
720575941657746712	BANC_888:720575941657746712	BANC888	is_a	adult wedge neuron 101	
720575941657750808	BANC_888:720575941657750808	BANC888	is_a	gamma main Kenyon cell	
720575941657771344	BANC_888:720575941657771344	BANC888	is_a	T5a neuron	
720575941657774360	BANC_888:720575941657774360	BANC888	is_a	sensory neuron	
720575941657775440	BANC_888:720575941657775440	BANC888	is_a	T4c neuron	
720575941657779224	BANC_888:720575941657779224	BANC888	is_a	mechanosensory neuron of interommatidial bristle	
720575941657782296	BANC_888:720575941657782296	BANC888	is_a	sensory neuron	
720575941657782808	BANC_888:720575941657782808	BANC888	is_a	adult SNta45 neuron	
720575941657783320	BANC_888:720575941657783320	BANC888	is_a	adult SNta45 neuron	
720575941657788184	BANC_888:720575941657788184	BANC888	is_a	adult SNta41 neuron	
720575941657790744	BANC_888:720575941657790744	BANC888	is_a	adult SNta37 neuron	
720575941657792592	BANC_888:720575941657792592	BANC888	is_a	distal medullary amacrine neuron Dm10	
720575941657803738	BANC_888:720575941657803738	BANC888	is_a	lamina monopolar neuron L5	
720575941657804312	BANC_888:720575941657804312	BANC888	is_a	adult thermosensory neuron Ir21a VP1l	
720575941657810456	BANC_888:720575941657810456	BANC888	is_a	bristle sensory neuron	
720575941657815320	BANC_888:720575941657815320	BANC888	is_a	sensory neuron	
720575941657820952	BANC_888:720575941657820952	BANC888	is_a	mechanosensory neuron of Wheeler's organ	
720575941657822288	BANC_888:720575941657822288	BANC888	is_a	adult CB1504 neuron	
720575941657824080	BANC_888:720575941657824080	BANC888	is_a	transmedullary neuron Tm20	
720575941657824536	BANC_888:720575941657824536	BANC888	is_a	sensory neuron of wing campaniform sensillum	
720575941657854488	BANC_888:720575941657854488	BANC888	is_a	adult CB2783 neuron	
720575941657855000	BANC_888:720575941657855000	BANC888	is_a	adult CB0731 neuron	
720575941657858328	BANC_888:720575941657858328	BANC888	is_a	adult CB3668 neuron	
720575941657859290	BANC_888:720575941657859290	BANC888	is_a	photoreceptor cell R8	
720575941657871696	BANC_888:720575941657871696	BANC888	is_a	mechanosensory neuron of interommatidial bristle	
720575941657879576	BANC_888:720575941657879576	BANC888	is_a	descending neuron of the posterior brain DNp06	
720575941657879632	BANC_888:720575941657879632	BANC888	is_a	adult IN03A041 neuron	
720575941657880600	BANC_888:720575941657880600	BANC888	is_a	adult anterior ventrolateral protocerebrum neuron 013	
720575941657881112	BANC_888:720575941657881112	BANC888	is_a	adult protocerebral bridge 1 glomerulus-fan-shaped body-round body type a neuron	
720575941657885720	BANC_888:720575941657885720	BANC888	is_a	adult posterior slope neuron 095	
720575941657888080	BANC_888:720575941657888080	BANC888	is_a	adult Kenyon cell	
720575941657915672	BANC_888:720575941657915672	BANC888	is_a	adult posterior lateral protocerebrum neuron 025	
720575941657917008	BANC_888:720575941657917008	BANC888	is_a	transmedullary Y neuron TmY20	
720575941657931088	BANC_888:720575941657931088	BANC888	is_a	adult IN01A054 neuron	
720575941657939536	BANC_888:720575941657939536	BANC888	is_a	adult fan-shaped body horizontal delta neuron K	
720575941657945936	BANC_888:720575941657945936	BANC888	is_a	mechanosensory neuron of interommatidial bristle	
720575941657951000	BANC_888:720575941657951000	BANC888	is_a	medulla intrinsic neuron Mi1	
720575941657954072	BANC_888:720575941657954072	BANC888	is_a	adult IN21A023 neuron	
720575941657968464	BANC_888:720575941657968464	BANC888	is_a	femoral chordotonal club neuron	
720575941657968976	BANC_888:720575941657968976	BANC888	is_a	adult SNta42 neuron	
720575941657974352	BANC_888:720575941657974352	BANC888	is_a	adult SNta42 neuron	
720575941657975064	BANC_888:720575941657975064	BANC888	is_a	adult IN23B091 neuron	
720575941657985872	BANC_888:720575941657985872	BANC888	is_a	adult SNta45 neuron	
720575941657988120	BANC_888:720575941657988120	BANC888	is_a	alpha/beta posterior Kenyon cell	
720575941657988688	BANC_888:720575941657988688	BANC888	is_a	adult IN01B074 neuron	
720575941657989712	BANC_888:720575941657989712	BANC888	is_a	descending neuron of the gnathal ganglion DNge003	
720575941657992272	BANC_888:720575941657992272	BANC888	is_a	metathoracic leg taste bristle chemosensory neuron	
720575941657998416	BANC_888:720575941657998416	BANC888	is_a	adult IN04B033 neuron	
720575941658005784	BANC_888:720575941658005784	BANC888	is_a	alpha/beta Kenyon cell	
720575941658005840	BANC_888:720575941658005840	BANC888	is_a	adult IN13B074 neuron	
720575941658006808	BANC_888:720575941658006808	BANC888	is_a	adult CB2595 neuron	
720575941658008600	BANC_888:720575941658008600	BANC888	is_a	adult anterior ventrolateral protocerebrum neuron 465	
720575941658018384	BANC_888:720575941658018384	BANC888	is_a	adult IN10B014 neuron	
720575941658018640	BANC_888:720575941658018640	BANC888	is_a	gustatory receptor neuron of the wing	
720575941658019920	BANC_888:720575941658019920	BANC888	is_a	adult SNta44 neuron	
720575941658024016	BANC_888:720575941658024016	BANC888	is_a	prothoracic leg taste bristle chemosensory neuron	
720575941658032208	BANC_888:720575941658032208	BANC888	is_a	gamma main Kenyon cell	
720575941658032464	BANC_888:720575941658032464	BANC888	is_a	alpha/beta Kenyon cell	
720575941658036816	BANC_888:720575941658036816	BANC888	is_a	adult gamma Kenyon cell	
720575941658042648	BANC_888:720575941658042648	BANC888	is_a	adult tubercle-bulb neuron 03	
720575941658050840	BANC_888:720575941658050840	BANC888	is_a	transmedullary neuron Tm20	
720575941658052120	BANC_888:720575941658052120	BANC888	is_a	adult olfactory receptor neuron Or59c	
720575941658060368	BANC_888:720575941658060368	BANC888	is_a	sensory neuron of wing campaniform sensillum	
720575941658066456	BANC_888:720575941658066456	BANC888	is_a	octopaminergic VUMd1 neuron	
720575941658075728	BANC_888:720575941658075728	BANC888	is_a	sensory neuron of haltere campaniform sensillum	
720575941658078288	BANC_888:720575941658078288	BANC888	is_a	mechanosensory neuron of interommatidial bristle	
720575941658081872	BANC_888:720575941658081872	BANC888	is_a	adult SNta39 neuron	
720575941658091544	BANC_888:720575941658091544	BANC888	is_a	lobula columnar neuron LC10	
720575941658094360	BANC_888:720575941658094360	BANC888	is_a	adult superior lateral protocerebrum neuron 189	
720575941658107728	BANC_888:720575941658107728	BANC888	is_a	adult olfactory receptor neuron Ir84a	
720575941658109008	BANC_888:720575941658109008	BANC888	is_a	adult gustatory receptor neuron	
720575941658109776	BANC_888:720575941658109776	BANC888	is_a	mechanosensory neuron of interommatidial bristle	
720575941658113616	BANC_888:720575941658113616	BANC888	is_a	adult SNta32 neuron	
720575941658114896	BANC_888:720575941658114896	BANC888	is_a	adult olfactory receptor neuron Or67b	
720575941658119192	BANC_888:720575941658119192	BANC888	is_a	adult lobula visual projection neuron LoVP78	FlyBase:FBrf0262545
720575941658121296	BANC_888:720575941658121296	BANC888	is_a	adult SNta30 neuron	
720575941658124824	BANC_888:720575941658124824	BANC888	is_a	lamina monopolar neuron L5	
720575941658128408	BANC_888:720575941658128408	BANC888	is_a	adult olfactory receptor neuron Or13a	
720575941658129744	BANC_888:720575941658129744	BANC888	is_a	adult SNta44 neuron	
720575941658132560	BANC_888:720575941658132560	BANC888	is_a	gustatory receptor neuron of the wing	
720575941658145816	BANC_888:720575941658145816	BANC888	is_a	distal medullary amacrine neuron Dm2	
720575941658156112	BANC_888:720575941658156112	BANC888	is_a	adult clamp neuron 104	
720575941658156368	BANC_888:720575941658156368	BANC888	is_a	adult hygrosensory neuron Ir40a VP4	
720575941658166808	BANC_888:720575941658166808	BANC888	is_a	medulla intrinsic neuron Mi15	
720575941658170648	BANC_888:720575941658170648	BANC888	is_a	adult posterior lateral protocerebrum neuron 188	
720575941658172184	BANC_888:720575941658172184	BANC888	is_a	adult posterior ventrolateral protocerebrum neuron 004	
720575941658183448	BANC_888:720575941658183448	BANC888	is_a	transmedullary Y neuron TmY5a	
720575941658190360	BANC_888:720575941658190360	BANC888	is_a	adult optic lobe intrinsic neuron	
720575941658191640	BANC_888:720575941658191640	BANC888	is_a	mechanosensory neuron of interommatidial bristle	
720575941658197016	BANC_888:720575941658197016	BANC888	is_a	adult CB1399 neuron	
720575941658200088	BANC_888:720575941658200088	BANC888	is_a	dopaminergic PAM neuron 8	
720575941658200400	BANC_888:720575941658200400	BANC888	is_a	femoral chordotonal club neuron	
720575941658203472	BANC_888:720575941658203472	BANC888	is_a	adult CB2330 neuron	
720575941658210640	BANC_888:720575941658210640	BANC888	is_a	adult lateral horn PV4a1 neuron	
720575941658216272	BANC_888:720575941658216272	BANC888	is_a	gamma dorsal Kenyon cell	
720575941658218264	BANC_888:720575941658218264	BANC888	is_a	adult fan-shaped body 1 column-crepine neuron	FlyBase:FBrf0246888
720575941658225944	BANC_888:720575941658225944	BANC888	is_a	dopaminergic PPL1 fan-shaped body layer 6 neuron	
720575941658230096	BANC_888:720575941658230096	BANC888	is_a	adult CB1141 neuron	
720575941658234904	BANC_888:720575941658234904	BANC888	is_a	T4a neuron	
720575941658237264	BANC_888:720575941658237264	BANC888	is_a	adult CB2440 neuron	
720575941658237976	BANC_888:720575941658237976	BANC888	is_a	adult CB3537 neuron	
720575941658246424	BANC_888:720575941658246424	BANC888	is_a	bristle sensory neuron	
720575941658249496	BANC_888:720575941658249496	BANC888	is_a	transmedullary neuron Tm3	
720575941658256464	BANC_888:720575941658256464	BANC888	is_a	adult wedge neuron 057	
720575941658263320	BANC_888:720575941658263320	BANC888	is_a	adult medulla intrinsic neuron Mi17	FlyBase:FBrf0262545
720575941658265112	BANC_888:720575941658265112	BANC888	is_a	transmedullary Y neuron TmY20	
720575941658266648	BANC_888:720575941658266648	BANC888	is_a	zone C Johnston organ neuron	
720575941658271568	BANC_888:720575941658271568	BANC888	is_a	adult gamma Kenyon cell	
720575941658273560	BANC_888:720575941658273560	BANC888	is_a	transmedullary neuron Tm5b	
720575941658281240	BANC_888:720575941658281240	BANC888	is_a	medulla intrinsic neuron Mi9	
720575941658283544	BANC_888:720575941658283544	BANC888	is_a	adult optic lobe intrinsic neuron	
720575941658284112	BANC_888:720575941658284112	BANC888	is_a	adult CB0832 neuron	
720575941658288976	BANC_888:720575941658288976	BANC888	is_a	adult anterior optic tubercle neuron 018	
720575941658289944	BANC_888:720575941658289944	BANC888	is_a	transmedullary neuron Tm35	FlyBase:FBrf0262545
720575941658291224	BANC_888:720575941658291224	BANC888	is_a	adult SNta37 neuron	
720575941658291792	BANC_888:720575941658291792	BANC888	is_a	adult CB1140 neuron	
720575941658292504	BANC_888:720575941658292504	BANC888	is_a	distal medullary amacrine neuron Dm3b	FlyBase:FBrf0262545
720575941658297168	BANC_888:720575941658297168	BANC888	is_a	adult posterior ventrolateral protocerebrum neuron 133	
720575941658315032	BANC_888:720575941658315032	BANC888	is_a	distal medullary amacrine neuron Dm3c	FlyBase:FBrf0262545
720575941658321488	BANC_888:720575941658321488	BANC888	is_a	zone A Johnston organ neuron	
720575941658324760	BANC_888:720575941658324760	BANC888	is_a	centrifugal neuron C3	
720575941658326296	BANC_888:720575941658326296	BANC888	is_a	adult optic lobe intrinsic neuron	
720575941658327064	BANC_888:720575941658327064	BANC888	is_a	adult optic lobe intrinsic neuron	
720575941658328344	BANC_888:720575941658328344	BANC888	is_a	transmedullary neuron Tm4	
720575941658341400	BANC_888:720575941658341400	BANC888	is_a	transmedullary neuron Tm9	
720575941658353944	BANC_888:720575941658353944	BANC888	is_a	transmedullary neuron Tm3	
720575941658358608	BANC_888:720575941658358608	BANC888	is_a	adult anterior ventrolateral protocerebrum neuron 044	
720575941658364184	BANC_888:720575941658364184	BANC888	is_a	T4b neuron	
720575941658375192	BANC_888:720575941658375192	BANC888	is_a	distal medullary amacrine neuron Dm15	
720575941658381392	BANC_888:720575941658381392	BANC888	is_a	adult posterior slope neuron 003	
720575941658382416	BANC_888:720575941658382416	BANC888	is_a	adult lobula intrinsic neuron Li21	FlyBase:FBrf0262545
720575941658389016	BANC_888:720575941658389016	BANC888	is_a	Y neuron Y12	
720575941658390864	BANC_888:720575941658390864	BANC888	is_a	distal medullary amacrine neuron Dm3b	FlyBase:FBrf0262545
720575941658392088	BANC_888:720575941658392088	BANC888	is_a	adult optic lobe intrinsic neuron	
720575941658392344	BANC_888:720575941658392344	BANC888	is_a	mesothoracic tibial depressor motor neuron	
720575941658394136	BANC_888:720575941658394136	BANC888	is_a	adult optic lobe intrinsic neuron	
720575941658396440	BANC_888:720575941658396440	BANC888	is_a	photoreceptor cell R7	
720575941658397264	BANC_888:720575941658397264	BANC888	is_a	adult lobula columnar neuron LC41	
720575941658398232	BANC_888:720575941658398232	BANC888	is_a	adult SNta45 neuron	
720575941658399256	BANC_888:720575941658399256	BANC888	is_a	adult CB2739 neuron	
720575941658399512	BANC_888:720575941658399512	BANC888	is_a	photoreceptor cell R7	
720575941658406168	BANC_888:720575941658406168	BANC888	is_a	transmedullary neuron Tm24	FlyBase:FBrf0262545
720575941658407448	BANC_888:720575941658407448	BANC888	is_a	mechanosensory neuron of interommatidial bristle	
720575941658408472	BANC_888:720575941658408472	BANC888	is_a	adult optic lobe intrinsic neuron	
720575941658409240	BANC_888:720575941658409240	BANC888	is_a	transmedullary neuron Tm24	FlyBase:FBrf0262545
720575941658415896	BANC_888:720575941658415896	BANC888	is_a	adult IN03B052 neuron	
720575941658416464	BANC_888:720575941658416464	BANC888	is_a	transmedullary neuron Tm3	
720575941658421016	BANC_888:720575941658421016	BANC888	is_a	lamina monopolar neuron L4	
720575941658430032	BANC_888:720575941658430032	BANC888	is_a	adult CB2777 neuron	
720575941658442776	BANC_888:720575941658442776	BANC888	is_a	mechanosensory neuron of interommatidial bristle	
720575941658444624	BANC_888:720575941658444624	BANC888	is_a	adult CB2443 neuron	
720575941658446160	BANC_888:720575941658446160	BANC888	is_a	adult CB2202 neuron	
720575941658463000	BANC_888:720575941658463000	BANC888	is_a	adult CB3432 neuron	
720575941658463256	BANC_888:720575941658463256	BANC888	is_a	adult optic lobe intrinsic neuron	
720575941658464024	BANC_888:720575941658464024	BANC888	is_a	lobula columnar neuron LC17	
720575941658468120	BANC_888:720575941658468120	BANC888	is_a	adult optic lobe intrinsic neuron	
720575941658471504	BANC_888:720575941658471504	BANC888	is_a	lobula-lobula plate columnar neuron LLPC2	
720575941658472272	BANC_888:720575941658472272	BANC888	is_a	transmedullary neuron Tm6	FlyBase:FBrf0262545
720575941658482968	BANC_888:720575941658482968	BANC888	is_a	adult optic lobe intrinsic neuron	
720575941658489880	BANC_888:720575941658489880	BANC888	is_a	sensory neuron	
720575941658492240	BANC_888:720575941658492240	BANC888	is_a	adult fan-shaped body layer 7 neuron of CP2 lineage	
720575941658497104	BANC_888:720575941658497104	BANC888	is_a	transmedullary neuron Tm6	FlyBase:FBrf0262545
720575941658500376	BANC_888:720575941658500376	BANC888	is_a	distal medullary amacrine neuron Dm3b	FlyBase:FBrf0262545
720575941658505496	BANC_888:720575941658505496	BANC888	is_a	T3 neuron	
720575941658509848	BANC_888:720575941658509848	BANC888	is_a	adult optic lobe intrinsic neuron	
720575941658510616	BANC_888:720575941658510616	BANC888	is_a	adult optic lobe intrinsic neuron	
720575941658522392	BANC_888:720575941658522392	BANC888	is_a	adult CB3728 neuron	
720575941658524240	BANC_888:720575941658524240	BANC888	is_a	adult optic lobe intrinsic neuron	
720575941658526288	BANC_888:720575941658526288	BANC888	is_a	adult fan-shaped body layer 1 neuron of CP2 lineage	
720575941658531152	BANC_888:720575941658531152	BANC888	is_a	adult optic lobe intrinsic neuron	
720575941658533144	BANC_888:720575941658533144	BANC888	is_a	lamina monopolar neuron L1	
720575941658536784	BANC_888:720575941658536784	BANC888	is_a	adult CB1510 neuron	
720575941658540624	BANC_888:720575941658540624	BANC888	is_a	adult CNS neuron	
720575941658541080	BANC_888:720575941658541080	BANC888	is_a	adult optic lobe intrinsic neuron	
720575941658542928	BANC_888:720575941658542928	BANC888	is_a	adult AN05B078 neuron	
720575941658555672	BANC_888:720575941658555672	BANC888	is_a	adult CB1861 neuron	
720575941658561048	BANC_888:720575941658561048	BANC888	is_a	adult antennal lobe projection neuron D adPN	
720575941658561560	BANC_888:720575941658561560	BANC888	is_a	adult CB1854 neuron	
720575941658584400	BANC_888:720575941658584400	BANC888	is_a	adult Kenyon cell	
720575941658584656	BANC_888:720575941658584656	BANC888	is_a	adult superior lateral protocerebrum neuron 240	
720575941658587472	BANC_888:720575941658587472	BANC888	is_a	distal medullary amacrine neuron Dm3c	FlyBase:FBrf0262545
720575941658589520	BANC_888:720575941658589520	BANC888	is_a	adult gamma Kenyon cell	
720575941658595352	BANC_888:720575941658595352	BANC888	is_a	adult AN06A112 neuron	
720575941658600784	BANC_888:720575941658600784	BANC888	is_a	adult optic lobe intrinsic neuron	
720575941658602520	BANC_888:720575941658602520	BANC888	is_a	adult IN07B033 neuron	
720575941658602576	BANC_888:720575941658602576	BANC888	is_a	adult optic lobe intrinsic neuron	
720575941658602776	BANC_888:720575941658602776	BANC888	is_a	adult IN09A028 neuron	
720575941658609232	BANC_888:720575941658609232	BANC888	is_a	adult optic lobe intrinsic neuron	
720575941658611480	BANC_888:720575941658611480	BANC888	is_a	columnar neuron T1	
720575941658612760	BANC_888:720575941658612760	BANC888	is_a	adult IN20A.22A090 neuron	
720575941658613784	BANC_888:720575941658613784	BANC888	is_a	adult mute subesophageal neuron	doi:10.7554/eLife.96084.1
720575941658618448	BANC_888:720575941658618448	BANC888	is_a	medulla intrinsic neuron Mi13	
720575941658618704	BANC_888:720575941658618704	BANC888	is_a	mechanosensory neuron of interommatidial bristle	
720575941658619160	BANC_888:720575941658619160	BANC888	is_a	lamina monopolar neuron L1	
720575941658619928	BANC_888:720575941658619928	BANC888	is_a	adult IN19A014 neuron	
720575941658621976	BANC_888:720575941658621976	BANC888	is_a	descending neuron of the posterior brain DNpe054	
720575941658622288	BANC_888:720575941658622288	BANC888	is_a	distal medullary amacrine neuron Dm15	
720575941658622544	BANC_888:720575941658622544	BANC888	is_a	columnar neuron T1	
720575941658631448	BANC_888:720575941658631448	BANC888	is_a	adult SNxx29 neuron	
720575941658632216	BANC_888:720575941658632216	BANC888	is_a	adult IN11A003 neuron	
720575941658632528	BANC_888:720575941658632528	BANC888	is_a	medulla intrinsic neuron Mi13	
720575941658633752	BANC_888:720575941658633752	BANC888	is_a	adult IN12B044 neuron	
720575941658640976	BANC_888:720575941658640976	BANC888	is_a	transmedullary Y neuron TmY5a	
720575941658641176	BANC_888:720575941658641176	BANC888	is_a	adult AN07B070 neuron	
720575941658642968	BANC_888:720575941658642968	BANC888	is_a	adult INXXX179 neuron	
720575941658644048	BANC_888:720575941658644048	BANC888	is_a	T3 neuron	
720575941658651984	BANC_888:720575941658651984	BANC888	is_a	transmedullary Y neuron TmY3	
720575941658652696	BANC_888:720575941658652696	BANC888	is_a	distal medullary amacrine neuron Dm15	
720575941658658584	BANC_888:720575941658658584	BANC888	is_a	adult CB1287 neuron	
720575941658660944	BANC_888:720575941658660944	BANC888	is_a	T4d neuron	
720575941658664784	BANC_888:720575941658664784	BANC888	is_a	T3 neuron	
720575941658668056	BANC_888:720575941658668056	BANC888	is_a	adult antennal lobe local neuron lLN2	
720575941658675792	BANC_888:720575941658675792	BANC888	is_a	transmedullary neuron Tm1	
720575941658677784	BANC_888:720575941658677784	BANC888	is_a	adult CB0064 neuron	
720575941658689816	BANC_888:720575941658689816	BANC888	is_a	adult CB3255 neuron	
720575941658691352	BANC_888:720575941658691352	BANC888	is_a	adult CB1928 neuron	
720575941658693400	BANC_888:720575941658693400	BANC888	is_a	adult CB0651 neuron	
720575941658695760	BANC_888:720575941658695760	BANC888	is_a	T5b neuron	
720575941658700824	BANC_888:720575941658700824	BANC888	is_a	adult lateral accessory lobe neuron 053	
720575941658701648	BANC_888:720575941658701648	BANC888	is_a	adult optic lobe intrinsic neuron	
720575941658710296	BANC_888:720575941658710296	BANC888	is_a	adult superior lateral protocerebrum neuron 285	
720575941658712088	BANC_888:720575941658712088	BANC888	is_a	adult clamp neuron 030	
720575941658722840	BANC_888:720575941658722840	BANC888	is_a	adult olfactory receptor neuron Ir75d	
720575941658732056	BANC_888:720575941658732056	BANC888	is_a	adult CB1326 neuron	
720575941658735128	BANC_888:720575941658735128	BANC888	is_a	adult olfactory receptor neuron Or67b	
720575941658743576	BANC_888:720575941658743576	BANC888	is_a	adult CB2040 neuron	
720575941658744600	BANC_888:720575941658744600	BANC888	is_a	adult clamp neuron 267	
720575941658747928	BANC_888:720575941658747928	BANC888	is_a	adult anterior ventrolateral protocerebrum neuron 530	
720575941658748496	BANC_888:720575941658748496	BANC888	is_a	lamina monopolar neuron L4	
720575941658757912	BANC_888:720575941658757912	BANC888	is_a	adult anterior ventrolateral protocerebrum neuron 541	
720575941658758680	BANC_888:720575941658758680	BANC888	is_a	adult lateral horn PD4c1 neuron	
720575941658759248	BANC_888:720575941658759248	BANC888	is_a	adult optic lobe intrinsic neuron	
720575941658763856	BANC_888:720575941658763856	BANC888	is_a	adult optic lobe intrinsic neuron	
720575941658764368	BANC_888:720575941658764368	BANC888	is_a	medulla intrinsic neuron Mi15	
720575941658772504	BANC_888:720575941658772504	BANC888	is_a	adult CB1951 neuron	
720575941658775064	BANC_888:720575941658775064	BANC888	is_a	adult superior medial protocerebrum neuron 523	
720575941658781008	BANC_888:720575941658781008	BANC888	is_a	photoreceptor cell R7	
720575941658784848	BANC_888:720575941658784848	BANC888	is_a	adult optic lobe intrinsic neuron	
720575941658787352	BANC_888:720575941658787352	BANC888	is_a	adult superior medial protocerebrum neuron 425	
720575941658799640	BANC_888:720575941658799640	BANC888	is_a	lobula-lobula plate columnar neuron LLPC2	
720575941658799896	BANC_888:720575941658799896	BANC888	is_a	adult olfactory receptor neuron Or82a	
720575941658800464	BANC_888:720575941658800464	BANC888	is_a	T4a neuron	
720575941658800664	BANC_888:720575941658800664	BANC888	is_a	photoreceptor cell R8	
720575941658803480	BANC_888:720575941658803480	BANC888	is_a	gamma main Kenyon cell	
720575941658812952	BANC_888:720575941658812952	BANC888	is_a	adult clamp neuron 128	
720575941658817816	BANC_888:720575941658817816	BANC888	is_a	adult fan-shaped body 1 column-superior medial protocerebrum neuron	FlyBase:FBrf0246888
720575941658820176	BANC_888:720575941658820176	BANC888	is_a	lamina monopolar neuron L1	
720575941658822168	BANC_888:720575941658822168	BANC888	is_a	adult hygrosensory neuron Ir40a VP4	
720575941658829080	BANC_888:720575941658829080	BANC888	is_a	adult antler neuron 040	
720575941658830160	BANC_888:720575941658830160	BANC888	is_a	medulla intrinsic neuron Mi13	
720575941658831184	BANC_888:720575941658831184	BANC888	is_a	T4a neuron	
720575941658832152	BANC_888:720575941658832152	BANC888	is_a	adult optic lobe intrinsic neuron	
720575941658837016	BANC_888:720575941658837016	BANC888	is_a	adult CB1476 neuron	
720575941658843672	BANC_888:720575941658843672	BANC888	is_a	adult CB3570 neuron	
720575941658848848	BANC_888:720575941658848848	BANC888	is_a	adult CB2225 neuron	
720575941658852632	BANC_888:720575941658852632	BANC888	is_a	adult antennal lobe projection neuron DL3 lPN	
720575941658861592	BANC_888:720575941658861592	BANC888	is_a	adult superior lateral protocerebrum neuron 289	
720575941658862416	BANC_888:720575941658862416	BANC888	is_a	gamma main Kenyon cell	
720575941658862616	BANC_888:720575941658862616	BANC888	is_a	adult olfactory receptor neuron Or67d	
720575941658863440	BANC_888:720575941658863440	BANC888	is_a	adult optic lobe intrinsic neuron	
720575941658863640	BANC_888:720575941658863640	BANC888	is_a	lobula columnar neuron LC17	
720575941658864920	BANC_888:720575941658864920	BANC888	is_a	adult antennal lobe local neuron lLN7	
720575941658870808	BANC_888:720575941658870808	BANC888	is_a	adult fan-shaped body layer 7 neuron of CP2 lineage	
720575941658871320	BANC_888:720575941658871320	BANC888	is_a	adult CB3629 neuron	
720575941658872912	BANC_888:720575941658872912	BANC888	is_a	T4b neuron	
720575941658876240	BANC_888:720575941658876240	BANC888	is_a	adult SNta24 neuron	
720575941658884176	BANC_888:720575941658884176	BANC888	is_a	adult IN01B017 neuron	
720575941658886736	BANC_888:720575941658886736	BANC888	is_a	mechanosensory neuron of interommatidial bristle	
720575941658887192	BANC_888:720575941658887192	BANC888	is_a	adult CB1679 neuron	
720575941658890008	BANC_888:720575941658890008	BANC888	is_a	adult CB3639 neuron	
720575941658890064	BANC_888:720575941658890064	BANC888	is_a	adult IN04B057 neuron	
720575941658893648	BANC_888:720575941658893648	BANC888	is_a	adult AN06A026 neuron	
720575941658897944	BANC_888:720575941658897944	BANC888	is_a	adult fan-shaped body vertical delta neuron	FlyBase:FBrf0246888
720575941658900304	BANC_888:720575941658900304	BANC888	is_a	adult IN09B038 neuron	
720575941658902040	BANC_888:720575941658902040	BANC888	is_a	adult AN07B091 neuron	
720575941658904344	BANC_888:720575941658904344	BANC888	is_a	adult CB2761 neuron	
720575941658906192	BANC_888:720575941658906192	BANC888	is_a	transmedullary neuron Tm20	
720575941658907160	BANC_888:720575941658907160	BANC888	is_a	adult SNxx33 neuron	
720575941658909976	BANC_888:720575941658909976	BANC888	is_a	adult posterior ventrolateral protocerebrum neuron 080	
720575941658910032	BANC_888:720575941658910032	BANC888	is_a	adult INXXX038 neuron	
720575941658910488	BANC_888:720575941658910488	BANC888	is_a	adult DNxn148 neuron	
720575941658914328	BANC_888:720575941658914328	BANC888	is_a	lobula columnar neuron LC17	
720575941658915608	BANC_888:720575941658915608	BANC888	is_a	adult CB0756 neuron	
720575941658916888	BANC_888:720575941658916888	BANC888	is_a	adult fan-shaped body horizontal delta neuron M	
720575941658917400	BANC_888:720575941658917400	BANC888	is_a	adult lateral accessory lobe neuron 153	
720575941658917656	BANC_888:720575941658917656	BANC888	is_a	adult fruitless aSP-f (female) neuron	
720575941658923288	BANC_888:720575941658923288	BANC888	is_a	adult CB0489 neuron	
720575941658924312	BANC_888:720575941658924312	BANC888	is_a	adult clamp neuron 290	
720575941658925392	BANC_888:720575941658925392	BANC888	is_a	adult IN03A045 neuron	
720575941658926360	BANC_888:720575941658926360	BANC888	is_a	adult CB1758 neuron	
720575941658928976	BANC_888:720575941658928976	BANC888	is_a	adult IN01A054 neuron	
720575941658930000	BANC_888:720575941658930000	BANC888	is_a	adult INXXX353 neuron	
720575941658931280	BANC_888:720575941658931280	BANC888	is_a	adult optic lobe intrinsic neuron	
720575941658931792	BANC_888:720575941658931792	BANC888	is_a	femoral chordotonal claw neuron	
720575941658932816	BANC_888:720575941658932816	BANC888	is_a	adult IN09A016 neuron	
720575941658936144	BANC_888:720575941658936144	BANC888	is_a	adult clamp neuron 304	
720575941658937424	BANC_888:720575941658937424	BANC888	is_a	adult IN14A002 neuron	
720575941658938704	BANC_888:720575941658938704	BANC888	is_a	adult IN01B017 neuron	
720575941658940240	BANC_888:720575941658940240	BANC888	is_a	adult INXXX269 neuron	
720575941658941008	BANC_888:720575941658941008	BANC888	is_a	adult IN20A.22A091 neuron	
720575941658941264	BANC_888:720575941658941264	BANC888	is_a	adult DNxl080 neuron	
720575941658944336	BANC_888:720575941658944336	BANC888	is_a	adult INXXX258 neuron	
720575941658944592	BANC_888:720575941658944592	BANC888	is_a	lobula columnar neuron LC17	
720575941658952728	BANC_888:720575941658952728	BANC888	is_a	transmedullary neuron Tm2	
720575941658954064	BANC_888:720575941658954064	BANC888	is_a	transmedullary neuron Tm2	
720575941658955088	BANC_888:720575941658955088	BANC888	is_a	adult CB2933 neuron	
720575941658960152	BANC_888:720575941658960152	BANC888	is_a	adult optic lobe intrinsic neuron	
720575941658960920	BANC_888:720575941658960920	BANC888	is_a	adult optic lobe intrinsic neuron	
720575941658961944	BANC_888:720575941658961944	BANC888	is_a	lobula columnar neuron LC9	
720575941658965272	BANC_888:720575941658965272	BANC888	is_a	Y neuron Y3	
720575941658965784	BANC_888:720575941658965784	BANC888	is_a	adult optic lobe intrinsic neuron	
720575941658968344	BANC_888:720575941658968344	BANC888	is_a	adult CB2539 neuron	
720575941658980888	BANC_888:720575941658980888	BANC888	is_a	transmedullary neuron Tm4	
720575941658986008	BANC_888:720575941658986008	BANC888	is_a	transmedullary neuron Tm4	
720575941658994768	BANC_888:720575941658994768	BANC888	is_a	adult CB3508 neuron	
720575941658994968	BANC_888:720575941658994968	BANC888	is_a	adult optic lobe intrinsic neuron	
720575941658996248	BANC_888:720575941658996248	BANC888	is_a	T5d neuron	
720575941659000144	BANC_888:720575941659000144	BANC888	is_a	medulla intrinsic neuron Mi4	
720575941659000400	BANC_888:720575941659000400	BANC888	is_a	adult AN01B004 neuron	
720575941659004752	BANC_888:720575941659004752	BANC888	is_a	T2a neuron	
720575941659011920	BANC_888:720575941659011920	BANC888	is_a	adult superior medial protocerebrum neuron 523	
720575941659021592	BANC_888:720575941659021592	BANC888	is_a	adult optic lobe intrinsic neuron	
720575941659026200	BANC_888:720575941659026200	BANC888	is_a	adult optic lobe intrinsic neuron	
720575941659028048	BANC_888:720575941659028048	BANC888	is_a	gamma dorsal Kenyon cell	
720575941659030608	BANC_888:720575941659030608	BANC888	is_a	adult olfactory receptor neuron Or23a	
720575941659034192	BANC_888:720575941659034192	BANC888	is_a	adult posterior lateral protocerebrum neuron 181	
720575941659039256	BANC_888:720575941659039256	BANC888	is_a	T3 neuron	
720575941659040080	BANC_888:720575941659040080	BANC888	is_a	adult AN08B024 neuron	
720575941659043352	BANC_888:720575941659043352	BANC888	is_a	T2a neuron	
720575941659046992	BANC_888:720575941659046992	BANC888	is_a	adult fan-shaped body vertical delta neuron	
720575941659048216	BANC_888:720575941659048216	BANC888	is_a	T2a neuron	
720575941659050008	BANC_888:720575941659050008	BANC888	is_a	adult optic lobe intrinsic neuron	
720575941659054672	BANC_888:720575941659054672	BANC888	is_a	adult lateral horn AD1a4 neuron	
720575941659055896	BANC_888:720575941659055896	BANC888	is_a	adult optic lobe intrinsic neuron	
720575941659058768	BANC_888:720575941659058768	BANC888	is_a	adult CB2365 neuron	
720575941659060048	BANC_888:720575941659060048	BANC888	is_a	adult saddle neuron 047	
720575941659065936	BANC_888:720575941659065936	BANC888	is_a	adult CB1289 neuron	
720575941659071824	BANC_888:720575941659071824	BANC888	is_a	adult CB2863 neuron	
720575941659072592	BANC_888:720575941659072592	BANC888	is_a	adult posterior slope neuron 268	
720575941659082520	BANC_888:720575941659082520	BANC888	is_a	T4d neuron	
720575941659085848	BANC_888:720575941659085848	BANC888	is_a	adult optic lobe intrinsic neuron	
720575941659089232	BANC_888:720575941659089232	BANC888	is_a	adult clamp neuron 005	
720575941659091992	BANC_888:720575941659091992	BANC888	is_a	adult optic lobe intrinsic neuron	
720575941659095632	BANC_888:720575941659095632	BANC888	is_a	adult fan-shaped body layer 2 neuron of CP2 lineage	FlyBase:FBrf0257023
720575941659095888	BANC_888:720575941659095888	BANC888	is_a	adult lobula visual projection neuron LoVP86	FlyBase:FBrf0262545
720575941659098648	BANC_888:720575941659098648	BANC888	is_a	T5d neuron	
720575941659104336	BANC_888:720575941659104336	BANC888	is_a	adult CB2135 neuron	
720575941659107408	BANC_888:720575941659107408	BANC888	is_a	adult wedge projection neuron 7	
720575941659107864	BANC_888:720575941659107864	BANC888	is_a	adult CB3733 neuron	
720575941659114776	BANC_888:720575941659114776	BANC888	is_a	adult optic lobe intrinsic neuron	
720575941659115288	BANC_888:720575941659115288	BANC888	is_a	adult AN05B096 neuron	
720575941659116568	BANC_888:720575941659116568	BANC888	is_a	adult optic lobe intrinsic neuron	
720575941659118672	BANC_888:720575941659118672	BANC888	is_a	adult anterior ventrolateral protocerebrum neuron 454	
720575941659119640	BANC_888:720575941659119640	BANC888	is_a	adult optic lobe intrinsic neuron	
720575941659120208	BANC_888:720575941659120208	BANC888	is_a	adult fan-shaped body layer 6 neuron of CP2 lineage	
720575941659123792	BANC_888:720575941659123792	BANC888	is_a	adult clamp neuron 236	
720575941659124048	BANC_888:720575941659124048	BANC888	is_a	adult posterior slope neuron 107	
720575941659129112	BANC_888:720575941659129112	BANC888	is_a	adult CB2507 neuron	
720575941659146320	BANC_888:720575941659146320	BANC888	is_a	adult CB1903 neuron	
720575941659146832	BANC_888:720575941659146832	BANC888	is_a	mushroom body output neuron 22	
720575941659147544	BANC_888:720575941659147544	BANC888	is_a	adult optic lobe intrinsic neuron	
720575941659150160	BANC_888:720575941659150160	BANC888	is_a	centrifugal neuron C2	
720575941659152464	BANC_888:720575941659152464	BANC888	is_a	lamina monopolar neuron L5	
720575941659159120	BANC_888:720575941659159120	BANC888	is_a	centrifugal neuron C2	
720575941659163928	BANC_888:720575941659163928	BANC888	is_a	transmedullary Y neuron TmY3	
720575941659180880	BANC_888:720575941659180880	BANC888	is_a	transmedullary Y neuron TmY14	
720575941659183384	BANC_888:720575941659183384	BANC888	is_a	adult optic lobe intrinsic neuron	
720575941659183952	BANC_888:720575941659183952	BANC888	is_a	sensory neuron of haltere campaniform sensillum	
720575941659192144	BANC_888:720575941659192144	BANC888	is_a	adult CB2365 neuron	
720575941659194904	BANC_888:720575941659194904	BANC888	is_a	adult optic lobe intrinsic neuron	
720575941659199000	BANC_888:720575941659199000	BANC888	is_a	adult optic lobe intrinsic neuron	
720575941659199256	BANC_888:720575941659199256	BANC888	is_a	adult optic lobe intrinsic neuron	
720575941659208216	BANC_888:720575941659208216	BANC888	is_a	adult optic lobe intrinsic neuron	
720575941659208528	BANC_888:720575941659208528	BANC888	is_a	visual projection neuron	
720575941659209808	BANC_888:720575941659209808	BANC888	is_a	adult superior medial protocerebrum neuron 410	
720575941659212880	BANC_888:720575941659212880	BANC888	is_a	adult inferior bridge neuron 059	
720575941659215440	BANC_888:720575941659215440	BANC888	is_a	adult anterior ventrolateral protocerebrum neuron 555	
720575941659216464	BANC_888:720575941659216464	BANC888	is_a	adult fan-shaped body 1 column-rubus neuron 2	
720575941659219024	BANC_888:720575941659219024	BANC888	is_a	adult CB2896 neuron	
720575941659223888	BANC_888:720575941659223888	BANC888	is_a	adult ascending neuron	
720575941659225936	BANC_888:720575941659225936	BANC888	is_a	lobula columnar neuron LC10c	
720575941659231056	BANC_888:720575941659231056	BANC888	is_a	adult posterior ventrolateral protocerebrum neuron 029	
720575941659233560	BANC_888:720575941659233560	BANC888	is_a	adult optic lobe intrinsic neuron	
720575941659234640	BANC_888:720575941659234640	BANC888	is_a	adult wedge neuron 024	
720575941659237144	BANC_888:720575941659237144	BANC888	is_a	adult optic lobe intrinsic neuron	
720575941659239760	BANC_888:720575941659239760	BANC888	is_a	lobula plate columnar neuron LPC1	
720575941659242064	BANC_888:720575941659242064	BANC888	is_a	adult multiglomerular antennal lobe projection neuron type 29 lvPN	
720575941659243288	BANC_888:720575941659243288	BANC888	is_a	adult optic lobe intrinsic neuron	
720575941659246160	BANC_888:720575941659246160	BANC888	is_a	adult lobula columnar neuron LC31b	
720575941659246360	BANC_888:720575941659246360	BANC888	is_a	adult optic lobe intrinsic neuron	
720575941659251736	BANC_888:720575941659251736	BANC888	is_a	adult optic lobe intrinsic neuron	
720575941659252560	BANC_888:720575941659252560	BANC888	is_a	adult superior medial protocerebrum neuron 281	
720575941659254040	BANC_888:720575941659254040	BANC888	is_a	adult optic lobe intrinsic neuron	
720575941659254096	BANC_888:720575941659254096	BANC888	is_a	adult lateral accessory lobe neuron 047	
720575941659256344	BANC_888:720575941659256344	BANC888	is_a	T5c neuron	
720575941659261520	BANC_888:720575941659261520	BANC888	is_a	adult superior medial protocerebrum neuron 178	
720575941659266896	BANC_888:720575941659266896	BANC888	is_a	adult saddle neuron 084	
720575941659267352	BANC_888:720575941659267352	BANC888	is_a	centrifugal neuron C3	
720575941659268632	BANC_888:720575941659268632	BANC888	is_a	adult optic lobe intrinsic neuron	
720575941659283024	BANC_888:720575941659283024	BANC888	is_a	adult CB2501 neuron	
720575941659283536	BANC_888:720575941659283536	BANC888	is_a	adult CB2737 neuron	
720575941659288144	BANC_888:720575941659288144	BANC888	is_a	adult CB3439 neuron	
720575941659288400	BANC_888:720575941659288400	BANC888	is_a	protocerebral bridge 1 glomerulus-fan-shaped body-nodulus 3 posterior domain neuron	
720575941659288600	BANC_888:720575941659288600	BANC888	is_a	medulla intrinsic neuron Mi1	
720575941659290704	BANC_888:720575941659290704	BANC888	is_a	adult superior medial protocerebrum neuron 162	
720575941659292952	BANC_888:720575941659292952	BANC888	is_a	adult optic lobe intrinsic neuron	
720575941659294288	BANC_888:720575941659294288	BANC888	is_a	adult superior medial protocerebrum neuron 049	
720575941659300176	BANC_888:720575941659300176	BANC888	is_a	adult crepine neuron 103	
720575941659300944	BANC_888:720575941659300944	BANC888	is_a	adult olfactory receptor neuron Or42b	
720575941659304472	BANC_888:720575941659304472	BANC888	is_a	adult CB0215 neuron	
720575941659305752	BANC_888:720575941659305752	BANC888	is_a	adult antennal lobe local neuron lLN1	FlyBase:FBrf0249560
720575941659307288	BANC_888:720575941659307288	BANC888	is_a	adult optic lobe intrinsic neuron	
720575941659316816	BANC_888:720575941659316816	BANC888	is_a	adult optic lobe intrinsic neuron	
720575941659324496	BANC_888:720575941659324496	BANC888	is_a	adult optic lobe intrinsic neuron	
720575941659328592	BANC_888:720575941659328592	BANC888	is_a	adult AN08B010 neuron	
720575941659328848	BANC_888:720575941659328848	BANC888	is_a	adult IN21A072 neuron	
720575941659330896	BANC_888:720575941659330896	BANC888	is_a	adult Kenyon cell	
720575941659338320	BANC_888:720575941659338320	BANC888	is_a	lamina monopolar neuron L1	
720575941659342928	BANC_888:720575941659342928	BANC888	is_a	lamina monopolar neuron L5	
720575941659349840	BANC_888:720575941659349840	BANC888	is_a	adult optic lobe intrinsic neuron	
720575941659354704	BANC_888:720575941659354704	BANC888	is_a	adult optic lobe intrinsic neuron	
720575941659356240	BANC_888:720575941659356240	BANC888	is_a	adult optic lobe intrinsic neuron	
720575941659367504	BANC_888:720575941659367504	BANC888	is_a	T4c neuron	
720575941659372112	BANC_888:720575941659372112	BANC888	is_a	transmedullary neuron Tm20	
720575941659389264	BANC_888:720575941659389264	BANC888	is_a	adult optic lobe intrinsic neuron	
720575941659397456	BANC_888:720575941659397456	BANC888	is_a	adult EN00B016 neuron	
720575941659398736	BANC_888:720575941659398736	BANC888	is_a	adult lateral horn PV5l1 neuron	
720575941659400728	BANC_888:720575941659400728	BANC888	is_a	columnar neuron T1	
720575941659400984	BANC_888:720575941659400984	BANC888	is_a	descending neuron of the gnathal ganglion DNg08	
720575941659407896	BANC_888:720575941659407896	BANC888	is_a	photoreceptor cell R7	
720575941659408464	BANC_888:720575941659408464	BANC888	is_a	adult optic lobe intrinsic neuron	
720575941659424336	BANC_888:720575941659424336	BANC888	is_a	bitter-sensing neuron	
720575941659429912	BANC_888:720575941659429912	BANC888	is_a	lamina monopolar neuron L3	
720575941659438160	BANC_888:720575941659438160	BANC888	is_a	adult CB1359 neuron	
720575941659440664	BANC_888:720575941659440664	BANC888	is_a	T3 neuron	
720575941659441688	BANC_888:720575941659441688	BANC888	is_a	transmedullary neuron Tm4	
720575941659442256	BANC_888:720575941659442256	BANC888	is_a	adult wedge neuron 040	
720575941659448656	BANC_888:720575941659448656	BANC888	is_a	adult optic lobe intrinsic neuron	
720575941659449168	BANC_888:720575941659449168	BANC888	is_a	adult optic lobe intrinsic neuron	
720575941659456336	BANC_888:720575941659456336	BANC888	is_a	adult clamp neuron 177	
720575941659459352	BANC_888:720575941659459352	BANC888	is_a	lamina monopolar neuron L4	
720575941659459608	BANC_888:720575941659459608	BANC888	is_a	photoreceptor cell R7	
720575941659462480	BANC_888:720575941659462480	BANC888	is_a	adult optic lobe intrinsic neuron	
720575941659464984	BANC_888:720575941659464984	BANC888	is_a	zone E Johnston organ neuron	
720575941659466776	BANC_888:720575941659466776	BANC888	is_a	zone E Johnston organ neuron	
720575941659467544	BANC_888:720575941659467544	BANC888	is_a	lamina monopolar neuron L4	
720575941659468312	BANC_888:720575941659468312	BANC888	is_a	lamina monopolar neuron L2	
720575941659483416	BANC_888:720575941659483416	BANC888	is_a	adult SNta21 neuron	
720575941659489048	BANC_888:720575941659489048	BANC888	is_a	lamina monopolar neuron L4	
720575941659490640	BANC_888:720575941659490640	BANC888	is_a	T4d neuron	
720575941659493456	BANC_888:720575941659493456	BANC888	is_a	T5b neuron	
720575941659493968	BANC_888:720575941659493968	BANC888	is_a	adult optic lobe intrinsic neuron	
720575941659494992	BANC_888:720575941659494992	BANC888	is_a	T5c neuron	
720575941659497496	BANC_888:720575941659497496	BANC888	is_a	photoreceptor cell R7	
720575941659521560	BANC_888:720575941659521560	BANC888	is_a	photoreceptor cell R7	
720575941659532312	BANC_888:720575941659532312	BANC888	is_a	T5c neuron	
720575941659532568	BANC_888:720575941659532568	BANC888	is_a	lamina monopolar neuron L5	
720575941659537176	BANC_888:720575941659537176	BANC888	is_a	photoreceptor cell R7	
720575941659537432	BANC_888:720575941659537432	BANC888	is_a	lamina monopolar neuron L5	
720575941659545368	BANC_888:720575941659545368	BANC888	is_a	photoreceptor cell R7	
720575941659549008	BANC_888:720575941659549008	BANC888	is_a	adult optic lobe intrinsic neuron	
720575941659562008	BANC_888:720575941659562008	BANC888	is_a	photoreceptor cell R8	
720575941659563288	BANC_888:720575941659563288	BANC888	is_a	lamina monopolar neuron L1	
720575941659567128	BANC_888:720575941659567128	BANC888	is_a	adult optic lobe intrinsic neuron	
720575941659568152	BANC_888:720575941659568152	BANC888	is_a	lamina monopolar neuron L1	
720575941659568920	BANC_888:720575941659568920	BANC888	is_a	adult optic lobe intrinsic neuron	
720575941659579984	BANC_888:720575941659579984	BANC888	is_a	adult optic lobe intrinsic neuron	
720575941659580184	BANC_888:720575941659580184	BANC888	is_a	lamina monopolar neuron L1	
720575941659595320	BANC_888:720575941659595320	BANC888	is_a	descending neuron of the gnathal ganglion DNg10	
720575941659615000	BANC_888:720575941659615000	BANC888	is_a	adult optic lobe intrinsic neuron	
720575941659619608	BANC_888:720575941659619608	BANC888	is_a	adult optic lobe intrinsic neuron	
720575941659634712	BANC_888:720575941659634712	BANC888	is_a	adult optic lobe intrinsic neuron	
720575941659650128	BANC_888:720575941659650128	BANC888	is_a	lamina monopolar neuron L2	
720575941659653712	BANC_888:720575941659653712	BANC888	is_a	adult AN07B049 neuron	
720575941659661592	BANC_888:720575941659661592	BANC888	is_a	lamina monopolar neuron L5	
720575941659661624	BANC_888:720575941659661624	BANC888	is_a	adult AN07B052 neuron	
720575941659665232	BANC_888:720575941659665232	BANC888	is_a	adult IN17B008 neuron	
720575941659667280	BANC_888:720575941659667280	BANC888	is_a	lamina monopolar neuron L2	
720575941659667792	BANC_888:720575941659667792	BANC888	is_a	photoreceptor cell R7	
720575941659672088	BANC_888:720575941659672088	BANC888	is_a	adult CB2341 neuron	
720575941659674904	BANC_888:720575941659674904	BANC888	is_a	zone E Johnston organ neuron	
720575941659675704	BANC_888:720575941659675704	BANC888	is_a	adult IN03B072 neuron	
720575941659677976	BANC_888:720575941659677976	BANC888	is_a	adult anterior ventrolateral protocerebrum neuron 300	
720575941659678264	BANC_888:720575941659678264	BANC888	is_a	adult IN06B056 neuron	
720575941659678800	BANC_888:720575941659678800	BANC888	is_a	centrifugal neuron C3	
720575941659686424	BANC_888:720575941659686424	BANC888	is_a	adult fan-shaped body layer 6 neuron of CP2 lineage	
720575941659687704	BANC_888:720575941659687704	BANC888	is_a	photoreceptor cell R8	
720575941659687960	BANC_888:720575941659687960	BANC888	is_a	adult anterior ventrolateral protocerebrum neuron 059	
720575941659688472	BANC_888:720575941659688472	BANC888	is_a	adult CB1268 neuron	
720575941659689752	BANC_888:720575941659689752	BANC888	is_a	adult intrinsic protocerebral bridge 18 glomeruli-delta7 neuron	
720575941659692056	BANC_888:720575941659692056	BANC888	is_a	adult central brain intrinsic neuron	
720575941659692624	BANC_888:720575941659692624	BANC888	is_a	zone B Johnston organ neuron	
720575941659694104	BANC_888:720575941659694104	BANC888	is_a	adult superior medial protocerebrum neuron 066	
720575941659694360	BANC_888:720575941659694360	BANC888	is_a	adult posterior lateral protocerebrum neuron 182	
720575941659694872	BANC_888:720575941659694872	BANC888	is_a	adult fan-shaped body 1 column-crepine neuron	FlyBase:FBrf0246888
720575941659696152	BANC_888:720575941659696152	BANC888	is_a	adult CB1552 neuron	
720575941659696184	BANC_888:720575941659696184	BANC888	is_a	adult IN06A019 neuron	
720575941659699480	BANC_888:720575941659699480	BANC888	is_a	dopaminergic PAM neuron 8	
720575941659713560	BANC_888:720575941659713560	BANC888	is_a	adult CB3284 neuron	
720575941659713872	BANC_888:720575941659713872	BANC888	is_a	photoreceptor cell R8	
720575941659715352	BANC_888:720575941659715352	BANC888	is_a	adult superior medial protocerebrum neuron 018	
720575941659723600	BANC_888:720575941659723600	BANC888	is_a	photoreceptor cell R7	
720575941659725392	BANC_888:720575941659725392	BANC888	is_a	lamina monopolar neuron L3	
720575941659725648	BANC_888:720575941659725648	BANC888	is_a	lamina monopolar neuron L3	
720575941659730456	BANC_888:720575941659730456	BANC888	is_a	adult CB1687 neuron	
720575941659730712	BANC_888:720575941659730712	BANC888	is_a	adult CB0853 neuron	
720575941659731224	BANC_888:720575941659731224	BANC888	is_a	transmedullary Y neuron TmY20	
720575941659731512	BANC_888:720575941659731512	BANC888	is_a	adult IN10B038 neuron	
720575941659735096	BANC_888:720575941659735096	BANC888	is_a	adult IN14A034 neuron	
720575941659736600	BANC_888:720575941659736600	BANC888	is_a	adult optic lobe intrinsic neuron	
720575941659738192	BANC_888:720575941659738192	BANC888	is_a	lamina monopolar neuron L1	
720575941659738648	BANC_888:720575941659738648	BANC888	is_a	lobula columnar neuron LC10c	
720575941659738960	BANC_888:720575941659738960	BANC888	is_a	photoreceptor cell R8	
720575941659739416	BANC_888:720575941659739416	BANC888	is_a	adult optic lobe intrinsic neuron	
720575941659739984	BANC_888:720575941659739984	BANC888	is_a	lamina monopolar neuron L5	
720575941659746128	BANC_888:720575941659746128	BANC888	is_a	lobula columnar neuron LC21	
720575941659746840	BANC_888:720575941659746840	BANC888	is_a	lamina monopolar neuron L2	
720575941659748120	BANC_888:720575941659748120	BANC888	is_a	adult optic lobe intrinsic neuron	
720575941659755544	BANC_888:720575941659755544	BANC888	is_a	zone E Johnston organ neuron	
720575941659762744	BANC_888:720575941659762744	BANC888	is_a	adult VNC neuron	
720575941659764280	BANC_888:720575941659764280	BANC888	is_a	prothoracic leg taste bristle chemosensory neuron	
720575941659770680	BANC_888:720575941659770680	BANC888	is_a	adult IN03A063 neuron	
720575941659771160	BANC_888:720575941659771160	BANC888	is_a	transmedullary neuron Tm4	
720575941659774232	BANC_888:720575941659774232	BANC888	is_a	adult optic lobe intrinsic neuron	
720575941659776592	BANC_888:720575941659776592	BANC888	is_a	lamina monopolar neuron L3	
720575941659777048	BANC_888:720575941659777048	BANC888	is_a	lobula columnar neuron LC10c	
720575941659777560	BANC_888:720575941659777560	BANC888	is_a	lobula columnar neuron LC30	FlyBase:FBrf0262545
720575941659777816	BANC_888:720575941659777816	BANC888	is_a	lobula columnar neuron LC15	
720575941659779096	BANC_888:720575941659779096	BANC888	is_a	adult optic lobe intrinsic neuron	
720575941659792920	BANC_888:720575941659792920	BANC888	is_a	adult optic lobe intrinsic neuron	
720575941659795000	BANC_888:720575941659795000	BANC888	is_a	adult IN06B063 neuron	
720575941659805240	BANC_888:720575941659805240	BANC888	is_a	adult IN14A052 neuron	
720575941659807512	BANC_888:720575941659807512	BANC888	is_a	adult optic lobe intrinsic neuron	
720575941659807568	BANC_888:720575941659807568	BANC888	is_a	lamina monopolar neuron L1	
720575941659809616	BANC_888:720575941659809616	BANC888	is_a	lamina monopolar neuron L1	
720575941659820312	BANC_888:720575941659820312	BANC888	is_a	adult lobula columnar neuron LC37	
720575941659821880	BANC_888:720575941659821880	BANC888	is_a	adult INXXX290 neuron	
720575941659824464	BANC_888:720575941659824464	BANC888	is_a	lamina monopolar neuron L5	
720575941659824720	BANC_888:720575941659824720	BANC888	is_a	lamina monopolar neuron L4	
720575941659827280	BANC_888:720575941659827280	BANC888	is_a	lamina monopolar neuron L2	
720575941659827512	BANC_888:720575941659827512	BANC888	is_a	adult IN20A.22A043 neuron	
720575941659829328	BANC_888:720575941659829328	BANC888	is_a	photoreceptor cell R8	
720575941659837464	BANC_888:720575941659837464	BANC888	is_a	medulla intrinsic neuron Mi4	
720575941659839000	BANC_888:720575941659839000	BANC888	is_a	lobula columnar neuron LC11	
720575941659843096	BANC_888:720575941659843096	BANC888	is_a	distal medullary amacrine neuron Dm10	
720575941659844176	BANC_888:720575941659844176	BANC888	is_a	adult SNxx05 neuron	
720575941659849016	BANC_888:720575941659849016	BANC888	is_a	protocerebral bridge 1 glomerulus-fan-shaped body-nodulus 3 anterior domain neuron	
720575941659851288	BANC_888:720575941659851288	BANC888	is_a	adult optic lobe intrinsic neuron	
720575941659852056	BANC_888:720575941659852056	BANC888	is_a	adult optic lobe intrinsic neuron	
720575941659853848	BANC_888:720575941659853848	BANC888	is_a	adult medulla-lobula neuron MeLo3b	FlyBase:FBrf0262545
720575941659858768	BANC_888:720575941659858768	BANC888	is_a	photoreceptor cell R8	
720575941659859792	BANC_888:720575941659859792	BANC888	is_a	photoreceptor cell R7	
720575941659861528	BANC_888:720575941659861528	BANC888	is_a	adult SNta21 neuron	
720575941659862808	BANC_888:720575941659862808	BANC888	is_a	columnar neuron T1	
720575941659862864	BANC_888:720575941659862864	BANC888	is_a	lamina monopolar neuron L1	
720575941659863120	BANC_888:720575941659863120	BANC888	is_a	adult optic lobe intrinsic neuron	
720575941659863632	BANC_888:720575941659863632	BANC888	is_a	centrifugal neuron C2	
720575941659865424	BANC_888:720575941659865424	BANC888	is_a	photoreceptor cell R7	
720575941659874384	BANC_888:720575941659874384	BANC888	is_a	lamina monopolar neuron L3	
720575941659877456	BANC_888:720575941659877456	BANC888	is_a	photoreceptor cell R7	
720575941659878224	BANC_888:720575941659878224	BANC888	is_a	centrifugal neuron C3	
720575941659878424	BANC_888:720575941659878424	BANC888	is_a	medulla intrinsic neuron Mi9	
720575941659879504	BANC_888:720575941659879504	BANC888	is_a	centrifugal neuron C3	
720575941659887896	BANC_888:720575941659887896	BANC888	is_a	zone B Johnston organ neuron	
720575941659899416	BANC_888:720575941659899416	BANC888	is_a	adult optic lobe intrinsic neuron	
720575941659905816	BANC_888:720575941659905816	BANC888	is_a	lobula columnar neuron LC13	
720575941659906584	BANC_888:720575941659906584	BANC888	is_a	adult optic lobe intrinsic neuron	
720575941659910424	BANC_888:720575941659910424	BANC888	is_a	adult optic lobe intrinsic neuron	
720575941659914064	BANC_888:720575941659914064	BANC888	is_a	lamina monopolar neuron L1	
720575941659916056	BANC_888:720575941659916056	BANC888	is_a	adult optic lobe intrinsic neuron	
720575941659920920	BANC_888:720575941659920920	BANC888	is_a	adult optic lobe intrinsic neuron	
720575941659924248	BANC_888:720575941659924248	BANC888	is_a	adult optic lobe intrinsic neuron	
720575941659928088	BANC_888:720575941659928088	BANC888	is_a	adult medulla tangential neuron e01b	
720575941659935512	BANC_888:720575941659935512	BANC888	is_a	adult SNxx04 neuron	
720575941659939096	BANC_888:720575941659939096	BANC888	is_a	distal medullary amacrine neuron Dm3a	FlyBase:FBrf0262545
720575941659939664	BANC_888:720575941659939664	BANC888	is_a	distal medullary amacrine neuron Dm11	
720575941659941456	BANC_888:720575941659941456	BANC888	is_a	adult optic lobe intrinsic neuron	
720575941659942992	BANC_888:720575941659942992	BANC888	is_a	transmedullary neuron Tm4	
720575941659946264	BANC_888:720575941659946264	BANC888	is_a	adult CB1125 neuron	
720575941659947544	BANC_888:720575941659947544	BANC888	is_a	transmedullary neuron Tm2	
720575941659952664	BANC_888:720575941659952664	BANC888	is_a	centrifugal neuron C2	
720575941659952920	BANC_888:720575941659952920	BANC888	is_a	adult optic lobe intrinsic neuron	
720575941659953744	BANC_888:720575941659953744	BANC888	is_a	Y neuron Y3	
720575941659954968	BANC_888:720575941659954968	BANC888	is_a	adult optic lobe intrinsic neuron	
720575941659960088	BANC_888:720575941659960088	BANC888	is_a	medulla intrinsic neuron Mi9	
720575941659960656	BANC_888:720575941659960656	BANC888	is_a	T2 neuron	
720575941659962136	BANC_888:720575941659962136	BANC888	is_a	adult optic lobe intrinsic neuron	
720575941659964184	BANC_888:720575941659964184	BANC888	is_a	medulla intrinsic neuron Mi4	
720575941659966800	BANC_888:720575941659966800	BANC888	is_a	lamina monopolar neuron L4	
720575941659967568	BANC_888:720575941659967568	BANC888	is_a	accessory medulla neuron aMe5	
720575941659972688	BANC_888:720575941659972688	BANC888	is_a	adult posterior slope neuron 197	
720575941659973968	BANC_888:720575941659973968	BANC888	is_a	lobula columnar neuron LC9	
720575941659975960	BANC_888:720575941659975960	BANC888	is_a	adult CB1640 neuron	
720575941659976528	BANC_888:720575941659976528	BANC888	is_a	adult superior lateral protocerebrum neuron 239	
720575941659978008	BANC_888:720575941659978008	BANC888	is_a	transmedullary neuron Tm1	
720575941659978064	BANC_888:720575941659978064	BANC888	is_a	adult antennal lobe projection neuron VM6+ lvPN 2	
720575941659979800	BANC_888:720575941659979800	BANC888	is_a	adult fan-shaped body horizontal delta neuron J	
720575941659980112	BANC_888:720575941659980112	BANC888	is_a	photoreceptor cell R8	
720575941659981080	BANC_888:720575941659981080	BANC888	is_a	T4d neuron	
720575941659982360	BANC_888:720575941659982360	BANC888	is_a	adult CB1011 neuron	
720575941659983184	BANC_888:720575941659983184	BANC888	is_a	adult CB1551 neuron	
720575941659984976	BANC_888:720575941659984976	BANC888	is_a	adult CB1181 neuron	
720575941659985944	BANC_888:720575941659985944	BANC888	is_a	adult CB1428 neuron	
720575941659987536	BANC_888:720575941659987536	BANC888	is_a	adult medulla visual projection neuron MeVPMe5	FlyBase:FBrf0262545
720575941659990864	BANC_888:720575941659990864	BANC888	is_a	adult CB3513 neuron	
720575941659991064	BANC_888:720575941659991064	BANC888	is_a	adult optic lobe intrinsic neuron	
720575941659991320	BANC_888:720575941659991320	BANC888	is_a	medulla intrinsic neuron Mi13	
720575941659991376	BANC_888:720575941659991376	BANC888	is_a	adult CB2331 neuron	
720575941659992656	BANC_888:720575941659992656	BANC888	is_a	adult clamp neuron 269	
720575941659993168	BANC_888:720575941659993168	BANC888	is_a	lobula columnar neuron LC11	
720575941659997776	BANC_888:720575941659997776	BANC888	is_a	photoreceptor cell R8	
720575941660001560	BANC_888:720575941660001560	BANC888	is_a	adult CB2733 neuron	
720575941660003096	BANC_888:720575941660003096	BANC888	is_a	adult optic lobe intrinsic neuron	
720575941660005912	BANC_888:720575941660005912	BANC888	is_a	adult optic lobe intrinsic neuron	
720575941660009496	BANC_888:720575941660009496	BANC888	is_a	adult optic lobe intrinsic neuron	
720575941660013336	BANC_888:720575941660013336	BANC888	is_a	adult olfactory receptor neuron Or85d	
720575941660014104	BANC_888:720575941660014104	BANC888	is_a	lobula columnar neuron LC6	
720575941660015640	BANC_888:720575941660015640	BANC888	is_a	transmedullary neuron Tm23	FlyBase:FBrf0262545
720575941660017232	BANC_888:720575941660017232	BANC888	is_a	adult mAL-PN lateral horn input neuron	
720575941660022040	BANC_888:720575941660022040	BANC888	is_a	adult medulla-tubercle neuron 1	
720575941660024600	BANC_888:720575941660024600	BANC888	is_a	distal medullary amacrine neuron Dm3c	FlyBase:FBrf0262545
720575941660024912	BANC_888:720575941660024912	BANC888	is_a	distal medullary amacrine neuron Dm10	
720575941660026192	BANC_888:720575941660026192	BANC888	is_a	adult olfactory receptor neuron Or47a	
720575941660026648	BANC_888:720575941660026648	BANC888	is_a	adult optic lobe intrinsic neuron	
720575941660026704	BANC_888:720575941660026704	BANC888	is_a	adult optic lobe intrinsic neuron	
720575941660030544	BANC_888:720575941660030544	BANC888	is_a	adult CB3748 neuron	
720575941660031000	BANC_888:720575941660031000	BANC888	is_a	adult optic lobe intrinsic neuron	
720575941660033360	BANC_888:720575941660033360	BANC888	is_a	adult crepine neuron 013	
720575941660034328	BANC_888:720575941660034328	BANC888	is_a	lamina wide-field 1 neuron	
720575941660038424	BANC_888:720575941660038424	BANC888	is_a	T4c neuron	
720575941660041496	BANC_888:720575941660041496	BANC888	is_a	adult optic lobe intrinsic neuron	
720575941660052048	BANC_888:720575941660052048	BANC888	is_a	adult optic lobe intrinsic neuron	
720575941660054552	BANC_888:720575941660054552	BANC888	is_a	medulla intrinsic neuron Mi1	
720575941660055064	BANC_888:720575941660055064	BANC888	is_a	adult optic lobe intrinsic neuron	
720575941660055120	BANC_888:720575941660055120	BANC888	is_a	T5c neuron	
720575941660055320	BANC_888:720575941660055320	BANC888	is_a	transmedullary neuron Tm3	
720575941660058392	BANC_888:720575941660058392	BANC888	is_a	lobula plate intrinsic neuron LPi2d	FlyBase:FBrf0262545
720575941660058904	BANC_888:720575941660058904	BANC888	is_a	transmedullary neuron Tm20	
720575941660063000	BANC_888:720575941660063000	BANC888	is_a	transmedullary neuron Tm20	
720575941660064080	BANC_888:720575941660064080	BANC888	is_a	adult optic lobe intrinsic neuron	
720575941660064280	BANC_888:720575941660064280	BANC888	is_a	visual projection neuron	
720575941660065816	BANC_888:720575941660065816	BANC888	is_a	T4a neuron	
720575941660071448	BANC_888:720575941660071448	BANC888	is_a	lamina monopolar neuron L5	
720575941660072528	BANC_888:720575941660072528	BANC888	is_a	lobula plate-lobula columnar neuron LPLC1	
720575941660072728	BANC_888:720575941660072728	BANC888	is_a	adult optic lobe intrinsic neuron	
720575941660082712	BANC_888:720575941660082712	BANC888	is_a	adult optic lobe intrinsic neuron	
720575941660083224	BANC_888:720575941660083224	BANC888	is_a	T5d neuron	
720575941660088144	BANC_888:720575941660088144	BANC888	is_a	zone E Johnston organ neuron	
720575941660094488	BANC_888:720575941660094488	BANC888	is_a	adult optic lobe intrinsic neuron	
720575941660095312	BANC_888:720575941660095312	BANC888	is_a	adult optic lobe intrinsic neuron	
720575941660096592	BANC_888:720575941660096592	BANC888	is_a	adult optic lobe intrinsic neuron	
720575941660097360	BANC_888:720575941660097360	BANC888	is_a	lamina monopolar neuron L2	
720575941660098840	BANC_888:720575941660098840	BANC888	is_a	adult central brain intrinsic neuron	
720575941660101712	BANC_888:720575941660101712	BANC888	is_a	lobula plate-lobula columnar neuron LPLC2	
720575941660101912	BANC_888:720575941660101912	BANC888	is_a	adult optic lobe intrinsic neuron	
720575941660102168	BANC_888:720575941660102168	BANC888	is_a	distal medullary amacrine neuron Dm2	
720575941660107800	BANC_888:720575941660107800	BANC888	is_a	adult optic lobe intrinsic neuron	
720575941660107856	BANC_888:720575941660107856	BANC888	is_a	adult optic lobe intrinsic neuron	
720575941660112208	BANC_888:720575941660112208	BANC888	is_a	adult optic lobe intrinsic neuron	
720575941660119320	BANC_888:720575941660119320	BANC888	is_a	bristle sensory neuron	
720575941660127000	BANC_888:720575941660127000	BANC888	is_a	adult optic lobe intrinsic neuron	
720575941660129104	BANC_888:720575941660129104	BANC888	is_a	adult abdominal multidendritic neuron	
720575941660131096	BANC_888:720575941660131096	BANC888	is_a	medulla intrinsic neuron Mi1	
720575941660131352	BANC_888:720575941660131352	BANC888	is_a	adult optic lobe intrinsic neuron	
720575941660131408	BANC_888:720575941660131408	BANC888	is_a	centrifugal neuron C2	
720575941660132120	BANC_888:720575941660132120	BANC888	is_a	translobula plate neuron Tlp4	
720575941660134480	BANC_888:720575941660134480	BANC888	is_a	lamina monopolar neuron L2	
720575941660138520	BANC_888:720575941660138520	BANC888	is_a	lamina wide-field 1 neuron	
720575941660142160	BANC_888:720575941660142160	BANC888	is_a	T3 neuron	
720575941660146768	BANC_888:720575941660146768	BANC888	is_a	adult Li34 neuron	FlyBase:FBrf0262545
720575941660147024	BANC_888:720575941660147024	BANC888	is_a	transmedullary neuron Tm1	
720575941660151576	BANC_888:720575941660151576	BANC888	is_a	adult IN07B016 neuron	
720575941660152088	BANC_888:720575941660152088	BANC888	is_a	transmedullary neuron Tm3	
720575941660155160	BANC_888:720575941660155160	BANC888	is_a	adult IN08A007 neuron	
720575941660162896	BANC_888:720575941660162896	BANC888	is_a	visual projection neuron	
720575941660163408	BANC_888:720575941660163408	BANC888	is_a	T5c neuron	
720575941660163920	BANC_888:720575941660163920	BANC888	is_a	adult optic lobe intrinsic neuron	
720575941660164632	BANC_888:720575941660164632	BANC888	is_a	adult lobula visual projection neuron LoVP93	FlyBase:FBrf0262545
720575941660168248	BANC_888:720575941660168248	BANC888	is_a	adult CB1741 neuron	
720575941660171032	BANC_888:720575941660171032	BANC888	is_a	transmedullary Y neuron TmY5a	
720575941660183632	BANC_888:720575941660183632	BANC888	is_a	adult optic lobe intrinsic neuron	
720575941660186392	BANC_888:720575941660186392	BANC888	is_a	adult lobula visual centrifugal neuron LoVC27	FlyBase:FBrf0262545
720575941660188752	BANC_888:720575941660188752	BANC888	is_a	transmedullary Y neuron TmY5a	
720575941660189208	BANC_888:720575941660189208	BANC888	is_a	adult optic lobe intrinsic neuron	
720575941660194072	BANC_888:720575941660194072	BANC888	is_a	adult optic lobe intrinsic neuron	
720575941660194384	BANC_888:720575941660194384	BANC888	is_a	adult optic lobe intrinsic neuron	
720575941660194840	BANC_888:720575941660194840	BANC888	is_a	adult optic lobe intrinsic neuron	
720575941660195096	BANC_888:720575941660195096	BANC888	is_a	adult optic lobe intrinsic neuron	
720575941660196120	BANC_888:720575941660196120	BANC888	is_a	adult optic lobe intrinsic neuron	
720575941660198224	BANC_888:720575941660198224	BANC888	is_a	adult optic lobe intrinsic neuron	
720575941660201552	BANC_888:720575941660201552	BANC888	is_a	adult optic lobe intrinsic neuron	
720575941660202520	BANC_888:720575941660202520	BANC888	is_a	T2 neuron	
720575941660204112	BANC_888:720575941660204112	BANC888	is_a	adult optic lobe intrinsic neuron	
720575941660209208	BANC_888:720575941660209208	BANC888	is_a	adult lobula intrinsic neuron Li22	FlyBase:FBrf0262545
720575941660210712	BANC_888:720575941660210712	BANC888	is_a	adult optic lobe intrinsic neuron	
720575941660214808	BANC_888:720575941660214808	BANC888	is_a	adult optic lobe intrinsic neuron	
720575941660215608	BANC_888:720575941660215608	BANC888	is_a	sensory neuron	
720575941660220184	BANC_888:720575941660220184	BANC888	is_a	adult optic lobe intrinsic neuron	
720575941660220240	BANC_888:720575941660220240	BANC888	is_a	adult optic lobe intrinsic neuron	
720575941660224592	BANC_888:720575941660224592	BANC888	is_a	adult optic lobe intrinsic neuron	
720575941660225872	BANC_888:720575941660225872	BANC888	is_a	adult optic lobe intrinsic neuron	
720575941660230936	BANC_888:720575941660230936	BANC888	is_a	adult olfactory receptor neuron Ir31a	
720575941660232984	BANC_888:720575941660232984	BANC888	is_a	adult olfactory receptor neuron Or88a	
720575941660239384	BANC_888:720575941660239384	BANC888	is_a	T5d neuron	
720575941660240152	BANC_888:720575941660240152	BANC888	is_a	adult olfactory receptor neuron Or85b	
720575941660250904	BANC_888:720575941660250904	BANC888	is_a	lobula columnar neuron LC16	
720575941660251984	BANC_888:720575941660251984	BANC888	is_a	columnar neuron T1	
720575941660252696	BANC_888:720575941660252696	BANC888	is_a	adult central medulla intrinsic neuron Cm6	FlyBase:FBrf0262545
720575941660255568	BANC_888:720575941660255568	BANC888	is_a	T5d neuron	
720575941660257104	BANC_888:720575941660257104	BANC888	is_a	adult optic lobe intrinsic neuron	
720575941660261200	BANC_888:720575941660261200	BANC888	is_a	zone B Johnston organ neuron	
720575941660262680	BANC_888:720575941660262680	BANC888	is_a	adult optic lobe intrinsic neuron	
720575941660262992	BANC_888:720575941660262992	BANC888	is_a	adult CB2144 neuron	
720575941660263192	BANC_888:720575941660263192	BANC888	is_a	medulla intrinsic neuron Mi1	
720575941660266064	BANC_888:720575941660266064	BANC888	is_a	adult optic lobe intrinsic neuron	
720575941660267088	BANC_888:720575941660267088	BANC888	is_a	transmedullary neuron Tm1	
720575941660269080	BANC_888:720575941660269080	BANC888	is_a	transmedullary neuron Tm9	
720575941660271696	BANC_888:720575941660271696	BANC888	is_a	medulla intrinsic neuron Mi9	
720575941660272464	BANC_888:720575941660272464	BANC888	is_a	lobula columnar neuron LC17	
720575941660272664	BANC_888:720575941660272664	BANC888	is_a	medulla intrinsic neuron Mi4	
720575941660273432	BANC_888:720575941660273432	BANC888	is_a	adult optic lobe intrinsic neuron	
720575941660274256	BANC_888:720575941660274256	BANC888	is_a	adult optic lobe intrinsic neuron	
720575941660274712	BANC_888:720575941660274712	BANC888	is_a	adult optic lobe intrinsic neuron	
720575941660275224	BANC_888:720575941660275224	BANC888	is_a	lamina monopolar neuron L2	
720575941660279064	BANC_888:720575941660279064	BANC888	is_a	adult optic lobe intrinsic neuron	
720575941660280400	BANC_888:720575941660280400	BANC888	is_a	medulla intrinsic neuron Mi1	
720575941660282136	BANC_888:720575941660282136	BANC888	is_a	adult optic lobe intrinsic neuron	
720575941660282168	BANC_888:720575941660282168	BANC888	is_a	adult IN08A034 neuron	
720575941660282192	BANC_888:720575941660282192	BANC888	is_a	T5b neuron	
720575941660283216	BANC_888:720575941660283216	BANC888	is_a	adult optic lobe intrinsic neuron	
720575941660284472	BANC_888:720575941660284472	BANC888	is_a	adult CB3820 neuron	
720575941660285264	BANC_888:720575941660285264	BANC888	is_a	adult optic lobe intrinsic neuron	
720575941660289104	BANC_888:720575941660289104	BANC888	is_a	adult AN05B099 neuron	
720575941660295192	BANC_888:720575941660295192	BANC888	is_a	adult optic lobe intrinsic neuron	
720575941660296760	BANC_888:720575941660296760	BANC888	is_a	lobula columnar neuron LC24	
720575941660299288	BANC_888:720575941660299288	BANC888	is_a	lamina monopolar neuron L1	
720575941660300112	BANC_888:720575941660300112	BANC888	is_a	adult lobula intrinsic neuron Li25	FlyBase:FBrf0262545
720575941660301904	BANC_888:720575941660301904	BANC888	is_a	T5c neuron	
720575941660302616	BANC_888:720575941660302616	BANC888	is_a	adult optic lobe intrinsic neuron	
720575941660313680	BANC_888:720575941660313680	BANC888	is_a	medulla intrinsic neuron Mi9	
720575941660315216	BANC_888:720575941660315216	BANC888	is_a	adult optic lobe intrinsic neuron	
720575941660317464	BANC_888:720575941660317464	BANC888	is_a	adult optic lobe intrinsic neuron	
720575941660319056	BANC_888:720575941660319056	BANC888	is_a	T3 neuron	
720575941660320024	BANC_888:720575941660320024	BANC888	is_a	adult optic lobe intrinsic neuron	
720575941660332112	BANC_888:720575941660332112	BANC888	is_a	T3 neuron	
720575941660343576	BANC_888:720575941660343576	BANC888	is_a	adult optic lobe intrinsic neuron	
720575941660346192	BANC_888:720575941660346192	BANC888	is_a	gamma main Kenyon cell	
720575941660346448	BANC_888:720575941660346448	BANC888	is_a	adult clamp neuron 144	
720575941660346704	BANC_888:720575941660346704	BANC888	is_a	adult CB3764 neuron	
720575941660350008	BANC_888:720575941660350008	BANC888	is_a	adult optic lobe intrinsic neuron	
720575941660352792	BANC_888:720575941660352792	BANC888	is_a	T3 neuron	
720575941660353592	BANC_888:720575941660353592	BANC888	is_a	adult IN16B045 neuron	
720575941660353816	BANC_888:720575941660353816	BANC888	is_a	adult optic lobe intrinsic neuron	
720575941660356632	BANC_888:720575941660356632	BANC888	is_a	medulla intrinsic neuron Mi15	
720575941660357656	BANC_888:720575941660357656	BANC888	is_a	adult optic lobe intrinsic neuron	
720575941660359504	BANC_888:720575941660359504	BANC888	is_a	adult central brain intrinsic neuron	
720575941660361552	BANC_888:720575941660361552	BANC888	is_a	columnar neuron T1	
720575941660362776	BANC_888:720575941660362776	BANC888	is_a	adult lobula tangential neuron LT52	
720575941660363088	BANC_888:720575941660363088	BANC888	is_a	adult saddle neuron 016	
720575941660363344	BANC_888:720575941660363344	BANC888	is_a	adult medulla visual centrifugal neuron 08c	
720575941660363800	BANC_888:720575941660363800	BANC888	is_a	visual projection neuron	
720575941660366360	BANC_888:720575941660366360	BANC888	is_a	adult optic lobe intrinsic neuron	
720575941660367952	BANC_888:720575941660367952	BANC888	is_a	adult lateral horn AV5e1 neuron	
720575941660368208	BANC_888:720575941660368208	BANC888	is_a	transmedullary neuron Tm1	
720575941660368976	BANC_888:720575941660368976	BANC888	is_a	transmedullary Y neuron TmY15	
720575941660370256	BANC_888:720575941660370256	BANC888	is_a	medulla intrinsic neuron Mi1	
720575941660373072	BANC_888:720575941660373072	BANC888	is_a	adult SNpp55 neuron	
720575941660374608	BANC_888:720575941660374608	BANC888	is_a	adult optic lobe intrinsic neuron	
720575941660376600	BANC_888:720575941660376600	BANC888	is_a	adult optic lobe intrinsic neuron	
720575941660383312	BANC_888:720575941660383312	BANC888	is_a	adult optic lobe intrinsic neuron	
720575941660384280	BANC_888:720575941660384280	BANC888	is_a	transmedullary Y neuron TmY10	
720575941660384848	BANC_888:720575941660384848	BANC888	is_a	centrifugal neuron C3	
720575941660386896	BANC_888:720575941660386896	BANC888	is_a	adult optic lobe intrinsic neuron	
720575941660388432	BANC_888:720575941660388432	BANC888	is_a	lamina monopolar neuron L2	
720575941660391504	BANC_888:720575941660391504	BANC888	is_a	T3 neuron	
720575941660392984	BANC_888:720575941660392984	BANC888	is_a	lamina monopolar neuron L1	
720575941660393240	BANC_888:720575941660393240	BANC888	is_a	transmedullary neuron Tm9	
720575941660393552	BANC_888:720575941660393552	BANC888	is_a	adult transmedullary Y neuron TmY21	FlyBase:FBrf0262545
720575941660394264	BANC_888:720575941660394264	BANC888	is_a	adult optic lobe intrinsic neuron	
720575941660394576	BANC_888:720575941660394576	BANC888	is_a	distal medullary amacrine neuron Dm15	
720575941660395288	BANC_888:720575941660395288	BANC888	is_a	lamina monopolar neuron L2	
720575941660395600	BANC_888:720575941660395600	BANC888	is_a	adult optic lobe intrinsic neuron	
720575941660399896	BANC_888:720575941660399896	BANC888	is_a	adult SNxx03 neuron	
720575941660402000	BANC_888:720575941660402000	BANC888	is_a	proximal medullary amacrine neuron Pm1	FlyBase:FBrf0262545
720575941660404304	BANC_888:720575941660404304	BANC888	is_a	medulla intrinsic neuron Mi1	
720575941660404504	BANC_888:720575941660404504	BANC888	is_a	adult optic lobe intrinsic neuron	
720575941660409624	BANC_888:720575941660409624	BANC888	is_a	transmedullary neuron Tm9	
720575941660411672	BANC_888:720575941660411672	BANC888	is_a	transmedullary Y neuron TmY15	
720575941660411984	BANC_888:720575941660411984	BANC888	is_a	adult optic lobe intrinsic neuron	
720575941660412752	BANC_888:720575941660412752	BANC888	is_a	T3 neuron	
720575941660420632	BANC_888:720575941660420632	BANC888	is_a	lamina monopolar neuron L2	
720575941660420888	BANC_888:720575941660420888	BANC888	is_a	T3 neuron	
720575941660421712	BANC_888:720575941660421712	BANC888	is_a	medulla intrinsic neuron Mi1	
720575941660426264	BANC_888:720575941660426264	BANC888	is_a	centrifugal neuron C3	
720575941660426320	BANC_888:720575941660426320	BANC888	is_a	adult optic lobe intrinsic neuron	
720575941660431672	BANC_888:720575941660431672	BANC888	is_a	alpha/beta Kenyon cell	
720575941660436280	BANC_888:720575941660436280	BANC888	is_a	adult bilateral superior lateral protocerebrum-asymmetrical body neuron	
720575941660436560	BANC_888:720575941660436560	BANC888	is_a	lamina monopolar neuron L3	
720575941660440656	BANC_888:720575941660440656	BANC888	is_a	visual projection neuron	
720575941660440856	BANC_888:720575941660440856	BANC888	is_a	adult medulla-medulla neuron of dorsal rim area	FlyBase:FBrf0262545
720575941660443192	BANC_888:720575941660443192	BANC888	is_a	gamma main Kenyon cell	
720575941660446032	BANC_888:720575941660446032	BANC888	is_a	lamina monopolar neuron L5	
720575941660446800	BANC_888:720575941660446800	BANC888	is_a	adult optic lobe intrinsic neuron	
720575941660447568	BANC_888:720575941660447568	BANC888	is_a	adult optic lobe intrinsic neuron	
720575941660453400	BANC_888:720575941660453400	BANC888	is_a	distal medullary amacrine neuron Dm1	
720575941660457016	BANC_888:720575941660457016	BANC888	is_a	adult CB1345 neuron	
720575941660458264	BANC_888:720575941660458264	BANC888	is_a	adult optic lobe intrinsic neuron	
720575941660458320	BANC_888:720575941660458320	BANC888	is_a	lamina monopolar neuron L2	
720575941660463640	BANC_888:720575941660463640	BANC888	is_a	adult optic lobe intrinsic neuron	
720575941660467280	BANC_888:720575941660467280	BANC888	is_a	adult optic lobe intrinsic neuron	
720575941660471096	BANC_888:720575941660471096	BANC888	is_a	medulla intrinsic neuron Mi1	
720575941660473144	BANC_888:720575941660473144	BANC888	is_a	medulla intrinsic neuron Mi1	
720575941660473680	BANC_888:720575941660473680	BANC888	is_a	adult doublesex pC1b (female) neuron	
720575941660474704	BANC_888:720575941660474704	BANC888	is_a	adult CB1857 neuron	
720575941660474960	BANC_888:720575941660474960	BANC888	is_a	lamina monopolar neuron L1	
720575941660476496	BANC_888:720575941660476496	BANC888	is_a	adult superior lateral protocerebrum neuron 189	
720575941660478232	BANC_888:720575941660478232	BANC888	is_a	adult optic lobe intrinsic neuron	
720575941660480792	BANC_888:720575941660480792	BANC888	is_a	columnar neuron T1	
720575941660481872	BANC_888:720575941660481872	BANC888	is_a	adult optic lobe intrinsic neuron	
720575941660484408	BANC_888:720575941660484408	BANC888	is_a	transmedullary Y neuron TmY3	
720575941660485968	BANC_888:720575941660485968	BANC888	is_a	mesothoracic leg taste bristle chemosensory neuron	
720575941660488984	BANC_888:720575941660488984	BANC888	is_a	lamina monopolar neuron L5	
720575941660491032	BANC_888:720575941660491032	BANC888	is_a	adult optic lobe intrinsic neuron	
720575941660492624	BANC_888:720575941660492624	BANC888	is_a	lamina monopolar neuron L2	
720575941660492880	BANC_888:720575941660492880	BANC888	is_a	transmedullary neuron Tm1	
720575941660494616	BANC_888:720575941660494616	BANC888	is_a	adult optic lobe intrinsic neuron	
720575941660499992	BANC_888:720575941660499992	BANC888	is_a	adult optic lobe intrinsic neuron	
720575941660502352	BANC_888:720575941660502352	BANC888	is_a	transmedullary Y neuron TmY5a	
720575941660507216	BANC_888:720575941660507216	BANC888	is_a	adult superior medial protocerebrum neuron 315	
720575941660510288	BANC_888:720575941660510288	BANC888	is_a	Y neuron Y11	
720575941660512336	BANC_888:720575941660512336	BANC888	is_a	adult antennal lobe local neuron lLN2P	
720575941660513816	BANC_888:720575941660513816	BANC888	is_a	adult optic lobe intrinsic neuron	
720575941660514072	BANC_888:720575941660514072	BANC888	is_a	adult optic lobe intrinsic neuron	
720575941660514872	BANC_888:720575941660514872	BANC888	is_a	T4a neuron	
720575941660516120	BANC_888:720575941660516120	BANC888	is_a	adult optic lobe intrinsic neuron	
720575941660516688	BANC_888:720575941660516688	BANC888	is_a	adult IN08A036 neuron	
720575941660516944	BANC_888:720575941660516944	BANC888	is_a	adult lobula tangential neuron LT54	
720575941660517712	BANC_888:720575941660517712	BANC888	is_a	adult olfactory receptor neuron Ir76a ac4	
720575941660520760	BANC_888:720575941660520760	BANC888	is_a	T4b neuron	
720575941660522576	BANC_888:720575941660522576	BANC888	is_a	adult optic lobe intrinsic neuron	
720575941660524568	BANC_888:720575941660524568	BANC888	is_a	adult optic lobe intrinsic neuron	
720575941660525136	BANC_888:720575941660525136	BANC888	is_a	adult olfactory receptor neuron Or19	
720575941660525336	BANC_888:720575941660525336	BANC888	is_a	adult optic lobe intrinsic neuron	
720575941660526392	BANC_888:720575941660526392	BANC888	is_a	adult optic lobe intrinsic neuron	
720575941660527952	BANC_888:720575941660527952	BANC888	is_a	adult optic lobe intrinsic neuron	
720575941660528440	BANC_888:720575941660528440	BANC888	is_a	T5d neuron	
720575941660532048	BANC_888:720575941660532048	BANC888	is_a	T5c neuron	
720575941660533840	BANC_888:720575941660533840	BANC888	is_a	descending neuron of the anterior dorsal brain DNa16	
720575941660534096	BANC_888:720575941660534096	BANC888	is_a	adult optic lobe intrinsic neuron	
720575941660536400	BANC_888:720575941660536400	BANC888	is_a	adult optic lobe intrinsic neuron	
720575941660539416	BANC_888:720575941660539416	BANC888	is_a	adult optic lobe intrinsic neuron	
720575941660541976	BANC_888:720575941660541976	BANC888	is_a	adult optic lobe intrinsic neuron	
720575941660542544	BANC_888:720575941660542544	BANC888	is_a	adult optic lobe intrinsic neuron	
720575941660543288	BANC_888:720575941660543288	BANC888	is_a	T5c neuron	
720575941660545304	BANC_888:720575941660545304	BANC888	is_a	adult optic lobe intrinsic neuron	
720575941660550456	BANC_888:720575941660550456	BANC888	is_a	Y neuron Y1	
720575941660551480	BANC_888:720575941660551480	BANC888	is_a	medulla intrinsic neuron Mi4	
720575941660555856	BANC_888:720575941660555856	BANC888	is_a	adult gustatory receptor neuron	
720575941660556600	BANC_888:720575941660556600	BANC888	is_a	T4a neuron	
720575941660556880	BANC_888:720575941660556880	BANC888	is_a	adult lobula visual projection neuron LoVP17	
720575941660557392	BANC_888:720575941660557392	BANC888	is_a	adult optic lobe intrinsic neuron	
720575941660558360	BANC_888:720575941660558360	BANC888	is_a	adult optic lobe intrinsic neuron	
720575941660558928	BANC_888:720575941660558928	BANC888	is_a	lamina monopolar neuron L2	
720575941660561720	BANC_888:720575941660561720	BANC888	is_a	T5d neuron	
720575941660562512	BANC_888:720575941660562512	BANC888	is_a	adult optic lobe intrinsic neuron	
720575941660564304	BANC_888:720575941660564304	BANC888	is_a	adult optic lobe intrinsic neuron	
720575941660564536	BANC_888:720575941660564536	BANC888	is_a	T4a neuron	
720575941660565016	BANC_888:720575941660565016	BANC888	is_a	visual projection neuron	
720575941660569624	BANC_888:720575941660569624	BANC888	is_a	Y neuron Y3	
720575941660572440	BANC_888:720575941660572440	BANC888	is_a	adult optic lobe intrinsic neuron	
720575941660572496	BANC_888:720575941660572496	BANC888	is_a	columnar neuron T1	
720575941660573720	BANC_888:720575941660573720	BANC888	is_a	adult optic lobe intrinsic neuron	
720575941660573776	BANC_888:720575941660573776	BANC888	is_a	lamina monopolar neuron L5	
720575941660574544	BANC_888:720575941660574544	BANC888	is_a	adult optic lobe intrinsic neuron	
720575941660575512	BANC_888:720575941660575512	BANC888	is_a	adult optic lobe intrinsic neuron	
720575941660579864	BANC_888:720575941660579864	BANC888	is_a	adult optic lobe intrinsic neuron	
720575941660580632	BANC_888:720575941660580632	BANC888	is_a	adult optic lobe intrinsic neuron	
720575941660581400	BANC_888:720575941660581400	BANC888	is_a	adult optic lobe intrinsic neuron	
720575941660582424	BANC_888:720575941660582424	BANC888	is_a	adult optic lobe intrinsic neuron	
720575941660582992	BANC_888:720575941660582992	BANC888	is_a	adult SNta09 neuron	
720575941660586264	BANC_888:720575941660586264	BANC888	is_a	adult optic lobe intrinsic neuron	
720575941660590136	BANC_888:720575941660590136	BANC888	is_a	proximal medullary amacrine neuron Pm1	FlyBase:FBrf0262545
720575941660590392	BANC_888:720575941660590392	BANC888	is_a	transmedullary neuron Tm9	
720575941660591928	BANC_888:720575941660591928	BANC888	is_a	adult optic lobe intrinsic neuron	
720575941660592208	BANC_888:720575941660592208	BANC888	is_a	adult optic lobe intrinsic neuron	
720575941660595000	BANC_888:720575941660595000	BANC888	is_a	T4a neuron	
720575941660595256	BANC_888:720575941660595256	BANC888	is_a	distal medullary amacrine neuron Dm14	
720575941660597272	BANC_888:720575941660597272	BANC888	is_a	proximal medullary amacrine neuron Pm11	FlyBase:FBrf0262545
720575941660598040	BANC_888:720575941660598040	BANC888	is_a	adult optic lobe intrinsic neuron	
720575941660602904	BANC_888:720575941660602904	BANC888	is_a	adult medulla visual projection neuron MeVP17	FlyBase:FBrf0262545
720575941660603928	BANC_888:720575941660603928	BANC888	is_a	proximal medullary amacrine neuron Pm1	FlyBase:FBrf0262545
720575941660606744	BANC_888:720575941660606744	BANC888	is_a	transmedullary neuron Tm3	
720575941660607256	BANC_888:720575941660607256	BANC888	is_a	adult optic lobe intrinsic neuron	
720575941660613912	BANC_888:720575941660613912	BANC888	is_a	distal medullary amacrine neuron Dm11	
720575941660617496	BANC_888:720575941660617496	BANC888	is_a	T5c neuron	
720575941660620568	BANC_888:720575941660620568	BANC888	is_a	adult optic lobe intrinsic neuron	
720575941660620824	BANC_888:720575941660620824	BANC888	is_a	adult lobula intrinsic neuron Li27	FlyBase:FBrf0262545
720575941660621080	BANC_888:720575941660621080	BANC888	is_a	transmedullary neuron Tm1	
720575941660623696	BANC_888:720575941660623696	BANC888	is_a	adult optic lobe intrinsic neuron	
720575941660624440	BANC_888:720575941660624440	BANC888	is_a	transmedullary neuron Tm4	
720575941660628816	BANC_888:720575941660628816	BANC888	is_a	adult optic lobe intrinsic neuron	
720575941660629560	BANC_888:720575941660629560	BANC888	is_a	T4b neuron	
720575941660631888	BANC_888:720575941660631888	BANC888	is_a	adult optic lobe intrinsic neuron	
720575941660632144	BANC_888:720575941660632144	BANC888	is_a	adult optic lobe intrinsic neuron	
720575941660633424	BANC_888:720575941660633424	BANC888	is_a	lobula columnar neuron LC10b	
720575941660633936	BANC_888:720575941660633936	BANC888	is_a	adult optic lobe intrinsic neuron	
720575941660636240	BANC_888:720575941660636240	BANC888	is_a	adult optic lobe intrinsic neuron	
720575941660639568	BANC_888:720575941660639568	BANC888	is_a	adult optic lobe intrinsic neuron	
720575941660643664	BANC_888:720575941660643664	BANC888	is_a	adult optic lobe intrinsic neuron	
720575941660646736	BANC_888:720575941660646736	BANC888	is_a	transmedullary neuron Tm20	
720575941660649808	BANC_888:720575941660649808	BANC888	is_a	labellar taste bristle mechanosensory neuron	
720575941660654672	BANC_888:720575941660654672	BANC888	is_a	adult optic lobe intrinsic neuron	
720575941660660560	BANC_888:720575941660660560	BANC888	is_a	adult central brain intrinsic neuron	
720575941660667472	BANC_888:720575941660667472	BANC888	is_a	zone E Johnston organ neuron	
720575941660668752	BANC_888:720575941660668752	BANC888	is_a	mechanosensory neuron of hair plate	
720575941660669496	BANC_888:720575941660669496	BANC888	is_a	adult optic lobe intrinsic neuron	
720575941660670032	BANC_888:720575941660670032	BANC888	is_a	adult optic lobe intrinsic neuron	
720575941660672848	BANC_888:720575941660672848	BANC888	is_a	adult optic lobe intrinsic neuron	
720575941660673104	BANC_888:720575941660673104	BANC888	is_a	transmedullary neuron Tm5b	
720575941660674128	BANC_888:720575941660674128	BANC888	is_a	lobula plate-lobula columnar neuron LPLC1	
720575941660681552	BANC_888:720575941660681552	BANC888	is_a	adult optic lobe intrinsic neuron	
720575941660685112	BANC_888:720575941660685112	BANC888	is_a	Y neuron Y12	
720575941660708152	BANC_888:720575941660708152	BANC888	is_a	transmedullary neuron Tm20	
720575941660713528	BANC_888:720575941660713528	BANC888	is_a	T4d neuron	
720575941660722768	BANC_888:720575941660722768	BANC888	is_a	transmedullary neuron Tm31	FlyBase:FBrf0262545
720575941660730168	BANC_888:720575941660730168	BANC888	is_a	centrifugal neuron C2	
720575941660737336	BANC_888:720575941660737336	BANC888	is_a	lobula-lobula plate columnar neuron LLPC2	
720575941660737592	BANC_888:720575941660737592	BANC888	is_a	T5c neuron	
720575941660739896	BANC_888:720575941660739896	BANC888	is_a	T5c neuron	
720575941660742268	BANC_888:720575941660742268	BANC888	is_a	adult IN13B070 neuron	
720575941660747576	BANC_888:720575941660747576	BANC888	is_a	T5a neuron	
720575941660753276	BANC_888:720575941660753276	BANC888	is_a	adult IN03A052 neuron	
720575941660756792	BANC_888:720575941660756792	BANC888	is_a	adult optic lobe intrinsic neuron	
720575941660760120	BANC_888:720575941660760120	BANC888	is_a	centrifugal neuron C2	
720575941660766264	BANC_888:720575941660766264	BANC888	is_a	transmedullary neuron Tm16	
720575941660767100	BANC_888:720575941660767100	BANC888	is_a	adult IN23B066 neuron	
720575941660769336	BANC_888:720575941660769336	BANC888	is_a	T4b neuron	
720575941660769616	BANC_888:720575941660769616	BANC888	is_a	adult optic lobe intrinsic neuron	
720575941660771708	BANC_888:720575941660771708	BANC888	is_a	adult IN03A060 neuron	
720575941660772920	BANC_888:720575941660772920	BANC888	is_a	Y neuron Y3	
720575941660777016	BANC_888:720575941660777016	BANC888	is_a	T4c neuron	
720575941660779832	BANC_888:720575941660779832	BANC888	is_a	adult fan-shaped body layer 9 neuron of DALcl2 lineage	
720575941660787280	BANC_888:720575941660787280	BANC888	is_a	adult optic lobe intrinsic neuron	
720575941660790608	BANC_888:720575941660790608	BANC888	is_a	lamina monopolar neuron L4	
720575941660793424	BANC_888:720575941660793424	BANC888	is_a	adult SNxx03 neuron	
720575941660804944	BANC_888:720575941660804944	BANC888	is_a	adult medulla visual projection neuron MeVP1	FlyBase:FBrf0262545
720575941660806268	BANC_888:720575941660806268	BANC888	is_a	adult IN20A.22A036 neuron	
720575941660807292	BANC_888:720575941660807292	BANC888	is_a	adult IN13B078 neuron	
720575941660807548	BANC_888:720575941660807548	BANC888	is_a	adult IN19A069 neuron	
720575941660808248	BANC_888:720575941660808248	BANC888	is_a	transmedullary neuron Tm1	
720575941660817020	BANC_888:720575941660817020	BANC888	is_a	adult IN19A072 neuron	
720575941660820048	BANC_888:720575941660820048	BANC888	is_a	medulla intrinsic neuron Mi4	
720575941660829052	BANC_888:720575941660829052	BANC888	is_a	adult IN20A.22A090 neuron	
720575941660831356	BANC_888:720575941660831356	BANC888	is_a	adult IN01B036 neuron	
720575941660834640	BANC_888:720575941660834640	BANC888	is_a	adult optic lobe intrinsic neuron	
720575941660837244	BANC_888:720575941660837244	BANC888	is_a	adult IN13B090 neuron	
720575941660837968	BANC_888:720575941660837968	BANC888	is_a	lamina monopolar neuron L2	
720575941660844880	BANC_888:720575941660844880	BANC888	is_a	medulla intrinsic neuron Mi4	
720575941660847184	BANC_888:720575941660847184	BANC888	is_a	adult optic lobe intrinsic neuron	
720575941660856956	BANC_888:720575941660856956	BANC888	is_a	adult IN06A090 neuron	
720575941660857212	BANC_888:720575941660857212	BANC888	is_a	adult IN01A070 neuron	
720575941660859004	BANC_888:720575941660859004	BANC888	is_a	adult IN12B013 neuron	
720575941660859472	BANC_888:720575941660859472	BANC888	is_a	adult optic lobe intrinsic neuron	
720575941660862520	BANC_888:720575941660862520	BANC888	is_a	proximal medullary amacrine neuron Pm7	FlyBase:FBrf0262545
720575941660866896	BANC_888:720575941660866896	BANC888	is_a	adult optic lobe intrinsic neuron	
720575941660875600	BANC_888:720575941660875600	BANC888	is_a	adult optic lobe intrinsic neuron	
720575941660878160	BANC_888:720575941660878160	BANC888	is_a	adult optic lobe intrinsic neuron	
720575941660880464	BANC_888:720575941660880464	BANC888	is_a	adult optic lobe intrinsic neuron	
720575941660883024	BANC_888:720575941660883024	BANC888	is_a	adult lobula intrinsic neuron Li19	FlyBase:FBrf0262545
720575941660885048	BANC_888:720575941660885048	BANC888	is_a	lobula-lobula plate columnar neuron LLPC2	
720575941660887632	BANC_888:720575941660887632	BANC888	is_a	adult medulla visual centrifugal neuron MeVC27	FlyBase:FBrf0262545
720575941660888656	BANC_888:720575941660888656	BANC888	is_a	adult optic lobe intrinsic neuron	
720575941660889724	BANC_888:720575941660889724	BANC888	is_a	adult IN26X003 neuron	
720575941660891216	BANC_888:720575941660891216	BANC888	is_a	adult optic lobe intrinsic neuron	
720575941660891960	BANC_888:720575941660891960	BANC888	is_a	lobula columnar neuron LC14	
720575941660893308	BANC_888:720575941660893308	BANC888	is_a	adult IN06A063 neuron	
720575941660910160	BANC_888:720575941660910160	BANC888	is_a	adult optic lobe intrinsic neuron	
720575941660911740	BANC_888:720575941660911740	BANC888	is_a	adult INXXX441 neuron	
720575941660923984	BANC_888:720575941660923984	BANC888	is_a	adult optic lobe intrinsic neuron	
720575941660925776	BANC_888:720575941660925776	BANC888	is_a	lobula columnar neuron LC4	
720575941660927568	BANC_888:720575941660927568	BANC888	is_a	lamina monopolar neuron L5	
720575941660931408	BANC_888:720575941660931408	BANC888	is_a	transmedullary neuron Tm20	
720575941660939856	BANC_888:720575941660939856	BANC888	is_a	adult optic lobe intrinsic neuron	
720575941660942928	BANC_888:720575941660942928	BANC888	is_a	medulla intrinsic neuron Mi1	
720575941660944720	BANC_888:720575941660944720	BANC888	is_a	adult optic lobe intrinsic neuron	
720575941660948348	BANC_888:720575941660948348	BANC888	is_a	descending neuron of the gnathal ganglion DNg40	
720575941660950608	BANC_888:720575941660950608	BANC888	is_a	medulla intrinsic neuron Mi15	
720575941660951352	BANC_888:720575941660951352	BANC888	is_a	adult CB0727 neuron	
720575941660951888	BANC_888:720575941660951888	BANC888	is_a	lamina monopolar neuron L3	
720575941660952144	BANC_888:720575941660952144	BANC888	is_a	transmedullary neuron Tm9	
720575941660954448	BANC_888:720575941660954448	BANC888	is_a	photoreceptor cell R7	
720575941660960568	BANC_888:720575941660960568	BANC888	is_a	medulla intrinsic neuron Mi1	
720575941660962640	BANC_888:720575941660962640	BANC888	is_a	lamina wide-field 2 neuron	
720575941660966712	BANC_888:720575941660966712	BANC888	is_a	adult CB1937 neuron	
720575941660973392	BANC_888:720575941660973392	BANC888	is_a	lobula columnar neuron LC17	
720575941660973904	BANC_888:720575941660973904	BANC888	is_a	transmedullary Y neuron TmY15	
720575941660977488	BANC_888:720575941660977488	BANC888	is_a	adult optic lobe intrinsic neuron	
720575941660983632	BANC_888:720575941660983632	BANC888	is_a	distal medullary amacrine neuron Dm18	
720575941660988216	BANC_888:720575941660988216	BANC888	is_a	centrifugal neuron C2	
720575941660988496	BANC_888:720575941660988496	BANC888	is_a	transmedullary neuron Tm20	
720575941660997944	BANC_888:720575941660997944	BANC888	is_a	transmedullary neuron Tm9	
720575941660999480	BANC_888:720575941660999480	BANC888	is_a	distal medullary amacrine neuron Dm3a	FlyBase:FBrf0262545
720575941661005112	BANC_888:720575941661005112	BANC888	is_a	transmedullary neuron Tm1	
720575941661019704	BANC_888:720575941661019704	BANC888	is_a	adult medulla-tubercle neuron of dorsal rim area	
720575941661023288	BANC_888:720575941661023288	BANC888	is_a	medulla intrinsic neuron Mi13	
720575941661026872	BANC_888:720575941661026872	BANC888	is_a	adult optic lobe intrinsic neuron	
720575941661046072	BANC_888:720575941661046072	BANC888	is_a	transmedullary neuron Tm9	
720575941661058616	BANC_888:720575941661058616	BANC888	is_a	T5b neuron	
720575941661058872	BANC_888:720575941661058872	BANC888	is_a	T5d neuron	
720575941661072952	BANC_888:720575941661072952	BANC888	is_a	adult lateral accessory lobe neuron 056	
720575941661080538	BANC_888:720575941661080538	BANC888	is_a	lamina monopolar neuron L1	
720575941661084984	BANC_888:720575941661084984	BANC888	is_a	T4c neuron	
720575941661097272	BANC_888:720575941661097272	BANC888	is_a	adult CB2573 neuron	
720575941661114424	BANC_888:720575941661114424	BANC888	is_a	T4a neuron	
720575941661127992	BANC_888:720575941661127992	BANC888	is_a	adult AN07B089 neuron	
720575941661134648	BANC_888:720575941661134648	BANC888	is_a	adult CB2190 neuron	
720575941661139256	BANC_888:720575941661139256	BANC888	is_a	T5a neuron	
720575941661140792	BANC_888:720575941661140792	BANC888	is_a	lobula columnar neuron LC9	
720575941661141048	BANC_888:720575941661141048	BANC888	is_a	T5b neuron	
720575941661142584	BANC_888:720575941661142584	BANC888	is_a	adult medulla visual projection neuron MeVP14	FlyBase:FBrf0262545
720575941661143676	BANC_888:720575941661143676	BANC888	is_a	adult CB0717 neuron	
720575941661156664	BANC_888:720575941661156664	BANC888	is_a	adult optic lobe intrinsic neuron	
720575941661210168	BANC_888:720575941661210168	BANC888	is_a	adult fan-shaped body vertical delta neuron	
720575941661225003	BANC_888:720575941661225003	BANC888	is_a	sensory neuron	
720575941661233976	BANC_888:720575941661233976	BANC888	is_a	descending neuron of the posterior brain	
720575941661237816	BANC_888:720575941661237816	BANC888	is_a	lobula columnar neuron LC16	
720575941661238328	BANC_888:720575941661238328	BANC888	is_a	T5b neuron	
720575941661250940	BANC_888:720575941661250940	BANC888	is_a	adult antennal lobe local neuron v2LN33	
720575941661254712	BANC_888:720575941661254712	BANC888	is_a	adult gamma Kenyon cell	
720575941661271164	BANC_888:720575941661271164	BANC888	is_a	lobula plate intrinsic neuron LPi3a	FlyBase:FBrf0262545
720575941661275704	BANC_888:720575941661275704	BANC888	is_a	adult AN10B047 neuron	
720575941661289016	BANC_888:720575941661289016	BANC888	is_a	adult INXXX213 neuron	
720575941661294648	BANC_888:720575941661294648	BANC888	is_a	adult IN04B101 neuron	
720575941661297532	BANC_888:720575941661297532	BANC888	is_a	adult lateral accessory lobe neuron 150	
720575941661300792	BANC_888:720575941661300792	BANC888	is_a	adult IN20A.22A001 neuron	
720575941661306168	BANC_888:720575941661306168	BANC888	is_a	adult IN03B091 neuron	
720575941661308472	BANC_888:720575941661308472	BANC888	is_a	adult IN03B067 neuron	
720575941661314104	BANC_888:720575941661314104	BANC888	is_a	adult IN19A062 neuron	
720575941661314616	BANC_888:720575941661314616	BANC888	is_a	adult IN19B068 neuron	
720575941661343800	BANC_888:720575941661343800	BANC888	is_a	protocerebral bridge 1 glomerulus-fan-shaped body-nodulus 3 posterior domain neuron	
720575941661345336	BANC_888:720575941661345336	BANC888	is_a	alpha/beta Kenyon cell	
720575941661352248	BANC_888:720575941661352248	BANC888	is_a	adult fan-shaped body 1 column-superior medial protocerebrum neuron	FlyBase:FBrf0246888
720575941661367676	BANC_888:720575941661367676	BANC888	is_a	adult optic lobe intrinsic neuron	
720575941661384248	BANC_888:720575941661384248	BANC888	is_a	adult IN07B059 neuron	
720575941661385784	BANC_888:720575941661385784	BANC888	is_a	sensory neuron of wing campaniform sensillum	
720575941661390972	BANC_888:720575941661390972	BANC888	is_a	adult IN17A044 neuron	
720575941661401400	BANC_888:720575941661401400	BANC888	is_a	adult SNta38 neuron	
720575941661402936	BANC_888:720575941661402936	BANC888	is_a	lamina monopolar neuron L4	
720575941661406264	BANC_888:720575941661406264	BANC888	is_a	adult prosternal chordotonal organ neuron	
720575941661408312	BANC_888:720575941661408312	BANC888	is_a	adult SNta29 neuron	
720575941661415224	BANC_888:720575941661415224	BANC888	is_a	descending neuron of the gnathal ganglion DNg02	
720575941661415804	BANC_888:720575941661415804	BANC888	is_a	adult octopaminergic doublesex neuron of abdominal ganglion (female)	
720575941661416060	BANC_888:720575941661416060	BANC888	is_a	adult INXXX397 neuron	
720575941661420412	BANC_888:720575941661420412	BANC888	is_a	adult IN08B065 neuron	
720575941661420856	BANC_888:720575941661420856	BANC888	is_a	lamina monopolar neuron L1	
720575941661422392	BANC_888:720575941661422392	BANC888	is_a	adult SNta38 neuron	
720575941661428280	BANC_888:720575941661428280	BANC888	is_a	adult AN02A046 neuron	
720575941661430072	BANC_888:720575941661430072	BANC888	is_a	adult SNta45 neuron	
720575941661436984	BANC_888:720575941661436984	BANC888	is_a	bristle sensory neuron	
720575941661438776	BANC_888:720575941661438776	BANC888	is_a	adult SNta41 neuron	
720575941661442872	BANC_888:720575941661442872	BANC888	is_a	adult SNta45 neuron	
720575941661445688	BANC_888:720575941661445688	BANC888	is_a	adult SNxx33 neuron	
720575941661445944	BANC_888:720575941661445944	BANC888	is_a	adult SNta30 neuron	
720575941661449016	BANC_888:720575941661449016	BANC888	is_a	prothoracic leg taste bristle chemosensory neuron	
720575941661452344	BANC_888:720575941661452344	BANC888	is_a	adult IN01B056 neuron	
720575941661454904	BANC_888:720575941661454904	BANC888	is_a	adult IN21A023 neuron	
720575941661455160	BANC_888:720575941661455160	BANC888	is_a	adult IN04B084 neuron	
720575941661462840	BANC_888:720575941661462840	BANC888	is_a	adult SNta41 neuron	
720575941661467192	BANC_888:720575941661467192	BANC888	is_a	adult IN00A066 neuron	
720575941661485112	BANC_888:720575941661485112	BANC888	is_a	wing margin mechanosensory bristle	
720575941661487928	BANC_888:720575941661487928	BANC888	is_a	adult IN02A054 neuron	
720575941661490488	BANC_888:720575941661490488	BANC888	is_a	alpha/beta Kenyon cell	
720575941661499704	BANC_888:720575941661499704	BANC888	is_a	gamma main Kenyon cell	
720575941661502008	BANC_888:720575941661502008	BANC888	is_a	adult gamma Kenyon cell	
720575941661502520	BANC_888:720575941661502520	BANC888	is_a	alpha/beta Kenyon cell	
720575941661503032	BANC_888:720575941661503032	BANC888	is_a	alpha/beta Kenyon cell	
720575941661507708	BANC_888:720575941661507708	BANC888	is_a	adult IN20A.22A048 neuron	
720575941661508152	BANC_888:720575941661508152	BANC888	is_a	adult wedge neuron 162	
720575941661510456	BANC_888:720575941661510456	BANC888	is_a	bristle sensory neuron	
720575941661515064	BANC_888:720575941661515064	BANC888	is_a	sensory neuron	
720575941661515320	BANC_888:720575941661515320	BANC888	is_a	mechanosensory neuron of interommatidial bristle	
720575941661519484	BANC_888:720575941661519484	BANC888	is_a	adult CB2606 neuron	
720575941661524024	BANC_888:720575941661524024	BANC888	is_a	metathoracic leg taste bristle chemosensory neuron	
720575941661526584	BANC_888:720575941661526584	BANC888	is_a	mechanosensory neuron of adult head bristle	
720575941661537336	BANC_888:720575941661537336	BANC888	is_a	adult SNxx02 neuron	
720575941661538872	BANC_888:720575941661538872	BANC888	is_a	adult olfactory receptor neuron Or85b	
720575941661541944	BANC_888:720575941661541944	BANC888	is_a	wing margin taste bristle	
720575941661542200	BANC_888:720575941661542200	BANC888	is_a	labellar taste bristle mechanosensory neuron	
720575941661554556	BANC_888:720575941661554556	BANC888	is_a	transmedullary Y neuron TmY5a	
720575941661556860	BANC_888:720575941661556860	BANC888	is_a	T3 neuron	
720575941661558584	BANC_888:720575941661558584	BANC888	is_a	adult SNta34 neuron	
720575941661562492	BANC_888:720575941661562492	BANC888	is_a	T4a neuron	
720575941661562748	BANC_888:720575941661562748	BANC888	is_a	transmedullary neuron Tm2	
720575941661562936	BANC_888:720575941661562936	BANC888	is_a	adult SNta23 neuron	
720575941661563960	BANC_888:720575941661563960	BANC888	is_a	mechanosensory neuron of interommatidial bristle	
720575941661566076	BANC_888:720575941661566076	BANC888	is_a	T2a neuron	
720575941661573500	BANC_888:720575941661573500	BANC888	is_a	T4a neuron	
720575941661575548	BANC_888:720575941661575548	BANC888	is_a	lobula plate columnar neuron LPC1	
720575941661576760	BANC_888:720575941661576760	BANC888	is_a	adult olfactory receptor neuron Ir84a	
720575941661577528	BANC_888:720575941661577528	BANC888	is_a	adult SNta35 neuron	
720575941661581948	BANC_888:720575941661581948	BANC888	is_a	adult medulla visual projection neuron MeVP14	FlyBase:FBrf0262545
720575941661583484	BANC_888:720575941661583484	BANC888	is_a	T5a neuron	
720575941661589628	BANC_888:720575941661589628	BANC888	is_a	T4b neuron	
720575941661599356	BANC_888:720575941661599356	BANC888	is_a	T4c neuron	
720575941661600056	BANC_888:720575941661600056	BANC888	is_a	wing margin mechanosensory bristle	
720575941661607292	BANC_888:720575941661607292	BANC888	is_a	Y neuron Y3	
720575941661620860	BANC_888:720575941661620860	BANC888	is_a	T5d neuron	
720575941661632380	BANC_888:720575941661632380	BANC888	is_a	adult optic lobe intrinsic neuron	
720575941661639992	BANC_888:720575941661639992	BANC888	is_a	alpha/beta Kenyon cell	
720575941661641272	BANC_888:720575941661641272	BANC888	is_a	adult CB1350 neuron	
720575941661642876	BANC_888:720575941661642876	BANC888	is_a	adult optic lobe intrinsic neuron	
720575941661646648	BANC_888:720575941661646648	BANC888	is_a	alpha/beta Kenyon cell	
720575941661646904	BANC_888:720575941661646904	BANC888	is_a	adult gamma Kenyon cell	
720575941661648764	BANC_888:720575941661648764	BANC888	is_a	distal medullary amacrine neuron Dm20	
720575941661652604	BANC_888:720575941661652604	BANC888	is_a	Y neuron Y4	
720575941661655608	BANC_888:720575941661655608	BANC888	is_a	adult crepine neuron 044	
720575941661666684	BANC_888:720575941661666684	BANC888	is_a	lobula columnar neuron LC12	
720575941661667452	BANC_888:720575941661667452	BANC888	is_a	T4c neuron	
720575941661676088	BANC_888:720575941661676088	BANC888	is_a	adult Kenyon cell	
720575941661687164	BANC_888:720575941661687164	BANC888	is_a	adult wedge neuron 028	
720575941661688120	BANC_888:720575941661688120	BANC888	is_a	adult lateral horn AD1b3 neuron	
720575941661693052	BANC_888:720575941661693052	BANC888	is_a	proximal medullary amacrine neuron Pm1	FlyBase:FBrf0262545
720575941661696056	BANC_888:720575941661696056	BANC888	is_a	adult superior medial protocerebrum neuron 495	
720575941661702780	BANC_888:720575941661702780	BANC888	is_a	photoreceptor cell R7	
720575941661718840	BANC_888:720575941661718840	BANC888	is_a	distal medullary amacrine neuron Dm10	
720575941661720188	BANC_888:720575941661720188	BANC888	is_a	medulla intrinsic neuron Mi9	
720575941661721144	BANC_888:720575941661721144	BANC888	is_a	adult optic lobe intrinsic neuron	
720575941661734012	BANC_888:720575941661734012	BANC888	is_a	T5a neuron	
720575941661737016	BANC_888:720575941661737016	BANC888	is_a	columnar neuron T1	
720575941661738364	BANC_888:720575941661738364	BANC888	is_a	lobula plate intrinsic neuron LPi1-4	FlyBase:FBrf0262545
720575941661742904	BANC_888:720575941661742904	BANC888	is_a	adult CB1268 neuron	
720575941661750652	BANC_888:720575941661750652	BANC888	is_a	adult lobula intrinsic neuron Li22	FlyBase:FBrf0262545
720575941661753144	BANC_888:720575941661753144	BANC888	is_a	transmedullary neuron Tm4	
720575941661757496	BANC_888:720575941661757496	BANC888	is_a	distal medullary amacrine neuron Dm3a	FlyBase:FBrf0262545
720575941661759356	BANC_888:720575941661759356	BANC888	is_a	medulla intrinsic neuron Mi10	
720575941661760380	BANC_888:720575941661760380	BANC888	is_a	distal medullary amacrine neuron Dm19	
720575941661761592	BANC_888:720575941661761592	BANC888	is_a	adult CB2002 neuron	
720575941661771132	BANC_888:720575941661771132	BANC888	is_a	distal medullary amacrine neuron Dm3a	FlyBase:FBrf0262545
720575941661777208	BANC_888:720575941661777208	BANC888	is_a	adult olfactory receptor neuron Or71a	
720575941661781304	BANC_888:720575941661781304	BANC888	is_a	adult CB2671 neuron	
720575941661784444	BANC_888:720575941661784444	BANC888	is_a	transmedullary neuron Tm4	
720575941661790776	BANC_888:720575941661790776	BANC888	is_a	lobula columnar neuron LC16	
720575941661796988	BANC_888:720575941661796988	BANC888	is_a	lobula plate columnar neuron LPC1	
720575941661797756	BANC_888:720575941661797756	BANC888	is_a	medulla intrinsic neuron Mi9	
720575941661808696	BANC_888:720575941661808696	BANC888	is_a	adult optic lobe intrinsic neuron	
720575941661816188	BANC_888:720575941661816188	BANC888	is_a	Y neuron Y11	
720575941661832504	BANC_888:720575941661832504	BANC888	is_a	adult hygrosensory neuron Ir40a VP4	
720575941661835132	BANC_888:720575941661835132	BANC888	is_a	T4d neuron	
720575941661838904	BANC_888:720575941661838904	BANC888	is_a	adult optic lobe intrinsic neuron	
720575941661842300	BANC_888:720575941661842300	BANC888	is_a	T5a neuron	
720575941661842556	BANC_888:720575941661842556	BANC888	is_a	T5b neuron	
720575941661843256	BANC_888:720575941661843256	BANC888	is_a	medulla intrinsic neuron Mi9	
720575941661846908	BANC_888:720575941661846908	BANC888	is_a	lobula-lobula plate columnar neuron LLPC2	
720575941661848376	BANC_888:720575941661848376	BANC888	is_a	adult optic lobe intrinsic neuron	
720575941661849980	BANC_888:720575941661849980	BANC888	is_a	T4b neuron	
720575941661857660	BANC_888:720575941661857660	BANC888	is_a	T4b neuron	
720575941661859384	BANC_888:720575941661859384	BANC888	is_a	adult CB3283 neuron	
720575941661862200	BANC_888:720575941661862200	BANC888	is_a	transmedullary neuron Tm4	
720575941661877884	BANC_888:720575941661877884	BANC888	is_a	adult optic lobe intrinsic neuron	
720575941661882748	BANC_888:720575941661882748	BANC888	is_a	adult optic lobe intrinsic neuron	
720575941661888056	BANC_888:720575941661888056	BANC888	is_a	transmedullary neuron Tm29	FlyBase:FBrf0262545
720575941661897272	BANC_888:720575941661897272	BANC888	is_a	Y neuron Y3	
720575941661903160	BANC_888:720575941661903160	BANC888	is_a	gustatory receptor neuron of the labellum	
720575941661917820	BANC_888:720575941661917820	BANC888	is_a	columnar neuron T1	
720575941661919612	BANC_888:720575941661919612	BANC888	is_a	adult optic lobe intrinsic neuron	
720575941661930296	BANC_888:720575941661930296	BANC888	is_a	adult superior medial protocerebrum neuron 013	
720575941661944888	BANC_888:720575941661944888	BANC888	is_a	adult olfactory receptor neuron Or9a	
720575941661945912	BANC_888:720575941661945912	BANC888	is_a	transmedullary neuron Tm1	
720575941661952892	BANC_888:720575941661952892	BANC888	is_a	adult CB1603 neuron	
720575941661957244	BANC_888:720575941661957244	BANC888	is_a	adult IN01B083 neuron	
720575941661964344	BANC_888:720575941661964344	BANC888	is_a	transmedullary neuron Tm20	
720575941661975608	BANC_888:720575941661975608	BANC888	is_a	transmedullary neuron Tm2	
720575941661981052	BANC_888:720575941661981052	BANC888	is_a	medulla intrinsic neuron Mi1	
720575941662004092	BANC_888:720575941662004092	BANC888	is_a	medulla intrinsic neuron Mi4	
720575941662004792	BANC_888:720575941662004792	BANC888	is_a	adult optic lobe intrinsic neuron	
720575941662014776	BANC_888:720575941662014776	BANC888	is_a	lobula columnar neuron LC12	
720575941662017660	BANC_888:720575941662017660	BANC888	is_a	adult IN20A.22A015 neuron	
720575941662021688	BANC_888:720575941662021688	BANC888	is_a	transmedullary neuron Tm2	
720575941662024316	BANC_888:720575941662024316	BANC888	is_a	protocerebral bridge 1 glomerulus-fan-shaped body-nodulus 3 posterior domain neuron	
720575941662034300	BANC_888:720575941662034300	BANC888	is_a	medulla intrinsic neuron Mi9	
720575941662035836	BANC_888:720575941662035836	BANC888	is_a	transmedullary Y neuron TmY3	
720575941662037816	BANC_888:720575941662037816	BANC888	is_a	adult IN10B030 neuron	
720575941662038584	BANC_888:720575941662038584	BANC888	is_a	labellar taste peg mechanosensory neuron	
720575941662040188	BANC_888:720575941662040188	BANC888	is_a	medulla intrinsic neuron Mi13	
720575941662046008	BANC_888:720575941662046008	BANC888	is_a	columnar neuron T1	
720575941662046332	BANC_888:720575941662046332	BANC888	is_a	distal medullary amacrine neuron Dm16	
720575941662050616	BANC_888:720575941662050616	BANC888	is_a	adult CB2034 neuron	
720575941662051128	BANC_888:720575941662051128	BANC888	is_a	adult fan-shaped body vertical delta neuron	
720575941662054012	BANC_888:720575941662054012	BANC888	is_a	transmedullary neuron Tm1	
720575941662058296	BANC_888:720575941662058296	BANC888	is_a	medulla intrinsic neuron Mi15	
720575941662065976	BANC_888:720575941662065976	BANC888	is_a	gamma dorsal Kenyon cell	
720575941662066232	BANC_888:720575941662066232	BANC888	is_a	adult central brain intrinsic neuron	
720575941662068348	BANC_888:720575941662068348	BANC888	is_a	transmedullary Y neuron TmY20	
720575941662074168	BANC_888:720575941662074168	BANC888	is_a	adult gamma Kenyon cell	
720575941662074936	BANC_888:720575941662074936	BANC888	is_a	adult central brain intrinsic neuron	
720575941662076540	BANC_888:720575941662076540	BANC888	is_a	T3 neuron	
720575941662078776	BANC_888:720575941662078776	BANC888	is_a	adult gamma Kenyon cell	
720575941662080824	BANC_888:720575941662080824	BANC888	is_a	adult optic lobe intrinsic neuron	
720575941662081080	BANC_888:720575941662081080	BANC888	is_a	adult lateral accessory lobe neuron 090	
720575941662081916	BANC_888:720575941662081916	BANC888	is_a	lobula columnar neuron LC9	
720575941662084152	BANC_888:720575941662084152	BANC888	is_a	adult optic lobe intrinsic neuron	
720575941662085688	BANC_888:720575941662085688	BANC888	is_a	distal medullary amacrine neuron Dm3a	FlyBase:FBrf0262545
720575941662090876	BANC_888:720575941662090876	BANC888	is_a	transmedullary neuron Tm3	
720575941662091832	BANC_888:720575941662091832	BANC888	is_a	transmedullary neuron Tm6	FlyBase:FBrf0262545
720575941662092924	BANC_888:720575941662092924	BANC888	is_a	distal medullary amacrine neuron Dm3c	FlyBase:FBrf0262545
720575941662100280	BANC_888:720575941662100280	BANC888	is_a	adult optic lobe intrinsic neuron	
720575941662104956	BANC_888:720575941662104956	BANC888	is_a	adult optic lobe intrinsic neuron	
720575941662107960	BANC_888:720575941662107960	BANC888	is_a	lamina wide-field 2 neuron	
720575941662109240	BANC_888:720575941662109240	BANC888	is_a	transmedullary neuron Tm2	
720575941662110776	BANC_888:720575941662110776	BANC888	is_a	Y neuron Y12	
720575941662113336	BANC_888:720575941662113336	BANC888	is_a	T2a neuron	
720575941662115384	BANC_888:720575941662115384	BANC888	is_a	adult optic lobe intrinsic neuron	
720575941662116732	BANC_888:720575941662116732	BANC888	is_a	mechanosensory neuron of hair plate	
720575941662117244	BANC_888:720575941662117244	BANC888	is_a	distal medullary amacrine neuron Dm3a	FlyBase:FBrf0262545
720575941662118268	BANC_888:720575941662118268	BANC888	is_a	sensory neuron of wing campaniform sensillum	
720575941662120060	BANC_888:720575941662120060	BANC888	is_a	T5a neuron	
720575941662123900	BANC_888:720575941662123900	BANC888	is_a	adult SNxx21 neuron	
720575941662125692	BANC_888:720575941662125692	BANC888	is_a	adult SNch10 neuron	
720575941662126460	BANC_888:720575941662126460	BANC888	is_a	adult SNta32 neuron	
720575941662127416	BANC_888:720575941662127416	BANC888	is_a	adult wedge neuron 032	
720575941662128952	BANC_888:720575941662128952	BANC888	is_a	adult optic lobe intrinsic neuron	
720575941662129276	BANC_888:720575941662129276	BANC888	is_a	T5b neuron	
720575941662131768	BANC_888:720575941662131768	BANC888	is_a	distal medullary amacrine neuron Dm3c	FlyBase:FBrf0262545
720575941662133628	BANC_888:720575941662133628	BANC888	is_a	medulla intrinsic neuron Mi10	
720575941662134396	BANC_888:720575941662134396	BANC888	is_a	medulla intrinsic neuron Mi15	
720575941662140796	BANC_888:720575941662140796	BANC888	is_a	lamina wide-field 2 neuron	
720575941662141496	BANC_888:720575941662141496	BANC888	is_a	medulla intrinsic neuron Mi4	
720575941662152828	BANC_888:720575941662152828	BANC888	is_a	T3 neuron	
720575941662157624	BANC_888:720575941662157624	BANC888	is_a	adult optic lobe intrinsic neuron	
720575941662161464	BANC_888:720575941662161464	BANC888	is_a	adult optic lobe intrinsic neuron	
720575941662163324	BANC_888:720575941662163324	BANC888	is_a	Y neuron Y3	
720575941662165628	BANC_888:720575941662165628	BANC888	is_a	transmedullary neuron Tm6	FlyBase:FBrf0262545
720575941662166396	BANC_888:720575941662166396	BANC888	is_a	adult optic lobe intrinsic neuron	
720575941662173052	BANC_888:720575941662173052	BANC888	is_a	columnar neuron T1	
720575941662175356	BANC_888:720575941662175356	BANC888	is_a	adult optic lobe intrinsic neuron	
720575941662178872	BANC_888:720575941662178872	BANC888	is_a	bristle sensory neuron	
720575941662192440	BANC_888:720575941662192440	BANC888	is_a	transmedullary neuron Tm20	
720575941662192508	BANC_888:720575941662192508	BANC888	is_a	T2a neuron	
720575941662198652	BANC_888:720575941662198652	BANC888	is_a	bitter-sensing neuron	
720575941662222904	BANC_888:720575941662222904	BANC888	is_a	transmedullary neuron Tm3	
720575941662223228	BANC_888:720575941662223228	BANC888	is_a	medulla intrinsic neuron Mi4	
720575941662229560	BANC_888:720575941662229560	BANC888	is_a	adult optic lobe intrinsic neuron	
720575941662239032	BANC_888:720575941662239032	BANC888	is_a	adult optic lobe intrinsic neuron	
720575941662241080	BANC_888:720575941662241080	BANC888	is_a	lamina monopolar neuron L5	
720575941662260092	BANC_888:720575941662260092	BANC888	is_a	T4a neuron	
720575941662286904	BANC_888:720575941662286904	BANC888	is_a	medulla intrinsic neuron Mi9	
720575941662292092	BANC_888:720575941662292092	BANC888	is_a	T2 neuron	
720575941662293560	BANC_888:720575941662293560	BANC888	is_a	adult optic lobe intrinsic neuron	
720575941662295352	BANC_888:720575941662295352	BANC888	is_a	adult IN18B035 neuron	
720575941662302844	BANC_888:720575941662302844	BANC888	is_a	adult ANXXX108 neuron	
720575941662304056	BANC_888:720575941662304056	BANC888	is_a	adult gamma Kenyon cell	
720575941662306616	BANC_888:720575941662306616	BANC888	is_a	adult olfactory receptor neuron Or33c/85e	
720575941662309756	BANC_888:720575941662309756	BANC888	is_a	T2 neuron	
720575941662313852	BANC_888:720575941662313852	BANC888	is_a	T4a neuron	
720575941662314876	BANC_888:720575941662314876	BANC888	is_a	T5d neuron	
720575941662320508	BANC_888:720575941662320508	BANC888	is_a	centrifugal neuron C2	
720575941662320764	BANC_888:720575941662320764	BANC888	is_a	centrifugal neuron C2	
720575941662325116	BANC_888:720575941662325116	BANC888	is_a	T3 neuron	
720575941662328888	BANC_888:720575941662328888	BANC888	is_a	adult optic lobe intrinsic neuron	
720575941662331192	BANC_888:720575941662331192	BANC888	is_a	Y neuron Y12	
720575941662339640	BANC_888:720575941662339640	BANC888	is_a	T3 neuron	
720575941662342200	BANC_888:720575941662342200	BANC888	is_a	adult optic lobe intrinsic neuron	
720575941662343992	BANC_888:720575941662343992	BANC888	is_a	transmedullary neuron Tm2	
720575941662345528	BANC_888:720575941662345528	BANC888	is_a	adult INXXX246 neuron	
720575941662348344	BANC_888:720575941662348344	BANC888	is_a	adult IN06A006 neuron	
720575941662349112	BANC_888:720575941662349112	BANC888	is_a	adult INXXX405 neuron	
720575941662357048	BANC_888:720575941662357048	BANC888	is_a	adult IN10B007 neuron	
720575941662366520	BANC_888:720575941662366520	BANC888	is_a	adult SNta23 neuron	
720575941662369592	BANC_888:720575941662369592	BANC888	is_a	adult IN13B009 neuron	
720575941662374968	BANC_888:720575941662374968	BANC888	is_a	adult IN19B027 neuron	
720575941662376248	BANC_888:720575941662376248	BANC888	is_a	adult IN20A.22A056 neuron	
720575941662382392	BANC_888:720575941662382392	BANC888	is_a	adult INXXX452 neuron	
720575941662385976	BANC_888:720575941662385976	BANC888	is_a	adult INXXX031 neuron	
720575941662388280	BANC_888:720575941662388280	BANC888	is_a	adult IN19B004 neuron	
720575941662389116	BANC_888:720575941662389116	BANC888	is_a	transmedullary Y neuron TmY5a	
720575941662389816	BANC_888:720575941662389816	BANC888	is_a	adult IN14A110 neuron	
720575941662391352	BANC_888:720575941662391352	BANC888	is_a	adult IN06B078 neuron	
720575941662391608	BANC_888:720575941662391608	BANC888	is_a	adult INXXX329 neuron	
720575941662392888	BANC_888:720575941662392888	BANC888	is_a	adult IN10B014 neuron	
720575941662394936	BANC_888:720575941662394936	BANC888	is_a	adult INXXX228 neuron	
720575941662395704	BANC_888:720575941662395704	BANC888	is_a	descending neuron of the outside anterior cluster DNd02	
720575941662397752	BANC_888:720575941662397752	BANC888	is_a	adult AN05B026 neuron	
720575941662402360	BANC_888:720575941662402360	BANC888	is_a	proboscis muscle 2 dorsal motor neuron	
720575941662407992	BANC_888:720575941662407992	BANC888	is_a	descending neuron of the gnathal ganglion DNg29	
720575941662411064	BANC_888:720575941662411064	BANC888	is_a	adult lobula-lobula plate neuron LOLP1	FlyBase:FBrf0262545
720575941662422652	BANC_888:720575941662422652	BANC888	is_a	adult gamma Kenyon cell	
720575941662422840	BANC_888:720575941662422840	BANC888	is_a	lobula columnar neuron LC30	FlyBase:FBrf0262545
720575941662427260	BANC_888:720575941662427260	BANC888	is_a	gustatory receptor neuron of the wing	
720575941662429308	BANC_888:720575941662429308	BANC888	is_a	sensory neuron of haltere campaniform sensillum	
720575941662445180	BANC_888:720575941662445180	BANC888	is_a	adult AN10B047 neuron	
720575941662445624	BANC_888:720575941662445624	BANC888	is_a	adult SNta26 neuron	
720575941662449020	BANC_888:720575941662449020	BANC888	is_a	adult IN08B051 neuron	
720575941662450044	BANC_888:720575941662450044	BANC888	is_a	adult IN04B074 neuron	
720575941662458492	BANC_888:720575941662458492	BANC888	is_a	alpha/beta Kenyon cell	
720575941662463356	BANC_888:720575941662463356	BANC888	is_a	alpha'/beta' middle Kenyon cell	
720575941662467708	BANC_888:720575941662467708	BANC888	is_a	adult fan-shaped body 1 column-crepine neuron	FlyBase:FBrf0246888
720575941662469944	BANC_888:720575941662469944	BANC888	is_a	adult CB3072 neuron	
720575941662471992	BANC_888:720575941662471992	BANC888	is_a	adult anterior ventrolateral protocerebrum neuron 570	
720575941662473784	BANC_888:720575941662473784	BANC888	is_a	adult CB1877 neuron	
720575941662474552	BANC_888:720575941662474552	BANC888	is_a	adult posterior slope neuron 157	
720575941662475064	BANC_888:720575941662475064	BANC888	is_a	adult lateral accessory lobe neuron 132	
720575941662483068	BANC_888:720575941662483068	BANC888	is_a	adult IN12B059 neuron	
720575941662484024	BANC_888:720575941662484024	BANC888	is_a	adult olfactory receptor neuron Or2a	
720575941662485304	BANC_888:720575941662485304	BANC888	is_a	adult optic lobe intrinsic neuron	
720575941662486072	BANC_888:720575941662486072	BANC888	is_a	adult posterior lateral protocerebrum neuron 054	
720575941662488632	BANC_888:720575941662488632	BANC888	is_a	lobula columnar neuron LC15	
720575941662495356	BANC_888:720575941662495356	BANC888	is_a	descending neuron of the gnathal ganglion DNg07	
720575941662497916	BANC_888:720575941662497916	BANC888	is_a	adult fan-shaped body 1 column-crepine neuron	FlyBase:FBrf0246888
720575941662498940	BANC_888:720575941662498940	BANC888	is_a	adult AN06B068 neuron	
720575941662499708	BANC_888:720575941662499708	BANC888	is_a	adult fan-shaped body 1 column-crepine neuron	FlyBase:FBrf0246888
720575941662503992	BANC_888:720575941662503992	BANC888	is_a	adult CB3050 neuron	
720575941662506040	BANC_888:720575941662506040	BANC888	is_a	descending neuron of the gnathal ganglion DNg27	
720575941662507320	BANC_888:720575941662507320	BANC888	is_a	adult CB3639 neuron	
720575941662508600	BANC_888:720575941662508600	BANC888	is_a	adult AN18B053 neuron	
720575941662510648	BANC_888:720575941662510648	BANC888	is_a	adult CB3326 neuron	
720575941662513464	BANC_888:720575941662513464	BANC888	is_a	adult olfactory receptor neuron Or67d	
720575941662516792	BANC_888:720575941662516792	BANC888	is_a	adult CB1221 neuron	
720575941662522936	BANC_888:720575941662522936	BANC888	is_a	adult lateral accessory lobe neuron 048	
720575941662523960	BANC_888:720575941662523960	BANC888	is_a	adult clamp neuron 093	
720575941662530872	BANC_888:720575941662530872	BANC888	is_a	adult CB1748 neuron	
720575941662531452	BANC_888:720575941662531452	BANC888	is_a	wing margin mechanosensory bristle	
720575941662536316	BANC_888:720575941662536316	BANC888	is_a	sensory neuron of haltere campaniform sensillum	
720575941662539576	BANC_888:720575941662539576	BANC888	is_a	adult clamp neuron 283	
720575941662541692	BANC_888:720575941662541692	BANC888	is_a	adult IN23B046 neuron	
720575941662554424	BANC_888:720575941662554424	BANC888	is_a	adult superior lateral protocerebrum neuron 188	
720575941662557240	BANC_888:720575941662557240	BANC888	is_a	adult superior medial protocerebrum neuron 469	
720575941662563196	BANC_888:720575941662563196	BANC888	is_a	adult SNch13 neuron	
720575941662565944	BANC_888:720575941662565944	BANC888	is_a	adult CB0799 neuron	
720575941662576440	BANC_888:720575941662576440	BANC888	is_a	adult olfactory receptor neuron Amt/Rh50 VM6m	
720575941662579068	BANC_888:720575941662579068	BANC888	is_a	adult abdominal multidendritic neuron	
720575941662582140	BANC_888:720575941662582140	BANC888	is_a	gamma main Kenyon cell	
720575941662587192	BANC_888:720575941662587192	BANC888	is_a	transmedullary neuron Tm7	
720575941662588796	BANC_888:720575941662588796	BANC888	is_a	adult CB1997 neuron	
720575941662590076	BANC_888:720575941662590076	BANC888	is_a	adult lobula visual projection neuron LoVP32	FlyBase:FBrf0262545
720575941662591356	BANC_888:720575941662591356	BANC888	is_a	sensory neuron	
720575941662592824	BANC_888:720575941662592824	BANC888	is_a	adult crepine neuron 059	
720575941662595640	BANC_888:720575941662595640	BANC888	is_a	adult protocerebral bridge 1 glomerulus-ellipsoid body tile-nodulus 1 neuron 1	
720575941662597688	BANC_888:720575941662597688	BANC888	is_a	adult superior lateral protocerebrum neuron 403	
720575941662597944	BANC_888:720575941662597944	BANC888	is_a	adult clamp neuron 292	
720575941662610300	BANC_888:720575941662610300	BANC888	is_a	adult SNch10 neuron	
720575941662613560	BANC_888:720575941662613560	BANC888	is_a	adult vest neuron 067	
720575941662617912	BANC_888:720575941662617912	BANC888	is_a	lobula columnar neuron LC18	
720575941662618680	BANC_888:720575941662618680	BANC888	is_a	adult lobula columnar neuron LC34	
720575941662619192	BANC_888:720575941662619192	BANC888	is_a	distal medullary amacrine neuron Dm3b	FlyBase:FBrf0262545
720575941662619704	BANC_888:720575941662619704	BANC888	is_a	transmedullary neuron Tm1	
720575941662620728	BANC_888:720575941662620728	BANC888	is_a	adult CB1515 neuron	
720575941662622588	BANC_888:720575941662622588	BANC888	is_a	adult SNta45 neuron	
720575941662623612	BANC_888:720575941662623612	BANC888	is_a	bristle sensory neuron	
720575941662627708	BANC_888:720575941662627708	BANC888	is_a	adult SNta39 neuron	
720575941662629500	BANC_888:720575941662629500	BANC888	is_a	adult SNta38 neuron	
720575941662630200	BANC_888:720575941662630200	BANC888	is_a	adult superior lateral protocerebrum neuron 383	
720575941662631736	BANC_888:720575941662631736	BANC888	is_a	adult CB0431 neuron	
720575941662638460	BANC_888:720575941662638460	BANC888	is_a	adult motor neuron	
720575941662643068	BANC_888:720575941662643068	BANC888	is_a	adult CB1225 neuron	
720575941662648120	BANC_888:720575941662648120	BANC888	is_a	adult INXXX334 neuron	
720575941662654520	BANC_888:720575941662654520	BANC888	is_a	adult CB0039 neuron	
720575941662655032	BANC_888:720575941662655032	BANC888	is_a	adult CB1331 neuron	
720575941662663992	BANC_888:720575941662663992	BANC888	is_a	adult lateral horn AV4a4 neuron	
720575941662665084	BANC_888:720575941662665084	BANC888	is_a	adult anterior ventrolateral protocerebrum neuron 530	
720575941662665272	BANC_888:720575941662665272	BANC888	is_a	adult CB2370 neuron	
720575941662669948	BANC_888:720575941662669948	BANC888	is_a	adult posterior slope neuron 096	
720575941662670136	BANC_888:720575941662670136	BANC888	is_a	medulla intrinsic neuron Mi1	
720575941662676092	BANC_888:720575941662676092	BANC888	is_a	alpha/beta Kenyon cell	
720575941662678072	BANC_888:720575941662678072	BANC888	is_a	octopaminergic VUMa5 neuron	
720575941662678584	BANC_888:720575941662678584	BANC888	is_a	adult olfactory receptor neuron Amt/Rh50 VM6l	
720575941662688636	BANC_888:720575941662688636	BANC888	is_a	lobula columnar neuron LC30	FlyBase:FBrf0262545
720575941662694712	BANC_888:720575941662694712	BANC888	is_a	adult IN12B002 neuron	
720575941662694968	BANC_888:720575941662694968	BANC888	is_a	adult IN12B044 neuron	
720575941662695992	BANC_888:720575941662695992	BANC888	is_a	descending neuron of the gnathal ganglion DNg65	
720575941662700344	BANC_888:720575941662700344	BANC888	is_a	distal medullary amacrine neuron Dm10	
720575941662707256	BANC_888:720575941662707256	BANC888	is_a	adult CB2331 neuron	
720575941662714680	BANC_888:720575941662714680	BANC888	is_a	T5b neuron	
720575941662719356	BANC_888:720575941662719356	BANC888	is_a	adult CB3201 neuron	
720575941662720124	BANC_888:720575941662720124	BANC888	is_a	mechanosensory neuron of interommatidial bristle	
720575941662734460	BANC_888:720575941662734460	BANC888	is_a	adult clamp neuron 085	
720575941662737720	BANC_888:720575941662737720	BANC888	is_a	T3 neuron	
720575941662741116	BANC_888:720575941662741116	BANC888	is_a	adult CB3601 neuron	
720575941662741560	BANC_888:720575941662741560	BANC888	is_a	adult optic lobe intrinsic neuron	
720575941662742908	BANC_888:720575941662742908	BANC888	is_a	adult CB0962 neuron	
720575941662746748	BANC_888:720575941662746748	BANC888	is_a	alpha/beta posterior Kenyon cell	
720575941662748796	BANC_888:720575941662748796	BANC888	is_a	adult CB1775 neuron	
720575941662751288	BANC_888:720575941662751288	BANC888	is_a	adult CB3760 neuron	
720575941662758200	BANC_888:720575941662758200	BANC888	is_a	lobula columnar neuron LC10	
720575941662770044	BANC_888:720575941662770044	BANC888	is_a	gamma main Kenyon cell	
720575941662773372	BANC_888:720575941662773372	BANC888	is_a	adult CB0731 neuron	
720575941662773628	BANC_888:720575941662773628	BANC888	is_a	lobula columnar neuron LC4	
720575941662775352	BANC_888:720575941662775352	BANC888	is_a	adult optic lobe intrinsic neuron	
720575941662777400	BANC_888:720575941662777400	BANC888	is_a	medulla intrinsic neuron Mi1	
720575941662788220	BANC_888:720575941662788220	BANC888	is_a	adult hygrosensory neuron Ir40a VP4	
720575941662789244	BANC_888:720575941662789244	BANC888	is_a	adult olfactory receptor neuron Amt/Rh50 VM6v	
720575941662804092	BANC_888:720575941662804092	BANC888	is_a	adult central brain intrinsic neuron	
720575941662807420	BANC_888:720575941662807420	BANC888	is_a	alpha/beta Kenyon cell	
720575941662811448	BANC_888:720575941662811448	BANC888	is_a	lobula plate columnar neuron LPC2	
720575941662841400	BANC_888:720575941662841400	BANC888	is_a	adult CB2507 neuron	
720575941662848568	BANC_888:720575941662848568	BANC888	is_a	transmedullary neuron Tm4	
720575941662854780	BANC_888:720575941662854780	BANC888	is_a	adult lateral horn AV1d2 neuron	
720575941662855992	BANC_888:720575941662855992	BANC888	is_a	adult optic lobe intrinsic neuron	
720575941662860924	BANC_888:720575941662860924	BANC888	is_a	transmedullary neuron Tm16	
720575941662868280	BANC_888:720575941662868280	BANC888	is_a	adult optic lobe intrinsic neuron	
720575941662878844	BANC_888:720575941662878844	BANC888	is_a	adult antennal lobe projection neuron VP3 vPN	
720575941662879868	BANC_888:720575941662879868	BANC888	is_a	medulla intrinsic neuron Mi10	
720575941662889084	BANC_888:720575941662889084	BANC888	is_a	adult anterior ventrolateral protocerebrum neuron 194	
720575941662894648	BANC_888:720575941662894648	BANC888	is_a	adult lateral horn PV5a1 neuron	
720575941662897532	BANC_888:720575941662897532	BANC888	is_a	adult lobula intrinsic neuron Li13	FlyBase:FBrf0262545
720575941662899068	BANC_888:720575941662899068	BANC888	is_a	transmedullary neuron Tm9	
720575941662921528	BANC_888:720575941662921528	BANC888	is_a	adult optic lobe intrinsic neuron	
720575941662930812	BANC_888:720575941662930812	BANC888	is_a	adult lobula intrinsic neuron Li23	FlyBase:FBrf0262545
720575941662939960	BANC_888:720575941662939960	BANC888	is_a	adult optic lobe intrinsic neuron	
720575941662947896	BANC_888:720575941662947896	BANC888	is_a	transmedullary Y neuron TmY3	
720575941662952060	BANC_888:720575941662952060	BANC888	is_a	adult fan-shaped body layer 4 tangential neuron	FlyBase:FBrf0246888
720575941662964280	BANC_888:720575941662964280	BANC888	is_a	adult optic lobe intrinsic neuron	
720575941662966328	BANC_888:720575941662966328	BANC888	is_a	T5c neuron	
720575941662966584	BANC_888:720575941662966584	BANC888	is_a	T5d neuron	
720575941662968700	BANC_888:720575941662968700	BANC888	is_a	adult olfactory receptor neuron Or56a	
720575941662969912	BANC_888:720575941662969912	BANC888	is_a	transmedullary neuron Tm2	
720575941662970236	BANC_888:720575941662970236	BANC888	is_a	transmedullary neuron Tm3	
720575941662973240	BANC_888:720575941662973240	BANC888	is_a	adult optic lobe intrinsic neuron	
720575941662974264	BANC_888:720575941662974264	BANC888	is_a	T5b neuron	
720575941662981176	BANC_888:720575941662981176	BANC888	is_a	T5b neuron	
720575941662983224	BANC_888:720575941662983224	BANC888	is_a	descending neuron of the posterior brain DNpe054	
720575941662983292	BANC_888:720575941662983292	BANC888	is_a	adult superior lateral protocerebrum neuron 227	
720575941662985528	BANC_888:720575941662985528	BANC888	is_a	T2a neuron	
720575941662986364	BANC_888:720575941662986364	BANC888	is_a	medulla intrinsic neuron Mi4	
720575941662987832	BANC_888:720575941662987832	BANC888	is_a	T3 neuron	
720575941662988924	BANC_888:720575941662988924	BANC888	is_a	adult posterior ventrolateral protocerebrum neuron 065	
720575941662999676	BANC_888:720575941662999676	BANC888	is_a	transmedullary neuron Tm3	
720575941663003192	BANC_888:720575941663003192	BANC888	is_a	Y neuron Y3	
720575941663006520	BANC_888:720575941663006520	BANC888	is_a	adult fan-shaped body layer 4 tangential neuron	FlyBase:FBrf0246888
720575941663008824	BANC_888:720575941663008824	BANC888	is_a	adult optic lobe intrinsic neuron	
720575941663014780	BANC_888:720575941663014780	BANC888	is_a	wing margin mechanosensory bristle	
720575941663015292	BANC_888:720575941663015292	BANC888	is_a	adult CB3411 neuron	
720575941663016760	BANC_888:720575941663016760	BANC888	is_a	adult optic lobe intrinsic neuron	
720575941663017596	BANC_888:720575941663017596	BANC888	is_a	lobula columnar neuron LC10c	
720575941663023740	BANC_888:720575941663023740	BANC888	is_a	adult CB3473 neuron	
720575941663028792	BANC_888:720575941663028792	BANC888	is_a	transmedullary neuron Tm31	FlyBase:FBrf0262545
720575941663031676	BANC_888:720575941663031676	BANC888	is_a	distal medullary amacrine neuron Dm2	
720575941663032376	BANC_888:720575941663032376	BANC888	is_a	columnar neuron T1	
720575941663039356	BANC_888:720575941663039356	BANC888	is_a	dopaminergic PAM neuron 5	
720575941663046524	BANC_888:720575941663046524	BANC888	is_a	adult optic lobe intrinsic neuron	
720575941663051064	BANC_888:720575941663051064	BANC888	is_a	lobula intrinsic neuron Li14	FlyBase:FBrf0262545
720575941663057788	BANC_888:720575941663057788	BANC888	is_a	adult lobula intrinsic neuron Li21	FlyBase:FBrf0262545
720575941663063420	BANC_888:720575941663063420	BANC888	is_a	distal medullary amacrine neuron Dm10	
720575941663065980	BANC_888:720575941663065980	BANC888	is_a	lobula columnar neuron LC10a	
720575941663075896	BANC_888:720575941663075896	BANC888	is_a	adult optic lobe intrinsic neuron	
720575941663078012	BANC_888:720575941663078012	BANC888	is_a	adult optic lobe intrinsic neuron	
720575941663081272	BANC_888:720575941663081272	BANC888	is_a	adult optic lobe intrinsic neuron	
720575941663081784	BANC_888:720575941663081784	BANC888	is_a	adult optic lobe intrinsic neuron	
720575941663081852	BANC_888:720575941663081852	BANC888	is_a	alpha/beta Kenyon cell	
720575941663086972	BANC_888:720575941663086972	BANC888	is_a	lobula columnar neuron LC16	
720575941663087996	BANC_888:720575941663087996	BANC888	is_a	distal medullary amacrine neuron Dm2	
720575941663098680	BANC_888:720575941663098680	BANC888	is_a	adult optic lobe intrinsic neuron	
720575941663099516	BANC_888:720575941663099516	BANC888	is_a	adult IN07B031 neuron	
720575941663099960	BANC_888:720575941663099960	BANC888	is_a	adult IN23B077 neuron	
720575941663102520	BANC_888:720575941663102520	BANC888	is_a	descending neuron of the gnathal ganglion DNg34	
720575941663102844	BANC_888:720575941663102844	BANC888	is_a	mechanosensory neuron of adult head bristle	
720575941663110524	BANC_888:720575941663110524	BANC888	is_a	lamina wide-field 1 neuron	
720575941663119484	BANC_888:720575941663119484	BANC888	is_a	metathoracic leg taste bristle chemosensory neuron	
720575941663119996	BANC_888:720575941663119996	BANC888	is_a	adult IN03A068 neuron	
720575941663124092	BANC_888:720575941663124092	BANC888	is_a	adult CB1390 neuron	
720575941663128888	BANC_888:720575941663128888	BANC888	is_a	lamina monopolar neuron L4	
720575941663129656	BANC_888:720575941663129656	BANC888	is_a	sensory neuron of haltere campaniform sensillum	
720575941663130492	BANC_888:720575941663130492	BANC888	is_a	transmedullary Y neuron TmY5a	
720575941663132540	BANC_888:720575941663132540	BANC888	is_a	adult superior medial protocerebrum neuron 446	
720575941663135356	BANC_888:720575941663135356	BANC888	is_a	adult optic lobe intrinsic neuron	
720575941663137404	BANC_888:720575941663137404	BANC888	is_a	adult IN21A014 neuron	
720575941663146364	BANC_888:720575941663146364	BANC888	is_a	adult Kenyon cell	
720575941663147832	BANC_888:720575941663147832	BANC888	is_a	zone B Johnston organ neuron	
720575941663152440	BANC_888:720575941663152440	BANC888	is_a	photoreceptor cell R8	
720575941663155836	BANC_888:720575941663155836	BANC888	is_a	transmedullary Y neuron TmY18	FlyBase:FBrf0262545
720575941663164796	BANC_888:720575941663164796	BANC888	is_a	adult CB0671 neuron	
720575941663168312	BANC_888:720575941663168312	BANC888	is_a	adult SNxx03 neuron	
720575941663168892	BANC_888:720575941663168892	BANC888	is_a	transmedullary neuron Tm5b	
720575941663170360	BANC_888:720575941663170360	BANC888	is_a	photoreceptor cell R7	
720575941663170872	BANC_888:720575941663170872	BANC888	is_a	lamina monopolar neuron L1	
720575941663172920	BANC_888:720575941663172920	BANC888	is_a	centrifugal neuron C2	
720575941663174012	BANC_888:720575941663174012	BANC888	is_a	adult CB2278 neuron	
720575941663174200	BANC_888:720575941663174200	BANC888	is_a	photoreceptor cell R8	
720575941663182460	BANC_888:720575941663182460	BANC888	is_a	transmedullary neuron Tm20	
720575941663182555	BANC_888:720575941663182555	BANC888	is_a	lamina monopolar neuron L5	
720575941663190396	BANC_888:720575941663190396	BANC888	is_a	transmedullary neuron Tm30	FlyBase:FBrf0262545
720575941663191164	BANC_888:720575941663191164	BANC888	is_a	adult optic lobe intrinsic neuron	
720575941663192888	BANC_888:720575941663192888	BANC888	is_a	adult optic lobe intrinsic neuron	
720575941663194236	BANC_888:720575941663194236	BANC888	is_a	centrifugal neuron C3	
720575941663195772	BANC_888:720575941663195772	BANC888	is_a	distal medullary amacrine neuron Dm2	
720575941663198588	BANC_888:720575941663198588	BANC888	is_a	medulla intrinsic neuron Mi15	
720575941663199612	BANC_888:720575941663199612	BANC888	is_a	columnar neuron T1	
720575941663199868	BANC_888:720575941663199868	BANC888	is_a	transmedullary neuron Tm3	
720575941663200892	BANC_888:720575941663200892	BANC888	is_a	medulla intrinsic neuron Mi13	
720575941663202360	BANC_888:720575941663202360	BANC888	is_a	adult optic lobe intrinsic neuron	
720575941663203196	BANC_888:720575941663203196	BANC888	is_a	transmedullary Y neuron TmY4	
720575941663214392	BANC_888:720575941663214392	BANC888	is_a	adult optic lobe intrinsic neuron	
720575941663216508	BANC_888:720575941663216508	BANC888	is_a	T3 neuron	
720575941663221560	BANC_888:720575941663221560	BANC888	is_a	adult optic lobe intrinsic neuron	
720575941663234360	BANC_888:720575941663234360	BANC888	is_a	lamina monopolar neuron L1	
720575941663236732	BANC_888:720575941663236732	BANC888	is_a	transmedullary neuron Tm2	
720575941663251068	BANC_888:720575941663251068	BANC888	is_a	T3 neuron	
720575941663251256	BANC_888:720575941663251256	BANC888	is_a	distal medullary amacrine neuron Dm3b	FlyBase:FBrf0262545
720575941663267708	BANC_888:720575941663267708	BANC888	is_a	adult optic lobe intrinsic neuron	
720575941663275320	BANC_888:720575941663275320	BANC888	is_a	lamina monopolar neuron L2	
720575941663288444	BANC_888:720575941663288444	BANC888	is_a	lamina monopolar neuron L2	
720575941663292472	BANC_888:720575941663292472	BANC888	is_a	lamina monopolar neuron L4	
720575941663295032	BANC_888:720575941663295032	BANC888	is_a	lamina monopolar neuron L4	
720575941663295544	BANC_888:720575941663295544	BANC888	is_a	photoreceptor cell R8	
720575941663299384	BANC_888:720575941663299384	BANC888	is_a	lamina monopolar neuron L1	
720575941663302968	BANC_888:720575941663302968	BANC888	is_a	photoreceptor cell R8	
720575941663305784	BANC_888:720575941663305784	BANC888	is_a	lamina monopolar neuron L3	
720575941663307320	BANC_888:720575941663307320	BANC888	is_a	lamina monopolar neuron L1	
720575941663307576	BANC_888:720575941663307576	BANC888	is_a	lamina monopolar neuron L4	
720575941663313020	BANC_888:720575941663313020	BANC888	is_a	adult CB3219 neuron	
720575941663317116	BANC_888:720575941663317116	BANC888	is_a	T3 neuron	
720575941663330172	BANC_888:720575941663330172	BANC888	is_a	lamina monopolar neuron L2	
720575941663331964	BANC_888:720575941663331964	BANC888	is_a	mechanosensory neuron of interommatidial bristle	
720575941663338364	BANC_888:720575941663338364	BANC888	is_a	adult optic lobe intrinsic neuron	
720575941663343160	BANC_888:720575941663343160	BANC888	is_a	femoral chordotonal hook neuron	
720575941663349884	BANC_888:720575941663349884	BANC888	is_a	adult optic lobe intrinsic neuron	
720575941663364220	BANC_888:720575941663364220	BANC888	is_a	adult optic lobe intrinsic neuron	
720575941663370364	BANC_888:720575941663370364	BANC888	is_a	adult CB1293 neuron	
720575941663379768	BANC_888:720575941663379768	BANC888	is_a	adult optic lobe intrinsic neuron	
720575941663382396	BANC_888:720575941663382396	BANC888	is_a	adult CB1008 neuron	
720575941663385656	BANC_888:720575941663385656	BANC888	is_a	adult optic lobe intrinsic neuron	
720575941663387192	BANC_888:720575941663387192	BANC888	is_a	adult optic lobe intrinsic neuron	
720575941663392892	BANC_888:720575941663392892	BANC888	is_a	labellar taste bristle mechanosensory neuron	
720575941663393916	BANC_888:720575941663393916	BANC888	is_a	adult optic lobe intrinsic neuron	
720575941663394428	BANC_888:720575941663394428	BANC888	is_a	photoreceptor cell R7	
720575941663396664	BANC_888:720575941663396664	BANC888	is_a	columnar neuron T1	
720575941663404156	BANC_888:720575941663404156	BANC888	is_a	adult fan-shaped body vertical delta neuron	
720575941663405436	BANC_888:720575941663405436	BANC888	is_a	photoreceptor cell R7	
720575941663408508	BANC_888:720575941663408508	BANC888	is_a	lamina monopolar neuron L1	
720575941663408764	BANC_888:720575941663408764	BANC888	is_a	adult Kenyon cell	
720575941663414396	BANC_888:720575941663414396	BANC888	is_a	adult anterior ventrolateral protocerebrum neuron 346	
720575941663417980	BANC_888:720575941663417980	BANC888	is_a	adult CB1214 neuron	
720575941663425592	BANC_888:720575941663425592	BANC888	is_a	lamina monopolar neuron L1	
720575941663429756	BANC_888:720575941663429756	BANC888	is_a	mechanosensory neuron of interommatidial bristle	
720575941663433340	BANC_888:720575941663433340	BANC888	is_a	adult MNad02 neuron	
720575941663439672	BANC_888:720575941663439672	BANC888	is_a	adult SNta02 neuron	
720575941663441720	BANC_888:720575941663441720	BANC888	is_a	adult optic lobe intrinsic neuron	
720575941663454008	BANC_888:720575941663454008	BANC888	is_a	adult superior medial protocerebrum neuron 110	
720575941663462200	BANC_888:720575941663462200	BANC888	is_a	lamina monopolar neuron L4	
720575941663467900	BANC_888:720575941663467900	BANC888	is_a	adult IN14A007 neuron	
720575941663471228	BANC_888:720575941663471228	BANC888	is_a	adult IN09B045 neuron	
720575941663471740	BANC_888:720575941663471740	BANC888	is_a	adult AN03B095 neuron	
720575941663471996	BANC_888:720575941663471996	BANC888	is_a	adult IN09A047 neuron	
720575941663475512	BANC_888:720575941663475512	BANC888	is_a	zone E Johnston organ neuron	
720575941663479352	BANC_888:720575941663479352	BANC888	is_a	adult superior medial protocerebrum neuron 520	
720575941663480632	BANC_888:720575941663480632	BANC888	is_a	adult CB1876 neuron	
720575941663481912	BANC_888:720575941663481912	BANC888	is_a	adult fan-shaped body 1 column-superior medial protocerebrum neuron	FlyBase:FBrf0246888
720575941663482424	BANC_888:720575941663482424	BANC888	is_a	adult CB2853 neuron	
720575941663483516	BANC_888:720575941663483516	BANC888	is_a	adult IN13B090 neuron	
720575941663483704	BANC_888:720575941663483704	BANC888	is_a	adult tubercle-tubercle medial zone neuron	
720575941663484028	BANC_888:720575941663484028	BANC888	is_a	adult AN01B005 neuron	
720575941663484540	BANC_888:720575941663484540	BANC888	is_a	adult ANXXX318 neuron	
720575941663484728	BANC_888:720575941663484728	BANC888	is_a	lobula columnar neuron LC10c	
720575941663485240	BANC_888:720575941663485240	BANC888	is_a	adult CB1406 neuron	
720575941663486844	BANC_888:720575941663486844	BANC888	is_a	adult optic lobe intrinsic neuron	
720575941663489404	BANC_888:720575941663489404	BANC888	is_a	adult IN17A086 neuron	
720575941663489916	BANC_888:720575941663489916	BANC888	is_a	adult lateral horn AV2o1 neuron	
720575941663490940	BANC_888:720575941663490940	BANC888	is_a	adult IN01B024 neuron	
720575941663492476	BANC_888:720575941663492476	BANC888	is_a	adult IN01A012 neuron	
720575941663494712	BANC_888:720575941663494712	BANC888	is_a	LNd neuron	
720575941663495548	BANC_888:720575941663495548	BANC888	is_a	adult IN21A011 neuron	
720575941663495804	BANC_888:720575941663495804	BANC888	is_a	adult IN12A002 neuron	
720575941663497084	BANC_888:720575941663497084	BANC888	is_a	adult descending neuron of the anterior dorsal brain DNa11	
720575941663497340	BANC_888:720575941663497340	BANC888	is_a	adult INXXX212 neuron	
720575941663497852	BANC_888:720575941663497852	BANC888	is_a	adult INXXX114 neuron	
720575941663500924	BANC_888:720575941663500924	BANC888	is_a	adult IN26X001 neuron	
720575941663502904	BANC_888:720575941663502904	BANC888	is_a	adult CB1168 neuron	
720575941663504696	BANC_888:720575941663504696	BANC888	is_a	adult lateral horn PV7b1 neuron	
720575941663509304	BANC_888:720575941663509304	BANC888	is_a	adult posterior lateral protocerebrum neuron 165	
720575941663511864	BANC_888:720575941663511864	BANC888	is_a	adult superior lateral protocerebrum neuron 041	
720575941663511932	BANC_888:720575941663511932	BANC888	is_a	adult CB1376 neuron	
720575941663512632	BANC_888:720575941663512632	BANC888	is_a	adult wedge neuron 130	
720575941663512888	BANC_888:720575941663512888	BANC888	is_a	adult CB2558 neuron	
720575941663513144	BANC_888:720575941663513144	BANC888	is_a	adult CB3011 neuron	
720575941663515448	BANC_888:720575941663515448	BANC888	is_a	adult CB1515 neuron	
720575941663516216	BANC_888:720575941663516216	BANC888	is_a	adult anterior ventrolateral protocerebrum neuron 082	
720575941663518844	BANC_888:720575941663518844	BANC888	is_a	adult DNxn146 neuron	
720575941663522684	BANC_888:720575941663522684	BANC888	is_a	adult CB2701 neuron	
720575941663528760	BANC_888:720575941663528760	BANC888	is_a	adult wedge neuron 142	
720575941663532856	BANC_888:720575941663532856	BANC888	is_a	T2 neuron	
720575941663534648	BANC_888:720575941663534648	BANC888	is_a	adult optic lobe intrinsic neuron	
720575941663537208	BANC_888:720575941663537208	BANC888	is_a	medulla intrinsic neuron Mi9	
720575941663552124	BANC_888:720575941663552124	BANC888	is_a	adult fan-shaped body layer 1 neuron of CP2 lineage	
720575941663555896	BANC_888:720575941663555896	BANC888	is_a	adult optic lobe intrinsic neuron	
720575941663559480	BANC_888:720575941663559480	BANC888	is_a	adult optic lobe intrinsic neuron	
720575941663561016	BANC_888:720575941663561016	BANC888	is_a	medulla intrinsic neuron Mi1	
720575941663561340	BANC_888:720575941663561340	BANC888	is_a	adult CB2835 neuron	
720575941663576632	BANC_888:720575941663576632	BANC888	is_a	adult posterior ventrolateral protocerebrum neuron 025	
720575941663579260	BANC_888:720575941663579260	BANC888	is_a	adult posterior slope neuron 002	
720575941663581496	BANC_888:720575941663581496	BANC888	is_a	adult optic lobe intrinsic neuron	
720575941663582520	BANC_888:720575941663582520	BANC888	is_a	adult tubercle-bulb neuron 02	
720575941663584056	BANC_888:720575941663584056	BANC888	is_a	photoreceptor cell R8	
720575941663586616	BANC_888:720575941663586616	BANC888	is_a	medulla intrinsic neuron Mi1	
720575941663590456	BANC_888:720575941663590456	BANC888	is_a	columnar neuron T1	
720575941663590780	BANC_888:720575941663590780	BANC888	is_a	adult superior medial protocerebrum neuron 068	
720575941663593340	BANC_888:720575941663593340	BANC888	is_a	adult olfactory receptor neuron Ir92a	
720575941663595320	BANC_888:720575941663595320	BANC888	is_a	adult optic lobe intrinsic neuron	
720575941663614332	BANC_888:720575941663614332	BANC888	is_a	adult olfactory receptor neuron Or88a	
720575941663617148	BANC_888:720575941663617148	BANC888	is_a	adult CB2836 neuron	
720575941663625084	BANC_888:720575941663625084	BANC888	is_a	adult CNS neuron	
720575941663625596	BANC_888:720575941663625596	BANC888	is_a	adult protocerebral bridge 1 glomerulus-ellipsoid body tile-nodulus 1 neuron 1	
720575941663629112	BANC_888:720575941663629112	BANC888	is_a	accessory medulla neuron aMe5	
720575941663635256	BANC_888:720575941663635256	BANC888	is_a	transmedullary Y neuron TmY5a	
720575941663637560	BANC_888:720575941663637560	BANC888	is_a	adult lobula visual projection neuron LoVP48	FlyBase:FBrf0262545
720575941663639420	BANC_888:720575941663639420	BANC888	is_a	adult medulla visual projection neuron MeVP28	FlyBase:FBrf0262545
720575941663639864	BANC_888:720575941663639864	BANC888	is_a	lamina monopolar neuron L4	
720575941663642168	BANC_888:720575941663642168	BANC888	is_a	adult optic lobe intrinsic neuron	
720575941663645752	BANC_888:720575941663645752	BANC888	is_a	T4a neuron	
720575941663649336	BANC_888:720575941663649336	BANC888	is_a	medulla intrinsic neuron Mi4	
720575941663653756	BANC_888:720575941663653756	BANC888	is_a	labellar taste bristle mechanosensory neuron	
720575941663659064	BANC_888:720575941663659064	BANC888	is_a	zone B Johnston organ neuron	
720575941663659320	BANC_888:720575941663659320	BANC888	is_a	transmedullary Y neuron TmY4	
720575941663663484	BANC_888:720575941663663484	BANC888	is_a	adult clamp neuron 253	
720575941663664952	BANC_888:720575941663664952	BANC888	is_a	adult optic lobe intrinsic neuron	
720575941663669372	BANC_888:720575941663669372	BANC888	is_a	adult CB1630 neuron	
720575941663671932	BANC_888:720575941663671932	BANC888	is_a	adult CB2015 neuron	
720575941663672188	BANC_888:720575941663672188	BANC888	is_a	adult CB1417 neuron	
720575941663674168	BANC_888:720575941663674168	BANC888	is_a	transmedullary Y neuron TmY5a	
720575941663678264	BANC_888:720575941663678264	BANC888	is_a	adult optic lobe intrinsic neuron	
720575941663678844	BANC_888:720575941663678844	BANC888	is_a	adult superior medial protocerebrum neuron 346	
720575941663681336	BANC_888:720575941663681336	BANC888	is_a	T5c neuron	
720575941663682684	BANC_888:720575941663682684	BANC888	is_a	sensory neuron of haltere campaniform sensillum	
720575941663683384	BANC_888:720575941663683384	BANC888	is_a	adult optic lobe intrinsic neuron	
720575941663684408	BANC_888:720575941663684408	BANC888	is_a	photoreceptor cell R8	
720575941663685176	BANC_888:720575941663685176	BANC888	is_a	adult optic lobe intrinsic neuron	
720575941663686524	BANC_888:720575941663686524	BANC888	is_a	adult anterior ventrolateral protocerebrum neuron 434	
720575941663692344	BANC_888:720575941663692344	BANC888	is_a	adult crepine neuron 077	
720575941663695160	BANC_888:720575941663695160	BANC888	is_a	transmedullary neuron Tm6	FlyBase:FBrf0262545
720575941663696440	BANC_888:720575941663696440	BANC888	is_a	adult superior lateral protocerebrum neuron 258	
720575941663697276	BANC_888:720575941663697276	BANC888	is_a	adult CB1182 neuron	
720575941663697532	BANC_888:720575941663697532	BANC888	is_a	adult fan-shaped body layer 5 neuron of LALv1 lineage	
720575941663701884	BANC_888:720575941663701884	BANC888	is_a	descending neuron of the gnathal ganglion DNg61	
720575941663702140	BANC_888:720575941663702140	BANC888	is_a	adult CB1883 neuron	
720575941663704700	BANC_888:720575941663704700	BANC888	is_a	adult fan-shaped body 1 column-superior medial protocerebrum neuron	FlyBase:FBrf0246888
720575941663705468	BANC_888:720575941663705468	BANC888	is_a	adult superior lateral protocerebrum neuron 241	
720575941663705912	BANC_888:720575941663705912	BANC888	is_a	transmedullary neuron Tm33	FlyBase:FBrf0262545
720575941663707260	BANC_888:720575941663707260	BANC888	is_a	adult CB2710 neuron	
720575941663708540	BANC_888:720575941663708540	BANC888	is_a	adult vest neuron 074	
720575941663709308	BANC_888:720575941663709308	BANC888	is_a	adult CB1580 neuron	
720575941663715640	BANC_888:720575941663715640	BANC888	is_a	centrifugal neuron C3	
720575941663717944	BANC_888:720575941663717944	BANC888	is_a	adult optic lobe intrinsic neuron	
720575941663719480	BANC_888:720575941663719480	BANC888	is_a	adult optic lobe intrinsic neuron	
720575941663719804	BANC_888:720575941663719804	BANC888	is_a	adult descending neuron to esophagus	
720575941663721528	BANC_888:720575941663721528	BANC888	is_a	adult optic lobe intrinsic neuron	
720575941663728252	BANC_888:720575941663728252	BANC888	is_a	adult optic lobe intrinsic neuron	
720575941663728696	BANC_888:720575941663728696	BANC888	is_a	columnar neuron T1	
720575941663729020	BANC_888:720575941663729020	BANC888	is_a	medulla intrinsic neuron Mi4	
720575941663730044	BANC_888:720575941663730044	BANC888	is_a	adult optic lobe intrinsic neuron	
720575941663731000	BANC_888:720575941663731000	BANC888	is_a	adult optic lobe intrinsic neuron	
720575941663733116	BANC_888:720575941663733116	BANC888	is_a	medulla intrinsic neuron Mi1	
720575941663733884	BANC_888:720575941663733884	BANC888	is_a	lamina monopolar neuron L2	
720575941663737468	BANC_888:720575941663737468	BANC888	is_a	adult optic lobe intrinsic neuron	
720575941663739704	BANC_888:720575941663739704	BANC888	is_a	lobula columnar neuron LC10d	
720575941663741240	BANC_888:720575941663741240	BANC888	is_a	adult superior medial protocerebrum neuron 163	
720575941663741496	BANC_888:720575941663741496	BANC888	is_a	columnar neuron T1	
720575941663742008	BANC_888:720575941663742008	BANC888	is_a	bristle sensory neuron	
720575941663742520	BANC_888:720575941663742520	BANC888	is_a	T5c neuron	
720575941663744124	BANC_888:720575941663744124	BANC888	is_a	adult optic lobe intrinsic neuron	
720575941663745336	BANC_888:720575941663745336	BANC888	is_a	adult optic lobe intrinsic neuron	
720575941663746104	BANC_888:720575941663746104	BANC888	is_a	T3 neuron	
720575941663749176	BANC_888:720575941663749176	BANC888	is_a	gustatory receptor neuron of the wing	
720575941663753784	BANC_888:720575941663753784	BANC888	is_a	adult CB3791 neuron	
720575941663758972	BANC_888:720575941663758972	BANC888	is_a	medulla intrinsic neuron Mi18	FlyBase:FBrf0262545
720575941663763256	BANC_888:720575941663763256	BANC888	is_a	adult SNch10 neuron	
720575941663766072	BANC_888:720575941663766072	BANC888	is_a	adult optic lobe intrinsic neuron	
720575941663767420	BANC_888:720575941663767420	BANC888	is_a	T3 neuron	
720575941663769656	BANC_888:720575941663769656	BANC888	is_a	lobula plate intrinsic neuron LPi34-12	FlyBase:FBrf0262545
720575941663774588	BANC_888:720575941663774588	BANC888	is_a	adult CB3559 neuron	
720575941663775868	BANC_888:720575941663775868	BANC888	is_a	adult gut-innervating neuron	
720575941663780664	BANC_888:720575941663780664	BANC888	is_a	adult optic lobe intrinsic neuron	
720575941663782456	BANC_888:720575941663782456	BANC888	is_a	transmedullary neuron Tm5Y	FlyBase:FBrf0262545
720575941663782968	BANC_888:720575941663782968	BANC888	is_a	medulla intrinsic neuron Mi13	
720575941663783992	BANC_888:720575941663783992	BANC888	is_a	T2a neuron	
720575941663784828	BANC_888:720575941663784828	BANC888	is_a	transmedullary neuron Tm5c	
720575941663787064	BANC_888:720575941663787064	BANC888	is_a	T3 neuron	
720575941663788412	BANC_888:720575941663788412	BANC888	is_a	T5b neuron	
720575941663790136	BANC_888:720575941663790136	BANC888	is_a	adult SNch05 neuron	
720575941663793208	BANC_888:720575941663793208	BANC888	is_a	adult optic lobe intrinsic neuron	
720575941663805052	BANC_888:720575941663805052	BANC888	is_a	adult CB2873 neuron	
720575941663805496	BANC_888:720575941663805496	BANC888	is_a	adult optic lobe intrinsic neuron	
720575941663807544	BANC_888:720575941663807544	BANC888	is_a	adult optic lobe intrinsic neuron	
720575941663808380	BANC_888:720575941663808380	BANC888	is_a	adult optic lobe intrinsic neuron	
720575941663808892	BANC_888:720575941663808892	BANC888	is_a	adult central brain intrinsic neuron	
720575941663811196	BANC_888:720575941663811196	BANC888	is_a	adult posterior lateral protocerebrum neuron 046	
720575941663812988	BANC_888:720575941663812988	BANC888	is_a	adult CB1181 neuron	
720575941663814968	BANC_888:720575941663814968	BANC888	is_a	adult IN12B037 neuron	
720575941663815224	BANC_888:720575941663815224	BANC888	is_a	centrifugal neuron C2	
720575941663816504	BANC_888:720575941663816504	BANC888	is_a	adult olfactory receptor neuron Or83c	
720575941663817596	BANC_888:720575941663817596	BANC888	is_a	adult optic lobe intrinsic neuron	
720575941663837308	BANC_888:720575941663837308	BANC888	is_a	T4d neuron	
720575941663843452	BANC_888:720575941663843452	BANC888	is_a	adult optic lobe intrinsic neuron	
720575941663844920	BANC_888:720575941663844920	BANC888	is_a	adult superior lateral protocerebrum neuron 364	
720575941663849528	BANC_888:720575941663849528	BANC888	is_a	proximal medullary amacrine neuron Pm1	FlyBase:FBrf0262545
720575941663849596	BANC_888:720575941663849596	BANC888	is_a	mechanosensory neuron of hair plate	
720575941663856696	BANC_888:720575941663856696	BANC888	is_a	adult optic lobe intrinsic neuron	
720575941663859256	BANC_888:720575941663859256	BANC888	is_a	adult SNta42 neuron	
720575941663860604	BANC_888:720575941663860604	BANC888	is_a	transmedullary neuron Tm4	
720575941663860792	BANC_888:720575941663860792	BANC888	is_a	T2a neuron	
720575941663862840	BANC_888:720575941663862840	BANC888	is_a	adult lobula intrinsic neuron Li25	FlyBase:FBrf0262545
720575941663867448	BANC_888:720575941663867448	BANC888	is_a	lobula columnar neuron LC26	
720575941663867960	BANC_888:720575941663867960	BANC888	is_a	distal medullary amacrine neuron Dm8b	
720575941663871544	BANC_888:720575941663871544	BANC888	is_a	adult optic lobe intrinsic neuron	
720575941663872124	BANC_888:720575941663872124	BANC888	is_a	T5c neuron	
720575941663884344	BANC_888:720575941663884344	BANC888	is_a	lobula intrinsic neuron Li14	FlyBase:FBrf0262545
720575941663887160	BANC_888:720575941663887160	BANC888	is_a	accessory medulla neuron aMe17a	
720575941663889276	BANC_888:720575941663889276	BANC888	is_a	adult optic lobe intrinsic neuron	
720575941663897912	BANC_888:720575941663897912	BANC888	is_a	adult olfactory receptor neuron Ir64a DC4	
720575941663900472	BANC_888:720575941663900472	BANC888	is_a	adult optic lobe intrinsic neuron	
720575941663905336	BANC_888:720575941663905336	BANC888	is_a	adult optic lobe intrinsic neuron	
720575941663905592	BANC_888:720575941663905592	BANC888	is_a	adult optic lobe intrinsic neuron	
720575941663908664	BANC_888:720575941663908664	BANC888	is_a	adult optic lobe intrinsic neuron	
720575941663914552	BANC_888:720575941663914552	BANC888	is_a	T4c neuron	
720575941663918460	BANC_888:720575941663918460	BANC888	is_a	adult optic lobe intrinsic neuron	
720575941663919740	BANC_888:720575941663919740	BANC888	is_a	T3 neuron	
720575941663928888	BANC_888:720575941663928888	BANC888	is_a	adult optic lobe intrinsic neuron	
720575941663929144	BANC_888:720575941663929144	BANC888	is_a	adult optic lobe intrinsic neuron	
720575941663933496	BANC_888:720575941663933496	BANC888	is_a	adult optic lobe intrinsic neuron	
720575941663935800	BANC_888:720575941663935800	BANC888	is_a	adult central medulla neuron Cm11	FlyBase:FBrf0262545
720575941663936312	BANC_888:720575941663936312	BANC888	is_a	zone B Johnston organ neuron	
720575941663936380	BANC_888:720575941663936380	BANC888	is_a	adult optic lobe intrinsic neuron	
720575941663938172	BANC_888:720575941663938172	BANC888	is_a	Johnston organ neuron	
720575941663940988	BANC_888:720575941663940988	BANC888	is_a	adult optic lobe intrinsic neuron	
720575941663946620	BANC_888:720575941663946620	BANC888	is_a	adult optic lobe intrinsic neuron	
720575941663953020	BANC_888:720575941663953020	BANC888	is_a	adult optic lobe intrinsic neuron	
720575941663955068	BANC_888:720575941663955068	BANC888	is_a	lobula columnar neuron LC9	
720575941663959420	BANC_888:720575941663959420	BANC888	is_a	adult optic lobe intrinsic neuron	
720575941663961144	BANC_888:720575941663961144	BANC888	is_a	adult optic lobe intrinsic neuron	
720575941663966264	BANC_888:720575941663966264	BANC888	is_a	adult optic lobe intrinsic neuron	
720575941663971708	BANC_888:720575941663971708	BANC888	is_a	adult optic lobe intrinsic neuron	
720575941663974200	BANC_888:720575941663974200	BANC888	is_a	adult optic lobe intrinsic neuron	
720575941663979832	BANC_888:720575941663979832	BANC888	is_a	lamina monopolar neuron L1	
720575941663981948	BANC_888:720575941663981948	BANC888	is_a	adult Kenyon cell	
720575941663984440	BANC_888:720575941663984440	BANC888	is_a	lamina monopolar neuron L2	
720575941663990328	BANC_888:720575941663990328	BANC888	is_a	adult optic lobe intrinsic neuron	
720575941664003384	BANC_888:720575941664003384	BANC888	is_a	adult clamp neuron 132	
720575941664004920	BANC_888:720575941664004920	BANC888	is_a	T3 neuron	
720575941664005944	BANC_888:720575941664005944	BANC888	is_a	lamina monopolar neuron L2	
720575941664006780	BANC_888:720575941664006780	BANC888	is_a	lamina monopolar neuron L3	
720575941664007736	BANC_888:720575941664007736	BANC888	is_a	medulla tangential neuron Mt4	FlyBase:FBrf0262545
720575941664021048	BANC_888:720575941664021048	BANC888	is_a	medulla tangential intrinsic neuron 1	FlyBase:FBrf0262545
720575941664021816	BANC_888:720575941664021816	BANC888	is_a	adult optic lobe intrinsic neuron	
720575941664025400	BANC_888:720575941664025400	BANC888	is_a	adult lobula intrinsic neuron Li21	FlyBase:FBrf0262545
720575941664028284	BANC_888:720575941664028284	BANC888	is_a	lamina monopolar neuron L2	
720575941664030076	BANC_888:720575941664030076	BANC888	is_a	lamina monopolar neuron L3	
720575941664035128	BANC_888:720575941664035128	BANC888	is_a	adult optic lobe intrinsic neuron	
720575941664035896	BANC_888:720575941664035896	BANC888	is_a	adult lateral horn AD1a2 neuron	
720575941664037688	BANC_888:720575941664037688	BANC888	is_a	adult optic lobe intrinsic neuron	
720575941664040760	BANC_888:720575941664040760	BANC888	is_a	adult optic lobe intrinsic neuron	
720575941664044600	BANC_888:720575941664044600	BANC888	is_a	accessory medulla neuron aMe5	
720575941664047416	BANC_888:720575941664047416	BANC888	is_a	transmedullary neuron Tm20	
720575941664051512	BANC_888:720575941664051512	BANC888	is_a	adult central brain intrinsic neuron	
720575941664054652	BANC_888:720575941664054652	BANC888	is_a	lamina monopolar neuron L5	
720575941664054908	BANC_888:720575941664054908	BANC888	is_a	lamina monopolar neuron L2	
720575941664062008	BANC_888:720575941664062008	BANC888	is_a	adult CB0977 neuron	
720575941664063288	BANC_888:720575941664063288	BANC888	is_a	transmedullary neuron Tm3	
720575941664063612	BANC_888:720575941664063612	BANC888	is_a	lamina monopolar neuron L4	
720575941664065660	BANC_888:720575941664065660	BANC888	is_a	distal medullary amacrine neuron Dm3a	FlyBase:FBrf0262545
720575941664067196	BANC_888:720575941664067196	BANC888	is_a	lamina monopolar neuron L5	
720575941664067708	BANC_888:720575941664067708	BANC888	is_a	lamina monopolar neuron L4	
720575941664068476	BANC_888:720575941664068476	BANC888	is_a	photoreceptor cell R8	
720575941664072760	BANC_888:720575941664072760	BANC888	is_a	distal medullary amacrine neuron Dm3c	FlyBase:FBrf0262545
720575941664073340	BANC_888:720575941664073340	BANC888	is_a	photoreceptor cell R7	
720575941664073528	BANC_888:720575941664073528	BANC888	is_a	transmedullary neuron Tm6	FlyBase:FBrf0262545
720575941664075132	BANC_888:720575941664075132	BANC888	is_a	adult lateral horn PD2c1 neuron	
720575941664083580	BANC_888:720575941664083580	BANC888	is_a	photoreceptor cell R8	
720575941664095800	BANC_888:720575941664095800	BANC888	is_a	transmedullary neuron Tm20	
720575941664099196	BANC_888:720575941664099196	BANC888	is_a	adult optic lobe intrinsic neuron	
720575941664107320	BANC_888:720575941664107320	BANC888	is_a	lobula plate tangential neuron LPT100	FlyBase:FBrf0262545
720575941664109692	BANC_888:720575941664109692	BANC888	is_a	photoreceptor cell R7	
720575941664115000	BANC_888:720575941664115000	BANC888	is_a	adult optic lobe intrinsic neuron	
720575941664127032	BANC_888:720575941664127032	BANC888	is_a	adult CB0982 neuron	
720575941664131640	BANC_888:720575941664131640	BANC888	is_a	translobula plate neuron Tlp5	
720575941664131708	BANC_888:720575941664131708	BANC888	is_a	lamina monopolar neuron L5	
720575941664132408	BANC_888:720575941664132408	BANC888	is_a	adult optic lobe intrinsic neuron	
720575941664142904	BANC_888:720575941664142904	BANC888	is_a	adult optic lobe intrinsic neuron	
720575941664142972	BANC_888:720575941664142972	BANC888	is_a	columnar neuron T1	
720575941664163896	BANC_888:720575941664163896	BANC888	is_a	lobula columnar neuron LC6	
720575941664169016	BANC_888:720575941664169016	BANC888	is_a	adult anterior optic tubercle neuron 054	
720575941664169784	BANC_888:720575941664169784	BANC888	is_a	lamina monopolar neuron L2	
720575941664170108	BANC_888:720575941664170108	BANC888	is_a	lamina monopolar neuron L4	
720575941664172088	BANC_888:720575941664172088	BANC888	is_a	lobula intrinsic neuron Li14	FlyBase:FBrf0262545
720575941664180280	BANC_888:720575941664180280	BANC888	is_a	adult optic lobe intrinsic neuron	
720575941664180536	BANC_888:720575941664180536	BANC888	is_a	adult lobula intrinsic neuron Li22	FlyBase:FBrf0262545
720575941664183932	BANC_888:720575941664183932	BANC888	is_a	adult fan-shaped body 1 column-crepine neuron	FlyBase:FBrf0246888
720575941664185468	BANC_888:720575941664185468	BANC888	is_a	transmedullary neuron Tm2	
720575941664188540	BANC_888:720575941664188540	BANC888	is_a	lamina monopolar neuron L1	
720575941664189564	BANC_888:720575941664189564	BANC888	is_a	lamina monopolar neuron L4	
720575941664192380	BANC_888:720575941664192380	BANC888	is_a	lamina monopolar neuron L1	
720575941664193148	BANC_888:720575941664193148	BANC888	is_a	photoreceptor cell R8	
720575941664201272	BANC_888:720575941664201272	BANC888	is_a	adult optic lobe intrinsic neuron	
720575941664208440	BANC_888:720575941664208440	BANC888	is_a	adult optic lobe intrinsic neuron	
720575941664208952	BANC_888:720575941664208952	BANC888	is_a	adult optic lobe intrinsic neuron	
720575941664210488	BANC_888:720575941664210488	BANC888	is_a	adult optic lobe intrinsic neuron	
720575941664210556	BANC_888:720575941664210556	BANC888	is_a	adult optic lobe intrinsic neuron	
720575941664214840	BANC_888:720575941664214840	BANC888	is_a	adult optic lobe intrinsic neuron	
720575941664219960	BANC_888:720575941664219960	BANC888	is_a	adult optic lobe intrinsic neuron	
720575941664222264	BANC_888:720575941664222264	BANC888	is_a	adult CB3671 neuron	
720575941664225848	BANC_888:720575941664225848	BANC888	is_a	lobula plate columnar neuron LPC1	
720575941664225916	BANC_888:720575941664225916	BANC888	is_a	adult optic lobe intrinsic neuron	
720575941664227708	BANC_888:720575941664227708	BANC888	is_a	medulla intrinsic neuron Mi15	
720575941664230524	BANC_888:720575941664230524	BANC888	is_a	lamina monopolar neuron L5	
720575941664238392	BANC_888:720575941664238392	BANC888	is_a	adult optic lobe intrinsic neuron	
720575941664247096	BANC_888:720575941664247096	BANC888	is_a	adult optic lobe intrinsic neuron	
720575941664255032	BANC_888:720575941664255032	BANC888	is_a	accessory medulla neuron aMe4	
720575941664259640	BANC_888:720575941664259640	BANC888	is_a	lobula-lobula plate columnar neuron LLPC1	
720575941664262456	BANC_888:720575941664262456	BANC888	is_a	adult optic lobe intrinsic neuron	
720575941664273208	BANC_888:720575941664273208	BANC888	is_a	adult lobula intrinsic neuron Li39	
720575941664275256	BANC_888:720575941664275256	BANC888	is_a	visual projection neuron	
720575941664277304	BANC_888:720575941664277304	BANC888	is_a	medulla intrinsic neuron Mi1	
720575941664279352	BANC_888:720575941664279352	BANC888	is_a	medulla intrinsic neuron Mi10	
720575941664288056	BANC_888:720575941664288056	BANC888	is_a	adult optic lobe intrinsic neuron	
720575941664290360	BANC_888:720575941664290360	BANC888	is_a	Y neuron Y3	
720575941664290684	BANC_888:720575941664290684	BANC888	is_a	T2a neuron	
720575941664301948	BANC_888:720575941664301948	BANC888	is_a	medulla columnar neuron MC64	
720575941664309116	BANC_888:720575941664309116	BANC888	is_a	transmedullary neuron Tm20	
720575941664314236	BANC_888:720575941664314236	BANC888	is_a	adult optic lobe intrinsic neuron	
720575941664317308	BANC_888:720575941664317308	BANC888	is_a	T4a neuron	
720575941664317820	BANC_888:720575941664317820	BANC888	is_a	T4a neuron	
720575941664318588	BANC_888:720575941664318588	BANC888	is_a	adult optic lobe intrinsic neuron	
720575941664334204	BANC_888:720575941664334204	BANC888	is_a	lamina monopolar neuron L4	
720575941664335484	BANC_888:720575941664335484	BANC888	is_a	lamina monopolar neuron L4	
720575941664341884	BANC_888:720575941664341884	BANC888	is_a	lamina monopolar neuron L4	
720575941664342652	BANC_888:720575941664342652	BANC888	is_a	adult central brain intrinsic neuron	
720575941664345212	BANC_888:720575941664345212	BANC888	is_a	adult posterior ventrolateral protocerebrum neuron 013	
720575941664346492	BANC_888:720575941664346492	BANC888	is_a	adult saddle neuron 072	
720575941664348028	BANC_888:720575941664348028	BANC888	is_a	adult CB2884 neuron	
720575941664353660	BANC_888:720575941664353660	BANC888	is_a	lobula tangential neuron	
720575941664357244	BANC_888:720575941664357244	BANC888	is_a	adult CB3560 neuron	
720575941664362108	BANC_888:720575941664362108	BANC888	is_a	adult SNta20 neuron	
720575941664362876	BANC_888:720575941664362876	BANC888	is_a	adult CB0744 neuron	
720575941664375932	BANC_888:720575941664375932	BANC888	is_a	adult superior lateral protocerebrum neuron 036	
720575941664388732	BANC_888:720575941664388732	BANC888	is_a	adult lateral horn PV4h1 neuron	
720575941664398716	BANC_888:720575941664398716	BANC888	is_a	adult IN12B066 neuron	
720575941664406652	BANC_888:720575941664406652	BANC888	is_a	adult tubercle-bulb neuron 07	
720575941664407676	BANC_888:720575941664407676	BANC888	is_a	adult crepine neuron 103	
720575941664408956	BANC_888:720575941664408956	BANC888	is_a	adult central brain intrinsic neuron	
720575941664410748	BANC_888:720575941664410748	BANC888	is_a	adult tubercle-bulb neuron 05	
720575941664411260	BANC_888:720575941664411260	BANC888	is_a	adult lateral horn AV6a3 neuron	
720575941664413308	BANC_888:720575941664413308	BANC888	is_a	adult fan-shaped body vertical delta neuron	
720575941664413564	BANC_888:720575941664413564	BANC888	is_a	adult optic lobe intrinsic neuron	
720575941664418172	BANC_888:720575941664418172	BANC888	is_a	adult posterior slope neuron 087	
720575941664418684	BANC_888:720575941664418684	BANC888	is_a	adult IN23B007 neuron	
720575941664420988	BANC_888:720575941664420988	BANC888	is_a	adult olfactory receptor neuron Or9a	
720575941664422780	BANC_888:720575941664422780	BANC888	is_a	adult posterior ventrolateral protocerebrum neuron 128	
720575941664427644	BANC_888:720575941664427644	BANC888	is_a	adult CB1995 neuron	
720575941664428924	BANC_888:720575941664428924	BANC888	is_a	centrifugal neuron C3	
720575941664430460	BANC_888:720575941664430460	BANC888	is_a	adult clamp neuron 267	
720575941664438396	BANC_888:720575941664438396	BANC888	is_a	adult superior medial protocerebrum neuron 103	
720575941664443004	BANC_888:720575941664443004	BANC888	is_a	adult central brain intrinsic neuron	
720575941664443516	BANC_888:720575941664443516	BANC888	is_a	adult CB1980 neuron	
720575941664443772	BANC_888:720575941664443772	BANC888	is_a	adult CB3557 neuron	
720575941664444028	BANC_888:720575941664444028	BANC888	is_a	adult central brain intrinsic neuron	
720575941664445820	BANC_888:720575941664445820	BANC888	is_a	adult CB2670 neuron	
720575941664446588	BANC_888:720575941664446588	BANC888	is_a	adult posterior slope neuron 263	
720575941664450940	BANC_888:720575941664450940	BANC888	is_a	protocerebral bridge 1 glomerulus-fan-shaped body-nodulus 3 posterior domain neuron	
720575941664451964	BANC_888:720575941664451964	BANC888	is_a	visual projection neuron	
720575941664452732	BANC_888:720575941664452732	BANC888	is_a	adult saddle neuron 068	
720575941664455036	BANC_888:720575941664455036	BANC888	is_a	columnar neuron T1	
720575941664458620	BANC_888:720575941664458620	BANC888	is_a	labellar taste peg chemosensory neuron	
720575941664460668	BANC_888:720575941664460668	BANC888	is_a	lobula columnar neuron LC10c	
720575941664461948	BANC_888:720575941664461948	BANC888	is_a	dopaminergic PAM neuron 8	
720575941664508028	BANC_888:720575941664508028	BANC888	is_a	adult optic lobe intrinsic neuron	
720575941664515452	BANC_888:720575941664515452	BANC888	is_a	adult optic lobe intrinsic neuron	
720575941664516988	BANC_888:720575941664516988	BANC888	is_a	T4c neuron	
720575941664523388	BANC_888:720575941664523388	BANC888	is_a	adult optic lobe intrinsic neuron	
720575941664524156	BANC_888:720575941664524156	BANC888	is_a	T2 neuron	
720575941664525180	BANC_888:720575941664525180	BANC888	is_a	adult optic lobe intrinsic neuron	
720575941664563836	BANC_888:720575941664563836	BANC888	is_a	medulla intrinsic neuron Mi4	
720575941664581756	BANC_888:720575941664581756	BANC888	is_a	photoreceptor cell R8	
720575941664582780	BANC_888:720575941664582780	BANC888	is_a	wing margin mechanosensory bristle	
720575941664588668	BANC_888:720575941664588668	BANC888	is_a	lobula columnar neuron LC17	
720575941664589180	BANC_888:720575941664589180	BANC888	is_a	lamina monopolar neuron L2	
720575941664597372	BANC_888:720575941664597372	BANC888	is_a	adult optic lobe intrinsic neuron	
720575941664602748	BANC_888:720575941664602748	BANC888	is_a	distal medullary amacrine neuron Dm3a	FlyBase:FBrf0262545
720575941664606844	BANC_888:720575941664606844	BANC888	is_a	adult CB1038 neuron	
720575941664608892	BANC_888:720575941664608892	BANC888	is_a	adult optic lobe intrinsic neuron	
720575941664612220	BANC_888:720575941664612220	BANC888	is_a	adult lobula intrinsic neuron Li26	FlyBase:FBrf0262545
720575941664620412	BANC_888:720575941664620412	BANC888	is_a	adult optic lobe intrinsic neuron	
720575941664626812	BANC_888:720575941664626812	BANC888	is_a	femoral chordotonal claw neuron	
720575941664631420	BANC_888:720575941664631420	BANC888	is_a	medulla intrinsic neuron Mi1	
720575941664635004	BANC_888:720575941664635004	BANC888	is_a	T3 neuron	
720575941664637308	BANC_888:720575941664637308	BANC888	is_a	adult fan-shaped body vertical delta neuron	FlyBase:FBrf0246888
720575941664637820	BANC_888:720575941664637820	BANC888	is_a	medulla intrinsic neuron Mi1	
720575941664639612	BANC_888:720575941664639612	BANC888	is_a	dopaminergic PAM neuron 13	
720575941664644220	BANC_888:720575941664644220	BANC888	is_a	adult optic lobe intrinsic neuron	
720575941664647036	BANC_888:720575941664647036	BANC888	is_a	adult optic lobe intrinsic neuron	
720575941664647804	BANC_888:720575941664647804	BANC888	is_a	adult posterior slope neuron 099	
720575941664659068	BANC_888:720575941664659068	BANC888	is_a	adult optic lobe intrinsic neuron	
720575941664663420	BANC_888:720575941664663420	BANC888	is_a	Y neuron Y12	
720575941664671612	BANC_888:720575941664671612	BANC888	is_a	transmedullary neuron Tm20	
720575941664675196	BANC_888:720575941664675196	BANC888	is_a	T5b neuron	
720575941664678012	BANC_888:720575941664678012	BANC888	is_a	centrifugal neuron C2	
720575941664687740	BANC_888:720575941664687740	BANC888	is_a	T3 neuron	
720575941664691836	BANC_888:720575941664691836	BANC888	is_a	lamina monopolar neuron L1	
720575941664692860	BANC_888:720575941664692860	BANC888	is_a	adult antennal lobe projection neuron VL2p adPN	
720575941664698492	BANC_888:720575941664698492	BANC888	is_a	lamina monopolar neuron L1	
720575941664700540	BANC_888:720575941664700540	BANC888	is_a	adult anterior ventrolateral protocerebrum neuron 562	
720575941664703100	BANC_888:720575941664703100	BANC888	is_a	T3 neuron	
720575941664704124	BANC_888:720575941664704124	BANC888	is_a	lamina monopolar neuron L1	
720575941664711548	BANC_888:720575941664711548	BANC888	is_a	T3 neuron	
720575941664711804	BANC_888:720575941664711804	BANC888	is_a	adult optic lobe intrinsic neuron	
720575941664716412	BANC_888:720575941664716412	BANC888	is_a	transmedullary Y neuron TmY5a	
720575941664723324	BANC_888:720575941664723324	BANC888	is_a	adult optic lobe intrinsic neuron	
720575941664723836	BANC_888:720575941664723836	BANC888	is_a	adult optic lobe intrinsic neuron	
720575941664730236	BANC_888:720575941664730236	BANC888	is_a	transmedullary neuron Tm9	
720575941664738428	BANC_888:720575941664738428	BANC888	is_a	lamina monopolar neuron L5	
720575941664740476	BANC_888:720575941664740476	BANC888	is_a	lobula-lobula plate columnar neuron LLPC2	
720575941664746108	BANC_888:720575941664746108	BANC888	is_a	transmedullary neuron Tm20	
720575941664746876	BANC_888:720575941664746876	BANC888	is_a	T4a neuron	
720575941664754044	BANC_888:720575941664754044	BANC888	is_a	medulla intrinsic neuron Mi15	
720575941664757884	BANC_888:720575941664757884	BANC888	is_a	T4a neuron	
720575941664770940	BANC_888:720575941664770940	BANC888	is_a	lobula plate-lobula columnar neuron LPLC2	
720575941664773756	BANC_888:720575941664773756	BANC888	is_a	femoral chordotonal hook neuron	
720575941664782972	BANC_888:720575941664782972	BANC888	is_a	adult optic lobe intrinsic neuron	
720575941664787324	BANC_888:720575941664787324	BANC888	is_a	adult olfactory receptor neuron Or67c	
720575941664792444	BANC_888:720575941664792444	BANC888	is_a	transmedullary Y neuron TmY5a	
720575941664797820	BANC_888:720575941664797820	BANC888	is_a	adult superior lateral protocerebrum neuron 433	
720575941664807292	BANC_888:720575941664807292	BANC888	is_a	adult SNta20 neuron	
720575941664809084	BANC_888:720575941664809084	BANC888	is_a	medulla tangential neuron Mt4	FlyBase:FBrf0262545
720575941664811132	BANC_888:720575941664811132	BANC888	is_a	wing margin mechanosensory bristle	
720575941664818556	BANC_888:720575941664818556	BANC888	is_a	distal medullary amacrine neuron Dm3a	FlyBase:FBrf0262545
720575941664819068	BANC_888:720575941664819068	BANC888	is_a	lobula plate columnar neuron LPC1	
720575941664819836	BANC_888:720575941664819836	BANC888	is_a	lobula plate tangential neuron LPT100	FlyBase:FBrf0262545
720575941664824956	BANC_888:720575941664824956	BANC888	is_a	lamina monopolar neuron L3	
720575941664827004	BANC_888:720575941664827004	BANC888	is_a	transmedullary Y neuron TmY18	FlyBase:FBrf0262545
720575941664828796	BANC_888:720575941664828796	BANC888	is_a	lobula columnar neuron LC13	
720575941664829308	BANC_888:720575941664829308	BANC888	is_a	zone A Johnston organ neuron	
720575941664831356	BANC_888:720575941664831356	BANC888	is_a	adult medulla-lobula neuron MeLo2	FlyBase:FBrf0262545
720575941664836732	BANC_888:720575941664836732	BANC888	is_a	distal medullary amacrine neuron Dm3a	FlyBase:FBrf0262545
720575941664837500	BANC_888:720575941664837500	BANC888	is_a	adult optic lobe intrinsic neuron	
720575941664841852	BANC_888:720575941664841852	BANC888	is_a	adult optic lobe intrinsic neuron	
720575941664853116	BANC_888:720575941664853116	BANC888	is_a	medulla tangential neuron Mt4	FlyBase:FBrf0262545
720575941664857724	BANC_888:720575941664857724	BANC888	is_a	adult optic lobe intrinsic neuron	
720575941664870524	BANC_888:720575941664870524	BANC888	is_a	protocerebral bridge 1 glomerulus-fan-shaped body-nodulus 3 posterior domain neuron	
720575941664887932	BANC_888:720575941664887932	BANC888	is_a	adult optic lobe intrinsic neuron	
720575941664888956	BANC_888:720575941664888956	BANC888	is_a	adult antennal lobe projection neuron DL2d vPN	
720575941664889468	BANC_888:720575941664889468	BANC888	is_a	adult CB3734 neuron	
720575941664890748	BANC_888:720575941664890748	BANC888	is_a	lamina monopolar neuron L5	
720575941664898011	BANC_888:720575941664898011	BANC888	is_a	photoreceptor cell R7	
720575941664908156	BANC_888:720575941664908156	BANC888	is_a	photoreceptor cell R8	
720575941664914044	BANC_888:720575941664914044	BANC888	is_a	T4a neuron	
720575941664915324	BANC_888:720575941664915324	BANC888	is_a	adult optic lobe intrinsic neuron	
720575941664917884	BANC_888:720575941664917884	BANC888	is_a	transmedullary Y neuron TmY14	
720575941664920188	BANC_888:720575941664920188	BANC888	is_a	adult olfactory receptor neuron Or47b	
720575941664946556	BANC_888:720575941664946556	BANC888	is_a	adult optic lobe intrinsic neuron	
720575941664948092	BANC_888:720575941664948092	BANC888	is_a	adult optic lobe intrinsic neuron	
720575941664950396	BANC_888:720575941664950396	BANC888	is_a	centrifugal neuron C3	
720575941664953212	BANC_888:720575941664953212	BANC888	is_a	adult optic lobe intrinsic neuron	
720575941664953724	BANC_888:720575941664953724	BANC888	is_a	zone E Johnston organ neuron	
720575941664956796	BANC_888:720575941664956796	BANC888	is_a	adult optic lobe intrinsic neuron	
720575941664957052	BANC_888:720575941664957052	BANC888	is_a	T4d neuron	
720575941664962428	BANC_888:720575941664962428	BANC888	is_a	adult PNS neuron	
720575941664977020	BANC_888:720575941664977020	BANC888	is_a	adult optic lobe intrinsic neuron	
720575941664990588	BANC_888:720575941664990588	BANC888	is_a	adult optic lobe intrinsic neuron	
720575941664992636	BANC_888:720575941664992636	BANC888	is_a	adult lateral accessory lobe neuron 181	
720575941664996732	BANC_888:720575941664996732	BANC888	is_a	adult optic lobe intrinsic neuron	
720575941665002364	BANC_888:720575941665002364	BANC888	is_a	adult optic lobe intrinsic neuron	
720575941665004924	BANC_888:720575941665004924	BANC888	is_a	lamina monopolar neuron L2	
720575941665012348	BANC_888:720575941665012348	BANC888	is_a	adult optic lobe intrinsic neuron	
720575941665019516	BANC_888:720575941665019516	BANC888	is_a	lamina monopolar neuron L2	
720575941665022588	BANC_888:720575941665022588	BANC888	is_a	adult optic lobe intrinsic neuron	
720575941665022844	BANC_888:720575941665022844	BANC888	is_a	adult optic lobe intrinsic neuron	
720575941665023100	BANC_888:720575941665023100	BANC888	is_a	distal medullary amacrine neuron Dm2	
720575941665028220	BANC_888:720575941665028220	BANC888	is_a	adult medulla visual projection neuron MeVPMe11	FlyBase:FBrf0262545
720575941665054332	BANC_888:720575941665054332	BANC888	is_a	adult CB1337 neuron	
720575941665055356	BANC_888:720575941665055356	BANC888	is_a	adult optic lobe intrinsic neuron	
720575941665057916	BANC_888:720575941665057916	BANC888	is_a	adult optic lobe intrinsic neuron	
720575941665062780	BANC_888:720575941665062780	BANC888	is_a	adult optic lobe intrinsic neuron	
720575941665064828	BANC_888:720575941665064828	BANC888	is_a	adult optic lobe intrinsic neuron	
720575941665065340	BANC_888:720575941665065340	BANC888	is_a	adult optic lobe intrinsic neuron	
720575941665079420	BANC_888:720575941665079420	BANC888	is_a	adult optic lobe intrinsic neuron	
720575941665079932	BANC_888:720575941665079932	BANC888	is_a	adult optic lobe intrinsic neuron	
720575941665080956	BANC_888:720575941665080956	BANC888	is_a	adult optic lobe intrinsic neuron	
720575941665081724	BANC_888:720575941665081724	BANC888	is_a	adult optic lobe intrinsic neuron	
720575941665082492	BANC_888:720575941665082492	BANC888	is_a	adult optic lobe intrinsic neuron	
720575941665083123	BANC_888:720575941665083123	BANC888	is_a	T4c neuron	
720575941665087100	BANC_888:720575941665087100	BANC888	is_a	adult posterior lateral protocerebrum neuron 246	
720575941665089148	BANC_888:720575941665089148	BANC888	is_a	adult optic lobe intrinsic neuron	
720575941665092732	BANC_888:720575941665092732	BANC888	is_a	adult optic lobe intrinsic neuron	
720575941665097203	BANC_888:720575941665097203	BANC888	is_a	adult DNxn073 neuron	
720575941665098620	BANC_888:720575941665098620	BANC888	is_a	adult optic lobe intrinsic neuron	
720575941665101180	BANC_888:720575941665101180	BANC888	is_a	adult optic lobe intrinsic neuron	
720575941665113468	BANC_888:720575941665113468	BANC888	is_a	adult optic lobe intrinsic neuron	
720575941665114236	BANC_888:720575941665114236	BANC888	is_a	lamina monopolar neuron L2	
720575941665121148	BANC_888:720575941665121148	BANC888	is_a	adult optic lobe intrinsic neuron	
720575941665126268	BANC_888:720575941665126268	BANC888	is_a	adult optic lobe intrinsic neuron	
720575941665138044	BANC_888:720575941665138044	BANC888	is_a	adult optic lobe intrinsic neuron	
720575941665145212	BANC_888:720575941665145212	BANC888	is_a	adult optic lobe intrinsic neuron	
720575941665155196	BANC_888:720575941665155196	BANC888	is_a	adult optic lobe intrinsic neuron	
720575941665163900	BANC_888:720575941665163900	BANC888	is_a	adult optic lobe intrinsic neuron	
720575941665169532	BANC_888:720575941665169532	BANC888	is_a	adult optic lobe intrinsic neuron	
720575941665171324	BANC_888:720575941665171324	BANC888	is_a	adult optic lobe intrinsic neuron	
720575941665176444	BANC_888:720575941665176444	BANC888	is_a	transmedullary Y neuron TmY14	
720575941665183356	BANC_888:720575941665183356	BANC888	is_a	T3 neuron	
720575941665188732	BANC_888:720575941665188732	BANC888	is_a	adult medulla visual projection neuron MeVP3	FlyBase:FBrf0262545
720575941665191548	BANC_888:720575941665191548	BANC888	is_a	Y neuron Y1	
720575941665191804	BANC_888:720575941665191804	BANC888	is_a	distal medullary amacrine neuron Dm3c	FlyBase:FBrf0262545
720575941665197180	BANC_888:720575941665197180	BANC888	is_a	adult optic lobe intrinsic neuron	
720575941665198716	BANC_888:720575941665198716	BANC888	is_a	medulla intrinsic neuron Mi1	
720575941665201276	BANC_888:720575941665201276	BANC888	is_a	Y neuron Y4	
720575941665203836	BANC_888:720575941665203836	BANC888	is_a	adult optic lobe intrinsic neuron	
720575941665208444	BANC_888:720575941665208444	BANC888	is_a	distal medullary amacrine neuron Dm13	
720575941665212796	BANC_888:720575941665212796	BANC888	is_a	lobula plate-lobula columnar neuron LPLC2	
720575941665214076	BANC_888:720575941665214076	BANC888	is_a	adult optic lobe intrinsic neuron	
720575941665222268	BANC_888:720575941665222268	BANC888	is_a	T3 neuron	
720575941665223131	BANC_888:720575941665223131	BANC888	is_a	centrifugal neuron C2	
720575941665224572	BANC_888:720575941665224572	BANC888	is_a	adult posterior ventrolateral protocerebrum neuron 022	
720575941665225340	BANC_888:720575941665225340	BANC888	is_a	medulla intrinsic neuron Mi15	
720575941665225852	BANC_888:720575941665225852	BANC888	is_a	adult optic lobe intrinsic neuron	
720575941665226620	BANC_888:720575941665226620	BANC888	is_a	adult optic lobe intrinsic neuron	
720575941665226876	BANC_888:720575941665226876	BANC888	is_a	transmedullary neuron Tm16	
720575941665227132	BANC_888:720575941665227132	BANC888	is_a	adult optic lobe intrinsic neuron	
720575941665229436	BANC_888:720575941665229436	BANC888	is_a	lobula intrinsic neuron Li14	FlyBase:FBrf0262545
720575941665230067	BANC_888:720575941665230067	BANC888	is_a	adult AN08B097 neuron	
720575941665231996	BANC_888:720575941665231996	BANC888	is_a	distal medullary amacrine neuron Dm14	
720575941665234300	BANC_888:720575941665234300	BANC888	is_a	accessory medulla neuron aMe17c	
720575941665234812	BANC_888:720575941665234812	BANC888	is_a	T2a neuron	
720575941665236604	BANC_888:720575941665236604	BANC888	is_a	medulla intrinsic neuron Mi15	
720575941665238140	BANC_888:720575941665238140	BANC888	is_a	proximal medullary amacrine neuron Pm4	FlyBase:FBrf0262545
720575941665239676	BANC_888:720575941665239676	BANC888	is_a	proximal medullary amacrine neuron Pm1	FlyBase:FBrf0262545
720575941665239932	BANC_888:720575941665239932	BANC888	is_a	medulla intrinsic neuron Mi9	
720575941665240956	BANC_888:720575941665240956	BANC888	is_a	Y neuron Y3	
720575941665241980	BANC_888:720575941665241980	BANC888	is_a	Y neuron Y3	
720575941665243260	BANC_888:720575941665243260	BANC888	is_a	T2 neuron	
720575941665243516	BANC_888:720575941665243516	BANC888	is_a	distal medullary amacrine neuron Dm12	
720575941665244284	BANC_888:720575941665244284	BANC888	is_a	octopaminergic AL2i2 neuron	
720575941665244540	BANC_888:720575941665244540	BANC888	is_a	transmedullary Y neuron TmY14	
720575941665246707	BANC_888:720575941665246707	BANC888	is_a	adult IN10B042 neuron	
720575941665247612	BANC_888:720575941665247612	BANC888	is_a	distal medullary amacrine neuron Dm13	
720575941665249404	BANC_888:720575941665249404	BANC888	is_a	transmedullary neuron Tm20	
720575941665252732	BANC_888:720575941665252732	BANC888	is_a	medulla intrinsic neuron Mi9	
720575941665254012	BANC_888:720575941665254012	BANC888	is_a	transmedullary neuron Tm1	
720575941665254268	BANC_888:720575941665254268	BANC888	is_a	transmedullary neuron Tm4	
720575941665281011	BANC_888:720575941665281011	BANC888	is_a	metathoracic accessory trochanter levator muscle motor neuron	
720575941665317363	BANC_888:720575941665317363	BANC888	is_a	T5b neuron	
720575941665341171	BANC_888:720575941665341171	BANC888	is_a	adult SNta09 neuron	
720575941665345011	BANC_888:720575941665345011	BANC888	is_a	distal medullary amacrine neuron Dm10	
720575941665356787	BANC_888:720575941665356787	BANC888	is_a	adult IN13B033 neuron	
720575941665372147	BANC_888:720575941665372147	BANC888	is_a	adult SNta09 neuron	
720575941665387763	BANC_888:720575941665387763	BANC888	is_a	adult IN19A022 neuron	
720575941665418483	BANC_888:720575941665418483	BANC888	is_a	adult IN03B071 neuron	
720575941665441523	BANC_888:720575941665441523	BANC888	is_a	adult IN12A061 neuron	
720575941665455347	BANC_888:720575941665455347	BANC888	is_a	adult IN12A063 neuron	
720575941665469683	BANC_888:720575941665469683	BANC888	is_a	adult SNta02 neuron	
720575941665474803	BANC_888:720575941665474803	BANC888	is_a	adult IN13B063 neuron	
720575941665485299	BANC_888:720575941665485299	BANC888	is_a	adult IN23B028 neuron	
720575941665486067	BANC_888:720575941665486067	BANC888	is_a	adult IN06B079 neuron	
720575941665489139	BANC_888:720575941665489139	BANC888	is_a	adult IN13B075 neuron	
720575941665495539	BANC_888:720575941665495539	BANC888	is_a	adult IN00A059 neuron	
720575941665510899	BANC_888:720575941665510899	BANC888	is_a	adult IN03A062 neuron	
720575941665520371	BANC_888:720575941665520371	BANC888	is_a	adult IN17A064 neuron	
720575941665521907	BANC_888:720575941665521907	BANC888	is_a	adult IN19A080 neuron	
720575941665522419	BANC_888:720575941665522419	BANC888	is_a	adult IN12A018 neuron	
720575941665539827	BANC_888:720575941665539827	BANC888	is_a	adult MNhl88 neuron	
720575941665541363	BANC_888:720575941665541363	BANC888	is_a	adult IN20A.22A055 neuron	
720575941665546739	BANC_888:720575941665546739	BANC888	is_a	adult IN14A096 neuron	
720575941665583347	BANC_888:720575941665583347	BANC888	is_a	adult IN01B065 neuron	
720575941665585139	BANC_888:720575941665585139	BANC888	is_a	adult IN13A068 neuron	
720575941665587187	BANC_888:720575941665587187	BANC888	is_a	adult INXXX446 neuron	
720575941665603059	BANC_888:720575941665603059	BANC888	is_a	adult IN06A097 neuron	
720575941665605363	BANC_888:720575941665605363	BANC888	is_a	adult IN02A044 neuron	
720575941665606387	BANC_888:720575941665606387	BANC888	is_a	adult IN01B101 neuron	
720575941665667571	BANC_888:720575941665667571	BANC888	is_a	mesothoracic leg taste bristle chemosensory neuron	
720575941665714419	BANC_888:720575941665714419	BANC888	is_a	adult fan-shaped body vertical delta neuron	
720575941665726426	BANC_888:720575941665726426	BANC888	is_a	centrifugal neuron C2	
720575941665764083	BANC_888:720575941665764083	BANC888	is_a	adult CB3713 neuron	
720575941665916403	BANC_888:720575941665916403	BANC888	is_a	gamma main Kenyon cell	
720575941665955059	BANC_888:720575941665955059	BANC888	is_a	adult CB1048 neuron	
720575941666105587	BANC_888:720575941666105587	BANC888	is_a	adult posterior slope neuron 143	
720575941666112755	BANC_888:720575941666112755	BANC888	is_a	transmedullary Y neuron TmY3	
720575941666130675	BANC_888:720575941666130675	BANC888	is_a	adult IN19B091 neuron	
720575941666160115	BANC_888:720575941666160115	BANC888	is_a	adult superior medial protocerebrum neuron 307	
720575941666166771	BANC_888:720575941666166771	BANC888	is_a	lobula columnar neuron LC25	
720575941666201843	BANC_888:720575941666201843	BANC888	is_a	adult gamma Kenyon cell	
720575941666235635	BANC_888:720575941666235635	BANC888	is_a	adult CB3486 neuron	
720575941666237171	BANC_888:720575941666237171	BANC888	is_a	T4c neuron	
720575941666237683	BANC_888:720575941666237683	BANC888	is_a	adult IN23B014 neuron	
720575941666255091	BANC_888:720575941666255091	BANC888	is_a	adult CB0195 neuron	
720575941666256371	BANC_888:720575941666256371	BANC888	is_a	transmedullary Y neuron TmY3	
720575941666267379	BANC_888:720575941666267379	BANC888	is_a	T5d neuron	
720575941666268403	BANC_888:720575941666268403	BANC888	is_a	lobula columnar neuron LC18	
720575941666269939	BANC_888:720575941666269939	BANC888	is_a	T5d neuron	
720575941666271987	BANC_888:720575941666271987	BANC888	is_a	adult lateral fan-shaped body tangential-protocerebrum neuron ExFl1	
720575941666273267	BANC_888:720575941666273267	BANC888	is_a	T4b neuron	
720575941666274547	BANC_888:720575941666274547	BANC888	is_a	adult optic lobe intrinsic neuron	
720575941666289651	BANC_888:720575941666289651	BANC888	is_a	lobula columnar neuron LC17	
720575941666300403	BANC_888:720575941666300403	BANC888	is_a	T3 neuron	
720575941666319859	BANC_888:720575941666319859	BANC888	is_a	T4a neuron	
720575941666322163	BANC_888:720575941666322163	BANC888	is_a	translobula plate neuron Tlp5	
720575941666323443	BANC_888:720575941666323443	BANC888	is_a	T5c neuron	
720575941666328563	BANC_888:720575941666328563	BANC888	is_a	transmedullary neuron Tm1	
720575941666332659	BANC_888:720575941666332659	BANC888	is_a	T5a neuron	
720575941666343667	BANC_888:720575941666343667	BANC888	is_a	adult optic lobe intrinsic neuron	
720575941666346739	BANC_888:720575941666346739	BANC888	is_a	transmedullary neuron Tm3	
720575941666350323	BANC_888:720575941666350323	BANC888	is_a	adult optic lobe intrinsic neuron	
720575941666361075	BANC_888:720575941666361075	BANC888	is_a	lobula-lobula plate columnar neuron LLPC2	
720575941666373107	BANC_888:720575941666373107	BANC888	is_a	transmedullary neuron Tm4	
720575941666387187	BANC_888:720575941666387187	BANC888	is_a	adult posterior slope neuron 083	
720575941666394611	BANC_888:720575941666394611	BANC888	is_a	adult lobula intrinsic neuron Li23	FlyBase:FBrf0262545
720575941666416115	BANC_888:720575941666416115	BANC888	is_a	medulla intrinsic neuron Mi4	
720575941666422003	BANC_888:720575941666422003	BANC888	is_a	centrifugal neuron C2	
720575941666443763	BANC_888:720575941666443763	BANC888	is_a	lobula columnar neuron LC14	
720575941666445555	BANC_888:720575941666445555	BANC888	is_a	T3 neuron	
720575941666456563	BANC_888:720575941666456563	BANC888	is_a	transmedullary neuron Tm2	
720575941666477555	BANC_888:720575941666477555	BANC888	is_a	Y neuron Y12	
720575941666485235	BANC_888:720575941666485235	BANC888	is_a	T4a neuron	
720575941666502131	BANC_888:720575941666502131	BANC888	is_a	T2a neuron	
720575941666505459	BANC_888:720575941666505459	BANC888	is_a	T4d neuron	
720575941666505971	BANC_888:720575941666505971	BANC888	is_a	T5c neuron	
720575941666543091	BANC_888:720575941666543091	BANC888	is_a	T4c neuron	
720575941666545139	BANC_888:720575941666545139	BANC888	is_a	Y neuron Y4	
720575941666585843	BANC_888:720575941666585843	BANC888	is_a	adult medulla visual projection neuron MeVP58	FlyBase:FBrf0262545
720575941666597107	BANC_888:720575941666597107	BANC888	is_a	adult lateral horn AD1d1 neuron	
720575941666603763	BANC_888:720575941666603763	BANC888	is_a	distal medullary amacrine neuron Dm10	
720575941666613747	BANC_888:720575941666613747	BANC888	is_a	lobula columnar neuron LC6	
720575941666651379	BANC_888:720575941666651379	BANC888	is_a	medulla intrinsic neuron Mi1	
720575941666660595	BANC_888:720575941666660595	BANC888	is_a	adult posterior slope neuron 294	
720575941666666483	BANC_888:720575941666666483	BANC888	is_a	adult AN05B106 neuron	
720575941666668275	BANC_888:720575941666668275	BANC888	is_a	sensory neuron	
720575941666678515	BANC_888:720575941666678515	BANC888	is_a	adult CB0432 neuron	
720575941666704115	BANC_888:720575941666704115	BANC888	is_a	adult gut-innervating neuron	
720575941666736371	BANC_888:720575941666736371	BANC888	is_a	lobula columnar neuron LC12	
720575941666751219	BANC_888:720575941666751219	BANC888	is_a	T4a neuron	
720575941666761715	BANC_888:720575941666761715	BANC888	is_a	adult posterior lateral protocerebrum neuron 164	
720575941666768371	BANC_888:720575941666768371	BANC888	is_a	medulla intrinsic neuron Mi1	
720575941666769139	BANC_888:720575941666769139	BANC888	is_a	medulla intrinsic neuron Mi1	
720575941666782707	BANC_888:720575941666782707	BANC888	is_a	medulla intrinsic neuron Mi1	
720575941666786291	BANC_888:720575941666786291	BANC888	is_a	adult IN01B040 neuron	
720575941666790899	BANC_888:720575941666790899	BANC888	is_a	adult IN01B081 neuron	
720575941666793459	BANC_888:720575941666793459	BANC888	is_a	adult IN01B095 neuron	
720575941666793715	BANC_888:720575941666793715	BANC888	is_a	adult IN00A024 neuron	
720575941666796019	BANC_888:720575941666796019	BANC888	is_a	lobula plate intrinsic neuron LPi3-4	FlyBase:FBrf0262545
720575941666819059	BANC_888:720575941666819059	BANC888	is_a	transmedullary Y neuron TmY4	
720575941666827507	BANC_888:720575941666827507	BANC888	is_a	centrifugal neuron C3	
720575941666833139	BANC_888:720575941666833139	BANC888	is_a	transmedullary Y neuron TmY20	
720575941666846963	BANC_888:720575941666846963	BANC888	is_a	distal medullary amacrine neuron Dm15	
720575941666847987	BANC_888:720575941666847987	BANC888	is_a	transmedullary Y neuron TmY5a	
720575941666860275	BANC_888:720575941666860275	BANC888	is_a	transmedullary neuron Tm6	FlyBase:FBrf0262545
720575941666877939	BANC_888:720575941666877939	BANC888	is_a	adult optic lobe intrinsic neuron	
720575941666893811	BANC_888:720575941666893811	BANC888	is_a	distal medullary amacrine neuron Dm10	
720575941666910707	BANC_888:720575941666910707	BANC888	is_a	adult SNpp23 neuron	
720575941666911987	BANC_888:720575941666911987	BANC888	is_a	T5b neuron	
720575941666923763	BANC_888:720575941666923763	BANC888	is_a	transmedullary neuron Tm9	
720575941666925745	BANC_888:720575941666925745	BANC888	is_a	descending neuron of the gnathal ganglion DNg12	
720575941666934515	BANC_888:720575941666934515	BANC888	is_a	medulla intrinsic neuron Mi15	
720575941666935539	BANC_888:720575941666935539	BANC888	is_a	medulla intrinsic neuron Mi9	
720575941666937075	BANC_888:720575941666937075	BANC888	is_a	T5c neuron	
720575941666941683	BANC_888:720575941666941683	BANC888	is_a	transmedullary Y neuron TmY5a	
720575941666945011	BANC_888:720575941666945011	BANC888	is_a	transmedullary Y neuron TmY18	FlyBase:FBrf0262545
720575941666950131	BANC_888:720575941666950131	BANC888	is_a	lamina wide-field 1 neuron	
720575941666964723	BANC_888:720575941666964723	BANC888	is_a	adult CB2108 neuron	
720575941666985905	BANC_888:720575941666985905	BANC888	is_a	adult INXXX395 neuron	
720575941666996145	BANC_888:720575941666996145	BANC888	is_a	adult IN04B080 neuron	
720575941667003635	BANC_888:720575941667003635	BANC888	is_a	distal medullary amacrine neuron Dm3b	FlyBase:FBrf0262545
720575941667012529	BANC_888:720575941667012529	BANC888	is_a	adult IN00A061 neuron	
720575941667014131	BANC_888:720575941667014131	BANC888	is_a	adult superior medial protocerebrum neuron 162	
720575941667015923	BANC_888:720575941667015923	BANC888	is_a	medulla intrinsic neuron Mi4	
720575941667020531	BANC_888:720575941667020531	BANC888	is_a	T5c neuron	
720575941667023603	BANC_888:720575941667023603	BANC888	is_a	adult CB3143 neuron	
720575941667024817	BANC_888:720575941667024817	BANC888	is_a	adult SNta09 neuron	
720575941667028979	BANC_888:720575941667028979	BANC888	is_a	adult CB1030 neuron	
720575941667029235	BANC_888:720575941667029235	BANC888	is_a	distal medullary amacrine neuron Dm3a	FlyBase:FBrf0262545
720575941667030771	BANC_888:720575941667030771	BANC888	is_a	adult CB3004 neuron	
720575941667034355	BANC_888:720575941667034355	BANC888	is_a	adult AN05B069 neuron	
720575941667035057	BANC_888:720575941667035057	BANC888	is_a	T4d neuron	
720575941667036081	BANC_888:720575941667036081	BANC888	is_a	adult AN07B071 neuron	
720575941667047411	BANC_888:720575941667047411	BANC888	is_a	T5b neuron	
720575941667061937	BANC_888:720575941667061937	BANC888	is_a	adult SNxx03 neuron	
720575941667077619	BANC_888:720575941667077619	BANC888	is_a	lobula columnar neuron LC12	
720575941667079857	BANC_888:720575941667079857	BANC888	is_a	adult IN17A061 neuron	
720575941667079923	BANC_888:720575941667079923	BANC888	is_a	lamina monopolar neuron L2	
720575941667080947	BANC_888:720575941667080947	BANC888	is_a	adult antennal lobe projection neuron DA1 lPN	
720575941667081459	BANC_888:720575941667081459	BANC888	is_a	adult olfactory receptor neuron Ir31a	
720575941667086001	BANC_888:720575941667086001	BANC888	is_a	adult IN06A085 neuron	
720575941667096307	BANC_888:720575941667096307	BANC888	is_a	adult CB0739 neuron	
720575941667115953	BANC_888:720575941667115953	BANC888	is_a	gustatory receptor neuron of the wing	
720575941667119025	BANC_888:720575941667119025	BANC888	is_a	adult IN20A.22A049 neuron	
720575941667123121	BANC_888:720575941667123121	BANC888	is_a	adult interneuron	
720575941667125491	BANC_888:720575941667125491	BANC888	is_a	lobula-lobula plate columnar neuron LLPC1	
720575941667129521	BANC_888:720575941667129521	BANC888	is_a	adult IN23B085 neuron	
720575941667135475	BANC_888:720575941667135475	BANC888	is_a	lamina monopolar neuron L1	
720575941667138225	BANC_888:720575941667138225	BANC888	is_a	adult IN16B045 neuron	
720575941667142833	BANC_888:720575941667142833	BANC888	is_a	adult IN12B088 neuron	
720575941667143601	BANC_888:720575941667143601	BANC888	is_a	adult IN11B016 neuron	
720575941667145649	BANC_888:720575941667145649	BANC888	is_a	adult IN13B046 neuron	
720575941667146417	BANC_888:720575941667146417	BANC888	is_a	adult IN17A049 neuron	
720575941667158771	BANC_888:720575941667158771	BANC888	is_a	mechanosensory neuron of interommatidial bristle	
720575941667159473	BANC_888:720575941667159473	BANC888	is_a	adult IN01B080 neuron	
720575941667159985	BANC_888:720575941667159985	BANC888	is_a	adult IN01B086 neuron	
720575941667164081	BANC_888:720575941667164081	BANC888	is_a	adult IN12A050 neuron	
720575941667167409	BANC_888:720575941667167409	BANC888	is_a	adult IN16B055 neuron	
720575941667167921	BANC_888:720575941667167921	BANC888	is_a	adult IN02A066 neuron	
720575941667177393	BANC_888:720575941667177393	BANC888	is_a	adult IN01B031 neuron	
720575941667189169	BANC_888:720575941667189169	BANC888	is_a	adult IN04B068 neuron	
720575941667196593	BANC_888:720575941667196593	BANC888	is_a	adult IN14A082 neuron	
720575941667202291	BANC_888:720575941667202291	BANC888	is_a	T4a neuron	
720575941667205553	BANC_888:720575941667205553	BANC888	is_a	adult AN08B015 neuron	
720575941667207601	BANC_888:720575941667207601	BANC888	is_a	adult INXXX446 neuron	
720575941667214257	BANC_888:720575941667214257	BANC888	is_a	adult IN10B050 neuron	
720575941667216883	BANC_888:720575941667216883	BANC888	is_a	adult optic lobe intrinsic neuron	
720575941667222259	BANC_888:720575941667222259	BANC888	is_a	columnar neuron T1	
720575941667224753	BANC_888:720575941667224753	BANC888	is_a	adult IN06A071 neuron	
720575941667236273	BANC_888:720575941667236273	BANC888	is_a	adult IN19A088 neuron	
720575941667236785	BANC_888:720575941667236785	BANC888	is_a	adult IN19A064 neuron	
720575941667238131	BANC_888:720575941667238131	BANC888	is_a	adult IN03A058 neuron	
720575941667247025	BANC_888:720575941667247025	BANC888	is_a	adult INXXX306 neuron	
720575941667249585	BANC_888:720575941667249585	BANC888	is_a	adult IN03A050 neuron	
720575941667250609	BANC_888:720575941667250609	BANC888	is_a	adult IN03B083 neuron	
720575941667251699	BANC_888:720575941667251699	BANC888	is_a	adult IN01A051 neuron	
720575941667252211	BANC_888:720575941667252211	BANC888	is_a	adult ANXXX151 neuron	
720575941667254259	BANC_888:720575941667254259	BANC888	is_a	adult IN01A065 neuron	
720575941667254515	BANC_888:720575941667254515	BANC888	is_a	sensory neuron of wing campaniform sensillum	
720575941667257009	BANC_888:720575941667257009	BANC888	is_a	adult IN01B081 neuron	
720575941667258545	BANC_888:720575941667258545	BANC888	is_a	adult IN04B112 neuron	
720575941667258801	BANC_888:720575941667258801	BANC888	is_a	adult INXXX287 neuron	
720575941667262897	BANC_888:720575941667262897	BANC888	is_a	adult IN06A119 neuron	
720575941667264499	BANC_888:720575941667264499	BANC888	is_a	adult CB2076 neuron	
720575941667266547	BANC_888:720575941667266547	BANC888	is_a	gamma main Kenyon cell	
720575941667266803	BANC_888:720575941667266803	BANC888	is_a	adult gamma Kenyon cell	
720575941667311603	BANC_888:720575941667311603	BANC888	is_a	adult IN06A101 neuron	
720575941667320051	BANC_888:720575941667320051	BANC888	is_a	adult IN13B080 neuron	
720575941667326707	BANC_888:720575941667326707	BANC888	is_a	adult AN10B046 neuron	
720575941667343603	BANC_888:720575941667343603	BANC888	is_a	adult fan-shaped body vertical delta neuron	
720575941667358963	BANC_888:720575941667358963	BANC888	is_a	adult IN04B043 neuron	
720575941667370739	BANC_888:720575941667370739	BANC888	is_a	prothoracic tibial depressor motor neuron	
720575941667371507	BANC_888:720575941667371507	BANC888	is_a	adult IN19A056 neuron	
720575941667380979	BANC_888:720575941667380979	BANC888	is_a	prothoracic sternotrochanter extensor muscle motor neuron	
720575941667381235	BANC_888:720575941667381235	BANC888	is_a	adult INXXX424 neuron	
720575941667390195	BANC_888:720575941667390195	BANC888	is_a	lamina monopolar neuron L1	
720575941667394291	BANC_888:720575941667394291	BANC888	is_a	adult SNta41 neuron	
720575941667397619	BANC_888:720575941667397619	BANC888	is_a	adult SNta38 neuron	
720575941667398387	BANC_888:720575941667398387	BANC888	is_a	femoral chordotonal hook neuron	
720575941667400179	BANC_888:720575941667400179	BANC888	is_a	adult AN08B071 neuron	
720575941667403953	BANC_888:720575941667403953	BANC888	is_a	adult CB3143 neuron	
720575941667404531	BANC_888:720575941667404531	BANC888	is_a	adult SNta39 neuron	
720575941667430387	BANC_888:720575941667430387	BANC888	is_a	bristle sensory neuron	
720575941667430643	BANC_888:720575941667430643	BANC888	is_a	adult SNta29 neuron	
720575941667438835	BANC_888:720575941667438835	BANC888	is_a	femoral chordotonal club neuron	
720575941667445235	BANC_888:720575941667445235	BANC888	is_a	adult IN03A060 neuron	
720575941667446259	BANC_888:720575941667446259	BANC888	is_a	adult IN06A101 neuron	
720575941667452147	BANC_888:720575941667452147	BANC888	is_a	gamma main Kenyon cell	
720575941667470513	BANC_888:720575941667470513	BANC888	is_a	adult CB3111 neuron	
720575941667478259	BANC_888:720575941667478259	BANC888	is_a	mechanosensory neuron of interommatidial bristle	
720575941667483123	BANC_888:720575941667483123	BANC888	is_a	mechanosensory neuron of dorsal postorbital bristle	
720575941667492339	BANC_888:720575941667492339	BANC888	is_a	mechanosensory neuron of interommatidial bristle	
720575941667501233	BANC_888:720575941667501233	BANC888	is_a	zone B Johnston organ neuron	
720575941667502579	BANC_888:720575941667502579	BANC888	is_a	adult olfactory receptor neuron Or67b	
720575941667504371	BANC_888:720575941667504371	BANC888	is_a	adult SNch06 neuron	
720575941667505139	BANC_888:720575941667505139	BANC888	is_a	adult SNta42 neuron	
720575941667506419	BANC_888:720575941667506419	BANC888	is_a	adult olfactory receptor neuron Or43b	
720575941667522291	BANC_888:720575941667522291	BANC888	is_a	adult SNta43 neuron	
720575941667522547	BANC_888:720575941667522547	BANC888	is_a	mechanosensory neuron of antennal bristle	
720575941667528947	BANC_888:720575941667528947	BANC888	is_a	femoral chordotonal club neuron	
720575941667537651	BANC_888:720575941667537651	BANC888	is_a	adult CB1583 neuron	
720575941667537907	BANC_888:720575941667537907	BANC888	is_a	adult CB1901 neuron	
720575941667542515	BANC_888:720575941667542515	BANC888	is_a	adult motor neuron	
720575941667547123	BANC_888:720575941667547123	BANC888	is_a	mechanosensory neuron of interommatidial bristle	
720575941667553779	BANC_888:720575941667553779	BANC888	is_a	adult CB1055 neuron	
720575941667555315	BANC_888:720575941667555315	BANC888	is_a	gamma main Kenyon cell	
720575941667561971	BANC_888:720575941667561971	BANC888	is_a	sensory neuron of wing campaniform sensillum	
720575941667615219	BANC_888:720575941667615219	BANC888	is_a	adult CB1132 neuron	
720575941667623923	BANC_888:720575941667623923	BANC888	is_a	adult anterior optic tubercle neuron 059	
720575941667632305	BANC_888:720575941667632305	BANC888	is_a	adult CB1037 neuron	
720575941667641075	BANC_888:720575941667641075	BANC888	is_a	gamma main Kenyon cell	
720575941667643569	BANC_888:720575941667643569	BANC888	is_a	adult Kenyon cell	
720575941667663347	BANC_888:720575941667663347	BANC888	is_a	adult CB1741 neuron	
720575941667666097	BANC_888:720575941667666097	BANC888	is_a	adult ellipsoid body ring neuron R4d	
720575941667667443	BANC_888:720575941667667443	BANC888	is_a	adult CNS neuron	
720575941667675379	BANC_888:720575941667675379	BANC888	is_a	adult CNS neuron	
720575941667685619	BANC_888:720575941667685619	BANC888	is_a	alpha/beta Kenyon cell	
720575941667696371	BANC_888:720575941667696371	BANC888	is_a	adult CB3749 neuron	
720575941667700913	BANC_888:720575941667700913	BANC888	is_a	adult optic lobe intrinsic neuron	
720575941667706289	BANC_888:720575941667706289	BANC888	is_a	adult lobula intrinsic neuron Li27	FlyBase:FBrf0262545
720575941667714547	BANC_888:720575941667714547	BANC888	is_a	adult olfactory receptor neuron Or88a	
720575941667722417	BANC_888:720575941667722417	BANC888	is_a	lobula columnar neuron LC12	
720575941667729651	BANC_888:720575941667729651	BANC888	is_a	lobula columnar neuron LC21	
720575941667741361	BANC_888:720575941667741361	BANC888	is_a	adult CB3820 neuron	
720575941667758579	BANC_888:720575941667758579	BANC888	is_a	adult wedge neuron 153	
720575941667763699	BANC_888:720575941667763699	BANC888	is_a	adult CB1295 neuron	
720575941667763955	BANC_888:720575941667763955	BANC888	is_a	medulla intrinsic neuron Mi15	
720575941667806707	BANC_888:720575941667806707	BANC888	is_a	transmedullary neuron Tm20	
720575941667819251	BANC_888:720575941667819251	BANC888	is_a	distal medullary amacrine neuron Dm16	
720575941667819763	BANC_888:720575941667819763	BANC888	is_a	adult medulla-tubercle neuron 3	
720575941667828657	BANC_888:720575941667828657	BANC888	is_a	adult Kenyon cell	
720575941667835891	BANC_888:720575941667835891	BANC888	is_a	medulla intrinsic neuron Mi13	
720575941667837171	BANC_888:720575941667837171	BANC888	is_a	adult medulla-lobula neuron MeLo3b	FlyBase:FBrf0262545
720575941667841969	BANC_888:720575941667841969	BANC888	is_a	alpha/beta Kenyon cell	
720575941667843315	BANC_888:720575941667843315	BANC888	is_a	transmedullary Y neuron TmY18	FlyBase:FBrf0262545
720575941667849203	BANC_888:720575941667849203	BANC888	is_a	adult optic lobe intrinsic neuron	
720575941667858163	BANC_888:720575941667858163	BANC888	is_a	adult optic lobe intrinsic neuron	
720575941667858609	BANC_888:720575941667858609	BANC888	is_a	T5c neuron	
720575941667859955	BANC_888:720575941667859955	BANC888	is_a	distal medullary amacrine neuron Dm3b	FlyBase:FBrf0262545
720575941667860723	BANC_888:720575941667860723	BANC888	is_a	lobula columnar neuron LC9	
720575941667863539	BANC_888:720575941667863539	BANC888	is_a	transmedullary neuron Tm16	
720575941667870385	BANC_888:720575941667870385	BANC888	is_a	adult optic lobe intrinsic neuron	
720575941667873969	BANC_888:720575941667873969	BANC888	is_a	T5c neuron	
720575941667874993	BANC_888:720575941667874993	BANC888	is_a	T5d neuron	
720575941667875315	BANC_888:720575941667875315	BANC888	is_a	adult CB1508 neuron	
720575941667881715	BANC_888:720575941667881715	BANC888	is_a	distal medullary amacrine neuron Dm3c	FlyBase:FBrf0262545
720575941667886257	BANC_888:720575941667886257	BANC888	is_a	T5a neuron	
720575941667887603	BANC_888:720575941667887603	BANC888	is_a	transmedullary neuron Tm9	
720575941667891955	BANC_888:720575941667891955	BANC888	is_a	adult ellipsoid body ring neuron R2	
720575941667892657	BANC_888:720575941667892657	BANC888	is_a	transmedullary Y neuron TmY14	
720575941667898355	BANC_888:720575941667898355	BANC888	is_a	distal medullary amacrine neuron Dm8a	
720575941667898545	BANC_888:720575941667898545	BANC888	is_a	T5b neuron	
720575941667899057	BANC_888:720575941667899057	BANC888	is_a	T5c neuron	
720575941667909297	BANC_888:720575941667909297	BANC888	is_a	medulla intrinsic neuron Mi4	
720575941667912369	BANC_888:720575941667912369	BANC888	is_a	T5c neuron	
720575941667913971	BANC_888:720575941667913971	BANC888	is_a	lobula-lobula plate columnar neuron LLPC2	
720575941667924211	BANC_888:720575941667924211	BANC888	is_a	adult saddle neuron 036	
720575941667930867	BANC_888:720575941667930867	BANC888	is_a	medulla intrinsic neuron Mi15	
720575941667942131	BANC_888:720575941667942131	BANC888	is_a	gamma main Kenyon cell	
720575941667944625	BANC_888:720575941667944625	BANC888	is_a	T2 neuron	
720575941667944691	BANC_888:720575941667944691	BANC888	is_a	transmedullary Y neuron TmY15	
720575941667951537	BANC_888:720575941667951537	BANC888	is_a	adult CB1747 neuron	
720575941667955121	BANC_888:720575941667955121	BANC888	is_a	T5c neuron	
720575941667956723	BANC_888:720575941667956723	BANC888	is_a	adult optic lobe intrinsic neuron	
720575941667962611	BANC_888:720575941667962611	BANC888	is_a	transmedullary neuron Tm20	
720575941667972785	BANC_888:720575941667972785	BANC888	is_a	transmedullary neuron Tm2	
720575941667975155	BANC_888:720575941667975155	BANC888	is_a	adult fan-shaped body 1 column-superior medial protocerebrum neuron	FlyBase:FBrf0246888
720575941667979441	BANC_888:720575941667979441	BANC888	is_a	adult medulla visual projection neuron MeVP10	FlyBase:FBrf0262545
720575941667981043	BANC_888:720575941667981043	BANC888	is_a	adult fan-shaped body 1 column-superior medial protocerebrum neuron	FlyBase:FBrf0246888
720575941667986675	BANC_888:720575941667986675	BANC888	is_a	adult fan-shaped body 1 column-crepine neuron	FlyBase:FBrf0246888
720575941667987955	BANC_888:720575941667987955	BANC888	is_a	columnar neuron T1	
720575941667990515	BANC_888:720575941667990515	BANC888	is_a	adult superior medial protocerebrum neuron 427	
720575941667993587	BANC_888:720575941667993587	BANC888	is_a	columnar neuron T1	
720575941667995057	BANC_888:720575941667995057	BANC888	is_a	T4c neuron	
720575941667998963	BANC_888:720575941667998963	BANC888	is_a	adult central brain intrinsic neuron	
720575941667999731	BANC_888:720575941667999731	BANC888	is_a	adult optic lobe intrinsic neuron	
720575941668001457	BANC_888:720575941668001457	BANC888	is_a	lobula columnar neuron LC18	
720575941668003249	BANC_888:720575941668003249	BANC888	is_a	lobula plate-lobula columnar neuron LPLC2	
720575941668003315	BANC_888:720575941668003315	BANC888	is_a	adult CNS neuron	
720575941668007601	BANC_888:720575941668007601	BANC888	is_a	T3 neuron	
720575941668012465	BANC_888:720575941668012465	BANC888	is_a	medulla intrinsic neuron Mi9	
720575941668013555	BANC_888:720575941668013555	BANC888	is_a	alpha/beta Kenyon cell	
720575941668013745	BANC_888:720575941668013745	BANC888	is_a	T5b neuron	
720575941668014769	BANC_888:720575941668014769	BANC888	is_a	adult optic lobe intrinsic neuron	
720575941668016627	BANC_888:720575941668016627	BANC888	is_a	alpha/beta Kenyon cell	
720575941668016817	BANC_888:720575941668016817	BANC888	is_a	transmedullary neuron Tm9	
720575941668019699	BANC_888:720575941668019699	BANC888	is_a	transmedullary neuron Tm34	FlyBase:FBrf0262545
720575941668034993	BANC_888:720575941668034993	BANC888	is_a	adult lobula plate visual centrifugal neuron 03	
720575941668036529	BANC_888:720575941668036529	BANC888	is_a	adult optic lobe intrinsic neuron	
720575941668044019	BANC_888:720575941668044019	BANC888	is_a	gamma main Kenyon cell	
720575941668047603	BANC_888:720575941668047603	BANC888	is_a	gamma main Kenyon cell	
720575941668051187	BANC_888:720575941668051187	BANC888	is_a	mechanosensory neuron of interommatidial bristle	
720575941668053235	BANC_888:720575941668053235	BANC888	is_a	adult optic lobe intrinsic neuron	
720575941668053747	BANC_888:720575941668053747	BANC888	is_a	T2a neuron	
720575941668054449	BANC_888:720575941668054449	BANC888	is_a	transmedullary neuron Tm9	
720575941668057587	BANC_888:720575941668057587	BANC888	is_a	transmedullary neuron Tm1	
720575941668060147	BANC_888:720575941668060147	BANC888	is_a	transmedullary neuron Tm9	
720575941668061683	BANC_888:720575941668061683	BANC888	is_a	adult optic lobe intrinsic neuron	
720575941668062129	BANC_888:720575941668062129	BANC888	is_a	transmedullary neuron Tm1	
720575941668063219	BANC_888:720575941668063219	BANC888	is_a	visual projection neuron	
720575941668064689	BANC_888:720575941668064689	BANC888	is_a	adult optic lobe intrinsic neuron	
720575941668065969	BANC_888:720575941668065969	BANC888	is_a	T4a neuron	
720575941668074161	BANC_888:720575941668074161	BANC888	is_a	T5a neuron	
720575941668075953	BANC_888:720575941668075953	BANC888	is_a	lobula columnar neuron LC18	
720575941668076721	BANC_888:720575941668076721	BANC888	is_a	T3 neuron	
720575941668077745	BANC_888:720575941668077745	BANC888	is_a	T2a neuron	
720575941668079347	BANC_888:720575941668079347	BANC888	is_a	mechanosensory neuron of interommatidial bristle	
720575941668082675	BANC_888:720575941668082675	BANC888	is_a	adult olfactory receptor neuron Or22	
720575941668086259	BANC_888:720575941668086259	BANC888	is_a	adult optic lobe intrinsic neuron	
720575941668086515	BANC_888:720575941668086515	BANC888	is_a	adult CB3518 neuron	
720575941668094707	BANC_888:720575941668094707	BANC888	is_a	lamina monopolar neuron L4	
720575941668099505	BANC_888:720575941668099505	BANC888	is_a	proximal medullary amacrine neuron Pm1	FlyBase:FBrf0262545
720575941668102321	BANC_888:720575941668102321	BANC888	is_a	medulla intrinsic neuron Mi9	
720575941668103089	BANC_888:720575941668103089	BANC888	is_a	gamma main Kenyon cell	
720575941668103345	BANC_888:720575941668103345	BANC888	is_a	transmedullary neuron Tm2	
720575941668105459	BANC_888:720575941668105459	BANC888	is_a	photoreceptor cell R8	
720575941668106483	BANC_888:720575941668106483	BANC888	is_a	adult superior lateral protocerebrum neuron 246	
720575941668111793	BANC_888:720575941668111793	BANC888	is_a	T5d neuron	
720575941668112049	BANC_888:720575941668112049	BANC888	is_a	T4c neuron	
720575941668116145	BANC_888:720575941668116145	BANC888	is_a	T4c neuron	
720575941668123313	BANC_888:720575941668123313	BANC888	is_a	lobula plate intrinsic neuron LPi3-4	FlyBase:FBrf0262545
720575941668123569	BANC_888:720575941668123569	BANC888	is_a	lobula-lobula plate columnar neuron LLPC1	
720575941668125105	BANC_888:720575941668125105	BANC888	is_a	T5d neuron	
720575941668133619	BANC_888:720575941668133619	BANC888	is_a	adult gut-innervating neuron	
720575941668141811	BANC_888:720575941668141811	BANC888	is_a	transmedullary neuron Tm2	
720575941668153331	BANC_888:720575941668153331	BANC888	is_a	adult optic lobe intrinsic neuron	
720575941668157873	BANC_888:720575941668157873	BANC888	is_a	adult CB1739 neuron	
720575941668161779	BANC_888:720575941668161779	BANC888	is_a	adult optic lobe intrinsic neuron	
720575941668175347	BANC_888:720575941668175347	BANC888	is_a	T5a neuron	
720575941668186099	BANC_888:720575941668186099	BANC888	is_a	adult posterior lateral protocerebrum neuron 172	
720575941668187569	BANC_888:720575941668187569	BANC888	is_a	lobula columnar neuron LC17	
720575941668189427	BANC_888:720575941668189427	BANC888	is_a	adult lobula intrinsic neuron Li21	FlyBase:FBrf0262545
720575941668189617	BANC_888:720575941668189617	BANC888	is_a	adult optic lobe intrinsic neuron	
720575941668214193	BANC_888:720575941668214193	BANC888	is_a	adult posterior slope neuron 292	
720575941668214449	BANC_888:720575941668214449	BANC888	is_a	T4b neuron	
720575941668215283	BANC_888:720575941668215283	BANC888	is_a	adult central brain intrinsic neuron	
720575941668216563	BANC_888:720575941668216563	BANC888	is_a	T2 neuron	
720575941668220403	BANC_888:720575941668220403	BANC888	is_a	medulla intrinsic neuron Mi15	
720575941668226291	BANC_888:720575941668226291	BANC888	is_a	T5d neuron	
720575941668229875	BANC_888:720575941668229875	BANC888	is_a	adult medulla-contralateral medulla neuron MeVPMe8	FlyBase:FBrf0262545
720575941668230131	BANC_888:720575941668230131	BANC888	is_a	ocellar ganglion interneuron type 01	
720575941668230833	BANC_888:720575941668230833	BANC888	is_a	adult posterior slope neuron 008	
720575941668245235	BANC_888:720575941668245235	BANC888	is_a	lamina monopolar neuron L1	
720575941668247795	BANC_888:720575941668247795	BANC888	is_a	adult CB3758 neuron	
720575941668248563	BANC_888:720575941668248563	BANC888	is_a	adult CB1874 neuron	
720575941668250099	BANC_888:720575941668250099	BANC888	is_a	lobula columnar neuron LC6	
720575941668251313	BANC_888:720575941668251313	BANC888	is_a	adult IN06A091 neuron	
720575941668261363	BANC_888:720575941668261363	BANC888	is_a	alpha/beta Kenyon cell	
720575941668263411	BANC_888:720575941668263411	BANC888	is_a	adult IN19A041 neuron	
720575941668268531	BANC_888:720575941668268531	BANC888	is_a	adult protocerebral bridge 1 glomerulus-fan-shaped body-round body neuron	
720575941668275121	BANC_888:720575941668275121	BANC888	is_a	adult IN09A025 neuron	
720575941668283635	BANC_888:720575941668283635	BANC888	is_a	adult IN09A078 neuron	
720575941668285171	BANC_888:720575941668285171	BANC888	is_a	adult IN17A057 neuron	
720575941668286707	BANC_888:720575941668286707	BANC888	is_a	adult SNta39 neuron	
720575941668287987	BANC_888:720575941668287987	BANC888	is_a	adult IN18B006 neuron	
720575941668293619	BANC_888:720575941668293619	BANC888	is_a	adult IN14A109 neuron	
720575941668296179	BANC_888:720575941668296179	BANC888	is_a	adult SNta42 neuron	
720575941668297203	BANC_888:720575941668297203	BANC888	is_a	adult INXXX446 neuron	
720575941668304305	BANC_888:720575941668304305	BANC888	is_a	adult optic lobe intrinsic neuron	
720575941668308145	BANC_888:720575941668308145	BANC888	is_a	adult CB2242 neuron	
720575941668315379	BANC_888:720575941668315379	BANC888	is_a	adult INXXX267 neuron	
720575941668315891	BANC_888:720575941668315891	BANC888	is_a	adult INXXX467 neuron	
720575941668318963	BANC_888:720575941668318963	BANC888	is_a	adult IN01A079 neuron	
720575941668319475	BANC_888:720575941668319475	BANC888	is_a	adult IN06A136 neuron	
720575941668325809	BANC_888:720575941668325809	BANC888	is_a	T3 neuron	
720575941668326833	BANC_888:720575941668326833	BANC888	is_a	distal medullary amacrine neuron Dm3a	FlyBase:FBrf0262545
720575941668335347	BANC_888:720575941668335347	BANC888	is_a	sensory neuron of wing campaniform sensillum	
720575941668335537	BANC_888:720575941668335537	BANC888	is_a	distal medullary amacrine neuron Dm3b	FlyBase:FBrf0262545
720575941668340467	BANC_888:720575941668340467	BANC888	is_a	adult IN12B088 neuron	
720575941668347123	BANC_888:720575941668347123	BANC888	is_a	adult IN16B045 neuron	
720575941668355761	BANC_888:720575941668355761	BANC888	is_a	lobula plate intrinsic neuron LPi3-4	FlyBase:FBrf0262545
720575941668356595	BANC_888:720575941668356595	BANC888	is_a	T3 neuron	
720575941668359667	BANC_888:720575941668359667	BANC888	is_a	transmedullary neuron Tm1	
720575941668362417	BANC_888:720575941668362417	BANC888	is_a	lamina wide-field 1 neuron	
720575941668362673	BANC_888:720575941668362673	BANC888	is_a	distal medullary amacrine neuron Dm2	
720575941668363185	BANC_888:720575941668363185	BANC888	is_a	adult optic lobe intrinsic neuron	
720575941668366513	BANC_888:720575941668366513	BANC888	is_a	T4d neuron	
720575941668377843	BANC_888:720575941668377843	BANC888	is_a	zone E Johnston organ neuron	
720575941668382129	BANC_888:720575941668382129	BANC888	is_a	adult optic lobe intrinsic neuron	
720575941668382385	BANC_888:720575941668382385	BANC888	is_a	T4b neuron	
720575941668383219	BANC_888:720575941668383219	BANC888	is_a	adult CB1470 neuron	
720575941668385011	BANC_888:720575941668385011	BANC888	is_a	adult CB0422 neuron	
720575941668385201	BANC_888:720575941668385201	BANC888	is_a	lamina monopolar neuron L1	
