filename	label	part_of	Template	synonyms	dbxrefs	comment	is_a
20x-Brain-1920233855831244898	JRC_SS00309_Brain_20130725_20_B1_20x	female organism|adult brain|P{R72E04-GAL4.DBD} ∩ P{R28D04-p65.AD} expression pattern	JRC2018Unisex_c	SS00309|GMR_SS00309|JRC_SS00309	FlyLightRaw:SS00309|FlyLightRawSlideCode:20130725_20_B1|jrc_slide_code_api:20130725_20_B1	tile(s): 'brain', effector genotype: 'w, R57C10-FlpL in su(Hw)attp8;; pJFRC210-10XUASFRT >STOP > FRT- myr::smGFP-OLLAS in attP2, pJFRC201- 10XUAS- FRT>STOP > FRT-myr::smGFP-HA in VK00005, pJFRC240-10XUAS-FRT>STOP > FRT-myr::smGFP- V5-THS10XUAS-FRT>STOP > FRT-myr::smGFPFLAG in su(Hw)attP1/TM2', objective: 'Plan-Apochromat 20x/0.8 M27', mounting protocol: 'DPX PBS Mounting', slide_code: '20130725_20_B1', age: 'Day 1-5'	expression pattern fragment
20x-Brain-1920233857920008290	JRC_SS00309_Brain_20130725_20_B2_20x	female organism|adult brain|P{R72E04-GAL4.DBD} ∩ P{R28D04-p65.AD} expression pattern	JRC2018Unisex_c	SS00309|GMR_SS00309|JRC_SS00309	FlyLightRaw:SS00309|FlyLightRawSlideCode:20130725_20_B2|jrc_slide_code_api:20130725_20_B2	tile(s): 'brain', effector genotype: 'w, R57C10-FlpL in su(Hw)attp8;; pJFRC210-10XUASFRT >STOP > FRT- myr::smGFP-OLLAS in attP2, pJFRC201- 10XUAS- FRT>STOP > FRT-myr::smGFP-HA in VK00005, pJFRC240-10XUAS-FRT>STOP > FRT-myr::smGFP- V5-THS10XUAS-FRT>STOP > FRT-myr::smGFPFLAG in su(Hw)attP1/TM2', objective: 'Plan-Apochromat 20x/0.8 M27', mounting protocol: 'DPX PBS Mounting', slide_code: '20130725_20_B2', age: 'Day 1-5'	expression pattern fragment
20x-Brain-1920233860084269154	JRC_SS00309_Brain_20130725_20_B3_20x	female organism|adult brain|P{R72E04-GAL4.DBD} ∩ P{R28D04-p65.AD} expression pattern	JRC2018Unisex_c	SS00309|GMR_SS00309|JRC_SS00309	FlyLightRaw:SS00309|FlyLightRawSlideCode:20130725_20_B3|jrc_slide_code_api:20130725_20_B3	tile(s): 'brain', effector genotype: 'w, R57C10-FlpL in su(Hw)attp8;; pJFRC210-10XUASFRT >STOP > FRT- myr::smGFP-OLLAS in attP2, pJFRC201- 10XUAS- FRT>STOP > FRT-myr::smGFP-HA in VK00005, pJFRC240-10XUAS-FRT>STOP > FRT-myr::smGFP- V5-THS10XUAS-FRT>STOP > FRT-myr::smGFPFLAG in su(Hw)attP1/TM2', objective: 'Plan-Apochromat 20x/0.8 M27', mounting protocol: 'DPX PBS Mounting', slide_code: '20130725_20_B3', age: 'Day 1-5'	expression pattern fragment
20x-Brain-1920233864874164322	JRC_SS00309_Brain_20130725_20_B6_20x	female organism|adult brain|P{R72E04-GAL4.DBD} ∩ P{R28D04-p65.AD} expression pattern	JRC2018Unisex_c	SS00309|GMR_SS00309|JRC_SS00309	FlyLightRaw:SS00309|FlyLightRawSlideCode:20130725_20_B6|jrc_slide_code_api:20130725_20_B6	tile(s): 'brain', effector genotype: 'w, R57C10-FlpL in su(Hw)attp8;; pJFRC210-10XUASFRT >STOP > FRT- myr::smGFP-OLLAS in attP2, pJFRC201- 10XUAS- FRT>STOP > FRT-myr::smGFP-HA in VK00005, pJFRC240-10XUAS-FRT>STOP > FRT-myr::smGFP- V5-THS10XUAS-FRT>STOP > FRT-myr::smGFPFLAG in su(Hw)attP1/TM2', objective: 'Plan-Apochromat 20x/0.8 M27', mounting protocol: 'DPX PBS Mounting', slide_code: '20130725_20_B6', age: 'Day 1-5'	expression pattern fragment
20x-Brain-1920233884918743138	JRC_SS00327_Brain_20130725_20_G5_20x	female organism|adult brain|P{R71D01-GAL4.DBD} ∩ P{R65H03-p65.AD} expression pattern	JRC2018Unisex_c	SS00327|GMR_SS00327|JRC_SS00327	FlyLightRaw:SS00327|FlyLightRawSlideCode:20130725_20_G5|jrc_slide_code_api:20130725_20_G5	tile(s): 'brain', effector genotype: 'w, R57C10-FlpL in su(Hw)attp8;; pJFRC210-10XUASFRT >STOP > FRT- myr::smGFP-OLLAS in attP2, pJFRC201- 10XUAS- FRT>STOP > FRT-myr::smGFP-HA in VK00005, pJFRC240-10XUAS-FRT>STOP > FRT-myr::smGFP- V5-THS10XUAS-FRT>STOP > FRT-myr::smGFPFLAG in su(Hw)attP1/TM2', objective: 'Plan-Apochromat 20x/0.8 M27', mounting protocol: 'DPX PBS Mounting', slide_code: '20130725_20_G5', age: 'Day 1-5'	expression pattern fragment
20x-Brain-1919993185703034887	JRC_SS00327_Brain_20130725_20_G6_20x	female organism|adult brain|P{R71D01-GAL4.DBD} ∩ P{R65H03-p65.AD} expression pattern	JRC2018Unisex_c	SS00327|GMR_SS00327|JRC_SS00327	FlyLightRaw:SS00327|FlyLightRawSlideCode:20130725_20_G6|jrc_slide_code_api:20130725_20_G6	tile(s): 'brain', effector genotype: 'w, R57C10-FlpL in su(Hw)attp8;; pJFRC210-10XUASFRT >STOP > FRT- myr::smGFP-OLLAS in attP2, pJFRC201- 10XUAS- FRT>STOP > FRT-myr::smGFP-HA in VK00005, pJFRC240-10XUAS-FRT>STOP > FRT-myr::smGFP- V5-THS10XUAS-FRT>STOP > FRT-myr::smGFPFLAG in su(Hw)attP1/TM2', objective: 'Plan-Apochromat 20x/0.8 M27', mounting protocol: 'DPX PBS Mounting', slide_code: '20130725_20_G6', age: 'Day 1-5'	expression pattern fragment
20x-Brain-1920234506216800354	JRC_SS00317_Brain_20130823_19_C1_20x	female organism|adult brain|P{R53C05-GAL4.DBD} ∩ P{R52B07-p65.AD} expression pattern	JRC2018Unisex_c	SS00317|GMR_SS00317|JRC_SS00317	FlyLightRaw:SS00317|FlyLightRawSlideCode:20130823_19_C1|jrc_slide_code_api:20130823_19_C1	tile(s): 'brain', effector genotype: 'w, R57C10-FlpL in su(Hw)attp8;; pJFRC210-10XUASFRT >STOP > FRT- myr::smGFP-OLLAS in attP2, pJFRC201- 10XUAS- FRT>STOP > FRT-myr::smGFP-HA in VK00005, pJFRC240-10XUAS-FRT>STOP > FRT-myr::smGFP- V5-THS10XUAS-FRT>STOP > FRT-myr::smGFPFLAG in su(Hw)attP1/TM2', objective: 'Plan-Apochromat 20x/0.8 M27', mounting protocol: 'DPX PBS Mounting', slide_code: '20130823_19_C1', age: 'Adult'	expression pattern fragment
20x-Brain-1920234507739332706	JRC_SS00317_Brain_20130823_19_C2_20x	female organism|adult brain|P{R53C05-GAL4.DBD} ∩ P{R52B07-p65.AD} expression pattern	JRC2018Unisex_c	SS00317|GMR_SS00317|JRC_SS00317	FlyLightRaw:SS00317|FlyLightRawSlideCode:20130823_19_C2|jrc_slide_code_api:20130823_19_C2	tile(s): 'brain', effector genotype: 'w, R57C10-FlpL in su(Hw)attp8;; pJFRC210-10XUASFRT >STOP > FRT- myr::smGFP-OLLAS in attP2, pJFRC201- 10XUAS- FRT>STOP > FRT-myr::smGFP-HA in VK00005, pJFRC240-10XUAS-FRT>STOP > FRT-myr::smGFP- V5-THS10XUAS-FRT>STOP > FRT-myr::smGFPFLAG in su(Hw)attP1/TM2', objective: 'Plan-Apochromat 20x/0.8 M27', mounting protocol: 'DPX PBS Mounting', slide_code: '20130823_19_C2', age: 'Adult'	expression pattern fragment
20x-Brain-1920234509161201762	JRC_SS00317_Brain_20130823_19_C3_20x	female organism|adult brain|P{R53C05-GAL4.DBD} ∩ P{R52B07-p65.AD} expression pattern	JRC2018Unisex_c	SS00317|GMR_SS00317|JRC_SS00317	FlyLightRaw:SS00317|FlyLightRawSlideCode:20130823_19_C3|jrc_slide_code_api:20130823_19_C3	tile(s): 'brain', effector genotype: 'w, R57C10-FlpL in su(Hw)attp8;; pJFRC210-10XUASFRT >STOP > FRT- myr::smGFP-OLLAS in attP2, pJFRC201- 10XUAS- FRT>STOP > FRT-myr::smGFP-HA in VK00005, pJFRC240-10XUAS-FRT>STOP > FRT-myr::smGFP- V5-THS10XUAS-FRT>STOP > FRT-myr::smGFPFLAG in su(Hw)attP1/TM2', objective: 'Plan-Apochromat 20x/0.8 M27', mounting protocol: 'DPX PBS Mounting', slide_code: '20130823_19_C3', age: 'Adult'	expression pattern fragment
20x-Brain-1920234509643546722	JRC_SS00317_Brain_20130823_19_C4_20x	female organism|adult brain|P{R53C05-GAL4.DBD} ∩ P{R52B07-p65.AD} expression pattern	JRC2018Unisex_c	SS00317|GMR_SS00317|JRC_SS00317	FlyLightRaw:SS00317|FlyLightRawSlideCode:20130823_19_C4|jrc_slide_code_api:20130823_19_C4	tile(s): 'brain', effector genotype: 'w, R57C10-FlpL in su(Hw)attp8;; pJFRC210-10XUASFRT >STOP > FRT- myr::smGFP-OLLAS in attP2, pJFRC201- 10XUAS- FRT>STOP > FRT-myr::smGFP-HA in VK00005, pJFRC240-10XUAS-FRT>STOP > FRT-myr::smGFP- V5-THS10XUAS-FRT>STOP > FRT-myr::smGFPFLAG in su(Hw)attP1/TM2', objective: 'Plan-Apochromat 20x/0.8 M27', mounting protocol: 'DPX PBS Mounting', slide_code: '20130823_19_C4', age: 'Adult'	expression pattern fragment
20x-Brain-1920234510142668898	JRC_SS00317_Brain_20130823_19_C5_20x	female organism|adult brain|P{R53C05-GAL4.DBD} ∩ P{R52B07-p65.AD} expression pattern	JRC2018Unisex_c	SS00317|GMR_SS00317|JRC_SS00317	FlyLightRaw:SS00317|FlyLightRawSlideCode:20130823_19_C5|jrc_slide_code_api:20130823_19_C5	tile(s): 'brain', effector genotype: 'w, R57C10-FlpL in su(Hw)attp8;; pJFRC210-10XUASFRT >STOP > FRT- myr::smGFP-OLLAS in attP2, pJFRC201- 10XUAS- FRT>STOP > FRT-myr::smGFP-HA in VK00005, pJFRC240-10XUAS-FRT>STOP > FRT-myr::smGFP- V5-THS10XUAS-FRT>STOP > FRT-myr::smGFPFLAG in su(Hw)attP1/TM2', objective: 'Plan-Apochromat 20x/0.8 M27', mounting protocol: 'DPX PBS Mounting', slide_code: '20130823_19_C5', age: 'Adult'	expression pattern fragment
20x-Brain-1920234510801174626	JRC_SS00317_Brain_20130823_19_C6_20x	female organism|adult brain|P{R53C05-GAL4.DBD} ∩ P{R52B07-p65.AD} expression pattern	JRC2018Unisex_c	SS00317|GMR_SS00317|JRC_SS00317	FlyLightRaw:SS00317|FlyLightRawSlideCode:20130823_19_C6|jrc_slide_code_api:20130823_19_C6	tile(s): 'brain', effector genotype: 'w, R57C10-FlpL in su(Hw)attp8;; pJFRC210-10XUASFRT >STOP > FRT- myr::smGFP-OLLAS in attP2, pJFRC201- 10XUAS- FRT>STOP > FRT-myr::smGFP-HA in VK00005, pJFRC240-10XUAS-FRT>STOP > FRT-myr::smGFP- V5-THS10XUAS-FRT>STOP > FRT-myr::smGFPFLAG in su(Hw)attP1/TM2', objective: 'Plan-Apochromat 20x/0.8 M27', mounting protocol: 'DPX PBS Mounting', slide_code: '20130823_19_C6', age: 'Adult'	expression pattern fragment
20x-Brain-1920234512386621538	JRC_SS00317_Brain_20130823_19_C7_20x	female organism|adult brain|P{R53C05-GAL4.DBD} ∩ P{R52B07-p65.AD} expression pattern	JRC2018Unisex_c	SS00317|GMR_SS00317|JRC_SS00317	FlyLightRaw:SS00317|FlyLightRawSlideCode:20130823_19_C7|jrc_slide_code_api:20130823_19_C7	tile(s): 'brain', effector genotype: 'w, R57C10-FlpL in su(Hw)attp8;; pJFRC210-10XUASFRT >STOP > FRT- myr::smGFP-OLLAS in attP2, pJFRC201- 10XUAS- FRT>STOP > FRT-myr::smGFP-HA in VK00005, pJFRC240-10XUAS-FRT>STOP > FRT-myr::smGFP- V5-THS10XUAS-FRT>STOP > FRT-myr::smGFPFLAG in su(Hw)attP1/TM2', objective: 'Plan-Apochromat 20x/0.8 M27', mounting protocol: 'DPX PBS Mounting', slide_code: '20130823_19_C7', age: 'Adult'	expression pattern fragment
20x-Brain-1931811295665848418	JRC_SS00796_Brain_20130926_19_E1_20x	female organism|adult brain|P{R74G01-GAL4.DBD} ∩ P{R41G07-p65.AD} expression pattern	JRC2018Unisex_c	SS00796|GMR_SS00796|JRC_SS00796	FlyLightRaw:SS00796|FlyLightRawSlideCode:20130926_19_E1|jrc_slide_code_api:20130926_19_E1	tile(s): 'brain', effector genotype: 'w, R57C10-FlpL in su(Hw)attp8;; pJFRC210-10XUASFRT >STOP > FRT- myr::smGFP-OLLAS in attP2, pJFRC201- 10XUAS- FRT>STOP > FRT-myr::smGFP-HA in VK00005, pJFRC240-10XUAS-FRT>STOP > FRT-myr::smGFP- V5-THS10XUAS-FRT>STOP > FRT-myr::smGFPFLAG in su(Hw)attP1/TM2', objective: 'Plan-Apochromat 20x/0.8 M27', mounting protocol: 'DPX PBS Mounting', slide_code: '20130926_19_E1', age: 'Adult'	expression pattern fragment
20x-Brain-1931811297763000418	JRC_SS00796_Brain_20130926_19_E3_20x	female organism|adult brain|P{R74G01-GAL4.DBD} ∩ P{R41G07-p65.AD} expression pattern	JRC2018Unisex_c	SS00796|GMR_SS00796|JRC_SS00796	FlyLightRaw:SS00796|FlyLightRawSlideCode:20130926_19_E3|jrc_slide_code_api:20130926_19_E3	tile(s): 'brain', effector genotype: 'w, R57C10-FlpL in su(Hw)attp8;; pJFRC210-10XUASFRT >STOP > FRT- myr::smGFP-OLLAS in attP2, pJFRC201- 10XUAS- FRT>STOP > FRT-myr::smGFP-HA in VK00005, pJFRC240-10XUAS-FRT>STOP > FRT-myr::smGFP- V5-THS10XUAS-FRT>STOP > FRT-myr::smGFPFLAG in su(Hw)attP1/TM2', objective: 'Plan-Apochromat 20x/0.8 M27', mounting protocol: 'DPX PBS Mounting', slide_code: '20130926_19_E3', age: 'Adult'	expression pattern fragment
20x-Brain-1931811300116004962	JRC_SS00796_Brain_20130926_19_E6_20x	female organism|adult brain|P{R74G01-GAL4.DBD} ∩ P{R41G07-p65.AD} expression pattern	JRC2018Unisex_c	SS00796|GMR_SS00796|JRC_SS00796	FlyLightRaw:SS00796|FlyLightRawSlideCode:20130926_19_E6|jrc_slide_code_api:20130926_19_E6	tile(s): 'brain', effector genotype: 'w, R57C10-FlpL in su(Hw)attp8;; pJFRC210-10XUASFRT >STOP > FRT- myr::smGFP-OLLAS in attP2, pJFRC201- 10XUAS- FRT>STOP > FRT-myr::smGFP-HA in VK00005, pJFRC240-10XUAS-FRT>STOP > FRT-myr::smGFP- V5-THS10XUAS-FRT>STOP > FRT-myr::smGFPFLAG in su(Hw)attP1/TM2', objective: 'Plan-Apochromat 20x/0.8 M27', mounting protocol: 'DPX PBS Mounting', slide_code: '20130926_19_E6', age: 'Adult'	expression pattern fragment
20x-Brain-1931811302183796834	JRC_SS00796_Brain_20130926_19_E8_20x	female organism|adult brain|P{R74G01-GAL4.DBD} ∩ P{R41G07-p65.AD} expression pattern	JRC2018Unisex_c	SS00796|GMR_SS00796|JRC_SS00796	FlyLightRaw:SS00796|FlyLightRawSlideCode:20130926_19_E8|jrc_slide_code_api:20130926_19_E8	tile(s): 'brain', effector genotype: 'w, R57C10-FlpL in su(Hw)attp8;; pJFRC210-10XUASFRT >STOP > FRT- myr::smGFP-OLLAS in attP2, pJFRC201- 10XUAS- FRT>STOP > FRT-myr::smGFP-HA in VK00005, pJFRC240-10XUAS-FRT>STOP > FRT-myr::smGFP- V5-THS10XUAS-FRT>STOP > FRT-myr::smGFPFLAG in su(Hw)attP1/TM2', objective: 'Plan-Apochromat 20x/0.8 M27', mounting protocol: 'DPX PBS Mounting', slide_code: '20130926_19_E8', age: 'Adult'	expression pattern fragment
20x-Brain-1940002752797081698	JRC_SS00331_Brain_20131007_19_A1_20x	female organism|adult brain|P{R10C06-GAL4.DBD} ∩ P{R71D01-p65.AD} expression pattern	JRC2018Unisex_c	SS00331|GMR_SS00331|JRC_SS00331	FlyLightRaw:SS00331|FlyLightRawSlideCode:20131007_19_A1|jrc_slide_code_api:20131007_19_A1	tile(s): 'brain', effector genotype: 'w, R57C10-FlpL in su(Hw)attp8;; pJFRC210-10XUASFRT >STOP > FRT- myr::smGFP-OLLAS in attP2, pJFRC201- 10XUAS- FRT>STOP > FRT-myr::smGFP-HA in VK00005, pJFRC240-10XUAS-FRT>STOP > FRT-myr::smGFP- V5-THS10XUAS-FRT>STOP > FRT-myr::smGFPFLAG in su(Hw)attP1/TM2', objective: 'Plan-Apochromat 20x/0.8 M27', mounting protocol: 'DPX PBS Mounting', slide_code: '20131007_19_A1', age: 'Day 1-5'	expression pattern fragment
20x-Brain-1940002757289181282	JRC_SS00331_Brain_20131007_19_A2_20x	female organism|adult brain|P{R10C06-GAL4.DBD} ∩ P{R71D01-p65.AD} expression pattern	JRC2018Unisex_c	SS00331|GMR_SS00331|JRC_SS00331	FlyLightRaw:SS00331|FlyLightRawSlideCode:20131007_19_A2|jrc_slide_code_api:20131007_19_A2	tile(s): 'brain', effector genotype: 'w, R57C10-FlpL in su(Hw)attp8;; pJFRC210-10XUASFRT >STOP > FRT- myr::smGFP-OLLAS in attP2, pJFRC201- 10XUAS- FRT>STOP > FRT-myr::smGFP-HA in VK00005, pJFRC240-10XUAS-FRT>STOP > FRT-myr::smGFP- V5-THS10XUAS-FRT>STOP > FRT-myr::smGFPFLAG in su(Hw)attP1/TM2', objective: 'Plan-Apochromat 20x/0.8 M27', mounting protocol: 'DPX PBS Mounting', slide_code: '20131007_19_A2', age: 'Day 1-5'	expression pattern fragment
20x-Brain-1935933895019069538	JRC_SS00331_Brain_20131007_19_A3_20x	female organism|adult brain|P{R10C06-GAL4.DBD} ∩ P{R71D01-p65.AD} expression pattern	JRC2018Unisex_c	SS00331|GMR_SS00331|JRC_SS00331	FlyLightRaw:SS00331|FlyLightRawSlideCode:20131007_19_A3|jrc_slide_code_api:20131007_19_A3	tile(s): 'brain', effector genotype: 'w, R57C10-FlpL in su(Hw)attp8;; pJFRC210-10XUASFRT >STOP > FRT- myr::smGFP-OLLAS in attP2, pJFRC201- 10XUAS- FRT>STOP > FRT-myr::smGFP-HA in VK00005, pJFRC240-10XUAS-FRT>STOP > FRT-myr::smGFP- V5-THS10XUAS-FRT>STOP > FRT-myr::smGFPFLAG in su(Hw)attP1/TM2', objective: 'Plan-Apochromat 20x/0.8 M27', mounting protocol: 'DPX PBS Mounting', slide_code: '20131007_19_A3', age: 'Day 1-5'	expression pattern fragment
20x-Brain-1935933897426600034	JRC_SS00331_Brain_20131007_19_A4_20x	female organism|adult brain|P{R10C06-GAL4.DBD} ∩ P{R71D01-p65.AD} expression pattern	JRC2018Unisex_c	SS00331|GMR_SS00331|JRC_SS00331	FlyLightRaw:SS00331|FlyLightRawSlideCode:20131007_19_A4|jrc_slide_code_api:20131007_19_A4	tile(s): 'brain', effector genotype: 'w, R57C10-FlpL in su(Hw)attp8;; pJFRC210-10XUASFRT >STOP > FRT- myr::smGFP-OLLAS in attP2, pJFRC201- 10XUAS- FRT>STOP > FRT-myr::smGFP-HA in VK00005, pJFRC240-10XUAS-FRT>STOP > FRT-myr::smGFP- V5-THS10XUAS-FRT>STOP > FRT-myr::smGFPFLAG in su(Hw)attP1/TM2', objective: 'Plan-Apochromat 20x/0.8 M27', mounting protocol: 'DPX PBS Mounting', slide_code: '20131007_19_A4', age: 'Day 1-5'	expression pattern fragment
20x-Brain-1984100576752828514	JRC_SS00689_Brain_20140124_20_B1_20x	female organism|adult brain|P{R15G08-GAL4.DBD} ∩ P{R11G01-p65.AD} expression pattern	JRC2018Unisex_c	SS00689|GMR_SS00689|JRC_SS00689	FlyLightRaw:SS00689|FlyLightRawSlideCode:20140124_20_B1|jrc_slide_code_api:20140124_20_B1	tile(s): 'brain', effector genotype: 'pBPhsFlp2::PEST in attP3;; pJFRC201-10XUAS-FRT>STOP>FRT-myr::smGFP-HA in VK00005,pJFRC240-10XUAS-FRT>STOP>FRT-myr::smGFP-V5-THS-10XUAS-FRT>STOP>FRT-myr::smGFP-FLAG in su(Hw)attP1/ TM3, Sb', objective: 'Plan-Apochromat 20x/0.8 M27', mounting protocol: 'DPX PBS Mounting', slide_code: '20140124_20_B1', age: 'Adult'	expression pattern fragment
20x-Brain-1977172432926015586	JRC_SS00689_Brain_20140124_20_B3_20x	female organism|adult brain|P{R15G08-GAL4.DBD} ∩ P{R11G01-p65.AD} expression pattern	JRC2018Unisex_c	SS00689|GMR_SS00689|JRC_SS00689	FlyLightRaw:SS00689|FlyLightRawSlideCode:20140124_20_B3|jrc_slide_code_api:20140124_20_B3	tile(s): 'brain', effector genotype: 'pBPhsFlp2::PEST in attP3;; pJFRC201-10XUAS-FRT>STOP>FRT-myr::smGFP-HA in VK00005,pJFRC240-10XUAS-FRT>STOP>FRT-myr::smGFP-V5-THS-10XUAS-FRT>STOP>FRT-myr::smGFP-FLAG in su(Hw)attP1/ TM3, Sb', objective: 'Plan-Apochromat 20x/0.8 M27', mounting protocol: 'DPX PBS Mounting', slide_code: '20140124_20_B3', age: 'Adult'	expression pattern fragment
63x-Brain-1943164462840152071	JRC_SS00116_Brain_20130503_31_E3_63x	female organism|adult brain|P{R12G01-GAL4.DBD} ∩ P{R24A02-p65.AD} expression pattern	JRC2018Unisex_c	SS00116|GMR_SS00116|JRC_SS00116	FlyLightRaw:SS00116|FlyLightRawSlideCode:20130503_31_E3|jrc_slide_code_api:20130503_31_E3	tile(s): 'central (partial brain image, check tile names for imaged regions)', effector genotype: 'w;;pJFRC225-5XUAS-IVS-myr::smFLAG in VK00005, pJFRC51-3XUAS-IVS-Syt::smHA in su(Hw)attP1', objective: 'Plan-Apochromat 63x/1.4 Oil DIC M27', mounting protocol: 'DPX PBS Mounting', slide_code: '20130503_31_E3', age: 'Day 1-5'	expression pattern fragment
63x-Brain-1943164463842590727	JRC_SS00116_Brain_20130503_31_E4_63x	female organism|adult brain|P{R12G01-GAL4.DBD} ∩ P{R24A02-p65.AD} expression pattern	JRC2018Unisex_c	SS00116|GMR_SS00116|JRC_SS00116	FlyLightRaw:SS00116|FlyLightRawSlideCode:20130503_31_E4|jrc_slide_code_api:20130503_31_E4	tile(s): 'central (partial brain image, check tile names for imaged regions)', effector genotype: 'w;;pJFRC225-5XUAS-IVS-myr::smFLAG in VK00005, pJFRC51-3XUAS-IVS-Syt::smHA in su(Hw)attP1', objective: 'Plan-Apochromat 63x/1.4 Oil DIC M27', mounting protocol: 'DPX PBS Mounting', slide_code: '20130503_31_E4', age: 'Day 1-5'	expression pattern fragment
63x-Brain-1943164464769531911	JRC_SS00116_Brain_20130503_31_E5_63x	female organism|adult brain|P{R12G01-GAL4.DBD} ∩ P{R24A02-p65.AD} expression pattern	JRC2018Unisex_c	SS00116|GMR_SS00116|JRC_SS00116	FlyLightRaw:SS00116|FlyLightRawSlideCode:20130503_31_E5|jrc_slide_code_api:20130503_31_E5	tile(s): 'central (partial brain image, check tile names for imaged regions)', effector genotype: 'w;;pJFRC225-5XUAS-IVS-myr::smFLAG in VK00005, pJFRC51-3XUAS-IVS-Syt::smHA in su(Hw)attP1', objective: 'Plan-Apochromat 63x/1.4 Oil DIC M27', mounting protocol: 'DPX PBS Mounting', slide_code: '20130503_31_E5', age: 'Day 1-5'	expression pattern fragment
63x-Brain-1943133040515481607	JRC_SS00116_Brain_20130529_19_E1_63x	female organism|adult brain|P{R12G01-GAL4.DBD} ∩ P{R24A02-p65.AD} expression pattern	JRC2018Unisex_c	SS00116|GMR_SS00116|JRC_SS00116	FlyLightRaw:SS00116|FlyLightRawSlideCode:20130529_19_E1|jrc_slide_code_api:20130529_19_E1	tile(s): 'central (partial brain image, check tile names for imaged regions)', effector genotype: 'pBPhsFlp2::PEST in attP3;; pJFRC201-10XUAS-FRT>STOP>FRT-myr::smGFP-HA in VK00005,pJFRC240-10XUAS-FRT>STOP>FRT-myr::smGFP-V5-THS-10XUAS-FRT>STOP>FRT-myr::smGFP-FLAG in su(Hw)attP1/ TM3, Sb', objective: 'Plan-Apochromat 63x/1.40 Oil DIC M27', mounting protocol: 'DPX Ethanol Mounting', slide_code: '20130529_19_E1', age: 'Day 6-10'	expression pattern fragment
63x-Brain-1943133041345953799	JRC_SS00116_Brain_20130529_19_E2_63x	female organism|adult brain|P{R12G01-GAL4.DBD} ∩ P{R24A02-p65.AD} expression pattern	JRC2018Unisex_c	SS00116|GMR_SS00116|JRC_SS00116	FlyLightRaw:SS00116|FlyLightRawSlideCode:20130529_19_E2|jrc_slide_code_api:20130529_19_E2	tile(s): 'central (partial brain image, check tile names for imaged regions)', effector genotype: 'pBPhsFlp2::PEST in attP3;; pJFRC201-10XUAS-FRT>STOP>FRT-myr::smGFP-HA in VK00005,pJFRC240-10XUAS-FRT>STOP>FRT-myr::smGFP-V5-THS-10XUAS-FRT>STOP>FRT-myr::smGFP-FLAG in su(Hw)attP1/ TM3, Sb', objective: 'Plan-Apochromat 63x/1.40 Oil DIC M27', mounting protocol: 'DPX Ethanol Mounting', slide_code: '20130529_19_E2', age: 'Day 6-10'	expression pattern fragment
63x-Brain-1943133042348392455	JRC_SS00116_Brain_20130529_19_E3_63x	female organism|adult brain|P{R12G01-GAL4.DBD} ∩ P{R24A02-p65.AD} expression pattern	JRC2018Unisex_c	SS00116|GMR_SS00116|JRC_SS00116	FlyLightRaw:SS00116|FlyLightRawSlideCode:20130529_19_E3|jrc_slide_code_api:20130529_19_E3	tile(s): 'central (partial brain image, check tile names for imaged regions)', effector genotype: 'pBPhsFlp2::PEST in attP3;; pJFRC201-10XUAS-FRT>STOP>FRT-myr::smGFP-HA in VK00005,pJFRC240-10XUAS-FRT>STOP>FRT-myr::smGFP-V5-THS-10XUAS-FRT>STOP>FRT-myr::smGFP-FLAG in su(Hw)attP1/ TM3, Sb', objective: 'Plan-Apochromat 63x/1.40 Oil DIC M27', mounting protocol: 'DPX Ethanol Mounting', slide_code: '20130529_19_E3', age: 'Day 6-10'	expression pattern fragment
63x-Brain-1943133043313082375	JRC_SS00116_Brain_20130529_19_E4_63x	female organism|adult brain|P{R12G01-GAL4.DBD} ∩ P{R24A02-p65.AD} expression pattern	JRC2018Unisex_c	SS00116|GMR_SS00116|JRC_SS00116	FlyLightRaw:SS00116|FlyLightRawSlideCode:20130529_19_E4|jrc_slide_code_api:20130529_19_E4	tile(s): 'central (partial brain image, check tile names for imaged regions)', effector genotype: 'pBPhsFlp2::PEST in attP3;; pJFRC201-10XUAS-FRT>STOP>FRT-myr::smGFP-HA in VK00005,pJFRC240-10XUAS-FRT>STOP>FRT-myr::smGFP-V5-THS-10XUAS-FRT>STOP>FRT-myr::smGFP-FLAG in su(Hw)attP1/ TM3, Sb', objective: 'Plan-Apochromat 63x/1.40 Oil DIC M27', mounting protocol: 'DPX Ethanol Mounting', slide_code: '20130529_19_E4', age: 'Day 6-10'	expression pattern fragment
63x-Brain-1943133044244217863	JRC_SS00116_Brain_20130529_19_E5_63x	female organism|adult brain|P{R12G01-GAL4.DBD} ∩ P{R24A02-p65.AD} expression pattern	JRC2018Unisex_c	SS00116|GMR_SS00116|JRC_SS00116	FlyLightRaw:SS00116|FlyLightRawSlideCode:20130529_19_E5|jrc_slide_code_api:20130529_19_E5	tile(s): 'central (partial brain image, check tile names for imaged regions)', effector genotype: 'pBPhsFlp2::PEST in attP3;; pJFRC201-10XUAS-FRT>STOP>FRT-myr::smGFP-HA in VK00005,pJFRC240-10XUAS-FRT>STOP>FRT-myr::smGFP-V5-THS-10XUAS-FRT>STOP>FRT-myr::smGFP-FLAG in su(Hw)attP1/ TM3, Sb', objective: 'Plan-Apochromat 63x/1.40 Oil DIC M27', mounting protocol: 'DPX Ethanol Mounting', slide_code: '20130529_19_E5', age: 'Day 6-10'	expression pattern fragment
63x-Brain-1943133045066301447	JRC_SS00116_Brain_20130529_19_E6_63x	female organism|adult brain|P{R12G01-GAL4.DBD} ∩ P{R24A02-p65.AD} expression pattern	JRC2018Unisex_c	SS00116|GMR_SS00116|JRC_SS00116	FlyLightRaw:SS00116|FlyLightRawSlideCode:20130529_19_E6|jrc_slide_code_api:20130529_19_E6	tile(s): 'central (partial brain image, check tile names for imaged regions)', effector genotype: 'pBPhsFlp2::PEST in attP3;; pJFRC201-10XUAS-FRT>STOP>FRT-myr::smGFP-HA in VK00005,pJFRC240-10XUAS-FRT>STOP>FRT-myr::smGFP-V5-THS-10XUAS-FRT>STOP>FRT-myr::smGFP-FLAG in su(Hw)attP1/ TM3, Sb', objective: 'Plan-Apochromat 63x/1.40 Oil DIC M27', mounting protocol: 'DPX Ethanol Mounting', slide_code: '20130529_19_E6', age: 'Day 6-10'	expression pattern fragment
63x-Brain-1943133046014214151	JRC_SS00116_Brain_20130529_19_E7_63x	female organism|adult brain|P{R12G01-GAL4.DBD} ∩ P{R24A02-p65.AD} expression pattern	JRC2018Unisex_c	SS00116|GMR_SS00116|JRC_SS00116	FlyLightRaw:SS00116|FlyLightRawSlideCode:20130529_19_E7|jrc_slide_code_api:20130529_19_E7	tile(s): 'central (partial brain image, check tile names for imaged regions)', effector genotype: 'pBPhsFlp2::PEST in attP3;; pJFRC201-10XUAS-FRT>STOP>FRT-myr::smGFP-HA in VK00005,pJFRC240-10XUAS-FRT>STOP>FRT-myr::smGFP-V5-THS-10XUAS-FRT>STOP>FRT-myr::smGFP-FLAG in su(Hw)attP1/ TM3, Sb', objective: 'Plan-Apochromat 63x/1.40 Oil DIC M27', mounting protocol: 'DPX Ethanol Mounting', slide_code: '20130529_19_E7', age: 'Day 6-10'	expression pattern fragment
63x-Brain-1889492092032385122	JRC_SS00355_Brain_20130604_33_E4_63x	female organism|adult brain|P{R81G11-GAL4.DBD} ∩ P{R41E03-p65.AD} expression pattern	JRC2018Unisex_c	SS00355|GMR_SS00355|JRC_SS00355	FlyLightRaw:SS00355|FlyLightRawSlideCode:20130604_33_E4|jrc_slide_code_api:20130604_33_E4	tile(s): 'right_optic_lobe (partial brain image, check tile names for imaged regions)', effector genotype: 'w;;pJFRC225-5XUAS-IVS-myr::smFLAG in VK00005, pJFRC51-3XUAS-IVS-Syt::smHA in su(Hw)attP1', objective: 'Plan-Apochromat 63x/1.4 Oil DIC M27', mounting protocol: 'DPX PBS Mounting', slide_code: '20130604_33_E4', age: 'Day 1-5'	expression pattern fragment
63x-Brain-1889492095496880226	JRC_SS00355_Brain_20130604_33_E5_63x	female organism|adult brain|P{R81G11-GAL4.DBD} ∩ P{R41E03-p65.AD} expression pattern	JRC2018Unisex_c	SS00355|GMR_SS00355|JRC_SS00355	FlyLightRaw:SS00355|FlyLightRawSlideCode:20130604_33_E5|jrc_slide_code_api:20130604_33_E5	tile(s): 'right_optic_lobe (partial brain image, check tile names for imaged regions)', effector genotype: 'w;;pJFRC225-5XUAS-IVS-myr::smFLAG in VK00005, pJFRC51-3XUAS-IVS-Syt::smHA in su(Hw)attP1', objective: 'Plan-Apochromat 63x/1.4 Oil DIC M27', mounting protocol: 'DPX PBS Mounting', slide_code: '20130604_33_E5', age: 'Day 1-5'	expression pattern fragment
63x-Brain-2149414738075844706	JRC_SS00309_Brain_20130607_31_F1_63x	female organism|adult brain|P{R72E04-GAL4.DBD} ∩ P{R28D04-p65.AD} expression pattern	JRC2018Unisex_c	SS00309|GMR_SS00309|JRC_SS00309	FlyLightSplit:SS00309|FlyLightSplitSlideCode:20130607_31_F1|jrc_slide_code_api:20130607_31_F1|neuronbridge:SS00309	tile(s): 'left_optic_lobe (partial brain image, check tile names for imaged regions)', effector genotype: 'w;;pJFRC225-5XUAS-IVS-myr::smFLAG in VK00005, pJFRC51-3XUAS-IVS-Syt::smHA in su(Hw)attP1', objective: 'Plan-Apochromat 63x/1.4 Oil DIC M27', mounting protocol: 'DPX PBS Mounting', slide_code: '20130607_31_F1', age: 'Day 1-5'	expression pattern fragment
63x-Brain-2149415135112855650	JRC_SS00317_Brain_20130612_31_A2_63x	female organism|adult brain|P{R53C05-GAL4.DBD} ∩ P{R52B07-p65.AD} expression pattern	JRC2018Unisex_c	SS00317|GMR_SS00317|JRC_SS00317	FlyLightSplit:SS00317|FlyLightSplitSlideCode:20130612_31_A2|jrc_slide_code_api:20130612_31_A2|neuronbridge:SS00317	tile(s): 'right_optic_lobe (partial brain image, check tile names for imaged regions)', effector genotype: 'w;;pJFRC225-5XUAS-IVS-myr::smFLAG in VK00005, pJFRC51-3XUAS-IVS-Syt::smHA in su(Hw)attP1', objective: 'Plan-Apochromat 63x/1.4 Oil DIC M27', mounting protocol: 'DPX PBS Mounting', slide_code: '20130612_31_A2', age: 'Day 1-5'	expression pattern fragment
63x-Brain-1889492558195720290	JRC_SS00317_Brain_20130612_31_A3_63x	female organism|adult brain|P{R53C05-GAL4.DBD} ∩ P{R52B07-p65.AD} expression pattern	JRC2018Unisex_c	SS00317|GMR_SS00317|JRC_SS00317	FlyLightSplit:SS00317|FlyLightSplitSlideCode:20130612_31_A3|jrc_slide_code_api:20130612_31_A3|neuronbridge:SS00317	tile(s): 'left_optic_lobe (partial brain image, check tile names for imaged regions)', effector genotype: 'w;;pJFRC225-5XUAS-IVS-myr::smFLAG in VK00005, pJFRC51-3XUAS-IVS-Syt::smHA in su(Hw)attP1', objective: 'Plan-Apochromat 63x/1.4 Oil DIC M27', mounting protocol: 'DPX PBS Mounting', slide_code: '20130612_31_A3', age: 'Day 1-5'	expression pattern fragment
63x-Brain-1889492572951281762	JRC_SS00321_Brain_20130612_31_B3_63x	female organism|adult brain|P{R75H08-GAL4.DBD} ∩ P{R53E04-p65.AD} expression pattern	JRC2018Unisex_c	SS00321|GMR_SS00321|JRC_SS00321	FlyLightSplit:SS00321|FlyLightSplitSlideCode:20130612_31_B3|jrc_slide_code_api:20130612_31_B3|neuronbridge:SS00321	tile(s): 'right_optic_lobe (partial brain image, check tile names for imaged regions)', effector genotype: 'w;;pJFRC225-5XUAS-IVS-myr::smFLAG in VK00005, pJFRC51-3XUAS-IVS-Syt::smHA in su(Hw)attP1', objective: 'Plan-Apochromat 63x/1.4 Oil DIC M27', mounting protocol: 'DPX PBS Mounting', slide_code: '20130612_31_B3', age: 'Day 1-5'	expression pattern fragment
63x-Brain-2249311953363140645	JRC_SS00321_Brain_20130612_31_B4_63x	female organism|adult brain|P{R75H08-GAL4.DBD} ∩ P{R53E04-p65.AD} expression pattern	JRC2018Unisex_c	SS00321|GMR_SS00321|JRC_SS00321	FlyLightRaw:SS00321|FlyLightRawSlideCode:20130612_31_B4|jrc_slide_code_api:20130612_31_B4	tile(s): 'left_optic_lobe (partial brain image, check tile names for imaged regions)', effector genotype: 'w;;pJFRC225-5XUAS-IVS-myr::smFLAG in VK00005, pJFRC51-3XUAS-IVS-Syt::smHA in su(Hw)attP1', objective: 'Plan-Apochromat 63x/1.4 Oil DIC M27', mounting protocol: 'DPX PBS Mounting', slide_code: '20130612_31_B4', age: 'Day 1-5'	expression pattern fragment
63x-Brain-1889492616207138914	JRC_SS00331_Brain_20130612_31_D4_63x	female organism|adult brain|P{R10C06-GAL4.DBD} ∩ P{R71D01-p65.AD} expression pattern	JRC2018Unisex_c	SS00331|GMR_SS00331|JRC_SS00331	FlyLightSplit:SS00331|FlyLightSplitSlideCode:20130612_31_D4|jrc_slide_code_api:20130612_31_D4|neuronbridge:SS00331	tile(s): 'right_optic_lobe (partial brain image, check tile names for imaged regions)', effector genotype: 'w;;pJFRC225-5XUAS-IVS-myr::smFLAG in VK00005, pJFRC51-3XUAS-IVS-Syt::smHA in su(Hw)attP1', objective: 'Plan-Apochromat 63x/1.4 Oil DIC M27', mounting protocol: 'DPX PBS Mounting', slide_code: '20130612_31_D4', age: 'Day 1-5'	expression pattern fragment
63x-Brain-1897487316578992135	JRC_SS00308_Brain_20130612_33_A4_63x	female organism|adult brain|P{R72G03-GAL4.DBD} ∩ P{R26A08-p65.AD} expression pattern	JRC2018Unisex_c	SS00308|GMR_SS00308|JRC_SS00308	FlyLightSplit:SS00308|FlyLightSplitSlideCode:20130612_33_A4|jrc_slide_code_api:20130612_33_A4|neuronbridge:SS00308	tile(s): 'right_optic_lobe (partial brain image, check tile names for imaged regions)', effector genotype: 'w;;pJFRC225-5XUAS-IVS-myr::smFLAG in VK00005, pJFRC51-3XUAS-IVS-Syt::smHA in su(Hw)attP1', objective: 'Plan-Apochromat 63x/1.4 Oil DIC M27', mounting protocol: 'DPX PBS Mounting', slide_code: '20130612_33_A4', age: 'Day 1-5'	expression pattern fragment
63x-Brain-1897487380458242055	JRC_SS00327_Brain_20130612_33_G2_63x	female organism|adult brain|P{R71D01-GAL4.DBD} ∩ P{R65H03-p65.AD} expression pattern	JRC2018Unisex_c	SS00327|GMR_SS00327|JRC_SS00327	FlyLightSplit:SS00327|FlyLightSplitSlideCode:20130612_33_G2|jrc_slide_code_api:20130612_33_G2|neuronbridge:SS00327	tile(s): 'left_optic_lobe (partial brain image, check tile names for imaged regions)', effector genotype: 'w;;pJFRC225-5XUAS-IVS-myr::smFLAG in VK00005, pJFRC51-3XUAS-IVS-Syt::smHA in su(Hw)attP1', objective: 'Plan-Apochromat 63x/1.4 Oil DIC M27', mounting protocol: 'DPX PBS Mounting', slide_code: '20130612_33_G2', age: 'Day 1-5'	expression pattern fragment
63x-Brain-1897487383306174471	JRC_SS00327_Brain_20130612_33_G3_63x	female organism|adult brain|P{R71D01-GAL4.DBD} ∩ P{R65H03-p65.AD} expression pattern	JRC2018Unisex_c	SS00327|GMR_SS00327|JRC_SS00327	FlyLightRaw:SS00327|FlyLightRawSlideCode:20130612_33_G3|jrc_slide_code_api:20130612_33_G3	tile(s): 'right_optic_lobe (partial brain image, check tile names for imaged regions)', effector genotype: 'w;;pJFRC225-5XUAS-IVS-myr::smFLAG in VK00005, pJFRC51-3XUAS-IVS-Syt::smHA in su(Hw)attP1', objective: 'Plan-Apochromat 63x/1.4 Oil DIC M27', mounting protocol: 'DPX PBS Mounting', slide_code: '20130612_33_G3', age: 'Day 1-5'	expression pattern fragment
63x-Brain-1897487385596264455	JRC_SS00327_Brain_20130612_33_G4_63x	female organism|adult brain|P{R71D01-GAL4.DBD} ∩ P{R65H03-p65.AD} expression pattern	JRC2018Unisex_c	SS00327|GMR_SS00327|JRC_SS00327	FlyLightRaw:SS00327|FlyLightRawSlideCode:20130612_33_G4|jrc_slide_code_api:20130612_33_G4	tile(s): 'right_optic_lobe (partial brain image, check tile names for imaged regions)', effector genotype: 'w;;pJFRC225-5XUAS-IVS-myr::smFLAG in VK00005, pJFRC51-3XUAS-IVS-Syt::smHA in su(Hw)attP1', objective: 'Plan-Apochromat 63x/1.4 Oil DIC M27', mounting protocol: 'DPX PBS Mounting', slide_code: '20130612_33_G4', age: 'Day 1-5'	expression pattern fragment
63x-Brain-2149417496162074722	JRC_SS00328_Brain_20130619_31_C2_63x	female organism|adult brain|P{R65D05-GAL4.DBD} ∩ P{R70B07-p65.AD} expression pattern	JRC2018Unisex_c	SS00328|GMR_SS00328|JRC_SS00328	FlyLightSplit:SS00328|FlyLightSplitSlideCode:20130619_31_C2|jrc_slide_code_api:20130619_31_C2|neuronbridge:SS00328	tile(s): 'left_optic_lobe (partial brain image, check tile names for imaged regions)', effector genotype: 'w;;pJFRC225-5XUAS-IVS-myr::smFLAG in VK00005, pJFRC51-3XUAS-IVS-Syt::smHA in su(Hw)attP1', objective: 'Plan-Apochromat 63x/1.40 Oil DIC M27', mounting protocol: 'DPX PBS Mounting', slide_code: '20130619_31_C2', age: 'Day 1-5'	expression pattern fragment
63x-Brain-2149417504991084642	JRC_SS00328_Brain_20130619_31_C3_63x	female organism|adult brain|P{R65D05-GAL4.DBD} ∩ P{R70B07-p65.AD} expression pattern	JRC2018Unisex_c	SS00328|GMR_SS00328|JRC_SS00328	FlyLightSplit:SS00328|FlyLightSplitSlideCode:20130619_31_C3|jrc_slide_code_api:20130619_31_C3|neuronbridge:SS00328	tile(s): 'right_optic_lobe (partial brain image, check tile names for imaged regions)', effector genotype: 'w;;pJFRC225-5XUAS-IVS-myr::smFLAG in VK00005, pJFRC51-3XUAS-IVS-Syt::smHA in su(Hw)attP1', objective: 'Plan-Apochromat 63x/1.40 Oil DIC M27', mounting protocol: 'DPX PBS Mounting', slide_code: '20130619_31_C3', age: 'Day 1-5'	expression pattern fragment
63x-Brain-1903200493664993378	JRC_SS00320_Brain_20130625_31_E3_63x	female organism|adult brain|P{R60H04-GAL4.DBD} ∩ P{R53C02-p65.AD} expression pattern	JRC2018Unisex_c	SS00320|GMR_SS00320|JRC_SS00320	FlyLightSplit:SS00320|FlyLightSplitSlideCode:20130625_31_E3|jrc_slide_code_api:20130625_31_E3|neuronbridge:SS00320	tile(s): 'left_optic_lobe (partial brain image, check tile names for imaged regions)', effector genotype: 'w;;pJFRC225-5XUAS-IVS-myr::smFLAG in VK00005, pJFRC51-3XUAS-IVS-Syt::smHA in su(Hw)attP1', objective: 'Plan-Apochromat 63x/1.4 Oil DIC M27', mounting protocol: 'DPX PBS Mounting', slide_code: '20130625_31_E3', age: 'Day 1-5'	expression pattern fragment
63x-Brain-1920233855831244898	JRC_SS00309_Brain_20130725_20_B1_63x	female organism|adult brain|P{R72E04-GAL4.DBD} ∩ P{R28D04-p65.AD} expression pattern	JRC2018Unisex_c	SS00309|GMR_SS00309|JRC_SS00309	FlyLightRaw:SS00309|FlyLightRawSlideCode:20130725_20_B1|jrc_slide_code_api:20130725_20_B1	tile(s): 'left_optic_lobe, right_optic_lobe (partial brain image, check tile names for imaged regions)', effector genotype: 'w, R57C10-FlpL in su(Hw)attp8;; pJFRC210-10XUASFRT >STOP > FRT- myr::smGFP-OLLAS in attP2, pJFRC201- 10XUAS- FRT>STOP > FRT-myr::smGFP-HA in VK00005, pJFRC240-10XUAS-FRT>STOP > FRT-myr::smGFP- V5-THS10XUAS-FRT>STOP > FRT-myr::smGFPFLAG in su(Hw)attP1/TM2', objective: 'Plan-Apochromat 63x/1.40 Oil DIC M27', mounting protocol: 'DPX PBS Mounting', slide_code: '20130725_20_B1', age: 'Day 1-5'	expression pattern fragment
63x-Brain-1920233857920008290	JRC_SS00309_Brain_20130725_20_B2_63x	female organism|adult brain|P{R72E04-GAL4.DBD} ∩ P{R28D04-p65.AD} expression pattern	JRC2018Unisex_c	SS00309|GMR_SS00309|JRC_SS00309	FlyLightRaw:SS00309|FlyLightRawSlideCode:20130725_20_B2|jrc_slide_code_api:20130725_20_B2	tile(s): 'left_optic_lobe, right_optic_lobe (partial brain image, check tile names for imaged regions)', effector genotype: 'w, R57C10-FlpL in su(Hw)attp8;; pJFRC210-10XUASFRT >STOP > FRT- myr::smGFP-OLLAS in attP2, pJFRC201- 10XUAS- FRT>STOP > FRT-myr::smGFP-HA in VK00005, pJFRC240-10XUAS-FRT>STOP > FRT-myr::smGFP- V5-THS10XUAS-FRT>STOP > FRT-myr::smGFPFLAG in su(Hw)attP1/TM2', objective: 'Plan-Apochromat 63x/1.40 Oil DIC M27', mounting protocol: 'DPX PBS Mounting', slide_code: '20130725_20_B2', age: 'Day 1-5'	expression pattern fragment
63x-Brain-1920233860084269154	JRC_SS00309_Brain_20130725_20_B3_63x	female organism|adult brain|P{R72E04-GAL4.DBD} ∩ P{R28D04-p65.AD} expression pattern	JRC2018Unisex_c	SS00309|GMR_SS00309|JRC_SS00309	FlyLightRaw:SS00309|FlyLightRawSlideCode:20130725_20_B3|jrc_slide_code_api:20130725_20_B3	tile(s): 'left_optic_lobe, right_optic_lobe (partial brain image, check tile names for imaged regions)', effector genotype: 'w, R57C10-FlpL in su(Hw)attp8;; pJFRC210-10XUASFRT >STOP > FRT- myr::smGFP-OLLAS in attP2, pJFRC201- 10XUAS- FRT>STOP > FRT-myr::smGFP-HA in VK00005, pJFRC240-10XUAS-FRT>STOP > FRT-myr::smGFP- V5-THS10XUAS-FRT>STOP > FRT-myr::smGFPFLAG in su(Hw)attP1/TM2', objective: 'Plan-Apochromat 63x/1.40 Oil DIC M27', mounting protocol: 'DPX PBS Mounting', slide_code: '20130725_20_B3', age: 'Day 1-5'	expression pattern fragment
63x-Brain-1920233864874164322	JRC_SS00309_Brain_20130725_20_B6_63x	female organism|adult brain|P{R72E04-GAL4.DBD} ∩ P{R28D04-p65.AD} expression pattern	JRC2018Unisex_c	SS00309|GMR_SS00309|JRC_SS00309	FlyLightRaw:SS00309|FlyLightRawSlideCode:20130725_20_B6|jrc_slide_code_api:20130725_20_B6	tile(s): 'left_optic_lobe, right_optic_lobe (partial brain image, check tile names for imaged regions)', effector genotype: 'w, R57C10-FlpL in su(Hw)attp8;; pJFRC210-10XUASFRT >STOP > FRT- myr::smGFP-OLLAS in attP2, pJFRC201- 10XUAS- FRT>STOP > FRT-myr::smGFP-HA in VK00005, pJFRC240-10XUAS-FRT>STOP > FRT-myr::smGFP- V5-THS10XUAS-FRT>STOP > FRT-myr::smGFPFLAG in su(Hw)attP1/TM2', objective: 'Plan-Apochromat 63x/1.40 Oil DIC M27', mounting protocol: 'DPX PBS Mounting', slide_code: '20130725_20_B6', age: 'Day 1-5'	expression pattern fragment
63x-Brain-1920233884918743138	JRC_SS00327_Brain_20130725_20_G5_63x	female organism|adult brain|P{R71D01-GAL4.DBD} ∩ P{R65H03-p65.AD} expression pattern	JRC2018Unisex_c	SS00327|GMR_SS00327|JRC_SS00327	FlyLightRaw:SS00327|FlyLightRawSlideCode:20130725_20_G5|jrc_slide_code_api:20130725_20_G5	tile(s): 'left_optic_lobe, right_optic_lobe (partial brain image, check tile names for imaged regions)', effector genotype: 'w, R57C10-FlpL in su(Hw)attp8;; pJFRC210-10XUASFRT >STOP > FRT- myr::smGFP-OLLAS in attP2, pJFRC201- 10XUAS- FRT>STOP > FRT-myr::smGFP-HA in VK00005, pJFRC240-10XUAS-FRT>STOP > FRT-myr::smGFP- V5-THS10XUAS-FRT>STOP > FRT-myr::smGFPFLAG in su(Hw)attP1/TM2', objective: 'Plan-Apochromat 63x/1.40 Oil DIC M27', mounting protocol: 'DPX PBS Mounting', slide_code: '20130725_20_G5', age: 'Day 1-5'	expression pattern fragment
63x-Brain-1920233952296042594	JRC_SS00323_Brain_20130730_19_C3_63x	female organism|adult brain|P{R24F06-GAL4.DBD} ∩ P{R55F02-p65.AD} expression pattern	JRC2018Unisex_c	SS00323|GMR_SS00323|JRC_SS00323	FlyLightRaw:SS00323|FlyLightRawSlideCode:20130730_19_C3|jrc_slide_code_api:20130730_19_C3	tile(s): 'left_optic_lobe, right_optic_lobe (partial brain image, check tile names for imaged regions)', effector genotype: 'R57C10-Flp2::PEST in attp18;;pJFRC210-10XUAS-FRT>STOP>FRT-myr::smGFP-OLLAS in attP2, pJFRC201-10XUAS-FRT>STOP>FRT-myr::smGFP-HA in VK00005, pJFRC240-10XUAS-FRT>STOP>FRT-myr::smGFP-V5-THS-10XUAS-FRT>STOP>FRT-myr::smGFP-FLAG in su(Hw)attP1/ TM2', objective: 'Plan-Apochromat 63x/1.40 Oil DIC M27', mounting protocol: 'DPX PBS Mounting', slide_code: '20130730_19_C3', age: 'Day 1-5'	expression pattern fragment
63x-Brain-1920233955982835810	JRC_SS00323_Brain_20130730_19_C5_63x	female organism|adult brain|P{R24F06-GAL4.DBD} ∩ P{R55F02-p65.AD} expression pattern	JRC2018Unisex_c	SS00323|GMR_SS00323|JRC_SS00323	FlyLightRaw:SS00323|FlyLightRawSlideCode:20130730_19_C5|jrc_slide_code_api:20130730_19_C5	tile(s): 'left_optic_lobe, right_optic_lobe (partial brain image, check tile names for imaged regions)', effector genotype: 'R57C10-Flp2::PEST in attp18;;pJFRC210-10XUAS-FRT>STOP>FRT-myr::smGFP-OLLAS in attP2, pJFRC201-10XUAS-FRT>STOP>FRT-myr::smGFP-HA in VK00005, pJFRC240-10XUAS-FRT>STOP>FRT-myr::smGFP-V5-THS-10XUAS-FRT>STOP>FRT-myr::smGFP-FLAG in su(Hw)attP1/ TM2', objective: 'Plan-Apochromat 63x/1.40 Oil DIC M27', mounting protocol: 'DPX PBS Mounting', slide_code: '20130730_19_C5', age: 'Day 1-5'	expression pattern fragment
63x-Brain-1920233958633635938	JRC_SS00323_Brain_20130730_19_C7_63x	female organism|adult brain|P{R24F06-GAL4.DBD} ∩ P{R55F02-p65.AD} expression pattern	JRC2018Unisex_c	SS00323|GMR_SS00323|JRC_SS00323	FlyLightRaw:SS00323|FlyLightRawSlideCode:20130730_19_C7|jrc_slide_code_api:20130730_19_C7	tile(s): 'left_optic_lobe, right_optic_lobe (partial brain image, check tile names for imaged regions)', effector genotype: 'R57C10-Flp2::PEST in attp18;;pJFRC210-10XUAS-FRT>STOP>FRT-myr::smGFP-OLLAS in attP2, pJFRC201-10XUAS-FRT>STOP>FRT-myr::smGFP-HA in VK00005, pJFRC240-10XUAS-FRT>STOP>FRT-myr::smGFP-V5-THS-10XUAS-FRT>STOP>FRT-myr::smGFP-FLAG in su(Hw)attP1/ TM2', objective: 'Plan-Apochromat 63x/1.40 Oil DIC M27', mounting protocol: 'DPX PBS Mounting', slide_code: '20130730_19_C7', age: 'Day 1-5'	expression pattern fragment
63x-Brain-1920233966267269218	JRC_SS00323_Brain_20130730_19_D5_63x	female organism|adult brain|P{R24F06-GAL4.DBD} ∩ P{R55F02-p65.AD} expression pattern	JRC2018Unisex_c	SS00323|GMR_SS00323|JRC_SS00323	FlyLightRaw:SS00323|FlyLightRawSlideCode:20130730_19_D5|jrc_slide_code_api:20130730_19_D5	tile(s): 'left_optic_lobe, right_optic_lobe (partial brain image, check tile names for imaged regions)', effector genotype: 'R57C10-Flp2::PEST in attp18;;pJFRC210-10XUAS-FRT>STOP>FRT-myr::smGFP-OLLAS in attP2, pJFRC201-10XUAS-FRT>STOP>FRT-myr::smGFP-HA in VK00005, pJFRC240-10XUAS-FRT>STOP>FRT-myr::smGFP-V5-THS-10XUAS-FRT>STOP>FRT-myr::smGFP-FLAG in su(Hw)attP1/ TM2', objective: 'Plan-Apochromat 63x/1.40 Oil DIC M27', mounting protocol: 'DPX PBS Mounting', slide_code: '20130730_19_D5', age: 'Day 1-5'	expression pattern fragment
63x-Brain-1939998974148608098	JRC_SS00657_Brain_20130805_20_C2_63x	male organism|adult brain|P{R55B04-GAL4.DBD} ∩ P{R23E12-p65.AD} expression pattern	JRC2018Unisex_c	SS00657|GMR_SS00657|JRC_SS00657	FlyLightRaw:SS00657|FlyLightRawSlideCode:20130805_20_C2|jrc_slide_code_api:20130805_20_C2	tile(s): 'left_dorsal, left_optic_lobe, ventral (partial brain image, check tile names for imaged regions)', effector genotype: 'pBPhsFlp2::PEST in attP3;; pJFRC201-10XUAS-FRT>STOP>FRT-myr::smGFP-HA in VK00005,pJFRC240-10XUAS-FRT>STOP>FRT-myr::smGFP-V5-THS-10XUAS-FRT>STOP>FRT-myr::smGFP-FLAG in su(Hw)attP1/ TM3, Sb', objective: 'Plan-Apochromat 63x/1.40 Oil DIC M27', mounting protocol: 'DPX PBS Mounting', slide_code: '20130805_20_C2', age: 'Adult'	expression pattern fragment
63x-Brain-1920639165351854178	JRC_SS00321_Brain_20130814_19_B1_63x	female organism|adult brain|P{R75H08-GAL4.DBD} ∩ P{R53E04-p65.AD} expression pattern	JRC2018Unisex_c	SS00321|GMR_SS00321|JRC_SS00321	FlyLightSplit:SS00321|FlyLightSplitSlideCode:20130814_19_B1|jrc_slide_code_api:20130814_19_B1|neuronbridge:SS00321	tile(s): 'right_optic_lobe (partial brain image, check tile names for imaged regions)', effector genotype: 'R57C10-Flp2::PEST in attp18;;pJFRC210-10XUAS-FRT>STOP>FRT-myr::smGFP-OLLAS in attP2, pJFRC201-10XUAS-FRT>STOP>FRT-myr::smGFP-HA in VK00005, pJFRC240-10XUAS-FRT>STOP>FRT-myr::smGFP-V5-THS-10XUAS-FRT>STOP>FRT-myr::smGFP-FLAG in su(Hw)attP1/ TM2', objective: 'Plan-Apochromat 63x/1.40 Oil DIC M27', mounting protocol: 'DPX PBS Mounting', slide_code: '20130814_19_B1', age: 'Adult'	expression pattern fragment
63x-Brain-1920234506216800354	JRC_SS00317_Brain_20130823_19_C1_63x	female organism|adult brain|P{R53C05-GAL4.DBD} ∩ P{R52B07-p65.AD} expression pattern	JRC2018Unisex_c	SS00317|GMR_SS00317|JRC_SS00317	FlyLightRaw:SS00317|FlyLightRawSlideCode:20130823_19_C1|jrc_slide_code_api:20130823_19_C1	tile(s): 'left_optic_lobe, right_optic_lobe (partial brain image, check tile names for imaged regions)', effector genotype: 'w, R57C10-FlpL in su(Hw)attp8;; pJFRC210-10XUASFRT >STOP > FRT- myr::smGFP-OLLAS in attP2, pJFRC201- 10XUAS- FRT>STOP > FRT-myr::smGFP-HA in VK00005, pJFRC240-10XUAS-FRT>STOP > FRT-myr::smGFP- V5-THS10XUAS-FRT>STOP > FRT-myr::smGFPFLAG in su(Hw)attP1/TM2', objective: 'Plan-Apochromat 63x/1.40 Oil DIC M27', mounting protocol: 'DPX PBS Mounting', slide_code: '20130823_19_C1', age: 'Adult'	expression pattern fragment
63x-Brain-1920234507739332706	JRC_SS00317_Brain_20130823_19_C2_63x	female organism|adult brain|P{R53C05-GAL4.DBD} ∩ P{R52B07-p65.AD} expression pattern	JRC2018Unisex_c	SS00317|GMR_SS00317|JRC_SS00317	FlyLightRaw:SS00317|FlyLightRawSlideCode:20130823_19_C2|jrc_slide_code_api:20130823_19_C2	tile(s): 'left_optic_lobe (partial brain image, check tile names for imaged regions)', effector genotype: 'w, R57C10-FlpL in su(Hw)attp8;; pJFRC210-10XUASFRT >STOP > FRT- myr::smGFP-OLLAS in attP2, pJFRC201- 10XUAS- FRT>STOP > FRT-myr::smGFP-HA in VK00005, pJFRC240-10XUAS-FRT>STOP > FRT-myr::smGFP- V5-THS10XUAS-FRT>STOP > FRT-myr::smGFPFLAG in su(Hw)attP1/TM2', objective: 'Plan-Apochromat 63x/1.40 Oil DIC M27', mounting protocol: 'DPX PBS Mounting', slide_code: '20130823_19_C2', age: 'Adult'	expression pattern fragment
63x-Brain-1920234510801174626	JRC_SS00317_Brain_20130823_19_C6_63x	female organism|adult brain|P{R53C05-GAL4.DBD} ∩ P{R52B07-p65.AD} expression pattern	JRC2018Unisex_c	SS00317|GMR_SS00317|JRC_SS00317	FlyLightRaw:SS00317|FlyLightRawSlideCode:20130823_19_C6|jrc_slide_code_api:20130823_19_C6	tile(s): 'left_optic_lobe, right_optic_lobe (partial brain image, check tile names for imaged regions)', effector genotype: 'w, R57C10-FlpL in su(Hw)attp8;; pJFRC210-10XUASFRT >STOP > FRT- myr::smGFP-OLLAS in attP2, pJFRC201- 10XUAS- FRT>STOP > FRT-myr::smGFP-HA in VK00005, pJFRC240-10XUAS-FRT>STOP > FRT-myr::smGFP- V5-THS10XUAS-FRT>STOP > FRT-myr::smGFPFLAG in su(Hw)attP1/TM2', objective: 'Plan-Apochromat 63x/1.40 Oil DIC M27', mounting protocol: 'DPX PBS Mounting', slide_code: '20130823_19_C6', age: 'Adult'	expression pattern fragment
63x-Brain-1919113356795445346	JRC_SS00355_Brain_20130823_31_C3_63x	female organism|adult brain|P{R81G11-GAL4.DBD} ∩ P{R41E03-p65.AD} expression pattern	JRC2018Unisex_c	SS00355|GMR_SS00355|JRC_SS00355	FlyLightRaw:SS00355|FlyLightRawSlideCode:20130823_31_C3|jrc_slide_code_api:20130823_31_C3	tile(s): 'left_optic_lobe, right_optic_lobe (partial brain image, check tile names for imaged regions)', effector genotype: 'w;;pJFRC225-5XUAS-IVS-myr::smFLAG in VK00005, pJFRC51-3XUAS-IVS-Syt::smHA in su(Hw)attP1', objective: 'Plan-Apochromat 63x/1.4 Oil DIC M27', mounting protocol: 'DPX PBS Mounting', slide_code: '20130823_31_C3', age: 'Day 1-5'	expression pattern fragment
63x-Brain-1919113359031009378	JRC_SS00355_Brain_20130823_31_C5_63x	female organism|adult brain|P{R81G11-GAL4.DBD} ∩ P{R41E03-p65.AD} expression pattern	JRC2018Unisex_c	SS00355|GMR_SS00355|JRC_SS00355	FlyLightSplit:SS00355|FlyLightSplitSlideCode:20130823_31_C5|jrc_slide_code_api:20130823_31_C5|neuronbridge:SS00355	tile(s): 'right_optic_lobe (partial brain image, check tile names for imaged regions)', effector genotype: 'w;;pJFRC225-5XUAS-IVS-myr::smFLAG in VK00005, pJFRC51-3XUAS-IVS-Syt::smHA in su(Hw)attP1', objective: 'Plan-Apochromat 63x/1.4 Oil DIC M27', mounting protocol: 'DPX PBS Mounting', slide_code: '20130823_31_C5', age: 'Day 1-5'	expression pattern fragment
63x-Brain-1927525991228375138	JRC_SS00355_Brain_20130828_19_H1_63x	female organism|adult brain|P{R81G11-GAL4.DBD} ∩ P{R41E03-p65.AD} expression pattern	JRC2018Unisex_c	SS00355|GMR_SS00355|JRC_SS00355	FlyLightRaw:SS00355|FlyLightRawSlideCode:20130828_19_H1|jrc_slide_code_api:20130828_19_H1	tile(s): 'left_optic_lobe, right_optic_lobe (partial brain image, check tile names for imaged regions)', effector genotype: 'R57C10-Flp2::PEST in attp18;;pJFRC210-10XUAS-FRT>STOP>FRT-myr::smGFP-OLLAS in attP2, pJFRC201-10XUAS-FRT>STOP>FRT-myr::smGFP-HA in VK00005, pJFRC240-10XUAS-FRT>STOP>FRT-myr::smGFP-V5-THS-10XUAS-FRT>STOP>FRT-myr::smGFP-FLAG in su(Hw)attP1/ TM2', objective: 'Plan-Apochromat 63x/1.40 Oil DIC M27', mounting protocol: 'DPX PBS Mounting', slide_code: '20130828_19_H1', age: 'Adult'	expression pattern fragment
63x-Brain-1931809240960204898	JRC_SS00796_Brain_20130904_31_J3_63x	female organism|adult brain|P{R74G01-GAL4.DBD} ∩ P{R41G07-p65.AD} expression pattern	JRC2018Unisex_c	SS00796|GMR_SS00796|JRC_SS00796	FlyLightSplit:SS00796|FlyLightSplitSlideCode:20130904_31_J3|jrc_slide_code_api:20130904_31_J3|neuronbridge:SS00796	tile(s): 'right_optic_lobe (partial brain image, check tile names for imaged regions)', effector genotype: 'w;;pJFRC225-5XUAS-IVS-myr::smFLAG in VK00005, pJFRC51-3XUAS-IVS-Syt::smHA in su(Hw)attP1', objective: 'Plan-Apochromat 63x/1.4 Oil DIC M27', mounting protocol: 'DPX PBS Mounting', slide_code: '20130904_31_J3', age: 'Day 1-5'	expression pattern fragment
63x-Brain-1931809249071988834	JRC_SS00796_Brain_20130904_31_J4_63x	female organism|adult brain|P{R74G01-GAL4.DBD} ∩ P{R41G07-p65.AD} expression pattern	JRC2018Unisex_c	SS00796|GMR_SS00796|JRC_SS00796	FlyLightSplit:SS00796|FlyLightSplitSlideCode:20130904_31_J4|jrc_slide_code_api:20130904_31_J4|neuronbridge:SS00796	tile(s): 'left_optic_lobe (partial brain image, check tile names for imaged regions)', effector genotype: 'w;;pJFRC225-5XUAS-IVS-myr::smFLAG in VK00005, pJFRC51-3XUAS-IVS-Syt::smHA in su(Hw)attP1', objective: 'Plan-Apochromat 63x/1.4 Oil DIC M27', mounting protocol: 'DPX PBS Mounting', slide_code: '20130904_31_J4', age: 'Day 1-5'	expression pattern fragment
63x-Brain-1931809250368028770	JRC_SS00796_Brain_20130904_31_J5_63x	female organism|adult brain|P{R74G01-GAL4.DBD} ∩ P{R41G07-p65.AD} expression pattern	JRC2018Unisex_c	SS00796|GMR_SS00796|JRC_SS00796	FlyLightRaw:SS00796|FlyLightRawSlideCode:20130904_31_J5|jrc_slide_code_api:20130904_31_J5	tile(s): 'left_optic_lobe (partial brain image, check tile names for imaged regions)', effector genotype: 'w;;pJFRC225-5XUAS-IVS-myr::smFLAG in VK00005, pJFRC51-3XUAS-IVS-Syt::smHA in su(Hw)attP1', objective: 'Plan-Apochromat 63x/1.4 Oil DIC M27', mounting protocol: 'DPX PBS Mounting', slide_code: '20130904_31_J5', age: 'Day 1-5'	expression pattern fragment
63x-Brain-1931811295665848418	JRC_SS00796_Brain_20130926_19_E1_63x	female organism|adult brain|P{R74G01-GAL4.DBD} ∩ P{R41G07-p65.AD} expression pattern	JRC2018Unisex_c	SS00796|GMR_SS00796|JRC_SS00796	FlyLightRaw:SS00796|FlyLightRawSlideCode:20130926_19_E1|jrc_slide_code_api:20130926_19_E1	tile(s): 'left_optic_lobe, right_optic_lobe (partial brain image, check tile names for imaged regions)', effector genotype: 'w, R57C10-FlpL in su(Hw)attp8;; pJFRC210-10XUASFRT >STOP > FRT- myr::smGFP-OLLAS in attP2, pJFRC201- 10XUAS- FRT>STOP > FRT-myr::smGFP-HA in VK00005, pJFRC240-10XUAS-FRT>STOP > FRT-myr::smGFP- V5-THS10XUAS-FRT>STOP > FRT-myr::smGFPFLAG in su(Hw)attP1/TM2', objective: 'Plan-Apochromat 63x/1.4 Oil DIC M27', mounting protocol: 'DPX PBS Mounting', slide_code: '20130926_19_E1', age: 'Adult'	expression pattern fragment
63x-Brain-1931811297763000418	JRC_SS00796_Brain_20130926_19_E3_63x	female organism|adult brain|P{R74G01-GAL4.DBD} ∩ P{R41G07-p65.AD} expression pattern	JRC2018Unisex_c	SS00796|GMR_SS00796|JRC_SS00796	FlyLightRaw:SS00796|FlyLightRawSlideCode:20130926_19_E3|jrc_slide_code_api:20130926_19_E3	tile(s): 'left_optic_lobe, right_optic_lobe (partial brain image, check tile names for imaged regions)', effector genotype: 'w, R57C10-FlpL in su(Hw)attp8;; pJFRC210-10XUASFRT >STOP > FRT- myr::smGFP-OLLAS in attP2, pJFRC201- 10XUAS- FRT>STOP > FRT-myr::smGFP-HA in VK00005, pJFRC240-10XUAS-FRT>STOP > FRT-myr::smGFP- V5-THS10XUAS-FRT>STOP > FRT-myr::smGFPFLAG in su(Hw)attP1/TM2', objective: 'Plan-Apochromat 63x/1.4 Oil DIC M27', mounting protocol: 'DPX PBS Mounting', slide_code: '20130926_19_E3', age: 'Adult'	expression pattern fragment
63x-Brain-1931811300116004962	JRC_SS00796_Brain_20130926_19_E6_63x	female organism|adult brain|P{R74G01-GAL4.DBD} ∩ P{R41G07-p65.AD} expression pattern	JRC2018Unisex_c	SS00796|GMR_SS00796|JRC_SS00796	FlyLightRaw:SS00796|FlyLightRawSlideCode:20130926_19_E6|jrc_slide_code_api:20130926_19_E6	tile(s): 'left_optic_lobe, right_optic_lobe (partial brain image, check tile names for imaged regions)', effector genotype: 'w, R57C10-FlpL in su(Hw)attp8;; pJFRC210-10XUASFRT >STOP > FRT- myr::smGFP-OLLAS in attP2, pJFRC201- 10XUAS- FRT>STOP > FRT-myr::smGFP-HA in VK00005, pJFRC240-10XUAS-FRT>STOP > FRT-myr::smGFP- V5-THS10XUAS-FRT>STOP > FRT-myr::smGFPFLAG in su(Hw)attP1/TM2', objective: 'Plan-Apochromat 63x/1.4 Oil DIC M27', mounting protocol: 'DPX PBS Mounting', slide_code: '20130926_19_E6', age: 'Adult'	expression pattern fragment
63x-Brain-1931811302183796834	JRC_SS00796_Brain_20130926_19_E8_63x	female organism|adult brain|P{R74G01-GAL4.DBD} ∩ P{R41G07-p65.AD} expression pattern	JRC2018Unisex_c	SS00796|GMR_SS00796|JRC_SS00796	FlyLightRaw:SS00796|FlyLightRawSlideCode:20130926_19_E8|jrc_slide_code_api:20130926_19_E8	tile(s): 'left_optic_lobe, right_optic_lobe (partial brain image, check tile names for imaged regions)', effector genotype: 'w, R57C10-FlpL in su(Hw)attp8;; pJFRC210-10XUASFRT >STOP > FRT- myr::smGFP-OLLAS in attP2, pJFRC201- 10XUAS- FRT>STOP > FRT-myr::smGFP-HA in VK00005, pJFRC240-10XUAS-FRT>STOP > FRT-myr::smGFP- V5-THS10XUAS-FRT>STOP > FRT-myr::smGFPFLAG in su(Hw)attP1/TM2', objective: 'Plan-Apochromat 63x/1.4 Oil DIC M27', mounting protocol: 'DPX PBS Mounting', slide_code: '20130926_19_E8', age: 'Adult'	expression pattern fragment
63x-Brain-1940002757289181282	JRC_SS00331_Brain_20131007_19_A2_63x	female organism|adult brain|P{R10C06-GAL4.DBD} ∩ P{R71D01-p65.AD} expression pattern	JRC2018Unisex_c	SS00331|GMR_SS00331|JRC_SS00331	FlyLightRaw:SS00331|FlyLightRawSlideCode:20131007_19_A2|jrc_slide_code_api:20131007_19_A2	tile(s): 'left_dorsal, left_optic_lobe, right_dorsal, right_optic_lobe, ventral', effector genotype: 'w, R57C10-FlpL in su(Hw)attp8;; pJFRC210-10XUASFRT >STOP > FRT- myr::smGFP-OLLAS in attP2, pJFRC201- 10XUAS- FRT>STOP > FRT-myr::smGFP-HA in VK00005, pJFRC240-10XUAS-FRT>STOP > FRT-myr::smGFP- V5-THS10XUAS-FRT>STOP > FRT-myr::smGFPFLAG in su(Hw)attP1/TM2', objective: 'Plan-Apochromat 63x/1.40 Oil DIC M27', mounting protocol: 'DPX PBS Mounting', slide_code: '20131007_19_A2', age: 'Day 1-5'	expression pattern fragment
63x-Brain-1935933895019069538	JRC_SS00331_Brain_20131007_19_A3_63x	female organism|adult brain|P{R10C06-GAL4.DBD} ∩ P{R71D01-p65.AD} expression pattern	JRC2018Unisex_c	SS00331|GMR_SS00331|JRC_SS00331	FlyLightRaw:SS00331|FlyLightRawSlideCode:20131007_19_A3|jrc_slide_code_api:20131007_19_A3	tile(s): 'left_optic_lobe, right_optic_lobe (partial brain image, check tile names for imaged regions)', effector genotype: 'w, R57C10-FlpL in su(Hw)attp8;; pJFRC210-10XUASFRT >STOP > FRT- myr::smGFP-OLLAS in attP2, pJFRC201- 10XUAS- FRT>STOP > FRT-myr::smGFP-HA in VK00005, pJFRC240-10XUAS-FRT>STOP > FRT-myr::smGFP- V5-THS10XUAS-FRT>STOP > FRT-myr::smGFPFLAG in su(Hw)attP1/TM2', objective: 'Plan-Apochromat 63x/1.40 Oil DIC M27', mounting protocol: 'DPX PBS Mounting', slide_code: '20131007_19_A3', age: 'Day 1-5'	expression pattern fragment
63x-Brain-1935933897426600034	JRC_SS00331_Brain_20131007_19_A4_63x	female organism|adult brain|P{R10C06-GAL4.DBD} ∩ P{R71D01-p65.AD} expression pattern	JRC2018Unisex_c	SS00331|GMR_SS00331|JRC_SS00331	FlyLightRaw:SS00331|FlyLightRawSlideCode:20131007_19_A4|jrc_slide_code_api:20131007_19_A4	tile(s): 'left_optic_lobe, right_optic_lobe (partial brain image, check tile names for imaged regions)', effector genotype: 'w, R57C10-FlpL in su(Hw)attp8;; pJFRC210-10XUASFRT >STOP > FRT- myr::smGFP-OLLAS in attP2, pJFRC201- 10XUAS- FRT>STOP > FRT-myr::smGFP-HA in VK00005, pJFRC240-10XUAS-FRT>STOP > FRT-myr::smGFP- V5-THS10XUAS-FRT>STOP > FRT-myr::smGFPFLAG in su(Hw)attP1/TM2', objective: 'Plan-Apochromat 63x/1.40 Oil DIC M27', mounting protocol: 'DPX PBS Mounting', slide_code: '20131007_19_A4', age: 'Day 1-5'	expression pattern fragment
63x-Brain-1935933899527946338	JRC_SS00331_Brain_20131007_19_A5_63x	female organism|adult brain|P{R10C06-GAL4.DBD} ∩ P{R71D01-p65.AD} expression pattern	JRC2018Unisex_c	SS00331|GMR_SS00331|JRC_SS00331	FlyLightRaw:SS00331|FlyLightRawSlideCode:20131007_19_A5|jrc_slide_code_api:20131007_19_A5	tile(s): 'left_optic_lobe (partial brain image, check tile names for imaged regions)', effector genotype: 'w, R57C10-FlpL in su(Hw)attp8;; pJFRC210-10XUASFRT >STOP > FRT- myr::smGFP-OLLAS in attP2, pJFRC201- 10XUAS- FRT>STOP > FRT-myr::smGFP-HA in VK00005, pJFRC240-10XUAS-FRT>STOP > FRT-myr::smGFP- V5-THS10XUAS-FRT>STOP > FRT-myr::smGFPFLAG in su(Hw)attP1/TM2', objective: 'Plan-Apochromat 63x/1.40 Oil DIC M27', mounting protocol: 'DPX PBS Mounting', slide_code: '20131007_19_A5', age: 'Day 1-5'	expression pattern fragment
63x-Brain-1958767055024947298	JRC_SS00974_Brain_20131217_32_F3_63x	female organism|adult brain|P{R31B08-GAL4.DBD} ∩ P{R73F07-p65.AD} expression pattern	JRC2018Unisex_c	SS00974|GMR_SS00974|JRC_SS00974	FlyLightSplit:SS00974|FlyLightSplitSlideCode:20131217_32_F3|jrc_slide_code_api:20131217_32_F3|neuronbridge:SS00974	tile(s): 'right_optic_lobe (partial brain image, check tile names for imaged regions)', effector genotype: 'w;;pJFRC225-5XUAS-IVS-myr::smFLAG in VK00005, pJFRC51-3XUAS-IVS-Syt::smHA in su(Hw)attP1', objective: 'Plan-Apochromat 63x/1.4 Oil DIC M27', mounting protocol: 'DPX PBS Mounting', slide_code: '20131217_32_F3', age: 'Day 1-5'	expression pattern fragment
63x-Brain-1966381708961906786	JRC_SS00974_Brain_20131220_31_E2_63x	female organism|adult brain|P{R31B08-GAL4.DBD} ∩ P{R73F07-p65.AD} expression pattern	JRC2018Unisex_c	SS00974|GMR_SS00974|JRC_SS00974	FlyLightRaw:SS00974|FlyLightRawSlideCode:20131220_31_E2|jrc_slide_code_api:20131220_31_E2	tile(s): 'left_optic_lobe, right_optic_lobe (partial brain image, check tile names for imaged regions)', effector genotype: 'w;;pJFRC225-5XUAS-IVS-myr::smFLAG in VK00005, pJFRC51-3XUAS-IVS-Syt::smHA in su(Hw)attP1', objective: 'Plan-Apochromat 63x/1.4 Oil DIC M27', mounting protocol: 'DPX PBS Mounting', slide_code: '20131220_31_E2', age: 'Day 1-5'	expression pattern fragment
63x-Brain-1969279121758355554	JRC_SS00384_Brain_20131230_32_E3_63x	female organism|adult brain|P{R87B02-GAL4.DBD} ∩ P{R84F02-p65.AD} expression pattern	JRC2018Unisex_c	SS00384|GMR_SS00384|JRC_SS00384	FlyLightSplit:SS00384|FlyLightSplitSlideCode:20131230_32_E3|jrc_slide_code_api:20131230_32_E3|neuronbridge:SS00384	tile(s): 'left_optic_lobe (partial brain image, check tile names for imaged regions)', effector genotype: 'w;;pJFRC225-5XUAS-IVS-myr::smFLAG in VK00005, pJFRC51-3XUAS-IVS-Syt::smHA in su(Hw)attP1', objective: 'Plan-Apochromat 63x/1.4 Oil DIC M27', mounting protocol: 'DPX PBS Mounting', slide_code: '20131230_32_E3', age: 'Day 1-5'	expression pattern fragment
63x-Brain-1969279132239921250	JRC_SS00384_Brain_20131230_32_E5_63x	female organism|adult brain|P{R87B02-GAL4.DBD} ∩ P{R84F02-p65.AD} expression pattern	JRC2018Unisex_c	SS00384|GMR_SS00384|JRC_SS00384	FlyLightRaw:SS00384|FlyLightRawSlideCode:20131230_32_E5|jrc_slide_code_api:20131230_32_E5	tile(s): 'right_optic_lobe (partial brain image, check tile names for imaged regions)', effector genotype: 'w;;pJFRC225-5XUAS-IVS-myr::smFLAG in VK00005, pJFRC51-3XUAS-IVS-Syt::smHA in su(Hw)attP1', objective: 'Plan-Apochromat 63x/1.4 Oil DIC M27', mounting protocol: 'DPX PBS Mounting', slide_code: '20131230_32_E5', age: 'Day 1-5'	expression pattern fragment
63x-Brain-1969285774339735650	JRC_SS00307_Brain_20140115_19_F2_63x	female organism|adult brain|P{R70B08-GAL4.DBD} ∩ P{R24C08-p65.AD} expression pattern	JRC2018Unisex_c	SS00307|GMR_SS00307|JRC_SS00307	FlyLightSplit:SS00307|FlyLightSplitSlideCode:20140115_19_F2|jrc_slide_code_api:20140115_19_F2|neuronbridge:SS00307	tile(s): 'right_optic_lobe (partial brain image, check tile names for imaged regions)', effector genotype: 'pBPhsFlp2::PEST in attP3;; pJFRC201-10XUAS-FRT>STOP>FRT-myr::smGFP-HA in VK00005,pJFRC240-10XUAS-FRT>STOP>FRT-myr::smGFP-V5-THS-10XUAS-FRT>STOP>FRT-myr::smGFP-FLAG in su(Hw)attP1/ TM3, Sb', objective: 'Plan-Apochromat 63x/1.40 Oil DIC M27', mounting protocol: 'DPX PBS Mounting', slide_code: '20140115_19_F2', age: 'Adult'	expression pattern fragment
63x-Brain-1971526342168019042	JRC_SS00811_Brain_20140115_19_J1_63x	female organism|adult brain|P{R82F12-GAL4.DBD} ∩ P{R28D05-p65.AD} expression pattern	JRC2018Unisex_c	SS00811|GMR_SS00811|JRC_SS00811	FlyLightRaw:SS00811|FlyLightRawSlideCode:20140115_19_J1|jrc_slide_code_api:20140115_19_J1	tile(s): 'right_optic_lobe (partial brain image, check tile names for imaged regions)', effector genotype: 'pBPhsFlp2::PEST in attP3;; pJFRC201-10XUAS-FRT>STOP>FRT-myr::smGFP-HA in VK00005,pJFRC240-10XUAS-FRT>STOP>FRT-myr::smGFP-V5-THS-10XUAS-FRT>STOP>FRT-myr::smGFP-FLAG in su(Hw)attP1/ TM3, Sb', objective: 'Plan-Apochromat 63x/1.40 Oil DIC M27', mounting protocol: 'DPX PBS Mounting', slide_code: '20140115_19_J1', age: 'Adult'	expression pattern fragment
63x-Brain-1971526345217278050	JRC_SS00811_Brain_20140115_19_J7_63x	female organism|adult brain|P{R82F12-GAL4.DBD} ∩ P{R28D05-p65.AD} expression pattern	JRC2018Unisex_c	SS00811|GMR_SS00811|JRC_SS00811	FlyLightRaw:SS00811|FlyLightRawSlideCode:20140115_19_J7|jrc_slide_code_api:20140115_19_J7	tile(s): 'left_optic_lobe (partial brain image, check tile names for imaged regions)', effector genotype: 'pBPhsFlp2::PEST in attP3;; pJFRC201-10XUAS-FRT>STOP>FRT-myr::smGFP-HA in VK00005,pJFRC240-10XUAS-FRT>STOP>FRT-myr::smGFP-V5-THS-10XUAS-FRT>STOP>FRT-myr::smGFP-FLAG in su(Hw)attP1/ TM3, Sb', objective: 'Plan-Apochromat 63x/1.40 Oil DIC M27', mounting protocol: 'DPX PBS Mounting', slide_code: '20140115_19_J7', age: 'Adult'	expression pattern fragment
63x-Brain-1971526347045994594	JRC_SS00811_Brain_20140115_19_J8_63x	female organism|adult brain|P{R82F12-GAL4.DBD} ∩ P{R28D05-p65.AD} expression pattern	JRC2018Unisex_c	SS00811|GMR_SS00811|JRC_SS00811	FlyLightRaw:SS00811|FlyLightRawSlideCode:20140115_19_J8|jrc_slide_code_api:20140115_19_J8	tile(s): 'right_optic_lobe (partial brain image, check tile names for imaged regions)', effector genotype: 'pBPhsFlp2::PEST in attP3;; pJFRC201-10XUAS-FRT>STOP>FRT-myr::smGFP-HA in VK00005,pJFRC240-10XUAS-FRT>STOP>FRT-myr::smGFP-V5-THS-10XUAS-FRT>STOP>FRT-myr::smGFP-FLAG in su(Hw)attP1/ TM3, Sb', objective: 'Plan-Apochromat 63x/1.40 Oil DIC M27', mounting protocol: 'DPX PBS Mounting', slide_code: '20140115_19_J8', age: 'Adult'	expression pattern fragment
63x-Brain-1971526366083940450	JRC_SS00384_Brain_20140116_19_C1_63x	female organism|adult brain|P{R87B02-GAL4.DBD} ∩ P{R84F02-p65.AD} expression pattern	JRC2018Unisex_c	SS00384|GMR_SS00384|JRC_SS00384	FlyLightRaw:SS00384|FlyLightRawSlideCode:20140116_19_C1|jrc_slide_code_api:20140116_19_C1	tile(s): 'right_optic_lobe (partial brain image, check tile names for imaged regions)', effector genotype: 'pBPhsFlp2::PEST in attP3;; pJFRC201-10XUAS-FRT>STOP>FRT-myr::smGFP-HA in VK00005,pJFRC240-10XUAS-FRT>STOP>FRT-myr::smGFP-V5-THS-10XUAS-FRT>STOP>FRT-myr::smGFP-FLAG in su(Hw)attP1/ TM3, Sb', objective: 'Plan-Apochromat 63x/1.40 Oil DIC M27', mounting protocol: 'DPX PBS Mounting', slide_code: '20140116_19_C1', age: 'Adult'	expression pattern fragment
63x-Brain-1971526368730546274	JRC_SS00384_Brain_20140116_19_C3_63x	female organism|adult brain|P{R87B02-GAL4.DBD} ∩ P{R84F02-p65.AD} expression pattern	JRC2018Unisex_c	SS00384|GMR_SS00384|JRC_SS00384	FlyLightRaw:SS00384|FlyLightRawSlideCode:20140116_19_C3|jrc_slide_code_api:20140116_19_C3	tile(s): 'left_optic_lobe (partial brain image, check tile names for imaged regions)', effector genotype: 'pBPhsFlp2::PEST in attP3;; pJFRC201-10XUAS-FRT>STOP>FRT-myr::smGFP-HA in VK00005,pJFRC240-10XUAS-FRT>STOP>FRT-myr::smGFP-V5-THS-10XUAS-FRT>STOP>FRT-myr::smGFP-FLAG in su(Hw)attP1/ TM3, Sb', objective: 'Plan-Apochromat 63x/1.40 Oil DIC M27', mounting protocol: 'DPX PBS Mounting', slide_code: '20140116_19_C3', age: 'Adult'	expression pattern fragment
63x-Brain-1971526370919972962	JRC_SS00384_Brain_20140116_19_C5_63x	female organism|adult brain|P{R87B02-GAL4.DBD} ∩ P{R84F02-p65.AD} expression pattern	JRC2018Unisex_c	SS00384|GMR_SS00384|JRC_SS00384	FlyLightRaw:SS00384|FlyLightRawSlideCode:20140116_19_C5|jrc_slide_code_api:20140116_19_C5	tile(s): 'right_optic_lobe (partial brain image, check tile names for imaged regions)', effector genotype: 'pBPhsFlp2::PEST in attP3;; pJFRC201-10XUAS-FRT>STOP>FRT-myr::smGFP-HA in VK00005,pJFRC240-10XUAS-FRT>STOP>FRT-myr::smGFP-V5-THS-10XUAS-FRT>STOP>FRT-myr::smGFP-FLAG in su(Hw)attP1/ TM3, Sb', objective: 'Plan-Apochromat 63x/1.40 Oil DIC M27', mounting protocol: 'DPX PBS Mounting', slide_code: '20140116_19_C5', age: 'Adult'	expression pattern fragment
63x-Brain-1973267160310480994	JRC_SS00308_Brain_20140124_19_A1_63x	female organism|adult brain|P{R72G03-GAL4.DBD} ∩ P{R26A08-p65.AD} expression pattern	JRC2018Unisex_c	SS00308|GMR_SS00308|JRC_SS00308	FlyLightRaw:SS00308|FlyLightRawSlideCode:20140124_19_A1|jrc_slide_code_api:20140124_19_A1	tile(s): 'right_optic_lobe (partial brain image, check tile names for imaged regions)', effector genotype: 'pBPhsFlp2::PEST in attP3;; pJFRC201-10XUAS-FRT>STOP>FRT-myr::smGFP-HA in VK00005,pJFRC240-10XUAS-FRT>STOP>FRT-myr::smGFP-V5-THS-10XUAS-FRT>STOP>FRT-myr::smGFP-FLAG in su(Hw)attP1/ TM3, Sb', objective: 'Plan-Apochromat 63x/1.40 Oil DIC M27', mounting protocol: 'DPX PBS Mounting', slide_code: '20140124_19_A1', age: 'Adult'	expression pattern fragment
63x-Brain-1973267161757515874	JRC_SS00308_Brain_20140124_19_A2_63x	female organism|adult brain|P{R72G03-GAL4.DBD} ∩ P{R26A08-p65.AD} expression pattern	JRC2018Unisex_c	SS00308|GMR_SS00308|JRC_SS00308	FlyLightSplit:SS00308|FlyLightSplitSlideCode:20140124_19_A2|jrc_slide_code_api:20140124_19_A2|neuronbridge:SS00308	tile(s): 'right_optic_lobe (partial brain image, check tile names for imaged regions)', effector genotype: 'pBPhsFlp2::PEST in attP3;; pJFRC201-10XUAS-FRT>STOP>FRT-myr::smGFP-HA in VK00005,pJFRC240-10XUAS-FRT>STOP>FRT-myr::smGFP-V5-THS-10XUAS-FRT>STOP>FRT-myr::smGFP-FLAG in su(Hw)attP1/ TM3, Sb', objective: 'Plan-Apochromat 63x/1.40 Oil DIC M27', mounting protocol: 'DPX PBS Mounting', slide_code: '20140124_19_A2', age: 'Adult'	expression pattern fragment
63x-Brain-1973267164907438178	JRC_SS00308_Brain_20140124_19_A5_63x	female organism|adult brain|P{R72G03-GAL4.DBD} ∩ P{R26A08-p65.AD} expression pattern	JRC2018Unisex_c	SS00308|GMR_SS00308|JRC_SS00308	FlyLightRaw:SS00308|FlyLightRawSlideCode:20140124_19_A5|jrc_slide_code_api:20140124_19_A5	tile(s): 'right_optic_lobe (partial brain image, check tile names for imaged regions)', effector genotype: 'pBPhsFlp2::PEST in attP3;; pJFRC201-10XUAS-FRT>STOP>FRT-myr::smGFP-HA in VK00005,pJFRC240-10XUAS-FRT>STOP>FRT-myr::smGFP-V5-THS-10XUAS-FRT>STOP>FRT-myr::smGFP-FLAG in su(Hw)attP1/ TM3, Sb', objective: 'Plan-Apochromat 63x/1.40 Oil DIC M27', mounting protocol: 'DPX PBS Mounting', slide_code: '20140124_19_A5', age: 'Adult'	expression pattern fragment
63x-Brain-1973267167520489570	JRC_SS00308_Brain_20140124_19_A8_63x	female organism|adult brain|P{R72G03-GAL4.DBD} ∩ P{R26A08-p65.AD} expression pattern	JRC2018Unisex_c	SS00308|GMR_SS00308|JRC_SS00308	FlyLightRaw:SS00308|FlyLightRawSlideCode:20140124_19_A8|jrc_slide_code_api:20140124_19_A8	tile(s): 'right_optic_lobe (partial brain image, check tile names for imaged regions)', effector genotype: 'pBPhsFlp2::PEST in attP3;; pJFRC201-10XUAS-FRT>STOP>FRT-myr::smGFP-HA in VK00005,pJFRC240-10XUAS-FRT>STOP>FRT-myr::smGFP-V5-THS-10XUAS-FRT>STOP>FRT-myr::smGFP-FLAG in su(Hw)attP1/ TM3, Sb', objective: 'Plan-Apochromat 63x/1.40 Oil DIC M27', mounting protocol: 'DPX PBS Mounting', slide_code: '20140124_19_A8', age: 'Adult'	expression pattern fragment
63x-Brain-1984100576752828514	JRC_SS00689_Brain_20140124_20_B1_63x	female organism|adult brain|P{R15G08-GAL4.DBD} ∩ P{R11G01-p65.AD} expression pattern	JRC2018Unisex_c	SS00689|GMR_SS00689|JRC_SS00689	FlyLightRaw:SS00689|FlyLightRawSlideCode:20140124_20_B1|jrc_slide_code_api:20140124_20_B1	tile(s): 'right_optic_lobe (partial brain image, check tile names for imaged regions)', effector genotype: 'pBPhsFlp2::PEST in attP3;; pJFRC201-10XUAS-FRT>STOP>FRT-myr::smGFP-HA in VK00005,pJFRC240-10XUAS-FRT>STOP>FRT-myr::smGFP-V5-THS-10XUAS-FRT>STOP>FRT-myr::smGFP-FLAG in su(Hw)attP1/ TM3, Sb', objective: 'Plan-Apochromat 63x/1.40 Oil DIC M27', mounting protocol: 'DPX PBS Mounting', slide_code: '20140124_20_B1', age: 'Adult'	expression pattern fragment
63x-Brain-1977172432926015586	JRC_SS00689_Brain_20140124_20_B3_63x	female organism|adult brain|P{R15G08-GAL4.DBD} ∩ P{R11G01-p65.AD} expression pattern	JRC2018Unisex_c	SS00689|GMR_SS00689|JRC_SS00689	FlyLightRaw:SS00689|FlyLightRawSlideCode:20140124_20_B3|jrc_slide_code_api:20140124_20_B3	tile(s): 'right_optic_lobe (partial brain image, check tile names for imaged regions)', effector genotype: 'pBPhsFlp2::PEST in attP3;; pJFRC201-10XUAS-FRT>STOP>FRT-myr::smGFP-HA in VK00005,pJFRC240-10XUAS-FRT>STOP>FRT-myr::smGFP-V5-THS-10XUAS-FRT>STOP>FRT-myr::smGFP-FLAG in su(Hw)attP1/ TM3, Sb', objective: 'Plan-Apochromat 63x/1.40 Oil DIC M27', mounting protocol: 'DPX PBS Mounting', slide_code: '20140124_20_B3', age: 'Adult'	expression pattern fragment
63x-Brain-1977172515692216418	JRC_SS00974_Brain_20140130_19_B1_63x	female organism|adult brain|P{R31B08-GAL4.DBD} ∩ P{R73F07-p65.AD} expression pattern	JRC2018Unisex_c	SS00974|GMR_SS00974|JRC_SS00974	FlyLightRaw:SS00974|FlyLightRawSlideCode:20140130_19_B1|jrc_slide_code_api:20140130_19_B1	tile(s): 'right_optic_lobe (partial brain image, check tile names for imaged regions)', effector genotype: 'pBPhsFlp2::PEST in attP3;; pJFRC201-10XUAS-FRT>STOP>FRT-myr::smGFP-HA in VK00005,pJFRC240-10XUAS-FRT>STOP>FRT-myr::smGFP-V5-THS-10XUAS-FRT>STOP>FRT-myr::smGFP-FLAG in su(Hw)attP1/ TM3, Sb', objective: 'Plan-Apochromat 63x/1.40 Oil DIC M27', mounting protocol: 'DPX PBS Mounting', slide_code: '20140130_19_B1', age: 'Adult'	expression pattern fragment
63x-Brain-1977172518796001378	JRC_SS00974_Brain_20140130_19_B4_63x	female organism|adult brain|P{R31B08-GAL4.DBD} ∩ P{R73F07-p65.AD} expression pattern	JRC2018Unisex_c	SS00974|GMR_SS00974|JRC_SS00974	FlyLightRaw:SS00974|FlyLightRawSlideCode:20140130_19_B4|jrc_slide_code_api:20140130_19_B4	tile(s): 'right_optic_lobe (partial brain image, check tile names for imaged regions)', effector genotype: 'pBPhsFlp2::PEST in attP3;; pJFRC201-10XUAS-FRT>STOP>FRT-myr::smGFP-HA in VK00005,pJFRC240-10XUAS-FRT>STOP>FRT-myr::smGFP-V5-THS-10XUAS-FRT>STOP>FRT-myr::smGFP-FLAG in su(Hw)attP1/ TM3, Sb', objective: 'Plan-Apochromat 63x/1.40 Oil DIC M27', mounting protocol: 'DPX PBS Mounting', slide_code: '20140130_19_B4', age: 'Adult'	expression pattern fragment
63x-Brain-1977172522075947106	JRC_SS00974_Brain_20140130_19_B8_63x	female organism|adult brain|P{R31B08-GAL4.DBD} ∩ P{R73F07-p65.AD} expression pattern	JRC2018Unisex_c	SS00974|GMR_SS00974|JRC_SS00974	FlyLightRaw:SS00974|FlyLightRawSlideCode:20140130_19_B8|jrc_slide_code_api:20140130_19_B8	tile(s): 'right_optic_lobe (partial brain image, check tile names for imaged regions)', effector genotype: 'pBPhsFlp2::PEST in attP3;; pJFRC201-10XUAS-FRT>STOP>FRT-myr::smGFP-HA in VK00005,pJFRC240-10XUAS-FRT>STOP>FRT-myr::smGFP-V5-THS-10XUAS-FRT>STOP>FRT-myr::smGFP-FLAG in su(Hw)attP1/ TM3, Sb', objective: 'Plan-Apochromat 63x/1.40 Oil DIC M27', mounting protocol: 'DPX PBS Mounting', slide_code: '20140130_19_B8', age: 'Adult'	expression pattern fragment
63x-Brain-1980582849144684551	JRC_SS00811_Brain_20140206_31_B1_63x	female organism|adult brain|P{R82F12-GAL4.DBD} ∩ P{R28D05-p65.AD} expression pattern	JRC2018Unisex_c	SS00811|GMR_SS00811|JRC_SS00811	FlyLightSplit:SS00811|FlyLightSplitSlideCode:20140206_31_B1|jrc_slide_code_api:20140206_31_B1|neuronbridge:SS00811	tile(s): 'right_optic_lobe (partial brain image, check tile names for imaged regions)', effector genotype: 'w;;pJFRC225-5XUAS-IVS-myr::smFLAG in VK00005, pJFRC51-3XUAS-IVS-Syt::smHA in su(Hw)attP1', objective: 'Plan-Apochromat 63x/1.4 Oil DIC M27', mounting protocol: 'DPX PBS Mounting', slide_code: '20140206_31_B1', age: 'Day 1-5'	expression pattern fragment
63x-Brain-1980582855306117127	JRC_SS00811_Brain_20140206_31_B4_63x	female organism|adult brain|P{R82F12-GAL4.DBD} ∩ P{R28D05-p65.AD} expression pattern	JRC2018Unisex_c	SS00811|GMR_SS00811|JRC_SS00811	FlyLightRaw:SS00811|FlyLightRawSlideCode:20140206_31_B4|jrc_slide_code_api:20140206_31_B4	tile(s): 'left_optic_lobe (partial brain image, check tile names for imaged regions)', effector genotype: 'w;;pJFRC225-5XUAS-IVS-myr::smFLAG in VK00005, pJFRC51-3XUAS-IVS-Syt::smHA in su(Hw)attP1', objective: 'Plan-Apochromat 63x/1.4 Oil DIC M27', mounting protocol: 'DPX PBS Mounting', slide_code: '20140206_31_B4', age: 'Day 1-5'	expression pattern fragment
63x-Brain-2105977599216844898	JRC_SS00355_Brain_20140321_34_E5_63x	female organism|adult brain|P{R81G11-GAL4.DBD} ∩ P{R41E03-p65.AD} expression pattern	JRC2018Unisex_c	SS00355|GMR_SS00355|JRC_SS00355	FlyLightRaw:SS00355|FlyLightRawSlideCode:20140321_34_E5|jrc_slide_code_api:20140321_34_E5	tile(s): 'right_optic_lobe (partial brain image, check tile names for imaged regions)', effector genotype: 'pBPhsFlp2::PEST in attP3;; pJFRC201-10XUAS-FRT>STOP>FRT-myr::smGFP-HA in VK00005,pJFRC240-10XUAS-FRT>STOP>FRT-myr::smGFP-V5-THS-10XUAS-FRT>STOP>FRT-myr::smGFP-FLAG in su(Hw)attP1/ TM3, Sb', objective: 'Plan-Apochromat 63x/1.40 Oil DIC M27', mounting protocol: 'DPX PBS Mounting', slide_code: '20140321_34_E5', age: 'Day 1-5'	expression pattern fragment
63x-Brain-2105977601888616546	JRC_SS00355_Brain_20140321_34_E8_63x	female organism|adult brain|P{R81G11-GAL4.DBD} ∩ P{R41E03-p65.AD} expression pattern	JRC2018Unisex_c	SS00355|GMR_SS00355|JRC_SS00355	FlyLightRaw:SS00355|FlyLightRawSlideCode:20140321_34_E8|jrc_slide_code_api:20140321_34_E8	tile(s): 'left_optic_lobe (partial brain image, check tile names for imaged regions)', effector genotype: 'pBPhsFlp2::PEST in attP3;; pJFRC201-10XUAS-FRT>STOP>FRT-myr::smGFP-HA in VK00005,pJFRC240-10XUAS-FRT>STOP>FRT-myr::smGFP-V5-THS-10XUAS-FRT>STOP>FRT-myr::smGFP-FLAG in su(Hw)attP1/ TM3, Sb', objective: 'Plan-Apochromat 63x/1.40 Oil DIC M27', mounting protocol: 'DPX PBS Mounting', slide_code: '20140321_34_E8', age: 'Day 1-5'	expression pattern fragment
63x-Brain-2002548866678784098	JRC_SS00307_Brain_20140421_31_C3_63x	female organism|adult brain|P{R70B08-GAL4.DBD} ∩ P{R24C08-p65.AD} expression pattern	JRC2018Unisex_c	SS00307|GMR_SS00307|JRC_SS00307	FlyLightRaw:SS00307|FlyLightRawSlideCode:20140421_31_C3|jrc_slide_code_api:20140421_31_C3	tile(s): 'right_optic_lobe (partial brain image, check tile names for imaged regions)', effector genotype: 'w;;pJFRC225-5XUAS-IVS-myr::smFLAG in VK00005, pJFRC51-3XUAS-IVS-Syt::smHA in su(Hw)attP1', objective: 'Plan-Apochromat 63x/1.4 Oil DIC M27', mounting protocol: 'DPX PBS Mounting', slide_code: '20140421_31_C3', age: 'Day 1-5'	expression pattern fragment
63x-Brain-2002548889927811170	JRC_SS00307_Brain_20140421_31_C4_63x	female organism|adult brain|P{R70B08-GAL4.DBD} ∩ P{R24C08-p65.AD} expression pattern	JRC2018Unisex_c	SS00307|GMR_SS00307|JRC_SS00307	FlyLightSplit:SS00307|FlyLightSplitSlideCode:20140421_31_C4|jrc_slide_code_api:20140421_31_C4|neuronbridge:SS00307	tile(s): 'left_optic_lobe (partial brain image, check tile names for imaged regions)', effector genotype: 'w;;pJFRC225-5XUAS-IVS-myr::smFLAG in VK00005, pJFRC51-3XUAS-IVS-Syt::smHA in su(Hw)attP1', objective: 'Plan-Apochromat 63x/1.4 Oil DIC M27', mounting protocol: 'DPX PBS Mounting', slide_code: '20140421_31_C4', age: 'Day 1-5'	expression pattern fragment
63x-Brain-2021453322266869858	JRC_SS00323_Brain_20140528_31_D3_63x	female organism|adult brain|P{R24F06-GAL4.DBD} ∩ P{R55F02-p65.AD} expression pattern	JRC2018Unisex_c	SS00323|GMR_SS00323|JRC_SS00323	FlyLightSplit:SS00323|FlyLightSplitSlideCode:20140528_31_D3|jrc_slide_code_api:20140528_31_D3|neuronbridge:SS00323	tile(s): 'left_optic_lobe (partial brain image, check tile names for imaged regions)', effector genotype: 'w;;pJFRC225-5XUAS-IVS-myr::smFLAG in VK00005, pJFRC51-3XUAS-IVS-Syt::smHA in su(Hw)attP1', objective: 'Plan-Apochromat 63x/1.4 Oil DIC M27', mounting protocol: 'DPX PBS Mounting', slide_code: '20140528_31_D3', age: 'Day 1-5'	expression pattern fragment
63x-Brain-2210347330459140194	JRC_SS02344_Brain_20140918_20_F2_63x	female organism|adult brain|P{R42F06-GAL4.DBD} ∩ P{VT015785-p65.AD} expression pattern	JRC2018Unisex_c	SS02344|GMR_SS02344|JRC_SS02344	FlyLightRaw:SS02344|FlyLightRawSlideCode:20140918_20_F2|jrc_slide_code_api:20140918_20_F2	tile(s): 'right_optic_lobe (partial brain image, check tile names for imaged regions)', effector genotype: 'pBPhsFlp2::PEST in attP3;; pJFRC201-10XUAS-FRT>STOP>FRT-myr::smGFP-HA in VK00005,pJFRC240-10XUAS-FRT>STOP>FRT-myr::smGFP-V5-THS-10XUAS-FRT>STOP>FRT-myr::smGFP-FLAG in su(Hw)attP1/ TM3, Sb', objective: 'Plan-Apochromat 63x/1.40 Oil DIC M27', mounting protocol: 'DPX PBS Mounting', slide_code: '20140918_20_F2', age: 'Adult'	expression pattern fragment
63x-Brain-2065313731633479778	JRC_SS02344_Brain_20140923_32_G2_63x	female organism|adult brain|P{R42F06-GAL4.DBD} ∩ P{VT015785-p65.AD} expression pattern	JRC2018Unisex_c	SS02344|GMR_SS02344|JRC_SS02344	FlyLightRaw:SS02344|FlyLightRawSlideCode:20140923_32_G2|jrc_slide_code_api:20140923_32_G2	tile(s): 'left_optic_lobe (partial brain image, check tile names for imaged regions)', effector genotype: 'w;;pJFRC225-5XUAS-IVS-myr::smFLAG in VK00005, pJFRC51-3XUAS-IVS-Syt::smHA in su(Hw)attP1', objective: 'Plan-Apochromat 63x/1.40 Oil DIC M27', mounting protocol: 'DPX PBS Mounting', slide_code: '20140923_32_G2', age: 'Day 1-5'	expression pattern fragment
63x-Brain-2065313737652306018	JRC_SS02344_Brain_20140923_32_G3_63x	female organism|adult brain|P{R42F06-GAL4.DBD} ∩ P{VT015785-p65.AD} expression pattern	JRC2018Unisex_c	SS02344|GMR_SS02344|JRC_SS02344	FlyLightSplit:SS02344|FlyLightSplitSlideCode:20140923_32_G3|jrc_slide_code_api:20140923_32_G3|neuronbridge:SS02344	tile(s): 'right_optic_lobe (partial brain image, check tile names for imaged regions)', effector genotype: 'w;;pJFRC225-5XUAS-IVS-myr::smFLAG in VK00005, pJFRC51-3XUAS-IVS-Syt::smHA in su(Hw)attP1', objective: 'Plan-Apochromat 63x/1.40 Oil DIC M27', mounting protocol: 'DPX PBS Mounting', slide_code: '20140923_32_G3', age: 'Day 1-5'	expression pattern fragment
63x-Brain-2065313744119922786	JRC_SS02344_Brain_20140923_32_G4_63x	female organism|adult brain|P{R42F06-GAL4.DBD} ∩ P{VT015785-p65.AD} expression pattern	JRC2018Unisex_c	SS02344|GMR_SS02344|JRC_SS02344	FlyLightRaw:SS02344|FlyLightRawSlideCode:20140923_32_G4|jrc_slide_code_api:20140923_32_G4	tile(s): 'left_optic_lobe (partial brain image, check tile names for imaged regions)', effector genotype: 'w;;pJFRC225-5XUAS-IVS-myr::smFLAG in VK00005, pJFRC51-3XUAS-IVS-Syt::smHA in su(Hw)attP1', objective: 'Plan-Apochromat 63x/1.40 Oil DIC M27', mounting protocol: 'DPX PBS Mounting', slide_code: '20140923_32_G4', age: 'Day 1-5'	expression pattern fragment
63x-Brain-2065326598336282722	JRC_SS02302_Brain_20141003_19_C2_63x	female organism|adult brain|P{R12G01-GAL4.DBD} ∩ P{R65B12-p65.AD} expression pattern	JRC2018Unisex_c	SS02302|GMR_SS02302|JRC_SS02302	FlyLightRaw:SS02302|FlyLightRawSlideCode:20141003_19_C2|jrc_slide_code_api:20141003_19_C2	tile(s): 'central (partial brain image, check tile names for imaged regions)', effector genotype: 'pBPhsFlp2::PEST in attP3;; pJFRC201-10XUAS-FRT>STOP>FRT-myr::smGFP-HA in VK00005,pJFRC240-10XUAS-FRT>STOP>FRT-myr::smGFP-V5-THS-10XUAS-FRT>STOP>FRT-myr::smGFP-FLAG in su(Hw)attP1/ TM3, Sb', objective: 'Plan-Apochromat 63x/1.40 Oil DIC M27', mounting protocol: 'DPX PBS Mounting', slide_code: '20141003_19_C2', age: 'Adult'	expression pattern fragment
63x-Brain-2065326600869642338	JRC_SS02302_Brain_20141003_19_C3_63x	female organism|adult brain|P{R12G01-GAL4.DBD} ∩ P{R65B12-p65.AD} expression pattern	JRC2018Unisex_c	SS02302|GMR_SS02302|JRC_SS02302	FlyLightRaw:SS02302|FlyLightRawSlideCode:20141003_19_C3|jrc_slide_code_api:20141003_19_C3	tile(s): 'central (partial brain image, check tile names for imaged regions)', effector genotype: 'pBPhsFlp2::PEST in attP3;; pJFRC201-10XUAS-FRT>STOP>FRT-myr::smGFP-HA in VK00005,pJFRC240-10XUAS-FRT>STOP>FRT-myr::smGFP-V5-THS-10XUAS-FRT>STOP>FRT-myr::smGFP-FLAG in su(Hw)attP1/ TM3, Sb', objective: 'Plan-Apochromat 63x/1.40 Oil DIC M27', mounting protocol: 'DPX PBS Mounting', slide_code: '20141003_19_C3', age: 'Adult'	expression pattern fragment
63x-Brain-2065326603331698786	JRC_SS02302_Brain_20141003_19_C4_63x	female organism|adult brain|P{R12G01-GAL4.DBD} ∩ P{R65B12-p65.AD} expression pattern	JRC2018Unisex_c	SS02302|GMR_SS02302|JRC_SS02302	FlyLightRaw:SS02302|FlyLightRawSlideCode:20141003_19_C4|jrc_slide_code_api:20141003_19_C4	tile(s): 'central (partial brain image, check tile names for imaged regions)', effector genotype: 'pBPhsFlp2::PEST in attP3;; pJFRC201-10XUAS-FRT>STOP>FRT-myr::smGFP-HA in VK00005,pJFRC240-10XUAS-FRT>STOP>FRT-myr::smGFP-V5-THS-10XUAS-FRT>STOP>FRT-myr::smGFP-FLAG in su(Hw)attP1/ TM3, Sb', objective: 'Plan-Apochromat 63x/1.40 Oil DIC M27', mounting protocol: 'DPX PBS Mounting', slide_code: '20141003_19_C4', age: 'Adult'	expression pattern fragment
63x-Brain-2069664605558276194	JRC_SS02204_Brain_20141009_20_F3_63x	female organism|adult brain|P{R20H05-GAL4.DBD} ∩ P{VT016127-p65.AD} expression pattern	JRC2018Unisex_c	SS02204|GMR_SS02204|JRC_SS02204	FlyLightRaw:SS02204|FlyLightRawSlideCode:20141009_20_F3|jrc_slide_code_api:20141009_20_F3	tile(s): 'central (partial brain image, check tile names for imaged regions)', effector genotype: 'pBPhsFlp2::PEST in attP3;; pJFRC201-10XUAS-FRT>STOP>FRT-myr::smGFP-HA in VK00005,pJFRC240-10XUAS-FRT>STOP>FRT-myr::smGFP-V5-THS-10XUAS-FRT>STOP>FRT-myr::smGFP-FLAG in su(Hw)attP1/ TM3, Sb', objective: 'Plan-Apochromat 63x/1.40 Oil DIC M27', mounting protocol: 'DPX PBS Mounting', slide_code: '20141009_20_F3', age: 'Adult'	expression pattern fragment
63x-Brain-2069664611363192930	JRC_SS02204_Brain_20141009_20_F5_63x	female organism|adult brain|P{R20H05-GAL4.DBD} ∩ P{VT016127-p65.AD} expression pattern	JRC2018Unisex_c	SS02204|GMR_SS02204|JRC_SS02204	FlyLightRaw:SS02204|FlyLightRawSlideCode:20141009_20_F5|jrc_slide_code_api:20141009_20_F5	tile(s): 'central (partial brain image, check tile names for imaged regions)', effector genotype: 'pBPhsFlp2::PEST in attP3;; pJFRC201-10XUAS-FRT>STOP>FRT-myr::smGFP-HA in VK00005,pJFRC240-10XUAS-FRT>STOP>FRT-myr::smGFP-V5-THS-10XUAS-FRT>STOP>FRT-myr::smGFP-FLAG in su(Hw)attP1/ TM3, Sb', objective: 'Plan-Apochromat 63x/1.40 Oil DIC M27', mounting protocol: 'DPX PBS Mounting', slide_code: '20141009_20_F5', age: 'Adult'	expression pattern fragment
63x-Brain-2069664617218441314	JRC_SS02204_Brain_20141009_20_F6_63x	female organism|adult brain|P{R20H05-GAL4.DBD} ∩ P{VT016127-p65.AD} expression pattern	JRC2018Unisex_c	SS02204|GMR_SS02204|JRC_SS02204	FlyLightRaw:SS02204|FlyLightRawSlideCode:20141009_20_F6|jrc_slide_code_api:20141009_20_F6	tile(s): 'central (partial brain image, check tile names for imaged regions)', effector genotype: 'pBPhsFlp2::PEST in attP3;; pJFRC201-10XUAS-FRT>STOP>FRT-myr::smGFP-HA in VK00005,pJFRC240-10XUAS-FRT>STOP>FRT-myr::smGFP-V5-THS-10XUAS-FRT>STOP>FRT-myr::smGFP-FLAG in su(Hw)attP1/ TM3, Sb', objective: 'Plan-Apochromat 63x/1.40 Oil DIC M27', mounting protocol: 'DPX PBS Mounting', slide_code: '20141009_20_F6', age: 'Adult'	expression pattern fragment
63x-Brain-2073244857643565154	JRC_SS02268_Brain_20141024_20_B1_63x	female organism|adult brain|P{R48A11-GAL4.DBD} ∩ P{R30C01-p65.AD} expression pattern	JRC2018Unisex_c	SS02268|GMR_SS02268|JRC_SS02268	FlyLightRaw:SS02268|FlyLightRawSlideCode:20141024_20_B1|jrc_slide_code_api:20141024_20_B1	tile(s): 'central (partial brain image, check tile names for imaged regions)', effector genotype: 'pBPhsFlp2::PEST in attP3;; pJFRC201-10XUAS-FRT>STOP>FRT-myr::smGFP-HA in VK00005,pJFRC240-10XUAS-FRT>STOP>FRT-myr::smGFP-V5-THS-10XUAS-FRT>STOP>FRT-myr::smGFP-FLAG in su(Hw)attP1/ TM3, Sb', objective: 'Plan-Apochromat 63x/1.40 Oil DIC M27', mounting protocol: 'DPX PBS Mounting', slide_code: '20141024_20_B1', age: 'Adult'	expression pattern fragment
63x-Brain-2073244860642492514	JRC_SS02268_Brain_20141024_20_B4_63x	female organism|adult brain|P{R48A11-GAL4.DBD} ∩ P{R30C01-p65.AD} expression pattern	JRC2018Unisex_c	SS02268|GMR_SS02268|JRC_SS02268	FlyLightRaw:SS02268|FlyLightRawSlideCode:20141024_20_B4|jrc_slide_code_api:20141024_20_B4	tile(s): 'central (partial brain image, check tile names for imaged regions)', effector genotype: 'pBPhsFlp2::PEST in attP3;; pJFRC201-10XUAS-FRT>STOP>FRT-myr::smGFP-HA in VK00005,pJFRC240-10XUAS-FRT>STOP>FRT-myr::smGFP-V5-THS-10XUAS-FRT>STOP>FRT-myr::smGFP-FLAG in su(Hw)attP1/ TM3, Sb', objective: 'Plan-Apochromat 63x/1.40 Oil DIC M27', mounting protocol: 'DPX PBS Mounting', slide_code: '20141024_20_B4', age: 'Adult'	expression pattern fragment
63x-Brain-2073244863519785058	JRC_SS02268_Brain_20141024_20_B5_63x	female organism|adult brain|P{R48A11-GAL4.DBD} ∩ P{R30C01-p65.AD} expression pattern	JRC2018Unisex_c	SS02268|GMR_SS02268|JRC_SS02268	FlyLightRaw:SS02268|FlyLightRawSlideCode:20141024_20_B5|jrc_slide_code_api:20141024_20_B5	tile(s): 'central (partial brain image, check tile names for imaged regions)', effector genotype: 'pBPhsFlp2::PEST in attP3;; pJFRC201-10XUAS-FRT>STOP>FRT-myr::smGFP-HA in VK00005,pJFRC240-10XUAS-FRT>STOP>FRT-myr::smGFP-V5-THS-10XUAS-FRT>STOP>FRT-myr::smGFP-FLAG in su(Hw)attP1/ TM3, Sb', objective: 'Plan-Apochromat 63x/1.40 Oil DIC M27', mounting protocol: 'DPX PBS Mounting', slide_code: '20141024_20_B5', age: 'Adult'	expression pattern fragment
63x-Brain-2073244866879422562	JRC_SS02268_Brain_20141024_20_B7_63x	female organism|adult brain|P{R48A11-GAL4.DBD} ∩ P{R30C01-p65.AD} expression pattern	JRC2018Unisex_c	SS02268|GMR_SS02268|JRC_SS02268	FlyLightRaw:SS02268|FlyLightRawSlideCode:20141024_20_B7|jrc_slide_code_api:20141024_20_B7	tile(s): 'central (partial brain image, check tile names for imaged regions)', effector genotype: 'pBPhsFlp2::PEST in attP3;; pJFRC201-10XUAS-FRT>STOP>FRT-myr::smGFP-HA in VK00005,pJFRC240-10XUAS-FRT>STOP>FRT-myr::smGFP-V5-THS-10XUAS-FRT>STOP>FRT-myr::smGFP-FLAG in su(Hw)attP1/ TM3, Sb', objective: 'Plan-Apochromat 63x/1.40 Oil DIC M27', mounting protocol: 'DPX PBS Mounting', slide_code: '20141024_20_B7', age: 'Adult'	expression pattern fragment
63x-Brain-2078695376277209186	JRC_SS02302_Brain_20141104_31_E1_63x	female organism|adult brain|P{R12G01-GAL4.DBD} ∩ P{R65B12-p65.AD} expression pattern	JRC2018Unisex_c	SS02302|GMR_SS02302|JRC_SS02302	FlyLightRaw:SS02302|FlyLightRawSlideCode:20141104_31_E1|jrc_slide_code_api:20141104_31_E1	tile(s): 'central (partial brain image, check tile names for imaged regions)', effector genotype: 'w;;pJFRC225-5XUAS-IVS-myr::smFLAG in VK00005, pJFRC51-3XUAS-IVS-Syt::smHA in su(Hw)attP1', objective: 'Plan-Apochromat 63x/1.40 Oil DIC M27', mounting protocol: 'DPX PBS Mounting', slide_code: '20141104_31_E1', age: 'Day 1-5'	expression pattern fragment
63x-Brain-2078695392949567586	JRC_SS02302_Brain_20141104_31_E2_63x	female organism|adult brain|P{R12G01-GAL4.DBD} ∩ P{R65B12-p65.AD} expression pattern	JRC2018Unisex_c	SS02302|GMR_SS02302|JRC_SS02302	FlyLightRaw:SS02302|FlyLightRawSlideCode:20141104_31_E2|jrc_slide_code_api:20141104_31_E2	tile(s): 'central (partial brain image, check tile names for imaged regions)', effector genotype: 'w;;pJFRC225-5XUAS-IVS-myr::smFLAG in VK00005, pJFRC51-3XUAS-IVS-Syt::smHA in su(Hw)attP1', objective: 'Plan-Apochromat 63x/1.40 Oil DIC M27', mounting protocol: 'DPX PBS Mounting', slide_code: '20141104_31_E2', age: 'Day 1-5'	expression pattern fragment
63x-Brain-2078695409345101922	JRC_SS02302_Brain_20141104_31_E3_63x	female organism|adult brain|P{R12G01-GAL4.DBD} ∩ P{R65B12-p65.AD} expression pattern	JRC2018Unisex_c	SS02302|GMR_SS02302|JRC_SS02302	FlyLightRaw:SS02302|FlyLightRawSlideCode:20141104_31_E3|jrc_slide_code_api:20141104_31_E3	tile(s): 'central (partial brain image, check tile names for imaged regions)', effector genotype: 'w;;pJFRC225-5XUAS-IVS-myr::smFLAG in VK00005, pJFRC51-3XUAS-IVS-Syt::smHA in su(Hw)attP1', objective: 'Plan-Apochromat 63x/1.40 Oil DIC M27', mounting protocol: 'DPX PBS Mounting', slide_code: '20141104_31_E3', age: 'Day 1-5'	expression pattern fragment
63x-Brain-2078695696524902498	JRC_SS02204_Brain_20141112_31_C3_63x	female organism|adult brain|P{R20H05-GAL4.DBD} ∩ P{VT016127-p65.AD} expression pattern	JRC2018Unisex_c	SS02204|GMR_SS02204|JRC_SS02204	FlyLightRaw:SS02204|FlyLightRawSlideCode:20141112_31_C3|jrc_slide_code_api:20141112_31_C3	tile(s): 'central (partial brain image, check tile names for imaged regions)', effector genotype: 'w;;pJFRC225-5XUAS-IVS-myr::smFLAG in VK00005, pJFRC51-3XUAS-IVS-Syt::smHA in su(Hw)attP1', objective: 'Plan-Apochromat 63x/1.40 Oil DIC M27', mounting protocol: 'DPX PBS Mounting', slide_code: '20141112_31_C3', age: 'Day 1-5'	expression pattern fragment
63x-Brain-2078695699280560226	JRC_SS02204_Brain_20141112_31_C4_63x	female organism|adult brain|P{R20H05-GAL4.DBD} ∩ P{VT016127-p65.AD} expression pattern	JRC2018Unisex_c	SS02204|GMR_SS02204|JRC_SS02204	FlyLightRaw:SS02204|FlyLightRawSlideCode:20141112_31_C4|jrc_slide_code_api:20141112_31_C4	tile(s): 'central (partial brain image, check tile names for imaged regions)', effector genotype: 'w;;pJFRC225-5XUAS-IVS-myr::smFLAG in VK00005, pJFRC51-3XUAS-IVS-Syt::smHA in su(Hw)attP1', objective: 'Plan-Apochromat 63x/1.40 Oil DIC M27', mounting protocol: 'DPX PBS Mounting', slide_code: '20141112_31_C4', age: 'Day 1-5'	expression pattern fragment
63x-Brain-2082379595092328546	JRC_SS02268_Brain_20141121_31_E1_63x	female organism|adult brain|P{R48A11-GAL4.DBD} ∩ P{R30C01-p65.AD} expression pattern	JRC2018Unisex_c	SS02268|GMR_SS02268|JRC_SS02268	FlyLightRaw:SS02268|FlyLightRawSlideCode:20141121_31_E1|jrc_slide_code_api:20141121_31_E1	tile(s): 'central (partial brain image, check tile names for imaged regions)', effector genotype: 'w;;pJFRC225-5XUAS-IVS-myr::smFLAG in VK00005, pJFRC51-3XUAS-IVS-Syt::smHA in su(Hw)attP1', objective: 'Plan-Apochromat 63x/1.40 Oil DIC M27', mounting protocol: 'DPX PBS Mounting', slide_code: '20141121_31_E1', age: 'Day 1-5'	expression pattern fragment
63x-Brain-2082379761660723298	JRC_SS02268_Brain_20141121_31_E2_63x	female organism|adult brain|P{R48A11-GAL4.DBD} ∩ P{R30C01-p65.AD} expression pattern	JRC2018Unisex_c	SS02268|GMR_SS02268|JRC_SS02268	FlyLightSplit:SS02268|FlyLightSplitSlideCode:20141121_31_E2|jrc_slide_code_api:20141121_31_E2|neuronbridge:SS02268	tile(s): 'central (partial brain image, check tile names for imaged regions)', effector genotype: 'w;;pJFRC225-5XUAS-IVS-myr::smFLAG in VK00005, pJFRC51-3XUAS-IVS-Syt::smHA in su(Hw)attP1', objective: 'Plan-Apochromat 63x/1.40 Oil DIC M27', mounting protocol: 'DPX PBS Mounting', slide_code: '20141121_31_E2', age: 'Day 1-5'	expression pattern fragment
63x-Brain-2082379913213509730	JRC_SS02268_Brain_20141121_31_E3_63x	female organism|adult brain|P{R48A11-GAL4.DBD} ∩ P{R30C01-p65.AD} expression pattern	JRC2018Unisex_c	SS02268|GMR_SS02268|JRC_SS02268	FlyLightRaw:SS02268|FlyLightRawSlideCode:20141121_31_E3|jrc_slide_code_api:20141121_31_E3	tile(s): 'central (partial brain image, check tile names for imaged regions)', effector genotype: 'w;;pJFRC225-5XUAS-IVS-myr::smFLAG in VK00005, pJFRC51-3XUAS-IVS-Syt::smHA in su(Hw)attP1', objective: 'Plan-Apochromat 63x/1.40 Oil DIC M27', mounting protocol: 'DPX PBS Mounting', slide_code: '20141121_31_E3', age: 'Day 1-5'	expression pattern fragment
63x-Brain-2082380041546629218	JRC_SS02268_Brain_20141121_31_E4_63x	female organism|adult brain|P{R48A11-GAL4.DBD} ∩ P{R30C01-p65.AD} expression pattern	JRC2018Unisex_c	SS02268|GMR_SS02268|JRC_SS02268	FlyLightRaw:SS02268|FlyLightRawSlideCode:20141121_31_E4|jrc_slide_code_api:20141121_31_E4	tile(s): 'central (partial brain image, check tile names for imaged regions)', effector genotype: 'w;;pJFRC225-5XUAS-IVS-myr::smFLAG in VK00005, pJFRC51-3XUAS-IVS-Syt::smHA in su(Hw)attP1', objective: 'Plan-Apochromat 63x/1.40 Oil DIC M27', mounting protocol: 'DPX PBS Mounting', slide_code: '20141121_31_E4', age: 'Day 1-5'	expression pattern fragment
63x-Brain-2082380127907348578	JRC_SS02268_Brain_20141121_31_E5_63x	female organism|adult brain|P{R48A11-GAL4.DBD} ∩ P{R30C01-p65.AD} expression pattern	JRC2018Unisex_c	SS02268|GMR_SS02268|JRC_SS02268	FlyLightRaw:SS02268|FlyLightRawSlideCode:20141121_31_E5|jrc_slide_code_api:20141121_31_E5	tile(s): 'central (partial brain image, check tile names for imaged regions)', effector genotype: 'w;;pJFRC225-5XUAS-IVS-myr::smFLAG in VK00005, pJFRC51-3XUAS-IVS-Syt::smHA in su(Hw)attP1', objective: 'Plan-Apochromat 63x/1.40 Oil DIC M27', mounting protocol: 'DPX PBS Mounting', slide_code: '20141121_31_E5', age: 'Day 1-5'	expression pattern fragment
63x-Brain-2210387597488816226	JRC_SS02361_Brain_20141217_20_G3_63x	female organism|adult brain|P{R70B10-GAL4.DBD} ∩ P{R53D12-p65.AD} expression pattern	JRC2018Unisex_c	SS02361|GMR_SS02361|JRC_SS02361	FlyLightRaw:SS02361|FlyLightRawSlideCode:20141217_20_G3|jrc_slide_code_api:20141217_20_G3	tile(s): 'right_optic_lobe (partial brain image, check tile names for imaged regions)', effector genotype: 'pBPhsFlp2::PEST in attP3;; pJFRC201-10XUAS-FRT>STOP>FRT-myr::smGFP-HA in VK00005,pJFRC240-10XUAS-FRT>STOP>FRT-myr::smGFP-V5-THS-10XUAS-FRT>STOP>FRT-myr::smGFP-FLAG in su(Hw)attP1/ TM3, Sb', objective: 'Plan-Apochromat 63x/1.40 Oil DIC M27', mounting protocol: 'DPX PBS Mounting', slide_code: '20141217_20_G3', age: 'Adult'	expression pattern fragment
63x-Brain-2210387627318706274	JRC_SS02361_Brain_20141217_20_G6_63x	female organism|adult brain|P{R70B10-GAL4.DBD} ∩ P{R53D12-p65.AD} expression pattern	JRC2018Unisex_c	SS02361|GMR_SS02361|JRC_SS02361	FlyLightRaw:SS02361|FlyLightRawSlideCode:20141217_20_G6|jrc_slide_code_api:20141217_20_G6	tile(s): 'left_optic_lobe (partial brain image, check tile names for imaged regions)', effector genotype: 'pBPhsFlp2::PEST in attP3;; pJFRC201-10XUAS-FRT>STOP>FRT-myr::smGFP-HA in VK00005,pJFRC240-10XUAS-FRT>STOP>FRT-myr::smGFP-V5-THS-10XUAS-FRT>STOP>FRT-myr::smGFP-FLAG in su(Hw)attP1/ TM3, Sb', objective: 'Plan-Apochromat 63x/1.40 Oil DIC M27', mounting protocol: 'DPX PBS Mounting', slide_code: '20141217_20_G6', age: 'Adult'	expression pattern fragment
63x-Brain-2098191236325179399	JRC_SS02425_Brain_20141217_23_B1_63x	female organism|adult brain|P{VT010253-GAL4.DBD} ∩ P{R26H07-p65.AD} expression pattern	JRC2018Unisex_c	SS02425|GMR_SS02425|JRC_SS02425	FlyLightRaw:SS02425|FlyLightRawSlideCode:20141217_23_B1|jrc_slide_code_api:20141217_23_B1	tile(s): 'right_optic_lobe (partial brain image, check tile names for imaged regions)', effector genotype: 'pBPhsFlp2::PEST in attP3;; pJFRC201-10XUAS-FRT>STOP>FRT-myr::smGFP-HA in VK00005,pJFRC240-10XUAS-FRT>STOP>FRT-myr::smGFP-V5-THS-10XUAS-FRT>STOP>FRT-myr::smGFP-FLAG in su(Hw)attP1/ TM3, Sb', objective: 'Plan-Apochromat 63x/1.40 Oil DIC M27', mounting protocol: 'DPX PBS Mounting', slide_code: '20141217_23_B1', age: 'Adult'	expression pattern fragment
63x-Brain-2210402851249717346	JRC_SS02425_Brain_20141217_23_B4_63x	female organism|adult brain|P{VT010253-GAL4.DBD} ∩ P{R26H07-p65.AD} expression pattern	JRC2018Unisex_c	SS02425|GMR_SS02425|JRC_SS02425	FlyLightRaw:SS02425|FlyLightRawSlideCode:20141217_23_B4|jrc_slide_code_api:20141217_23_B4	tile(s): 'right_optic_lobe (partial brain image, check tile names for imaged regions)', effector genotype: 'pBPhsFlp2::PEST in attP3;; pJFRC201-10XUAS-FRT>STOP>FRT-myr::smGFP-HA in VK00005,pJFRC240-10XUAS-FRT>STOP>FRT-myr::smGFP-V5-THS-10XUAS-FRT>STOP>FRT-myr::smGFP-FLAG in su(Hw)attP1/ TM3, Sb', objective: 'Plan-Apochromat 63x/1.40 Oil DIC M27', mounting protocol: 'DPX PBS Mounting', slide_code: '20141217_23_B4', age: 'Adult'	expression pattern fragment
63x-Brain-2210402885387157602	JRC_SS02425_Brain_20141217_23_B5_63x	female organism|adult brain|P{VT010253-GAL4.DBD} ∩ P{R26H07-p65.AD} expression pattern	JRC2018Unisex_c	SS02425|GMR_SS02425|JRC_SS02425	FlyLightRaw:SS02425|FlyLightRawSlideCode:20141217_23_B5|jrc_slide_code_api:20141217_23_B5	tile(s): 'right_optic_lobe (partial brain image, check tile names for imaged regions)', effector genotype: 'pBPhsFlp2::PEST in attP3;; pJFRC201-10XUAS-FRT>STOP>FRT-myr::smGFP-HA in VK00005,pJFRC240-10XUAS-FRT>STOP>FRT-myr::smGFP-V5-THS-10XUAS-FRT>STOP>FRT-myr::smGFP-FLAG in su(Hw)attP1/ TM3, Sb', objective: 'Plan-Apochromat 63x/1.40 Oil DIC M27', mounting protocol: 'DPX PBS Mounting', slide_code: '20141217_23_B5', age: 'Adult'	expression pattern fragment
63x-Brain-2210402928638820450	JRC_SS02425_Brain_20141217_23_B8_63x	female organism|adult brain|P{VT010253-GAL4.DBD} ∩ P{R26H07-p65.AD} expression pattern	JRC2018Unisex_c	SS02425|GMR_SS02425|JRC_SS02425	FlyLightRaw:SS02425|FlyLightRawSlideCode:20141217_23_B8|jrc_slide_code_api:20141217_23_B8	tile(s): 'right_optic_lobe (partial brain image, check tile names for imaged regions)', effector genotype: 'pBPhsFlp2::PEST in attP3;; pJFRC201-10XUAS-FRT>STOP>FRT-myr::smGFP-HA in VK00005,pJFRC240-10XUAS-FRT>STOP>FRT-myr::smGFP-V5-THS-10XUAS-FRT>STOP>FRT-myr::smGFP-FLAG in su(Hw)attP1/ TM3, Sb', objective: 'Plan-Apochromat 63x/1.40 Oil DIC M27', mounting protocol: 'DPX PBS Mounting', slide_code: '20141217_23_B8', age: 'Adult'	expression pattern fragment
63x-Brain-2098191280306651143	JRC_SS02427_Brain_20141217_23_D6_63x	female organism|adult brain|P{VT017422-GAL4.DBD} ∩ P{R19G04-p65.AD} expression pattern	JRC2018Unisex_c	SS02427|GMR_SS02427|JRC_SS02427	FlyLightRaw:SS02427|FlyLightRawSlideCode:20141217_23_D6|jrc_slide_code_api:20141217_23_D6	tile(s): 'right_optic_lobe (partial brain image, check tile names for imaged regions)', effector genotype: 'pBPhsFlp2::PEST in attP3;; pJFRC201-10XUAS-FRT>STOP>FRT-myr::smGFP-HA in VK00005,pJFRC240-10XUAS-FRT>STOP>FRT-myr::smGFP-V5-THS-10XUAS-FRT>STOP>FRT-myr::smGFP-FLAG in su(Hw)attP1/ TM3, Sb', objective: 'Plan-Apochromat 63x/1.40 Oil DIC M27', mounting protocol: 'DPX PBS Mounting', slide_code: '20141217_23_D6', age: 'Adult'	expression pattern fragment
63x-Brain-2210406099780108386	JRC_SS02427_Brain_20141217_23_D7_63x	female organism|adult brain|P{VT017422-GAL4.DBD} ∩ P{R19G04-p65.AD} expression pattern	JRC2018Unisex_c	SS02427|GMR_SS02427|JRC_SS02427	FlyLightRaw:SS02427|FlyLightRawSlideCode:20141217_23_D7|jrc_slide_code_api:20141217_23_D7	tile(s): 'left_optic_lobe (partial brain image, check tile names for imaged regions)', effector genotype: 'pBPhsFlp2::PEST in attP3;; pJFRC201-10XUAS-FRT>STOP>FRT-myr::smGFP-HA in VK00005,pJFRC240-10XUAS-FRT>STOP>FRT-myr::smGFP-V5-THS-10XUAS-FRT>STOP>FRT-myr::smGFP-FLAG in su(Hw)attP1/ TM3, Sb', objective: 'Plan-Apochromat 63x/1.40 Oil DIC M27', mounting protocol: 'DPX PBS Mounting', slide_code: '20141217_23_D7', age: 'Adult'	expression pattern fragment
63x-Brain-2210406687662145634	JRC_SS02427_Brain_20141217_23_D8_63x	female organism|adult brain|P{VT017422-GAL4.DBD} ∩ P{R19G04-p65.AD} expression pattern	JRC2018Unisex_c	SS02427|GMR_SS02427|JRC_SS02427	FlyLightRaw:SS02427|FlyLightRawSlideCode:20141217_23_D8|jrc_slide_code_api:20141217_23_D8	tile(s): 'left_optic_lobe (partial brain image, check tile names for imaged regions)', effector genotype: 'pBPhsFlp2::PEST in attP3;; pJFRC201-10XUAS-FRT>STOP>FRT-myr::smGFP-HA in VK00005,pJFRC240-10XUAS-FRT>STOP>FRT-myr::smGFP-V5-THS-10XUAS-FRT>STOP>FRT-myr::smGFP-FLAG in su(Hw)attP1/ TM3, Sb', objective: 'Plan-Apochromat 63x/1.40 Oil DIC M27', mounting protocol: 'DPX PBS Mounting', slide_code: '20141217_23_D8', age: 'Adult'	expression pattern fragment
63x-Brain-2210409344585957474	JRC_SS02448_Brain_20141222_19_A5_63x	female organism|adult brain|P{R41C05-GAL4.DBD} ∩ P{VT046779-p65.AD} expression pattern	JRC2018Unisex_c	SS02448|GMR_SS02448|JRC_SS02448	FlyLightRaw:SS02448|FlyLightRawSlideCode:20141222_19_A5|jrc_slide_code_api:20141222_19_A5	tile(s): 'left_optic_lobe (partial brain image, check tile names for imaged regions)', effector genotype: 'pBPhsFlp2::PEST in attP3;; pJFRC201-10XUAS-FRT>STOP>FRT-myr::smGFP-HA in VK00005,pJFRC240-10XUAS-FRT>STOP>FRT-myr::smGFP-V5-THS-10XUAS-FRT>STOP>FRT-myr::smGFP-FLAG in su(Hw)attP1/ TM3, Sb', objective: 'Plan-Apochromat 63x/1.40 Oil DIC M27', mounting protocol: 'DPX PBS Mounting', slide_code: '20141222_19_A5', age: 'Adult'	expression pattern fragment
63x-Brain-2210409513897427042	JRC_SS02448_Brain_20141222_19_A6_63x	female organism|adult brain|P{R41C05-GAL4.DBD} ∩ P{VT046779-p65.AD} expression pattern	JRC2018Unisex_c	SS02448|GMR_SS02448|JRC_SS02448	FlyLightRaw:SS02448|FlyLightRawSlideCode:20141222_19_A6|jrc_slide_code_api:20141222_19_A6	tile(s): 'left_optic_lobe (partial brain image, check tile names for imaged regions)', effector genotype: 'pBPhsFlp2::PEST in attP3;; pJFRC201-10XUAS-FRT>STOP>FRT-myr::smGFP-HA in VK00005,pJFRC240-10XUAS-FRT>STOP>FRT-myr::smGFP-V5-THS-10XUAS-FRT>STOP>FRT-myr::smGFP-FLAG in su(Hw)attP1/ TM3, Sb', objective: 'Plan-Apochromat 63x/1.40 Oil DIC M27', mounting protocol: 'DPX PBS Mounting', slide_code: '20141222_19_A6', age: 'Adult'	expression pattern fragment
63x-Brain-2210409556717076578	JRC_SS02448_Brain_20141222_19_A7_63x	female organism|adult brain|P{R41C05-GAL4.DBD} ∩ P{VT046779-p65.AD} expression pattern	JRC2018Unisex_c	SS02448|GMR_SS02448|JRC_SS02448	FlyLightRaw:SS02448|FlyLightRawSlideCode:20141222_19_A7|jrc_slide_code_api:20141222_19_A7	tile(s): 'right_optic_lobe (partial brain image, check tile names for imaged regions)', effector genotype: 'pBPhsFlp2::PEST in attP3;; pJFRC201-10XUAS-FRT>STOP>FRT-myr::smGFP-HA in VK00005,pJFRC240-10XUAS-FRT>STOP>FRT-myr::smGFP-V5-THS-10XUAS-FRT>STOP>FRT-myr::smGFP-FLAG in su(Hw)attP1/ TM3, Sb', objective: 'Plan-Apochromat 63x/1.40 Oil DIC M27', mounting protocol: 'DPX PBS Mounting', slide_code: '20141222_19_A7', age: 'Adult'	expression pattern fragment
63x-Brain-2210417038629797986	JRC_SS02575_Brain_20141223_21_C1_63x	female organism|adult brain|P{VT031495-GAL4.DBD} ∩ P{R81A05-p65.AD} expression pattern	JRC2018Unisex_c	SS02575|GMR_SS02575|JRC_SS02575	FlyLightRaw:SS02575|FlyLightRawSlideCode:20141223_21_C1|jrc_slide_code_api:20141223_21_C1	tile(s): 'left_dorsal, left_optic_lobe, ventral (partial brain image, check tile names for imaged regions)', effector genotype: 'pBPhsFlp2::PEST in attP3;; pJFRC201-10XUAS-FRT>STOP>FRT-myr::smGFP-HA in VK00005,pJFRC240-10XUAS-FRT>STOP>FRT-myr::smGFP-V5-THS-10XUAS-FRT>STOP>FRT-myr::smGFP-FLAG in su(Hw)attP1/ TM3, Sb', objective: 'Plan-Apochromat 63x/1.40 Oil DIC M27', mounting protocol: 'DPX PBS Mounting', slide_code: '20141223_21_C1', age: 'Adult'	expression pattern fragment
63x-Brain-2210417131537825890	JRC_SS02575_Brain_20141223_21_C2_63x	female organism|adult brain|P{VT031495-GAL4.DBD} ∩ P{R81A05-p65.AD} expression pattern	JRC2018Unisex_c	SS02575|GMR_SS02575|JRC_SS02575	FlyLightRaw:SS02575|FlyLightRawSlideCode:20141223_21_C2|jrc_slide_code_api:20141223_21_C2	tile(s): 'right_dorsal, right_optic_lobe, ventral (partial brain image, check tile names for imaged regions)', effector genotype: 'pBPhsFlp2::PEST in attP3;; pJFRC201-10XUAS-FRT>STOP>FRT-myr::smGFP-HA in VK00005,pJFRC240-10XUAS-FRT>STOP>FRT-myr::smGFP-V5-THS-10XUAS-FRT>STOP>FRT-myr::smGFP-FLAG in su(Hw)attP1/ TM3, Sb', objective: 'Plan-Apochromat 63x/1.40 Oil DIC M27', mounting protocol: 'DPX PBS Mounting', slide_code: '20141223_21_C2', age: 'Adult'	expression pattern fragment
63x-Brain-2210417296009068642	JRC_SS02575_Brain_20141223_21_C3_63x	female organism|adult brain|P{VT031495-GAL4.DBD} ∩ P{R81A05-p65.AD} expression pattern	JRC2018Unisex_c	SS02575|GMR_SS02575|JRC_SS02575	FlyLightRaw:SS02575|FlyLightRawSlideCode:20141223_21_C3|jrc_slide_code_api:20141223_21_C3	tile(s): 'left_dorsal, left_optic_lobe, ventral (partial brain image, check tile names for imaged regions)', effector genotype: 'pBPhsFlp2::PEST in attP3;; pJFRC201-10XUAS-FRT>STOP>FRT-myr::smGFP-HA in VK00005,pJFRC240-10XUAS-FRT>STOP>FRT-myr::smGFP-V5-THS-10XUAS-FRT>STOP>FRT-myr::smGFP-FLAG in su(Hw)attP1/ TM3, Sb', objective: 'Plan-Apochromat 63x/1.40 Oil DIC M27', mounting protocol: 'DPX PBS Mounting', slide_code: '20141223_21_C3', age: 'Adult'	expression pattern fragment
63x-Brain-2210417680261840994	JRC_SS02575_Brain_20141223_21_C5_63x	female organism|adult brain|P{VT031495-GAL4.DBD} ∩ P{R81A05-p65.AD} expression pattern	JRC2018Unisex_c	SS02575|GMR_SS02575|JRC_SS02575	FlyLightRaw:SS02575|FlyLightRawSlideCode:20141223_21_C5|jrc_slide_code_api:20141223_21_C5	tile(s): 'left_dorsal, left_optic_lobe, right_dorsal, ventral (partial brain image, check tile names for imaged regions)', effector genotype: 'pBPhsFlp2::PEST in attP3;; pJFRC201-10XUAS-FRT>STOP>FRT-myr::smGFP-HA in VK00005,pJFRC240-10XUAS-FRT>STOP>FRT-myr::smGFP-V5-THS-10XUAS-FRT>STOP>FRT-myr::smGFP-FLAG in su(Hw)attP1/ TM3, Sb', objective: 'Plan-Apochromat 63x/1.40 Oil DIC M27', mounting protocol: 'DPX PBS Mounting', slide_code: '20141223_21_C5', age: 'Adult'	expression pattern fragment
63x-Brain-2210420849947705442	JRC_SS02592_Brain_20141223_22_B1_63x	female organism|adult brain|P{R75H07-GAL4.DBD} ∩ P{R12C04-p65.AD} expression pattern	JRC2018Unisex_c	SS02592|GMR_SS02592|JRC_SS02592	FlyLightRaw:SS02592|FlyLightRawSlideCode:20141223_22_B1|jrc_slide_code_api:20141223_22_B1	tile(s): 'left_optic_lobe (partial brain image, check tile names for imaged regions)', effector genotype: 'pBPhsFlp2::PEST in attP3;; pJFRC201-10XUAS-FRT>STOP>FRT-myr::smGFP-HA in VK00005,pJFRC240-10XUAS-FRT>STOP>FRT-myr::smGFP-V5-THS-10XUAS-FRT>STOP>FRT-myr::smGFP-FLAG in su(Hw)attP1/ TM3, Sb', objective: 'Plan-Apochromat 63x/1.40 Oil DIC M27', mounting protocol: 'DPX PBS Mounting', slide_code: '20141223_22_B1', age: 'Adult'	expression pattern fragment
63x-Brain-2210420906159767650	JRC_SS02592_Brain_20141223_22_B4_63x	female organism|adult brain|P{R75H07-GAL4.DBD} ∩ P{R12C04-p65.AD} expression pattern	JRC2018Unisex_c	SS02592|GMR_SS02592|JRC_SS02592	FlyLightRaw:SS02592|FlyLightRawSlideCode:20141223_22_B4|jrc_slide_code_api:20141223_22_B4	tile(s): 'left_optic_lobe (partial brain image, check tile names for imaged regions)', effector genotype: 'pBPhsFlp2::PEST in attP3;; pJFRC201-10XUAS-FRT>STOP>FRT-myr::smGFP-HA in VK00005,pJFRC240-10XUAS-FRT>STOP>FRT-myr::smGFP-V5-THS-10XUAS-FRT>STOP>FRT-myr::smGFP-FLAG in su(Hw)attP1/ TM3, Sb', objective: 'Plan-Apochromat 63x/1.40 Oil DIC M27', mounting protocol: 'DPX PBS Mounting', slide_code: '20141223_22_B4', age: 'Adult'	expression pattern fragment
63x-Brain-2210421210989199458	JRC_SS02592_Brain_20141223_22_B5_63x	female organism|adult brain|P{R75H07-GAL4.DBD} ∩ P{R12C04-p65.AD} expression pattern	JRC2018Unisex_c	SS02592|GMR_SS02592|JRC_SS02592	FlyLightRaw:SS02592|FlyLightRawSlideCode:20141223_22_B5|jrc_slide_code_api:20141223_22_B5	tile(s): 'right_optic_lobe (partial brain image, check tile names for imaged regions)', effector genotype: 'pBPhsFlp2::PEST in attP3;; pJFRC201-10XUAS-FRT>STOP>FRT-myr::smGFP-HA in VK00005,pJFRC240-10XUAS-FRT>STOP>FRT-myr::smGFP-V5-THS-10XUAS-FRT>STOP>FRT-myr::smGFP-FLAG in su(Hw)attP1/ TM3, Sb', objective: 'Plan-Apochromat 63x/1.40 Oil DIC M27', mounting protocol: 'DPX PBS Mounting', slide_code: '20141223_22_B5', age: 'Adult'	expression pattern fragment
63x-Brain-2210422180389322850	JRC_SS02592_Brain_20141223_22_B7_63x	female organism|adult brain|P{R75H07-GAL4.DBD} ∩ P{R12C04-p65.AD} expression pattern	JRC2018Unisex_c	SS02592|GMR_SS02592|JRC_SS02592	FlyLightRaw:SS02592|FlyLightRawSlideCode:20141223_22_B7|jrc_slide_code_api:20141223_22_B7	tile(s): 'right_optic_lobe (partial brain image, check tile names for imaged regions)', effector genotype: 'pBPhsFlp2::PEST in attP3;; pJFRC201-10XUAS-FRT>STOP>FRT-myr::smGFP-HA in VK00005,pJFRC240-10XUAS-FRT>STOP>FRT-myr::smGFP-V5-THS-10XUAS-FRT>STOP>FRT-myr::smGFP-FLAG in su(Hw)attP1/ TM3, Sb', objective: 'Plan-Apochromat 63x/1.40 Oil DIC M27', mounting protocol: 'DPX PBS Mounting', slide_code: '20141223_22_B7', age: 'Adult'	expression pattern fragment
63x-Brain-2210422194377326690	JRC_SS02592_Brain_20141223_22_B8_63x	female organism|adult brain|P{R75H07-GAL4.DBD} ∩ P{R12C04-p65.AD} expression pattern	JRC2018Unisex_c	SS02592|GMR_SS02592|JRC_SS02592	FlyLightRaw:SS02592|FlyLightRawSlideCode:20141223_22_B8|jrc_slide_code_api:20141223_22_B8	tile(s): 'left_optic_lobe (partial brain image, check tile names for imaged regions)', effector genotype: 'pBPhsFlp2::PEST in attP3;; pJFRC201-10XUAS-FRT>STOP>FRT-myr::smGFP-HA in VK00005,pJFRC240-10XUAS-FRT>STOP>FRT-myr::smGFP-V5-THS-10XUAS-FRT>STOP>FRT-myr::smGFP-FLAG in su(Hw)attP1/ TM3, Sb', objective: 'Plan-Apochromat 63x/1.40 Oil DIC M27', mounting protocol: 'DPX PBS Mounting', slide_code: '20141223_22_B8', age: 'Adult'	expression pattern fragment
63x-Brain-2210422215671808098	JRC_SS02594_Brain_20141223_22_C1_63x	female organism|adult brain|P{R73C02-GAL4.DBD} ∩ P{R26A02-p65.AD} expression pattern	JRC2018Unisex_c	SS02594|GMR_SS02594|JRC_SS02594	FlyLightRaw:SS02594|FlyLightRawSlideCode:20141223_22_C1|jrc_slide_code_api:20141223_22_C1	tile(s): 'right_optic_lobe (partial brain image, check tile names for imaged regions)', effector genotype: 'pBPhsFlp2::PEST in attP3;; pJFRC201-10XUAS-FRT>STOP>FRT-myr::smGFP-HA in VK00005,pJFRC240-10XUAS-FRT>STOP>FRT-myr::smGFP-V5-THS-10XUAS-FRT>STOP>FRT-myr::smGFP-FLAG in su(Hw)attP1/ TM3, Sb', objective: 'Plan-Apochromat 63x/1.40 Oil DIC M27', mounting protocol: 'DPX PBS Mounting', slide_code: '20141223_22_C1', age: 'Adult'	expression pattern fragment
63x-Brain-2210422239893913698	JRC_SS02594_Brain_20141223_22_C2_63x	female organism|adult brain|P{R73C02-GAL4.DBD} ∩ P{R26A02-p65.AD} expression pattern	JRC2018Unisex_c	SS02594|GMR_SS02594|JRC_SS02594	FlyLightRaw:SS02594|FlyLightRawSlideCode:20141223_22_C2|jrc_slide_code_api:20141223_22_C2	tile(s): 'right_optic_lobe (partial brain image, check tile names for imaged regions)', effector genotype: 'pBPhsFlp2::PEST in attP3;; pJFRC201-10XUAS-FRT>STOP>FRT-myr::smGFP-HA in VK00005,pJFRC240-10XUAS-FRT>STOP>FRT-myr::smGFP-V5-THS-10XUAS-FRT>STOP>FRT-myr::smGFP-FLAG in su(Hw)attP1/ TM3, Sb', objective: 'Plan-Apochromat 63x/1.40 Oil DIC M27', mounting protocol: 'DPX PBS Mounting', slide_code: '20141223_22_C2', age: 'Adult'	expression pattern fragment
63x-Brain-2210422269606363234	JRC_SS02594_Brain_20141223_22_C3_63x	female organism|adult brain|P{R73C02-GAL4.DBD} ∩ P{R26A02-p65.AD} expression pattern	JRC2018Unisex_c	SS02594|GMR_SS02594|JRC_SS02594	FlyLightSplit:SS02594|FlyLightSplitSlideCode:20141223_22_C3|jrc_slide_code_api:20141223_22_C3|neuronbridge:SS02594	tile(s): 'left_optic_lobe (partial brain image, check tile names for imaged regions)', effector genotype: 'pBPhsFlp2::PEST in attP3;; pJFRC201-10XUAS-FRT>STOP>FRT-myr::smGFP-HA in VK00005,pJFRC240-10XUAS-FRT>STOP>FRT-myr::smGFP-V5-THS-10XUAS-FRT>STOP>FRT-myr::smGFP-FLAG in su(Hw)attP1/ TM3, Sb', objective: 'Plan-Apochromat 63x/1.40 Oil DIC M27', mounting protocol: 'DPX PBS Mounting', slide_code: '20141223_22_C3', age: 'Adult'	expression pattern fragment
63x-Brain-2210422295678156898	JRC_SS02594_Brain_20141223_22_C4_63x	female organism|adult brain|P{R73C02-GAL4.DBD} ∩ P{R26A02-p65.AD} expression pattern	JRC2018Unisex_c	SS02594|GMR_SS02594|JRC_SS02594	FlyLightRaw:SS02594|FlyLightRawSlideCode:20141223_22_C4|jrc_slide_code_api:20141223_22_C4	tile(s): 'left_optic_lobe (partial brain image, check tile names for imaged regions)', effector genotype: 'pBPhsFlp2::PEST in attP3;; pJFRC201-10XUAS-FRT>STOP>FRT-myr::smGFP-HA in VK00005,pJFRC240-10XUAS-FRT>STOP>FRT-myr::smGFP-V5-THS-10XUAS-FRT>STOP>FRT-myr::smGFP-FLAG in su(Hw)attP1/ TM3, Sb', objective: 'Plan-Apochromat 63x/1.40 Oil DIC M27', mounting protocol: 'DPX PBS Mounting', slide_code: '20141223_22_C4', age: 'Adult'	expression pattern fragment
63x-Brain-2210422328980930658	JRC_SS02594_Brain_20141223_22_C5_63x	female organism|adult brain|P{R73C02-GAL4.DBD} ∩ P{R26A02-p65.AD} expression pattern	JRC2018Unisex_c	SS02594|GMR_SS02594|JRC_SS02594	FlyLightRaw:SS02594|FlyLightRawSlideCode:20141223_22_C5|jrc_slide_code_api:20141223_22_C5	tile(s): 'left_optic_lobe (partial brain image, check tile names for imaged regions)', effector genotype: 'pBPhsFlp2::PEST in attP3;; pJFRC201-10XUAS-FRT>STOP>FRT-myr::smGFP-HA in VK00005,pJFRC240-10XUAS-FRT>STOP>FRT-myr::smGFP-V5-THS-10XUAS-FRT>STOP>FRT-myr::smGFP-FLAG in su(Hw)attP1/ TM3, Sb', objective: 'Plan-Apochromat 63x/1.40 Oil DIC M27', mounting protocol: 'DPX PBS Mounting', slide_code: '20141223_22_C5', age: 'Adult'	expression pattern fragment
63x-Brain-2210422361394511970	JRC_SS02594_Brain_20141223_22_C6_63x	female organism|adult brain|P{R73C02-GAL4.DBD} ∩ P{R26A02-p65.AD} expression pattern	JRC2018Unisex_c	SS02594|GMR_SS02594|JRC_SS02594	FlyLightSplit:SS02594|FlyLightSplitSlideCode:20141223_22_C6|jrc_slide_code_api:20141223_22_C6|neuronbridge:SS02594	tile(s): 'right_optic_lobe (partial brain image, check tile names for imaged regions)', effector genotype: 'pBPhsFlp2::PEST in attP3;; pJFRC201-10XUAS-FRT>STOP>FRT-myr::smGFP-HA in VK00005,pJFRC240-10XUAS-FRT>STOP>FRT-myr::smGFP-V5-THS-10XUAS-FRT>STOP>FRT-myr::smGFP-FLAG in su(Hw)attP1/ TM3, Sb', objective: 'Plan-Apochromat 63x/1.40 Oil DIC M27', mounting protocol: 'DPX PBS Mounting', slide_code: '20141223_22_C6', age: 'Adult'	expression pattern fragment
63x-Brain-2210422390989520994	JRC_SS02594_Brain_20141223_22_C7_63x	female organism|adult brain|P{R73C02-GAL4.DBD} ∩ P{R26A02-p65.AD} expression pattern	JRC2018Unisex_c	SS02594|GMR_SS02594|JRC_SS02594	FlyLightRaw:SS02594|FlyLightRawSlideCode:20141223_22_C7|jrc_slide_code_api:20141223_22_C7	tile(s): 'left_optic_lobe (partial brain image, check tile names for imaged regions)', effector genotype: 'pBPhsFlp2::PEST in attP3;; pJFRC201-10XUAS-FRT>STOP>FRT-myr::smGFP-HA in VK00005,pJFRC240-10XUAS-FRT>STOP>FRT-myr::smGFP-V5-THS-10XUAS-FRT>STOP>FRT-myr::smGFP-FLAG in su(Hw)attP1/ TM3, Sb', objective: 'Plan-Apochromat 63x/1.40 Oil DIC M27', mounting protocol: 'DPX PBS Mounting', slide_code: '20141223_22_C7', age: 'Adult'	expression pattern fragment
63x-Brain-2210422412908953698	JRC_SS02594_Brain_20141223_22_C8_63x	female organism|adult brain|P{R73C02-GAL4.DBD} ∩ P{R26A02-p65.AD} expression pattern	JRC2018Unisex_c	SS02594|GMR_SS02594|JRC_SS02594	FlyLightRaw:SS02594|FlyLightRawSlideCode:20141223_22_C8|jrc_slide_code_api:20141223_22_C8	tile(s): 'right_optic_lobe (partial brain image, check tile names for imaged regions)', effector genotype: 'pBPhsFlp2::PEST in attP3;; pJFRC201-10XUAS-FRT>STOP>FRT-myr::smGFP-HA in VK00005,pJFRC240-10XUAS-FRT>STOP>FRT-myr::smGFP-V5-THS-10XUAS-FRT>STOP>FRT-myr::smGFP-FLAG in su(Hw)attP1/ TM3, Sb', objective: 'Plan-Apochromat 63x/1.40 Oil DIC M27', mounting protocol: 'DPX PBS Mounting', slide_code: '20141223_22_C8', age: 'Adult'	expression pattern fragment
63x-Brain-2100932849942134882	JRC_SS02361_Brain_20141223_32_C2_63x	female organism|adult brain|P{R70B10-GAL4.DBD} ∩ P{R53D12-p65.AD} expression pattern	JRC2018Unisex_c	SS02361|GMR_SS02361|JRC_SS02361	FlyLightSplit:SS02361|FlyLightSplitSlideCode:20141223_32_C2|jrc_slide_code_api:20141223_32_C2|neuronbridge:SS02361	tile(s): 'left_optic_lobe (partial brain image, check tile names for imaged regions)', effector genotype: 'w;;pJFRC225-5XUAS-IVS-myr::smFLAG in VK00005, pJFRC51-3XUAS-IVS-Syt::smHA in su(Hw)attP1', objective: 'Plan-Apochromat 63x/1.40 Oil DIC M27', mounting protocol: 'DPX PBS Mounting', slide_code: '20141223_32_C2', age: 'Day 1-5'	expression pattern fragment
63x-Brain-2100932852760707170	JRC_SS02361_Brain_20141223_32_C3_63x	female organism|adult brain|P{R70B10-GAL4.DBD} ∩ P{R53D12-p65.AD} expression pattern	JRC2018Unisex_c	SS02361|GMR_SS02361|JRC_SS02361	FlyLightRaw:SS02361|FlyLightRawSlideCode:20141223_32_C3|jrc_slide_code_api:20141223_32_C3	tile(s): 'right_optic_lobe (partial brain image, check tile names for imaged regions)', effector genotype: 'w;;pJFRC225-5XUAS-IVS-myr::smFLAG in VK00005, pJFRC51-3XUAS-IVS-Syt::smHA in su(Hw)attP1', objective: 'Plan-Apochromat 63x/1.40 Oil DIC M27', mounting protocol: 'DPX PBS Mounting', slide_code: '20141223_32_C3', age: 'Day 1-5'	expression pattern fragment
63x-Brain-2110262997837414498	JRC_SS02427_Brain_20150121_31_H3_63x	female organism|adult brain|P{VT017422-GAL4.DBD} ∩ P{R19G04-p65.AD} expression pattern	JRC2018Unisex_c	SS02427|GMR_SS02427|JRC_SS02427	FlyLightSplit:SS02427|FlyLightSplitSlideCode:20150121_31_H3|jrc_slide_code_api:20150121_31_H3|neuronbridge:SS02427	tile(s): 'right_optic_lobe (partial brain image, check tile names for imaged regions)', effector genotype: 'w;;pJFRC225-5XUAS-IVS-myr::smFLAG in VK00005, pJFRC51-3XUAS-IVS-Syt::smHA in su(Hw)attP1', objective: 'Plan-Apochromat 63x/1.40 Oil DIC M27', mounting protocol: 'DPX PBS Mounting', slide_code: '20150121_31_H3', age: 'Day 1-5'	expression pattern fragment
63x-Brain-2110263006045667426	JRC_SS02427_Brain_20150121_31_H4_63x	female organism|adult brain|P{VT017422-GAL4.DBD} ∩ P{R19G04-p65.AD} expression pattern	JRC2018Unisex_c	SS02427|GMR_SS02427|JRC_SS02427	FlyLightRaw:SS02427|FlyLightRawSlideCode:20150121_31_H4|jrc_slide_code_api:20150121_31_H4	tile(s): 'left_optic_lobe (partial brain image, check tile names for imaged regions)', effector genotype: 'w;;pJFRC225-5XUAS-IVS-myr::smFLAG in VK00005, pJFRC51-3XUAS-IVS-Syt::smHA in su(Hw)attP1', objective: 'Plan-Apochromat 63x/1.40 Oil DIC M27', mounting protocol: 'DPX PBS Mounting', slide_code: '20150121_31_H4', age: 'Day 1-5'	expression pattern fragment
63x-Brain-2110263016355266658	JRC_SS02427_Brain_20150121_31_H5_63x	female organism|adult brain|P{VT017422-GAL4.DBD} ∩ P{R19G04-p65.AD} expression pattern	JRC2018Unisex_c	SS02427|GMR_SS02427|JRC_SS02427	FlyLightRaw:SS02427|FlyLightRawSlideCode:20150121_31_H5|jrc_slide_code_api:20150121_31_H5	tile(s): 'left_optic_lobe (partial brain image, check tile names for imaged regions)', effector genotype: 'w;;pJFRC225-5XUAS-IVS-myr::smFLAG in VK00005, pJFRC51-3XUAS-IVS-Syt::smHA in su(Hw)attP1', objective: 'Plan-Apochromat 63x/1.40 Oil DIC M27', mounting protocol: 'DPX PBS Mounting', slide_code: '20150121_31_H5', age: 'Day 1-5'	expression pattern fragment
63x-Brain-2110263308517900386	JRC_SS02448_Brain_20150128_31_I2_63x	female organism|adult brain|P{R41C05-GAL4.DBD} ∩ P{VT046779-p65.AD} expression pattern	JRC2018Unisex_c	SS02448|GMR_SS02448|JRC_SS02448	FlyLightSplit:SS02448|FlyLightSplitSlideCode:20150128_31_I2|jrc_slide_code_api:20150128_31_I2|neuronbridge:SS02448	tile(s): 'left_optic_lobe (partial brain image, check tile names for imaged regions)', effector genotype: 'w;;pJFRC225-5XUAS-IVS-myr::smFLAG in VK00005, pJFRC51-3XUAS-IVS-Syt::smHA in su(Hw)attP1', objective: 'Plan-Apochromat 63x/1.40 Oil DIC M27', mounting protocol: 'DPX PBS Mounting', slide_code: '20150128_31_I2', age: 'Day 1-5'	expression pattern fragment
63x-Brain-2110263327274827874	JRC_SS02448_Brain_20150128_31_I4_63x	female organism|adult brain|P{R41C05-GAL4.DBD} ∩ P{VT046779-p65.AD} expression pattern	JRC2018Unisex_c	SS02448|GMR_SS02448|JRC_SS02448	FlyLightRaw:SS02448|FlyLightRawSlideCode:20150128_31_I4|jrc_slide_code_api:20150128_31_I4	tile(s): 'left_optic_lobe (partial brain image, check tile names for imaged regions)', effector genotype: 'w;;pJFRC225-5XUAS-IVS-myr::smFLAG in VK00005, pJFRC51-3XUAS-IVS-Syt::smHA in su(Hw)attP1', objective: 'Plan-Apochromat 63x/1.40 Oil DIC M27', mounting protocol: 'DPX PBS Mounting', slide_code: '20150128_31_I4', age: 'Day 1-5'	expression pattern fragment
63x-Brain-2133018340254285922	JRC_SS02592_Brain_20150211_31_B1_63x	female organism|adult brain|P{R75H07-GAL4.DBD} ∩ P{R12C04-p65.AD} expression pattern	JRC2018Unisex_c	SS02592|GMR_SS02592|JRC_SS02592	FlyLightRaw:SS02592|FlyLightRawSlideCode:20150211_31_B1|jrc_slide_code_api:20150211_31_B1	tile(s): 'left_optic_lobe (partial brain image, check tile names for imaged regions)', effector genotype: 'w;;pJFRC225-5XUAS-IVS-myr::smFLAG in VK00005, pJFRC51-3XUAS-IVS-Syt::smHA in su(Hw)attP1', objective: 'Plan-Apochromat 63x/1.40 Oil DIC M27', mounting protocol: 'DPX PBS Mounting', slide_code: '20150211_31_B1', age: 'Day 1-5'	expression pattern fragment
63x-Brain-2133018359795548258	JRC_SS02592_Brain_20150211_31_B3_63x	female organism|adult brain|P{R75H07-GAL4.DBD} ∩ P{R12C04-p65.AD} expression pattern	JRC2018Unisex_c	SS02592|GMR_SS02592|JRC_SS02592	FlyLightSplit:SS02592|FlyLightSplitSlideCode:20150211_31_B3|jrc_slide_code_api:20150211_31_B3|neuronbridge:SS02592	tile(s): 'right_optic_lobe (partial brain image, check tile names for imaged regions)', effector genotype: 'w;;pJFRC225-5XUAS-IVS-myr::smFLAG in VK00005, pJFRC51-3XUAS-IVS-Syt::smHA in su(Hw)attP1', objective: 'Plan-Apochromat 63x/1.40 Oil DIC M27', mounting protocol: 'DPX PBS Mounting', slide_code: '20150211_31_B3', age: 'Day 1-5'	expression pattern fragment
63x-Brain-2133018367307546722	JRC_SS02592_Brain_20150211_31_B4_63x	female organism|adult brain|P{R75H07-GAL4.DBD} ∩ P{R12C04-p65.AD} expression pattern	JRC2018Unisex_c	SS02592|GMR_SS02592|JRC_SS02592	FlyLightRaw:SS02592|FlyLightRawSlideCode:20150211_31_B4|jrc_slide_code_api:20150211_31_B4	tile(s): 'left_optic_lobe (partial brain image, check tile names for imaged regions)', effector genotype: 'w;;pJFRC225-5XUAS-IVS-myr::smFLAG in VK00005, pJFRC51-3XUAS-IVS-Syt::smHA in su(Hw)attP1', objective: 'Plan-Apochromat 63x/1.40 Oil DIC M27', mounting protocol: 'DPX PBS Mounting', slide_code: '20150211_31_B4', age: 'Day 1-5'	expression pattern fragment
63x-Brain-2133018381853392994	JRC_SS02594_Brain_20150211_31_C2_63x	female organism|adult brain|P{R73C02-GAL4.DBD} ∩ P{R26A02-p65.AD} expression pattern	JRC2018Unisex_c	SS02594|GMR_SS02594|JRC_SS02594	FlyLightSplit:SS02594|FlyLightSplitSlideCode:20150211_31_C2|jrc_slide_code_api:20150211_31_C2|neuronbridge:SS02594	tile(s): 'right_optic_lobe (partial brain image, check tile names for imaged regions)', effector genotype: 'w;;pJFRC225-5XUAS-IVS-myr::smFLAG in VK00005, pJFRC51-3XUAS-IVS-Syt::smHA in su(Hw)attP1', objective: 'Plan-Apochromat 63x/1.40 Oil DIC M27', mounting protocol: 'DPX PBS Mounting', slide_code: '20150211_31_C2', age: 'Day 1-5'	expression pattern fragment
63x-Brain-2133018389176647778	JRC_SS02594_Brain_20150211_31_C3_63x	female organism|adult brain|P{R73C02-GAL4.DBD} ∩ P{R26A02-p65.AD} expression pattern	JRC2018Unisex_c	SS02594|GMR_SS02594|JRC_SS02594	FlyLightRaw:SS02594|FlyLightRawSlideCode:20150211_31_C3|jrc_slide_code_api:20150211_31_C3	tile(s): 'left_optic_lobe (partial brain image, check tile names for imaged regions)', effector genotype: 'w;;pJFRC225-5XUAS-IVS-myr::smFLAG in VK00005, pJFRC51-3XUAS-IVS-Syt::smHA in su(Hw)attP1', objective: 'Plan-Apochromat 63x/1.40 Oil DIC M27', mounting protocol: 'DPX PBS Mounting', slide_code: '20150211_31_C3', age: 'Day 1-5'	expression pattern fragment
63x-Brain-2133018396176941154	JRC_SS02594_Brain_20150211_31_C4_63x	female organism|adult brain|P{R73C02-GAL4.DBD} ∩ P{R26A02-p65.AD} expression pattern	JRC2018Unisex_c	SS02594|GMR_SS02594|JRC_SS02594	FlyLightRaw:SS02594|FlyLightRawSlideCode:20150211_31_C4|jrc_slide_code_api:20150211_31_C4	tile(s): 'right_optic_lobe (partial brain image, check tile names for imaged regions)', effector genotype: 'w;;pJFRC225-5XUAS-IVS-myr::smFLAG in VK00005, pJFRC51-3XUAS-IVS-Syt::smHA in su(Hw)attP1', objective: 'Plan-Apochromat 63x/1.40 Oil DIC M27', mounting protocol: 'DPX PBS Mounting', slide_code: '20150211_31_C4', age: 'Day 1-5'	expression pattern fragment
63x-Brain-2133018401243660386	JRC_SS02594_Brain_20150211_31_C5_63x	female organism|adult brain|P{R73C02-GAL4.DBD} ∩ P{R26A02-p65.AD} expression pattern	JRC2018Unisex_c	SS02594|GMR_SS02594|JRC_SS02594	FlyLightRaw:SS02594|FlyLightRawSlideCode:20150211_31_C5|jrc_slide_code_api:20150211_31_C5	tile(s): 'right_optic_lobe (partial brain image, check tile names for imaged regions)', effector genotype: 'w;;pJFRC225-5XUAS-IVS-myr::smFLAG in VK00005, pJFRC51-3XUAS-IVS-Syt::smHA in su(Hw)attP1', objective: 'Plan-Apochromat 63x/1.40 Oil DIC M27', mounting protocol: 'DPX PBS Mounting', slide_code: '20150211_31_C5', age: 'Day 1-5'	expression pattern fragment
63x-Brain-2149428707058516066	JRC_SS03159_Brain_20150428_31_G3_63x	female organism|adult brain|P{R15C01-GAL4.DBD} ∩ P{VT043162-p65.AD} expression pattern	JRC2018Unisex_c	SS03159|JRC_SS03159	FlyLightRaw:SS03159|FlyLightRawSlideCode:20150428_31_G3|jrc_slide_code_api:20150428_31_G3	tile(s): 'left_optic_lobe (partial brain image, check tile names for imaged regions)', effector genotype: 'w;;pJFRC225-5XUAS-IVS-myr::smFLAG in VK00005, pJFRC51-3XUAS-IVS-Syt::smHA in su(Hw)attP1', objective: 'Plan-Apochromat 63x/1.40 Oil DIC M27', mounting protocol: 'DPX PBS Mounting', slide_code: '20150428_31_G3', age: 'Day 1-5'	expression pattern fragment
63x-Brain-2149428719364604002	JRC_SS03159_Brain_20150428_31_G4_63x	female organism|adult brain|P{R15C01-GAL4.DBD} ∩ P{VT043162-p65.AD} expression pattern	JRC2018Unisex_c	SS03159|JRC_SS03159	FlyLightSplit:SS03159|FlyLightSplitSlideCode:20150428_31_G4|jrc_slide_code_api:20150428_31_G4|neuronbridge:SS03159	tile(s): 'right_optic_lobe (partial brain image, check tile names for imaged regions)', effector genotype: 'w;;pJFRC225-5XUAS-IVS-myr::smFLAG in VK00005, pJFRC51-3XUAS-IVS-Syt::smHA in su(Hw)attP1', objective: 'Plan-Apochromat 63x/1.40 Oil DIC M27', mounting protocol: 'DPX PBS Mounting', slide_code: '20150428_31_G4', age: 'Day 1-5'	expression pattern fragment
63x-Brain-2149429031043334242	JRC_SS03159_Brain_20150505_31_I2_63x	female organism|adult brain|P{R15C01-GAL4.DBD} ∩ P{VT043162-p65.AD} expression pattern	JRC2018Unisex_c	SS03159|JRC_SS03159	FlyLightRaw:SS03159|FlyLightRawSlideCode:20150505_31_I2|jrc_slide_code_api:20150505_31_I2	tile(s): 'left_optic_lobe (partial brain image, check tile names for imaged regions)', effector genotype: 'w;;pJFRC225-5XUAS-IVS-myr::smFLAG in VK00005, pJFRC51-3XUAS-IVS-Syt::smHA in su(Hw)attP1', objective: 'Plan-Apochromat 63x/1.40 Oil M27', mounting protocol: 'DPX PBS Mounting', slide_code: '20150505_31_I2', age: 'Day 1-5'	expression pattern fragment
63x-Brain-2149429043651412066	JRC_SS03159_Brain_20150505_31_I3_63x	female organism|adult brain|P{R15C01-GAL4.DBD} ∩ P{VT043162-p65.AD} expression pattern	JRC2018Unisex_c	SS03159|JRC_SS03159	FlyLightRaw:SS03159|FlyLightRawSlideCode:20150505_31_I3|jrc_slide_code_api:20150505_31_I3	tile(s): 'right_optic_lobe (partial brain image, check tile names for imaged regions)', effector genotype: 'w;;pJFRC225-5XUAS-IVS-myr::smFLAG in VK00005, pJFRC51-3XUAS-IVS-Syt::smHA in su(Hw)attP1', objective: 'Plan-Apochromat 63x/1.40 Oil M27', mounting protocol: 'DPX PBS Mounting', slide_code: '20150505_31_I3', age: 'Day 1-5'	expression pattern fragment
63x-Brain-2149429054695014498	JRC_SS03159_Brain_20150505_31_I4_63x	female organism|adult brain|P{R15C01-GAL4.DBD} ∩ P{VT043162-p65.AD} expression pattern	JRC2018Unisex_c	SS03159|JRC_SS03159	FlyLightRaw:SS03159|FlyLightRawSlideCode:20150505_31_I4|jrc_slide_code_api:20150505_31_I4	tile(s): 'left_optic_lobe (partial brain image, check tile names for imaged regions)', effector genotype: 'w;;pJFRC225-5XUAS-IVS-myr::smFLAG in VK00005, pJFRC51-3XUAS-IVS-Syt::smHA in su(Hw)attP1', objective: 'Plan-Apochromat 63x/1.40 Oil M27', mounting protocol: 'DPX PBS Mounting', slide_code: '20150505_31_I4', age: 'Day 1-5'	expression pattern fragment
63x-Brain-2210443145596895330	JRC_SS02360_Brain_20150507_20_B5_63x	female organism|adult brain|P{R70B10-GAL4.DBD} ∩ PBac{R53D12-p65.AD} expression pattern	JRC2018Unisex_c	SS02360|GMR_SS02360|JRC_SS02360	FlyLightRaw:SS02360|FlyLightRawSlideCode:20150507_20_B5|jrc_slide_code_api:20150507_20_B5	tile(s): 'right_optic_lobe (partial brain image, check tile names for imaged regions)', effector genotype: 'pBPhsFlp2::PEST in attP3;; pJFRC201-10XUAS-FRT>STOP>FRT-myr::smGFP-HA in VK00005,pJFRC240-10XUAS-FRT>STOP>FRT-myr::smGFP-V5-THS-10XUAS-FRT>STOP>FRT-myr::smGFP-FLAG in su(Hw)attP1/ TM3, Sb', objective: 'Plan-Apochromat 63x/1.40 Oil DIC M27', mounting protocol: 'DPX PBS Mounting', slide_code: '20150507_20_B5', age: 'Adult'	expression pattern fragment
63x-Brain-2155261824767885410	JRC_SS02360_Brain_20150512_31_I3_63x	female organism|adult brain|P{R70B10-GAL4.DBD} ∩ PBac{R53D12-p65.AD} expression pattern	JRC2018Unisex_c	SS02360|GMR_SS02360|JRC_SS02360	FlyLightSplit:SS02360|FlyLightSplitSlideCode:20150512_31_I3|jrc_slide_code_api:20150512_31_I3|neuronbridge:SS02360	tile(s): 'left_optic_lobe (partial brain image, check tile names for imaged regions)', effector genotype: 'w;;pJFRC225-5XUAS-IVS-myr::smFLAG in VK00005, pJFRC51-3XUAS-IVS-Syt::smHA in su(Hw)attP1', objective: 'Plan-Apochromat 63x/1.40 Oil DIC M27', mounting protocol: 'DPX PBS Mounting', slide_code: '20150512_31_I3', age: 'Day 1-5'	expression pattern fragment
63x-Brain-2155261832690925666	JRC_SS02360_Brain_20150512_31_I5_63x	female organism|adult brain|P{R70B10-GAL4.DBD} ∩ PBac{R53D12-p65.AD} expression pattern	JRC2018Unisex_c	SS02360|GMR_SS02360|JRC_SS02360	FlyLightRaw:SS02360|FlyLightRawSlideCode:20150512_31_I5|jrc_slide_code_api:20150512_31_I5	tile(s): 'left_optic_lobe (partial brain image, check tile names for imaged regions)', effector genotype: 'w;;pJFRC225-5XUAS-IVS-myr::smFLAG in VK00005, pJFRC51-3XUAS-IVS-Syt::smHA in su(Hw)attP1', objective: 'Plan-Apochromat 63x/1.40 Oil DIC M27', mounting protocol: 'DPX PBS Mounting', slide_code: '20150512_31_I5', age: 'Day 1-5'	expression pattern fragment
63x-Brain-2210471050838278242	JRC_SS03159_Brain_20150709_19_G1_63x	female organism|adult brain|P{R15C01-GAL4.DBD} ∩ P{VT043162-p65.AD} expression pattern	JRC2018Unisex_c	SS03159|JRC_SS03159	FlyLightRaw:SS03159|FlyLightRawSlideCode:20150709_19_G1|jrc_slide_code_api:20150709_19_G1	tile(s): 'left_optic_lobe (partial brain image, check tile names for imaged regions)', effector genotype: 'pBPhsFlp2::PEST in attP3;; pJFRC201-10XUAS-FRT>STOP>FRT-myr::smGFP-HA in VK00005,pJFRC240-10XUAS-FRT>STOP>FRT-myr::smGFP-V5-THS-10XUAS-FRT>STOP>FRT-myr::smGFP-FLAG in su(Hw)attP1/ TM3, Sb', objective: 'Plan-Apochromat 63x/1.40 Oil DIC M27', mounting protocol: 'DPX PBS Mounting', slide_code: '20150709_19_G1', age: 'Adult'	expression pattern fragment
63x-Brain-2210471272129757282	JRC_SS03159_Brain_20150709_19_G3_63x	female organism|adult brain|P{R15C01-GAL4.DBD} ∩ P{VT043162-p65.AD} expression pattern	JRC2018Unisex_c	SS03159|JRC_SS03159	FlyLightRaw:SS03159|FlyLightRawSlideCode:20150709_19_G3|jrc_slide_code_api:20150709_19_G3	tile(s): 'left_optic_lobe (partial brain image, check tile names for imaged regions)', effector genotype: 'pBPhsFlp2::PEST in attP3;; pJFRC201-10XUAS-FRT>STOP>FRT-myr::smGFP-HA in VK00005,pJFRC240-10XUAS-FRT>STOP>FRT-myr::smGFP-V5-THS-10XUAS-FRT>STOP>FRT-myr::smGFP-FLAG in su(Hw)attP1/ TM3, Sb', objective: 'Plan-Apochromat 63x/1.40 Oil DIC M27', mounting protocol: 'DPX PBS Mounting', slide_code: '20150709_19_G3', age: 'Adult'	expression pattern fragment
63x-Brain-2182284725853356130	JRC_SS03656_Brain_20150729_31_I4_63x	female organism|adult brain|P{VT045575-GAL4.DBD} ∩ P{VT061221-p65.AD} expression pattern	JRC2018Unisex_c	SS03656|JRC_SS03656	FlyLightRaw:SS03656|FlyLightRawSlideCode:20150729_31_I4|jrc_slide_code_api:20150729_31_I4	tile(s): 'left_optic_lobe (partial brain image, check tile names for imaged regions)', effector genotype: 'w;;pJFRC225-5XUAS-IVS-myr::smFLAG in VK00005, pJFRC51-3XUAS-IVS-Syt::smHA in su(Hw)attP1', objective: 'Plan-Apochromat 63x/1.40 Oil M27', mounting protocol: 'DPX PBS Mounting', slide_code: '20150729_31_I4', age: 'Day 1-5'	expression pattern fragment
63x-Brain-2182284731343700066	JRC_SS03656_Brain_20150729_31_I5_63x	female organism|adult brain|P{VT045575-GAL4.DBD} ∩ P{VT061221-p65.AD} expression pattern	JRC2018Unisex_c	SS03656|JRC_SS03656	FlyLightRaw:SS03656|FlyLightRawSlideCode:20150729_31_I5|jrc_slide_code_api:20150729_31_I5	tile(s): 'right_optic_lobe (partial brain image, check tile names for imaged regions)', effector genotype: 'w;;pJFRC225-5XUAS-IVS-myr::smFLAG in VK00005, pJFRC51-3XUAS-IVS-Syt::smHA in su(Hw)attP1', objective: 'Plan-Apochromat 63x/1.40 Oil M27', mounting protocol: 'DPX PBS Mounting', slide_code: '20150729_31_I5', age: 'Day 1-5'	expression pattern fragment
63x-Brain-2210479885900578914	JRC_SS03656_Brain_20150821_22_A1_63x	female organism|adult brain|P{VT045575-GAL4.DBD} ∩ P{VT061221-p65.AD} expression pattern	JRC2018Unisex_c	SS03656|JRC_SS03656	FlyLightRaw:SS03656|FlyLightRawSlideCode:20150821_22_A1|jrc_slide_code_api:20150821_22_A1	tile(s): 'right_optic_lobe (partial brain image, check tile names for imaged regions)', effector genotype: 'pBPhsFlp2::PEST in attP3;; pJFRC201-10XUAS-FRT>STOP>FRT-myr::smGFP-HA in VK00005,pJFRC240-10XUAS-FRT>STOP>FRT-myr::smGFP-V5-THS-10XUAS-FRT>STOP>FRT-myr::smGFP-FLAG in su(Hw)attP1/ TM3, Sb', objective: 'Plan-Apochromat 63x/1.40 Oil DIC M27', mounting protocol: 'DPX PBS Mounting', slide_code: '20150821_22_A1', age: 'Adult'	expression pattern fragment
63x-Brain-2290563883225579594	JRC_SS21452_Brain_20160601_31_B3_63x	female organism|adult brain|P{R42F06-GAL4.DBD} ∩ P{VT055812-p65.AD} expression pattern	JRC2018Unisex_c	SS21452|JRC_SS21452	FlyLightRaw:SS21452|FlyLightRawSlideCode:20160601_31_B3|jrc_slide_code_api:20160601_31_B3	tile(s): 'right_optic_lobe (partial brain image, check tile names for imaged regions)', effector genotype: 'w;;pJFRC225-5XUAS-IVS-myr::smFLAG in VK00005, pJFRC51-3XUAS-IVS-Syt::smHA in su(Hw)attP1', objective: 'Plan-Apochromat 63x/1.40 Oil DIC M27', mounting protocol: 'DPX PBS Mounting', slide_code: '20160601_31_B3', age: 'Day 1-5'	expression pattern fragment
63x-Brain-2288426130555797541	JRC_SS23757_Brain_20160621_31_C1_63x	female organism|adult brain|P{VT043070-GAL4.DBD} ∩ P{R24A07-p65.AD} expression pattern	JRC2018Unisex_c	SS23757|JRC_SS23757	FlyLightSplit:SS23757|FlyLightSplitSlideCode:20160621_31_C1|jrc_slide_code_api:20160621_31_C1|neuronbridge:SS23757	tile(s): 'left_optic_lobe (partial brain image, check tile names for imaged regions)', effector genotype: 'w;;pJFRC225-5XUAS-IVS-myr::smFLAG in VK00005, pJFRC51-3XUAS-IVS-Syt::smHA in su(Hw)attP1', objective: 'Plan-Apochromat 63x/1.40 Oil DIC M27', mounting protocol: 'DPX PBS Mounting', slide_code: '20160621_31_C1', age: 'Day 1-5'	expression pattern fragment
63x-Brain-2288426132292239397	JRC_SS23757_Brain_20160621_31_C2_63x	female organism|adult brain|P{VT043070-GAL4.DBD} ∩ P{R24A07-p65.AD} expression pattern	JRC2018Unisex_c	SS23757|JRC_SS23757	FlyLightRaw:SS23757|FlyLightRawSlideCode:20160621_31_C2|jrc_slide_code_api:20160621_31_C2	tile(s): 'right_optic_lobe (partial brain image, check tile names for imaged regions)', effector genotype: 'w;;pJFRC225-5XUAS-IVS-myr::smFLAG in VK00005, pJFRC51-3XUAS-IVS-Syt::smHA in su(Hw)attP1', objective: 'Plan-Apochromat 63x/1.40 Oil DIC M27', mounting protocol: 'DPX PBS Mounting', slide_code: '20160621_31_C2', age: 'Day 1-5'	expression pattern fragment
63x-Brain-2288426133726691365	JRC_SS23757_Brain_20160621_31_C4_63x	female organism|adult brain|P{VT043070-GAL4.DBD} ∩ P{R24A07-p65.AD} expression pattern	JRC2018Unisex_c	SS23757|JRC_SS23757	FlyLightSplit:SS23757|FlyLightSplitSlideCode:20160621_31_C4|jrc_slide_code_api:20160621_31_C4|neuronbridge:SS23757	tile(s): 'right_optic_lobe (partial brain image, check tile names for imaged regions)', effector genotype: 'w;;pJFRC225-5XUAS-IVS-myr::smFLAG in VK00005, pJFRC51-3XUAS-IVS-Syt::smHA in su(Hw)attP1', objective: 'Plan-Apochromat 63x/1.40 Oil DIC M27', mounting protocol: 'DPX PBS Mounting', slide_code: '20160621_31_C4', age: 'Day 1-5'	expression pattern fragment
63x-Brain-2288426118383927333	JRC_SS23866_Brain_20160621_31_H1_63x	female organism|adult brain|P{R39H12-GAL4.DBD} ∩ P{VT015785-p65.AD} expression pattern	JRC2018Unisex_c	SS23866|JRC_SS23866	FlyLightRaw:SS23866|FlyLightRawSlideCode:20160621_31_H1|jrc_slide_code_api:20160621_31_H1	tile(s): 'left_optic_lobe (partial brain image, check tile names for imaged regions)', effector genotype: 'w;;pJFRC225-5XUAS-IVS-myr::smFLAG in VK00005, pJFRC51-3XUAS-IVS-Syt::smHA in su(Hw)attP1', objective: 'Plan-Apochromat 63x/1.40 Oil DIC M27', mounting protocol: 'DPX PBS Mounting', slide_code: '20160621_31_H1', age: 'Day 1-5'	expression pattern fragment
63x-Brain-2288426119797407781	JRC_SS23866_Brain_20160621_31_H2_63x	female organism|adult brain|P{R39H12-GAL4.DBD} ∩ P{VT015785-p65.AD} expression pattern	JRC2018Unisex_c	SS23866|JRC_SS23866	FlyLightSplit:SS23866|FlyLightSplitSlideCode:20160621_31_H2|jrc_slide_code_api:20160621_31_H2|neuronbridge:SS23866	tile(s): 'right_optic_lobe (partial brain image, check tile names for imaged regions)', effector genotype: 'w;;pJFRC225-5XUAS-IVS-myr::smFLAG in VK00005, pJFRC51-3XUAS-IVS-Syt::smHA in su(Hw)attP1', objective: 'Plan-Apochromat 63x/1.40 Oil DIC M27', mounting protocol: 'DPX PBS Mounting', slide_code: '20160621_31_H2', age: 'Day 1-5'	expression pattern fragment
63x-Brain-2288426121185722405	JRC_SS23866_Brain_20160621_31_H3_63x	female organism|adult brain|P{R39H12-GAL4.DBD} ∩ P{VT015785-p65.AD} expression pattern	JRC2018Unisex_c	SS23866|JRC_SS23866	FlyLightRaw:SS23866|FlyLightRawSlideCode:20160621_31_H3|jrc_slide_code_api:20160621_31_H3	tile(s): 'left_optic_lobe (partial brain image, check tile names for imaged regions)', effector genotype: 'w;;pJFRC225-5XUAS-IVS-myr::smFLAG in VK00005, pJFRC51-3XUAS-IVS-Syt::smHA in su(Hw)attP1', objective: 'Plan-Apochromat 63x/1.40 Oil DIC M27', mounting protocol: 'DPX PBS Mounting', slide_code: '20160621_31_H3', age: 'Day 1-5'	expression pattern fragment
63x-Brain-2288426123203182629	JRC_SS23866_Brain_20160621_31_H4_63x	female organism|adult brain|P{R39H12-GAL4.DBD} ∩ P{VT015785-p65.AD} expression pattern	JRC2018Unisex_c	SS23866|JRC_SS23866	FlyLightSplit:SS23866|FlyLightSplitSlideCode:20160621_31_H4|jrc_slide_code_api:20160621_31_H4|neuronbridge:SS23866	tile(s): 'right_optic_lobe (partial brain image, check tile names for imaged regions)', effector genotype: 'w;;pJFRC225-5XUAS-IVS-myr::smFLAG in VK00005, pJFRC51-3XUAS-IVS-Syt::smHA in su(Hw)attP1', objective: 'Plan-Apochromat 63x/1.40 Oil DIC M27', mounting protocol: 'DPX PBS Mounting', slide_code: '20160621_31_H4', age: 'Day 1-5'	expression pattern fragment
63x-Brain-2311697257281355850	JRC_SS25175_Brain_20160823_31_G1_63x	female organism|adult brain|P{R47H05-GAL4.DBD} ∩ P{VT055812-p65.AD} expression pattern	JRC2018Unisex_c	SS25175|JRC_SS25175	FlyLightSplit:SS25175|FlyLightSplitSlideCode:20160823_31_G1|jrc_slide_code_api:20160823_31_G1|neuronbridge:SS25175	tile(s): 'left_optic_lobe (partial brain image, check tile names for imaged regions)', effector genotype: 'w;;pJFRC225-5XUAS-IVS-myr::smFLAG in VK00005, pJFRC51-3XUAS-IVS-Syt::smHA in su(Hw)attP1', objective: 'Plan-Apochromat 63x/1.4 Oil DIC M27', mounting protocol: 'DPX PBS Mounting', slide_code: '20160823_31_G1', age: 'Day 1-5'	expression pattern fragment
63x-Brain-2311697257398796362	JRC_SS25175_Brain_20160823_31_G2_63x	female organism|adult brain|P{R47H05-GAL4.DBD} ∩ P{VT055812-p65.AD} expression pattern	JRC2018Unisex_c	SS25175|JRC_SS25175	FlyLightRaw:SS25175|FlyLightRawSlideCode:20160823_31_G2|jrc_slide_code_api:20160823_31_G2	tile(s): 'right_optic_lobe (partial brain image, check tile names for imaged regions)', effector genotype: 'w;;pJFRC225-5XUAS-IVS-myr::smFLAG in VK00005, pJFRC51-3XUAS-IVS-Syt::smHA in su(Hw)attP1', objective: 'Plan-Apochromat 63x/1.40 Oil DIC M27', mounting protocol: 'DPX PBS Mounting', slide_code: '20160823_31_G2', age: 'Day 1-5'	expression pattern fragment
63x-Brain-2311697257520431178	JRC_SS25175_Brain_20160823_31_G3_63x	female organism|adult brain|P{R47H05-GAL4.DBD} ∩ P{VT055812-p65.AD} expression pattern	JRC2018Unisex_c	SS25175|JRC_SS25175	FlyLightRaw:SS25175|FlyLightRawSlideCode:20160823_31_G3|jrc_slide_code_api:20160823_31_G3	tile(s): 'left_optic_lobe (partial brain image, check tile names for imaged regions)', effector genotype: 'w;;pJFRC225-5XUAS-IVS-myr::smFLAG in VK00005, pJFRC51-3XUAS-IVS-Syt::smHA in su(Hw)attP1', objective: 'Plan-Apochromat 63x/1.40 Oil DIC M27', mounting protocol: 'DPX PBS Mounting', slide_code: '20160823_31_G3', age: 'Day 1-5'	expression pattern fragment
63x-Brain-2311697257696591946	JRC_SS25175_Brain_20160823_31_G4_63x	female organism|adult brain|P{R47H05-GAL4.DBD} ∩ P{VT055812-p65.AD} expression pattern	JRC2018Unisex_c	SS25175|JRC_SS25175	FlyLightSplit:SS25175|FlyLightSplitSlideCode:20160823_31_G4|jrc_slide_code_api:20160823_31_G4|neuronbridge:SS25175	tile(s): 'right_optic_lobe (partial brain image, check tile names for imaged regions)', effector genotype: 'w;;pJFRC225-5XUAS-IVS-myr::smFLAG in VK00005, pJFRC51-3XUAS-IVS-Syt::smHA in su(Hw)attP1', objective: 'Plan-Apochromat 63x/1.40 Oil DIC M27', mounting protocol: 'DPX PBS Mounting', slide_code: '20160823_31_G4', age: 'Day 1-5'	expression pattern fragment
